variant,period,test,group,univ,k,timing,sig,side,hold,gross_sharpe,sharpe,ann_ret,maxdd,ann_vol,days,turnover
resid_comove_adv5M_k1_close_raw_LO_h1,dev,resid,comove,adv5M,1,close,raw,LO,1,-0.19805691163974984,-0.8215859662199905,-0.34927302107822933,-0.6649597378320712,0.4169173545765142,500,1.8574000000000002
resid_comove_adv5M_k1_close_raw_LO_h1,val,resid,comove,adv5M,1,close,raw,LO,1,-0.10188518150350784,-0.6556502761075955,-0.3042542771522938,-0.5236235557318039,0.4201718814908047,374,1.8593582887700537
resid_comove_adv5M_k1_close_raw_LO_h1,hold,resid,comove,adv5M,1,close,raw,LO,1,-0.4587163489831139,-0.9879056203733141,-0.4064977049609608,-0.5556106946808433,0.4328972804093112,312,1.858653846153846
resid_comove_adv5M_k1_close_raw_LO_h3,dev,resid,comove,adv5M,1,close,raw,LO,3,-0.16537803781025182,-0.4017482716722578,-0.19988642215359897,-0.4970893172304728,0.37787861115314536,500,0.6340666666666666
resid_comove_adv5M_k1_close_raw_LO_h3,val,resid,comove,adv5M,1,close,raw,LO,3,-0.10104360674980989,-0.31707958450645307,-0.16485667595744036,-0.4090102708940284,0.3624569998623429,374,0.6262923351158645
resid_comove_adv5M_k1_close_raw_LO_h3,hold,resid,comove,adv5M,1,close,raw,LO,3,0.05702924240446673,-0.15398880356217562,-0.11890718777482467,-0.3417727821769694,0.372596667995163,312,0.636431623931624
resid_comove_adv5M_k1_close_raw_LO_h5,dev,resid,comove,adv5M,1,close,raw,LO,5,-0.2058371184901633,-0.3520651515967185,-0.1768190793714688,-0.47875240855962076,0.36459468701429915,500,0.37867999999999996
resid_comove_adv5M_k1_close_raw_LO_h5,val,resid,comove,adv5M,1,close,raw,LO,5,0.2613255220055782,0.12999673922498217,-0.017862033446365944,-0.3717260604094452,0.3627485732160307,374,0.37957219251336893
resid_comove_adv5M_k1_close_raw_LO_h5,hold,resid,comove,adv5M,1,close,raw,LO,5,0.2902585930506005,0.1624231661906297,-0.007646632895711103,-0.28516156665845593,0.36888688990557844,312,0.3821153846153846
resid_comove_adv5M_k1_close_raw_LS_h1,dev,resid,comove,adv5M,1,close,raw,LS,1,0.24571310253042372,-1.3702826531310361,-0.22666489499673548,-0.4156524948301433,0.17616063278343702,500,1.8614000000000002
resid_comove_adv5M_k1_close_raw_LS_h1,val,resid,comove,adv5M,1,close,raw,LS,1,-0.14798053483678195,-1.475479528313017,-0.25944566821177606,-0.36132538955684823,0.1911207244626659,374,1.8545454545454543
resid_comove_adv5M_k1_close_raw_LS_h1,hold,resid,comove,adv5M,1,close,raw,LS,1,0.15885546619617433,-0.9494020282214604,-0.21110387212196835,-0.4146230254086031,0.22346243673420196,312,1.8562500000000004
resid_comove_adv5M_k1_close_raw_LS_h3,dev,resid,comove,adv5M,1,close,raw,LS,3,0.39017125776652145,-0.6936362856135517,-0.07378526775974958,-0.16906773903918548,0.10286417118095166,500,0.6328666666666668
resid_comove_adv5M_k1_close_raw_LS_h3,val,resid,comove,adv5M,1,close,raw,LS,3,-0.2671964545728544,-1.1584330918849044,-0.12670561996401042,-0.18972606447920315,0.11157012225201764,374,0.6274955436720143
resid_comove_adv5M_k1_close_raw_LS_h3,hold,resid,comove,adv5M,1,close,raw,LS,3,0.315834313708244,-0.4241932242245025,-0.061491867586230375,-0.21243314869300056,0.1298012365037906,312,0.633974358974359
resid_comove_adv5M_k1_close_raw_LS_h5,dev,resid,comove,adv5M,1,close,raw,LS,5,0.47497777600828134,-0.4374553817477369,-0.03818301897238685,-0.11480018365041778,0.08142363336774934,500,0.37842000000000003
resid_comove_adv5M_k1_close_raw_LS_h5,val,resid,comove,adv5M,1,close,raw,LS,5,0.6908521406109707,-0.02440315894457125,-0.0067232985952701,-0.08759347647659677,0.09453412754398186,374,0.380053475935829
resid_comove_adv5M_k1_close_raw_LS_h5,hold,resid,comove,adv5M,1,close,raw,LS,5,0.560763474253913,-0.016961180348255982,-0.007941341762690679,-0.1755408377950337,0.11079324801144215,312,0.38125000000000003
resid_comove_adv5M_k1_close_z_LO_h1,dev,resid,comove,adv5M,1,close,z,LO,1,0.3392423606859084,-0.4093719093670026,-0.16132211679699382,-0.4189705401198992,0.31133687871987176,470,1.9455319148936172
resid_comove_adv5M_k1_close_z_LO_h1,val,resid,comove,adv5M,1,close,z,LO,1,0.9532053380979653,0.08633523652076681,-0.01126067793844543,-0.4100547583180306,0.2626636452800835,374,1.9516042780748666
resid_comove_adv5M_k1_close_z_LO_h1,hold,resid,comove,adv5M,1,close,z,LO,1,0.47558496509147713,-0.5074611716354019,-0.13264381754734356,-0.30188454133950293,0.2288824445402635,312,1.9448717948717946
resid_comove_adv5M_k1_close_z_LO_h3,dev,resid,comove,adv5M,1,close,z,LO,3,0.2849245577402658,0.004487773521184781,-0.03719056668230791,-0.3509146710328499,0.28027426072640554,470,0.6552482269503547
resid_comove_adv5M_k1_close_z_LO_h3,val,resid,comove,adv5M,1,close,z,LO,3,0.7154902029637858,0.366173677891696,0.058152489287892406,-0.32109844395087284,0.219790320662968,374,0.6579322638146169
resid_comove_adv5M_k1_close_z_LO_h3,hold,resid,comove,adv5M,1,close,z,LO,3,0.9162524071655777,0.48620347192742025,0.07324975749208917,-0.14826548697481268,0.1777316592683321,312,0.6607905982905984
resid_comove_adv5M_k1_close_z_LO_h5,dev,resid,comove,adv5M,1,close,z,LO,5,0.4033517808512632,0.23001544675422828,0.026088994303499646,-0.2771511638028451,0.2716394872538389,470,0.3925531914893617
resid_comove_adv5M_k1_close_z_LO_h5,val,resid,comove,adv5M,1,close,z,LO,5,0.8406591501578213,0.6282974874628348,0.11946279239537816,-0.26010281700864457,0.21673614100210697,374,0.3947058823529412
resid_comove_adv5M_k1_close_z_LO_h5,hold,resid,comove,adv5M,1,close,z,LO,5,1.3029086956679654,1.0292880916913307,0.1714649435255191,-0.12411506802523153,0.16732859126052538,312,0.396025641025641
resid_comove_adv5M_k1_close_z_LS_h1,dev,resid,comove,adv5M,1,close,z,LS,1,0.5611136279518648,-1.5576643590595627,-0.17895166546670782,-0.31394917018473856,0.12177236508823132,470,1.9436170212765955
resid_comove_adv5M_k1_close_z_LS_h1,val,resid,comove,adv5M,1,close,z,LS,1,1.17737527927457,-0.9974646529139509,-0.1146228107564996,-0.23469295908003773,0.11538074659198544,374,1.9509358288770053
resid_comove_adv5M_k1_close_z_LS_h1,hold,resid,comove,adv5M,1,close,z,LS,1,0.4418181453114072,-1.3486879447282119,-0.1764207341350187,-0.36439798888926456,0.13692424900642614,312,1.9471153846153846
resid_comove_adv5M_k1_close_z_LS_h3,dev,resid,comove,adv5M,1,close,z,LS,3,0.2813499258839773,-1.086529121628405,-0.07993977843389088,-0.15010906259679768,0.07414218960593749,470,0.6551418439716313
resid_comove_adv5M_k1_close_z_LS_h3,val,resid,comove,adv5M,1,close,z,LS,3,0.9781155120912812,-0.5285797039088407,-0.036023538676186795,-0.11335751398223959,0.06537632092700517,374,0.6573083778966134
resid_comove_adv5M_k1_close_z_LS_h3,hold,resid,comove,adv5M,1,close,z,LS,3,0.8682728594912313,-0.3826015678156169,-0.031436236586208866,-0.14982693091159982,0.07596392850718192,312,0.6594017094017096
resid_comove_adv5M_k1_close_z_LS_h5,dev,resid,comove,adv5M,1,close,z,LS,5,0.665333659344974,-0.5112594249521861,-0.031164164154419693,-0.09585308233869783,0.05857298252039918,470,0.3923829787234043
resid_comove_adv5M_k1_close_z_LS_h5,val,resid,comove,adv5M,1,close,z,LS,5,1.5727511376292413,0.26696918753484017,0.012480514362066986,-0.05304885659865988,0.05138398989955697,374,0.3950534759358288
resid_comove_adv5M_k1_close_z_LS_h5,hold,resid,comove,adv5M,1,close,z,LS,5,0.7006365272513517,-0.35758672013857923,-0.023147151930312804,-0.1358680193996512,0.06040444289759773,312,0.3955128205128205
resid_comove_adv5M_k1_1545_raw_LO_h1,dev,resid,comove,adv5M,1,1545,raw,LO,1,,,,,,0,
resid_comove_adv5M_k1_1545_raw_LO_h1,val,resid,comove,adv5M,1,1545,raw,LO,1,-0.21457646380476889,-0.7783073553394658,-0.32895796702151026,-0.5493201837234942,0.40679945274297197,373,1.8412868632707773
resid_comove_adv5M_k1_1545_raw_LO_h1,hold,resid,comove,adv5M,1,1545,raw,LO,1,-0.39964234788143405,-0.9346170472077727,-0.3863840838608823,-0.5041660095640333,0.4252509035717287,312,1.8509615384615385
resid_comove_adv5M_k1_1545_raw_LO_h3,dev,resid,comove,adv5M,1,1545,raw,LO,3,,,,,,0,
resid_comove_adv5M_k1_1545_raw_LO_h3,val,resid,comove,adv5M,1,1545,raw,LO,3,-0.07019785460350669,-0.2873185989301048,-0.1524681594817865,-0.42669146197982455,0.3562378693680998,373,0.6208221626452191
resid_comove_adv5M_k1_1545_raw_LO_h3,hold,resid,comove,adv5M,1,1545,raw,LO,3,0.2883883715722752,0.07556656114539119,-0.03852969102315629,-0.3150474912477127,0.36660026888763647,312,0.6342948717948719
resid_comove_adv5M_k1_1545_raw_LO_h5,dev,resid,comove,adv5M,1,1545,raw,LO,5,,,,,,0,
resid_comove_adv5M_k1_1545_raw_LO_h5,val,resid,comove,adv5M,1,1545,raw,LO,5,0.2795321181926907,0.1475475889219308,-0.009811165756419826,-0.39259426217868665,0.3533251161386706,373,0.3738873994638069
resid_comove_adv5M_k1_1545_raw_LO_h5,hold,resid,comove,adv5M,1,1545,raw,LO,5,0.4659823277894921,0.33481903963371107,0.057654473636610026,-0.28826924136093024,0.3556406916036344,312,0.37942307692307686
resid_comove_adv5M_k1_1545_raw_LS_h1,dev,resid,comove,adv5M,1,1545,raw,LS,1,,,,,,0,
resid_comove_adv5M_k1_1545_raw_LS_h1,val,resid,comove,adv5M,1,1545,raw,LS,1,-0.6596516651915033,-1.790578299562085,-0.28180526759999125,-0.3981921760489645,0.17612297206239874,373,1.4473190348525473
resid_comove_adv5M_k1_1545_raw_LS_h1,hold,resid,comove,adv5M,1,1545,raw,LS,1,-0.3266230746182199,-1.4055664182364391,-0.27061009852949713,-0.3931640433632664,0.2088521016343001,312,1.6842948717948718
resid_comove_adv5M_k1_1545_raw_LS_h3,dev,resid,comove,adv5M,1,1545,raw,LS,3,,,,,,0,
resid_comove_adv5M_k1_1545_raw_LS_h3,val,resid,comove,adv5M,1,1545,raw,LS,3,-0.4317906906499713,-1.1432896318799812,-0.1254119416897862,-0.1890198241356238,0.1117365080396013,373,0.48941018766756034
resid_comove_adv5M_k1_1545_raw_LS_h3,hold,resid,comove,adv5M,1,1545,raw,LS,3,-0.07037835843033162,-0.758474933245418,-0.1002835764085982,-0.21884970716028962,0.12845726203335772,312,0.5754273504273504
resid_comove_adv5M_k1_1545_raw_LS_h5,dev,resid,comove,adv5M,1,1545,raw,LS,5,,,,,,0,
resid_comove_adv5M_k1_1545_raw_LS_h5,val,resid,comove,adv5M,1,1545,raw,LS,5,0.1908031822413978,-0.36743038880025397,-0.03992756833686062,-0.09888373949634877,0.09790723590994486,373,0.2952815013404826
resid_comove_adv5M_k1_1545_raw_LS_h5,hold,resid,comove,adv5M,1,1545,raw,LS,5,0.06729542410318932,-0.48804702961586965,-0.05612215318553049,-0.182663674989897,0.10672941967366428,312,0.34471153846153846
resid_comove_adv5M_k1_1545_z_LO_h1,dev,resid,comove,adv5M,1,1545,z,LO,1,,,,,,0,
resid_comove_adv5M_k1_1545_z_LO_h1,val,resid,comove,adv5M,1,1545,z,LO,1,1.055417313349657,0.1707115872706044,0.011595214840657508,-0.4034406747174626,0.253446606799455,373,1.9276139410187667
resid_comove_adv5M_k1_1545_z_LO_h1,hold,resid,comove,adv5M,1,1545,z,LO,1,0.8508531118825507,-0.10467811012396236,-0.05049107549713283,-0.2708813517958236,0.23414979101980662,312,1.9365384615384618
resid_comove_adv5M_k1_1545_z_LO_h3,dev,resid,comove,adv5M,1,1545,z,LO,3,,,,,,0,
resid_comove_adv5M_k1_1545_z_LO_h3,val,resid,comove,adv5M,1,1545,z,LO,3,0.9859626573594857,0.6287430811207543,0.11719967521234653,-0.3001313453987108,0.21164429186848396,373,0.6497765862377124
resid_comove_adv5M_k1_1545_z_LO_h3,hold,resid,comove,adv5M,1,1545,z,LO,3,1.121413309595357,0.6970125826070059,0.1146688277592347,-0.13871515310783822,0.17850236574778186,312,0.6558760683760685
resid_comove_adv5M_k1_1545_z_LO_h5,dev,resid,comove,adv5M,1,1545,z,LO,5,,,,,,0,
resid_comove_adv5M_k1_1545_z_LO_h5,val,resid,comove,adv5M,1,1545,z,LO,5,0.9830153933259653,0.7670788504657937,0.14897860015036346,-0.24751932086198125,0.20948783516944874,373,0.38890080428954427
resid_comove_adv5M_k1_1545_z_LO_h5,hold,resid,comove,adv5M,1,1545,z,LO,5,1.4633676727283498,1.1920592621519426,0.2038663737905173,-0.11764698666455786,0.16738897893318325,312,0.3934615384615384
resid_comove_adv5M_k1_1545_z_LS_h1,dev,resid,comove,adv5M,1,1545,z,LS,1,,,,,,0,
resid_comove_adv5M_k1_1545_z_LS_h1,val,resid,comove,adv5M,1,1545,z,LS,1,0.9647903043867888,-0.8189533648452963,-0.08607989108239666,-0.1962520434394971,0.10340417119655296,373,1.4191689008042896
resid_comove_adv5M_k1_1545_z_LS_h1,hold,resid,comove,adv5M,1,1545,z,LS,1,0.533183727270716,-1.148486662908599,-0.14530942645793177,-0.29567381064636544,0.12939953468482948,312,1.7213141025641023
resid_comove_adv5M_k1_1545_z_LS_h3,dev,resid,comove,adv5M,1,1545,z,LS,3,,,,,,0,
resid_comove_adv5M_k1_1545_z_LS_h3,val,resid,comove,adv5M,1,1545,z,LS,3,1.116068965265016,-0.16822693663124738,-0.011332427986367244,-0.0913400139172652,0.05783798907120359,373,0.47882037533512073
resid_comove_adv5M_k1_1545_z_LS_h3,hold,resid,comove,adv5M,1,1545,z,LS,3,0.3648922794417105,-0.8111808014382879,-0.05939613693092427,-0.14752141667296015,0.07227026701667935,312,0.5811431623931623
resid_comove_adv5M_k1_1545_z_LS_h5,dev,resid,comove,adv5M,1,1545,z,LS,5,,,,,,0,
resid_comove_adv5M_k1_1545_z_LS_h5,val,resid,comove,adv5M,1,1545,z,LS,5,1.4384973768085758,0.3331398838997761,0.014570631650261179,-0.047408500825484645,0.04668323058736608,373,0.28731903485254695
resid_comove_adv5M_k1_1545_z_LS_h5,hold,resid,comove,adv5M,1,1545,z,LS,5,0.31398209974410196,-0.698652440213713,-0.040546432442252534,-0.1271628207370331,0.056928022072245496,312,0.34833333333333333
resid_comove_adv5M_k3_close_raw_LO_h1,dev,resid,comove,adv5M,3,close,raw,LO,1,0.1062227738604866,-0.2611436227798977,-0.18693864506221758,-0.5561164296973915,0.4340187623954569,498,1.1349397590361447
resid_comove_adv5M_k3_close_raw_LO_h1,val,resid,comove,adv5M,3,close,raw,LO,1,-0.12314067219189084,-0.4610993666645697,-0.23838671272431544,-0.5300260475002125,0.40925004922735725,374,1.1149732620320856
resid_comove_adv5M_k3_close_raw_LO_h1,hold,resid,comove,adv5M,3,close,raw,LO,1,0.1306579841969008,-0.2027489204323299,-0.16044380084845777,-0.3619983102245854,0.4235973018247001,312,1.1516025641025642
resid_comove_adv5M_k3_close_raw_LO_h3,dev,resid,comove,adv5M,3,close,raw,LO,3,-0.026224642628226207,-0.2456911682003852,-0.16668048424047976,-0.5078519506621832,0.407095187221987,498,0.6258366800535475
resid_comove_adv5M_k3_close_raw_LO_h3,val,resid,comove,adv5M,3,close,raw,LO,3,0.3057636432474816,0.10960556532476447,-0.03511955761485497,-0.32217351955386875,0.40225178063667294,374,0.632620320855615
resid_comove_adv5M_k3_close_raw_LO_h3,hold,resid,comove,adv5M,3,close,raw,LO,3,0.32066197082241066,0.12496237252811547,-0.028127119833225578,-0.2870032839735762,0.397518111764947,312,0.6300213675213677
resid_comove_adv5M_k3_close_raw_LO_h5,dev,resid,comove,adv5M,3,close,raw,LO,5,-0.28902559424318897,-0.426855312335812,-0.21522457439628795,-0.560301690377542,0.39024779957422484,498,0.37694779116465865
resid_comove_adv5M_k3_close_raw_LO_h5,val,resid,comove,adv5M,3,close,raw,LO,5,0.3411033534558083,0.21479037166174056,0.010327961045316636,-0.3177459749217957,0.37910973787902835,374,0.38245989304812833
resid_comove_adv5M_k3_close_raw_LO_h5,hold,resid,comove,adv5M,3,close,raw,LO,5,0.3348240385466718,0.20730517485857966,0.008728922512402093,-0.25640251584200624,0.37064430242149876,312,0.38211538461538463
resid_comove_adv5M_k3_close_raw_LS_h1,dev,resid,comove,adv5M,3,close,raw,LS,1,0.8278085596521109,-0.22873675360817664,-0.05315402450192541,-0.2048985085414895,0.17319205157372056,498,1.126004016064257
resid_comove_adv5M_k3_close_raw_LS_h1,val,resid,comove,adv5M,3,close,raw,LS,1,-0.5174013562846338,-1.3412723721441069,-0.24249820803733257,-0.34326486319798755,0.19309008359018723,374,1.0848930481283423
resid_comove_adv5M_k3_close_raw_LS_h1,hold,resid,comove,adv5M,3,close,raw,LS,1,-0.04192898569787811,-0.7703695219969622,-0.17418954493999972,-0.33994607493696716,0.21771955282896024,312,1.123076923076923
resid_comove_adv5M_k3_close_raw_LS_h3,dev,resid,comove,adv5M,3,close,raw,LS,3,0.9602601201655023,0.13975165969380782,0.009826337563356047,-0.1424713095445358,0.1389223705990116,498,0.6262048192771086
resid_comove_adv5M_k3_close_raw_LS_h3,val,resid,comove,adv5M,3,close,raw,LS,3,0.7558367926409564,0.1370932025448689,0.009215786194556319,-0.15875191934556054,0.16571772994345452,374,0.6289661319073084
resid_comove_adv5M_k3_close_raw_LS_h3,hold,resid,comove,adv5M,3,close,raw,LS,3,0.19631016181906968,-0.354659563308632,-0.0759737739607832,-0.27529176760829976,0.17822166837685505,312,0.6279380341880343
resid_comove_adv5M_k3_close_raw_LS_h5,dev,resid,comove,adv5M,3,close,raw,LS,5,0.5250740316211986,-0.13032209419346893,-0.022088901098661795,-0.11422966941163237,0.11801812365593317,498,0.37718875502008026
resid_comove_adv5M_k3_close_raw_LS_h5,val,resid,comove,adv5M,3,close,raw,LS,5,0.5467590010840363,0.021930417062633628,-0.005954022060135733,-0.13740668736934858,0.13409511450284498,374,0.3795989304812834
resid_comove_adv5M_k3_close_raw_LS_h5,hold,resid,comove,adv5M,3,close,raw,LS,5,0.06639796863746185,-0.39737510470761583,-0.06517585975498041,-0.204246369925002,0.14370501513630615,312,0.3799358974358974
resid_comove_adv5M_k3_close_z_LO_h1,dev,resid,comove,adv5M,3,close,z,LO,1,0.8454788445078026,0.3644598929960416,0.06820803383911223,-0.3481136525023507,0.3246972228082705,470,1.295531914893617
resid_comove_adv5M_k3_close_z_LO_h1,val,resid,comove,adv5M,3,close,z,LO,1,0.4105893127825489,-0.1790977348880383,-0.07452331527869516,-0.4197945845031965,0.25392487878117936,374,1.2807486631016045
resid_comove_adv5M_k3_close_z_LO_h1,hold,resid,comove,adv5M,3,close,z,LO,1,0.6002576762048808,-0.10112845807409906,-0.044807524274716126,-0.22032414178641035,0.21837984381733033,312,1.3195512820512822
resid_comove_adv5M_k3_close_z_LO_h3,dev,resid,comove,adv5M,3,close,z,LO,3,0.6276650298188272,0.36910267373672334,0.06863721965665714,-0.3091055423234772,0.3056937916112094,470,0.6520567375886526
resid_comove_adv5M_k3_close_z_LO_h3,val,resid,comove,adv5M,3,close,z,LO,3,0.7206707227041074,0.404856492432361,0.07213727738222775,-0.24906665700732966,0.24553773759203623,374,0.6573083778966134
resid_comove_adv5M_k3_close_z_LO_h3,hold,resid,comove,adv5M,3,close,z,LO,3,1.429720170226519,1.0202039240558807,0.18951106702772602,-0.12921942879851356,0.187265391424887,312,0.6574786324786326
resid_comove_adv5M_k3_close_z_LO_h5,dev,resid,comove,adv5M,3,close,z,LO,5,0.4670898396735321,0.3028199274622119,0.04708174452200997,-0.28155027331493154,0.2897749399905245,470,0.39268085106382977
resid_comove_adv5M_k3_close_z_LO_h5,val,resid,comove,adv5M,3,close,z,LO,5,0.6961364316910172,0.4991007994598789,0.09469640192762507,-0.2539324772589292,0.23693666928002474,374,0.39609625668449194
resid_comove_adv5M_k3_close_z_LO_h5,hold,resid,comove,adv5M,3,close,z,LO,5,1.5959797476504824,1.33917175882595,0.25195049583750806,-0.10596916377756638,0.17988557932180338,312,0.39628205128205124
resid_comove_adv5M_k3_close_z_LS_h1,dev,resid,comove,adv5M,3,close,z,LS,1,1.0875104423875264,-0.36620600603380193,-0.052105359030140574,-0.15255959912192407,0.12490212177082291,470,1.3032978723404254
resid_comove_adv5M_k3_close_z_LS_h1,val,resid,comove,adv5M,3,close,z,LS,1,0.2648351558062187,-1.289897026262645,-0.1393159149776929,-0.2753168079499616,0.11146909436960871,374,1.2795454545454548
resid_comove_adv5M_k3_close_z_LS_h1,hold,resid,comove,adv5M,3,close,z,LS,1,0.7825366083198906,-0.5346899900908013,-0.0761138206220423,-0.1865437800836749,0.1318386950612536,312,1.3157051282051282
resid_comove_adv5M_k3_close_z_LS_h3,dev,resid,comove,adv5M,3,close,z,LS,3,1.076302063642771,0.029002046569363255,-0.0019665583066541537,-0.09548811769584797,0.0983642919186593,470,0.6540070921985818
resid_comove_adv5M_k3_close_z_LS_h3,val,resid,comove,adv5M,3,close,z,LS,3,1.129045426778646,0.08227715180447363,0.0033438426830467716,-0.1552031142140572,0.0962306913000268,374,0.6573083778966134
resid_comove_adv5M_k3_close_z_LS_h3,hold,resid,comove,adv5M,3,close,z,LS,3,1.0523730365888333,0.02616276645910011,-0.0019873084706913957,-0.12339672713414485,0.09468299615192892,312,0.657104700854701
resid_comove_adv5M_k3_close_z_LS_h5,dev,resid,comove,adv5M,3,close,z,LS,5,0.8055111270828471,-0.07229242879155144,-0.00900551123735438,-0.08496730542302133,0.08048268976237644,470,0.3932127659574468
resid_comove_adv5M_k3_close_z_LS_h5,val,resid,comove,adv5M,3,close,z,LS,5,1.1920103750980764,0.30898119868904694,0.02138865001954171,-0.08941887188197672,0.07834601487881139,374,0.39604278074866306
resid_comove_adv5M_k3_close_z_LS_h5,hold,resid,comove,adv5M,3,close,z,LS,5,0.7325510924757282,-0.06673754223905311,-0.008873028666319449,-0.09739542174722249,0.08258948842174443,312,0.3954166666666667
resid_comove_adv5M_k3_1545_raw_LO_h1,dev,resid,comove,adv5M,3,1545,raw,LO,1,,,,,,0,
resid_comove_adv5M_k3_1545_raw_LO_h1,val,resid,comove,adv5M,3,1545,raw,LO,1,-0.10185671812850594,-0.43735264910780086,-0.23270771549727132,-0.5652022110504675,0.41220138877445905,373,1.1211796246648795
resid_comove_adv5M_k3_1545_raw_LO_h1,hold,resid,comove,adv5M,3,1545,raw,LO,1,0.17068780125515123,-0.17731572600869502,-0.14520198004774487,-0.29156518919010854,0.41091914459947343,312,1.1743589743589744
resid_comove_adv5M_k3_1545_raw_LO_h3,dev,resid,comove,adv5M,3,1545,raw,LO,3,,,,,,0,
resid_comove_adv5M_k3_1545_raw_LO_h3,val,resid,comove,adv5M,3,1545,raw,LO,3,0.26374959835518874,0.06905495338017795,-0.04928661993058159,-0.3560852233009594,0.39786433591391557,373,0.623413762287757
resid_comove_adv5M_k3_1545_raw_LO_h3,hold,resid,comove,adv5M,3,1545,raw,LO,3,0.5466266260300674,0.34113007142555674,0.0597541782178852,-0.28461549322958046,0.375411669646196,312,0.6295940170940171
resid_comove_adv5M_k3_1545_raw_LO_h5,dev,resid,comove,adv5M,3,1545,raw,LO,5,,,,,,0,
resid_comove_adv5M_k3_1545_raw_LO_h5,val,resid,comove,adv5M,3,1545,raw,LO,5,0.44361097980408093,0.3173471974429767,0.050856184458092146,-0.30350767607958984,0.3717625741265083,373,0.3771045576407507
resid_comove_adv5M_k3_1545_raw_LO_h5,hold,resid,comove,adv5M,3,1545,raw,LO,5,0.5542663109026937,0.422667147095115,0.09136688963027972,-0.2574408502918746,0.35542234854655214,312,0.3809615384615384
resid_comove_adv5M_k3_1545_raw_LS_h1,dev,resid,comove,adv5M,3,1545,raw,LS,1,,,,,,0,
resid_comove_adv5M_k3_1545_raw_LS_h1,val,resid,comove,adv5M,3,1545,raw,LS,1,-0.8739597854832073,-1.600429301933717,-0.2652676645075316,-0.39994743363306606,0.1821452187633261,373,0.9017426273458445
resid_comove_adv5M_k3_1545_raw_LS_h1,hold,resid,comove,adv5M,3,1545,raw,LS,1,-0.06254124688558999,-0.7650937322639079,-0.16797034503807218,-0.2857844548630879,0.21121067114067518,312,1.0509615384615385
resid_comove_adv5M_k3_1545_raw_LS_h3,dev,resid,comove,adv5M,3,1545,raw,LS,3,,,,,,0,
resid_comove_adv5M_k3_1545_raw_LS_h3,val,resid,comove,adv5M,3,1545,raw,LS,3,0.19676608552938382,-0.3501966960747328,-0.06306210351928654,-0.2203287143720648,0.1529942446040808,373,0.5061662198391421
resid_comove_adv5M_k3_1545_raw_LS_h3,hold,resid,comove,adv5M,3,1545,raw,LS,3,0.36370054750325026,-0.18169959120343238,-0.042938125028065155,-0.22782604153832986,0.16604788872302234,312,0.5749465811965813
resid_comove_adv5M_k3_1545_raw_LS_h5,dev,resid,comove,adv5M,3,1545,raw,LS,5,,,,,,0,
resid_comove_adv5M_k3_1545_raw_LS_h5,val,resid,comove,adv5M,3,1545,raw,LS,5,0.1845907421526484,-0.2784928562184072,-0.041715786700085355,-0.1709366280214092,0.12514177947209645,373,0.30581769436997325
resid_comove_adv5M_k3_1545_raw_LS_h5,hold,resid,comove,adv5M,3,1545,raw,LS,5,0.2222323732287261,-0.23782350188234877,-0.04013820718607952,-0.18658403924909472,0.13441238480355844,312,0.3470833333333334
resid_comove_adv5M_k3_1545_z_LO_h1,dev,resid,comove,adv5M,3,1545,z,LO,1,,,,,,0,
resid_comove_adv5M_k3_1545_z_LO_h1,val,resid,comove,adv5M,3,1545,z,LO,1,0.3496848328481663,-0.25978167348470316,-0.08902532271923813,-0.4133278536796151,0.24470885983674304,373,1.2788203753351206
resid_comove_adv5M_k3_1545_z_LO_h1,hold,resid,comove,adv5M,3,1545,z,LO,1,0.948721096279258,0.24324124250407114,0.02991387306669613,-0.20418457255594868,0.22071504631539354,312,1.3432692307692309
resid_comove_adv5M_k3_1545_z_LO_h3,dev,resid,comove,adv5M,3,1545,z,LO,3,,,,,,0,
resid_comove_adv5M_k3_1545_z_LO_h3,val,resid,comove,adv5M,3,1545,z,LO,3,0.6279174154653783,0.3055046816892011,0.04568292186452805,-0.2675779441268943,0.2365947741480656,373,0.6476318141197499
resid_comove_adv5M_k3_1545_z_LO_h3,hold,resid,comove,adv5M,3,1545,z,LO,3,1.5981353195854162,1.1969051897082805,0.2325125575261291,-0.12342112962726737,0.18967732298689524,312,0.6536324786324789
resid_comove_adv5M_k3_1545_z_LO_h5,dev,resid,comove,adv5M,3,1545,z,LO,5,,,,,,0,
resid_comove_adv5M_k3_1545_z_LO_h5,val,resid,comove,adv5M,3,1545,z,LO,5,0.6810441873261504,0.4778379147067232,0.08616226331758425,-0.2538253628995485,0.2257077224834164,373,0.3897050938337802
resid_comove_adv5M_k3_1545_z_LO_h5,hold,resid,comove,adv5M,3,1545,z,LO,5,1.7013301615425835,1.4456288649154876,0.27472480992898163,-0.10124923582721923,0.1790139884529115,312,0.3934615384615384
resid_comove_adv5M_k3_1545_z_LS_h1,dev,resid,comove,adv5M,3,1545,z,LS,1,,,,,,0,
resid_comove_adv5M_k3_1545_z_LS_h1,val,resid,comove,adv5M,3,1545,z,LS,1,0.09104227651138556,-1.3300435705738736,-0.12684649102675982,-0.2604637208523467,0.09833293273154088,373,1.0207774798927614
resid_comove_adv5M_k3_1545_z_LS_h1,hold,resid,comove,adv5M,3,1545,z,LS,1,0.8417248341007434,-0.45893294428044096,-0.06255840797245771,-0.16507983152400874,0.12405054502222895,312,1.2195512820512822
resid_comove_adv5M_k3_1545_z_LS_h3,dev,resid,comove,adv5M,3,1545,z,LS,3,,,,,,0,
resid_comove_adv5M_k3_1545_z_LS_h3,val,resid,comove,adv5M,3,1545,z,LS,3,0.9169498851296997,-0.07441641813354742,-0.009112494791979842,-0.13776142746121345,0.08017316087778761,373,0.5045129579982127
resid_comove_adv5M_k3_1545_z_LS_h3,hold,resid,comove,adv5M,3,1545,z,LS,3,1.0182125023964839,0.03263820013369991,-0.0010958365495650213,-0.11904416921994965,0.0900492122034762,312,0.5938034188034188
resid_comove_adv5M_k3_1545_z_LS_h5,dev,resid,comove,adv5M,3,1545,z,LS,5,,,,,,0,
resid_comove_adv5M_k3_1545_z_LS_h5,val,resid,comove,adv5M,3,1545,z,LS,5,0.940098396865903,0.07425847681463485,0.002720221868633521,-0.0920155033672192,0.06399281699118006,373,0.3039946380697051
resid_comove_adv5M_k3_1545_z_LS_h5,hold,resid,comove,adv5M,3,1545,z,LS,5,0.6226567595750299,-0.16196304178870605,-0.0154012207715305,-0.10090792242582625,0.07739694707580647,312,0.3575320512820513
resid_comove_adv5M_k5_close_raw_LO_h1,dev,resid,comove,adv5M,5,close,raw,LO,1,-0.03904297839639053,-0.3219293582415123,-0.21080031451839576,-0.5681081244729294,0.43837018095604374,496,0.8808467741935483
resid_comove_adv5M_k5_close_raw_LO_h1,val,resid,comove,adv5M,5,close,raw,LO,1,0.6736825586581253,0.42155701363031867,0.09424576463205248,-0.302608326393929,0.44156411421556274,374,0.9
resid_comove_adv5M_k5_close_raw_LO_h1,hold,resid,comove,adv5M,5,close,raw,LO,1,0.5202834098621348,0.26085527349913135,0.021293207170318906,-0.35890677528509507,0.4279944407292964,312,0.9092948717948719
resid_comove_adv5M_k5_close_raw_LO_h3,dev,resid,comove,adv5M,5,close,raw,LO,3,-0.2934692547445886,-0.46825728179425824,-0.24379022463465538,-0.5903901489451064,0.4143801693832209,496,0.5088709677419355
resid_comove_adv5M_k5_close_raw_LO_h3,val,resid,comove,adv5M,5,close,raw,LO,3,0.5228224779541889,0.3636317549922429,0.06880077850756039,-0.3031802843680339,0.40358963093689704,374,0.5164884135472372
resid_comove_adv5M_k5_close_raw_LO_h3,hold,resid,comove,adv5M,5,close,raw,LO,3,0.2916329918684967,0.12435305034759433,-0.02477100772181795,-0.23714527973726895,0.3827454713212752,312,0.5201923076923077
resid_comove_adv5M_k5_close_raw_LO_h5,dev,resid,comove,adv5M,5,close,raw,LO,5,-0.48743603587172796,-0.6213716962273916,-0.2801814936290742,-0.6191768163567598,0.40042384390197705,496,0.3745967741935484
resid_comove_adv5M_k5_close_raw_LO_h5,val,resid,comove,adv5M,5,close,raw,LO,5,0.3836190253394712,0.25771241648765275,0.026777340877253808,-0.2952143062088707,0.38177205146259846,374,0.38465240641711224
resid_comove_adv5M_k5_close_raw_LO_h5,hold,resid,comove,adv5M,5,close,raw,LO,5,0.3942027221244695,0.2622621850823305,0.030685979782427042,-0.2247133262628671,0.35853955424734846,312,0.38294871794871793
resid_comove_adv5M_k5_close_raw_LS_h1,dev,resid,comove,adv5M,5,close,raw,LS,1,0.6042965513048805,-0.244058520727329,-0.05600410007470613,-0.24614794568355913,0.1741147187613818,496,0.8762096774193548
resid_comove_adv5M_k5_close_raw_LS_h1,val,resid,comove,adv5M,5,close,raw,LS,1,0.9719629156953953,0.3238415098756825,0.0461208114023437,-0.18420206705271358,0.20065927152920124,374,0.8518716577540107
resid_comove_adv5M_k5_close_raw_LS_h1,hold,resid,comove,adv5M,5,close,raw,LS,1,0.711832343845018,0.12429359973696812,0.0034178554959138907,-0.3318834224021304,0.21892512980440298,312,0.8778846153846155
resid_comove_adv5M_k5_close_raw_LS_h3,dev,resid,comove,adv5M,5,close,raw,LS,3,0.6949556379600329,0.0591472815416842,-0.0025566093414718383,-0.15687665284916608,0.152184320271568,496,0.5078293010752689
resid_comove_adv5M_k5_close_raw_LS_h3,val,resid,comove,adv5M,5,close,raw,LS,3,0.6876007084074167,0.1877476172577729,0.01784628260045862,-0.1995183726098153,0.17372472854228183,374,0.5032085561497326
resid_comove_adv5M_k5_close_raw_LS_h3,hold,resid,comove,adv5M,5,close,raw,LS,3,0.307650392087789,-0.16102097583429165,-0.043955757830486775,-0.21107695674951465,0.17948777177291816,312,0.510897435897436
resid_comove_adv5M_k5_close_raw_LS_h5,dev,resid,comove,adv5M,5,close,raw,LS,5,0.3734801926747111,-0.20900673187653865,-0.036171310174458626,-0.12854897834865653,0.13363982522370188,496,0.37594758064516137
resid_comove_adv5M_k5_close_raw_LS_h5,val,resid,comove,adv5M,5,close,raw,LS,5,0.45641843547794025,-0.009419695059228284,-0.012836965059013994,-0.19268807854715575,0.15205704454257765,374,0.3787967914438503
resid_comove_adv5M_k5_close_raw_LS_h5,hold,resid,comove,adv5M,5,close,raw,LS,5,0.14807038652860458,-0.29355658981663596,-0.05503077931516187,-0.18795954152906313,0.15302032922110567,312,0.3801602564102564
resid_comove_adv5M_k5_close_z_LO_h1,dev,resid,comove,adv5M,5,close,z,LO,1,0.6446686266675241,0.25083007167774646,0.028688220870830117,-0.3194009853535803,0.3344114041689288,470,1.0934042553191492
resid_comove_adv5M_k5_close_z_LO_h1,val,resid,comove,adv5M,5,close,z,LO,1,0.8642316408356773,0.38951662745469734,0.0715665319906218,-0.25957634406847896,0.2687541601139769,374,1.088235294117647
resid_comove_adv5M_k5_close_z_LO_h1,hold,resid,comove,adv5M,5,close,z,LO,1,1.4655139822067151,0.8962614508065871,0.19215214741286424,-0.2125396549537284,0.22399785816544174,312,1.0990384615384616
resid_comove_adv5M_k5_close_z_LO_h3,dev,resid,comove,adv5M,5,close,z,LO,3,0.5033629477865809,0.28979000093610924,0.04283694299075047,-0.29358790395154377,0.31461826820952155,470,0.5537588652482269
resid_comove_adv5M_k5_close_z_LO_h3,val,resid,comove,adv5M,5,close,z,LO,3,0.6880796023023528,0.4295014193703405,0.0801248494130089,-0.24706159496468205,0.252729911527669,374,0.5551693404634581
resid_comove_adv5M_k5_close_z_LO_h3,hold,resid,comove,adv5M,5,close,z,LO,3,1.7982476408447323,1.476507456530083,0.3211680239257175,-0.1347573901241529,0.2025204471625346,312,0.5601495726495725
resid_comove_adv5M_k5_close_z_LO_h5,dev,resid,comove,adv5M,5,close,z,LO,5,0.44880217601819017,0.2903385670178361,0.04324386913256539,-0.26951056239768256,0.30011844313119884,470,0.3914893617021277
resid_comove_adv5M_k5_close_z_LO_h5,val,resid,comove,adv5M,5,close,z,LO,5,0.5549768220497644,0.36281043455869405,0.06076852443866043,-0.257481324444479,0.24287211657757796,374,0.39534759358288774
resid_comove_adv5M_k5_close_z_LO_h5,hold,resid,comove,adv5M,5,close,z,LO,5,1.8012034519558222,1.5581074478452757,0.3193423208270567,-0.11544267776911443,0.1894083273823003,312,0.39538461538461533
resid_comove_adv5M_k5_close_z_LS_h1,dev,resid,comove,adv5M,5,close,z,LS,1,1.2539707299600256,0.029251900756528233,-0.004365466392004302,-0.12875206398156458,0.12766951886544448,470,1.0969148936170214
resid_comove_adv5M_k5_close_z_LS_h1,val,resid,comove,adv5M,5,close,z,LS,1,1.177562584455448,-0.1363934363404908,-0.021793928882475333,-0.20801116240306505,0.11412802610010572,374,1.079144385026738
resid_comove_adv5M_k5_close_z_LS_h1,hold,resid,comove,adv5M,5,close,z,LS,1,0.9574926835657874,-0.15636656826761494,-0.029694948355814432,-0.24592384748219898,0.1348398654280459,312,1.1129807692307692
resid_comove_adv5M_k5_close_z_LS_h3,dev,resid,comove,adv5M,5,close,z,LS,3,1.0033688498390279,0.13124464848615655,0.008312649774924408,-0.08567945259465326,0.1048276545463393,470,0.5586170212765956
resid_comove_adv5M_k5_close_z_LS_h3,val,resid,comove,adv5M,5,close,z,LS,3,1.3565991744427786,0.4588621941389208,0.0411642610896803,-0.11007895835130665,0.09837459801013998,374,0.5571746880570411
resid_comove_adv5M_k5_close_z_LS_h3,hold,resid,comove,adv5M,5,close,z,LS,3,0.7484112435190753,0.009217392124587437,-0.005606262973739007,-0.16891077807214094,0.11589436510638873,312,0.5601495726495725
resid_comove_adv5M_k5_close_z_LS_h5,dev,resid,comove,adv5M,5,close,z,LS,5,0.727110999358292,-0.04382163929697054,-0.008226259591733953,-0.09445640705714109,0.0920684231161152,470,0.3929148936170213
resid_comove_adv5M_k5_close_z_LS_h5,val,resid,comove,adv5M,5,close,z,LS,5,1.1919962395071853,0.3800031229483185,0.029099890616899327,-0.06674504520266855,0.084910515747948,374,0.39572192513368987
resid_comove_adv5M_k5_close_z_LS_h5,hold,resid,comove,adv5M,5,close,z,LS,5,0.4982078004448112,-0.1475476236341536,-0.020105446252599024,-0.16020028581904922,0.10231482381187788,312,0.39467948717948714
resid_comove_adv5M_k5_1545_raw_LO_h1,dev,resid,comove,adv5M,5,1545,raw,LO,1,,,,,,0,
resid_comove_adv5M_k5_1545_raw_LO_h1,val,resid,comove,adv5M,5,1545,raw,LO,1,0.8171960661231077,0.5571875651650806,0.16096120934797353,-0.29146696942776806,0.43527798555414166,373,0.9184986595174264
resid_comove_adv5M_k5_1545_raw_LO_h1,hold,resid,comove,adv5M,5,1545,raw,LO,1,0.4137438897244233,0.1298675246576279,-0.02822642673236697,-0.33925639089532,0.4046339669311206,312,0.9461538461538463
resid_comove_adv5M_k5_1545_raw_LO_h3,dev,resid,comove,adv5M,5,1545,raw,LO,3,,,,,,0,
resid_comove_adv5M_k5_1545_raw_LO_h3,val,resid,comove,adv5M,5,1545,raw,LO,3,0.5838990911180506,0.4239781570162327,0.09484493535333738,-0.30984086965202495,0.39630610358048224,373,0.5126899016979446
resid_comove_adv5M_k5_1545_raw_LO_h3,hold,resid,comove,adv5M,5,1545,raw,LO,3,0.34458321458250774,0.16553091831492325,-0.00467917188492839,-0.24427827505209188,0.35891624611388445,312,0.5254273504273504
resid_comove_adv5M_k5_1545_raw_LO_h5,dev,resid,comove,adv5M,5,1545,raw,LO,5,,,,,,0,
resid_comove_adv5M_k5_1545_raw_LO_h5,val,resid,comove,adv5M,5,1545,raw,LO,5,0.4542041980638019,0.32836680362838416,0.055174700919102815,-0.30134044584617947,0.3731555727511293,373,0.3785522788203753
resid_comove_adv5M_k5_1545_raw_LO_h5,hold,resid,comove,adv5M,5,1545,raw,LO,5,0.43019646758186336,0.291897513910143,0.042675084780906314,-0.22821386390408416,0.338726436420548,312,0.382051282051282
resid_comove_adv5M_k5_1545_raw_LS_h1,dev,resid,comove,adv5M,5,1545,raw,LS,1,,,,,,0,
resid_comove_adv5M_k5_1545_raw_LS_h1,val,resid,comove,adv5M,5,1545,raw,LS,1,0.8020479850731629,0.185212722413965,0.01751759282685872,-0.20632833980035825,0.1834010868942949,373,0.744235924932976
resid_comove_adv5M_k5_1545_raw_LS_h1,hold,resid,comove,adv5M,5,1545,raw,LS,1,0.19575302361019709,-0.3999167455675663,-0.09949677485699349,-0.33520910478555677,0.2081511894956844,312,0.8487179487179487
resid_comove_adv5M_k5_1545_raw_LS_h3,dev,resid,comove,adv5M,5,1545,raw,LS,3,,,,,,0,
resid_comove_adv5M_k5_1545_raw_LS_h3,val,resid,comove,adv5M,5,1545,raw,LS,3,0.40154730034076636,-0.06156647372093727,-0.021982023061610234,-0.2101348140840652,0.15874311443495884,373,0.42399463806970517
resid_comove_adv5M_k5_1545_raw_LS_h3,hold,resid,comove,adv5M,5,1545,raw,LS,3,-0.0915296980074091,-0.5644316226615566,-0.1031468973666082,-0.24700013830669643,0.16791510581700755,312,0.4797542735042735
resid_comove_adv5M_k5_1545_raw_LS_h5,dev,resid,comove,adv5M,5,1545,raw,LS,5,,,,,,0,
resid_comove_adv5M_k5_1545_raw_LS_h5,val,resid,comove,adv5M,5,1545,raw,LS,5,0.1306285420706056,-0.299314427934302,-0.04973729500224522,-0.1968544915600493,0.13859625440778553,373,0.31493297587131375
resid_comove_adv5M_k5_1545_raw_LS_h5,hold,resid,comove,adv5M,5,1545,raw,LS,5,-0.2278131819773998,-0.6769770713550681,-0.10039981705289303,-0.22531256544610778,0.141505252689747,312,0.35349358974358974
resid_comove_adv5M_k5_1545_z_LO_h1,dev,resid,comove,adv5M,5,1545,z,LO,1,,,,,,0,
resid_comove_adv5M_k5_1545_z_LO_h1,val,resid,comove,adv5M,5,1545,z,LO,1,0.816441154584514,0.33588687335564965,0.05642139789513845,-0.29140106455982784,0.2686848208798105,373,1.1064343163538874
resid_comove_adv5M_k5_1545_z_LO_h1,hold,resid,comove,adv5M,5,1545,z,LO,1,1.648300952625495,1.060452937507783,0.23408834701079484,-0.17736035014569096,0.22139195436421719,312,1.1227564102564105
resid_comove_adv5M_k5_1545_z_LO_h3,dev,resid,comove,adv5M,5,1545,z,LO,3,,,,,,0,
resid_comove_adv5M_k5_1545_z_LO_h3,val,resid,comove,adv5M,5,1545,z,LO,3,0.5467849821374277,0.2842927491722256,0.040980729600630816,-0.27307119391212087,0.24522740326194215,373,0.5485254691689009
resid_comove_adv5M_k5_1545_z_LO_h3,hold,resid,comove,adv5M,5,1545,z,LO,3,1.9002081066988985,1.5705318336172966,0.33706653304516787,-0.12401030361988585,0.1973852395285691,312,0.5605769230769232
resid_comove_adv5M_k5_1545_z_LO_h5,dev,resid,comove,adv5M,5,1545,z,LO,5,,,,,,0,
resid_comove_adv5M_k5_1545_z_LO_h5,val,resid,comove,adv5M,5,1545,z,LO,5,0.46405948866284746,0.26945325491090066,0.03674777611144742,-0.2604971799438053,0.23487594322915806,373,0.3882573726541555
resid_comove_adv5M_k5_1545_z_LO_h5,hold,resid,comove,adv5M,5,1545,z,LO,5,1.769414208497663,1.5226290452645077,0.3029630095575715,-0.11098255052023998,0.18508281268437685,312,0.39326923076923076
resid_comove_adv5M_k5_1545_z_LS_h1,dev,resid,comove,adv5M,5,1545,z,LS,1,,,,,,0,
resid_comove_adv5M_k5_1545_z_LS_h1,val,resid,comove,adv5M,5,1545,z,LS,1,1.0230701024611955,-0.165296964532869,-0.022831847289784157,-0.16609480826709178,0.1060673215907572,373,0.904289544235925
resid_comove_adv5M_k5_1545_z_LS_h1,hold,resid,comove,adv5M,5,1545,z,LS,1,1.0915212062101198,-0.04532193769640863,-0.013267895007494812,-0.19938299699212014,0.12444357534007071,312,1.0474358974358975
resid_comove_adv5M_k5_1545_z_LS_h3,dev,resid,comove,adv5M,5,1545,z,LS,3,,,,,,0,
resid_comove_adv5M_k5_1545_z_LS_h3,val,resid,comove,adv5M,5,1545,z,LS,3,0.8401986094000893,0.003441427937441275,-0.003308566710751415,-0.12581810170630103,0.08538429667762275,373,0.4394995531724754
resid_comove_adv5M_k5_1545_z_LS_h3,hold,resid,comove,adv5M,5,1545,z,LS,3,0.7756762027905822,0.020643040343169446,-0.003361847383889005,-0.14221857502152258,0.10550104960238399,312,0.5160790598290599
resid_comove_adv5M_k5_1545_z_LS_h5,dev,resid,comove,adv5M,5,1545,z,LS,5,,,,,,0,
resid_comove_adv5M_k5_1545_z_LS_h5,val,resid,comove,adv5M,5,1545,z,LS,5,0.4908848116468136,-0.2833596623145545,-0.022753420836315486,-0.1113829290452738,0.07210640850701695,373,0.30852546916890083
resid_comove_adv5M_k5_1545_z_LS_h5,hold,resid,comove,adv5M,5,1545,z,LS,5,0.24933430178575275,-0.41179213936580816,-0.04157183976018697,-0.15383025332402167,0.0927069455498005,312,0.36
resid_industry_adv5M_k1_close_raw_LO_h1,dev,resid,industry,adv5M,1,close,raw,LO,1,-0.22047342929304314,-0.7826871219232568,-0.43429924945408205,-0.9241945472531276,0.5396570898492102,1006,1.8340954274353876
resid_industry_adv5M_k1_close_raw_LO_h1,val,resid,industry,adv5M,1,close,raw,LO,1,0.05954246456048786,-0.47352541613039784,-0.2634488676995852,-0.5059266537342881,0.44200570414224527,374,1.854812834224599
resid_industry_adv5M_k1_close_raw_LO_h1,hold,resid,industry,adv5M,1,close,raw,LO,1,-1.0039975043774603,-1.4864826157837943,-0.5686005831045575,-0.6826360099448054,0.4854290593148222,312,1.8496794871794873
resid_industry_adv5M_k1_close_raw_LO_h3,dev,resid,industry,adv5M,1,close,raw,LO,3,-0.11705689269753479,-0.33066100292154554,-0.2408777599967291,-0.8630038281966694,0.48308967198183655,1006,0.6247846255798541
resid_industry_adv5M_k1_close_raw_LO_h3,val,resid,industry,adv5M,1,close,raw,LO,3,0.15221341327629698,-0.055027160859256394,-0.08986013389779013,-0.40216548589357326,0.3833814195651067,374,0.6258467023172906
resid_industry_adv5M_k1_close_raw_LO_h3,hold,resid,industry,adv5M,1,close,raw,LO,3,-0.617393112457446,-0.8070675297345187,-0.3466771933274969,-0.49147947093762556,0.41899060790451537,312,0.6271367521367522
resid_industry_adv5M_k1_close_raw_LO_h5,dev,resid,industry,adv5M,1,close,raw,LO,5,-0.10483653094458414,-0.24157238975687859,-0.19466731279156102,-0.8295868877890082,0.45990002757244913,1006,0.3775347912524851
resid_industry_adv5M_k1_close_raw_LO_h5,val,resid,industry,adv5M,1,close,raw,LO,5,0.3023731529998829,0.17514040770095718,-0.005144551766309902,-0.38994317363766695,0.3800245889540105,374,0.37839572192513365
resid_industry_adv5M_k1_close_raw_LO_h5,hold,resid,industry,adv5M,1,close,raw,LO,5,-0.2107271958391759,-0.33026027133808294,-0.19286103579534009,-0.3678331633015295,0.4038269041945361,312,0.3805128205128205
resid_industry_adv5M_k1_close_raw_LS_h1,dev,resid,industry,adv5M,1,close,raw,LS,1,-0.17816951718704047,-1.5362988482487503,-0.32795225209148526,-0.799683016390966,0.23985959982605468,1006,1.83727634194831
resid_industry_adv5M_k1_close_raw_LS_h1,val,resid,industry,adv5M,1,close,raw,LS,1,0.017594578212516386,-1.2537391027257523,-0.23936760994915074,-0.3348526809184016,0.20191728525402874,374,1.8474598930481287
resid_industry_adv5M_k1_close_raw_LS_h1,hold,resid,industry,adv5M,1,close,raw,LS,1,-0.8965684079456026,-1.8904327955136953,-0.4010707809192091,-0.5317377139239251,0.2538527501935781,312,1.8493589743589745
resid_industry_adv5M_k1_close_raw_LS_h3,dev,resid,industry,adv5M,1,close,raw,LS,3,-0.002104815612499245,-0.7880142253748633,-0.12883569072787926,-0.5321587982064511,0.15919731153818995,1006,0.6250165672630881
resid_industry_adv5M_k1_close_raw_LS_h3,val,resid,industry,adv5M,1,close,raw,LS,3,0.3590639206304106,-0.489930630480468,-0.06305068667639713,-0.1174037410340969,0.1186047487790538,374,0.6267379679144386
resid_industry_adv5M_k1_close_raw_LS_h3,hold,resid,industry,adv5M,1,close,raw,LS,3,-0.7565130389963823,-1.4681001112480698,-0.1906569700931835,-0.282707079251142,0.13760839047102466,312,0.6303418803418804
resid_industry_adv5M_k1_close_raw_LS_h5,dev,resid,industry,adv5M,1,close,raw,LS,5,0.2878920898056315,-0.3803338390967278,-0.05363713184710739,-0.32400071365762906,0.12474852674304306,1006,0.3777833001988071
resid_industry_adv5M_k1_close_raw_LS_h5,val,resid,industry,adv5M,1,close,raw,LS,5,0.8007769987612535,0.09326763616369815,0.004380954544082938,-0.07081787830502795,0.09642233265474143,374,0.3781818181818182
resid_industry_adv5M_k1_close_raw_LS_h5,hold,resid,industry,adv5M,1,close,raw,LS,5,-0.17148267125282296,-0.7259094908511795,-0.08849936843361961,-0.22941124911102695,0.1180907421259498,312,0.38035256410256413
resid_industry_adv5M_k1_close_z_LO_h1,dev,resid,industry,adv5M,1,close,z,LO,1,0.338034415091913,-0.22882701016503926,-0.16913846721506676,-0.6725476583416434,0.4178142269111871,1006,1.9394632206759443
resid_industry_adv5M_k1_close_z_LO_h1,val,resid,industry,adv5M,1,close,z,LO,1,0.6056146859039605,-0.2523308655876339,-0.09667766700781433,-0.4789791547155502,0.2651620846602496,374,1.9494652406417112
resid_industry_adv5M_k1_close_z_LO_h1,hold,resid,industry,adv5M,1,close,z,LO,1,0.15021764173587024,-0.7861799659297235,-0.19638695888322089,-0.2782734560166866,0.24111423851667013,312,1.9471153846153846
resid_industry_adv5M_k1_close_z_LO_h3,dev,resid,industry,adv5M,1,close,z,LO,3,0.4988554161455037,0.28194881983485975,0.03560288067067652,-0.5886378853061146,0.3692671784809868,1006,0.6560636182902585
resid_industry_adv5M_k1_close_z_LO_h3,val,resid,industry,adv5M,1,close,z,LO,3,0.704213236343539,0.36206684971051023,0.05780952897095659,-0.32232015624206445,0.22431583456166684,374,0.6579322638146169
resid_industry_adv5M_k1_close_z_LO_h3,hold,resid,industry,adv5M,1,close,z,LO,3,1.0114572977085894,0.5919958037797207,0.09563236875791614,-0.13408590266099374,0.18223307497832084,312,0.6596153846153847
resid_industry_adv5M_k1_close_z_LO_h5,dev,resid,industry,adv5M,1,close,z,LO,5,0.43691182941414386,0.3000889516261121,0.043828880664814385,-0.557665558782282,0.3519148570178738,1006,0.3942147117296223
resid_industry_adv5M_k1_close_z_LO_h5,val,resid,industry,adv5M,1,close,z,LO,5,0.7567411745618958,0.5526066836593249,0.10460559422131355,-0.2813677087175128,0.22592857317885626,374,0.3955614973262032
resid_industry_adv5M_k1_close_z_LO_h5,hold,resid,industry,adv5M,1,close,z,LO,5,1.4906639887987676,1.223662309484243,0.21620069893445226,-0.11846829864097519,0.17204886932477656,312,0.3966666666666666
resid_industry_adv5M_k1_close_z_LS_h1,dev,resid,industry,adv5M,1,close,z,LS,1,0.29520055342979695,-1.2812363441509882,-0.20361525371157607,-0.6005224955563889,0.16680500302764903,1006,1.937425447316103
resid_industry_adv5M_k1_close_z_LS_h1,val,resid,industry,adv5M,1,close,z,LS,1,1.1336298993362193,-1.0782374949792142,-0.12094986112648298,-0.24299253222741957,0.11357261238145606,374,1.949331550802139
resid_industry_adv5M_k1_close_z_LS_h1,hold,resid,industry,adv5M,1,close,z,LS,1,0.3144304754353976,-1.4949702459861618,-0.19247962746214076,-0.30138742382512007,0.13671236217291305,312,1.9517628205128204
resid_industry_adv5M_k1_close_z_LS_h3,dev,resid,industry,adv5M,1,close,z,LS,3,0.6038191760897282,-0.296649084951082,-0.03972992818435106,-0.22182785454406684,0.11469141349813525,1006,0.6553843605036449
resid_industry_adv5M_k1_close_z_LS_h3,val,resid,industry,adv5M,1,close,z,LS,3,0.9846273336410348,-0.5964024510143,-0.0384675572437273,-0.11308013482812485,0.06250404206997735,374,0.6572192513368986
resid_industry_adv5M_k1_close_z_LS_h3,hold,resid,industry,adv5M,1,close,z,LS,3,0.7820440751251715,-0.45063883023649115,-0.03741606075782877,-0.11549898024989536,0.07790823970732867,312,0.6586004273504276
resid_industry_adv5M_k1_close_z_LS_h5,dev,resid,industry,adv5M,1,close,z,LS,5,0.6189244062179164,-0.12574896738976224,-0.016142341138338567,-0.1499184420018419,0.09434630386430615,1006,0.3941252485089463
resid_industry_adv5M_k1_close_z_LS_h5,val,resid,industry,adv5M,1,close,z,LS,5,1.1825280125823796,-0.14593833154210634,-0.00866412946530326,-0.07809008261739547,0.05081137326511052,374,0.395427807486631
resid_industry_adv5M_k1_close_z_LS_h5,hold,resid,industry,adv5M,1,close,z,LS,5,0.9656003164126729,-0.07044331965343743,-0.006343759947057714,-0.10267200173117319,0.0626153187549981,312,0.3955769230769231
resid_industry_adv5M_k1_1545_raw_LO_h1,dev,resid,industry,adv5M,1,1545,raw,LO,1,,,,,,0,
resid_industry_adv5M_k1_1545_raw_LO_h1,val,resid,industry,adv5M,1,1545,raw,LO,1,0.02632435562739952,-0.4892507721058173,-0.25758857726359574,-0.5326503181221307,0.4258058967640185,373,1.737265415549598
resid_industry_adv5M_k1_1545_raw_LO_h1,hold,resid,industry,adv5M,1,1545,raw,LO,1,-1.0443812821675436,-1.5547263729127416,-0.5558278806683699,-0.6729189289055901,0.45431224398188236,312,1.8384615384615386
resid_industry_adv5M_k1_1545_raw_LO_h3,dev,resid,industry,adv5M,1,1545,raw,LO,3,,,,,,0,
resid_industry_adv5M_k1_1545_raw_LO_h3,val,resid,industry,adv5M,1,1545,raw,LO,3,0.10702279116318704,-0.09437903549826622,-0.09785616932361929,-0.4209928162136606,0.3697992075527709,373,0.5895442359249329
resid_industry_adv5M_k1_1545_raw_LO_h3,hold,resid,industry,adv5M,1,1545,raw,LO,3,-0.5239846360159062,-0.7223772272286638,-0.30645306214401,-0.4524225766710327,0.3973043540882822,312,0.6248931623931624
resid_industry_adv5M_k1_1545_raw_LO_h5,dev,resid,industry,adv5M,1,1545,raw,LO,5,,,,,,0,
resid_industry_adv5M_k1_1545_raw_LO_h5,val,resid,industry,adv5M,1,1545,raw,LO,5,0.3449949884966447,0.22062934077353258,0.014871983794894295,-0.3930828449798157,0.3617361687126874,373,0.3543699731903485
resid_industry_adv5M_k1_1545_raw_LO_h5,hold,resid,industry,adv5M,1,1545,raw,LO,5,-0.18891974082349342,-0.3134416332085252,-0.17528418688342662,-0.3476667377089683,0.382377393106256,312,0.3773717948717948
resid_industry_adv5M_k1_1545_raw_LS_h1,dev,resid,industry,adv5M,1,1545,raw,LS,1,,,,,,0,
resid_industry_adv5M_k1_1545_raw_LS_h1,val,resid,industry,adv5M,1,1545,raw,LS,1,-0.40178332472866857,-1.4915848358397903,-0.2515468638960492,-0.37632482811667467,0.18298416331148995,373,1.4264075067024131
resid_industry_adv5M_k1_1545_raw_LS_h1,hold,resid,industry,adv5M,1,1545,raw,LS,1,-0.9977382524145352,-1.9946734740554308,-0.3902242593355072,-0.5165203191046042,0.23398024797128023,312,1.7129807692307695
resid_industry_adv5M_k1_1545_raw_LS_h3,dev,resid,industry,adv5M,1,1545,raw,LS,3,,,,,,0,
resid_industry_adv5M_k1_1545_raw_LS_h3,val,resid,industry,adv5M,1,1545,raw,LS,3,-0.09228338978605578,-0.7896250345884335,-0.09232401809469959,-0.1563642258731479,0.11437899525019445,373,0.48521000893655053
resid_industry_adv5M_k1_1545_raw_LS_h3,hold,resid,industry,adv5M,1,1545,raw,LS,3,-0.8520328266567483,-1.5302179331691435,-0.19328538634844616,-0.2928369471170006,0.13441916390527922,312,0.5852029914529914
resid_industry_adv5M_k1_1545_raw_LS_h5,dev,resid,industry,adv5M,1,1545,raw,LS,5,,,,,,0,
resid_industry_adv5M_k1_1545_raw_LS_h5,val,resid,industry,adv5M,1,1545,raw,LS,5,0.4268648685185528,-0.14149234484060585,-0.018026153521933375,-0.0902886895717877,0.0960857852463821,373,0.29227882037533515
resid_industry_adv5M_k1_1545_raw_LS_h5,hold,resid,industry,adv5M,1,1545,raw,LS,5,-0.41836632306863963,-0.9564788454961155,-0.1088104562033031,-0.2395523065493408,0.11369406167455413,312,0.3525320512820513
resid_industry_adv5M_k1_1545_z_LO_h1,dev,resid,industry,adv5M,1,1545,z,LO,1,,,,,,0,
resid_industry_adv5M_k1_1545_z_LO_h1,val,resid,industry,adv5M,1,1545,z,LO,1,0.7105631897896464,-0.06126780682500876,-0.04821174440520537,-0.4527915686549838,0.2604413548227532,373,1.7262734584450405
resid_industry_adv5M_k1_1545_z_LO_h1,hold,resid,industry,adv5M,1,1545,z,LO,1,0.2813061493120883,-0.6024215064395645,-0.15555768494815592,-0.25377503331005524,0.23493272473157928,312,1.7971153846153847
resid_industry_adv5M_k1_1545_z_LO_h3,dev,resid,industry,adv5M,1,1545,z,LO,3,,,,,,0,
resid_industry_adv5M_k1_1545_z_LO_h3,val,resid,industry,adv5M,1,1545,z,LO,3,0.7801782549792364,0.4691561794610626,0.08212354548467515,-0.304863600103603,0.2190456003557888,373,0.5856121537086685
resid_industry_adv5M_k1_1545_z_LO_h3,hold,resid,industry,adv5M,1,1545,z,LO,3,1.1484941822170818,0.7711414522225625,0.13487742409687264,-0.13542737919444392,0.1865365634928213,312,0.6091880341880341
resid_industry_adv5M_k1_1545_z_LO_h5,dev,resid,industry,adv5M,1,1545,z,LO,5,,,,,,0,
resid_industry_adv5M_k1_1545_z_LO_h5,val,resid,industry,adv5M,1,1545,z,LO,5,0.7842847685182902,0.598679007611865,0.11369160941555134,-0.27119092523054744,0.22001494338638425,373,0.3510991957104557
resid_industry_adv5M_k1_1545_z_LO_h5,hold,resid,industry,adv5M,1,1545,z,LO,5,1.437471028629172,1.1907144607136988,0.2091717210011459,-0.12289784108038038,0.17191762136690403,312,0.3675641025641025
resid_industry_adv5M_k1_1545_z_LS_h1,dev,resid,industry,adv5M,1,1545,z,LS,1,,,,,,0,
resid_industry_adv5M_k1_1545_z_LS_h1,val,resid,industry,adv5M,1,1545,z,LS,1,0.9395984395764879,-0.8286763342428681,-0.0848600268873918,-0.22152977156463083,0.10088003121541143,373,1.3675603217158177
resid_industry_adv5M_k1_1545_z_LS_h1,hold,resid,industry,adv5M,1,1545,z,LS,1,0.11266082614485418,-1.5961690895201135,-0.1905599767730657,-0.2762601358290816,0.12733145489390926,312,1.7113782051282054
resid_industry_adv5M_k1_1545_z_LS_h3,dev,resid,industry,adv5M,1,1545,z,LS,3,,,,,,0,
resid_industry_adv5M_k1_1545_z_LS_h3,val,resid,industry,adv5M,1,1545,z,LS,3,0.9725004664860282,-0.33920957623706977,-0.019956941279272833,-0.09294707958615667,0.054985295053368334,373,0.46286863270777484
resid_industry_adv5M_k1_1545_z_LS_h3,hold,resid,industry,adv5M,1,1545,z,LS,3,0.4517691823574966,-0.6481487729512733,-0.052055134625329624,-0.13519260610289552,0.07781885299401901,312,0.5792735042735043
resid_industry_adv5M_k1_1545_z_LS_h5,dev,resid,industry,adv5M,1,1545,z,LS,5,,,,,,0,
resid_industry_adv5M_k1_1545_z_LS_h5,val,resid,industry,adv5M,1,1545,z,LS,5,0.9445702781204826,-0.13824354526335672,-0.007449032496222641,-0.06401658616351102,0.046344430440054034,373,0.2780428954423593
resid_industry_adv5M_k1_1545_z_LS_h5,hold,resid,industry,adv5M,1,1545,z,LS,5,0.27815039738661207,-0.6301884029297367,-0.041652170094665264,-0.14551427063286704,0.06424095084554005,312,0.3479807692307692
resid_industry_adv5M_k3_close_raw_LO_h1,dev,resid,industry,adv5M,3,close,raw,LO,1,0.2869241974661626,-0.05374042880978886,-0.17009707554170117,-0.8472903081085237,0.560968620733682,1006,1.1544731610337973
resid_industry_adv5M_k3_close_raw_LO_h1,val,resid,industry,adv5M,3,close,raw,LO,1,0.22881008011935483,-0.09692993519832076,-0.12471126451475256,-0.3833871122878084,0.42916045061131863,374,1.117379679144385
resid_industry_adv5M_k3_close_raw_LO_h1,hold,resid,industry,adv5M,3,close,raw,LO,1,0.020052405522880273,-0.2712626412101721,-0.22372831346404365,-0.5509900314855845,0.49243344555138036,312,1.1548076923076924
resid_industry_adv5M_k3_close_raw_LO_h3,dev,resid,industry,adv5M,3,close,raw,LO,3,0.16957788937619955,-0.02712654642091636,-0.13932687633955076,-0.8151833034525594,0.5245806214929647,1006,0.62090788601723
resid_industry_adv5M_k3_close_raw_LO_h3,val,resid,industry,adv5M,3,close,raw,LO,3,0.49318681508306733,0.3020034626270753,0.04123459995959711,-0.30190038405188024,0.4149284999523216,374,0.6303030303030304
resid_industry_adv5M_k3_close_raw_LO_h3,hold,resid,industry,adv5M,3,close,raw,LO,3,0.13150819917580905,-0.04135899333494393,-0.1133963750696193,-0.35199449032748265,0.4537907896462723,312,0.6271367521367522
resid_industry_adv5M_k3_close_raw_LO_h5,dev,resid,industry,adv5M,3,close,raw,LO,5,0.052656088222962465,-0.07266271496615956,-0.1477981976347641,-0.8375080416264277,0.49971292256948985,1006,0.3760636182902584
resid_industry_adv5M_k3_close_raw_LO_h5,val,resid,industry,adv5M,3,close,raw,LO,5,0.30902276529451506,0.18832843590863424,-0.0036891731571956354,-0.3103682782916113,0.39925685912532416,374,0.38176470588235295
resid_industry_adv5M_k3_close_raw_LO_h5,hold,resid,industry,adv5M,3,close,raw,LO,5,0.15826900312858427,0.04397977032067142,-0.06555422076845396,-0.2712151194878263,0.41729566901693316,312,0.38057692307692303
resid_industry_adv5M_k3_close_raw_LS_h1,dev,resid,industry,adv5M,3,close,raw,LS,1,0.24858531548525895,-0.5666086602825999,-0.1632786666751267,-0.6652755895391174,0.257015477474053,1006,1.1374254473161034
resid_industry_adv5M_k3_close_raw_LS_h1,val,resid,industry,adv5M,3,close,raw,LS,1,-0.15711737900283118,-0.9462750719301459,-0.19289722542873222,-0.26041657861411194,0.20432316091845085,374,1.0922459893048129
resid_industry_adv5M_k3_close_raw_LS_h1,hold,resid,industry,adv5M,3,close,raw,LS,1,0.38970553333323316,-0.29831945083186434,-0.09316953591584964,-0.3330980499227775,0.2354994163274932,312,1.128044871794872
resid_industry_adv5M_k3_close_raw_LS_h3,dev,resid,industry,adv5M,3,close,raw,LS,3,0.40339213176206334,-0.1886496503480851,-0.060659563089760615,-0.4983879360413266,0.2132042257510528,1006,0.6191020543406229
resid_industry_adv5M_k3_close_raw_LS_h3,val,resid,industry,adv5M,3,close,raw,LS,3,0.690708983774573,0.09586585658276549,0.001744367313274875,-0.11506653230423525,0.17315025363742406,374,0.6254456327985741
resid_industry_adv5M_k3_close_raw_LS_h3,hold,resid,industry,adv5M,3,close,raw,LS,3,0.5990493993370732,0.07455141500512084,-0.003819266897292728,-0.22016046959669033,0.1909040412929656,312,0.6283119658119659
resid_industry_adv5M_k3_close_raw_LS_h5,dev,resid,industry,adv5M,3,close,raw,LS,5,0.4348590303324276,-0.0400879036904061,-0.02288373016957579,-0.43531898769415744,0.17998972667708565,1006,0.3761332007952286
resid_industry_adv5M_k3_close_raw_LS_h5,val,resid,industry,adv5M,3,close,raw,LS,5,0.30378608160259885,-0.1841448068763821,-0.03647179356622765,-0.15474234039709045,0.14502471135838443,374,0.3787165775401069
resid_industry_adv5M_k3_close_raw_LS_h5,hold,resid,industry,adv5M,3,close,raw,LS,5,0.5704424757932679,0.12440663215224493,0.00742875097109974,-0.14323741482003471,0.15260044713933651,312,0.38060897435897434
resid_industry_adv5M_k3_close_z_LO_h1,dev,resid,industry,adv5M,3,close,z,LO,1,0.698824090735691,0.3341089979713141,0.04915530436806703,-0.697018173734701,0.4427486518321254,1006,1.3149105367793243
resid_industry_adv5M_k3_close_z_LO_h1,val,resid,industry,adv5M,3,close,z,LO,1,0.1464901577838558,-0.4158542472282032,-0.13562939821396658,-0.4358709953851989,0.26613379941880516,374,1.2802139037433156
resid_industry_adv5M_k3_close_z_LO_h1,hold,resid,industry,adv5M,3,close,z,LO,1,0.7568703305656863,0.10921903621366964,-0.002039003724216948,-0.17177091760342178,0.2364625164138761,312,1.3205128205128205
resid_industry_adv5M_k3_close_z_LO_h3,dev,resid,industry,adv5M,3,close,z,LO,3,0.7205648032239819,0.5179653243587512,0.13477086985630704,-0.6247056246049598,0.3989459469888753,1006,0.6529489728296886
resid_industry_adv5M_k3_close_z_LO_h3,val,resid,industry,adv5M,3,close,z,LO,3,0.7203857734520325,0.4181303498177266,0.07762827592449306,-0.2723757376480076,0.25581916731902,374,0.6565953654188951
resid_industry_adv5M_k3_close_z_LO_h3,hold,resid,industry,adv5M,3,close,z,LO,3,1.6195489650134438,1.2342522511518255,0.2529440708246862,-0.1305398507708968,0.19867480381488137,312,0.6567307692307693
resid_industry_adv5M_k3_close_z_LO_h5,dev,resid,industry,adv5M,3,close,z,LO,5,0.5243270077617088,0.3958098664227918,0.08095140621962149,-0.603267532490877,0.3790295855868962,1006,0.3935188866799205
resid_industry_adv5M_k3_close_z_LO_h5,val,resid,industry,adv5M,3,close,z,LO,5,0.6424749951063258,0.4536926709844964,0.08529196853869125,-0.26518350782700295,0.24652673577477952,374,0.39572192513368987
resid_industry_adv5M_k3_close_z_LO_h5,hold,resid,industry,adv5M,3,close,z,LO,5,1.867503558542649,1.6172536497677976,0.32450891022617845,-0.08834684414218852,0.18431076244939934,312,0.3958974358974358
resid_industry_adv5M_k3_close_z_LS_h1,dev,resid,industry,adv5M,3,close,z,LS,1,0.5945953293302306,-0.3775979660521646,-0.08589719457583567,-0.44011475280692103,0.19042021255729527,1006,1.3065606361829027
resid_industry_adv5M_k3_close_z_LS_h1,val,resid,industry,adv5M,3,close,z,LS,1,-0.0720064993969754,-1.6776624259103576,-0.17191410150910125,-0.26601108340918145,0.10887479715724276,374,1.2883689839572192
resid_industry_adv5M_k3_close_z_LS_h1,hold,resid,industry,adv5M,3,close,z,LS,1,1.2186412418875485,-0.08015070694352798,-0.019556583820207085,-0.16305030609641435,0.13429626617949825,312,1.3165064102564104
resid_industry_adv5M_k3_close_z_LS_h3,dev,resid,industry,adv5M,3,close,z,LS,3,0.9614020192201178,0.2802067120692729,0.0319074721579411,-0.28731695153535664,0.15387469818918104,1006,0.6532968853545394
resid_industry_adv5M_k3_close_z_LS_h3,val,resid,industry,adv5M,3,close,z,LS,3,0.691266490751455,-0.3926632914025841,-0.04004904644088869,-0.1527428879422733,0.09313364947988302,374,0.6559269162210342
resid_industry_adv5M_k3_close_z_LS_h3,hold,resid,industry,adv5M,3,close,z,LS,3,1.4646148655690783,0.47508068683117083,0.04295395989854556,-0.11987779526174092,0.09875371247064614,312,0.6569978632478634
resid_industry_adv5M_k3_close_z_LS_h5,dev,resid,industry,adv5M,3,close,z,LS,5,0.7799761291330961,0.23015216029493119,0.021917141876379498,-0.22202269687413312,0.13089362720695044,1006,0.3939264413518887
resid_industry_adv5M_k3_close_z_LS_h5,val,resid,industry,adv5M,3,close,z,LS,5,0.7000804746701313,-0.20637147816561205,-0.018568428062280762,-0.10898343295748503,0.0766738607849904,374,0.39561497326203204
resid_industry_adv5M_k3_close_z_LS_h5,hold,resid,industry,adv5M,3,close,z,LS,5,1.3774902655114332,0.5744751039263769,0.045189922288169315,-0.08275761311736696,0.08290628949425077,312,0.39573717948717946
resid_industry_adv5M_k3_1545_raw_LO_h1,dev,resid,industry,adv5M,3,1545,raw,LO,1,,,,,,0,
resid_industry_adv5M_k3_1545_raw_LO_h1,val,resid,industry,adv5M,3,1545,raw,LO,1,0.1087124468086155,-0.2171677115752193,-0.16678673364623764,-0.45713983333276165,0.425213847895044,373,1.1101876675603217
resid_industry_adv5M_k3_1545_raw_LO_h1,hold,resid,industry,adv5M,3,1545,raw,LO,1,-0.09376466982291289,-0.40212314150457484,-0.2597200096939949,-0.5185114289288557,0.4723965161251461,312,1.180769230769231
resid_industry_adv5M_k3_1545_raw_LO_h3,dev,resid,industry,adv5M,3,1545,raw,LO,3,,,,,,0,
resid_industry_adv5M_k3_1545_raw_LO_h3,val,resid,industry,adv5M,3,1545,raw,LO,3,0.42533998179420707,0.23617938663368093,0.01467729725736322,-0.30484000924244103,0.40621225123611665,373,0.6149240393208223
resid_industry_adv5M_k3_1545_raw_LO_h3,hold,resid,industry,adv5M,3,1545,raw,LO,3,0.13765189066432354,-0.0442224646057498,-0.10344386934476157,-0.36091314592877444,0.42661345575010534,312,0.6252136752136753
resid_industry_adv5M_k3_1545_raw_LO_h5,dev,resid,industry,adv5M,3,1545,raw,LO,5,,,,,,0,
resid_industry_adv5M_k3_1545_raw_LO_h5,val,resid,industry,adv5M,3,1545,raw,LO,5,0.3712160747385728,0.25122928201552697,0.023255969118267883,-0.30181191838701926,0.3881164552626669,373,0.372171581769437
resid_industry_adv5M_k3_1545_raw_LO_h5,hold,resid,industry,adv5M,3,1545,raw,LO,5,0.24934606405694185,0.13106569859557804,-0.02634928141500481,-0.26711206770551055,0.3988701676241676,312,0.3791666666666666
resid_industry_adv5M_k3_1545_raw_LS_h1,dev,resid,industry,adv5M,3,1545,raw,LS,1,,,,,,0,
resid_industry_adv5M_k3_1545_raw_LS_h1,val,resid,industry,adv5M,3,1545,raw,LS,1,-0.5731090865351512,-1.2819154472866436,-0.23158481375140305,-0.3260045642121894,0.19112369710779936,373,0.9176943699731904
resid_industry_adv5M_k3_1545_raw_LS_h1,hold,resid,industry,adv5M,3,1545,raw,LS,1,-0.15535992819641178,-0.833414741719297,-0.1933277655124206,-0.35432530202648105,0.22694180192127839,312,1.0794871794871794
resid_industry_adv5M_k3_1545_raw_LS_h3,dev,resid,industry,adv5M,3,1545,raw,LS,3,,,,,,0,
resid_industry_adv5M_k3_1545_raw_LS_h3,val,resid,industry,adv5M,3,1545,raw,LS,3,0.15456559565170946,-0.37435185007725175,-0.07012490826173357,-0.18994803309150432,0.1602217234221349,373,0.5137176050044683
resid_industry_adv5M_k3_1545_raw_LS_h3,hold,resid,industry,adv5M,3,1545,raw,LS,3,0.15588767032536588,-0.36454341024792186,-0.0783304330869311,-0.26039506443626037,0.17971146489525458,312,0.5882478632478634
resid_industry_adv5M_k3_1545_raw_LS_h5,dev,resid,industry,adv5M,3,1545,raw,LS,5,,,,,,0,
resid_industry_adv5M_k3_1545_raw_LS_h5,val,resid,industry,adv5M,3,1545,raw,LS,5,-0.10326974032047732,-0.5450616763476801,-0.07751369203838487,-0.18663358166188249,0.13212020977858333,373,0.3110187667560322
resid_industry_adv5M_k3_1545_raw_LS_h5,hold,resid,industry,adv5M,3,1545,raw,LS,5,0.25872880519950714,-0.17865177841240262,-0.03605357808628662,-0.16600495529089376,0.1460542863591765,312,0.3560897435897436
resid_industry_adv5M_k3_1545_z_LO_h1,dev,resid,industry,adv5M,3,1545,z,LO,1,,,,,,0,
resid_industry_adv5M_k3_1545_z_LO_h1,val,resid,industry,adv5M,3,1545,z,LO,1,0.3660023545642054,-0.19441032301101838,-0.07909311623358495,-0.3632412183957111,0.25642777213366424,373,1.2316353887399465
resid_industry_adv5M_k3_1545_z_LO_h1,hold,resid,industry,adv5M,3,1545,z,LO,1,0.6386053455822281,0.004535888224192519,-0.027223505880473065,-0.22141187193582446,0.23987738296953307,312,1.3134615384615385
resid_industry_adv5M_k3_1545_z_LO_h3,dev,resid,industry,adv5M,3,1545,z,LO,3,,,,,,0,
resid_industry_adv5M_k3_1545_z_LO_h3,val,resid,industry,adv5M,3,1545,z,LO,3,0.7606499868556019,0.4624039163908375,0.08788044210079171,-0.23660272499568136,0.24711736154394445,373,0.6271671134941914
resid_industry_adv5M_k3_1545_z_LO_h3,hold,resid,industry,adv5M,3,1545,z,LO,3,1.520319719351613,1.1452348701665467,0.23190772512495106,-0.15284661984119763,0.19945978427171654,312,0.6431623931623933
resid_industry_adv5M_k3_1545_z_LO_h5,dev,resid,industry,adv5M,3,1545,z,LO,5,,,,,,0,
resid_industry_adv5M_k3_1545_z_LO_h5,val,resid,industry,adv5M,3,1545,z,LO,5,0.6871545213603321,0.5006691206830156,0.09535834746148919,-0.2416034155399549,0.23746462627209608,373,0.3771581769436997
resid_industry_adv5M_k3_1545_z_LO_h5,hold,resid,industry,adv5M,3,1545,z,LO,5,1.7324535735596402,1.486514048094984,0.2911645652406465,-0.09931330079671508,0.18322374398826266,312,0.3878205128205128
resid_industry_adv5M_k3_1545_z_LS_h1,dev,resid,industry,adv5M,3,1545,z,LS,1,,,,,,0,
resid_industry_adv5M_k3_1545_z_LS_h1,val,resid,industry,adv5M,3,1545,z,LS,1,0.23462005580267511,-1.235031882492791,-0.11500812126488003,-0.20728428296969348,0.0952403677842284,373,1.022117962466488
resid_industry_adv5M_k3_1545_z_LS_h1,hold,resid,industry,adv5M,3,1545,z,LS,1,0.6777576442761891,-0.6377139327872315,-0.0833458937314504,-0.1924113103068047,0.12435753034525117,312,1.2357371794871794
resid_industry_adv5M_k3_1545_z_LS_h3,dev,resid,industry,adv5M,3,1545,z,LS,3,,,,,,0,
resid_industry_adv5M_k3_1545_z_LS_h3,val,resid,industry,adv5M,3,1545,z,LS,3,0.9442665316886928,-0.07439690427938095,-0.008856833185899804,-0.12487532955832026,0.07851865983490036,373,0.5097855227882039
resid_industry_adv5M_k3_1545_z_LS_h3,hold,resid,industry,adv5M,3,1545,z,LS,3,0.8125257025651801,-0.11983358916921165,-0.016090388271249867,-0.14824570988795194,0.0965852399779486,312,0.602724358974359
resid_industry_adv5M_k3_1545_z_LS_h5,dev,resid,industry,adv5M,3,1545,z,LS,5,,,,,,0,
resid_industry_adv5M_k3_1545_z_LS_h5,val,resid,industry,adv5M,3,1545,z,LS,5,0.8777997762968237,0.01031875492245141,-0.001377646016108347,-0.08146790531573778,0.06412448091758059,373,0.30734584450402147
resid_industry_adv5M_k3_1545_z_LS_h5,hold,resid,industry,adv5M,3,1545,z,LS,5,0.6525031935656317,-0.1072748782757724,-0.011910310119541245,-0.12098735578967501,0.08111073328902395,312,0.3630448717948718
resid_industry_adv5M_k5_close_raw_LO_h1,dev,resid,industry,adv5M,5,close,raw,LO,1,0.4072385251619807,0.1414933176994776,-0.07232467144845556,-0.7780537215641161,0.560923831477293,1006,0.9087475149105368
resid_industry_adv5M_k5_close_raw_LO_h1,val,resid,industry,adv5M,5,close,raw,LO,1,0.5987864265708628,0.3478161950152071,0.0589143838033388,-0.3321809841977893,0.44653215317507444,374,0.9
resid_industry_adv5M_k5_close_raw_LO_h1,hold,resid,industry,adv5M,5,close,raw,LO,1,-0.06927335065171161,-0.3032962028451352,-0.23358186974359196,-0.48318896340777917,0.48854520663199197,312,0.9246794871794872
resid_industry_adv5M_k5_close_raw_LO_h3,dev,resid,industry,adv5M,5,close,raw,LO,3,0.35337991179491846,0.1964649223916444,-0.03615388590886226,-0.8074916054813679,0.5416251466121998,1006,0.5134857521537443
resid_industry_adv5M_k5_close_raw_LO_h3,val,resid,industry,adv5M,5,close,raw,LO,3,0.4812860794693061,0.32824665087415017,0.052123675342055975,-0.29878435070347975,0.4216961601910294,374,0.5161319073083779
resid_industry_adv5M_k5_close_raw_LO_h3,hold,resid,industry,adv5M,5,close,raw,LO,3,0.055407155872412454,-0.09282552517169129,-0.12525130346293567,-0.3032872569488946,0.43488686568812945,312,0.5175213675213676
resid_industry_adv5M_k5_close_raw_LO_h5,dev,resid,industry,adv5M,5,close,raw,LO,5,0.22263026651281886,0.1020696359486019,-0.07610874493664732,-0.8207559258275715,0.5174124335250035,1006,0.3747316103379722
resid_industry_adv5M_k5_close_raw_LO_h5,val,resid,industry,adv5M,5,close,raw,LO,5,0.3608137458762809,0.24158390456323084,0.017199514800239957,-0.30631220598706155,0.40339418650199643,374,0.38288770053475935
resid_industry_adv5M_k5_close_raw_LO_h5,hold,resid,industry,adv5M,5,close,raw,LO,5,0.18642789800473392,0.06786934276263708,-0.051249193312790875,-0.2584497300605525,0.4016772258258688,312,0.3810897435897436
resid_industry_adv5M_k5_close_raw_LS_h1,dev,resid,industry,adv5M,5,close,raw,LS,1,0.413894782274658,-0.2086237604987758,-0.08792622188187982,-0.5437534999778381,0.2697586580561143,1006,0.886530815109344
resid_industry_adv5M_k5_close_raw_LS_h1,val,resid,industry,adv5M,5,close,raw,LS,1,0.7559981367722273,0.1202103955023158,0.003610275089399595,-0.21145956181549608,0.20697924451109043,374,0.856149732620321
resid_industry_adv5M_k5_close_raw_LS_h1,hold,resid,industry,adv5M,5,close,raw,LS,1,0.4739619767206707,-0.06828645063126978,-0.04542143851803637,-0.27324612346400867,0.24495836967863438,312,0.8907051282051281
resid_industry_adv5M_k5_close_raw_LS_h3,dev,resid,industry,adv5M,5,close,raw,LS,3,0.8223266359657924,0.3661495290156271,0.06096935980440099,-0.47206231709529634,0.23577906939405657,1006,0.5084658714380385
resid_industry_adv5M_k5_close_raw_LS_h3,val,resid,industry,adv5M,5,close,raw,LS,3,0.39436686617516853,-0.08396206611930866,-0.03141338791942039,-0.2703018214414765,0.18260872612199053,374,0.5013814616755794
resid_industry_adv5M_k5_close_raw_LS_h3,hold,resid,industry,adv5M,5,close,raw,LS,3,0.263984897546566,-0.16449618568249785,-0.05142588249702529,-0.1728179537122263,0.1999712568840394,312,0.5113247863247864
resid_industry_adv5M_k5_close_raw_LS_h5,dev,resid,industry,adv5M,5,close,raw,LS,5,0.7385100117927907,0.3192495975344281,0.045736857574090184,-0.3965248052449899,0.20416634295888178,1006,0.37387673956262424
resid_industry_adv5M_k5_close_raw_LS_h5,val,resid,industry,adv5M,5,close,raw,LS,5,0.20634655732124826,-0.23093353282568674,-0.049528350440099844,-0.24303441269852966,0.16273639733783823,374,0.3762834224598931
resid_industry_adv5M_k5_close_raw_LS_h5,hold,resid,industry,adv5M,5,close,raw,LS,5,0.32495210728492707,-0.07766414651804135,-0.02743778155240484,-0.14496008882346845,0.17085122527299643,312,0.38022435897435897
resid_industry_adv5M_k5_close_z_LO_h1,dev,resid,industry,adv5M,5,close,z,LO,1,0.7803137173039817,0.4769567117582736,0.12016319863141867,-0.6692895943233348,0.4473367595876858,1006,1.1038767395626243
resid_industry_adv5M_k5_close_z_LO_h1,val,resid,industry,adv5M,5,close,z,LO,1,0.5810695526416566,0.11513887519862563,-0.004945501123095775,-0.3113281847057231,0.27058996458612083,374,1.0762032085561497
resid_industry_adv5M_k5_close_z_LO_h1,hold,resid,industry,adv5M,5,close,z,LO,1,1.6032127910507483,1.052569411718011,0.2459611018721597,-0.17403384331961813,0.23517044152416292,312,1.1147435897435898
resid_industry_adv5M_k5_close_z_LO_h3,dev,resid,industry,adv5M,5,close,z,LO,3,0.6815118658413595,0.5124989621850498,0.13506986538529264,-0.620984417154246,0.410709689490239,1006,0.5607687210072895
resid_industry_adv5M_k5_close_z_LO_h3,val,resid,industry,adv5M,5,close,z,LO,3,0.5859919094074302,0.3332711811262957,0.05463585384133318,-0.26981644655732306,0.25777650155510307,374,0.5544563279857397
resid_industry_adv5M_k5_close_z_LO_h3,hold,resid,industry,adv5M,5,close,z,LO,3,2.0086738978926544,1.6872446592069896,0.3810817571857228,-0.1057249647726789,0.2036855391529481,312,0.5625
resid_industry_adv5M_k5_close_z_LO_h5,dev,resid,industry,adv5M,5,close,z,LO,5,0.5304951802926854,0.40600131654071786,0.08608378306934594,-0.6091999051124182,0.3919288336066648,1006,0.3930815109343937
resid_industry_adv5M_k5_close_z_LO_h5,val,resid,industry,adv5M,5,close,z,LO,5,0.4622455165973962,0.2750957496342752,0.03864581566596881,-0.2754235121583817,0.24870018806620595,374,0.39545454545454545
resid_industry_adv5M_k5_close_z_LO_h5,hold,resid,industry,adv5M,5,close,z,LO,5,2.1324801771048514,1.8849699016923498,0.3962877934820812,-0.08919427175419004,0.18636806791011098,312,0.3954487179487179
resid_industry_adv5M_k5_close_z_LS_h1,dev,resid,industry,adv5M,5,close,z,LS,1,1.09721617768095,0.2827677144747448,0.03722452077346072,-0.33376465820635237,0.19552078899325304,1006,1.0978131212723659
resid_industry_adv5M_k5_close_z_LS_h1,val,resid,industry,adv5M,5,close,z,LS,1,0.8740008927762225,-0.478859810289096,-0.05737615504253524,-0.19308089657090544,0.11067464389761714,374,1.0751336898395722
resid_industry_adv5M_k5_close_z_LS_h1,hold,resid,industry,adv5M,5,close,z,LS,1,1.2193165706845195,0.08201278749323014,0.00208168550398935,-0.21249227500535295,0.13307443457866178,312,1.1129807692307692
resid_industry_adv5M_k5_close_z_LS_h3,dev,resid,industry,adv5M,5,close,z,LS,3,1.0374145332231683,0.47744082256626713,0.06800900831349099,-0.28828153542385393,0.16621771569612728,1006,0.5614314115308151
resid_industry_adv5M_k5_close_z_LS_h3,val,resid,industry,adv5M,5,close,z,LS,3,1.1159925942012288,0.17290048234267072,0.011949616771874894,-0.10782945722747461,0.09411926142997992,374,0.5577094474153297
resid_industry_adv5M_k5_close_z_LS_h3,hold,resid,industry,adv5M,5,close,z,LS,3,1.2029943699355912,0.41681741944650885,0.04071944896277291,-0.12143058436414456,0.1103007910500778,312,0.5615384615384615
resid_industry_adv5M_k5_close_z_LS_h5,dev,resid,industry,adv5M,5,close,z,LS,5,0.7488001735558666,0.25653069778506676,0.02741587052730665,-0.26089290044543223,0.1464305216563112,1006,0.39351888667992047
resid_industry_adv5M_k5_close_z_LS_h5,val,resid,industry,adv5M,5,close,z,LS,5,0.9378357543016927,0.09445513422662612,0.004417822660269355,-0.08325615699914002,0.08209544499513304,374,0.39537433155080215
resid_industry_adv5M_k5_close_z_LS_h5,hold,resid,industry,adv5M,5,close,z,LS,5,1.0155935065032005,0.33200485678312175,0.0281380669820408,-0.1136299720896855,0.09799453421817872,312,0.39544871794871794
resid_industry_adv5M_k5_1545_raw_LO_h1,dev,resid,industry,adv5M,5,1545,raw,LO,1,,,,,,0,
resid_industry_adv5M_k5_1545_raw_LO_h1,val,resid,industry,adv5M,5,1545,raw,LO,1,0.8190480683009623,0.5614147881027075,0.1638132064365747,-0.29902161873957733,0.43937919318362023,373,0.9139410187667559
resid_industry_adv5M_k5_1545_raw_LO_h1,hold,resid,industry,adv5M,5,1545,raw,LO,1,-0.23017197832041514,-0.48101967695534276,-0.28213965751703296,-0.50328084541462,0.4657063254455024,312,0.9506410256410257
resid_industry_adv5M_k5_1545_raw_LO_h3,dev,resid,industry,adv5M,5,1545,raw,LO,3,,,,,,0,
resid_industry_adv5M_k5_1545_raw_LO_h3,val,resid,industry,adv5M,5,1545,raw,LO,3,0.667138151792047,0.5124238493120302,0.1354801251661586,-0.2860298634254531,0.40990108497156763,373,0.5092940125111707
resid_industry_adv5M_k5_1545_raw_LO_h3,hold,resid,industry,adv5M,5,1545,raw,LO,3,0.11503831669547446,-0.04355048368157134,-0.09520491593751379,-0.2828646638040523,0.4072414076493503,312,0.5216880341880343
resid_industry_adv5M_k5_1545_raw_LO_h5,dev,resid,industry,adv5M,5,1545,raw,LO,5,,,,,,0,
resid_industry_adv5M_k5_1545_raw_LO_h5,val,resid,industry,adv5M,5,1545,raw,LO,5,0.4416339220237901,0.32187912677604696,0.05147383048804621,-0.29193916110010154,0.3907420117866836,373,0.37474530831099195
resid_industry_adv5M_k5_1545_raw_LO_h5,hold,resid,industry,adv5M,5,1545,raw,LO,5,0.3208308842000927,0.19641673786053776,0.00297938325601943,-0.24317570251557907,0.3795717314538376,312,0.3805128205128205
resid_industry_adv5M_k5_1545_raw_LS_h1,dev,resid,industry,adv5M,5,1545,raw,LS,1,,,,,,0,
resid_industry_adv5M_k5_1545_raw_LS_h1,val,resid,industry,adv5M,5,1545,raw,LS,1,1.2281773691530828,0.6138769522678863,0.1027947808753864,-0.14033530444912556,0.18791949142886416,373,0.7595174262734585
resid_industry_adv5M_k5_1545_raw_LS_h1,hold,resid,industry,adv5M,5,1545,raw,LS,1,-0.17358392364110758,-0.7300080483720849,-0.17808702241464536,-0.3619306973928017,0.23199634759829302,312,0.8735576923076925
resid_industry_adv5M_k5_1545_raw_LS_h3,dev,resid,industry,adv5M,5,1545,raw,LS,3,,,,,,0,
resid_industry_adv5M_k5_1545_raw_LS_h3,val,resid,industry,adv5M,5,1545,raw,LS,3,0.7259102203246514,0.2718744845895335,0.031680491357977125,-0.19821963950020338,0.16349449412547662,373,0.42993744414655943
resid_industry_adv5M_k5_1545_raw_LS_h3,hold,resid,industry,adv5M,5,1545,raw,LS,3,-0.07175339776199949,-0.5089609607118128,-0.10698599955262111,-0.23258071462038354,0.1877619174562694,312,0.4913995726495726
resid_industry_adv5M_k5_1545_raw_LS_h5,dev,resid,industry,adv5M,5,1545,raw,LS,5,,,,,,0,
resid_industry_adv5M_k5_1545_raw_LS_h5,val,resid,industry,adv5M,5,1545,raw,LS,5,0.28344718798179863,-0.1305614745894976,-0.02897573438351697,-0.19487900222508903,0.14504866124519747,373,0.3201072386058982
resid_industry_adv5M_k5_1545_raw_LS_h5,hold,resid,industry,adv5M,5,1545,raw,LS,5,0.05597197574549286,-0.3570988066640164,-0.06704482958620572,-0.1839509232246287,0.1590013108716656,312,0.3624358974358975
resid_industry_adv5M_k5_1545_z_LO_h1,dev,resid,industry,adv5M,5,1545,z,LO,1,,,,,,0,
resid_industry_adv5M_k5_1545_z_LO_h1,val,resid,industry,adv5M,5,1545,z,LO,1,0.681067599660238,0.21692857170594776,0.022924360370096153,-0.30182241495510853,0.26904643706243747,373,1.0689008042895443
resid_industry_adv5M_k5_1545_z_LO_h1,hold,resid,industry,adv5M,5,1545,z,LO,1,1.4939657357562992,0.9371688563545987,0.21367148621790766,-0.17412030159312075,0.23632990986393052,312,1.1333333333333333
resid_industry_adv5M_k5_1545_z_LO_h3,dev,resid,industry,adv5M,5,1545,z,LO,3,,,,,,0,
resid_industry_adv5M_k5_1545_z_LO_h3,val,resid,industry,adv5M,5,1545,z,LO,3,0.6040188991078881,0.35335442157039854,0.059504268393235416,-0.2492964403939717,0.2521336382289458,373,0.5390527256479
resid_industry_adv5M_k5_1545_z_LO_h3,hold,resid,industry,adv5M,5,1545,z,LO,3,1.6333207583148461,1.3039497456448055,0.26852978636632563,-0.12516757745249363,0.1973408607454784,312,0.5598290598290598
resid_industry_adv5M_k5_1545_z_LO_h5,dev,resid,industry,adv5M,5,1545,z,LO,5,,,,,,0,
resid_industry_adv5M_k5_1545_z_LO_h5,val,resid,industry,adv5M,5,1545,z,LO,5,0.561627595132096,0.3758467312658091,0.06397734703398661,-0.24872094534485945,0.24157873066689098,373,0.3819839142091153
resid_industry_adv5M_k5_1545_z_LO_h5,hold,resid,industry,adv5M,5,1545,z,LO,5,1.9020952565815064,1.6501809045624143,0.32509013892700533,-0.09013349581844354,0.18048834496289898,312,0.39096153846153836
resid_industry_adv5M_k5_1545_z_LS_h1,dev,resid,industry,adv5M,5,1545,z,LS,1,,,,,,0,
resid_industry_adv5M_k5_1545_z_LS_h1,val,resid,industry,adv5M,5,1545,z,LS,1,0.6893329448412168,-0.5726785814035692,-0.06016858459052188,-0.16627846433305693,0.09972181329831908,373,0.9032171581769438
resid_industry_adv5M_k5_1545_z_LS_h1,hold,resid,industry,adv5M,5,1545,z,LS,1,1.2158118297176739,0.057934139509118666,-0.0005883557087793534,-0.1785550663534553,0.12562603874114098,312,1.0735576923076924
resid_industry_adv5M_k5_1545_z_LS_h3,dev,resid,industry,adv5M,5,1545,z,LS,3,,,,,,0,
resid_industry_adv5M_k5_1545_z_LS_h3,val,resid,industry,adv5M,5,1545,z,LS,3,0.7974629405951683,-0.08172372258980304,-0.010018160715610125,-0.11943820785420789,0.08221074710305018,373,0.448704200178731
resid_industry_adv5M_k5_1545_z_LS_h3,hold,resid,industry,adv5M,5,1545,z,LS,3,0.6389950523131414,-0.16325124510513261,-0.02151281344674605,-0.14749285824108171,0.10165850624852447,312,0.5270833333333333
resid_industry_adv5M_k5_1545_z_LS_h5,dev,resid,industry,adv5M,5,1545,z,LS,5,,,,,,0,
resid_industry_adv5M_k5_1545_z_LS_h5,val,resid,industry,adv5M,5,1545,z,LS,5,0.6625565406085971,-0.13748971332660606,-0.012069625395209393,-0.10850780239303992,0.07041505760434465,373,0.3150134048257373
resid_industry_adv5M_k5_1545_z_LS_h5,hold,resid,industry,adv5M,5,1545,z,LS,5,0.5397660986291869,-0.15525248174515843,-0.017872561529349795,-0.14481384629661587,0.09009780681539564,312,0.36692307692307696
resid_comove_adv50M_k1_close_raw_LO_h1,dev,resid,comove,adv50M,1,close,raw,LO,1,-0.3384879517210402,-0.8723152706076704,-0.33204215058757536,-0.6307566545424421,0.3795983587887003,500,1.8134000000000001
resid_comove_adv50M_k1_close_raw_LO_h1,val,resid,comove,adv50M,1,close,raw,LO,1,0.31864302765227615,-0.1983115677607022,-0.13810420903639198,-0.4215382996752386,0.38336459256949196,374,1.7978609625668451
resid_comove_adv50M_k1_close_raw_LO_h1,hold,resid,comove,adv50M,1,close,raw,LO,1,0.2697530356837344,-0.24188423557099248,-0.16145942122345913,-0.31855782882992467,0.3985812824779913,312,1.8439102564102563
resid_comove_adv50M_k1_close_raw_LO_h3,dev,resid,comove,adv50M,1,close,raw,LO,3,0.0005242465830513331,-0.19512227587580028,-0.1222164093835496,-0.41021465767920084,0.35182517458321516,500,0.6159333333333334
resid_comove_adv50M_k1_close_raw_LO_h3,val,resid,comove,adv50M,1,close,raw,LO,3,0.34037750723243665,0.14210239077295717,-0.009154671655388968,-0.34638989088967087,0.3407811351198903,374,0.6120320855614975
resid_comove_adv50M_k1_close_raw_LO_h3,hold,resid,comove,adv50M,1,close,raw,LO,3,0.959549328503105,0.7684862150305284,0.2372295389427539,-0.27887633568813286,0.3622321241067308,312,0.6248931623931625
resid_comove_adv50M_k1_close_raw_LO_h5,dev,resid,comove,adv50M,1,close,raw,LO,5,0.0904511755876222,-0.03131182158051971,-0.0656543462144118,-0.3524384664158142,0.3391992521056201,500,0.36943999999999994
resid_comove_adv50M_k1_close_raw_LO_h5,val,resid,comove,adv50M,1,close,raw,LO,5,0.4773083724065273,0.3584199517110796,0.06674708231633808,-0.32917714548761956,0.341267011145317,374,0.36786096256684486
resid_comove_adv50M_k1_close_raw_LO_h5,hold,resid,comove,adv50M,1,close,raw,LO,5,0.9924930822451333,0.8724515651950085,0.27441006044488625,-0.2734999598689436,0.346770116409725,312,0.3759615384615384
resid_comove_adv50M_k1_close_raw_LS_h1,dev,resid,comove,adv50M,1,close,raw,LS,1,-0.4088085859603472,-1.8669721523299994,-0.24164617250977005,-0.4142029667426457,0.14262117552381406,500,1.8164
resid_comove_adv50M_k1_close_raw_LS_h1,val,resid,comove,adv50M,1,close,raw,LS,1,0.25922591281938084,-0.9433668449717505,-0.15989722223784142,-0.2658378753579692,0.1694829996276221,374,1.8054812834224598
resid_comove_adv50M_k1_close_raw_LS_h1,hold,resid,comove,adv50M,1,close,raw,LS,1,-0.31544418131634433,-1.4153733756716758,-0.24848304223852125,-0.3900474575196289,0.18909712067917755,312,1.8347756410256413
resid_comove_adv50M_k1_close_raw_LS_h3,dev,resid,comove,adv50M,1,close,raw,LS,3,0.38496042480178044,-0.4823713882399588,-0.04351488412419602,-0.12059390405152359,0.08478772941973475,500,0.6167333333333334
resid_comove_adv50M_k1_close_raw_LS_h3,val,resid,comove,adv50M,1,close,raw,LS,3,0.07589609338053871,-0.6550572411060828,-0.06707220573361605,-0.13027844792356413,0.09858284343109244,374,0.6116755793226383
resid_comove_adv50M_k1_close_raw_LS_h3,hold,resid,comove,adv50M,1,close,raw,LS,3,0.81820546018907,0.18561545510464397,0.01498342603659597,-0.1678725283564123,0.11639210214045216,312,0.6228098290598291
resid_comove_adv50M_k1_close_raw_LS_h5,dev,resid,comove,adv50M,1,close,raw,LS,5,0.4103206504118326,-0.2837961884974557,-0.020618390022231647,-0.07689388839760447,0.06580093678806637,500,0.3696999999999999
resid_comove_adv50M_k1_close_raw_LS_h5,val,resid,comove,adv50M,1,close,raw,LS,5,0.6228733395654219,0.08443613470716811,0.003594709801904017,-0.08964867472433657,0.08362317893450574,374,0.3688235294117647
resid_comove_adv50M_k1_close_raw_LS_h5,hold,resid,comove,adv50M,1,close,raw,LS,5,1.210242257416793,0.7024637771906885,0.06121117158469813,-0.12758004625392882,0.09036764128320801,312,0.37461538461538463
resid_comove_adv50M_k1_close_z_LO_h1,dev,resid,comove,adv50M,1,close,z,LO,1,0.4676743441475743,-0.26243486375507635,-0.10754805932148126,-0.3388638002591352,0.2819104654414428,470,1.9031914893617021
resid_comove_adv50M_k1_close_z_LO_h1,val,resid,comove,adv50M,1,close,z,LO,1,0.9446041522717556,6.346732648457372e-05,-0.023524543962748057,-0.32244763087909056,0.21935625198453262,374,1.923529411764706
resid_comove_adv50M_k1_close_z_LO_h1,hold,resid,comove,adv50M,1,close,z,LO,1,0.778147997795914,-0.2064027786496833,-0.06419186796521881,-0.20129841650357327,0.21245776601742608,312,1.929166666666667
resid_comove_adv50M_k1_close_z_LO_h3,dev,resid,comove,adv50M,1,close,z,LO,3,0.3601467630852278,0.09083622937959439,-0.009760414332845024,-0.31922474872720386,0.2577591069427238,470,0.6421276595744683
resid_comove_adv50M_k1_close_z_LO_h3,val,resid,comove,adv50M,1,close,z,LO,3,0.7970795657007581,0.4305180259043891,0.06609258088343317,-0.23130203034837848,0.1905880650012035,374,0.648752228163993
resid_comove_adv50M_k1_close_z_LO_h3,hold,resid,comove,adv50M,1,close,z,LO,3,1.463099183079073,1.0418926582775896,0.17490110655475188,-0.09082278134746469,0.16824668523606884,312,0.6533119658119659
resid_comove_adv50M_k1_close_z_LO_h5,dev,resid,comove,adv50M,1,close,z,LO,5,0.4647487959898168,0.29752915861875756,0.04411390260828596,-0.276873535952058,0.24993463284889753,470,0.3865957446808511
resid_comove_adv50M_k1_close_z_LO_h5,val,resid,comove,adv50M,1,close,z,LO,5,0.8765963446192966,0.6569732626233814,0.11337767086773543,-0.1801414370786827,0.19109457868883667,374,0.3896791443850267
resid_comove_adv50M_k1_close_z_LO_h5,hold,resid,comove,adv50M,1,close,z,LO,5,1.6239122667382495,1.352607087823025,0.2212980912791993,-0.08382808958361865,0.1569067822907289,312,0.3925641025641025
resid_comove_adv50M_k1_close_z_LS_h1,dev,resid,comove,adv50M,1,close,z,LS,1,0.3134224111125313,-1.7975878818357265,-0.16896480881825793,-0.29319629012291626,0.10013619709188067,470,1.903723404255319
resid_comove_adv50M_k1_close_z_LS_h1,val,resid,comove,adv50M,1,close,z,LS,1,0.9420369504031437,-1.1594886318580349,-0.11505078588979378,-0.22710734572211144,0.10102216799191044,374,1.9221925133689841
resid_comove_adv50M_k1_close_z_LS_h1,hold,resid,comove,adv50M,1,close,z,LS,1,-0.06979347394202047,-1.805152857564965,-0.20633579096275578,-0.328220057200729,0.1237302686554343,312,1.9314102564102564
resid_comove_adv50M_k1_close_z_LS_h3,dev,resid,comove,adv50M,1,close,z,LS,3,0.3273631984395106,-0.8915353330830798,-0.05485652247741846,-0.10400323367144237,0.06117923010115387,470,0.642553191489362
resid_comove_adv50M_k1_close_z_LS_h3,val,resid,comove,adv50M,1,close,z,LS,3,0.3857605871669494,-0.9147117063730371,-0.0528468623422117,-0.08507604511116829,0.057548222553816225,374,0.6475935828877007
resid_comove_adv50M_k1_close_z_LS_h3,hold,resid,comove,adv50M,1,close,z,LS,3,0.921661782527721,-0.10003635006003055,-0.010129885866451915,-0.1335774269548088,0.07427763479723624,312,0.6528846153846155
resid_comove_adv50M_k1_close_z_LS_h5,dev,resid,comove,adv50M,1,close,z,LS,5,0.49813693747973076,-0.4250029025814247,-0.02247610355791496,-0.049946834797878426,0.05049115122358072,470,0.3863829787234043
resid_comove_adv50M_k1_close_z_LS_h5,val,resid,comove,adv50M,1,close,z,LS,5,0.7712059338753633,-0.25724284733450414,-0.012682679218210646,-0.06951322975870056,0.04559278926256275,374,0.3900267379679144
resid_comove_adv50M_k1_close_z_LS_h5,hold,resid,comove,adv50M,1,close,z,LS,5,1.3051305497594385,0.4751196963961992,0.025858512618921692,-0.09133628135823557,0.05716406991190261,312,0.39224358974358975
resid_comove_adv50M_k1_1545_raw_LO_h1,dev,resid,comove,adv50M,1,1545,raw,LO,1,,,,,,0,
resid_comove_adv50M_k1_1545_raw_LO_h1,val,resid,comove,adv50M,1,1545,raw,LO,1,0.33998194216661304,-0.18125194384656326,-0.12969305467135883,-0.4105795626702947,0.3778492397865024,373,1.7857908847184987
resid_comove_adv50M_k1_1545_raw_LO_h1,hold,resid,comove,adv50M,1,1545,raw,LO,1,0.44501667936044237,-0.06974740712126686,-0.10016052762009231,-0.3138416345241025,0.39465412364725216,312,1.8375
resid_comove_adv50M_k1_1545_raw_LO_h3,dev,resid,comove,adv50M,1,1545,raw,LO,3,,,,,,0,
resid_comove_adv50M_k1_1545_raw_LO_h3,val,resid,comove,adv50M,1,1545,raw,LO,3,0.4554283398184801,0.2534868321653748,0.029948589821033655,-0.3438701967314379,0.3312193994200541,373,0.6054512957998213
resid_comove_adv50M_k1_1545_raw_LO_h3,hold,resid,comove,adv50M,1,1545,raw,LO,3,1.0025108017440356,0.8078285474712302,0.2503330888206652,-0.275610747456542,0.3540109301781009,312,0.622863247863248
resid_comove_adv50M_k1_1545_raw_LO_h5,dev,resid,comove,adv50M,1,1545,raw,LO,5,,,,,,0,
resid_comove_adv50M_k1_1545_raw_LO_h5,val,resid,comove,adv50M,1,1545,raw,LO,5,0.49074742584018277,0.36965518621730603,0.07039320215113998,-0.33774485985294567,0.3308962228079489,373,0.36316353887399466
resid_comove_adv50M_k1_1545_raw_LO_h5,hold,resid,comove,adv50M,1,1545,raw,LO,5,1.0980013499138033,0.9757709214853066,0.314908364606878,-0.26372289609809785,0.3396282845443909,312,0.37538461538461537
resid_comove_adv50M_k1_1545_raw_LS_h1,dev,resid,comove,adv50M,1,1545,raw,LS,1,,,,,,0,
resid_comove_adv50M_k1_1545_raw_LS_h1,val,resid,comove,adv50M,1,1545,raw,LS,1,-0.05524585563448168,-1.0938380684077238,-0.17300989729372984,-0.28625387854427486,0.16172022214528126,373,1.4782841823056299
resid_comove_adv50M_k1_1545_raw_LS_h1,hold,resid,comove,adv50M,1,1545,raw,LS,1,-0.32461895418840764,-1.3786488368881447,-0.23787035771946619,-0.3796794324043259,0.18458278850034748,312,1.714102564102564
resid_comove_adv50M_k1_1545_raw_LS_h3,dev,resid,comove,adv50M,1,1545,raw,LS,3,,,,,,0,
resid_comove_adv50M_k1_1545_raw_LS_h3,val,resid,comove,adv50M,1,1545,raw,LS,3,0.05938192129653408,-0.5562036289184233,-0.05742376252886561,-0.12118262647015565,0.09774628396007941,373,0.5013404825737265
resid_comove_adv50M_k1_1545_raw_LS_h3,hold,resid,comove,adv50M,1,1545,raw,LS,3,0.7082120148819442,0.10993432598253264,0.0060802525130743135,-0.13268931282016683,0.11565277609386997,312,0.5821047008547009
resid_comove_adv50M_k1_1545_raw_LS_h5,dev,resid,comove,adv50M,1,1545,raw,LS,5,,,,,,0,
resid_comove_adv50M_k1_1545_raw_LS_h5,val,resid,comove,adv50M,1,1545,raw,LS,5,0.42066414744856345,-0.03044103602073751,-0.006060018822125923,-0.09753230313062822,0.08412013657774517,373,0.3019034852546917
resid_comove_adv50M_k1_1545_raw_LS_h5,hold,resid,comove,adv50M,1,1545,raw,LS,5,1.298826841912476,0.8069890735094637,0.0696828367886222,-0.08587598365630988,0.08828529127476491,312,0.35096153846153844
resid_comove_adv50M_k1_1545_z_LO_h1,dev,resid,comove,adv50M,1,1545,z,LO,1,,,,,,0,
resid_comove_adv50M_k1_1545_z_LO_h1,val,resid,comove,adv50M,1,1545,z,LO,1,1.0469138271100797,0.11231289844521698,0.0009746235799774627,-0.32674347530691805,0.218289790275705,373,1.8919571045576409
resid_comove_adv50M_k1_1545_z_LO_h1,hold,resid,comove,adv50M,1,1545,z,LO,1,0.5541150529943509,-0.4357399294856223,-0.10664421666958468,-0.21088376269424502,0.20894394295671864,312,1.9060897435897437
resid_comove_adv50M_k1_1545_z_LO_h3,dev,resid,comove,adv50M,1,1545,z,LO,3,,,,,,0,
resid_comove_adv50M_k1_1545_z_LO_h3,val,resid,comove,adv50M,1,1545,z,LO,3,1.005161954193497,0.6355050931927249,0.10627332702825831,-0.2261612298937835,0.18587735978848427,373,0.637354781054513
resid_comove_adv50M_k1_1545_z_LO_h3,hold,resid,comove,adv50M,1,1545,z,LO,3,1.5229471315817582,1.106793628584586,0.1877367722649239,-0.09299320086545071,0.16818328051783382,312,0.6449786324786325
resid_comove_adv50M_k1_1545_z_LO_h5,dev,resid,comove,adv50M,1,1545,z,LO,5,,,,,,0,
resid_comove_adv50M_k1_1545_z_LO_h5,val,resid,comove,adv50M,1,1545,z,LO,5,1.0074712892921625,0.7843516827111248,0.1363349979344799,-0.18554183003739255,0.18448074571116588,373,0.3818766756032171
resid_comove_adv50M_k1_1545_z_LO_h5,hold,resid,comove,adv50M,1,1545,z,LO,5,1.7302750914000267,1.459730357541148,0.24023824769932856,-0.0864060401329193,0.15582247295246032,312,0.3886538461538461
resid_comove_adv50M_k1_1545_z_LS_h1,dev,resid,comove,adv50M,1,1545,z,LS,1,,,,,,0,
resid_comove_adv50M_k1_1545_z_LS_h1,val,resid,comove,adv50M,1,1545,z,LS,1,0.6827683696007308,-1.1743211005098537,-0.10546521743630488,-0.22770229069872816,0.09136445536118976,373,1.5239946380697051
resid_comove_adv50M_k1_1545_z_LS_h1,hold,resid,comove,adv50M,1,1545,z,LS,1,-0.6605751389028446,-2.3794389878367346,-0.24323232393018512,-0.32849854679578294,0.11432094753531667,312,1.7621794871794871
resid_comove_adv50M_k1_1545_z_LS_h3,dev,resid,comove,adv50M,1,1545,z,LS,3,,,,,,0,
resid_comove_adv50M_k1_1545_z_LS_h3,val,resid,comove,adv50M,1,1545,z,LS,3,0.9122928747354822,-0.25751756981391194,-0.014600866169418136,-0.07672364226816386,0.051905089248085755,373,0.5141644325290438
resid_comove_adv50M_k1_1545_z_LS_h3,hold,resid,comove,adv50M,1,1545,z,LS,3,0.6469883931564413,-0.36734761413100425,-0.027268287633247956,-0.1346311707954203,0.0688311925494917,312,0.5957264957264957
resid_comove_adv50M_k1_1545_z_LS_h5,dev,resid,comove,adv50M,1,1545,z,LS,5,,,,,,0,
resid_comove_adv50M_k1_1545_z_LS_h5,val,resid,comove,adv50M,1,1545,z,LS,5,1.3959262088452336,0.4439553922190326,0.017276821322706803,-0.05154053071897935,0.040417607461362054,373,0.30890080428954425
resid_comove_adv50M_k1_1545_z_LS_h5,hold,resid,comove,adv50M,1,1545,z,LS,5,1.1826498129824519,0.3640235177610325,0.018242778191147835,-0.09245936235520191,0.05359595672402884,312,0.35788461538461536
resid_comove_adv50M_k3_close_raw_LO_h1,dev,resid,comove,adv50M,3,close,raw,LO,1,0.1525913049774673,-0.15604403254011714,-0.13287529562777245,-0.46097814348942645,0.40106541913140403,498,1.109437751004016
resid_comove_adv50M_k3_close_raw_LO_h1,val,resid,comove,adv50M,3,close,raw,LO,1,0.12361631522484472,-0.19416108311049005,-0.1312752954447688,-0.42591137637069365,0.37152414630681496,374,1.0697860962566845
resid_comove_adv50M_k3_close_raw_LO_h1,hold,resid,comove,adv50M,3,close,raw,LO,1,0.812687788487618,0.4840001641947161,0.11918344241364465,-0.30265758759013306,0.38517932796623644,312,1.144871794871795
resid_comove_adv50M_k3_close_raw_LO_h3,dev,resid,comove,adv50M,3,close,raw,LO,3,0.22039284888034652,0.04231148792754333,-0.05582269984895605,-0.4186151742843256,0.3855104151625476,498,0.6136546184738956
resid_comove_adv50M_k3_close_raw_LO_h3,val,resid,comove,adv50M,3,close,raw,LO,3,0.4608242761179124,0.28116379614488446,0.036452284045691785,-0.29332205988033366,0.37871293990566174,374,0.6136363636363638
resid_comove_adv50M_k3_close_raw_LO_h3,hold,resid,comove,adv50M,3,close,raw,LO,3,1.2711733217391112,1.0799600720362006,0.38724071185411835,-0.24936793385951916,0.36419441103678746,312,0.6263888888888889
resid_comove_adv50M_k3_close_raw_LO_h5,dev,resid,comove,adv50M,3,close,raw,LO,5,0.2536070233558641,0.14228041598138605,-0.015628116940955672,-0.3863347279170224,0.37175361298485904,498,0.36931726907630524
resid_comove_adv50M_k3_close_raw_LO_h5,val,resid,comove,adv50M,3,close,raw,LO,5,0.6217729263531374,0.5089160992312872,0.12752344560199802,-0.29061747964325346,0.3649333012980838,374,0.3711764705882353
resid_comove_adv50M_k3_close_raw_LO_h5,hold,resid,comove,adv50M,3,close,raw,LO,5,1.0262409811637065,0.9039610279045065,0.28623697543001736,-0.23419807163764306,0.3433789377309878,312,0.3778205128205128
resid_comove_adv50M_k3_close_raw_LS_h1,dev,resid,comove,adv50M,3,close,raw,LS,1,0.4751959524261354,-0.41766770753687066,-0.06856349412174756,-0.21328021498052752,0.1449323169340476,498,1.113152610441767
resid_comove_adv50M_k3_close_raw_LS_h1,val,resid,comove,adv50M,3,close,raw,LS,1,0.07754392496958272,-0.6748567857733352,-0.11537226747881935,-0.2514018136042634,0.16218500065092048,374,1.0585561497326204
resid_comove_adv50M_k3_close_raw_LS_h1,hold,resid,comove,adv50M,3,close,raw,LS,1,0.3833977872208243,-0.25795297517426236,-0.06936035982859379,-0.2596554536071324,0.20090012411865504,312,1.115544871794872
resid_comove_adv50M_k3_close_raw_LS_h3,dev,resid,comove,adv50M,3,close,raw,LS,3,0.7329690990284209,0.11141423904768262,0.00621583446363716,-0.10580414078658484,0.11903148136490418,498,0.6144912985274432
resid_comove_adv50M_k3_close_raw_LS_h3,val,resid,comove,adv50M,3,close,raw,LS,3,0.8256603177248999,0.3439631390131412,0.041593752599961675,-0.13509440835364073,0.1513876476723301,374,0.6102049910873442
resid_comove_adv50M_k3_close_raw_LS_h3,hold,resid,comove,adv50M,3,close,raw,LS,3,1.3007767628496185,0.8411014805675238,0.13091218497521728,-0.13416954161377415,0.16171466379357993,312,0.6209935897435899
resid_comove_adv50M_k3_close_raw_LS_h5,dev,resid,comove,adv50M,3,close,raw,LS,5,0.7638316553802034,0.2823732779632579,0.022877690698066555,-0.07052200812944576,0.09656671294759171,498,0.36989959839357434
resid_comove_adv50M_k3_close_raw_LS_h5,val,resid,comove,adv50M,3,close,raw,LS,5,0.9577747622118487,0.597582375279644,0.07085368376752577,-0.09482261417146065,0.12816188385502514,374,0.3705080213903743
resid_comove_adv50M_k3_close_raw_LS_h5,hold,resid,comove,adv50M,3,close,raw,LS,5,1.0104935498356544,0.6362752837427023,0.07439590706200927,-0.12217105961765828,0.12500771730564905,312,0.37471153846153843
resid_comove_adv50M_k3_close_z_LO_h1,dev,resid,comove,adv50M,3,close,z,LO,1,0.6847787283112119,0.23307073734633327,0.02576014114090941,-0.30061197483885715,0.294370792623474,470,1.2278723404255323
resid_comove_adv50M_k3_close_z_LO_h1,val,resid,comove,adv50M,3,close,z,LO,1,1.0369198510974633,0.4058473546405463,0.06535572907056686,-0.2642216834485447,0.2101244442298078,374,1.2278074866310162
resid_comove_adv50M_k3_close_z_LO_h1,hold,resid,comove,adv50M,3,close,z,LO,1,0.7328501175240643,0.0719492966617619,-0.006436081676011174,-0.19844697107396825,0.20715605656631592,312,1.2628205128205128
resid_comove_adv50M_k3_close_z_LO_h3,dev,resid,comove,adv50M,3,close,z,LO,3,0.6191650744719518,0.3726476529987385,0.06765249214937641,-0.25726011522228664,0.2819256446945641,470,0.6410638297872341
resid_comove_adv50M_k3_close_z_LO_h3,val,resid,comove,adv50M,3,close,z,LO,3,0.9461846307827357,0.6111665291226448,0.11221809134858218,-0.18696168333868857,0.2097226921630077,374,0.6475044563279859
resid_comove_adv50M_k3_close_z_LO_h3,hold,resid,comove,adv50M,3,close,z,LO,3,1.5525198685660586,1.1576127300772645,0.2113766583844614,-0.10962937445692111,0.17954841792100754,312,0.650854700854701
resid_comove_adv50M_k3_close_z_LO_h5,dev,resid,comove,adv50M,3,close,z,LO,5,0.5612254093028055,0.40598862255264345,0.07601259288050288,-0.24017790620214663,0.2697736159535644,470,0.386340425531915
resid_comove_adv50M_k3_close_z_LO_h5,val,resid,comove,adv50M,3,close,z,LO,5,0.8754308583797598,0.6689963568895377,0.12347368235543166,-0.1764046248151825,0.20530212102750042,374,0.3909090909090909
resid_comove_adv50M_k3_close_z_LO_h5,hold,resid,comove,adv50M,3,close,z,LO,5,1.3741957553857456,1.1215881883965453,0.1922004473996819,-0.10511234295397165,0.16954810246982477,312,0.39326923076923076
resid_comove_adv50M_k3_close_z_LS_h1,dev,resid,comove,adv50M,3,close,z,LS,1,1.0352109634563835,-0.2917246299830751,-0.03539394930207573,-0.12087773222161013,0.10475073335823025,470,1.2330851063829786
resid_comove_adv50M_k3_close_z_LS_h1,val,resid,comove,adv50M,3,close,z,LS,1,0.6361752978652357,-0.8067775551012376,-0.07835436843422627,-0.13046950610020203,0.0954860091172665,374,1.2255347593582888
resid_comove_adv50M_k3_close_z_LS_h1,hold,resid,comove,adv50M,3,close,z,LS,1,0.3117504335827178,-0.8321687694800365,-0.1058150524551783,-0.2525407770122826,0.12500473278269114,312,1.2681089743589742
resid_comove_adv50M_k3_close_z_LS_h3,dev,resid,comove,adv50M,3,close,z,LS,3,0.9090497612423627,0.04244308683316074,-6.956338508701254e-05,-0.07925062097953295,0.08672425442208358,470,0.6427659574468085
resid_comove_adv50M_k3_close_z_LS_h3,val,resid,comove,adv50M,3,close,z,LS,3,0.9622085527356549,0.05220740004208878,0.000912747409947734,-0.12685973631898206,0.08318885098037068,374,0.6471033868092694
resid_comove_adv50M_k3_close_z_LS_h3,hold,resid,comove,adv50M,3,close,z,LS,3,1.1490890252211765,0.3332134175926575,0.027158532659617984,-0.11607239360426735,0.09347572709170122,312,0.6496260683760685
resid_comove_adv50M_k3_close_z_LS_h5,dev,resid,comove,adv50M,3,close,z,LS,5,0.7563011993507129,0.0990781112516221,0.004556367453463661,-0.05355215314113282,0.0719228870723118,470,0.3869787234042553
resid_comove_adv50M_k3_close_z_LS_h5,val,resid,comove,adv50M,3,close,z,LS,5,0.7759167482683544,0.08854074666197762,0.0037594740366602153,-0.09681508187838828,0.06951504905546263,374,0.39109625668449194
resid_comove_adv50M_k3_close_z_LS_h5,hold,resid,comove,adv50M,3,close,z,LS,5,0.6418745919018664,0.045985554428816244,0.00046282332470259924,-0.13104251192390037,0.08086327733906257,312,0.39282051282051283
resid_comove_adv50M_k3_1545_raw_LO_h1,dev,resid,comove,adv50M,3,1545,raw,LO,1,,,,,,0,
resid_comove_adv50M_k3_1545_raw_LO_h1,val,resid,comove,adv50M,3,1545,raw,LO,1,0.11612927202825489,-0.21290659079995675,-0.1320635417718049,-0.4026952996035942,0.36111593685453497,373,1.0777479892761395
resid_comove_adv50M_k3_1545_raw_LO_h1,hold,resid,comove,adv50M,3,1545,raw,LO,1,0.864480139912888,0.5217987215361698,0.1337377702773599,-0.25393488697008026,0.3736177650245313,312,1.1599358974358975
resid_comove_adv50M_k3_1545_raw_LO_h3,dev,resid,comove,adv50M,3,1545,raw,LO,3,,,,,,0,
resid_comove_adv50M_k3_1545_raw_LO_h3,val,resid,comove,adv50M,3,1545,raw,LO,3,0.4723745588546073,0.28989868394086155,0.0406874415445595,-0.28565826216238854,0.3690519142038007,373,0.6075067024128687
resid_comove_adv50M_k3_1545_raw_LO_h3,hold,resid,comove,adv50M,3,1545,raw,LO,3,1.2615099800978005,1.067179729639189,0.3727290375050687,-0.24266979945386868,0.3560047149260866,312,0.6232905982905984
resid_comove_adv50M_k3_1545_raw_LO_h5,dev,resid,comove,adv50M,3,1545,raw,LO,5,,,,,,0,
resid_comove_adv50M_k3_1545_raw_LO_h5,val,resid,comove,adv50M,3,1545,raw,LO,5,0.666176243281002,0.5513163692691256,0.1428229226814408,-0.2793038639217431,0.3547251647359154,373,0.3672922252010724
resid_comove_adv50M_k3_1545_raw_LO_h5,hold,resid,comove,adv50M,3,1545,raw,LO,5,1.0336719343272118,0.9090920527941473,0.2824038160471891,-0.22796740791062797,0.33517508620406183,312,0.37634615384615383
resid_comove_adv50M_k3_1545_raw_LS_h1,dev,resid,comove,adv50M,3,1545,raw,LS,1,,,,,,0,
resid_comove_adv50M_k3_1545_raw_LS_h1,val,resid,comove,adv50M,3,1545,raw,LS,1,-0.1449949235576137,-0.8427807344059374,-0.13224600288346322,-0.25888423682906037,0.15420068876606552,373,0.9272117962466488
resid_comove_adv50M_k3_1545_raw_LS_h1,hold,resid,comove,adv50M,3,1545,raw,LS,1,0.45589538368761284,-0.19459612994214115,-0.05346620582769457,-0.21707743090866216,0.19011029506498664,312,1.0700320512820514
resid_comove_adv50M_k3_1545_raw_LS_h3,dev,resid,comove,adv50M,3,1545,raw,LS,3,,,,,,0,
resid_comove_adv50M_k3_1545_raw_LS_h3,val,resid,comove,adv50M,3,1545,raw,LS,3,0.5324739884156866,0.09196647141042641,0.0029917848363010258,-0.15354342875539828,0.14418302620764673,373,0.5249776586237712
resid_comove_adv50M_k3_1545_raw_LS_h3,hold,resid,comove,adv50M,3,1545,raw,LS,3,1.3121347336208928,0.8545045231116899,0.12731475004331072,-0.122584684926071,0.15403040220292502,312,0.5868589743589744
resid_comove_adv50M_k3_1545_raw_LS_h5,dev,resid,comove,adv50M,3,1545,raw,LS,5,,,,,,0,
resid_comove_adv50M_k3_1545_raw_LS_h5,val,resid,comove,adv50M,3,1545,raw,LS,5,0.7386666600884997,0.4006524259060928,0.041701493592051,-0.1161052704847676,0.11963503353531384,373,0.3183378016085791
resid_comove_adv50M_k3_1545_raw_LS_h5,hold,resid,comove,adv50M,3,1545,raw,LS,5,1.037903414048876,0.6546008618439272,0.07181246237511574,-0.10383371353325621,0.11621022571835495,312,0.35442307692307695
resid_comove_adv50M_k3_1545_z_LO_h1,dev,resid,comove,adv50M,3,1545,z,LO,1,,,,,,0,
resid_comove_adv50M_k3_1545_z_LO_h1,val,resid,comove,adv50M,3,1545,z,LO,1,0.9901349621160312,0.3456379588563023,0.051329742224642816,-0.2624752194893859,0.20562531106517246,373,1.227882037533512
resid_comove_adv50M_k3_1545_z_LO_h1,hold,resid,comove,adv50M,3,1545,z,LO,1,0.6603834348607757,-0.006433119176799304,-0.022555698330024465,-0.16606083205777777,0.207934166584184,312,1.2788461538461537
resid_comove_adv50M_k3_1545_z_LO_h3,dev,resid,comove,adv50M,3,1545,z,LO,3,,,,,,0,
resid_comove_adv50M_k3_1545_z_LO_h3,val,resid,comove,adv50M,3,1545,z,LO,3,0.8324789286685982,0.49384520960202544,0.08356003266906287,-0.2004919420647433,0.20440005855406443,373,0.6377122430741735
resid_comove_adv50M_k3_1545_z_LO_h3,hold,resid,comove,adv50M,3,1545,z,LO,3,1.6483879419421004,1.252898018476479,0.230442473814789,-0.10324097944183652,0.178163495975566,312,0.6469017094017095
resid_comove_adv50M_k3_1545_z_LO_h5,dev,resid,comove,adv50M,3,1545,z,LO,5,,,,,,0,
resid_comove_adv50M_k3_1545_z_LO_h5,val,resid,comove,adv50M,3,1545,z,LO,5,0.8453171349642042,0.6348177887983701,0.11208903808649873,-0.17275854739393337,0.19793904724529474,373,0.38418230563002687
resid_comove_adv50M_k3_1545_z_LO_h5,hold,resid,comove,adv50M,3,1545,z,LO,5,1.4816524402934164,1.2279609054791447,0.21165466733619676,-0.09807301300484916,0.1678109554481778,312,0.3910256410256409
resid_comove_adv50M_k3_1545_z_LS_h1,dev,resid,comove,adv50M,3,1545,z,LS,1,,,,,,0,
resid_comove_adv50M_k3_1545_z_LS_h1,val,resid,comove,adv50M,3,1545,z,LS,1,0.3521353011733413,-1.0592932263873285,-0.08829603806221908,-0.14699189825781345,0.08393247057963237,373,1.0471849865951743
resid_comove_adv50M_k3_1545_z_LS_h1,hold,resid,comove,adv50M,3,1545,z,LS,1,0.12740931264045524,-1.0183680223858371,-0.1197983285469727,-0.23735123606434494,0.11840692143863459,312,1.2008012820512821
resid_comove_adv50M_k3_1545_z_LS_h3,dev,resid,comove,adv50M,3,1545,z,LS,3,,,,,,0,
resid_comove_adv50M_k3_1545_z_LS_h3,val,resid,comove,adv50M,3,1545,z,LS,3,0.6390773926444098,-0.2836152611547879,-0.022002565000493357,-0.13282535887168234,0.06988274814746433,373,0.5438784629133154
resid_comove_adv50M_k3_1545_z_LS_h3,hold,resid,comove,adv50M,3,1545,z,LS,3,1.1843654566432535,0.3812480251978695,0.03058333231122523,-0.10455969077026939,0.08947063894042545,312,0.6094551282051283
resid_comove_adv50M_k3_1545_z_LS_h5,dev,resid,comove,adv50M,3,1545,z,LS,5,,,,,,0,
resid_comove_adv50M_k3_1545_z_LS_h5,val,resid,comove,adv50M,3,1545,z,LS,5,0.7279144498363491,0.01884093384314665,-0.0005707814594009264,-0.10391698469738053,0.057724155629860545,373,0.3277479892761394
resid_comove_adv50M_k3_1545_z_LS_h5,hold,resid,comove,adv50M,3,1545,z,LS,5,0.7272620997068091,0.13751060165495121,0.007671285900193947,-0.1154170748425104,0.07708796852937241,312,0.3676602564102564
resid_comove_adv50M_k5_close_raw_LO_h1,dev,resid,comove,adv50M,5,close,raw,LO,1,0.3216408403291983,0.08302470171606882,-0.04717271652762167,-0.4216247195213657,0.40667338574572304,496,0.8703629032258066
resid_comove_adv50M_k5_close_raw_LO_h1,val,resid,comove,adv50M,5,close,raw,LO,1,0.5253556693978713,0.2942850701059266,0.04025556623908222,-0.2764783683681986,0.3918675532864965,374,0.8216577540106951
resid_comove_adv50M_k5_close_raw_LO_h1,hold,resid,comove,adv50M,5,close,raw,LO,1,0.7312010662604939,0.46878679985611527,0.11253239696668693,-0.2573341421665909,0.3813550239947097,312,0.9038461538461539
resid_comove_adv50M_k5_close_raw_LO_h3,dev,resid,comove,adv50M,5,close,raw,LO,3,0.35502902957099186,0.21354026101887164,0.007360827200365572,-0.3946897398987209,0.39279768846349933,496,0.49711021505376346
resid_comove_adv50M_k5_close_raw_LO_h3,val,resid,comove,adv50M,5,close,raw,LO,3,0.7826871701858218,0.6412645761522111,0.19019341705853532,-0.2980095213910886,0.3856239325990329,374,0.49188948306595365
resid_comove_adv50M_k5_close_raw_LO_h3,hold,resid,comove,adv50M,5,close,raw,LO,3,0.9009421874089534,0.7413647472284504,0.2237755323089763,-0.2162200236304268,0.3584518723910369,312,0.5150641025641026
resid_comove_adv50M_k5_close_raw_LO_h5,dev,resid,comove,adv50M,5,close,raw,LO,5,0.3187450422659599,0.21019066118863333,0.008230521567887727,-0.37967524984515333,0.3800563005563117,496,0.36826612903225814
resid_comove_adv50M_k5_close_raw_LO_h5,val,resid,comove,adv50M,5,close,raw,LO,5,0.7807687677470174,0.6684695253541336,0.19730036257406836,-0.2846050812955905,0.37065697596595576,374,0.3745989304812834
resid_comove_adv50M_k5_close_raw_LO_h5,hold,resid,comove,adv50M,5,close,raw,LO,5,0.7453751463134352,0.621047815029277,0.16568463674978307,-0.2199724754698218,0.3389801620432407,312,0.37910256410256404
resid_comove_adv50M_k5_close_raw_LS_h1,dev,resid,comove,adv50M,5,close,raw,LS,1,0.6056178485269529,-0.08043743976594489,-0.02269093278543255,-0.16917255714604473,0.14856216477687265,496,0.8668346774193548
resid_comove_adv50M_k5_close_raw_LS_h1,val,resid,comove,adv50M,5,close,raw,LS,1,0.8319160806537392,0.28491582638769514,0.035252577022980125,-0.1929937772107836,0.17443172681710514,374,0.8161764705882353
resid_comove_adv50M_k5_close_raw_LS_h1,hold,resid,comove,adv50M,5,close,raw,LS,1,0.8182751261592259,0.2769462415652592,0.03523929617151067,-0.24529398353651521,0.18886353422198815,312,0.8753205128205129
resid_comove_adv50M_k5_close_raw_LS_h3,dev,resid,comove,adv50M,5,close,raw,LS,3,0.9592784069347061,0.47684778541544504,0.053827200721557666,-0.09430528476170041,0.12673994523391677,496,0.4990591397849463
resid_comove_adv50M_k5_close_raw_LS_h3,val,resid,comove,adv50M,5,close,raw,LS,3,1.0785323899179247,0.713602238151593,0.10855510325818596,-0.12455778785296567,0.16278195109071006,374,0.48734402852049913
resid_comove_adv50M_k5_close_raw_LS_h3,hold,resid,comove,adv50M,5,close,raw,LS,3,0.8204092240283405,0.432643999421184,0.057615294576304876,-0.17323560598176668,0.15824900844911818,312,0.5044337606837607
resid_comove_adv50M_k5_close_raw_LS_h5,dev,resid,comove,adv50M,5,close,raw,LS,5,0.7053712942714202,0.291806215727474,0.026900604030740682,-0.09954183884913614,0.11264091432813565,496,0.3686491935483871
resid_comove_adv50M_k5_close_raw_LS_h5,val,resid,comove,adv50M,5,close,raw,LS,5,0.9486195468592413,0.6242911597016548,0.08235113085735501,-0.1158665661295768,0.1429984889294229,374,0.36994652406417117
resid_comove_adv50M_k5_close_raw_LS_h5,hold,resid,comove,adv50M,5,close,raw,LS,5,0.2271919728180023,-0.1220722994045712,-0.025038436104450557,-0.17449120065317691,0.13422751705483443,312,0.3737820512820513
resid_comove_adv50M_k5_close_z_LO_h1,dev,resid,comove,adv50M,5,close,z,LO,1,0.6214430037527513,0.26752818853945903,0.036009625592583694,-0.27642527884181023,0.3038423120765255,470,0.9940425531914895
resid_comove_adv50M_k5_close_z_LO_h1,val,resid,comove,adv50M,5,close,z,LO,1,0.9628140341462837,0.4992759513132871,0.09333975262331862,-0.1989325393713851,0.2316540395972339,374,0.990909090909091
resid_comove_adv50M_k5_close_z_LO_h1,hold,resid,comove,adv50M,5,close,z,LO,1,1.389868148017532,0.8241248031136441,0.15641551890086913,-0.10725685075310532,0.2006774805243464,312,1.046474358974359
resid_comove_adv50M_k5_close_z_LO_h3,dev,resid,comove,adv50M,5,close,z,LO,3,0.5465821647749987,0.3478051715235685,0.06068404803816829,-0.2751498250407204,0.2886525701507115,470,0.5301418439716312
resid_comove_adv50M_k5_close_z_LO_h3,val,resid,comove,adv50M,5,close,z,LO,3,0.8882581271341944,0.6284810747400831,0.1234537017248063,-0.18471625261795765,0.22507928522172874,374,0.538680926916221
resid_comove_adv50M_k5_close_z_LO_h3,hold,resid,comove,adv50M,5,close,z,LO,3,1.7270247204548634,1.3972659817724842,0.2674533465274951,-0.08206078420678653,0.18142360225428897,312,0.5496794871794872
resid_comove_adv50M_k5_close_z_LO_h5,dev,resid,comove,adv50M,5,close,z,LO,5,0.47301298866389957,0.3231261668956415,0.052631929682696255,-0.27093873472371266,0.2770636845377235,470,0.3833191489361702
resid_comove_adv50M_k5_close_z_LO_h5,val,resid,comove,adv50M,5,close,z,LO,5,0.7153275846374728,0.521183293034031,0.09489159471913777,-0.18604453454147152,0.21968819795810768,374,0.3921390374331551
resid_comove_adv50M_k5_close_z_LO_h5,hold,resid,comove,adv50M,5,close,z,LO,5,1.494099937107524,1.2468662921290856,0.22306274216455546,-0.09472700572303838,0.1735911416707046,312,0.39391025641025634
resid_comove_adv50M_k5_close_z_LS_h1,dev,resid,comove,adv50M,5,close,z,LS,1,0.7783988686349878,-0.2673399982279445,-0.034313993964865674,-0.14811834662644785,0.10862201374659122,470,0.9984042553191489
resid_comove_adv50M_k5_close_z_LS_h1,val,resid,comove,adv50M,5,close,z,LS,1,1.039897823286627,-0.025167202264718108,-0.00820125934621485,-0.17453495160419064,0.10613917545684493,374,0.9933155080213903
resid_comove_adv50M_k5_close_z_LS_h1,hold,resid,comove,adv50M,5,close,z,LS,1,1.0819921200091573,0.10821180246566309,0.0057886406774096955,-0.19798970779219716,0.1227047220622187,312,1.051923076923077
resid_comove_adv50M_k5_close_z_LS_h3,dev,resid,comove,adv50M,5,close,z,LS,3,0.6429161919124563,-0.03356349186838174,-0.007522413271552675,-0.0977122775000504,0.09392656055589695,470,0.5356382978723404
resid_comove_adv50M_k5_close_z_LS_h3,val,resid,comove,adv50M,5,close,z,LS,3,1.0024770394555254,0.340120893462497,0.02859925783593109,-0.12341847249242177,0.09645574456746583,374,0.5382798573975045
resid_comove_adv50M_k5_close_z_LS_h3,hold,resid,comove,adv50M,5,close,z,LS,3,1.1602979635510298,0.5379837326944936,0.05213557954843018,-0.1331864265267878,0.10460431038829376,312,0.5475961538461538
resid_comove_adv50M_k5_close_z_LS_h5,dev,resid,comove,adv50M,5,close,z,LS,5,0.3854836530294162,-0.1876602890373971,-0.018724657054418836,-0.0768715231958611,0.08259413739871649,470,0.38610638297872346
resid_comove_adv50M_k5_close_z_LS_h5,val,resid,comove,adv50M,5,close,z,LS,5,0.6801406173860445,0.11551084120159143,0.006249006001866508,-0.11384462688608088,0.0850018821819915,374,0.3910160427807487
resid_comove_adv50M_k5_close_z_LS_h5,hold,resid,comove,adv50M,5,close,z,LS,5,0.6182963816933432,0.11392043001989215,0.006364088866004591,-0.13690106738306895,0.09559734976689598,312,0.39227564102564105
resid_comove_adv50M_k5_1545_raw_LO_h1,dev,resid,comove,adv50M,5,1545,raw,LO,1,,,,,,0,
resid_comove_adv50M_k5_1545_raw_LO_h1,val,resid,comove,adv50M,5,1545,raw,LO,1,0.5670420560924784,0.32945732908372394,0.054913142835064876,-0.2773314760267096,0.39168526437954065,373,0.8458445040214477
resid_comove_adv50M_k5_1545_raw_LO_h1,hold,resid,comove,adv50M,5,1545,raw,LO,1,0.9659427092971223,0.6959850556652852,0.21077081782758045,-0.21997355414650432,0.3748598274181773,312,0.9163461538461538
resid_comove_adv50M_k5_1545_raw_LO_h3,dev,resid,comove,adv50M,5,1545,raw,LO,3,,,,,,0,
resid_comove_adv50M_k5_1545_raw_LO_h3,val,resid,comove,adv50M,5,1545,raw,LO,3,0.8261310080086659,0.6824161133102927,0.20633776400494352,-0.2824148598214987,0.37755853102532844,373,0.48972296693476314
resid_comove_adv50M_k5_1545_raw_LO_h3,hold,resid,comove,adv50M,5,1545,raw,LO,3,1.0262826484822556,0.8639929279756304,0.2745661897042997,-0.20571798392567475,0.3520628204275308,312,0.5157051282051283
resid_comove_adv50M_k5_1545_raw_LO_h5,dev,resid,comove,adv50M,5,1545,raw,LO,5,,,,,,0,
resid_comove_adv50M_k5_1545_raw_LO_h5,val,resid,comove,adv50M,5,1545,raw,LO,5,0.8488601878412565,0.7355918652895845,0.2234218236217147,-0.2717276941330736,0.36173654147300477,373,0.3689544235924933
resid_comove_adv50M_k5_1545_raw_LO_h5,hold,resid,comove,adv50M,5,1545,raw,LO,5,0.8070469336011621,0.6814169545354948,0.18749948214081025,-0.2152125415259203,0.33351442718999225,312,0.3776282051282051
resid_comove_adv50M_k5_1545_raw_LS_h1,dev,resid,comove,adv50M,5,1545,raw,LS,1,,,,,,0,
resid_comove_adv50M_k5_1545_raw_LS_h1,val,resid,comove,adv50M,5,1545,raw,LS,1,0.6483634330834938,0.1406794758120113,0.009701725350483636,-0.2201844267833719,0.16936764556257367,373,0.730965147453083
resid_comove_adv50M_k5_1545_raw_LS_h1,hold,resid,comove,adv50M,5,1545,raw,LS,1,1.2251495081232064,0.6833823111479616,0.11428094333144068,-0.20693860799221708,0.18245848981620963,312,0.8474358974358973
resid_comove_adv50M_k5_1545_raw_LS_h3,dev,resid,comove,adv50M,5,1545,raw,LS,3,,,,,,0,
resid_comove_adv50M_k5_1545_raw_LS_h3,val,resid,comove,adv50M,5,1545,raw,LS,3,0.9713456098373938,0.6244895240041138,0.08659718599749722,-0.13588421436469822,0.15101694247893055,373,0.4239499553172476
resid_comove_adv50M_k5_1545_raw_LS_h3,hold,resid,comove,adv50M,5,1545,raw,LS,3,1.1898226520363324,0.796952594398885,0.11408913055143977,-0.12057221730125034,0.1495077564364578,312,0.4816773504273505
resid_comove_adv50M_k5_1545_raw_LS_h5,dev,resid,comove,adv50M,5,1545,raw,LS,5,,,,,,0,
resid_comove_adv50M_k5_1545_raw_LS_h5,val,resid,comove,adv50M,5,1545,raw,LS,5,0.8872228896040155,0.5819689287577913,0.07134039085334276,-0.1324429817627384,0.13358483643393831,373,0.3193833780160858
resid_comove_adv50M_k5_1545_raw_LS_h5,hold,resid,comove,adv50M,5,1545,raw,LS,5,0.38324629261196475,0.022229770845157322,-0.004885164240665207,-0.15603385504857703,0.12399056536010855,312,0.3548076923076923
resid_comove_adv50M_k5_1545_z_LO_h1,dev,resid,comove,adv50M,5,1545,z,LO,1,,,,,,0,
resid_comove_adv50M_k5_1545_z_LO_h1,val,resid,comove,adv50M,5,1545,z,LO,1,0.9851225279808827,0.5069353946115093,0.09417604891858988,-0.20550380552073244,0.2276994373208065,373,1.0056300268096516
resid_comove_adv50M_k5_1545_z_LO_h1,hold,resid,comove,adv50M,5,1545,z,LO,1,1.4774235981533157,0.9187875896220351,0.18336761705413118,-0.13359936190103816,0.20634953031349443,312,1.0621794871794872
resid_comove_adv50M_k5_1545_z_LO_h3,dev,resid,comove,adv50M,5,1545,z,LO,3,,,,,,0,
resid_comove_adv50M_k5_1545_z_LO_h3,val,resid,comove,adv50M,5,1545,z,LO,3,0.8663350795705378,0.6062866857610203,0.11649008054385157,-0.19322432147858737,0.22165854923370504,373,0.5311885612153708
resid_comove_adv50M_k5_1545_z_LO_h3,hold,resid,comove,adv50M,5,1545,z,LO,3,1.7803807113531862,1.4551689505150742,0.284466439031704,-0.08830523451436667,0.1836562791064208,312,0.5488247863247863
resid_comove_adv50M_k5_1545_z_LO_h5,dev,resid,comove,adv50M,5,1545,z,LO,5,,,,,,0,
resid_comove_adv50M_k5_1545_z_LO_h5,val,resid,comove,adv50M,5,1545,z,LO,5,0.7645432605364408,0.5675333816755881,0.10325702119686953,-0.17860043362404554,0.21238635559884333,373,0.38477211796246646
resid_comove_adv50M_k5_1545_z_LO_h5,hold,resid,comove,adv50M,5,1545,z,LO,5,1.5387162810563182,1.2935264833036149,0.23353049307858553,-0.09791709275046312,0.1739761423865203,312,0.3915384615384615
resid_comove_adv50M_k5_1545_z_LS_h1,dev,resid,comove,adv50M,5,1545,z,LS,1,,,,,,0,
resid_comove_adv50M_k5_1545_z_LS_h1,val,resid,comove,adv50M,5,1545,z,LS,1,1.098711995546939,0.0573679242582809,0.0009360020478936804,-0.16059963957748524,0.09670203434758898,373,0.8797587131367293
resid_comove_adv50M_k5_1545_z_LS_h1,hold,resid,comove,adv50M,5,1545,z,LS,1,0.9174380752387514,-0.026426075918238503,-0.010539365809751233,-0.21754970292159692,0.12164647119096941,312,1.0084935897435896
resid_comove_adv50M_k5_1545_z_LS_h3,dev,resid,comove,adv50M,5,1545,z,LS,3,,,,,,0,
resid_comove_adv50M_k5_1545_z_LS_h3,val,resid,comove,adv50M,5,1545,z,LS,3,1.0469019307249046,0.39627495058924017,0.030675933386046905,-0.10813587829879923,0.08534600844673298,373,0.46130473637176056
resid_comove_adv50M_k5_1545_z_LS_h3,hold,resid,comove,adv50M,5,1545,z,LS,3,1.1334384291445696,0.5173006216496946,0.048151237209271835,-0.13263462974577844,0.10067675257688108,312,0.5194444444444445
resid_comove_adv50M_k5_1545_z_LS_h5,dev,resid,comove,adv50M,5,1545,z,LS,5,,,,,,0,
resid_comove_adv50M_k5_1545_z_LS_h5,val,resid,comove,adv50M,5,1545,z,LS,5,0.7969107053355341,0.22610251668037432,0.013947451361163044,-0.09756625474369685,0.07295444432020783,373,0.3329222520107239
resid_comove_adv50M_k5_1545_z_LS_h5,hold,resid,comove,adv50M,5,1545,z,LS,5,0.4869801369252842,-0.019258472334374253,-0.005800126660829186,-0.14202296750904553,0.0904884873475835,312,0.37
resid_industry_adv50M_k1_close_raw_LO_h1,dev,resid,industry,adv50M,1,close,raw,LO,1,-0.2378447866178206,-0.671524926625289,-0.3529199037093379,-0.8696267616911801,0.4769504544482993,1006,1.784393638170974
resid_industry_adv50M_k1_close_raw_LO_h1,val,resid,industry,adv50M,1,close,raw,LO,1,0.5054944319916661,0.016262317634365524,-0.0711761672814134,-0.44807606137183575,0.4021853113693338,374,1.7879679144385028
resid_industry_adv50M_k1_close_raw_LO_h1,hold,resid,industry,adv50M,1,close,raw,LO,1,-0.026862740988986177,-0.47720674222696036,-0.2735439914074709,-0.42336056499623886,0.45378048902264784,312,1.8384615384615386
resid_industry_adv50M_k1_close_raw_LO_h3,dev,resid,industry,adv50M,1,close,raw,LO,3,0.06625561130047028,-0.08933182516326277,-0.13171517525108967,-0.8059974743829468,0.449130984567878,1006,0.6036779324055666
resid_industry_adv50M_k1_close_raw_LO_h3,val,resid,industry,adv50M,1,close,raw,LO,3,0.4871079556875351,0.3049498353308239,0.04591443858148492,-0.36011689701277594,0.36527826930084656,374,0.6041889483065954
resid_industry_adv50M_k1_close_raw_LO_h3,hold,resid,industry,adv50M,1,close,raw,LO,3,0.7531147226531848,0.5874602145043614,0.17181423901554482,-0.2764270818691432,0.4171503627610406,312,0.620940170940171
resid_industry_adv50M_k1_close_raw_LO_h5,dev,resid,industry,adv50M,1,close,raw,LO,5,0.18029148750983195,0.08298875337243548,-0.05660680894597858,-0.7238792394031861,0.4338947614173062,1006,0.3634592445328032
resid_industry_adv50M_k1_close_raw_LO_h5,val,resid,industry,adv50M,1,close,raw,LO,5,0.5562457207804622,0.4468661308269285,0.10194248758183377,-0.36120291317809006,0.36732127286319527,374,0.3651336898395721
resid_industry_adv50M_k1_close_raw_LO_h5,hold,resid,industry,adv50M,1,close,raw,LO,5,0.785940016971733,0.6821246475405409,0.21346031798458065,-0.26595446187341265,0.400371344215187,312,0.37352564102564095
resid_industry_adv50M_k1_close_raw_LS_h1,dev,resid,industry,adv50M,1,close,raw,LS,1,-0.6774542454555708,-1.7980771221546934,-0.2994618053618038,-0.7585812038075004,0.1879698226502998,1006,1.784393638170974
resid_industry_adv50M_k1_close_raw_LS_h1,val,resid,industry,adv50M,1,close,raw,LS,1,0.2703021037022579,-0.9353579090747003,-0.15724133428902087,-0.2447996956480195,0.1678344868364136,374,1.7926470588235295
resid_industry_adv50M_k1_close_raw_LS_h1,hold,resid,industry,adv50M,1,close,raw,LS,1,-0.07508265984317117,-1.0653161568957412,-0.21750403892867454,-0.30378732215385384,0.20956538364320448,312,1.8269230769230769
resid_industry_adv50M_k1_close_raw_LS_h3,dev,resid,industry,adv50M,1,close,raw,LS,3,0.13198737479152206,-0.4565237827183981,-0.06330694959203975,-0.3559232879494352,0.126028701361019,1006,0.6050033134526176
resid_industry_adv50M_k1_close_raw_LS_h3,val,resid,industry,adv50M,1,close,raw,LS,3,0.1589141070887654,-0.5206424016236404,-0.058228967161769396,-0.12647772817533787,0.1046920547838215,374,0.6044563279857398
resid_industry_adv50M_k1_close_raw_LS_h3,hold,resid,industry,adv50M,1,close,raw,LS,3,0.8825380234675622,0.32185622490995525,0.03422500309980303,-0.1480750004546305,0.1310027596066874,312,0.6203525641025641
resid_industry_adv50M_k1_close_raw_LS_h5,dev,resid,industry,adv50M,1,close,raw,LS,5,0.3523367983380901,-0.10251418645380662,-0.015412991017832445,-0.18505376274175311,0.10159427597415156,1006,0.36404572564612325
resid_industry_adv50M_k1_close_raw_LS_h5,val,resid,industry,adv50M,1,close,raw,LS,5,0.5936519128386134,0.046703654108927774,0.0004993029452136089,-0.08165064424618584,0.08153325335435309,374,0.3662566844919787
resid_industry_adv50M_k1_close_raw_LS_h5,hold,resid,industry,adv50M,1,close,raw,LS,5,1.2504978087124976,0.8172974965190458,0.08383934792021819,-0.10279292436926224,0.10523764568085948,312,0.3719230769230769
resid_industry_adv50M_k1_close_z_LO_h1,dev,resid,industry,adv50M,1,close,z,LO,1,0.334270227700116,-0.27718465705186396,-0.13873080339655675,-0.5289786749975913,0.33461921445631915,1006,1.8858846918489063
resid_industry_adv50M_k1_close_z_LO_h1,val,resid,industry,adv50M,1,close,z,LO,1,0.4374425624763295,-0.478863471151104,-0.12328890553799854,-0.3836008363561013,0.22326083005581115,374,1.9042780748663102
resid_industry_adv50M_k1_close_z_LO_h1,hold,resid,industry,adv50M,1,close,z,LO,1,0.8199799744961132,-0.12672052384088922,-0.050594845020776824,-0.16387229231837053,0.21993375782337304,312,1.9246794871794872
resid_industry_adv50M_k1_close_z_LO_h3,dev,resid,industry,adv50M,1,close,z,LO,3,0.37570304638958396,0.1509389189569595,-0.001570240330157402,-0.47127599046730384,0.30877275084740835,1006,0.6397282968853545
resid_industry_adv50M_k1_close_z_LO_h3,val,resid,industry,adv50M,1,close,z,LO,3,0.6574179915089255,0.30525140048083865,0.0417453085303463,-0.22766625695713372,0.1967112972752182,374,0.6447415329768272
resid_industry_adv50M_k1_close_z_LO_h3,hold,resid,industry,adv50M,1,close,z,LO,3,1.5964859561536966,1.2019611023306358,0.2200883211811988,-0.10512700354337878,0.17874212612123339,312,0.6517094017094018
resid_industry_adv50M_k1_close_z_LO_h5,dev,resid,industry,adv50M,1,close,z,LO,5,0.46058893552711355,0.3227969746095047,0.05278000740598654,-0.46177590286092063,0.302054368618201,1006,0.3837574552683897
resid_industry_adv50M_k1_close_z_LO_h5,val,resid,industry,adv50M,1,close,z,LO,5,0.80251996697,0.5940086540683437,0.10376342284214823,-0.19850363893194312,0.19936508129705915,374,0.3870053475935829
resid_industry_adv50M_k1_close_z_LO_h5,hold,resid,industry,adv50M,1,close,z,LO,5,1.8524719317715417,1.6003936313216676,0.2912560891181979,-0.09199266221841873,0.16861686106747367,312,0.3928205128205127
resid_industry_adv50M_k1_close_z_LS_h1,dev,resid,industry,adv50M,1,close,z,LS,1,0.021126309697370095,-1.759401245936511,-0.19325625251842538,-0.5778399304688976,0.11805055413440951,1006,1.8853876739562625
resid_industry_adv50M_k1_close_z_LS_h1,val,resid,industry,adv50M,1,close,z,LS,1,0.2154959308867652,-1.9225999121611979,-0.17636597514292518,-0.2892781296926711,0.09837589946943646,374,1.9068181818181817
resid_industry_adv50M_k1_close_z_LS_h1,hold,resid,industry,adv50M,1,close,z,LS,1,0.4054346118403628,-1.361873590756503,-0.15803695726110256,-0.213118258937686,0.12091554419532288,312,1.925
resid_industry_adv50M_k1_close_z_LS_h3,dev,resid,industry,adv50M,1,close,z,LS,3,0.4043742108326082,-0.5772320340583521,-0.04551096297861168,-0.19023600878471814,0.07574172865585059,1006,0.6388336646785951
resid_industry_adv50M_k1_close_z_LS_h3,val,resid,industry,adv50M,1,close,z,LS,3,0.23730371774170594,-1.141294222245445,-0.06097922029052494,-0.09888604137907919,0.05385584531304814,374,0.6435383244206775
resid_industry_adv50M_k1_close_z_LS_h3,hold,resid,industry,adv50M,1,close,z,LS,3,1.2575536601604287,0.2051182883353641,0.012233580661256127,-0.07612306295266658,0.07179054786226581,312,0.6510683760683762
resid_industry_adv50M_k1_close_z_LS_h5,dev,resid,industry,adv50M,1,close,z,LS,5,0.5501651446294882,-0.22003694652648415,-0.014941222017079925,-0.08549948092085136,0.060215352090798695,1006,0.384065606361829
resid_industry_adv50M_k1_close_z_LS_h5,val,resid,industry,adv50M,1,close,z,LS,5,0.4490293156290285,-0.6843256207774862,-0.028469500539060166,-0.08106985873610983,0.0409807593055723,374,0.3873262032085562
resid_industry_adv50M_k1_close_z_LS_h5,hold,resid,industry,adv50M,1,close,z,LS,5,1.8245482906403678,1.0266114230114303,0.06084569702852605,-0.05598573518462202,0.0592442950292757,312,0.39150641025641025
resid_industry_adv50M_k1_1545_raw_LO_h1,dev,resid,industry,adv50M,1,1545,raw,LO,1,,,,,,0,
resid_industry_adv50M_k1_1545_raw_LO_h1,val,resid,industry,adv50M,1,1545,raw,LO,1,0.6180304725034116,0.15849950498103782,-0.010534797402206308,-0.4511303408559323,0.37582373957399695,373,1.5707774798927616
resid_industry_adv50M_k1_1545_raw_LO_h1,hold,resid,industry,adv50M,1,1545,raw,LO,1,0.023092371909570145,-0.4180606581577953,-0.2519609608742477,-0.385678829932654,0.4509732397093588,312,1.7958333333333332
resid_industry_adv50M_k1_1545_raw_LO_h3,dev,resid,industry,adv50M,1,1545,raw,LO,3,,,,,,0,
resid_industry_adv50M_k1_1545_raw_LO_h3,val,resid,industry,adv50M,1,1545,raw,LO,3,0.7190679400915543,0.5500677582279652,0.13963872190810633,-0.36190994359634954,0.34645941323731094,373,0.5324396782841824
resid_industry_adv50M_k1_1545_raw_LO_h3,hold,resid,industry,adv50M,1,1545,raw,LO,3,0.8846954786504494,0.7208851072192023,0.23724125217506176,-0.27848753566415096,0.41285279476021636,312,0.6103632478632479
resid_industry_adv50M_k1_1545_raw_LO_h5,dev,resid,industry,adv50M,1,1545,raw,LO,5,,,,,,0,
resid_industry_adv50M_k1_1545_raw_LO_h5,val,resid,industry,adv50M,1,1545,raw,LO,5,0.6613879986145381,0.5612441414244145,0.14545202031689497,-0.36538690432279075,0.3514414297057041,373,0.3201608579088472
resid_industry_adv50M_k1_1545_raw_LO_h5,hold,resid,industry,adv50M,1,1545,raw,LO,5,0.9783678857156682,0.8747110329564209,0.3050325935801348,-0.2612629161093104,0.3914959210735708,312,0.3662179487179487
resid_industry_adv50M_k1_1545_raw_LS_h1,dev,resid,industry,adv50M,1,1545,raw,LS,1,,,,,,0,
resid_industry_adv50M_k1_1545_raw_LS_h1,val,resid,industry,adv50M,1,1545,raw,LS,1,0.22803507811178172,-0.8332239503547954,-0.12853224272544417,-0.22468281880264118,0.15136675496782606,373,1.41313672922252
resid_industry_adv50M_k1_1545_raw_LS_h1,hold,resid,industry,adv50M,1,1545,raw,LS,1,-0.10087156005002257,-1.031782560329965,-0.21017661063396564,-0.3319442107405125,0.2077243634919925,312,1.703846153846154
resid_industry_adv50M_k1_1545_raw_LS_h3,dev,resid,industry,adv50M,1,1545,raw,LS,3,,,,,,0,
resid_industry_adv50M_k1_1545_raw_LS_h3,val,resid,industry,adv50M,1,1545,raw,LS,3,0.6447877232463851,0.06616063508541704,0.0016181567232391725,-0.09403799084393005,0.0998957075310044,373,0.4800714924039321
resid_industry_adv50M_k1_1545_raw_LS_h3,hold,resid,industry,adv50M,1,1545,raw,LS,3,1.0691389519371788,0.5544883964819497,0.06763245449532462,-0.09890753946928188,0.13409486325427702,312,0.5813034188034188
resid_industry_adv50M_k1_1545_raw_LS_h5,dev,resid,industry,adv50M,1,1545,raw,LS,5,,,,,,0,
resid_industry_adv50M_k1_1545_raw_LS_h5,val,resid,industry,adv50M,1,1545,raw,LS,5,1.0086980489951904,0.5636293965655735,0.04398471555556838,-0.06964041758986061,0.08237054748531113,373,0.289544235924933
resid_industry_adv50M_k1_1545_raw_LS_h5,hold,resid,industry,adv50M,1,1545,raw,LS,5,1.4277884864737422,1.019291450843145,0.10721345886814415,-0.08254934772451739,0.10532140571485314,312,0.3484294871794872
resid_industry_adv50M_k1_1545_z_LO_h1,dev,resid,industry,adv50M,1,1545,z,LO,1,,,,,,0,
resid_industry_adv50M_k1_1545_z_LO_h1,val,resid,industry,adv50M,1,1545,z,LO,1,1.0718121822718694,0.4140328764336671,0.07157269289270052,-0.31261887430279356,0.22916600356403277,373,1.3970509383378016
resid_industry_adv50M_k1_1545_z_LO_h1,hold,resid,industry,adv50M,1,1545,z,LO,1,0.6455884017739555,-0.18150911213699256,-0.06456433465281475,-0.15355789604925973,0.22683496110895002,312,1.7336538461538464
resid_industry_adv50M_k1_1545_z_LO_h3,dev,resid,industry,adv50M,1,1545,z,LO,3,,,,,,0,
resid_industry_adv50M_k1_1545_z_LO_h3,val,resid,industry,adv50M,1,1545,z,LO,3,0.9362167601462975,0.693622721291415,0.13251141794650279,-0.228892902607986,0.21120577884890313,373,0.4750670241286863
resid_industry_adv50M_k1_1545_z_LO_h3,hold,resid,industry,adv50M,1,1545,z,LO,3,1.5294241447011503,1.1948948263826373,0.2319586457897458,-0.09139748768246636,0.18955784873380013,312,0.585576923076923
resid_industry_adv50M_k1_1545_z_LO_h5,dev,resid,industry,adv50M,1,1545,z,LO,5,,,,,,0,
resid_industry_adv50M_k1_1545_z_LO_h5,val,resid,industry,adv50M,1,1545,z,LO,5,1.0279834473426437,0.88225744080134,0.17935353232243534,-0.2147864558973821,0.21227114603544722,373,0.28680965147453086
resid_industry_adv50M_k1_1545_z_LO_h5,hold,resid,industry,adv50M,1,1545,z,LO,5,1.7220118241859999,1.51105486430447,0.29311421569159,-0.08674059641958065,0.18095032651062987,312,0.3523076923076923
resid_industry_adv50M_k1_1545_z_LS_h1,dev,resid,industry,adv50M,1,1545,z,LS,1,,,,,,0,
resid_industry_adv50M_k1_1545_z_LS_h1,val,resid,industry,adv50M,1,1545,z,LS,1,0.9183334337603437,-0.7969835777044058,-0.07033013217921802,-0.1811821157341541,0.08679230756203885,373,1.3339142091152816
resid_industry_adv50M_k1_1545_z_LS_h1,hold,resid,industry,adv50M,1,1545,z,LS,1,0.06455204585942964,-1.532479431328871,-0.1734911899660585,-0.24452299377197462,0.11963224963487891,312,1.7152243589743592
resid_industry_adv50M_k1_1545_z_LS_h3,dev,resid,industry,adv50M,1,1545,z,LS,3,,,,,,0,
resid_industry_adv50M_k1_1545_z_LS_h3,val,resid,industry,adv50M,1,1545,z,LS,3,1.142967065911767,0.14166725894700188,0.006210699064529646,-0.053536853498213466,0.053936694749442786,373,0.4530384271671135
resid_industry_adv50M_k1_1545_z_LS_h3,hold,resid,industry,adv50M,1,1545,z,LS,3,1.106940150182253,0.1415836592351026,0.007523481104250829,-0.07574655218301696,0.0703522650857709,312,0.5798076923076925
resid_industry_adv50M_k1_1545_z_LS_h5,dev,resid,industry,adv50M,1,1545,z,LS,5,,,,,,0,
resid_industry_adv50M_k1_1545_z_LS_h5,val,resid,industry,adv50M,1,1545,z,LS,5,1.7196527771133623,0.941684639389043,0.041787217835057566,-0.033443698318405435,0.04452520019571972,373,0.27364611260053623
resid_industry_adv50M_k1_1545_z_LS_h5,hold,resid,industry,adv50M,1,1545,z,LS,5,1.5888953406654245,0.8549638382116486,0.04918584548377858,-0.06127526694077701,0.05813370804002326,312,0.3479807692307692
resid_industry_adv50M_k3_close_raw_LO_h1,dev,resid,industry,adv50M,3,close,raw,LO,1,0.10844532326210667,-0.1429681470765566,-0.18310167623601492,-0.8195230973992798,0.5074234469850584,1006,1.1088469184890657
resid_industry_adv50M_k3_close_raw_LO_h1,val,resid,industry,adv50M,3,close,raw,LO,1,0.6553110275215475,0.3509772382480798,0.06260165839992715,-0.3529540709480622,0.39119763335709323,374,1.0834224598930482
resid_industry_adv50M_k3_close_raw_LO_h1,hold,resid,industry,adv50M,3,close,raw,LO,1,0.6342669394164818,0.3541084922147123,0.06067677676289951,-0.31190064278635177,0.45216201855520977,312,1.1487179487179486
resid_industry_adv50M_k3_close_raw_LO_h3,dev,resid,industry,adv50M,3,close,raw,LO,3,0.25211012905558133,0.1075241204925294,-0.06258051240955165,-0.7355936746931466,0.48191221757285796,1006,0.6039430086149767
resid_industry_adv50M_k3_close_raw_LO_h3,val,resid,industry,adv50M,3,close,raw,LO,3,0.8844074619812898,0.7125204819728362,0.22593192508561732,-0.28193090799151266,0.39254328847215536,374,0.6118538324420678
resid_industry_adv50M_k3_close_raw_LO_h3,hold,resid,industry,adv50M,3,close,raw,LO,3,1.0593169232137642,0.8985366565039424,0.34382111311424923,-0.25856837771715735,0.43089289077502574,312,0.6264957264957266
resid_industry_adv50M_k3_close_raw_LO_h5,dev,resid,industry,adv50M,3,close,raw,LO,5,0.3163369269019549,0.2255611848479082,-0.0032847246989292644,-0.6963783656461574,0.46533152328444033,1006,0.36514910536779327
resid_industry_adv50M_k3_close_raw_LO_h5,val,resid,industry,adv50M,3,close,raw,LO,5,0.8077320317436566,0.7007030446274511,0.21571747372354855,-0.2907248014610784,0.3810490424753946,374,0.36962566844919786
resid_industry_adv50M_k3_close_raw_LO_h5,hold,resid,industry,adv50M,3,close,raw,LO,5,0.9854100232524822,0.8800208845122044,0.3116447503354136,-0.25139464303269343,0.3968716454861684,312,0.3783974358974359
resid_industry_adv50M_k3_close_raw_LS_h1,dev,resid,industry,adv50M,3,close,raw,LS,1,-0.1518297831879123,-0.7940525954861083,-0.1668697809485966,-0.5877391224774872,0.2038481556136629,1006,1.0995526838966203
resid_industry_adv50M_k3_close_raw_LS_h1,val,resid,industry,adv50M,3,close,raw,LS,1,0.5685722059112894,-0.13000137501357506,-0.037896332374243946,-0.1777000024989056,0.17679527160240135,374,1.0760695187165774
resid_industry_adv50M_k3_close_raw_LS_h1,hold,resid,industry,adv50M,3,close,raw,LS,1,0.298351818083536,-0.28277352655164245,-0.08314383455134311,-0.29468232900320623,0.2212327220853377,312,1.117467948717949
resid_industry_adv50M_k3_close_raw_LS_h3,dev,resid,industry,adv50M,3,close,raw,LS,3,0.4069987780990948,-0.01810520672241511,-0.018170873819175593,-0.2736937991448034,0.17514897715185915,1006,0.6027998674618954
resid_industry_adv50M_k3_close_raw_LS_h3,val,resid,industry,adv50M,3,close,raw,LS,3,1.4094242942658157,0.9291031864553435,0.13727051565325876,-0.10230023402922506,0.15056915428326584,374,0.6080213903743316
resid_industry_adv50M_k3_close_raw_LS_h3,hold,resid,industry,adv50M,3,close,raw,LS,3,1.3526639640290283,0.9557268543785947,0.174775910814164,-0.14972052247303802,0.18654832557595524,312,0.6214743589743591
resid_industry_adv50M_k3_close_raw_LS_h5,dev,resid,industry,adv50M,3,close,raw,LS,5,0.5695588563925333,0.2511375551616792,0.026629663937490777,-0.2011431001125431,0.14743656837871483,1006,0.36461232604373756
resid_industry_adv50M_k3_close_raw_LS_h5,val,resid,industry,adv50M,3,close,raw,LS,5,1.1483667855835855,0.766212118443555,0.08806434824938347,-0.07872917635695575,0.11938491494693258,374,0.36812834224598934
resid_industry_adv50M_k3_close_raw_LS_h5,hold,resid,industry,adv50M,3,close,raw,LS,5,1.5355299176611408,1.1971999728585876,0.16806695876514732,-0.11568815092275753,0.13765454873883604,312,0.37512820512820516
resid_industry_adv50M_k3_close_z_LO_h1,dev,resid,industry,adv50M,3,close,z,LO,1,0.6413626759692611,0.2728691068714402,0.03253940350040829,-0.5554948750757343,0.36369746032966177,1006,1.234592445328032
resid_industry_adv50M_k3_close_z_LO_h1,val,resid,industry,adv50M,3,close,z,LO,1,0.8001201188002992,0.18333760720642303,0.016667472606267886,-0.25435173033111547,0.21117628393966226,374,1.209625668449198
resid_industry_adv50M_k3_close_z_LO_h1,hold,resid,industry,adv50M,3,close,z,LO,1,1.2683998734842392,0.6667629865607696,0.13454749157358714,-0.12352976689117001,0.22798258210481706,312,1.266025641025641
resid_industry_adv50M_k3_close_z_LO_h3,dev,resid,industry,adv50M,3,close,z,LO,3,0.608756822765517,0.4088971575571253,0.08428315167062883,-0.5419056677443155,0.3465846847730079,1006,0.6372763419483102
resid_industry_adv50M_k3_close_z_LO_h3,val,resid,industry,adv50M,3,close,z,LO,3,0.9955192625361322,0.6739185566621195,0.1306407449625515,-0.18404436809564229,0.2167018434014743,374,0.6442067736185385
resid_industry_adv50M_k3_close_z_LO_h3,hold,resid,industry,adv50M,3,close,z,LO,3,2.0688402880732806,1.7054183537402636,0.36796105535610635,-0.09834735105202974,0.19486250585365117,312,0.6514957264957266
resid_industry_adv50M_k3_close_z_LO_h5,dev,resid,industry,adv50M,3,close,z,LO,5,0.5346429856852183,0.4090772210509093,0.08341744404328355,-0.5240229829650939,0.331953693605505,1006,0.3835188866799205
resid_industry_adv50M_k3_close_z_LO_h5,val,resid,industry,adv50M,3,close,z,LO,5,0.9091631135339413,0.7087555679937864,0.13527252857879413,-0.18359886119953772,0.20987510675628532,374,0.3889304812834224
resid_industry_adv50M_k3_close_z_LO_h5,hold,resid,industry,adv50M,3,close,z,LO,5,2.0195289775929197,1.7844165710241324,0.3593296868786737,-0.08907186115812671,0.18127749761432252,312,0.39217948717948714
resid_industry_adv50M_k3_close_z_LS_h1,dev,resid,industry,adv50M,3,close,z,LS,1,0.7347162474920149,-0.27686140768133655,-0.04659872504031082,-0.3280075220157578,0.13809599231829536,1006,1.2345427435387675
resid_industry_adv50M_k3_close_z_LS_h1,val,resid,industry,adv50M,3,close,z,LS,1,0.9354528549922073,-0.5591001316270613,-0.05395723164388733,-0.11585576156893218,0.0917104132683846,374,1.222326203208556
resid_industry_adv50M_k3_close_z_LS_h1,hold,resid,industry,adv50M,3,close,z,LS,1,0.971771802050476,-0.21157196222832825,-0.03237759685346564,-0.12992804049355544,0.12104644106546923,312,1.270673076923077
resid_industry_adv50M_k3_close_z_LS_h3,dev,resid,industry,adv50M,3,close,z,LS,3,0.9399863105791574,0.2801919361513124,0.025712044581420956,-0.16400272513654046,0.11334647798211885,1006,0.6367130550033135
resid_industry_adv50M_k3_close_z_LS_h3,val,resid,industry,adv50M,3,close,z,LS,3,1.5326858049924925,0.569099501866642,0.04230827426690387,-0.0744646457084348,0.07814354402285213,374,0.6454099821746881
resid_industry_adv50M_k3_close_z_LS_h3,hold,resid,industry,adv50M,3,close,z,LS,3,2.124232020803171,1.3417977795710803,0.13420391203072413,-0.06584226433184848,0.09739223779545374,312,0.6501602564102564
resid_industry_adv50M_k3_close_z_LS_h5,dev,resid,industry,adv50M,3,close,z,LS,5,0.8197985415435121,0.31536344038862374,0.02543289977388663,-0.14184594994613364,0.09335132935933366,1006,0.384155069582505
resid_industry_adv50M_k3_close_z_LS_h5,val,resid,industry,adv50M,3,close,z,LS,5,1.139381725165381,0.4170659725787813,0.025536011845775253,-0.06872680980466372,0.06559397806680456,374,0.3886096256684492
resid_industry_adv50M_k3_close_z_LS_h5,hold,resid,industry,adv50M,3,close,z,LS,5,1.943694739651815,1.3458207005670169,0.11047149791979916,-0.06447689536904833,0.08025754260623236,312,0.3920192307692308
resid_industry_adv50M_k3_1545_raw_LO_h1,dev,resid,industry,adv50M,3,1545,raw,LO,1,,,,,,0,
resid_industry_adv50M_k3_1545_raw_LO_h1,val,resid,industry,adv50M,3,1545,raw,LO,1,0.48841284632714577,0.18553383356243058,-0.00301276841697673,-0.3715347616222048,0.3865493957791931,373,1.0664879356568364
resid_industry_adv50M_k3_1545_raw_LO_h1,hold,resid,industry,adv50M,3,1545,raw,LO,1,0.6462229414562648,0.3661368038285195,0.0663149285290181,-0.3392537329408337,0.4532812731950167,312,1.1548076923076922
resid_industry_adv50M_k3_1545_raw_LO_h3,dev,resid,industry,adv50M,3,1545,raw,LO,3,,,,,,0,
resid_industry_adv50M_k3_1545_raw_LO_h3,val,resid,industry,adv50M,3,1545,raw,LO,3,1.0231160373498003,0.8524149017809961,0.2908080825335968,-0.293618683867219,0.3856010575464438,373,0.5974084003574621
resid_industry_adv50M_k3_1545_raw_LO_h3,hold,resid,industry,adv50M,3,1545,raw,LO,3,1.1304479825386426,0.9709190295584285,0.38407524264047876,-0.27538095298116827,0.4279391948931561,312,0.619017094017094
resid_industry_adv50M_k3_1545_raw_LO_h5,dev,resid,industry,adv50M,3,1545,raw,LO,5,,,,,,0,
resid_industry_adv50M_k3_1545_raw_LO_h5,val,resid,industry,adv50M,3,1545,raw,LO,5,0.8996503200512622,0.793492727160284,0.2550301396042325,-0.2905429910905376,0.3727057858846245,373,0.35898123324396786
resid_industry_adv50M_k3_1545_raw_LO_h5,hold,resid,industry,adv50M,3,1545,raw,LO,5,0.9569812566412181,0.8506112192191343,0.29197454093967723,-0.26658866856845154,0.3895656131336197,312,0.3758333333333333
resid_industry_adv50M_k3_1545_raw_LS_h1,dev,resid,industry,adv50M,3,1545,raw,LS,1,,,,,,0,
resid_industry_adv50M_k3_1545_raw_LS_h1,val,resid,industry,adv50M,3,1545,raw,LS,1,0.4122261057714367,-0.25099318921404234,-0.05206781277832084,-0.16012130402599567,0.16117089296589776,373,0.9254691689008042
resid_industry_adv50M_k3_1545_raw_LS_h1,hold,resid,industry,adv50M,3,1545,raw,LS,1,0.2847987188296133,-0.28777017612599487,-0.08152181152308269,-0.2781900791412304,0.21551310513735888,312,1.072596153846154
resid_industry_adv50M_k3_1545_raw_LS_h3,dev,resid,industry,adv50M,3,1545,raw,LS,3,,,,,,0,
resid_industry_adv50M_k3_1545_raw_LS_h3,val,resid,industry,adv50M,3,1545,raw,LS,3,1.5595155792323325,1.1129755461071758,0.1573576246448669,-0.08706710743226309,0.1400822268446067,373,0.5195710455764075
resid_industry_adv50M_k3_1545_raw_LS_h3,hold,resid,industry,adv50M,3,1545,raw,LS,3,1.4831476629796059,1.090369780366819,0.1961606155889717,-0.14341115993151154,0.17876006146066925,312,0.5878739316239316
resid_industry_adv50M_k3_1545_raw_LS_h5,dev,resid,industry,adv50M,3,1545,raw,LS,5,,,,,,0,
resid_industry_adv50M_k3_1545_raw_LS_h5,val,resid,industry,adv50M,3,1545,raw,LS,5,1.4433647279587452,1.0837459908051479,0.12017767468290996,-0.07461109534550414,0.11029735715176366,373,0.3137533512064344
resid_industry_adv50M_k3_1545_raw_LS_h5,hold,resid,industry,adv50M,3,1545,raw,LS,5,1.4784155451396144,1.1336276279885784,0.1474952232270399,-0.09598578006535963,0.1286316705014053,312,0.3554166666666667
resid_industry_adv50M_k3_1545_z_LO_h1,dev,resid,industry,adv50M,3,1545,z,LO,1,,,,,,0,
resid_industry_adv50M_k3_1545_z_LO_h1,val,resid,industry,adv50M,3,1545,z,LO,1,0.8899876877149238,0.32797720221839194,0.04807884390328643,-0.2502415232074746,0.2098092020482326,373,1.0941018766756032
resid_industry_adv50M_k3_1545_z_LO_h1,hold,resid,industry,adv50M,3,1545,z,LO,1,1.4043416250960283,0.821786066635331,0.17750727736962313,-0.13547067433416526,0.23105494708252122,312,1.242948717948718
resid_industry_adv50M_k3_1545_z_LO_h3,dev,resid,industry,adv50M,3,1545,z,LO,3,,,,,,0,
resid_industry_adv50M_k3_1545_z_LO_h3,val,resid,industry,adv50M,3,1545,z,LO,3,1.002644404934475,0.70971439987588,0.1388991278989966,-0.21553485412919748,0.21575048412328632,373,0.5830205540661305
resid_industry_adv50M_k3_1545_z_LO_h3,hold,resid,industry,adv50M,3,1545,z,LO,3,1.9715144750328752,1.631098492980102,0.3607903891644113,-0.11155248467365964,0.20127276033891509,312,0.6303418803418804
resid_industry_adv50M_k3_1545_z_LO_h5,dev,resid,industry,adv50M,3,1545,z,LO,5,,,,,,0,
resid_industry_adv50M_k3_1545_z_LO_h5,val,resid,industry,adv50M,3,1545,z,LO,5,0.9883138847739855,0.8055916257167225,0.1573677245750702,-0.20377432553547614,0.20814722009575934,373,0.3510455764075067
resid_industry_adv50M_k3_1545_z_LO_h5,hold,resid,industry,adv50M,3,1545,z,LO,5,2.0984112775410932,1.875626719732845,0.39288282234511995,-0.09144556298170503,0.1859226856466247,312,0.38108974358974357
resid_industry_adv50M_k3_1545_z_LS_h1,dev,resid,industry,adv50M,3,1545,z,LS,1,,,,,,0,
resid_industry_adv50M_k3_1545_z_LS_h1,val,resid,industry,adv50M,3,1545,z,LS,1,0.8728402423928318,-0.5199539030127118,-0.04438302060224508,-0.11326903506533459,0.08101673794437138,373,0.996916890080429
resid_industry_adv50M_k3_1545_z_LS_h1,hold,resid,industry,adv50M,3,1545,z,LS,1,1.0457498401949668,-0.12896272004235637,-0.021284163830185943,-0.10245860102449589,0.11538208173728125,312,1.1998397435897439
resid_industry_adv50M_k3_1545_z_LS_h3,dev,resid,industry,adv50M,3,1545,z,LS,3,,,,,,0,
resid_industry_adv50M_k3_1545_z_LS_h3,val,resid,industry,adv50M,3,1545,z,LS,3,1.252003714411471,0.33245877897289305,0.02036060359484093,-0.0587164310754813,0.06742553478976455,373,0.522609472743521
resid_industry_adv50M_k3_1545_z_LS_h3,hold,resid,industry,adv50M,3,1545,z,LS,3,1.9434999559245305,1.164653046289425,0.10788633554657778,-0.05990532661225112,0.09156724469601495,312,0.6055555555555556
resid_industry_adv50M_k3_1545_z_LS_h5,dev,resid,industry,adv50M,3,1545,z,LS,5,,,,,,0,
resid_industry_adv50M_k3_1545_z_LS_h5,val,resid,industry,adv50M,3,1545,z,LS,5,1.158482411701603,0.4418433631736152,0.023066144579815484,-0.045539822902395,0.055025320785794085,373,0.3150402144772118
resid_industry_adv50M_k3_1545_z_LS_h5,hold,resid,industry,adv50M,3,1545,z,LS,5,1.9376046817326993,1.3434498726482622,0.10425363852414726,-0.05683842194206079,0.07596904598634205,312,0.3659615384615385
resid_industry_adv50M_k5_close_raw_LO_h1,dev,resid,industry,adv50M,5,close,raw,LO,1,0.25394159955784845,0.05508084269814947,-0.09605770181581907,-0.7498824784285676,0.5074415771967292,1006,0.8814115308151094
resid_industry_adv50M_k5_close_raw_LO_h1,val,resid,industry,adv50M,5,close,raw,LO,1,0.8510952998638293,0.6216801271826535,0.18662147041492383,-0.2822981655778961,0.40620534759901994,374,0.8486631016042782
resid_industry_adv50M_k5_close_raw_LO_h1,hold,resid,industry,adv50M,5,close,raw,LO,1,0.8483682368458172,0.624040716164658,0.1978898838060681,-0.27793105681642116,0.4481318292023168,312,0.9131410256410256
resid_industry_adv50M_k5_close_raw_LO_h3,dev,resid,industry,adv50M,5,close,raw,LO,3,0.44893523900394783,0.3327136890643362,0.04377286298805805,-0.6869513966526716,0.4929263180162313,1006,0.49741550695825054
resid_industry_adv50M_k5_close_raw_LO_h3,val,resid,industry,adv50M,5,close,raw,LO,3,0.8578734583756517,0.7203691071184625,0.23197304322648238,-0.3053326706121031,0.3976006768113866,374,0.49554367201426036
resid_industry_adv50M_k5_close_raw_LO_h3,hold,resid,industry,adv50M,5,close,raw,LO,3,0.9619214269174223,0.8242083031859105,0.2934122930681158,-0.23637058058156457,0.4158052435518749,312,0.5188034188034188
resid_industry_adv50M_k5_close_raw_LO_h5,dev,resid,industry,adv50M,5,close,raw,LO,5,0.3602317175113115,0.27204795038937324,0.016412875576959918,-0.6875084278072763,0.4768145103992116,1006,0.36423459244532796
resid_industry_adv50M_k5_close_raw_LO_h5,val,resid,industry,adv50M,5,close,raw,LO,5,0.7576323362083323,0.6506283447501026,0.19409069725890005,-0.3079120656040384,0.3849791434962582,374,0.3725133689839572
resid_industry_adv50M_k5_close_raw_LO_h5,hold,resid,industry,adv50M,5,close,raw,LO,5,0.6984697962032724,0.5891495081974416,0.1651856135964258,-0.2588408915366387,0.3834567146246262,312,0.37948717948717947
resid_industry_adv50M_k5_close_raw_LS_h1,dev,resid,industry,adv50M,5,close,raw,LS,1,0.2682231807933513,-0.23665491723324605,-0.06790075085591407,-0.37330241138676823,0.20717904173303978,1006,0.8700298210735586
resid_industry_adv50M_k5_close_raw_LS_h1,val,resid,industry,adv50M,5,close,raw,LS,1,1.3741875193374906,0.7899116415350069,0.1265625620927302,-0.13543822305124997,0.16878728877439086,374,0.8477272727272728
resid_industry_adv50M_k5_close_raw_LS_h1,hold,resid,industry,adv50M,5,close,raw,LS,1,0.9572255415926264,0.48860860179830073,0.08681203487187528,-0.2567134998571572,0.2188370977233649,312,0.8817307692307693
resid_industry_adv50M_k5_close_raw_LS_h3,dev,resid,industry,adv50M,5,close,raw,LS,3,0.6788752542310672,0.34944531487823965,0.049365444027077654,-0.2532817245544077,0.18760578790392043,1006,0.49244532803180924
resid_industry_adv50M_k5_close_raw_LS_h3,val,resid,industry,adv50M,5,close,raw,LS,3,1.3013152262166465,0.9044516672371401,0.132839584050656,-0.08441431002432465,0.1503112664284499,374,0.49180035650623893
resid_industry_adv50M_k5_close_raw_LS_h3,hold,resid,industry,adv50M,5,close,raw,LS,3,1.329619006161894,0.9808835911749447,0.17064415568004,-0.13354909693536654,0.17640182364824875,312,0.5080128205128205
resid_industry_adv50M_k5_close_raw_LS_h5,dev,resid,industry,adv50M,5,close,raw,LS,5,0.505006572849444,0.2262377940915369,0.024370531543576712,-0.24292317017007836,0.16845823939762597,1006,0.3624950298210736
resid_industry_adv50M_k5_close_raw_LS_h5,val,resid,industry,adv50M,5,close,raw,LS,5,0.9876375063088697,0.6477346858606847,0.08170160025224593,-0.10049168918059326,0.13527319801124107,374,0.36863636363636365
resid_industry_adv50M_k5_close_raw_LS_h5,hold,resid,industry,adv50M,5,close,raw,LS,5,0.7451702093014526,0.421158665702329,0.05172932820831555,-0.13532545703250376,0.1444354471857701,312,0.37496794871794875
resid_industry_adv50M_k5_close_z_LO_h1,dev,resid,industry,adv50M,5,close,z,LO,1,0.8011151753357484,0.5010385733762867,0.12239542223298105,-0.5609091970915716,0.3645159893753134,1006,1.0079522862823063
resid_industry_adv50M_k5_close_z_LO_h1,val,resid,industry,adv50M,5,close,z,LO,1,0.9831544795491828,0.5294467585946191,0.10117242168584717,-0.2427112164834493,0.23283088965805368,374,0.9794117647058825
resid_industry_adv50M_k5_close_z_LO_h1,hold,resid,industry,adv50M,5,close,z,LO,1,2.0083885755930675,1.4907197594123505,0.3523836727485381,-0.13253608451787124,0.218503570174911,312,1.0419871794871796
resid_industry_adv50M_k5_close_z_LO_h3,dev,resid,industry,adv50M,5,close,z,LO,3,0.7140331665081472,0.5494387399824472,0.1402402443149524,-0.5504261541001418,0.3529508534998941,1006,0.5348243870112657
resid_industry_adv50M_k5_close_z_LO_h3,val,resid,industry,adv50M,5,close,z,LO,3,1.1703796139077622,0.9175145771926293,0.2027910067588008,-0.18469820269177706,0.22972562554036302,374,0.5368983957219252
resid_industry_adv50M_k5_close_z_LO_h3,hold,resid,industry,adv50M,5,close,z,LO,3,2.189192353406968,1.887164063987843,0.42487366696211004,-0.10251714574069892,0.19804902420839027,312,0.5504273504273505
resid_industry_adv50M_k5_close_z_LO_h5,dev,resid,industry,adv50M,5,close,z,LO,5,0.5730333781659669,0.4501169714395513,0.09928165726830152,-0.5391418736682974,0.3386663379162153,1006,0.38296222664015905
resid_industry_adv50M_k5_close_z_LO_h5,val,resid,industry,adv50M,5,close,z,LO,5,0.9031024522583974,0.7148424570980372,0.14476901907699213,-0.1908715743377135,0.22381883700763397,374,0.3887700534759358
resid_industry_adv50M_k5_close_z_LO_h5,hold,resid,industry,adv50M,5,close,z,LO,5,2.0997964373748492,1.8693932483643612,0.3907109668716471,-0.09379158294114309,0.1856932637044991,312,0.39288461538461533
resid_industry_adv50M_k5_close_z_LS_h1,dev,resid,industry,adv50M,5,close,z,LS,1,0.7875591748566249,-0.03652374263086657,-0.014441752442403866,-0.23988241312015812,0.13840727380804987,1006,0.9986580516898609
resid_industry_adv50M_k5_close_z_LS_h1,val,resid,industry,adv50M,5,close,z,LS,1,1.511936406525943,0.34964361401194693,0.029586658304879165,-0.1000535695686775,0.09669224163711165,374,0.9914438502673799
resid_industry_adv50M_k5_close_z_LS_h1,hold,resid,industry,adv50M,5,close,z,LS,1,2.0459312389588384,1.0532556934275472,0.12725513248496378,-0.08279082844002872,0.12063076702674785,312,1.0504807692307692
resid_industry_adv50M_k5_close_z_LS_h3,dev,resid,industry,adv50M,5,close,z,LS,3,0.9671388934286543,0.43832824029766276,0.046675283427259906,-0.17321733651290683,0.1204246165192818,1006,0.5349237905897946
resid_industry_adv50M_k5_close_z_LS_h3,val,resid,industry,adv50M,5,close,z,LS,3,1.5114638089279449,0.7855099690797219,0.06741363580480808,-0.08273349396326124,0.08795840555827783,374,0.539572192513369
resid_industry_adv50M_k5_close_z_LS_h3,hold,resid,industry,adv50M,5,close,z,LS,3,2.11180081176269,1.4742164986935797,0.15717159891994714,-0.07494439943258813,0.1026016236769364,312,0.5508547008547009
resid_industry_adv50M_k5_close_z_LS_h5,dev,resid,industry,adv50M,5,close,z,LS,5,0.7087895114988128,0.2587418454022957,0.021926001434204423,-0.16235883470809886,0.10491542833753284,1006,0.3833996023856859
resid_industry_adv50M_k5_close_z_LS_h5,val,resid,industry,adv50M,5,close,z,LS,5,0.9689584262931833,0.35219620047782746,0.02453096618720596,-0.07364219552929163,0.07724398919710805,374,0.38917112299465245
resid_industry_adv50M_k5_close_z_LS_h5,hold,resid,industry,adv50M,5,close,z,LS,5,1.6140153123286296,1.0818138824589212,0.09834153500804343,-0.08107321618572327,0.09049147481364207,312,0.39205128205128204
resid_industry_adv50M_k5_1545_raw_LO_h1,dev,resid,industry,adv50M,5,1545,raw,LO,1,,,,,,0,
resid_industry_adv50M_k5_1545_raw_LO_h1,val,resid,industry,adv50M,5,1545,raw,LO,1,0.7306979586867787,0.4934146255273102,0.12510045264907066,-0.28652812132609884,0.39676932359909245,373,0.8579088471849866
resid_industry_adv50M_k5_1545_raw_LO_h1,hold,resid,industry,adv50M,5,1545,raw,LO,1,1.11742495250263,0.8860971401899823,0.3447608564746403,-0.26649246022584216,0.4442365709748241,312,0.9346153846153847
resid_industry_adv50M_k5_1545_raw_LO_h3,dev,resid,industry,adv50M,5,1545,raw,LO,3,,,,,,0,
resid_industry_adv50M_k5_1545_raw_LO_h3,val,resid,industry,adv50M,5,1545,raw,LO,3,0.8796914204704577,0.7426781128580048,0.24034823472335676,-0.2984279371831906,0.3921373359650196,373,0.48731009830205546
resid_industry_adv50M_k5_1545_raw_LO_h3,hold,resid,industry,adv50M,5,1545,raw,LO,3,1.1174776154610924,0.9778696643403663,0.37265544538477857,-0.23602253563378217,0.4081558301513596,312,0.5177350427350428
resid_industry_adv50M_k5_1545_raw_LO_h5,dev,resid,industry,adv50M,5,1545,raw,LO,5,,,,,,0,
resid_industry_adv50M_k5_1545_raw_LO_h5,val,resid,industry,adv50M,5,1545,raw,LO,5,0.7641759487546529,0.658231531810485,0.19561056856263637,-0.30555766286392083,0.37920259543483914,373,0.36348525469168896
resid_industry_adv50M_k5_1545_raw_LO_h5,hold,resid,industry,adv50M,5,1545,raw,LO,5,0.775204925842327,0.6648627045411604,0.19709573205828934,-0.26217011559129977,0.3766176862481313,312,0.3768589743589743
resid_industry_adv50M_k5_1545_raw_LS_h1,dev,resid,industry,adv50M,5,1545,raw,LS,1,,,,,,0,
resid_industry_adv50M_k5_1545_raw_LS_h1,val,resid,industry,adv50M,5,1545,raw,LS,1,0.9857531365346918,0.42869462364905886,0.05644700329338437,-0.18611935502849808,0.1564480094564577,373,0.7449061662198392
resid_industry_adv50M_k5_1545_raw_LS_h1,hold,resid,industry,adv50M,5,1545,raw,LS,1,1.5091810640725691,1.0257816631738215,0.21198162604984128,-0.2041154382417084,0.20837868188746628,312,0.8671474358974359
resid_industry_adv50M_k5_1545_raw_LS_h3,dev,resid,industry,adv50M,5,1545,raw,LS,3,,,,,,0,
resid_industry_adv50M_k5_1545_raw_LS_h3,val,resid,industry,adv50M,5,1545,raw,LS,3,1.197281197838512,0.8234693086011864,0.11109571348957448,-0.10971148460933522,0.13968885270796258,373,0.42493297587131373
resid_industry_adv50M_k5_1545_raw_LS_h3,hold,resid,industry,adv50M,5,1545,raw,LS,3,1.6455940214112637,1.2901533419492188,0.22299811640456224,-0.10406663650185666,0.16677155712108746,312,0.488888888888889
resid_industry_adv50M_k5_1545_raw_LS_h5,dev,resid,industry,adv50M,5,1545,raw,LS,5,,,,,,0,
resid_industry_adv50M_k5_1545_raw_LS_h5,val,resid,industry,adv50M,5,1545,raw,LS,5,0.888404229308321,0.5664948078419964,0.06502974694417252,-0.12636219457139752,0.12486734235148995,373,0.3164343163538874
resid_industry_adv50M_k5_1545_raw_LS_h5,hold,resid,industry,adv50M,5,1545,raw,LS,5,0.855636336350789,0.5258275861870271,0.06426657100146294,-0.11603002919593974,0.1359743548320676,312,0.357724358974359
resid_industry_adv50M_k5_1545_z_LO_h1,dev,resid,industry,adv50M,5,1545,z,LO,1,,,,,,0,
resid_industry_adv50M_k5_1545_z_LO_h1,val,resid,industry,adv50M,5,1545,z,LO,1,1.2069632670377783,0.7791965446855809,0.16973591686936018,-0.25675995402234864,0.23687373083950453,373,0.939142091152815
resid_industry_adv50M_k5_1545_z_LO_h1,hold,resid,industry,adv50M,5,1545,z,LO,1,2.164267950649734,1.6503399573963429,0.4048568013508511,-0.11860347290117046,0.22072935595998827,312,1.0461538461538462
resid_industry_adv50M_k5_1545_z_LO_h3,dev,resid,industry,adv50M,5,1545,z,LO,3,,,,,,0,
resid_industry_adv50M_k5_1545_z_LO_h3,val,resid,industry,adv50M,5,1545,z,LO,3,1.2424431172758357,1.003637589370672,0.22522822515210672,-0.18964565149337842,0.2280751581597041,373,0.5029490616621983
resid_industry_adv50M_k5_1545_z_LO_h3,hold,resid,industry,adv50M,5,1545,z,LO,3,2.3407337843639415,2.046261789260863,0.47787309851255455,-0.09204180726255262,0.20077856678551026,312,0.5448717948717948
resid_industry_adv50M_k5_1545_z_LO_h5,dev,resid,industry,adv50M,5,1545,z,LO,5,,,,,,0,
resid_industry_adv50M_k5_1545_z_LO_h5,val,resid,industry,adv50M,5,1545,z,LO,5,0.962754183113761,0.7841132359610316,0.16152676771019436,-0.200432829894309,0.2220990240574246,373,0.36563002680965145
resid_industry_adv50M_k5_1545_z_LO_h5,hold,resid,industry,adv50M,5,1545,z,LO,5,2.2199228213127773,1.9938860207115414,0.4242526009867069,-0.09563713151765019,0.18610456686115115,312,0.3869230769230769
resid_industry_adv50M_k5_1545_z_LS_h1,dev,resid,industry,adv50M,5,1545,z,LS,1,,,,,,0,
resid_industry_adv50M_k5_1545_z_LS_h1,val,resid,industry,adv50M,5,1545,z,LS,1,1.7346440920174957,0.591985275860665,0.047876094318132,-0.0768932968107704,0.08508172611636483,373,0.8513404825737267
resid_industry_adv50M_k5_1545_z_LS_h1,hold,resid,industry,adv50M,5,1545,z,LS,1,2.1940756477267573,1.2002873628834942,0.14129899571831728,-0.08215557500036608,0.11568926846334375,312,1.009775641025641
resid_industry_adv50M_k5_1545_z_LS_h3,dev,resid,industry,adv50M,5,1545,z,LS,3,,,,,,0,
resid_industry_adv50M_k5_1545_z_LS_h3,val,resid,industry,adv50M,5,1545,z,LS,3,1.5872965081510337,0.8886630205833311,0.06834087926341681,-0.06110406352693609,0.07778161949997246,373,0.4520107238605899
resid_industry_adv50M_k5_1545_z_LS_h3,hold,resid,industry,adv50M,5,1545,z,LS,3,2.204779350443891,1.56703516361729,0.15942900377288294,-0.06349583947061932,0.0974399506112713,312,0.5218482905982906
resid_industry_adv50M_k5_1545_z_LS_h5,dev,resid,industry,adv50M,5,1545,z,LS,5,,,,,,0,
resid_industry_adv50M_k5_1545_z_LS_h5,val,resid,industry,adv50M,5,1545,z,LS,5,1.1680780407149174,0.5717973216432312,0.03739220403982535,-0.052602963618048615,0.06825955997604402,373,0.3255227882037534
resid_industry_adv50M_k5_1545_z_LS_h5,hold,resid,industry,adv50M,5,1545,z,LS,5,1.6822502602687894,1.1427482040561976,0.09757197858343591,-0.06613927591150104,0.08460370167568526,312,0.369551282051282
