test,variant,params,period,ann_ret,ann_vol,sharpe,maxdd,time_in_mkt,avg_expo,orders_per_yr,n
bench,SPY_buyhold,,dev,0.1430321379442674,0.17780119143526435,0.8410912060965393,-0.24496386478974963,1.0,1.0,0.0,900
bench,SPY_buyhold,,val,0.20843131270332105,0.17889068184287352,1.147171826569487,-0.18755219563061998,1.0,1.0,0.0,374
bench,SPY_buyhold,,hold,0.2094028571959654,0.12279571767640547,1.61011218843639,-0.08884940949991738,1.0,1.0,0.0,312
bench,SPY_buyhold,,full,0.1710587008826312,0.16859183660305843,1.0211093929716974,-0.24496386478974963,1.0,1.0,0.0,1586
bench,QQQ_buyhold,,dev,0.1733098118383598,0.23882564982111923,0.7889505189494355,-0.3511872971625445,1.0,1.0,0.0,900
bench,QQQ_buyhold,,val,0.2293468149095479,0.22703891659422198,1.0221580003713164,-0.22768304994847155,1.0,1.0,0.0,374
bench,QQQ_buyhold,,hold,0.28002613027969336,0.18525110125859898,1.4256935896321936,-0.11964444396432339,1.0,1.0,0.0,312
bench,QQQ_buyhold,,full,0.20677959556807823,0.22631684063591337,0.9438280507047596,-0.3511872971625445,1.0,1.0,0.0,1586
bench,TLT_buyhold,,dev,-0.10547384313350228,0.16978327975483873,-0.5715850269335251,-0.4835116107061468,1.0,1.0,0.0,900
bench,TLT_buyhold,,val,-0.03689919229238792,0.14146637589789937,-0.1950781405114719,-0.1478717311977833,1.0,1.0,0.0,374
bench,TLT_buyhold,,hold,-0.0400089424475738,0.09644964140353907,-0.37524201800566087,-0.10321532480594398,1.0,1.0,0.0,312
bench,TLT_buyhold,,full,-0.07702085333272124,0.15129185662187797,-0.4540725024178634,-0.4835116107061468,1.0,1.0,0.0,1586
bench,UPRO_buyhold,,dev,0.27658819508359733,0.5308240984274646,0.7278217813517486,-0.6394312310775144,1.0,1.0,0.0,900
bench,UPRO_buyhold,,val,0.4273778296776065,0.5158226120208532,0.9450262031839282,-0.4886913746732796,1.0,1.0,0.0,374
bench,UPRO_buyhold,,hold,0.522603782595948,0.3668776671992474,1.3300514934831908,-0.2678527676796404,1.0,1.0,0.0,312
bench,UPRO_buyhold,,full,0.3568794018042498,0.4988545042524716,0.8623394189082444,-0.6394312310775144,1.0,1.0,0.0,1586
bench,TQQQ_buyhold,,dev,0.276810701867485,0.710324227845218,0.7020510716924043,-0.8165985083867584,1.0,1.0,0.0,900
bench,TQQQ_buyhold,,val,0.412545230660573,0.6741469237102783,0.8439677368201854,-0.580400790575872,1.0,1.0,0.0,374
bench,TQQQ_buyhold,,hold,0.7037871148417814,0.5506858308240489,1.244055729615287,-0.369669823979497,1.0,1.0,0.0,312
bench,TQQQ_buyhold,,full,0.383948744099222,0.6727989014386663,0.8203407699348716,-0.8165985083867584,1.0,1.0,0.0,1586
bench,SPXL_buyhold,,dev,0.28089333666577576,0.5300780685516793,0.7344574963925757,-0.6380029969182534,1.0,1.0,0.0,900
bench,SPXL_buyhold,,val,0.4266509784540278,0.5136444252182559,0.946416939518067,-0.4894843059102665,1.0,1.0,0.0,374
bench,SPXL_buyhold,,hold,0.5285931620599646,0.36776484938744347,1.3384055596717628,-0.2676771404994909,1.0,1.0,0.0,312
bench,SPXL_buyhold,,full,0.360361123999138,0.49800276823204814,0.8682469392735928,-0.6380029969182534,1.0,1.0,0.0,1586
bench,SOXL_buyhold,,dev,0.3230475884410702,1.0009923754062908,0.7807249932513887,-0.9046051199219834,1.0,1.0,0.0,900
bench,SOXL_buyhold,,val,-0.13139537595383477,1.1702762644238702,0.46200684110752044,-0.8787910037989526,1.0,1.0,0.0,374
bench,SOXL_buyhold,,hold,3.272405895861672,1.2506632497907908,1.798766220755194,-0.6941517042489946,1.0,1.0,0.0,312
bench,SOXL_buyhold,,full,0.5087942670712235,1.095011708393201,0.9255853688923715,-0.9046051199219834,1.0,1.0,0.0,1586
bench,TNA_buyhold,,dev,0.09153473113018595,0.7171905633276483,0.48204568802395187,-0.8024761169967645,1.0,1.0,0.0,900
bench,TNA_buyhold,,val,-0.09291177745268975,0.6796554659603512,0.1953338784506955,-0.657827412226491,1.0,1.0,0.0,374
bench,TNA_buyhold,,hold,0.6131478947288516,0.5541060528093332,1.1389560064085533,-0.3253236039479388,1.0,1.0,0.0,312
bench,TNA_buyhold,,full,0.12837154690098473,0.6788222898539825,0.5180164946094163,-0.8236469091520875,1.0,1.0,0.0,1586
1_rotation,rot_L21_top1_W_none,,dev,0.00126961969438244,0.2578839367027373,0.13435870860669794,-0.36243913645920023,0.9988888888888889,0.9988888888888889,51.52,900
1_rotation,rot_L21_top1_W_none,,val,0.10217402848435975,0.19083814382295777,0.6048903561557648,-0.21111451731985065,1.0,1.0,52.55614973262032,374
1_rotation,rot_L21_top1_W_none,,hold,0.17677892198603362,0.2497127773452522,0.7784299744810482,-0.18341610170347278,1.0,1.0,50.07692307692307,312
1_rotation,rot_L21_top1_W_none,,full,0.0572630169127033,0.24195532868003294,0.35181256512089815,-0.36243913645920023,0.9993694829760403,0.9993694829760403,51.48045397225725,1586
1_rotation,rot_L21_top1_W_tlt,,dev,-0.008663572046631374,0.23343583669777343,0.07946105719956177,-0.3112779436218337,0.9988888888888889,0.9988888888888889,51.52,900
1_rotation,rot_L21_top1_W_tlt,,val,0.08637100905970296,0.17659461997031442,0.5572492523277017,-0.2071711436849183,1.0,1.0,53.90374331550802,374
1_rotation,rot_L21_top1_W_tlt,,hold,0.2539449531849578,0.2438877351340961,1.051691588505682,-0.18341610170347278,1.0,1.0,53.30769230769231,312
1_rotation,rot_L21_top1_W_tlt,,full,0.060896919177602316,0.22349662824820876,0.37669317723247475,-0.3112779436218337,0.9993694829760403,0.9993694829760403,52.43379571248424,1586
1_rotation,rot_L21_top1_W_cash,,dev,0.049896383135281885,0.20893169351117288,0.3375942466364515,-0.22263084314932735,0.75,0.75,46.48,900
1_rotation,rot_L21_top1_W_cash,,val,0.11688851539347422,0.16797238947427828,0.7419566216488851,-0.1738936573739146,0.8877005347593583,0.8877005347593583,51.20855614973262,374
1_rotation,rot_L21_top1_W_cash,,hold,0.23363773959750356,0.2431778187273029,0.9868469810071485,-0.18341610170347278,0.9647435897435898,0.9647435897435898,50.07692307692307,312
1_rotation,rot_L21_top1_W_cash,,full,0.09966343155089796,0.20741049299132486,0.5622845742157139,-0.22263084314932735,0.8247162673392182,0.8247162673392182,48.30264817150063,1586
1_rotation,rot_L21_top1_M_none,,dev,0.11028369706414742,0.2466883720175781,0.5478606717027188,-0.37923052745122043,0.9988888888888889,0.9988888888888889,21.28,900
1_rotation,rot_L21_top1_M_none,,val,0.3715679902565645,0.19770384106066327,1.6975351342125962,-0.1168377797493656,1.0,1.0,18.866310160427805,374
1_rotation,rot_L21_top1_M_none,,hold,0.3173132570053965,0.2334213007705289,1.2982082159647976,-0.18139079265446922,1.0,1.0,17.76923076923077,312
1_rotation,rot_L21_top1_M_none,,full,0.2069388608214806,0.2333234128124578,0.9233831797775802,-0.37923052745122043,0.9993694829760403,0.9993694829760403,20.02017654476671,1586
1_rotation,rot_L21_top1_M_tlt,,dev,0.11565728433862121,0.22349996309441197,0.6014832679495636,-0.26844526269764457,0.9988888888888889,0.9988888888888889,26.32,900
1_rotation,rot_L21_top1_M_tlt,,val,0.30767886575576386,0.18260450541850726,1.5608444426239831,-0.1168377797493656,1.0,1.0,21.561497326203206,374
1_rotation,rot_L21_top1_M_tlt,,hold,0.3407799447172426,0.22350627073975127,1.4246657447088937,-0.18139079265446922,1.0,1.0,24.230769230769234,312
1_rotation,rot_L21_top1_M_tlt,,full,0.20087702763253268,0.2144963286515068,0.9610253979120519,-0.26844526269764457,0.9993694829760403,0.9993694829760403,24.78688524590164,1586
1_rotation,rot_L21_top1_M_cash,,dev,0.18156233149671652,0.1976421711487075,0.9432023864253424,-0.14569861078619029,0.75,0.75,21.28,900
1_rotation,rot_L21_top1_M_cash,,val,0.34441455623115913,0.174162306698157,1.7870585206537433,-0.1168377797493656,0.8877005347593583,0.8877005347593583,18.866310160427805,374
1_rotation,rot_L21_top1_M_cash,,hold,0.31905762260877824,0.2227786115815596,1.3551855009148357,-0.18139079265446922,0.9647435897435898,0.9647435897435898,21.0,312
1_rotation,rot_L21_top1_M_cash,,full,0.2447579912996669,0.19760185705014935,1.2073291663264947,-0.18139079265446867,0.8247162673392182,0.8247162673392182,20.65573770491803,1586
1_rotation,rot_L21_top2_W_none,,dev,0.06318221163276738,0.19690588444346857,0.40999058282482526,-0.2620283905450208,0.9988888888888889,0.9988889478772172,148.96,900
1_rotation,rot_L21_top2_W_none,,val,0.033355286477094515,0.14563986843901947,0.29842690650448517,-0.15764895084766983,1.0,1.0,154.97326203208556,374
1_rotation,rot_L21_top2_W_none,,hold,0.22152759077558337,0.15999762554026453,1.3310637687604578,-0.07593725380066596,1.0,1.0,152.65384615384613,312
1_rotation,rot_L21_top2_W_none,,full,0.08531282992365452,0.17893985480687635,0.547421383798812,-0.2620283905450208,0.9993694829760403,0.999369516449871,151.10466582597732,1586
1_rotation,rot_L21_top2_W_tlt,,dev,0.030492651547349148,0.19212793245828344,0.2526086544518813,-0.272718589129618,0.9988888888888889,0.9988889478772172,129.08,900
1_rotation,rot_L21_top2_W_tlt,,val,0.0563825150304913,0.13639649833618034,0.4703767705754154,-0.10266552122558148,1.0,1.0,146.2139037433155,374
1_rotation,rot_L21_top2_W_tlt,,hold,0.26341952091960774,0.15957832492157933,1.5456271721531745,-0.07593725380066596,1.0,1.0,155.0769230769231,312
1_rotation,rot_L21_top2_W_tlt,,full,0.07893792749914663,0.17417023404843374,0.5235750245518431,-0.272718589129618,0.9993694829760403,0.999369516449871,138.234552332913,1586
1_rotation,rot_L21_top2_W_cash,,dev,0.09142859684125515,0.16142186438462114,0.6230513081444122,-0.17754168917183222,0.75,0.7500000589883282,123.76,900
1_rotation,rot_L21_top2_W_cash,,val,0.08605858160586433,0.1250536551683769,0.7227197874748413,-0.07215745120720563,0.8877005347593583,0.8877005347593583,143.5187165775401,374
1_rotation,rot_L21_top2_W_cash,,hold,0.2429570945620032,0.15849448293457055,1.4519950947390161,-0.07593725380066596,0.9647435897435898,0.9647435897435898,151.84615384615384,312
1_rotation,rot_L21_top2_W_cash,,full,0.11840021690733749,0.15296944654033695,0.8083767298636272,-0.17754168917183222,0.8247162673392182,0.8247163008130488,133.94451450189155,1586
1_rotation,rot_L21_top2_M_none,,dev,0.09404228513497204,0.18674977102041698,0.5749233578349334,-0.33009652233640674,0.9988888888888889,0.9988888888888889,43.68,900
1_rotation,rot_L21_top2_M_none,,val,0.1898747221855992,0.15370613021049712,1.2083634393194702,-0.14082109241552954,1.0,1.0,42.44919786096257,374
1_rotation,rot_L21_top2_M_none,,hold,0.31591588297668816,0.16336986980806423,1.7626874864140416,-0.06248868782265893,1.0,1.0,40.38461538461539,312
1_rotation,rot_L21_top2_M_none,,full,0.15720264527930694,0.17492140518481092,0.9225576058425821,-0.33009652233640674,0.9993694829760403,0.9993694829760403,42.74148802017655,1586
1_rotation,rot_L21_top2_M_tlt,,dev,0.11483639906560894,0.18306221955697807,0.685476077727834,-0.26537509890758193,0.9988888888888889,0.9988888888888889,48.160000000000004,900
1_rotation,rot_L21_top2_M_tlt,,val,0.17322905036196157,0.13612446716765747,1.2421309231434543,-0.07377493499501397,1.0,1.0,45.144385026737964,374
1_rotation,rot_L21_top2_M_tlt,,hold,0.3197136634908062,0.1607536820019052,1.8067020480411924,-0.06248868782265893,1.0,1.0,48.46153846153847,312
1_rotation,rot_L21_top2_M_tlt,,full,0.16641475667030048,0.1686848886250621,0.9972154630876762,-0.26537509890758193,0.9993694829760403,0.9993694829760403,47.50819672131147,1586
1_rotation,rot_L21_top2_M_cash,,dev,0.18076033388921497,0.1504093850434075,1.1802833809730355,-0.11114060937531,0.75,0.75,42.84,900
1_rotation,rot_L21_top2_M_cash,,val,0.20618765830772978,0.12466865554080643,1.5665959971993115,-0.05558971691592829,0.8877005347593583,0.8877005347593583,42.44919786096257,374
1_rotation,rot_L21_top2_M_cash,,hold,0.2983393901359215,0.15969632571577022,1.715246872174385,-0.06248868782265893,0.9647435897435898,0.9647435897435898,45.23076923076923,312
1_rotation,rot_L21_top2_M_cash,,full,0.2090768131391707,0.1466241262373163,1.3686760894761805,-0.11114060937531,0.8247162673392182,0.8247162673392182,43.21815889029004,1586
1_rotation,rot_L21_top3_W_none,,dev,0.10054968851396717,0.17456474753281542,0.6365437647010233,-0.19774758883661125,0.9988888888888889,0.9988909887596568,214.76,900
1_rotation,rot_L21_top3_W_none,,val,0.06466793627341949,0.12448748524815353,0.5659448612129897,-0.1295774530408994,1.0,0.999999542259256,212.24598930481284,374
1_rotation,rot_L21_top3_W_none,,hold,0.13976710978981743,0.13583809031690355,1.0311019530221788,-0.06479422130340595,1.0,0.9999976139175037,213.23076923076923,312
1_rotation,rot_L21_top3_W_none,,full,0.0995283822249371,0.15669594820444283,0.6842729717301599,-0.19774758883661125,0.9993694829760403,0.9993700972452169,213.86633039092055,1586
1_rotation,rot_L21_top3_W_tlt,,dev,0.03712574956839387,0.1772352650223054,0.29452554100226497,-0.2669977088307678,0.9988888888888889,0.9988904494428793,184.24,900
1_rotation,rot_L21_top3_W_tlt,,val,0.04013495575009873,0.11734984187161494,0.394062724986052,-0.09861086645847161,1.0,0.9999998226421482,200.1176470588235,374
1_rotation,rot_L21_top3_W_tlt,,hold,0.15806003809260827,0.13623135854346338,1.1454560372561622,-0.06051965994726671,1.0,0.9999976139175037,216.46153846153845,312
1_rotation,rot_L21_top3_W_tlt,,full,0.060598524649210006,0.1571818871996659,0.453133687472858,-0.2669977088307678,0.9993694829760403,0.9993698573196822,194.32282471626735,1586
1_rotation,rot_L21_top3_W_cash,,dev,0.09847415717024433,0.14337022070686994,0.7272072241487278,-0.15630045743784549,0.75,0.7500015605539904,179.20000000000002,900
1_rotation,rot_L21_top3_W_cash,,val,0.069355090172464,0.10396252765686317,0.6970223481373871,-0.05780010536155222,0.8877005347593583,0.8877003574015064,197.42245989304814,374
1_rotation,rot_L21_top3_W_cash,,hold,0.13930465629639688,0.13491203452959546,1.0342416766038924,-0.0652639987885919,0.9647435897435898,0.9647412036610934,213.23076923076923,312
1_rotation,rot_L21_top3_W_cash,,full,0.09940177787502491,0.13332452309395504,0.7778068868635872,-0.15630045743784549,0.8247162673392182,0.82471664168286,190.19167717528373,1586
1_rotation,rot_L21_top3_M_none,,dev,0.103755631504173,0.1701499874901985,0.6655922747378382,-0.2582628639376715,0.9988888888888889,0.9988888888888889,63.84,900
1_rotation,rot_L21_top3_M_none,,val,0.1856779763919294,0.13541706821848895,1.3259565019781852,-0.1201001530042135,1.0,1.0,64.68449197860963,374
1_rotation,rot_L21_top3_M_none,,hold,0.2631968152252626,0.13395433941457993,1.8117225844660079,-0.05020497687275194,1.0,1.0,60.57692307692308,312
1_rotation,rot_L21_top3_M_none,,full,0.15274371755887728,0.1557805350471373,0.9908146551637304,-0.2582628639376715,0.9993694829760403,0.9993694829760403,63.39722572509457,1586
1_rotation,rot_L21_top3_M_tlt,,dev,0.08268020437389767,0.17045618265036938,0.5514437263298642,-0.289830801753295,0.9988888888888889,0.9988888888888889,68.32000000000001,900
1_rotation,rot_L21_top3_M_tlt,,val,0.15782468393431426,0.12526373584983522,1.2329210080319717,-0.07377493499501386,1.0,1.0,66.03208556149733,374
1_rotation,rot_L21_top3_M_tlt,,hold,0.27844377831844125,0.13346656446220642,1.9078387498533707,-0.05020497687275194,1.0,1.0,70.26923076923077,312
1_rotation,rot_L21_top3_M_tlt,,full,0.1365068033346053,0.15389280701263494,0.9087545862494214,-0.289830801753295,0.9993694829760403,0.9993694829760403,68.16393442622952,1586
1_rotation,rot_L21_top3_M_cash,,dev,0.1467674819392768,0.13482726793755717,1.083563971009506,-0.10466495651085672,0.75,0.75,63.0,900
1_rotation,rot_L21_top3_M_cash,,val,0.1902427474443289,0.1127282039153912,1.6018286235442922,-0.06122437695046079,0.8877005347593583,0.8877005347593583,64.01069518716578,374
1_rotation,rot_L21_top3_M_cash,,hold,0.2577371832995743,0.13217758495628157,1.8014953159287244,-0.05020497687275194,0.9647435897435898,0.9647435897435898,67.03846153846153,312
1_rotation,rot_L21_top3_M_cash,,full,0.1780874722625223,0.12936071655843867,1.3321441888157013,-0.10466495651085672,0.8247162673392182,0.8247162673392182,64.0327868852459,1586
1_rotation,rot_L63_top1_W_none,,dev,-0.01147124507221231,0.25897316592173486,0.08543595234809835,-0.4938786280314448,0.9988888888888889,0.9988888888888889,33.6,900
1_rotation,rot_L63_top1_W_none,,val,0.2059096776849363,0.1786706439801006,1.1374768894703906,-0.14725425386661917,1.0,1.0,29.647058823529413,374
1_rotation,rot_L63_top1_W_none,,hold,0.28719304522604294,0.27271511048748937,1.0636236322095212,-0.1586267249969865,1.0,1.0,17.76923076923077,312
1_rotation,rot_L63_top1_W_none,,full,0.0911914815955952,0.24534930974394834,0.47908413460296756,-0.508441071884544,0.9993694829760403,0.9993694829760403,29.55359394703657,1586
1_rotation,rot_L63_top1_W_tlt,,dev,-0.01821516489515651,0.22767194146523465,0.033141042244445085,-0.41570494113564715,0.9988888888888889,0.9988888888888889,36.4,900
1_rotation,rot_L63_top1_W_tlt,,val,0.08819484605409156,0.16457484606983544,0.5959783876113905,-0.14725425386661917,1.0,1.0,35.037433155080215,374
1_rotation,rot_L63_top1_W_tlt,,hold,0.34509409219524967,0.26766376193238783,1.243103982146901,-0.15862672499698616,1.0,1.0,24.230769230769234,312
1_rotation,rot_L63_top1_W_tlt,,full,0.07017266452088533,0.2233674199626764,0.41575816794026876,-0.42163265078647805,0.9993694829760403,0.9993694829760403,33.68474148802017,1586
1_rotation,rot_L63_top1_W_cash,,dev,0.04001478945991632,0.2024766296681316,0.2951173418138545,-0.26484531056597693,0.75,0.75,30.24,900
1_rotation,rot_L63_top1_W_cash,,val,0.11876559977262224,0.1552752871873356,0.8005398691241677,-0.14725425386661917,0.8877005347593583,0.8877005347593583,32.342245989304814,374
1_rotation,rot_L63_top1_W_cash,,hold,0.32330187546946965,0.2670599710943672,1.1840730144524199,-0.15862672499698638,0.9647435897435898,0.9647435897435898,21.0,312
1_rotation,rot_L63_top1_W_cash,,full,0.10941892515788632,0.20726643297666297,0.60515349965672,-0.2894865176140192,0.8247162673392182,0.8247162673392182,28.918032786885245,1586
1_rotation,rot_L63_top1_M_none,,dev,0.2405702772083509,0.26269218140985734,0.9526131972380408,-0.2933400528719228,0.9988888888888889,0.9988888888888889,12.32,900
1_rotation,rot_L63_top1_M_none,,val,0.05758924013873923,0.1910047177826337,0.3885358197240565,-0.16038554056825138,1.0,1.0,16.171122994652407,374
1_rotation,rot_L63_top1_M_none,,hold,0.37688589287528096,0.2745876219892629,1.3038381133602555,-0.21477501085916484,1.0,1.0,8.076923076923077,312
1_rotation,rot_L63_top1_M_none,,full,0.21950994970155624,0.2501131685562128,0.9193229231933934,-0.2933400528719228,0.9993694829760403,0.9993694829760403,12.39344262295082,1586
1_rotation,rot_L63_top1_M_tlt,,dev,0.14454682144349928,0.22784680294290793,0.7064874211590676,-0.3398057386560631,0.9988888888888889,0.9988888888888889,20.72,900
1_rotation,rot_L63_top1_M_tlt,,val,-0.04564729709224402,0.17758525343219173,-0.1742177447692121,-0.16038554056825138,1.0,1.0,21.561497326203206,374
1_rotation,rot_L63_top1_M_tlt,,hold,0.43882154040716115,0.26952854308450674,1.4866160532778059,-0.19850414543914552,1.0,1.0,14.53846153846154,312
1_rotation,rot_L63_top1_M_tlt,,full,0.14701985055079714,0.2262749110317941,0.7198016761395587,-0.3398057386560631,0.9993694829760403,0.9993694829760403,19.702395964691046,1586
1_rotation,rot_L63_top1_M_cash,,dev,0.21243054750748258,0.20251488707211635,1.0526632516239267,-0.1813096059880599,0.75,0.75,14.559999999999999,900
1_rotation,rot_L63_top1_M_cash,,val,-0.018836582497334997,0.16908275747079854,-0.027900513019290293,-0.16038554056825138,0.8877005347593583,0.8877005347593583,18.866310160427805,374
1_rotation,rot_L63_top1_M_cash,,hold,0.415510821090046,0.2689455513696082,1.4284306756082341,-0.19850414543914496,0.9647435897435898,0.9647435897435898,11.307692307692308,312
1_rotation,rot_L63_top1_M_cash,,full,0.18908448712566406,0.2103528242261017,0.929078270871773,-0.19850414543914585,0.8247162673392182,0.8247162673392182,14.935687263556115,1586
1_rotation,rot_L63_top2_W_none,,dev,0.08226757053232792,0.20127283494765275,0.49368464195647516,-0.3132856469905153,0.9988888888888889,0.9988891703426445,128.79999999999998,900
1_rotation,rot_L63_top2_W_none,,val,0.027627856086765323,0.14695566789381986,0.25915963509236445,-0.1322825084420043,1.0,1.0,134.0855614973262,374
1_rotation,rot_L63_top2_W_none,,hold,0.22561377535059002,0.17131702354229314,1.2738198634210267,-0.08862223023370919,1.0,1.0,134.07692307692307,312
1_rotation,rot_L63_top2_W_none,,full,0.09560957514659041,0.18393650114436358,0.5887750351306972,-0.3132856469905153,0.9993694829760403,0.9993696426912863,131.0844892812106,1586
1_rotation,rot_L63_top2_W_tlt,,dev,0.02089633612767905,0.18995514179098605,0.2038804616874071,-0.36513947395095425,0.9988888888888889,0.9988891703426445,113.96000000000001,900
1_rotation,rot_L63_top2_W_tlt,,val,0.03723982012633176,0.1374063359801189,0.33472493925594216,-0.1126983606424623,1.0,1.0,126.67379679144385,374
1_rotation,rot_L63_top2_W_tlt,,hold,0.22234371276265885,0.1710788335685365,1.2597232695832432,-0.08862223023370919,1.0,1.0,136.5,312
1_rotation,rot_L63_top2_W_tlt,,full,0.061681095144358045,0.1751317372715141,0.42949679465610624,-0.36513947395095425,0.9993694829760403,0.9993696426912863,121.3921815889029,1586
1_rotation,rot_L63_top2_W_cash,,dev,0.08144693759225907,0.15884058039224383,0.57250622656247,-0.1990092399293092,0.75,0.7500002814537556,107.8,900
1_rotation,rot_L63_top2_W_cash,,val,0.066378755845375,0.1261647315249088,0.5723813087268644,-0.1126983606424623,0.8877005347593583,0.8877005347593583,123.97860962566845,374
1_rotation,rot_L63_top2_W_cash,,hold,0.20254434549148903,0.1700670073714744,1.1701070497671044,-0.0956034286797891,0.9647435897435898,0.9647435897435898,133.26923076923077,312
1_rotation,rot_L63_top2_W_cash,,full,0.10061714817575629,0.15407705803534513,0.699518144692974,-0.1990092399293092,0.8247162673392182,0.8247164270544641,116.62547288776797,1586
1_rotation,rot_L63_top2_M_none,,dev,0.27174113619143814,0.2019289768701201,1.2920393280927713,-0.17667219025775027,0.9988888888888889,0.9988888888888889,34.44,900
1_rotation,rot_L63_top2_M_none,,val,0.05148917444764223,0.16437717615023656,0.38770191507264457,-0.13274457629548342,1.0,1.0,38.406417112299465,374
1_rotation,rot_L63_top2_M_none,,hold,0.27280959820396755,0.18321309527549712,1.4088169778813433,-0.10421273207923554,1.0,1.0,33.92307692307692,312
1_rotation,rot_L63_top2_M_none,,full,0.21616841207672022,0.1900000646458806,1.1255601713152243,-0.17667219025775027,0.9993694829760403,0.9993694829760403,35.27364438839849,1586
1_rotation,rot_L63_top2_M_tlt,,dev,0.14288294295327164,0.19135495006497844,0.7937404976591149,-0.3290505244029236,0.9988888888888889,0.9988888888888889,42.0,900
1_rotation,rot_L63_top2_M_tlt,,val,0.04147584012374139,0.14761253201116356,0.34916958759850575,-0.13228922322012238,1.0,1.0,42.44919786096257,374
1_rotation,rot_L63_top2_M_tlt,,hold,0.2787300677217768,0.18308946819448457,1.4350204541336606,-0.10421273207923498,1.0,1.0,41.19230769230769,312
1_rotation,rot_L63_top2_M_tlt,,full,0.14309303964237818,0.18025796071636452,0.8323092957666091,-0.3290505244029236,0.9993694829760403,0.9993694829760403,41.94703656998739,1586
1_rotation,rot_L63_top2_M_cash,,dev,0.21066757919988666,0.1603713623988299,1.2726415086732044,-0.15151076696825017,0.75,0.75,35.84,900
1_rotation,rot_L63_top2_M_cash,,val,0.07073480418092237,0.13719864713951485,0.5667899445736335,-0.13228922322012238,0.8877005347593583,0.8877005347593583,39.75401069518716,374
1_rotation,rot_L63_top2_M_cash,,hold,0.2580172379242327,0.1821619449863485,1.3516640289095723,-0.1042127320792352,0.9647435897435898,0.9647435897435898,37.96153846153846,312
1_rotation,rot_L63_top2_M_cash,,full,0.1850144037350816,0.15982125223774277,1.1424735556727668,-0.15151076696825017,0.8247162673392182,0.8247162673392182,37.18032786885246,1586
1_rotation,rot_L63_top3_W_none,,dev,0.08341385066550933,0.1787871760683978,0.5377510705778055,-0.2752879495078967,0.9988888888888889,0.998890097095689,190.12,900
1_rotation,rot_L63_top3_W_none,,val,0.03793884612065623,0.13059646720611892,0.3507395551748731,-0.12681074328123487,1.0,1.0000001419779188,194.72727272727272,374
1_rotation,rot_L63_top3_W_none,,hold,0.22182052498801785,0.14220411704608077,1.4803933654306243,-0.08007855061612079,1.0,1.0000013161853816,188.1923076923077,312
1_rotation,rot_L63_top3_W_none,,full,0.09818204215417436,0.1616288799740012,0.660604169673899,-0.2752879495078967,0.9993694829760403,0.9993704609935061,190.82723833543506,1586
1_rotation,rot_L63_top3_W_tlt,,dev,0.03602468805106129,0.17658106906393123,0.28880324819799674,-0.3374950995549385,0.9988888888888889,0.9988899852460045,164.07999999999998,900
1_rotation,rot_L63_top3_W_tlt,,val,0.04845401960202533,0.12396593772198983,0.4437736211689818,-0.08357440443861197,1.0,1.0000001419779188,183.94652406417114,374
1_rotation,rot_L63_top3_W_tlt,,hold,0.22750622063294923,0.14312825592340345,1.5042117703320377,-0.08020313964826431,1.0,1.0000013161853816,191.4230769230769,312
1_rotation,rot_L63_top3_W_tlt,,full,0.07418895189087693,0.15918014428520527,0.5293690824916286,-0.3374950995549385,0.9993694829760403,0.999370397522689,174.1437578814628,1586
1_rotation,rot_L63_top3_W_cash,,dev,0.09747269238011769,0.14255804525260865,0.7239596013692018,-0.15841051583791899,0.75,0.7500010963571156,157.92000000000002,900
1_rotation,rot_L63_top3_W_cash,,val,0.07790791406189612,0.11136805510898744,0.7294176026156916,-0.08007626063530304,0.8877005347593583,0.8877006767372772,181.25133689839572,374
1_rotation,rot_L63_top3_W_cash,,hold,0.20762292759308254,0.1419190424482073,1.4006564621399236,-0.08731629114938888,0.9647435897435898,0.9647449059289713,188.1923076923077,312
1_rotation,rot_L63_top3_W_cash,,full,0.11358371335868567,0.13566326900355868,0.8611485316931681,-0.15841051583791899,0.8247162673392182,0.8247171818858668,169.37704918032787,1586
1_rotation,rot_L63_top3_M_none,,dev,0.1484161488561082,0.18172108777593957,0.8526456973758746,-0.22075308603871635,0.9988888888888889,0.9988888888888889,51.52,900
1_rotation,rot_L63_top3_M_none,,val,0.09992728575076426,0.1437603949720384,0.7345528101104938,-0.11960085588560077,1.0,1.0,53.229946524064175,374
1_rotation,rot_L63_top3_M_none,,hold,0.17202689063489962,0.14399055563599056,1.1746471835501047,-0.07762095690033466,1.0,1.0,48.46153846153847,312
1_rotation,rot_L63_top3_M_none,,full,0.14135286198081598,0.16632510987942195,0.878400413518331,-0.22075308603871635,0.9993694829760403,0.9993694829760403,51.32156368221942,1586
1_rotation,rot_L63_top3_M_tlt,,dev,0.05141336411657682,0.1794420655708755,0.36915674250530794,-0.35631292475138343,0.9988888888888889,0.9988877659566242,60.76,900
1_rotation,rot_L63_top3_M_tlt,,val,0.10455763256418327,0.13226555060400583,0.8181461960513186,-0.09040371145449932,1.0,0.9999998604154682,57.27272727272727,374
1_rotation,rot_L63_top3_M_tlt,,hold,0.17044114161410984,0.14412126891339505,1.1643146120140224,-0.07799546094863352,1.0,1.0,58.15384615384616,312
1_rotation,rot_L63_top3_M_tlt,,full,0.08639039809317883,0.16267124810738612,0.5908756161365014,-0.35631292475138343,0.9993694829760403,0.9993688128350233,59.4249684741488,1586
1_rotation,rot_L63_top3_M_cash,,dev,0.11377381638690909,0.14606699442371585,0.8109383516722054,-0.16781849611886512,0.75,0.7499988770677353,54.6,900
1_rotation,rot_L63_top3_M_cash,,val,0.13558880041520371,0.12048378327532953,1.1157813949879618,-0.08123973060181566,0.8877005347593583,0.8877003951748265,54.57754010695187,374
1_rotation,rot_L63_top3_M_cash,,hold,0.1514821148108103,0.1428990848829813,1.058698983975074,-0.09121565957597388,0.9647435897435898,0.9647435897435898,54.92307692307693,312
1_rotation,rot_L63_top3_M_cash,,full,0.1262327356809938,0.13973158567825383,0.9209059734383113,-0.16781849611886512,0.8247162673392182,0.8247155971982011,54.658259773013874,1586
1_rotation,rot_L126_top1_W_none,,dev,0.1880691716919085,0.2590399947338278,0.795446441728792,-0.3428431094939446,0.9988888888888889,0.9988888888888889,28.0,900
1_rotation,rot_L126_top1_W_none,,val,0.060640910921667235,0.19088818849303532,0.40375028013521036,-0.19551336442734002,1.0,1.0,26.95187165775401,374
1_rotation,rot_L126_top1_W_none,,hold,0.09820666556240187,0.27337396391976837,0.4806286736977774,-0.3788375033640463,1.0,1.0,16.153846153846153,312
1_rotation,rot_L126_top1_W_none,,full,0.13894531835205837,0.24760911474919134,0.6500144668673915,-0.3788375033640473,0.9993694829760403,0.9993694829760403,25.422446406052963,1586
1_rotation,rot_L126_top1_W_tlt,,dev,0.05946566135603426,0.21738869066519623,0.3745018397381271,-0.31442731238219956,0.9988888888888889,0.9988888888888889,34.72,900
1_rotation,rot_L126_top1_W_tlt,,val,-0.0122092382109239,0.17651860802378755,0.018723070667858815,-0.21517553168741665,1.0,1.0,30.994652406417114,374
1_rotation,rot_L126_top1_W_tlt,,hold,0.14797786159894777,0.26843335012430936,0.6496290215207283,-0.34379752536072694,1.0,1.0,21.0,312
1_rotation,rot_L126_top1_W_tlt,,full,0.05868817666814108,0.2197451288759831,0.3698957121402541,-0.3437975253607273,0.9993694829760403,0.9993694829760403,31.14249684741488,1586
1_rotation,rot_L126_top1_W_cash,,dev,0.12230368366223843,0.1907569244782501,0.7004806994816434,-0.1905738220123604,0.75,0.75,28.56,900
1_rotation,rot_L126_top1_W_cash,,val,0.01554314590984096,0.1679278418315079,0.17582538268383469,-0.182229091811411,0.8877005347593583,0.8877005347593583,28.299465240641712,374
1_rotation,rot_L126_top1_W_cash,,hold,0.129384776013316,0.26777443571496007,0.5895510930384101,-0.3569306542811781,0.9647435897435898,0.9647435897435898,17.76923076923077,312
1_rotation,rot_L126_top1_W_cash,,full,0.0975153641526767,0.2033559653675015,0.5598260110302763,-0.35693065428117876,0.8247162673392182,0.8247162673392182,26.375788146279948,1586
1_rotation,rot_L126_top1_M_none,,dev,0.19066175594916168,0.26234872254373837,0.7969520893236187,-0.26043716649674054,0.9988888888888889,0.9988888888888889,8.96,900
1_rotation,rot_L126_top1_M_none,,val,0.15416436863580962,0.18442907261574945,0.8696785160332904,-0.1790748764218395,1.0,1.0,10.780748663101603,374
1_rotation,rot_L126_top1_M_none,,hold,0.19067905551531106,0.2902400178621965,0.7474912643993057,-0.30447361592542654,1.0,1.0,6.461538461538462,312
1_rotation,rot_L126_top1_M_none,,full,0.18195590308398013,0.252137836038074,0.789835426874576,-0.30447361592542677,0.9993694829760403,0.9993694829760403,8.897856242118538,1586
1_rotation,rot_L126_top1_M_tlt,,dev,0.06538095115065334,0.2189700748933319,0.3987453398351777,-0.34423810515692566,0.9988888888888889,0.9988888888888889,19.6,900
1_rotation,rot_L126_top1_M_tlt,,val,0.06992781334842624,0.16952138079374723,0.48358872522745433,-0.21346987833240616,1.0,1.0,14.823529411764707,374
1_rotation,rot_L126_top1_M_tlt,,hold,0.24337736230429585,0.2796487193168454,0.9199930487825714,-0.26616232635679726,1.0,1.0,11.307692307692308,312
1_rotation,rot_L126_top1_M_tlt,,full,0.09936191627212798,0.22208475024503258,0.538039535631981,-0.34423810515692566,0.9993694829760403,0.9993694829760403,16.842370744010086,1586
1_rotation,rot_L126_top1_M_cash,,dev,0.12857036234368535,0.19254828113078368,0.7246098246362523,-0.21416214423893343,0.75,0.75,13.440000000000001,900
1_rotation,rot_L126_top1_M_cash,,val,0.09998747719273449,0.16050765764511266,0.6741088662395953,-0.1804522721088314,0.8877005347593583,0.8877005347593583,12.128342245989304,374
1_rotation,rot_L126_top1_M_cash,,hold,0.2232391501611093,0.2790358243001458,0.8628264673721053,-0.28084923344281265,0.9647435897435898,0.9647435897435898,8.076923076923077,312
1_rotation,rot_L126_top1_M_cash,,full,0.13968102246355207,0.20585697983172271,0.7386271478044693,-0.28084923344281243,0.8247162673392182,0.8247162673392182,12.075662042875157,1586
1_rotation,rot_L126_top2_W_none,,dev,0.12508086996711998,0.1959511755218636,0.6997193373578523,-0.2317783194380385,0.9988888888888889,0.9988888888888889,122.64,900
1_rotation,rot_L126_top2_W_none,,val,0.14221615071995242,0.15006661884783432,0.9612152022130867,-0.14762808135998462,1.0,1.0,126.0,374
1_rotation,rot_L126_top2_W_none,,hold,0.33784007919493986,0.1641900308053645,1.8558440013567548,-0.08031412877607247,1.0,1.0,119.53846153846153,312
1_rotation,rot_L126_top2_W_none,,full,0.16823232347202244,0.1799580813176883,0.9544667925934154,-0.2317783194380385,0.9993694829760403,0.9993694829760403,122.82219419924337,1586
1_rotation,rot_L126_top2_W_tlt,,dev,0.053988447528062755,0.18753277315050232,0.3741499397878199,-0.3108087409204754,0.9988888888888889,0.9988888888888889,109.48,900
1_rotation,rot_L126_top2_W_tlt,,val,0.08509543776138351,0.1408671340633688,0.6503111789826848,-0.1440824997667456,1.0,1.0,119.2620320855615,374
1_rotation,rot_L126_top2_W_tlt,,hold,0.3491847416770488,0.161303535341665,1.9385826919515612,-0.08031412877607214,1.0,1.0,124.38461538461539,312
1_rotation,rot_L126_top2_W_tlt,,full,0.11406412068497285,0.17250429541929385,0.7126401421456202,-0.3108087409204754,0.9993694829760403,0.9993694829760403,114.718789407314,1586
1_rotation,rot_L126_top2_W_cash,,dev,0.11650295329823557,0.15588717928544474,0.7850193687547374,-0.13594326574076832,0.75,0.75,103.32,900
1_rotation,rot_L126_top2_W_cash,,val,0.11558095075985064,0.12987381770608758,0.9072535234190795,-0.10578421506081293,0.8877005347593583,0.8877005347593583,116.5668449197861,374
1_rotation,rot_L126_top2_W_cash,,hold,0.3273314069586437,0.16026703331269038,1.848071011989014,-0.08031412877607225,0.9647435897435898,0.9647435897435898,121.15384615384616,312
1_rotation,rot_L126_top2_W_cash,,full,0.15492258709415307,0.15103559754798132,1.0295232786754354,-0.13594326574076832,0.8247162673392182,0.8247162673392182,109.95208070617906,1586
1_rotation,rot_L126_top2_M_none,,dev,0.12938781587840253,0.1991084225532061,0.7109127341027252,-0.16994080265494926,0.9988888888888889,0.9988888888888889,31.36,900
1_rotation,rot_L126_top2_M_none,,val,0.1624211834797924,0.15300786457264764,1.0603461439992716,-0.1623511539608391,1.0,1.0,35.037433155080215,374
1_rotation,rot_L126_top2_M_none,,hold,0.26271366399463103,0.1630461808656837,1.5129393752004494,-0.11731001426623633,1.0,1.0,31.5,312
1_rotation,rot_L126_top2_M_none,,full,0.16232892433485424,0.18225784615106294,0.916885996213533,-0.16994080265494926,0.9993694829760403,0.9993694829760403,32.254728877679696,1586
1_rotation,rot_L126_top2_M_tlt,,dev,0.039262166227586714,0.18724377740324769,0.29930281980923223,-0.3644600205702626,0.9988888888888889,0.9988888888888889,40.879999999999995,900
1_rotation,rot_L126_top2_M_tlt,,val,0.10203360585440757,0.14044516110062827,0.7621994974532024,-0.1389259589074805,1.0,1.0,39.08021390374332,374
1_rotation,rot_L126_top2_M_tlt,,hold,0.27560056727776083,0.16065894305401135,1.5963033148654282,-0.10614313257467245,1.0,1.0,39.57692307692307,312
1_rotation,rot_L126_top2_M_tlt,,full,0.09707764632671756,0.17209189392698188,0.6246466299565109,-0.3644600205702626,0.9993694829760403,0.9993694829760403,40.19924337957125,1586
1_rotation,rot_L126_top2_M_cash,,dev,0.10090270006941648,0.15556117909060369,0.6958784350855822,-0.19266466053005804,0.75,0.75,34.72,900
1_rotation,rot_L126_top2_M_cash,,val,0.13299608262034446,0.12939640804335822,1.029922235917486,-0.10039565909196813,0.8877005347593583,0.8877005347593583,36.38502673796791,374
1_rotation,rot_L126_top2_M_cash,,hold,0.2549389843296175,0.15959568712337927,1.5034555404564984,-0.12403390932697445,0.9647435897435898,0.9647435897435898,36.34615384615384,312
1_rotation,rot_L126_top2_M_cash,,full,0.1373130612772293,0.1505780674154832,0.9301341288557857,-0.19266466053005804,0.8247162673392182,0.8247162673392182,35.43253467843632,1586
1_rotation,rot_L126_top3_W_none,,dev,0.15095626551703134,0.16887238786774678,0.917209074973919,-0.17349512501391828,0.9988888888888889,0.9988903859154694,179.76000000000002,900
1_rotation,rot_L126_top3_W_none,,val,0.13498394799263247,0.13760265965143034,0.9889572199245799,-0.14258337506653063,1.0,1.0000020143240713,185.96791443850267,374
1_rotation,rot_L126_top3_W_none,,hold,0.24596301871858595,0.13431000033301224,1.7051379822989774,-0.06744481969732774,1.0,1.0000004175745336,181.73076923076923,312
1_rotation,rot_L126_top3_W_none,,full,0.1652093836670352,0.15548237009006013,1.0614592440542543,-0.17349512501391828,0.9993694829760403,0.9993708896370616,181.61160151324086,1586
1_rotation,rot_L126_top3_W_tlt,,dev,0.06491037652769838,0.17157142943153106,0.45230004099336435,-0.3030588449594064,0.9988888888888889,0.9988900056548969,157.64,900
1_rotation,rot_L126_top3_W_tlt,,val,0.07963796833520642,0.12298717233844704,0.6846869694398485,-0.1261569076589193,1.0,1.0000016232786104,176.53475935828877,374
1_rotation,rot_L126_top3_W_tlt,,hold,0.23303323540055132,0.1334278612126615,1.6372941829005436,-0.06759799533123967,1.0,1.0000004175745336,186.5769230769231,312
1_rotation,rot_L126_top3_W_tlt,,full,0.09962175843295484,0.15414678829551537,0.6932968493052325,-0.3030588449594064,0.9993694829760403,0.9993705816386268,167.78814627994956,1586
1_rotation,rot_L126_top3_W_cash,,dev,0.12807311463254378,0.13625369755914263,0.9527142836321095,-0.12731755522305965,0.75,0.7500011167660081,151.48000000000002,900
1_rotation,rot_L126_top3_W_cash,,val,0.10997104820767944,0.1102247859240365,1.0018501742935169,-0.08668560038900697,0.8877005347593583,0.8877021580379687,173.83957219251337,374
1_rotation,rot_L126_top3_W_cash,,hold,0.21306330426743103,0.13211363304145912,1.5285725858109622,-0.07462113869513098,0.9647435897435898,0.9647440073181233,183.34615384615384,312
1_rotation,rot_L126_top3_W_cash,,full,0.13995138884645342,0.12968386198624293,1.0751581460965298,-0.12731755522305965,0.8247162673392182,0.8247173660018046,163.02143757881464,1586
1_rotation,rot_L126_top3_M_none,,dev,0.1185882921504422,0.17556502849252717,0.7262730976719278,-0.1614580710377399,0.9988888888888889,0.9988888888888889,48.44,900
1_rotation,rot_L126_top3_M_none,,val,0.08294068679435473,0.15469397843830973,0.5926187822707267,-0.1876342639733778,1.0,1.0,47.16577540106952,374
1_rotation,rot_L126_top3_M_none,,hold,0.15274326953690442,0.13735520460078315,1.1038271470070558,-0.1033503403711431,1.0,1.0,46.84615384615385,312
1_rotation,rot_L126_top3_M_none,,full,0.11666537791935805,0.16376086339359408,0.7559847850065538,-0.1876342639733778,0.9993694829760403,0.9993694829760403,47.825977301387134,1586
1_rotation,rot_L126_top3_M_tlt,,dev,0.03565579576173672,0.17358900520834306,0.28860593264058,-0.3395244992480927,0.9988888888888889,0.9988888888888889,58.239999999999995,900
1_rotation,rot_L126_top3_M_tlt,,val,0.06527027915343608,0.13171331416708268,0.5460497238755351,-0.12987109813769326,1.0,0.9999952438832219,51.20855614973262,374
1_rotation,rot_L126_top3_M_tlt,,hold,0.15301240782966152,0.13721544364075736,1.1065168178100095,-0.10309114227369198,1.0,0.9999997033070473,56.53846153846154,312
1_rotation,rot_L126_top3_M_tlt,,full,0.06481383852778655,0.15771578554859372,0.47717447129020835,-0.3395244992480927,0.9993694829760403,0.9993683030543026,56.24716267339218,1586
1_rotation,rot_L126_top3_M_cash,,dev,0.09708387586567468,0.13882347680287763,0.7369639372070294,-0.16098459545955957,0.75,0.75,52.08,900
1_rotation,rot_L126_top3_M_cash,,val,0.09520039549358761,0.11988908841167614,0.8186151618380538,-0.09056669078483592,0.8877005347593583,0.8876957786425802,48.513368983957214,374
1_rotation,rot_L126_top3_M_cash,,hold,0.13433637910488483,0.13591875769393674,0.9955639311770134,-0.12104307409101767,0.9647435897435898,0.9647432930506371,53.30769230769231,312
1_rotation,rot_L126_top3_M_cash,,full,0.10386691468323916,0.1339365989774159,0.8050012123827036,-0.16098459545955957,0.8247162673392182,0.8247150874174803,51.48045397225725,1586
1_rotation,rot_L252_top1_W_none,,dev,0.32717418598085035,0.2663060590844786,1.1970303926480972,-0.2604371664967403,0.9988888888888889,0.9988888888888889,11.200000000000001,900
1_rotation,rot_L252_top1_W_none,,val,0.24379510795978265,0.19001778204340392,1.243225206414713,-0.10329949830083729,1.0,1.0,20.21390374331551,374
1_rotation,rot_L252_top1_W_none,,hold,0.6018152857771986,0.28065621357506304,1.8217710848100217,-0.19209514099718172,1.0,1.0,8.076923076923077,312
1_rotation,rot_L252_top1_W_none,,full,0.356288268696765,0.25339911588315606,1.33064329600723,-0.2604371664967403,0.9993694829760403,0.9993694829760403,12.711223203026481,1586
1_rotation,rot_L252_top1_W_tlt,,dev,0.15304560222887154,0.22206618096000863,0.7525018359409112,-0.3007597580494895,0.9988888888888889,0.9988888888888889,22.96,900
1_rotation,rot_L252_top1_W_tlt,,val,0.12238209135821476,0.17690690405971524,0.7409785392381633,-0.10329949830083729,1.0,1.0,25.60427807486631,374
1_rotation,rot_L252_top1_W_tlt,,hold,0.5643638235554429,0.2722210717759059,1.7826378437731203,-0.1667484453173793,1.0,1.0,12.923076923076923,312
1_rotation,rot_L252_top1_W_tlt,,full,0.21660604104311565,0.2234818329041014,0.9897944805762119,-0.3007597580494895,0.9993694829760403,0.9993694829760403,21.60907944514502,1586
1_rotation,rot_L252_top1_W_cash,,dev,0.2214323459442995,0.19598646672540296,1.1190277157105335,-0.1744354930868065,0.75,0.75,16.8,900
1_rotation,rot_L252_top1_W_cash,,val,0.15391327037217528,0.16826972839669638,0.9348397215067707,-0.10329949830083729,0.8877005347593583,0.8877005347593583,22.90909090909091,374
1_rotation,rot_L252_top1_W_cash,,hold,0.5390316847638175,0.27163463117688125,1.7256864453107201,-0.1668908617674213,0.9647435897435898,0.9647435897435898,9.692307692307693,312
1_rotation,rot_L252_top1_W_cash,,full,0.2612240143710458,0.20730374187398934,1.2241084526479564,-0.1744354930868065,0.8247162673392182,0.8247162673392182,16.842370744010086,1586
1_rotation,rot_L252_top1_M_none,,dev,0.3040686809035058,0.2669615142892098,1.1289099758525298,-0.26043716649674076,0.9988888888888889,0.9988888888888889,3.3600000000000003,900
1_rotation,rot_L252_top1_M_none,,val,0.32953975641863487,0.18506658537382784,1.6319729288358242,-0.08793292880573378,1.0,1.0,10.780748663101603,374
1_rotation,rot_L252_top1_M_none,,hold,0.4626664019917972,0.28911122527201055,1.4617208807469853,-0.19209514099718172,1.0,1.0,4.846153846153847,312
1_rotation,rot_L252_top1_M_none,,full,0.3399452059801551,0.2547406064631718,1.2772827387257095,-0.26043716649674076,0.9993694829760403,0.9993694829760403,5.402269861286255,1586
1_rotation,rot_L252_top1_M_tlt,,dev,0.13527300204217463,0.22266309099080872,0.6813134899229393,-0.3053530024963361,0.9988888888888889,0.9988888888888889,15.68,900
1_rotation,rot_L252_top1_M_tlt,,val,0.19975677891256693,0.1717381322428296,1.1463556627699827,-0.08793292880573378,1.0,1.0,16.171122994652407,374
1_rotation,rot_L252_top1_M_tlt,,hold,0.603560186632828,0.28080460858773354,1.8246484075245841,-0.1667484453173793,1.0,1.0,9.692307692307693,312
1_rotation,rot_L252_top1_M_tlt,,full,0.2310151397418272,0.22496764219919788,1.0370634378861452,-0.3053530024963361,0.9993694829760403,0.9993694829760403,14.617906683480454,1586
1_rotation,rot_L252_top1_M_cash,,dev,0.20260790452407296,0.1966698120324621,1.0368263679604897,-0.17985108781068126,0.75,0.75,9.52,900
1_rotation,rot_L252_top1_M_cash,,val,0.23346165184343048,0.1627848497211618,1.3704837242122039,-0.08793292880573378,0.8877005347593583,0.8877005347593583,13.475935828877004,374
1_rotation,rot_L252_top1_M_cash,,hold,0.5775933312269128,0.2802424886227508,1.7693758751599575,-0.1668908617674213,0.9647435897435898,0.9647435897435898,6.461538461538462,312
1_rotation,rot_L252_top1_M_cash,,full,0.2761629065656743,0.20889236008888584,1.272745897911618,-0.17985108781068126,0.8247162673392182,0.8247162673392182,9.851197982345523,1586
1_rotation,rot_L252_top2_W_none,,dev,0.17947893321699437,0.19644371828888268,0.9389395502744471,-0.16890340442915996,0.9988888888888889,0.9988888888888889,118.72,900
1_rotation,rot_L252_top2_W_none,,val,0.2342254332793008,0.1465051478080425,1.5101132903901413,-0.08200915927087349,1.0,1.000000783374222,123.3048128342246,374
1_rotation,rot_L252_top2_W_none,,hold,0.4285172150985934,0.1755179070541104,2.1213289528703014,-0.1008661646587169,1.0,1.0,116.30769230769232,312
1_rotation,rot_L252_top2_W_none,,full,0.23794974009186332,0.18167109177083923,1.266491924879936,-0.16890340442915996,0.9993694829760403,0.9993696677061531,119.32660781841109,1586
1_rotation,rot_L252_top2_W_tlt,,dev,0.0706454626826245,0.18553575981279674,0.46075496065481275,-0.2724069348506102,0.9988888888888889,0.9988888888888889,107.52000000000001,900
1_rotation,rot_L252_top2_W_tlt,,val,0.14235612144594656,0.14426815475396973,0.9948201662431624,-0.08897045999210551,1.0,1.000000783374222,117.24064171122996,374
1_rotation,rot_L252_top2_W_tlt,,hold,0.4057514065816543,0.17274812566123865,2.059458000084913,-0.09877467003712948,1.0,1.0,120.34615384615385,312
1_rotation,rot_L252_top2_W_tlt,,full,0.1469646280127852,0.1741282981237805,0.8748826509803862,-0.2724069348506102,0.9993694829760403,0.9993696677061531,112.33543505674653,1586
1_rotation,rot_L252_top2_W_cash,,dev,0.13414913734161815,0.15345129935306234,0.8973244383738163,-0.1409620422421164,0.75,0.75,101.36,900
1_rotation,rot_L252_top2_W_cash,,val,0.17444916346494033,0.13352215626294628,1.2712637447431445,-0.08200915927087349,0.8877005347593583,0.8877013181335801,114.54545454545455,374
1_rotation,rot_L252_top2_W_cash,,hold,0.38298183687786924,0.17179717559699073,1.974724700173513,-0.09877467003712948,0.9647435897435898,0.9647435897435898,117.11538461538461,312
1_rotation,rot_L252_top2_W_cash,,full,0.18903015505873855,0.1528605554690461,1.2096188220815682,-0.1409620422421164,0.8247162673392182,0.824716452069331,107.5687263556116,1586
1_rotation,rot_L252_top2_M_none,,dev,0.1867779649796908,0.19820460496591016,0.9635505680522581,-0.16994080265494926,0.9988888888888889,0.9988888888888889,29.96,900
1_rotation,rot_L252_top2_M_none,,val,0.2775613730441697,0.15126544180824855,1.6956128867712499,-0.10231745414747584,1.0,1.0,31.668449197860962,374
1_rotation,rot_L252_top2_M_none,,hold,0.22541404839935852,0.17803800529293037,1.2315643410639487,-0.17885960413689206,1.0,1.0,28.26923076923077,312
1_rotation,rot_L252_top2_M_none,,full,0.21522154456048304,0.1840903751127729,1.1515647086353287,-0.17885960413689306,0.9993694829760403,0.9993694829760403,30.030264817150062,1586
1_rotation,rot_L252_top2_M_tlt,,dev,0.08202236078111924,0.18603000766099878,0.5168702509986789,-0.2834178435055652,0.9988888888888889,0.9988888888888889,39.76,900
1_rotation,rot_L252_top2_M_tlt,,val,0.1709304870361108,0.14612589316139685,1.1531906716663092,-0.10231745414747584,1.0,1.0,36.38502673796791,374
1_rotation,rot_L252_top2_M_tlt,,hold,0.30593961263783465,0.1751478348629541,1.6127203506632681,-0.15853148165049713,1.0,1.0,35.53846153846154,312
1_rotation,rot_L252_top2_M_tlt,,full,0.14391293956684503,0.17519612773271567,0.8554278085326706,-0.2834178435055652,0.9993694829760403,0.9993694829760403,38.13366960907944,1586
1_rotation,rot_L252_top2_M_cash,,dev,0.14620081676794028,0.15403428587823867,0.9631781340384019,-0.153962153792354,0.75,0.75,33.6,900
1_rotation,rot_L252_top2_M_cash,,val,0.20382336225679176,0.13552573006047242,1.4368638595550367,-0.10231745414747584,0.8877005347593583,0.8877005347593583,33.68983957219252,374
1_rotation,rot_L252_top2_M_cash,,hold,0.28478834508254836,0.1741753838208787,1.5269040234199145,-0.1585275956275901,0.9647435897435898,0.9647435897435898,32.30769230769231,312
1_rotation,rot_L252_top2_M_cash,,full,0.18586614337316032,0.15408012535958124,1.18398668978256,-0.1585275956275901,0.8247162673392182,0.8247162673392182,33.36696090794451,1586
1_rotation,rot_L252_top3_W_none,,dev,0.10620125771552669,0.16600405154132478,0.6911777229475609,-0.17584246289318883,0.9988888888888889,0.9988907786617632,176.39999999999998,900
1_rotation,rot_L252_top3_W_none,,val,0.20451489966793157,0.14322258071138688,1.3711628095790387,-0.1011275974633854,1.0,0.9999978889150517,177.8823529411765,374
1_rotation,rot_L252_top3_W_none,,hold,0.3372534351561842,0.1415230191501068,2.125444465449219,-0.07237111311121935,1.0,1.0000018052644228,173.65384615384616,312
1_rotation,rot_L252_top3_W_none,,full,0.17154743962792396,0.15623196851343635,1.0919213439311464,-0.17584246289318883,0.9993694829760403,0.9993704126685474,176.20933165195459,1586
1_rotation,rot_L252_top3_W_tlt,,dev,0.025317214137523303,0.168123117376173,0.23276288303469642,-0.3112822716746212,0.9988888888888889,0.9988911360854573,157.07999999999998,900
1_rotation,rot_L252_top3_W_tlt,,val,0.1197550885493659,0.13647343587032784,0.8971600889621519,-0.10325882053043711,1.0,0.9999978889150517,169.12299465240642,374
1_rotation,rot_L252_top3_W_tlt,,hold,0.3312760018209553,0.13942600269012195,2.123144957021792,-0.07082360415606481,1.0,1.0000018052644228,179.30769230769232,312
1_rotation,rot_L252_top3_W_tlt,,full,0.10202572996890913,0.15578118656831058,0.7017080906238792,-0.3112822716746212,0.9993694829760403,0.9993706154940991,164.29255989911726,1586
1_rotation,rot_L252_top3_W_cash,,dev,0.08613174212355346,0.13194437107323415,0.6922758436710689,-0.15022573553934548,0.75,0.7500022471965685,150.92000000000002,900
1_rotation,rot_L252_top3_W_cash,,val,0.15121201020327413,0.1250849365683873,1.1884686567849971,-0.08254891870982972,0.8877005347593583,0.88769842367441,166.427807486631,374
1_rotation,rot_L252_top3_W_cash,,hold,0.3097144416731912,0.13820821249899048,2.0223561691024177,-0.0708202425933876,0.9647435897435898,0.9647453950080126,176.07692307692307,312
1_rotation,rot_L252_top3_W_cash,,full,0.142442775069213,0.1316247280162725,1.0778681110771038,-0.15022573553934548,0.8247162673392182,0.8247173998572769,159.52585119798235,1586
1_rotation,rot_L252_top3_M_none,,dev,0.14272063103503085,0.17030633578805063,0.8688455796586931,-0.17173963215880528,0.9988888888888889,0.9988894400524676,46.48,900
1_rotation,rot_L252_top3_M_none,,val,0.22355580177638812,0.13962641876234388,1.515206399869731,-0.08480532952006548,1.0,1.0,45.81818181818182,374
1_rotation,rot_L252_top3_M_none,,hold,0.2579411411197803,0.1410542631070013,1.698188616295371,-0.09398690601246862,1.0,1.0,44.42307692307693,312
1_rotation,rot_L252_top3_M_none,,full,0.1834424608351577,0.15795205552053324,1.145785150366069,-0.17173963215880528,0.9993694829760403,0.9993697957422579,45.91929382093316,1586
1_rotation,rot_L252_top3_M_tlt,,dev,0.049460059579569116,0.16836797936526418,0.37092938057775715,-0.30552410773326866,0.9988888888888889,0.9988894400524676,58.519999999999996,900
1_rotation,rot_L252_top3_M_tlt,,val,0.1333576437993247,0.13140288814544118,1.0184925101468032,-0.09680234051174141,1.0,1.0,52.55614973262032,374
1_rotation,rot_L252_top3_M_tlt,,hold,0.2447733063029045,0.13968116347054416,1.6381069602056864,-0.0939869060124684,1.0,1.0,54.11538461538461,312
1_rotation,rot_L252_top3_M_tlt,,full,0.10515749071379643,0.15487732751837632,0.7232279387065306,-0.30552410773326866,0.9993694829760403,0.9993697957422579,56.24716267339218,1586
1_rotation,rot_L252_top3_M_cash,,dev,0.11170649823553469,0.13222014352388745,0.867203033791019,-0.1494386323086837,0.75,0.7500005511635788,52.36,900
1_rotation,rot_L252_top3_M_cash,,val,0.1651965387885268,0.11952344363090245,1.3391001732105585,-0.06452005107682823,0.8877005347593583,0.8877005347593583,49.860962566844925,374
1_rotation,rot_L252_top3_M_cash,,hold,0.22461211135974368,0.138437402105469,1.5335256190931639,-0.09398690601246862,0.9647435897435898,0.9647435897435898,50.88461538461539,312
1_rotation,rot_L252_top3_M_cash,,full,0.1456891963638569,0.13055235456949263,1.107393189392854,-0.1494386323086837,0.8247162673392182,0.8247165801054357,51.48045397225725,1586
2_volmanaged,SPY_invvol_w20_tv10_band0.05,,dev,0.09972419021368628,0.10511708892844035,0.9571019332763913,-0.13051163839793167,1.0,0.6705715555681274,37.8,900
2_volmanaged,SPY_invvol_w20_tv10_band0.05,,val,0.11048168532990799,0.11049227117219029,1.003846543964171,-0.12055544996998346,1.0,0.762512649148413,42.44919786096257,374
2_volmanaged,SPY_invvol_w20_tv10_band0.05,,hold,0.15521508152987273,0.10253639353258096,1.4587559269045696,-0.07174325191946429,1.0,0.8445704790319911,42.80769230769231,312
2_volmanaged,SPY_invvol_w20_tv10_band0.05,,full,0.11297760849094796,0.10585196985359034,1.0644289485926726,-0.13051163839793167,1.0,0.7264817908264831,39.88146279949559,1586
2_volmanaged,SPY_invvol_w20_tv10_band0.2,,dev,0.1147012123032578,0.1071438464437686,1.0672853970534564,-0.12141935739278498,1.0,0.6827585961495922,8.4,900
2_volmanaged,SPY_invvol_w20_tv10_band0.2,,val,0.11114535229248368,0.114695651293096,0.9764160943462624,-0.13045258768083046,1.0,0.7723599605598406,13.475935828877004,374
2_volmanaged,SPY_invvol_w20_tv10_band0.2,,hold,0.1676505527738148,0.10397558141381691,1.543006526963206,-0.06687592768085104,1.0,0.8548297923416177,9.692307692307693,312
2_volmanaged,SPY_invvol_w20_tv10_band0.2,,full,0.12407700094501051,0.10830373096168813,1.1344141097348068,-0.1304525876808308,1.0,0.7377378669575018,9.851197982345523,1586
2_volmanaged,SPY_invvol_w20_tv15_band0.05,,dev,0.12560304977934078,0.13986495615498518,0.9161716801613781,-0.19746620872127796,1.0,0.8554666825717014,26.6,900
2_volmanaged,SPY_invvol_w20_tv15_band0.05,,val,0.14584739401004687,0.13825540749094595,1.0540791365667088,-0.15242399565122722,1.0,0.9193376628051414,18.866310160427805,374
2_volmanaged,SPY_invvol_w20_tv15_band0.05,,hold,0.18849586301935028,0.12048092649283665,1.4938980033227394,-0.08884940949991738,1.0,0.9820363194655248,8.076923076923077,312
2_volmanaged,SPY_invvol_w20_tv15_band0.05,,full,0.14249913512905232,0.13580700072350582,1.049194029977816,-0.19746620872127796,1.0,0.8954272584343618,21.132408575031526,1586
2_volmanaged,SPY_invvol_w20_tv15_band0.2,,dev,0.13572839693452998,0.1429305658376801,0.9622333146729939,-0.18219319014658797,1.0,0.8695946711240095,5.88,900
2_volmanaged,SPY_invvol_w20_tv15_band0.2,,val,0.1627533770390217,0.14150626291070287,1.1366801393829868,-0.15767592846412126,1.0,0.9394597523959994,5.3903743315508015,374
2_volmanaged,SPY_invvol_w20_tv15_band0.2,,hold,0.1939053323274602,0.12122076768678901,1.5230007868541637,-0.08884940949991738,1.0,0.9895532301018812,1.6153846153846154,312
2_volmanaged,SPY_invvol_w20_tv15_band0.2,,full,0.15332266016821317,0.13850696732984538,1.099536505065853,-0.18219319014658797,1.0,0.9096681962165821,4.925598991172762,1586
2_volmanaged,SPY_invvol_w60_tv10_band0.05,,dev,0.09216845717293864,0.09972598398440784,0.9340842260838478,-0.139255197588794,1.0,0.6332294861533413,16.24,900
2_volmanaged,SPY_invvol_w60_tv10_band0.05,,val,0.10849119312676891,0.11803695375023575,0.9317094761093765,-0.12456044979454672,1.0,0.7516661078283134,18.866310160427805,374
2_volmanaged,SPY_invvol_w60_tv10_band0.05,,hold,0.14652493349831452,0.10009826990655335,1.4163141488564608,-0.07796570624883692,1.0,0.8023350743298656,20.192307692307693,312
2_volmanaged,SPY_invvol_w60_tv10_band0.05,,full,0.10651804173587043,0.10434114906529413,1.0224531728459936,-0.139255197588794,1.0,0.6944250977658981,17.636822194199244,1586
2_volmanaged,SPY_invvol_w60_tv10_band0.2,,dev,0.09138227760824624,0.09968683571797676,0.9271981264133101,-0.14365789808487617,1.0,0.6209721919806162,2.52,900
2_volmanaged,SPY_invvol_w60_tv10_band0.2,,val,0.10769946479102788,0.12946639135125781,0.8548806710334123,-0.14146954019025437,1.0,0.7994162777660496,4.716577540106951,374
2_volmanaged,SPY_invvol_w60_tv10_band0.2,,hold,0.1706528982630846,0.10402926245297821,1.5669412879929945,-0.07096476787749406,1.0,0.837219265028263,4.038461538461538,312
2_volmanaged,SPY_invvol_w60_tv10_band0.2,,full,0.11041964161331763,0.10820032526748086,1.0223354658730266,-0.14365789808487617,1.0,0.7055921004765922,3.3366960907944514,1586
2_volmanaged,SPY_invvol_w60_tv15_band0.05,,dev,0.1295969846648315,0.13692444541026394,0.9586672985686334,-0.19908042700987705,1.0,0.8421735595828257,10.92,900
2_volmanaged,SPY_invvol_w60_tv15_band0.05,,val,0.13564277501602762,0.15299170905757267,0.9079878851854445,-0.17847784920773957,1.0,0.919907388015559,6.064171122994652,374
2_volmanaged,SPY_invvol_w60_tv15_band0.05,,hold,0.20426080964987792,0.12237866225439985,1.5803397993120138,-0.08884940949991738,1.0,0.9880183187765488,3.230769230769231,312
2_volmanaged,SPY_invvol_w60_tv15_band0.05,,full,0.14535063025988748,0.13814148842649618,1.0517631627997555,-0.19908042700987705,1.0,0.8891950076927145,8.262295081967213,1586
2_volmanaged,SPY_invvol_w60_tv15_band0.2,,dev,0.12658296340284192,0.13545281530589057,0.9478795122019135,-0.1876745693348777,1.0,0.8308962359073858,2.24,900
2_volmanaged,SPY_invvol_w60_tv15_band0.2,,val,0.1365446346508239,0.1598316127167452,0.8805985831288026,-0.18457920089443214,1.0,0.9274416004848042,1.3475935828877004,374
2_volmanaged,SPY_invvol_w60_tv15_band0.2,,hold,0.20460909291382867,0.12233926420687942,1.5831748349501444,-0.08884940949991738,1.0,0.9862265249071399,1.6153846153846154,312
2_volmanaged,SPY_invvol_w60_tv15_band0.2,,full,0.14389459036448882,0.13913144129591698,1.0360745370743187,-0.1876745693348777,1.0,0.8842197015567412,1.9066834804539723,1586
2_volmanaged,SPY_vixts_thr0.9_lo0.0_band0.05,,dev,0.049076773568045295,0.10637191494309549,0.5036359278038064,-0.16874493403062785,0.6055555555555555,0.6055555555555555,27.439999999999998,900
2_volmanaged,SPY_vixts_thr0.9_lo0.0_band0.05,,val,0.020219630729867655,0.07458653790215705,0.3057226769931666,-0.11010360938535757,0.5,0.5,29.647058823529413,374
2_volmanaged,SPY_vixts_thr0.9_lo0.0_band0.05,,hold,0.09048008847098798,0.09455301174877946,0.9634636550381938,-0.0696211438291996,0.7532051282051282,0.7532051282051282,24.230769230769234,312
2_volmanaged,SPY_vixts_thr0.9_lo0.0_band0.05,,full,0.050165390233485985,0.097381488427721,0.5514277865066901,-0.16874493403062785,0.6097099621689785,0.6097099621689785,27.329129886506937,1586
2_volmanaged,SPY_vixts_thr0.9_lo0.0_band0.2,,dev,0.049076773568045295,0.10637191494309549,0.5036359278038064,-0.16874493403062785,0.6055555555555555,0.6055555555555555,27.439999999999998,900
2_volmanaged,SPY_vixts_thr0.9_lo0.0_band0.2,,val,0.020219630729867655,0.07458653790215705,0.3057226769931666,-0.11010360938535757,0.5,0.5,29.647058823529413,374
2_volmanaged,SPY_vixts_thr0.9_lo0.0_band0.2,,hold,0.09048008847098798,0.09455301174877946,0.9634636550381938,-0.0696211438291996,0.7532051282051282,0.7532051282051282,24.230769230769234,312
2_volmanaged,SPY_vixts_thr0.9_lo0.0_band0.2,,full,0.050165390233485985,0.097381488427721,0.5514277865066901,-0.16874493403062785,0.6097099621689785,0.6097099621689785,27.329129886506937,1586
2_volmanaged,SPY_vixts_thr0.9_lo0.5_band0.05,,dev,0.09618834834639456,0.1271640024827116,0.7859413781946727,-0.18379648045887453,1.0,0.7998383374202285,27.439999999999998,900
2_volmanaged,SPY_vixts_thr0.9_lo0.5_band0.05,,val,0.11093671308197628,0.10774721179674437,1.0303034338536339,-0.12395867732802335,1.0,0.7473661249061778,29.647058823529413,374
2_volmanaged,SPY_vixts_thr0.9_lo0.5_band0.05,,hold,0.1486734281289852,0.10209453516895871,1.4089906275838542,-0.06941012839810767,1.0,0.876005634393446,24.230769230769234,312
2_volmanaged,SPY_vixts_thr0.9_lo0.5_band0.05,,full,0.10981236366202474,0.11811129489029766,0.9414090402007349,-0.18379648045887453,1.0,0.8024484188675104,27.329129886506937,1586
2_volmanaged,SPY_vixts_thr0.9_lo0.5_band0.2,,dev,0.09618834834639456,0.1271640024827116,0.7859413781946727,-0.18379648045887453,1.0,0.7998383374202285,27.439999999999998,900
2_volmanaged,SPY_vixts_thr0.9_lo0.5_band0.2,,val,0.11093671308197628,0.10774721179674437,1.0303034338536339,-0.12395867732802335,1.0,0.7473661249061778,29.647058823529413,374
2_volmanaged,SPY_vixts_thr0.9_lo0.5_band0.2,,hold,0.1486734281289852,0.10209453516895871,1.4089906275838542,-0.06941012839810767,1.0,0.876005634393446,24.230769230769234,312
2_volmanaged,SPY_vixts_thr0.9_lo0.5_band0.2,,full,0.10981236366202474,0.11811129489029766,0.9414090402007349,-0.18379648045887453,1.0,0.8024484188675104,27.329129886506937,1586
2_volmanaged,SPY_vixts_thr1.0_lo0.0_band0.05,,dev,0.0863222982089269,0.17027260117623913,0.5716348703457941,-0.34384876313543067,0.9722222222222222,0.9722222222222222,7.279999999999999,900
2_volmanaged,SPY_vixts_thr1.0_lo0.0_band0.05,,val,0.13179019665743574,0.12862144781838622,1.0271874775926808,-0.11391640018781168,0.9064171122994652,0.9064171122994652,10.780748663101603,374
2_volmanaged,SPY_vixts_thr1.0_lo0.0_band0.05,,hold,0.17216519267438257,0.11616031247419753,1.4259013329822543,-0.07565119811931686,0.9551282051282052,0.9551282051282052,16.153846153846153,312
2_volmanaged,SPY_vixts_thr1.0_lo0.0_band0.05,,full,0.11341125658326545,0.15161844470184602,0.784682705732454,-0.34384876313543067,0.9533417402269861,0.9533417402269861,9.851197982345523,1586
2_volmanaged,SPY_vixts_thr1.0_lo0.0_band0.2,,dev,0.0863222982089269,0.17027260117623913,0.5716348703457941,-0.34384876313543067,0.9722222222222222,0.9722222222222222,7.279999999999999,900
2_volmanaged,SPY_vixts_thr1.0_lo0.0_band0.2,,val,0.13179019665743574,0.12862144781838622,1.0271874775926808,-0.11391640018781168,0.9064171122994652,0.9064171122994652,10.780748663101603,374
2_volmanaged,SPY_vixts_thr1.0_lo0.0_band0.2,,hold,0.17216519267438257,0.11616031247419753,1.4259013329822543,-0.07565119811931686,0.9551282051282052,0.9551282051282052,16.153846153846153,312
2_volmanaged,SPY_vixts_thr1.0_lo0.0_band0.2,,full,0.11341125658326545,0.15161844470184602,0.784682705732454,-0.34384876313543067,0.9533417402269861,0.9533417402269861,9.851197982345523,1586
2_volmanaged,SPY_vixts_thr1.0_lo0.5_band0.05,,dev,0.11453687487061859,0.1721530141478276,0.7162625403261452,-0.29444678649622336,1.0,0.9861616949973177,7.279999999999999,900
2_volmanaged,SPY_vixts_thr1.0_lo0.5_band0.05,,val,0.16979635538292093,0.14224479119815375,1.1739465128981172,-0.150517997616599,1.0,0.9530284899766079,10.780748663101603,374
2_volmanaged,SPY_vixts_thr1.0_lo0.5_band0.05,,hold,0.19087733204711088,0.1178199803267828,1.5419678590193209,-0.08214742047125223,1.0,0.9776126822532845,16.153846153846153,312
2_volmanaged,SPY_vixts_thr1.0_lo0.5_band0.05,,full,0.1421165759020706,0.15587689869933466,0.9307955741183664,-0.29444678649622336,1.0,0.9766666693643519,9.851197982345523,1586
2_volmanaged,SPY_vixts_thr1.0_lo0.5_band0.2,,dev,0.11453687487061859,0.1721530141478276,0.7162625403261452,-0.29444678649622336,1.0,0.9861616949973177,7.279999999999999,900
2_volmanaged,SPY_vixts_thr1.0_lo0.5_band0.2,,val,0.16979635538292093,0.14224479119815375,1.1739465128981172,-0.150517997616599,1.0,0.9530284899766079,10.780748663101603,374
2_volmanaged,SPY_vixts_thr1.0_lo0.5_band0.2,,hold,0.19087733204711088,0.1178199803267828,1.5419678590193209,-0.08214742047125223,1.0,0.9776126822532845,16.153846153846153,312
2_volmanaged,SPY_vixts_thr1.0_lo0.5_band0.2,,full,0.1421165759020706,0.15587689869933466,0.9307955741183664,-0.29444678649622336,1.0,0.9766666693643519,9.851197982345523,1586
2_volmanaged,SPY_combo_w20_tv10_thr1.0_band0.05,,dev,0.07587151322894825,0.10175663665234451,0.7697258991291559,-0.18355025894271504,0.9722222222222222,0.6570171292967475,42.0,900
2_volmanaged,SPY_combo_w20_tv10_thr1.0_band0.05,,val,0.07690117268265739,0.09783627544585718,0.8063236643150222,-0.10201697635417273,0.9064171122994652,0.7168392265238003,44.47058823529412,374
2_volmanaged,SPY_combo_w20_tv10_thr1.0_band0.05,,hold,0.1290391207757986,0.09838332819139975,1.2830333048521114,-0.06266013143040916,0.9551282051282052,0.8093759789299663,53.30769230769231,312
2_volmanaged,SPY_combo_w20_tv10_thr1.0_band0.05,,full,0.08637411117315641,0.10013074278054612,0.8776653983935896,-0.18355025894271504,0.9533417402269861,0.7010962121772533,44.80706179066834,1586
2_volmanaged,SPY_combo_w20_tv10_thr1.0_band0.2,,dev,0.07759569957211232,0.10302565021614979,0.7770552509331615,-0.19454424412221705,0.9722222222222222,0.6592500962730996,15.4,900
2_volmanaged,SPY_combo_w20_tv10_thr1.0_band0.2,,val,0.06985011853134337,0.0980727461281894,0.7376147270145319,-0.10775431641171518,0.8903743315508021,0.7055417564799494,21.561497326203206,374
2_volmanaged,SPY_combo_w20_tv10_thr1.0_band0.2,,hold,0.13356974665087495,0.09979648327283679,1.3064019748278,-0.06288271664937273,0.9551282051282052,0.8183887739834667,25.846153846153847,312
2_volmanaged,SPY_combo_w20_tv10_thr1.0_band0.2,,full,0.08653429952747915,0.10119170237095372,0.870975371972659,-0.19454424412221705,0.9495586380832283,0.701472257914333,18.907944514501892,1586
2_volmanaged,SPY_combo_w20_tv15_thr1.0_band0.05,,dev,0.0900612060467112,0.13461780228065812,0.7080992837438789,-0.2705868538690981,0.9722222222222222,0.8356771388803692,30.8,900
2_volmanaged,SPY_combo_w20_tv15_thr1.0_band0.05,,val,0.10489490048451189,0.11819814433701753,0.9032595896597315,-0.10581913061744586,0.9064171122994652,0.8568153801047238,24.256684491978607,374
2_volmanaged,SPY_combo_w20_tv15_thr1.0_band0.05,,hold,0.1531119992980432,0.11374207233247828,1.3096368206798121,-0.07561430974641625,0.9551282051282052,0.9377852310496047,22.615384615384617,312
2_volmanaged,SPY_combo_w20_tv15_thr1.0_band0.05,,full,0.10570476814487284,0.12691158739122793,0.855496484110556,-0.2705868538690981,0.9533417402269861,0.8607486565189,27.646910466582597,1586
2_volmanaged,SPY_combo_w20_tv15_thr1.0_band0.2,,dev,0.09436037128746655,0.13716784843649582,0.726175945606691,-0.26668283577671714,0.9722222222222222,0.8480091904301492,12.600000000000001,900
2_volmanaged,SPY_combo_w20_tv15_thr1.0_band0.2,,val,0.10573774514821865,0.11840978498362816,0.9082987255107576,-0.1021832226058983,0.9064171122994652,0.8566284721188911,14.149732620320856,374
2_volmanaged,SPY_combo_w20_tv15_thr1.0_band0.2,,hold,0.15533283092566053,0.11428423878105702,1.3208060943541235,-0.07561430974641625,0.9551282051282052,0.9418834258417251,16.96153846153846,312
2_volmanaged,SPY_combo_w20_tv15_thr1.0_band0.2,,full,0.10879619760158188,0.12859071019704515,0.8677198126009122,-0.26668283577671714,0.9533417402269861,0.8685087949698727,13.823455233291298,1586
2_volmanaged,QQQ_invvol_w20_tv10_band0.05,,dev,0.11366610520778764,0.10722654364938093,1.0578613570649784,-0.15279572573291744,1.0,0.515140796887345,36.120000000000005,900
2_volmanaged,QQQ_invvol_w20_tv10_band0.05,,val,0.09596049668865447,0.11274594865322973,0.8691923033045138,-0.11908044026053988,1.0,0.5691132094678292,47.16577540106952,374
2_volmanaged,QQQ_invvol_w20_tv10_band0.05,,hold,0.17267355567588827,0.11007271669510785,1.5025328912175442,-0.07700691914866109,1.0,0.6274597273769823,40.38461538461539,312
2_volmanaged,QQQ_invvol_w20_tv10_band0.05,,full,0.12079098166004587,0.10905162168409649,1.1005117631049275,-0.15279572573291744,1.0,0.5499637405303891,39.563682219419924,1586
2_volmanaged,QQQ_invvol_w20_tv10_band0.2,,dev,0.11851061118620998,0.11187147599748715,1.0573021871640549,-0.15003911700500383,1.0,0.5354307513042883,5.32,900
2_volmanaged,QQQ_invvol_w20_tv10_band0.2,,val,0.10521769797897407,0.12195332192336494,0.8814358571246947,-0.1338563606477442,1.0,0.5953731100485977,11.454545454545455,374
2_volmanaged,QQQ_invvol_w20_tv10_band0.2,,hold,0.1714697187342753,0.11822791509307083,1.3980604079717898,-0.09111718850742534,1.0,0.666636221190055,8.076923076923077,312
2_volmanaged,QQQ_invvol_w20_tv10_band0.2,,full,0.12555836445924085,0.11551122885087023,1.0820199793815821,-0.15003911700500383,1.0,0.575376872852038,7.308953341740227,1586
2_volmanaged,QQQ_invvol_w20_tv15_band0.05,,dev,0.15584549603169373,0.15326158020994518,1.0219641569427291,-0.21219433580963654,1.0,0.716121588483081,40.6,900
2_volmanaged,QQQ_invvol_w20_tv15_band0.05,,val,0.14511314220313953,0.15934680844634838,0.9301995143533234,-0.1659038016823886,1.0,0.8041693711390342,41.775401069518715,374
2_volmanaged,QQQ_invvol_w20_tv15_band0.05,,hold,0.2326443641092215,0.14957667899669455,1.473619244648566,-0.11157991350308571,1.0,0.8458185272040105,35.53846153846154,312
2_volmanaged,QQQ_invvol_w20_tv15_band0.05,,full,0.16799347309455603,0.15391875020883847,1.0862567049591243,-0.21219433580963654,1.0,0.7623985844441507,39.88146279949559,1586
2_volmanaged,QQQ_invvol_w20_tv15_band0.2,,dev,0.1596892782863859,0.15485524609133375,1.0344581187656838,-0.20593003226895112,1.0,0.7288124053841496,6.720000000000001,900
2_volmanaged,QQQ_invvol_w20_tv15_band0.2,,val,0.15006833987841373,0.1662949865172916,0.9239667597027293,-0.15529775310143668,1.0,0.8166070588356962,12.128342245989304,374
2_volmanaged,QQQ_invvol_w20_tv15_band0.2,,hold,0.2635890912028023,0.15263097580497512,1.6097561922023502,-0.10318581154164952,1.0,0.8597835575457643,7.26923076923077,312
2_volmanaged,QQQ_invvol_w20_tv15_band0.2,,full,0.17711566151575808,0.1571149033928284,1.116826705507263,-0.20593003226895112,1.0,0.7752803750344032,8.103404791929382,1586
2_volmanaged,QQQ_invvol_w60_tv10_band0.05,,dev,0.08660639926562141,0.10264672645805789,0.8606379884777385,-0.16148252585692247,1.0,0.4789406207409487,12.32,900
2_volmanaged,QQQ_invvol_w60_tv10_band0.05,,val,0.08404789321230322,0.1152494862676042,0.7578411925527118,-0.11853814046497912,1.0,0.544800074490939,11.454545454545455,374
2_volmanaged,QQQ_invvol_w60_tv10_band0.05,,hold,0.16168180222749684,0.10838863634186392,1.4372233039003721,-0.07858088986904699,1.0,0.5994890092293675,14.53846153846154,312
2_volmanaged,QQQ_invvol_w60_tv10_band0.05,,full,0.10036986953192262,0.10681731258418059,0.9490217273721527,-0.16148252585692247,1.0,0.5181855973556291,12.552332912988652,1586
2_volmanaged,QQQ_invvol_w60_tv10_band0.2,,dev,0.08532961168656183,0.10644554489472127,0.8226148936460131,-0.16743257100329645,1.0,0.48755549541873333,2.24,900
2_volmanaged,QQQ_invvol_w60_tv10_band0.2,,val,0.09284695107864538,0.13274312738013824,0.7353583810223833,-0.15358856277397548,1.0,0.6239830913604082,0.6737967914438502,374
2_volmanaged,QQQ_invvol_w60_tv10_band0.2,,hold,0.15999463696578697,0.11637889484874013,1.3337108237808577,-0.07928461520857266,1.0,0.6120989152839863,3.230769230769231,312
2_volmanaged,QQQ_invvol_w60_tv10_band0.2,,full,0.10141929064216137,0.11503739949563489,0.8974667756678298,-0.16743257100329645,1.0,0.5442272910556472,2.0655737704918034,1586
2_volmanaged,QQQ_invvol_w60_tv15_band0.05,,dev,0.1320159494133677,0.14839267128506844,0.9100411606523551,-0.23087100047204845,1.0,0.6870177782517973,13.440000000000001,900
2_volmanaged,QQQ_invvol_w60_tv15_band0.05,,val,0.12215972418008625,0.1699453207558618,0.7631388352964052,-0.17619445275337609,1.0,0.8016773479992326,16.84491978609626,374
2_volmanaged,QQQ_invvol_w60_tv15_band0.05,,hold,0.216386959849026,0.15247419740474671,1.361316215056507,-0.11642650508754593,1.0,0.8392387089878722,17.76923076923077,312
2_volmanaged,QQQ_invvol_w60_tv15_band0.05,,full,0.14577262437542715,0.15443972003003573,0.9586142893066851,-0.23087100047204845,1.0,0.7440011385766373,15.094577553593949,1586
2_volmanaged,QQQ_invvol_w60_tv15_band0.2,,dev,0.11587113648026026,0.15327781098431573,0.7920924663426944,-0.24207331885474537,1.0,0.6916158685322261,2.52,900
2_volmanaged,QQQ_invvol_w60_tv15_band0.2,,val,0.14673614824521142,0.18009027643933384,0.8504281844268496,-0.17943863566720886,1.0,0.8564932977267488,4.042780748663102,374
2_volmanaged,QQQ_invvol_w60_tv15_band0.2,,hold,0.22188369211475512,0.16355688662682705,1.3072958498219192,-0.1196444439643245,1.0,0.8815279009584788,3.230769230769231,312
2_volmanaged,QQQ_invvol_w60_tv15_band0.2,,full,0.1433053547623575,0.16190106462219578,0.9084202758385126,-0.24207331885474537,1.0,0.7678559143302981,3.0189155107187893,1586
2_volmanaged,QQQ_vixts_thr0.9_lo0.0_band0.05,,dev,0.0514568105703177,0.15300188746445023,0.40458577121444855,-0.3052967689463474,0.6055555555555555,0.6055555555555555,27.439999999999998,900
2_volmanaged,QQQ_vixts_thr0.9_lo0.0_band0.05,,val,0.01605715137587982,0.10956949299531146,0.20028092748544457,-0.14438953894445428,0.5,0.5,29.647058823529413,374
2_volmanaged,QQQ_vixts_thr0.9_lo0.0_band0.05,,hold,0.1191453427760778,0.14830808794358188,0.8333409925376081,-0.14695021961272803,0.7532051282051282,0.7532051282051282,24.230769230769234,312
2_volmanaged,QQQ_vixts_thr0.9_lo0.0_band0.05,,full,0.05587933330644135,0.14290987137841038,0.4521404342479301,-0.3052967689463474,0.6097099621689785,0.6097099621689785,27.329129886506937,1586
2_volmanaged,QQQ_vixts_thr0.9_lo0.0_band0.2,,dev,0.0514568105703177,0.15300188746445023,0.40458577121444855,-0.3052967689463474,0.6055555555555555,0.6055555555555555,27.439999999999998,900
2_volmanaged,QQQ_vixts_thr0.9_lo0.0_band0.2,,val,0.01605715137587982,0.10956949299531146,0.20028092748544457,-0.14438953894445428,0.5,0.5,29.647058823529413,374
2_volmanaged,QQQ_vixts_thr0.9_lo0.0_band0.2,,hold,0.1191453427760778,0.14830808794358188,0.8333409925376081,-0.14695021961272803,0.7532051282051282,0.7532051282051282,24.230769230769234,312
2_volmanaged,QQQ_vixts_thr0.9_lo0.0_band0.2,,full,0.05587933330644135,0.14290987137841038,0.4521404342479301,-0.3052967689463474,0.6097099621689785,0.6097099621689785,27.329129886506937,1586
2_volmanaged,QQQ_vixts_thr0.9_lo0.5_band0.05,,dev,0.1130881458829136,0.17712691398113595,0.6936579389170272,-0.30627082543823414,1.0,0.7993321146528037,27.439999999999998,900
2_volmanaged,QQQ_vixts_thr0.9_lo0.5_band0.05,,val,0.11863512407970012,0.1447621640761997,0.8468660283695688,-0.15926099612375988,1.0,0.7464047664113012,29.647058823529413,374
2_volmanaged,QQQ_vixts_thr0.9_lo0.5_band0.05,,hold,0.19735656906908616,0.15808158615758836,1.2188165754900868,-0.1293025667291724,1.0,0.8761862354586955,24.230769230769234,312
2_volmanaged,QQQ_vixts_thr0.9_lo0.5_band0.05,,full,0.13050770816858415,0.1662320909797448,0.8213457699168563,-0.30627082543823414,1.0,0.8019699818968872,27.329129886506937,1586
2_volmanaged,QQQ_vixts_thr0.9_lo0.5_band0.2,,dev,0.1130881458829136,0.17712691398113595,0.6936579389170272,-0.30627082543823414,1.0,0.7993321146528037,27.439999999999998,900
2_volmanaged,QQQ_vixts_thr0.9_lo0.5_band0.2,,val,0.11863512407970012,0.1447621640761997,0.8468660283695688,-0.15926099612375988,1.0,0.7464047664113012,29.647058823529413,374
2_volmanaged,QQQ_vixts_thr0.9_lo0.5_band0.2,,hold,0.19735656906908616,0.15808158615758836,1.2188165754900868,-0.1293025667291724,1.0,0.8761862354586955,24.230769230769234,312
2_volmanaged,QQQ_vixts_thr0.9_lo0.5_band0.2,,full,0.13050770816858415,0.1662320909797448,0.8213457699168563,-0.30627082543823414,1.0,0.8019699818968872,27.329129886506937,1586
2_volmanaged,QQQ_vixts_thr1.0_lo0.0_band0.05,,dev,0.11889415537654235,0.22995094494857,0.603776936778035,-0.4438210538790678,0.9722222222222222,0.9722222222222222,7.279999999999999,900
2_volmanaged,QQQ_vixts_thr1.0_lo0.0_band0.05,,val,0.13272364519651725,0.17660168491562767,0.7942909371250195,-0.16443384627891966,0.9064171122994652,0.9064171122994652,10.780748663101603,374
2_volmanaged,QQQ_vixts_thr1.0_lo0.0_band0.05,,hold,0.23113532040591078,0.1775016529973508,1.260475081850975,-0.11217842440490255,0.9551282051282052,0.9551282051282052,16.153846153846153,312
2_volmanaged,QQQ_vixts_thr1.0_lo0.0_band0.05,,full,0.14344241240838818,0.20860921983220548,0.7472265991262844,-0.4438210538790678,0.9533417402269861,0.9533417402269861,9.851197982345523,1586
2_volmanaged,QQQ_vixts_thr1.0_lo0.0_band0.2,,dev,0.11889415537654235,0.22995094494857,0.603776936778035,-0.4438210538790678,0.9722222222222222,0.9722222222222222,7.279999999999999,900
2_volmanaged,QQQ_vixts_thr1.0_lo0.0_band0.2,,val,0.13272364519651725,0.17660168491562767,0.7942909371250195,-0.16443384627891966,0.9064171122994652,0.9064171122994652,10.780748663101603,374
2_volmanaged,QQQ_vixts_thr1.0_lo0.0_band0.2,,hold,0.23113532040591078,0.1775016529973508,1.260475081850975,-0.11217842440490255,0.9551282051282052,0.9551282051282052,16.153846153846153,312
2_volmanaged,QQQ_vixts_thr1.0_lo0.0_band0.2,,full,0.14344241240838818,0.20860921983220548,0.7472265991262844,-0.4438210538790678,0.9533417402269861,0.9533417402269861,9.851197982345523,1586
2_volmanaged,QQQ_vixts_thr1.0_lo0.5_band0.05,,dev,0.14606034309752092,0.2321626507477348,0.7036091261864902,-0.398952832904949,1.0,0.9861381410870452,7.279999999999999,900
2_volmanaged,QQQ_vixts_thr1.0_lo0.5_band0.05,,val,0.1806553458949629,0.18987776381741825,0.9697820021197103,-0.18862685206266538,1.0,0.953085109652839,10.780748663101603,374
2_volmanaged,QQQ_vixts_thr1.0_lo0.5_band0.05,,hold,0.25576585239412686,0.17942827758251054,1.3593482368584562,-0.11217842440490189,1.0,0.9776191815242637,16.153846153846153,312
2_volmanaged,QQQ_vixts_thr1.0_lo0.5_band0.05,,full,0.1750686442362397,0.2130180964975346,0.8642484213103937,-0.398952832904949,1.0,0.9766679335586839,9.851197982345523,1586
2_volmanaged,QQQ_vixts_thr1.0_lo0.5_band0.2,,dev,0.14606034309752092,0.2321626507477348,0.7036091261864902,-0.398952832904949,1.0,0.9861381410870452,7.279999999999999,900
2_volmanaged,QQQ_vixts_thr1.0_lo0.5_band0.2,,val,0.1806553458949629,0.18987776381741825,0.9697820021197103,-0.18862685206266538,1.0,0.953085109652839,10.780748663101603,374
2_volmanaged,QQQ_vixts_thr1.0_lo0.5_band0.2,,hold,0.25576585239412686,0.17942827758251054,1.3593482368584562,-0.11217842440490189,1.0,0.9776191815242637,16.153846153846153,312
2_volmanaged,QQQ_vixts_thr1.0_lo0.5_band0.2,,full,0.1750686442362397,0.2130180964975346,0.8642484213103937,-0.398952832904949,1.0,0.9766679335586839,9.851197982345523,1586
2_volmanaged,QQQ_combo_w20_tv10_thr1.0_band0.05,,dev,0.09590899759335092,0.10425224518405306,0.9307883483013609,-0.1913121722292226,0.9722222222222222,0.5039241745360863,40.32,900
2_volmanaged,QQQ_combo_w20_tv10_thr1.0_band0.05,,val,0.06497727099620132,0.1028214512948308,0.6637525526016218,-0.11057856164089175,0.9064171122994652,0.5343527631661004,50.53475935828877,374
2_volmanaged,QQQ_combo_w20_tv10_thr1.0_band0.05,,hold,0.14641574529286538,0.1062169666026425,1.3398374674641507,-0.0673606816592417,0.9551282051282052,0.6015298104398105,53.30769230769231,312
2_volmanaged,QQQ_combo_w20_tv10_thr1.0_band0.05,,full,0.09822601376681783,0.10425252691678592,0.9511029739733206,-0.1913121722292226,0.9533417402269861,0.5303007511751702,45.28373266078184,1586
2_volmanaged,QQQ_combo_w20_tv10_thr1.0_band0.2,,dev,0.09093309091985646,0.10604059108142891,0.8739257617309788,-0.2024517928436126,0.9722222222222222,0.5120697379279524,11.48,900
2_volmanaged,QQQ_combo_w20_tv10_thr1.0_band0.2,,val,0.07933523736606496,0.10379227935418046,0.7875281149880711,-0.10558384415997446,0.8823529411764706,0.5343641800864075,18.866310160427805,374
2_volmanaged,QQQ_combo_w20_tv10_thr1.0_band0.2,,hold,0.13923426132489292,0.10994783911695664,1.2408599429808849,-0.07469879569763205,0.9551282051282052,0.6176485193278629,24.230769230769234,312
2_volmanaged,QQQ_combo_w20_tv10_thr1.0_band0.2,,full,0.09750074195299585,0.10623769893965379,0.9290658033854392,-0.2024517928436126,0.9476670870113493,0.5380966617388189,15.730138713745271,1586
2_volmanaged,QQQ_combo_w20_tv15_thr1.0_band0.05,,dev,0.12835338613656266,0.14916006134061013,0.8844478045864627,-0.2686406774475717,0.9722222222222222,0.7021301281983579,44.52,900
2_volmanaged,QQQ_combo_w20_tv15_thr1.0_band0.05,,val,0.09713462729811817,0.14363004441482985,0.7173985054020962,-0.1426136092625837,0.9064171122994652,0.7540936604541121,42.44919786096257,374
2_volmanaged,QQQ_combo_w20_tv15_thr1.0_band0.05,,hold,0.1930091207084892,0.14304922874840953,1.305579144228544,-0.09682656716098714,0.9551282051282052,0.808887075582217,46.03846153846153,312
2_volmanaged,QQQ_combo_w20_tv15_thr1.0_band0.05,,full,0.13326659103886906,0.14660257669668056,0.9270010777094065,-0.2686406774475717,0.9533417402269861,0.735385190397233,44.330390920554855,1586
2_volmanaged,QQQ_combo_w20_tv15_thr1.0_band0.2,,dev,0.12432070347614954,0.15290738856489847,0.8430493267248517,-0.2803626501717914,0.9722222222222222,0.7177589847699574,13.719999999999999,900
2_volmanaged,QQQ_combo_w20_tv15_thr1.0_band0.2,,val,0.09198108587801257,0.1457302674128181,0.6768381666478415,-0.14493336406064927,0.9064171122994652,0.7611434932244495,19.54010695187166,374
2_volmanaged,QQQ_combo_w20_tv15_thr1.0_band0.2,,hold,0.1904990079603166,0.14644897519925304,1.2642717147062874,-0.1014466447578597,0.9551282051282052,0.8178802637125611,22.615384615384617,312
2_volmanaged,QQQ_combo_w20_tv15_thr1.0_band0.2,,full,0.12924344700649049,0.1499022381028682,0.8861371006912213,-0.2803626501717914,0.9533417402269861,0.7476856210827394,16.842370744010086,1586
3_leveraged,UPRO_ma100_cash_buf0.0,,dev,0.2246275077550437,0.3879460982606908,0.719419332741484,-0.5209017309333062,0.7355555555555555,0.7355555555555555,10.08,900
3_leveraged,UPRO_ma100_cash_buf0.0,,val,0.45023004257234844,0.3427360084505705,1.2574801368533084,-0.24458925143030852,0.8556149732620321,0.8556149732620321,2.6951871657754007,374
3_leveraged,UPRO_ma100_cash_buf0.0,,hold,0.5450705370941882,0.331247591596018,1.4802970560001574,-0.15325438930443436,0.9230769230769231,0.9230769230769231,1.6153846153846154,312
3_leveraged,UPRO_ma100_cash_buf0.0,,full,0.33406921342524454,0.3668376967951701,0.971738353555793,-0.5209017309333062,0.8007566204287516,0.8007566204287516,6.673392181588903,1586
3_leveraged,UPRO_ma100_cash_buf0.02,,dev,0.14261289180163295,0.3862806342927449,0.5413263133149919,-0.6336108807247063,0.73,0.73,3.92,900
3_leveraged,UPRO_ma100_cash_buf0.02,,val,0.33116568108987643,0.3461246710212826,1.0007968156777711,-0.2614854922691092,0.8529411764705882,0.8529411764705882,2.6951871657754007,374
3_leveraged,UPRO_ma100_cash_buf0.02,,hold,0.387525218115816,0.3345884080982052,1.1470243718618671,-0.15325438930443436,0.9294871794871795,0.9294871794871795,1.6153846153846154,312
3_leveraged,UPRO_ma100_cash_buf0.02,,full,0.2306460124374048,0.3671722286961553,0.7512631626373539,-0.6336108807247063,0.798234552332913,0.798234552332913,3.1778058007566203,1586
3_leveraged,UPRO_ma100_TLT_buf0.0,,dev,0.12970702791558675,0.40330498403550374,0.5068685192377341,-0.6390896071347112,0.9988888888888889,0.9988888888888889,20.16,900
3_leveraged,UPRO_ma100_TLT_buf0.0,,val,0.37096475804814166,0.348430673324195,1.0810443605562146,-0.2715047492261933,1.0,1.0,5.3903743315508015,374
3_leveraged,UPRO_ma100_TLT_buf0.0,,hold,0.5200205247949659,0.3330410204731615,1.4249429148819641,-0.15325438930443436,1.0,1.0,3.230769230769231,312
3_leveraged,UPRO_ma100_TLT_buf0.0,,full,0.253552611037263,0.3776771642337689,0.7895189138950574,-0.6390896071347112,0.9993694829760403,0.9993694829760403,13.346784363177806,1586
3_leveraged,UPRO_ma100_TLT_buf0.02,,dev,0.069931308216306,0.40181792130679433,0.37196061867041436,-0.7151449459728938,0.9988888888888889,0.9988888888888889,7.84,900
3_leveraged,UPRO_ma100_TLT_buf0.02,,val,0.26848986547837583,0.35152121744459736,0.8534538944545821,-0.27314967265891965,1.0,1.0,5.3903743315508015,374
3_leveraged,UPRO_ma100_TLT_buf0.02,,hold,0.39464415453455204,0.33585475565936557,1.1592260417202631,-0.15542983196490678,1.0,1.0,3.230769230769231,312
3_leveraged,UPRO_ma100_TLT_buf0.02,,full,0.17336719018158342,0.37792653873103876,0.6142705255598477,-0.7151449459728938,0.9993694829760403,0.9993694829760403,6.355611601513241,1586
3_leveraged,UPRO_ma200_cash_buf0.0,,dev,0.29599640099363245,0.38032429392588984,0.8746447388750639,-0.5241766510481951,0.75,0.75,6.16,900
3_leveraged,UPRO_ma200_cash_buf0.0,,val,0.3622207787266638,0.3653534481414636,1.030180587742562,-0.28493633820003783,0.8877005347593583,0.8877005347593583,2.6951871657754007,374
3_leveraged,UPRO_ma200_cash_buf0.0,,hold,0.3767916622914844,0.34378308610607017,1.1028349536783892,-0.21487767890498843,0.9647435897435898,0.9647435897435898,3.230769230769231,312
3_leveraged,UPRO_ma200_cash_buf0.0,,full,0.32701075873557284,0.36965813031273603,0.9525183248300804,-0.5241766510481951,0.8247162673392182,0.8247162673392182,4.76670870113493,1586
3_leveraged,UPRO_ma200_cash_buf0.02,,dev,0.3122226433672781,0.3830643113357781,0.9034650353330785,-0.47133836735187795,0.7511111111111111,0.7511111111111111,1.6800000000000002,900
3_leveraged,UPRO_ma200_cash_buf0.02,,val,0.32388850496589483,0.3661431225241815,0.9507020705592996,-0.314594889894663,0.8877005347593583,0.8877005347593583,1.3475935828877004,374
3_leveraged,UPRO_ma200_cash_buf0.02,,hold,0.31142420859371933,0.35192693873662484,0.9471431192270838,-0.26076499406218834,0.9775641025641025,0.9775641025641025,1.6153846153846154,312
3_leveraged,UPRO_ma200_cash_buf0.02,,full,0.314806877570188,0.37293338494659106,0.922546825238354,-0.47133836735187795,0.8278688524590164,0.8278688524590164,1.5889029003783102,1586
3_leveraged,UPRO_ma200_TLT_buf0.0,,dev,0.2234092367478444,0.39450766359140343,0.7108596089073563,-0.6213596947549627,0.9988888888888889,0.9988888888888889,12.32,900
3_leveraged,UPRO_ma200_TLT_buf0.0,,val,0.32497564862781214,0.36951466416345435,0.9476187475584955,-0.3137594018627867,1.0,1.0,5.3903743315508015,374
3_leveraged,UPRO_ma200_TLT_buf0.0,,hold,0.3994484990339857,0.34427328281808006,1.1492363970966595,-0.21339727811334752,1.0,1.0,6.461538461538462,312
3_leveraged,UPRO_ma200_TLT_buf0.0,,full,0.280044378195772,0.3790423537577549,0.8430323469169929,-0.6213596947549627,0.9993694829760403,0.9993694829760403,9.53341740226986,1586
3_leveraged,UPRO_ma200_TLT_buf0.02,,dev,0.2659540949000607,0.3977537101997455,0.7941485421070309,-0.5505808860468444,0.9988888888888889,0.9988888888888889,3.3600000000000003,900
3_leveraged,UPRO_ma200_TLT_buf0.02,,val,0.2825430330987695,0.37016496763483475,0.8585756281152067,-0.34612179523787867,1.0,1.0,2.6951871657754007,374
3_leveraged,UPRO_ma200_TLT_buf0.02,,hold,0.331074297137806,0.35215468397274335,0.9890476236536841,-0.26069924565075964,1.0,1.0,3.230769230769231,312
3_leveraged,UPRO_ma200_TLT_buf0.02,,full,0.28243891400720567,0.3825097930026812,0.843667118907353,-0.5505808860468444,0.9993694829760403,0.9993694829760403,3.1778058007566203,1586
3_leveraged,TQQQ_ma100_cash_buf0.0,,dev,0.3711930758436135,0.5030396015145302,0.8825694152871252,-0.47171156870107633,0.7066666666666667,0.7066666666666667,9.52,900
3_leveraged,TQQQ_ma100_cash_buf0.0,,val,0.28055881687905804,0.4642601162162176,0.7665811038039191,-0.32238849919202994,0.8235294117647058,0.8235294117647058,8.085561497326204,374
3_leveraged,TQQQ_ma100_cash_buf0.0,,hold,0.37417838196781217,0.49691062471637804,0.8894446391092344,-0.33676814870711713,0.8557692307692307,0.8557692307692307,11.307692307692308,312
3_leveraged,TQQQ_ma100_cash_buf0.0,,full,0.3498359008842207,0.49265088027767057,0.8582268648776259,-0.47171156870107633,0.7635561160151324,0.7635561160151324,9.53341740226986,1586
3_leveraged,TQQQ_ma100_cash_buf0.02,,dev,0.4839975604172648,0.5069470491371243,1.035687807848705,-0.5204384557730586,0.7022222222222222,0.7022222222222222,2.24,900
3_leveraged,TQQQ_ma100_cash_buf0.02,,val,0.005486667076993523,0.4616104039095927,0.244888323827046,-0.4818835397654265,0.8021390374331551,0.8021390374331551,5.3903743315508015,374
3_leveraged,TQQQ_ma100_cash_buf0.02,,hold,0.5506657629118765,0.5004134003481054,1.1281033712078152,-0.336356891548256,0.8525641025641025,0.8525641025641025,1.6153846153846154,312
3_leveraged,TQQQ_ma100_cash_buf0.02,,full,0.36559445769139165,0.49515084368971796,0.8798351880840223,-0.5204384557730586,0.755359394703657,0.755359394703657,2.8600252206809587,1586
3_leveraged,TQQQ_ma100_TLT_buf0.0,,dev,0.2608516759901922,0.5152958111906383,0.7106499683605091,-0.611859055951116,0.9988888888888889,0.9988888888888889,19.04,900
3_leveraged,TQQQ_ma100_TLT_buf0.0,,val,0.25216136439085535,0.46870701353637045,0.715856538236019,-0.3295638606885676,1.0,1.0,16.171122994652407,374
3_leveraged,TQQQ_ma100_TLT_buf0.0,,hold,0.36666095410230115,0.4985810423540218,0.8771170901727866,-0.33744245922946425,1.0,1.0,22.615384615384617,312
3_leveraged,TQQQ_ma100_TLT_buf0.0,,full,0.2789109360617865,0.5010845924414469,0.7442928061366696,-0.611859055951116,0.9993694829760403,0.9993694829760403,19.06683480453972,1586
3_leveraged,TQQQ_ma100_TLT_buf0.02,,dev,0.39893608671320213,0.5203284890605532,0.9086120612546674,-0.6476937412252961,0.9988888888888889,0.9988888888888889,4.48,900
3_leveraged,TQQQ_ma100_TLT_buf0.02,,val,-0.02965764254229053,0.46633254130345086,0.17081406840117644,-0.4882638014127534,1.0,1.0,10.780748663101603,374
3_leveraged,TQQQ_ma100_TLT_buf0.02,,hold,0.5554445693027772,0.5020400873947215,1.1322158956468542,-0.3363568915482562,1.0,1.0,3.230769230769231,312
3_leveraged,TQQQ_ma100_TLT_buf0.02,,full,0.31036972753465,0.5043055898285129,0.7909654165658012,-0.6476937412252961,0.9993694829760403,0.9993694829760403,5.720050441361917,1586
3_leveraged,TQQQ_ma200_cash_buf0.0,,dev,0.5544379963402595,0.5029841713442905,1.1314435275701156,-0.5112126323477937,0.7166666666666667,0.7166666666666667,3.3600000000000003,900
3_leveraged,TQQQ_ma200_cash_buf0.0,,val,0.35161770878660925,0.5044442554008826,0.8515684276085794,-0.37371953462450647,0.8823529411764706,0.8823529411764706,4.042780748663102,374
3_leveraged,TQQQ_ma200_cash_buf0.0,,hold,0.558422703112105,0.5283073947847595,1.105217599258385,-0.336356891548256,0.9615384615384616,0.9615384615384616,1.6153846153846154,312
3_leveraged,TQQQ_ma200_cash_buf0.0,,full,0.504782229245373,0.5080935857178243,1.0610369480411328,-0.5112126323477937,0.8039092055485498,0.8039092055485498,3.1778058007566203,1586
3_leveraged,TQQQ_ma200_cash_buf0.02,,dev,0.6343439330118448,0.49962942468486393,1.2359174580208523,-0.42771839851908044,0.7155555555555555,0.7155555555555555,0.56,900
3_leveraged,TQQQ_ma200_cash_buf0.02,,val,0.31718826420660173,0.5111862544518728,0.7970754600983323,-0.37371953462450647,0.8823529411764706,0.8823529411764706,1.3475935828877004,374
3_leveraged,TQQQ_ma200_cash_buf0.02,,hold,0.5336949672936036,0.5280706859358725,1.0751227881707863,-0.3363568915482561,0.9583333333333334,0.9583333333333334,1.6153846153846154,312
3_leveraged,TQQQ_ma200_cash_buf0.02,,full,0.5339753949724524,0.5077677759594939,1.099282192164233,-0.42771839851908044,0.8026481715006305,0.8026481715006305,0.9533417402269861,1586
3_leveraged,TQQQ_ma200_TLT_buf0.0,,dev,0.45796941147080683,0.5150236919304868,0.9922424640574801,-0.6245718553890041,0.9988888888888889,0.9988888888888889,6.720000000000001,900
3_leveraged,TQQQ_ma200_TLT_buf0.0,,val,0.3192345800658192,0.5075519060234487,0.8016188276091911,-0.37371953462450647,1.0,1.0,8.085561497326204,374
3_leveraged,TQQQ_ma200_TLT_buf0.0,,hold,0.5789433909530624,0.5286358274812986,1.129662786927033,-0.33635689154825643,1.0,1.0,3.230769230769231,312
3_leveraged,TQQQ_ma200_TLT_buf0.0,,full,0.4464985996482871,0.5156742182156294,0.9762224164438192,-0.6245718553890041,0.9993694829760403,0.9993694829760403,6.355611601513241,1586
3_leveraged,TQQQ_ma200_TLT_buf0.02,,dev,0.5135280398876951,0.5119143274490483,1.0680467120197998,-0.5819669992725611,0.9988888888888889,0.9988888888888889,1.12,900
3_leveraged,TQQQ_ma200_TLT_buf0.02,,val,0.2757460138038794,0.5142085103886732,0.7331631443539157,-0.39058781033603596,1.0,1.0,2.6951871657754007,374
3_leveraged,TQQQ_ma200_TLT_buf0.02,,hold,0.5507090301918225,0.528419146040194,1.0956872229334338,-0.3363568915482562,1.0,1.0,3.230769230769231,312
3_leveraged,TQQQ_ma200_TLT_buf0.02,,full,0.4606976852809055,0.515433793294086,0.9953950055356925,-0.5819669992725611,0.9993694829760403,0.9993694829760403,1.9066834804539723,1586
3_leveraged,UPRO_overnight_only,,dev,0.03303710595943521,0.31916423289584167,0.26089788017882665,-0.6332726611151156,1.0,1.0,504.0,900
3_leveraged,UPRO_overnight_only,,val,0.09784531717503553,0.3346904628488838,0.4481311036367407,-0.44588646997539116,1.0,1.0,504.0,374
3_leveraged,UPRO_overnight_only,,hold,0.30711146690601754,0.24071885936013981,1.2330114704144188,-0.22178123155993934,1.0,1.0,504.0,312
3_leveraged,UPRO_overnight_only,,full,0.09761899423165432,0.3090875109562993,0.45621260627272064,-0.6332726611151156,1.0,1.0,504.0,1586
3_leveraged,UPRO_intraday_only,,dev,-0.08674905997796312,0.4374991266014315,0.012022732795812856,-0.5449629213012245,1.0,1.0,504.0,900
3_leveraged,UPRO_intraday_only,,val,-0.03909148231133175,0.44173126329551293,0.12051137622233651,-0.46468835319372714,1.0,1.0,504.0,374
3_leveraged,UPRO_intraday_only,,hold,-0.13901645164921428,0.29295319242513873,-0.3632658496043859,-0.29771587786735443,1.0,1.0,504.0,312
3_leveraged,UPRO_intraday_only,,full,-0.08638218226056238,0.41392510001953103,-0.013038651603813196,-0.5774719412476295,1.0,1.0,504.0,1586
3_leveraged,SPXL_overnight_only,,dev,0.05038976421674701,0.31815042765244933,0.3130321346025497,-0.6306254824132528,1.0,1.0,504.0,900
3_leveraged,SPXL_overnight_only,,val,0.10971195810877599,0.3329657979944213,0.48083046862220824,-0.43985786368918933,1.0,1.0,504.0,374
3_leveraged,SPXL_overnight_only,,hold,0.3013150955524009,0.24136849046420183,1.2118988702490876,-0.22453095900300468,1.0,1.0,504.0,312
3_leveraged,SPXL_overnight_only,,full,0.10988584255651701,0.30814641643794294,0.4926623392449328,-0.6306254824132528,1.0,1.0,504.0,1586
3_leveraged,SPXL_intraday_only,,dev,-0.09880503771937077,0.43676028987421844,-0.019079364028795797,-0.5693259142255706,1.0,1.0,504.0,900
3_leveraged,SPXL_intraday_only,,val,-0.049850680819659154,0.4397186878588203,0.09412636609202304,-0.46630204680857246,1.0,1.0,504.0,374
3_leveraged,SPXL_intraday_only,,hold,-0.13177761579330327,0.2933047434658025,-0.3339582714590107,-0.29053059042131646,1.0,1.0,504.0,312
3_leveraged,SPXL_intraday_only,,full,-0.09415969579348205,0.41302250338110735,-0.03447220956619732,-0.5936491470358947,1.0,1.0,504.0,1586
3_leveraged,TQQQ_overnight_only,,dev,0.0028232322906607266,0.4028278161209243,0.2083113579988228,-0.735110339501136,1.0,1.0,504.0,900
3_leveraged,TQQQ_overnight_only,,val,0.22293692783209895,0.4284750597539655,0.6874563029801095,-0.4959252157078847,1.0,1.0,504.0,374
3_leveraged,TQQQ_overnight_only,,hold,0.49920265474050707,0.3678273077254173,1.2849983333323751,-0.2700784539653889,1.0,1.0,504.0,312
3_leveraged,TQQQ_overnight_only,,full,0.1373688236832422,0.4023515265592557,0.522082144291115,-0.735110339501136,1.0,1.0,504.0,1586
3_leveraged,TQQQ_intraday_only,,dev,-0.0591316325720872,0.5897836936775428,0.19233635434200108,-0.7256404006652941,1.0,1.0,504.0,900
3_leveraged,TQQQ_intraday_only,,val,-0.1463987285350027,0.5617732208734085,-0.01221704312507212,-0.592570580048255,1.0,1.0,504.0,374
3_leveraged,TQQQ_intraday_only,,hold,-0.15999397157178552,0.42133234741428055,-0.2006873514067165,-0.3870403300608982,1.0,1.0,504.0,312
3_leveraged,TQQQ_intraday_only,,full,-0.10076685150457121,0.553553328395025,0.08331457148527614,-0.7256404006652941,1.0,1.0,504.0,1586
3_leveraged,SOXL_overnight_only,,dev,0.03605869309901544,0.5479963257908462,0.3376812334548539,-0.833271906340915,1.0,1.0,504.0,900
3_leveraged,SOXL_overnight_only,,val,0.574863160943559,0.7114110927454614,0.9972458127741805,-0.6249312037456207,1.0,1.0,504.0,374
3_leveraged,SOXL_overnight_only,,hold,2.1688077928904175,0.9039514066295891,1.731016245244699,-0.4415391797786272,1.0,1.0,504.0,312
3_leveraged,SOXL_overnight_only,,full,0.42488391065165176,0.6714815159422668,0.8639510169566174,-0.833271906340915,1.0,1.0,504.0,1586
3_leveraged,SOXL_intraday_only,,dev,-0.0564484435152286,0.8265464329413794,0.34275838331464786,-0.7845600595193453,1.0,1.0,504.0,900
3_leveraged,SOXL_intraday_only,,val,-0.5926221018907514,0.9174395144834059,-0.5290671127046576,-0.9156923662122924,1.0,1.0,504.0,374
3_leveraged,SOXL_intraday_only,,hold,-0.0032900287833196318,0.8869957548385703,0.4503256594785883,-0.7210052484096324,1.0,1.0,504.0,312
3_leveraged,SOXL_intraday_only,,full,-0.21759608508285821,0.8604704058600795,0.14513360367565845,-0.9156923662122924,1.0,1.0,504.0,1586
3_leveraged,TNA_overnight_only,,dev,0.2553295899038772,0.4200663297252814,0.7489848131343605,-0.6535647851452755,1.0,1.0,504.0,900
3_leveraged,TNA_overnight_only,,val,0.04688852005512345,0.48564013972062536,0.3395766335282743,-0.5190952933578514,1.0,1.0,504.0,374
3_leveraged,TNA_overnight_only,,hold,0.32702478840910953,0.3385040297571955,1.0052274419042293,-0.3296565904573767,1.0,1.0,504.0,312
3_leveraged,TNA_overnight_only,,full,0.21592649418463727,0.4220041004843536,0.6738449553836156,-0.6535647851452755,1.0,1.0,504.0,1586
3_leveraged,TNA_intraday_only,,dev,-0.35751634900838947,0.6050325337974934,-0.4281599865831991,-0.8450114456673512,1.0,1.0,504.0,900
3_leveraged,TNA_intraday_only,,val,-0.3598480131589735,0.5543044194878942,-0.532433580104546,-0.693210738622809,1.0,1.0,504.0,374
3_leveraged,TNA_intraday_only,,hold,-0.10152488597122278,0.46967957180114983,0.006282960651716533,-0.3730733287103176,1.0,1.0,504.0,312
3_leveraged,TNA_intraday_only,,full,-0.3142891700885304,0.5685661327508725,-0.3799337224102752,-0.9308072540765454,1.0,1.0,504.0,1586
3_leveraged,UPRO_overnight_only_ma200,,dev,0.14381694580015125,0.23750765144004238,0.6841249916090134,-0.45415271680755565,0.7511111111111111,0.7511111111111111,378.56,900
3_leveraged,UPRO_overnight_only_ma200,,val,0.24059465856126372,0.24537037936542397,1.0034328344751124,-0.2729214503288704,0.8877005347593583,0.8877005347593583,447.40106951871655,374
3_leveraged,UPRO_overnight_only_ma200,,hold,0.18283209992818095,0.21825599281148014,0.8787541897652247,-0.2350787295827902,0.9647435897435898,0.9647435897435898,486.2307692307692,312
3_leveraged,UPRO_overnight_only_ma200,,full,0.17365382063610602,0.2356166815872825,0.7978834253427708,-0.45415271680755565,0.8253467843631778,0.8253467843631778,415.9747793190416,1586
3_leveraged,TQQQ_overnight_only_ma200,,dev,0.2644910815764314,0.2916389332213183,0.9512330500370367,-0.3977331145311944,0.7177777777777777,0.7177777777777777,361.76,900
3_leveraged,TQQQ_overnight_only_ma200,,val,0.46906081316485126,0.33111664871790314,1.3314738823777783,-0.25969439914995307,0.8823529411764706,0.8823529411764706,444.70588235294116,374
3_leveraged,TQQQ_overnight_only_ma200,,hold,0.3646908540065763,0.345962985597549,1.0722306849717504,-0.2700784539653889,0.9615384615384616,0.9615384615384616,484.61538461538464,312
3_leveraged,TQQQ_overnight_only_ma200,,full,0.32980511152054315,0.3123248888400106,1.0705591625775965,-0.3977331145311944,0.8045397225725095,0.8045397225725095,405.4880201765448,1586
4_meanrev,SPY_dn2_upclose_notrend,,dev,0.007690672292224088,0.0980623739934302,0.12734877823467788,-0.08895881041766995,0.22,0.22,55.44,900
4_meanrev,SPY_dn2_upclose_notrend,,val,0.18078461422374525,0.10299931128184325,1.6629934268809732,-0.03958059585272655,0.1657754010695187,0.1657754010695187,55.25133689839572,374
4_meanrev,SPY_dn2_upclose_notrend,,hold,0.15296515140673717,0.067883719153913,2.131024871145935,-0.025557562987680194,0.22435897435897437,0.22435897435897437,66.23076923076923,312
4_meanrev,SPY_dn2_upclose_notrend,,full,0.07415626304800904,0.09421420878949903,0.8059979652811479,-0.08895881041766995,0.2080706179066835,0.2080706179066835,57.51828499369483,1586
4_meanrev,SPY_dn2_upclose_trend,,dev,-0.007483474620202268,0.06546462674674977,-0.08169702099836154,-0.08895881041766995,0.13333333333333333,0.13333333333333333,35.84,900
4_meanrev,SPY_dn2_upclose_trend,,val,0.09254274721437228,0.05322082143175475,1.6898686379213042,-0.03958059585272655,0.1443850267379679,0.1443850267379679,47.16577540106952,374
4_meanrev,SPY_dn2_upclose_trend,,hold,0.12999975381032325,0.06281519412023764,1.9773487623404702,-0.025557562987680194,0.21794871794871795,0.21794871794871795,64.61538461538461,312
4_meanrev,SPY_dn2_upclose_trend,,full,0.04148908837261445,0.06232197688399046,0.6836669191947792,-0.08895881041766995,0.15258511979823455,0.15258511979823455,44.17150063051702,1586
4_meanrev,SPY_dn2_ma5_notrend,,dev,0.040852366350951685,0.11659267875207144,0.40189311812289163,-0.10996481365950872,0.31555555555555553,0.31555555555555553,49.28,900
4_meanrev,SPY_dn2_ma5_notrend,,val,0.19339139385525983,0.12174257208685231,1.5115182457683272,-0.08248671746220004,0.2887700534759358,0.2887700534759358,48.513368983957214,374
4_meanrev,SPY_dn2_ma5_notrend,,hold,0.16846803356446993,0.07586454320795172,2.0905807910341276,-0.025595386035737744,0.3076923076923077,0.3076923076923077,63.0,312
4_meanrev,SPY_dn2_ma5_notrend,,full,0.09970408322605939,0.11109987734181608,0.9107464837825591,-0.10996481365950872,0.3076923076923077,0.3076923076923077,51.798234552332914,1586
4_meanrev,SPY_dn2_ma5_trend,,dev,0.010227940406143166,0.08136626477787064,0.1659907446861328,-0.0821687147020771,0.21222222222222223,0.21222222222222223,31.36,900
4_meanrev,SPY_dn2_ma5_trend,,val,0.09987485965990772,0.07879212839212144,1.247731754814061,-0.08248671746220004,0.25935828877005346,0.25935828877005346,41.775401069518715,374
4_meanrev,SPY_dn2_ma5_trend,,hold,0.14519384098651833,0.07138100791708998,1.9353412520951752,-0.025595386035737744,0.30128205128205127,0.30128205128205127,61.38461538461539,312
4_meanrev,SPY_dn2_ma5_trend,,full,0.05642797786461751,0.07891023251300931,0.7353133473205107,-0.08248671746220027,0.2408575031525851,0.2408575031525851,39.722572509457756,1586
4_meanrev,SPY_dn3_upclose_notrend,,dev,0.07834139159408848,0.06094865314254755,1.2680092663196902,-0.04105895703130924,0.10444444444444445,0.10444444444444445,31.36,900
4_meanrev,SPY_dn3_upclose_notrend,,val,0.11564966462324011,0.09334051985317598,1.216678503681106,-0.017026556288311512,0.06417112299465241,0.06417112299465241,22.90909090909091,374
4_meanrev,SPY_dn3_upclose_notrend,,hold,0.09446223449144542,0.051623025762940304,1.7743472552663988,-0.020276103980492066,0.10256410256410256,0.10256410256410256,33.92307692307692,312
4_meanrev,SPY_dn3_upclose_notrend,,full,0.09020301624493587,0.06841828770564902,1.2957798452715683,-0.04105895703130924,0.09457755359394704,0.09457755359394704,29.87137452711223,1586
4_meanrev,SPY_dn3_upclose_trend,,dev,0.04553097066651879,0.03595239012567098,1.2563972047157164,-0.03491036613945142,0.056666666666666664,0.056666666666666664,19.04,900
4_meanrev,SPY_dn3_upclose_trend,,val,0.05001478467539955,0.03371504749595321,1.4644303786889068,-0.017026556288311512,0.05614973262032086,0.05614973262032086,20.21390374331551,374
4_meanrev,SPY_dn3_upclose_trend,,hold,0.06111838670687497,0.04384730292105812,1.3748778394409213,-0.020276103980492066,0.09615384615384616,0.09615384615384616,30.692307692307693,312
4_meanrev,SPY_dn3_upclose_trend,,full,0.04963784194320797,0.03712158781951532,1.3236195174882512,-0.03491036613945142,0.06431273644388398,0.06431273644388398,21.60907944514502,1586
4_meanrev,SPY_dn3_ma5_notrend,,dev,0.12211732977148393,0.08477813290577225,1.401608611340195,-0.05957747301515881,0.18777777777777777,0.18777777777777777,29.119999999999997,900
4_meanrev,SPY_dn3_ma5_notrend,,val,0.10821341418763342,0.10664278485126943,1.0146436038675768,-0.07685773877333568,0.13101604278074866,0.13101604278074866,22.90909090909091,374
4_meanrev,SPY_dn3_ma5_notrend,,hold,0.11687068570904535,0.05716022230526982,1.962441315622295,-0.02175935810501306,0.15384615384615385,0.15384615384615385,33.92307692307692,312
4_meanrev,SPY_dn3_ma5_notrend,,full,0.11779192904761948,0.0859890700941429,1.3375244232380346,-0.07685773877333613,0.1677175283732661,0.1677175283732661,28.600252206809582,1586
4_meanrev,SPY_dn3_ma5_trend,,dev,0.06628801161352227,0.05646570003390211,1.1649575577318596,-0.05451319039948388,0.12222222222222222,0.12222222222222222,17.92,900
4_meanrev,SPY_dn3_ma5_trend,,val,0.03662010331566101,0.06134863351827338,0.6168869833646848,-0.07685773877333568,0.11764705882352941,0.11764705882352941,20.21390374331551,374
4_meanrev,SPY_dn3_ma5_trend,,hold,0.08092720483313731,0.04995315700790459,1.5829110418882026,-0.02175935810501306,0.14102564102564102,0.14102564102564102,30.692307692307693,312
4_meanrev,SPY_dn3_ma5_trend,,full,0.0620614009894529,0.056431830067174,1.0952573845746851,-0.07685773877333602,0.12484237074401008,0.12484237074401008,20.973518284993695,1586
4_meanrev,SPY_rsi5_upclose_notrend,,dev,0.05341550567516573,0.058719347636658974,0.9156674584958959,-0.05957747301515881,0.10222222222222223,0.10222222222222223,12.88,900
4_meanrev,SPY_rsi5_upclose_notrend,,val,0.10683415873250057,0.10349709299969008,1.030263186108373,-0.07252657990405387,0.10695187165775401,0.10695187165775401,12.128342245989304,374
4_meanrev,SPY_rsi5_upclose_notrend,,hold,0.08720285144845419,0.058913704192356815,1.448628412689649,-0.05529919645551662,0.09935897435897435,0.09935897435897435,12.923076923076923,312
4_meanrev,SPY_rsi5_upclose_notrend,,full,0.07241497725582069,0.07182951723030805,1.0085649065692197,-0.07252657990405387,0.10277427490542244,0.10277427490542244,12.711223203026481,1586
4_meanrev,SPY_rsi5_upclose_trend,,dev,0.03375714043257272,0.04193417781952122,0.8126768372971733,-0.05550236568731626,0.07666666666666666,0.07666666666666666,8.96,900
4_meanrev,SPY_rsi5_upclose_trend,,val,0.047400712389040756,0.056186612696159044,0.8523516614257302,-0.07252657990405387,0.09893048128342247,0.09893048128342247,10.780748663101603,374
4_meanrev,SPY_rsi5_upclose_trend,,hold,0.08720285144845419,0.058913704192356815,1.448628412689649,-0.05529919645551662,0.09935897435897435,0.09935897435897435,12.923076923076923,312
4_meanrev,SPY_rsi5_upclose_trend,,full,0.047292417695244726,0.049222659491838266,0.9633955272970388,-0.07252657990405409,0.08638083228247162,0.08638083228247162,10.168978562421186,1586
4_meanrev,SPY_rsi5_ma5_notrend,,dev,0.04880693617176535,0.058145390057065045,0.8487112677885074,-0.059577473015159255,0.09333333333333334,0.09333333333333334,12.88,900
4_meanrev,SPY_rsi5_ma5_notrend,,val,0.08100877412967655,0.10248819055537545,0.8089545879848512,-0.07252657990405331,0.0962566844919786,0.0962566844919786,12.128342245989304,374
4_meanrev,SPY_rsi5_ma5_notrend,,hold,0.08826409254517453,0.04060281569055988,2.103663195857838,-0.019935466673339453,0.057692307692307696,0.057692307692307696,14.53846153846154,312
4_meanrev,SPY_rsi5_ma5_notrend,,full,0.0640151435387073,0.06865963439687221,0.9373398512583604,-0.07252657990405376,0.08701134930643127,0.08701134930643127,13.029003783102144,1586
4_meanrev,SPY_rsi5_ma5_trend,,dev,0.02923457397550666,0.041118227543169114,0.7213391401727772,-0.05550236568731637,0.06777777777777778,0.06777777777777778,8.96,900
4_meanrev,SPY_rsi5_ma5_trend,,val,0.022962068155567783,0.05420358424623324,0.44590777888191363,-0.07252657990405331,0.08823529411764706,0.08823529411764706,10.780748663101603,374
4_meanrev,SPY_rsi5_ma5_trend,,hold,0.07755743222884814,0.039154453733947985,1.9274239682448266,-0.019935466673339453,0.04807692307692308,0.04807692307692308,12.923076923076923,312
4_meanrev,SPY_rsi5_ma5_trend,,full,0.03707031049589915,0.04418833175636143,0.8458500437575253,-0.07252657990405376,0.06872635561160151,0.06872635561160151,10.168978562421186,1586
4_meanrev,SPY_rsi10_upclose_notrend,,dev,0.12416639816965613,0.08640699871199214,1.3979599343300326,-0.05957747301515903,0.19444444444444445,0.19444444444444445,24.64,900
4_meanrev,SPY_rsi10_upclose_notrend,,val,0.11799382914810996,0.12473719035885314,0.9550160860352114,-0.11244102229019914,0.21122994652406418,0.21122994652406418,22.90909090909091,374
4_meanrev,SPY_rsi10_upclose_notrend,,hold,0.11848145264924326,0.07178382398185043,1.5958573508924976,-0.07507210555400223,0.20192307692307693,0.20192307692307693,22.615384615384617,312
4_meanrev,SPY_rsi10_upclose_notrend,,full,0.12158858589338317,0.09437933778665385,1.2627064264924373,-0.11244102229019903,0.19987389659520807,0.19987389659520807,23.833543505674655,1586
4_meanrev,SPY_rsi10_upclose_trend,,dev,0.08439102609494409,0.06257450605928966,1.326142598271476,-0.057477855796581934,0.1322222222222222,0.1322222222222222,16.24,900
4_meanrev,SPY_rsi10_upclose_trend,,val,0.06098906461412734,0.07083581125241607,0.8711845645298822,-0.08105849787537178,0.18716577540106952,0.18716577540106952,18.866310160427805,374
4_meanrev,SPY_rsi10_upclose_trend,,hold,0.11848145264924326,0.07178382398185043,1.5958573508924976,-0.07507210555400223,0.20192307692307693,0.20192307692307693,22.615384615384617,312
4_meanrev,SPY_rsi10_upclose_trend,,full,0.08541565452130961,0.06643778491226487,1.2670178838148682,-0.08105849787537178,0.15889029003783103,0.15889029003783103,18.11349306431274,1586
4_meanrev,SPY_rsi10_ma5_notrend,,dev,0.09961003370226473,0.08243416627322324,1.193255949562544,-0.05957747301515903,0.17,0.17,24.64,900
4_meanrev,SPY_rsi10_ma5_notrend,,val,0.10407463209318957,0.11910750769476676,0.8891657495562949,-0.11923041806115742,0.16844919786096257,0.16844919786096257,25.60427807486631,374
4_meanrev,SPY_rsi10_ma5_notrend,,hold,0.16522607265684042,0.0575067075210336,2.688330210077742,-0.01993546667333934,0.125,0.125,29.07692307692308,312
4_meanrev,SPY_rsi10_ma5_notrend,,full,0.11328263256909521,0.0885640928724185,1.2556489861951268,-0.11923041806115797,0.16078184110970997,0.16078184110970997,25.740226986128626,1586
4_meanrev,SPY_rsi10_ma5_trend,,dev,0.06454624060137903,0.059961640530956116,1.073166254003684,-0.05747785579658182,0.11666666666666667,0.11666666666666667,16.24,900
4_meanrev,SPY_rsi10_ma5_trend,,val,0.05869033750239083,0.06164011289651355,0.9560682492208482,-0.08105849787537167,0.14705882352941177,0.14705882352941177,21.561497326203206,374
4_meanrev,SPY_rsi10_ma5_trend,,hold,0.13078096347329682,0.05034412233857866,2.466926612336577,-0.01993546667333934,0.10897435897435898,0.10897435897435898,25.846153846153847,312
4_meanrev,SPY_rsi10_ma5_trend,,full,0.07586174344377294,0.05859286644955635,1.2773664362178612,-0.08105849787537178,0.1223203026481715,0.1223203026481715,19.384615384615387,1586
4_meanrev,QQQ_dn2_upclose_notrend,,dev,0.08035003357725023,0.12328839004074754,0.6885016571909838,-0.09564307941945627,0.2222222222222222,0.2222222222222222,59.080000000000005,900
4_meanrev,QQQ_dn2_upclose_notrend,,val,0.14814523844527439,0.1332961693151491,1.1005249725971513,-0.0476862974700788,0.18983957219251338,0.18983957219251338,55.92513368983957,374
4_meanrev,QQQ_dn2_upclose_notrend,,hold,0.1155621096243955,0.10692216791597972,1.0762534371798878,-0.057637184258930274,0.21474358974358973,0.21474358974358973,61.38461538461539,312
4_meanrev,QQQ_dn2_upclose_notrend,,full,0.10290415282818977,0.12267227071366649,0.8591955581688313,-0.09564307941945627,0.21311475409836064,0.21311475409836064,58.78940731399748,1586
4_meanrev,QQQ_dn2_upclose_trend,,dev,0.04211123945756734,0.07714102499249835,0.5733443344327452,-0.06943966695463821,0.13777777777777778,0.13777777777777778,37.24,900
4_meanrev,QQQ_dn2_upclose_trend,,val,0.05293783047567757,0.08136129128181169,0.6746669281412024,-0.0476862974700788,0.1657754010695187,0.1657754010695187,49.18716577540107,374
4_meanrev,QQQ_dn2_upclose_trend,,hold,0.09306153839485898,0.10239445181075683,0.9202484509991163,-0.05763718425892983,0.20833333333333334,0.20833333333333334,59.76923076923077,312
4_meanrev,QQQ_dn2_upclose_trend,,full,0.054509996614041434,0.08361647559340879,0.6766489623826575,-0.07347002246046253,0.15825977301387137,0.15825977301387137,44.48928121059269,1586
4_meanrev,QQQ_dn2_ma5_notrend,,dev,0.11815543034405795,0.1490010099845019,0.8241113910779319,-0.1108050952991787,0.32,0.32,53.480000000000004,900
4_meanrev,QQQ_dn2_ma5_notrend,,val,0.2788773852827411,0.14948306586087082,1.7184943819929366,-0.05822111577749711,0.2967914438502674,0.2967914438502674,53.229946524064175,374
4_meanrev,QQQ_dn2_ma5_notrend,,hold,0.0972507984953277,0.1276057065218891,0.7910141568712873,-0.07558610582058678,0.32051282051282054,0.32051282051282054,54.92307692307693,312
4_meanrev,QQQ_dn2_ma5_notrend,,full,0.14985749042355234,0.14512125639592224,1.034409185363914,-0.1108050952991787,0.3146279949558638,0.3146279949558638,53.704918032786885,1586
4_meanrev,QQQ_dn2_ma5_trend,,dev,0.08001734103047498,0.09729745698341105,0.8398566205101103,-0.06943966695463855,0.2,0.2,34.44,900
4_meanrev,QQQ_dn2_ma5_trend,,val,0.14959533500121913,0.10448812553650452,1.3866041621611105,-0.05822111577749711,0.26737967914438504,0.26737967914438504,46.49197860962567,374
4_meanrev,QQQ_dn2_ma5_trend,,hold,0.07511956121574404,0.12382707099976759,0.6467964125226032,-0.07558610582058678,0.3141025641025641,0.3141025641025641,53.30769230769231,312
4_meanrev,QQQ_dn2_ma5_trend,,full,0.09505596093906865,0.10464352007257983,0.9201911491821086,-0.07558610582058645,0.23833543505674654,0.23833543505674654,40.99369482976041,1586
4_meanrev,QQQ_dn3_upclose_notrend,,dev,0.10401998686685898,0.08486496350575566,1.2083838332462846,-0.05719406270496852,0.10222222222222223,0.10222222222222223,29.68,900
4_meanrev,QQQ_dn3_upclose_notrend,,val,0.15362608371658792,0.11538738610078715,1.293320382340082,-0.038332686812440064,0.0748663101604278,0.0748663101604278,25.60427807486631,374
4_meanrev,QQQ_dn3_upclose_notrend,,hold,0.10695568911883924,0.06355612725698945,1.6304398036295729,-0.03307716498153912,0.08653846153846154,0.08653846153846154,27.461538461538463,312
4_meanrev,QQQ_dn3_upclose_notrend,,full,0.11610499336820057,0.08951167813290761,1.271001699318967,-0.05719406270496852,0.0926860025220681,0.0926860025220681,28.282471626733923,1586
4_meanrev,QQQ_dn3_upclose_trend,,dev,0.05261334985107813,0.04380069330709198,1.1925299812727066,-0.05258961390438244,0.05333333333333334,0.05333333333333334,16.24,900
4_meanrev,QQQ_dn3_upclose_trend,,val,0.05836361033522608,0.05448514218037311,1.068322544532801,-0.038332686812440064,0.06149732620320856,0.06149732620320856,21.561497326203206,374
4_meanrev,QQQ_dn3_upclose_trend,,hold,0.0683797287895529,0.05516373814228287,1.2264512842023134,-0.0330771649815389,0.08012820512820513,0.08012820512820513,24.230769230769234,312
4_meanrev,QQQ_dn3_upclose_trend,,full,0.057053570460545266,0.04882621894654953,1.1607747093961085,-0.05258961390438244,0.0605296343001261,0.0605296343001261,19.06683480453972,1586
4_meanrev,QQQ_dn3_ma5_notrend,,dev,0.15939634146355863,0.1123094092744054,1.373129863321338,-0.07701209338975512,0.1688888888888889,0.1688888888888889,28.56,900
4_meanrev,QQQ_dn3_ma5_notrend,,val,0.23978576542449903,0.1294777341366896,1.722501611585046,-0.04697137566442644,0.13368983957219252,0.13368983957219252,25.60427807486631,374
4_meanrev,QQQ_dn3_ma5_notrend,,hold,0.13780644512351636,0.09074832270459045,1.4678683754714654,-0.03853372511220732,0.15705128205128205,0.15705128205128205,27.461538461538463,312
4_meanrev,QQQ_dn3_ma5_notrend,,full,0.1735230498444591,0.11278079693993869,1.4746206171869602,-0.07701209338975512,0.15825977301387137,0.15825977301387137,27.646910466582597,1586
4_meanrev,QQQ_dn3_ma5_trend,,dev,0.07406591522800854,0.06695452631589292,1.1006045553483426,-0.07701209338975512,0.09666666666666666,0.09666666666666666,15.68,900
4_meanrev,QQQ_dn3_ma5_trend,,val,0.11487624643338634,0.07814915886162706,1.4306271017140988,-0.04697137566442644,0.11497326203208556,0.11497326203208556,21.561497326203206,374
4_meanrev,QQQ_dn3_ma5_trend,,hold,0.09842784471948529,0.08469194156982719,1.150625985506433,-0.03853372511220732,0.14423076923076922,0.14423076923076922,24.230769230769234,312
4_meanrev,QQQ_dn3_ma5_trend,,full,0.08834425023791104,0.07340545481465217,1.18998652691782,-0.07701209338975512,0.11034047919293821,0.11034047919293821,18.74905422446406,1586
4_meanrev,QQQ_rsi5_upclose_notrend,,dev,0.07118496101749039,0.07847247379739128,0.9156351181060899,-0.06102990348452786,0.08888888888888889,0.08888888888888889,11.200000000000001,900
4_meanrev,QQQ_rsi5_upclose_notrend,,val,0.04838058570752923,0.12990407082649919,0.42599529497384314,-0.10993287381895989,0.10962566844919786,0.10962566844919786,9.433155080213902,374
4_meanrev,QQQ_rsi5_upclose_notrend,,hold,0.13626445302276213,0.0889163286423313,1.4810912930809772,-0.05054430835738599,0.1282051282051282,0.1282051282051282,17.76923076923077,312
4_meanrev,QQQ_rsi5_upclose_notrend,,full,0.078200877495467,0.09496347466486861,0.8395862488793102,-0.10993287381895978,0.10151324085750316,0.10151324085750316,12.075662042875157,1586
4_meanrev,QQQ_rsi5_upclose_trend,,dev,0.044842339914836105,0.04621516587778532,0.9722898781701518,-0.043076531372431615,0.043333333333333335,0.043333333333333335,6.16,900
4_meanrev,QQQ_rsi5_upclose_trend,,val,-0.018091005902325374,0.08343889716561037,-0.1768990803177139,-0.10993287381895989,0.10160427807486631,0.10160427807486631,8.085561497326204,374
4_meanrev,QQQ_rsi5_upclose_trend,,hold,0.1432173435345776,0.07736250611363286,1.7688593777566621,-0.0312539025736529,0.10576923076923077,0.10576923076923077,16.153846153846153,312
4_meanrev,QQQ_rsi5_upclose_trend,,full,0.04803579032051575,0.06351399671254158,0.7705094784733775,-0.10993287381895966,0.06935687263556116,0.06935687263556116,8.580075662042876,1586
4_meanrev,QQQ_rsi5_ma5_notrend,,dev,0.07202680271141393,0.06831960863939543,1.052305027477992,-0.06060194517705053,0.06444444444444444,0.06444444444444444,11.200000000000001,900
4_meanrev,QQQ_rsi5_ma5_notrend,,val,0.07532337768506747,0.11187575055777013,0.7019068005414989,-0.06123750772251779,0.06951871657754011,0.06951871657754011,9.433155080213902,374
4_meanrev,QQQ_rsi5_ma5_notrend,,hold,0.14467077663784633,0.08187399479820008,1.6911866102271778,-0.03125390257365279,0.10256410256410256,0.10256410256410256,19.384615384615387,312
4_meanrev,QQQ_rsi5_ma5_notrend,,full,0.08673015306458742,0.08313123922868636,1.041163903281323,-0.061237507722518014,0.07313997477931904,0.07313997477931904,12.39344262295082,1586
4_meanrev,QQQ_rsi5_ma5_trend,,dev,0.0450710720986327,0.04173933114959569,1.0770475019753782,-0.03968225923646573,0.034444444444444444,0.034444444444444444,6.16,900
4_meanrev,QQQ_rsi5_ma5_trend,,val,0.007143503520598893,0.05114782885996489,0.16476873366215297,-0.058221115777497,0.06149732620320856,0.06149732620320856,8.085561497326204,374
4_meanrev,QQQ_rsi5_ma5_trend,,hold,0.10505460703309444,0.07511534320681633,1.3673153187069993,-0.03125390257365268,0.08974358974358974,0.08974358974358974,16.153846153846153,312
4_meanrev,QQQ_rsi5_ma5_trend,,full,0.04743741175857896,0.052103026899863784,0.9155399527265096,-0.058221115777497445,0.05170239596469105,0.05170239596469105,8.580075662042876,1586
4_meanrev,QQQ_rsi10_upclose_notrend,,dev,0.07651245532850437,0.11193424091188592,0.7147018819150055,-0.08880138690168682,0.1988888888888889,0.1988888888888889,21.28,900
4_meanrev,QQQ_rsi10_upclose_notrend,,val,0.16490201463120036,0.152465706469179,1.0755445475716878,-0.14061286675187967,0.20053475935828877,0.20053475935828877,22.90909090909091,374
4_meanrev,QQQ_rsi10_upclose_notrend,,hold,0.1235460787848024,0.09571697816096678,1.2647266814431464,-0.05054430835738588,0.18269230769230768,0.18269230769230768,22.615384615384617,312
4_meanrev,QQQ_rsi10_upclose_notrend,,full,0.1059969702554382,0.11991443193997572,0.8996482066228717,-0.14061286675188,0.1960907944514502,0.1960907944514502,21.92686002522068,1586
4_meanrev,QQQ_rsi10_upclose_trend,,dev,0.03458020993793087,0.07944020240562646,0.4676874685929255,-0.08880138690168682,0.1288888888888889,0.1288888888888889,13.440000000000001,900
4_meanrev,QQQ_rsi10_upclose_trend,,val,0.09201283405386507,0.09951346237174816,0.9343780850643733,-0.10993287381895989,0.17647058823529413,0.17647058823529413,18.866310160427805,374
4_meanrev,QQQ_rsi10_upclose_trend,,hold,0.13042114457603438,0.0850941828661003,1.4831332314084225,-0.03307716498153901,0.16025641025641027,0.16025641025641027,21.0,312
4_meanrev,QQQ_rsi10_upclose_trend,,full,0.06626771961706557,0.08565070764900067,0.792021924119961,-0.10993287381896011,0.14627994955863807,0.14627994955863807,16.206809583858764,1586
4_meanrev,QQQ_rsi10_ma5_notrend,,dev,0.08617963521560146,0.10173963171324368,0.8635205255161308,-0.08209600509973436,0.15888888888888889,0.15888888888888889,23.52,900
4_meanrev,QQQ_rsi10_ma5_notrend,,val,0.1777225263667237,0.13823928648682135,1.2503765965512013,-0.10783935369341546,0.15508021390374332,0.15508021390374332,24.256684491978607,374
4_meanrev,QQQ_rsi10_ma5_notrend,,hold,0.12227816919560386,0.08768731439180935,1.3592493386724798,-0.0330771649815389,0.14743589743589744,0.14743589743589744,24.230769230769234,312
4_meanrev,QQQ_rsi10_ma5_notrend,,full,0.11424750043327059,0.10900319234223509,1.0464084683065449,-0.10783935369341524,0.1557377049180328,0.1557377049180328,23.833543505674655,1586
4_meanrev,QQQ_rsi10_ma5_trend,,dev,0.04160519421092079,0.07152914301911242,0.6056939789854076,-0.08209600509973436,0.10555555555555556,0.10555555555555556,15.12,900
4_meanrev,QQQ_rsi10_ma5_trend,,val,0.10403115248622052,0.07597531225494551,1.3405763615650956,-0.05977778350952401,0.13101604278074866,0.13101604278074866,20.21390374331551,374
4_meanrev,QQQ_rsi10_ma5_trend,,hold,0.09017213996767426,0.08106139739100572,1.1053916203938443,-0.03307716498153912,0.13141025641025642,0.13141025641025642,21.0,312
4_meanrev,QQQ_rsi10_ma5_trend,,full,0.0655100960103403,0.07451507754772653,0.8888160366319224,-0.08209600509973436,0.11664564943253468,0.11664564943253468,17.477931904161412,1586
