section,period,split,n,bucket,exit,k,dates,raw_bp,t_raw,ex_bp,t_ex,t_ex_week,exspy_bp,t_exspy,ex_rev_bp,t_ex_rev,cost_rt_bp,net_long_bp,t_net_long,net_short_bp,t_net_short,hit_ex,side,net_bp,t_net,net_vs_rev_control_bp,t_net_vs_rev_control,choice_t_2020_23,book_trades,book_avg_names,book_invested,book_ann,book_sharpe,book_maxdd,book_sharpe_hedged,book_ann_hedged,spy_ann,spy_sharpe,corr_spy
coverage,2020-23,reports,55082,AMC 20412 BMO 14126 amb 20544,,,,,,,,,,,,,,,,,,,,,,,,,,,,,,,,,,,
coverage,2024-26,reports,45090,AMC 18199 BMO 13050 amb 13841,,,,,,,,,,,,,,,,,,,,,,,,,,,,,,,,,,,
coverage,2020-23,trades_safe_k1,18788,pt_net20 known 1.00; prev report 0.97,,,,,,,,,,,,,,,,,,,,,,,,,,,,,,,,,,,
coverage,2024-26,trades_safe_k1,16839,pt_net20 known 1.00; prev report 0.95,,,,,,,,,,,,,,,,,,,,,,,,,,,,,,,,,,,
cells,2020-23,all,18788,all,safe,1.0,858.0,11.048342884419247,1.2484576202005366,1.506335168935412,0.5445258131375346,0.47299273234694705,4.0457128577771,0.9864179794520437,2.2138622199008777,0.8904518277256597,8.881217002868652,-7.374882709775896,-2.6657480524585697,-10.387553047646719,-3.755230431666666,0.5024483713008303,,,,,,,,,,,,,,,,,
cells,2024-26,all,16839,all,safe,1.0,607.0,14.463962045585994,1.773111981627093,8.19367960062249,3.1942892910728684,3.9297641685083424,3.347681121729678,0.7670947857661901,7.934097108133607,3.138743873049055,8.828997611999512,-0.6353178723271145,-0.24773525524697504,-17.022677073572098,-6.634586039004283,0.5133321456143476,,,,,,,,,,,,,,,,,
cells,2020-23,pt_net20,9944,0,safe,1.0,798.0,4.372996302373444,0.49764203396967727,-1.2246585679930717,-0.3420794861043428,-0.30080788495206395,-0.43029797047474777,-0.0913712619652334,-0.2672217270762288,-0.08125601847656919,8.995265007019043,-10.21992341592079,-2.85447789737921,-7.770606279934649,-2.1706775860017786,0.498994368463395,,,,,,,,,,,,,,,,,
cells,2024-26,pt_net20,7135,0,safe,1.0,551.0,13.246755994414517,1.382226599263993,7.8363586867592225,2.0330050736879697,2.1764946245230092,3.013887600011218,0.5433101978999302,7.65330250796758,2.018096248359397,9.011263847351074,-1.174904761575275,-0.3048288283316632,-16.847622135093726,-4.370473667122733,0.5079187105816398,,,,,,,,,,,,,,,,,
cells,2020-23,pt_net20,4176,<0,safe,1.0,553.0,24.644833060531905,1.6007390329616653,7.171639297843145,1.363035534926559,1.262746102604208,11.990391563168135,1.5180450840940325,6.568269572132181,1.4099878238707528,8.802619934082031,-1.6309807003545151,-0.3100022451224515,-15.974259296040803,-3.0358224348335225,0.5098180076628352,,,,,,,,,,,,,,,,,
cells,2024-26,pt_net20,3851,<0,safe,1.0,462.0,4.846373586426183,0.5246253256924909,-1.622575821756674,-0.33301599223790634,-0.36723603805476623,-6.239159609256634,-1.0473052213425265,-1.3358015998995898,-0.2874659831490806,8.727469444274902,-10.350045336174603,-2.1254700362580747,-7.104893692661256,-1.4573251384684935,0.5001298364061283,,,,,,,,,,,,,,,,,
cells,2020-23,pt_net20,4668,>0,safe,1.0,627.0,13.105048847661957,1.4594923090507335,2.2558406697276445,0.5136592159777655,0.5157971198193047,6.4734063887161355,1.4306647987230923,3.6037280437702925,0.8926261573202059,8.708582878112793,-6.452742608970172,-1.4696973138142921,-10.96442394842546,-2.4959273402355056,0.5032133676092545,,,,,,,,,,,,,,,,,
cells,2024-26,pt_net20,5853,>0,safe,1.0,493.0,22.27569933096663,2.5736188367263675,15.087902110787631,3.850206694096094,4.020727622351801,10.062278837856367,1.9859696586075726,14.37555437736656,3.8284690189833266,8.67361068725586,6.4142922281448325,1.6369478761407779,-23.76151199343043,-6.0630879962174555,0.5286178028361525,,,,,,,,,,,,,,,,,
cells,2020-23,prev_beat,12991,beat,safe,1.0,817.0,7.7207035850525045,0.8742930547776606,-2.766067917452745,-0.9712641872322592,-0.9099075052912675,0.16737442635398067,0.040397354869460236,-1.3864968327033316,-0.5342843608800865,8.867647171020508,-11.633714719097284,-4.085340071086051,-6.101578884191795,-2.1422740921721375,0.4963436225078901,,,,,,,,,,,,,,,,,
cells,2024-26,prev_beat,11202,beat,safe,1.0,570.0,11.532273232249125,1.4504284554885636,5.814840161421036,2.0575970863749085,2.293369057537704,1.4238122200329941,0.33270860780358924,5.246924256328621,1.8866216543354286,8.796151161193848,-2.9813109839299354,-1.0548742439954029,-14.610991306772005,-5.170392315596161,0.5141046241742546,,,,,,,,,,,,,,,,,
cells,2020-23,prev_beat,901,inline,safe,1.0,367.0,15.742540835457449,1.2078285249953875,10.363602251207126,1.071900921538778,1.0441039297633858,12.229286355158397,1.14545011961398,9.598392044676103,1.02430036642299,8.714774131774902,1.648828395699091,0.17055058192286104,-19.07837610671516,-1.9731004147814741,0.5127635960044395,,,,,,,,,,,,,,,,,
cells,2024-26,prev_beat,835,inline,safe,1.0,283.0,9.451516062238449,0.7361758126072403,8.159345169164586,0.8551960709002566,1.0330077493614844,3.377610470066936,0.328585259743408,8.829842982995862,0.9555593736055457,8.623785972595215,-0.4644401994093843,-0.04868352917707178,-16.783130537738554,-1.7588936555585601,0.49820359281437127,,,,,,,,,,,,,,,,,
cells,2020-23,prev_beat,4323,miss,safe,1.0,635.0,19.085529848026518,1.7778400735698643,11.138836760542317,2.073767051264499,1.6238504791950936,13.394932531564164,2.1945319150719973,10.973623774422055,2.2087384062977953,8.925214767456055,2.213621717848879,0.412033771056625,-20.06405180323575,-3.7361649015064735,0.5186213277816332,,,,,,,,,,,,,,,,,
cells,2024-26,prev_beat,3920,miss,safe,1.0,471.0,24.169646922972493,2.2846698000948993,15.937410835828512,3.189197281519849,3.6931249653427365,11.169102392659571,1.609193272716339,15.999625284122144,3.212409615583152,8.873355865478516,7.064055358776844,1.4138383543931972,-24.81076631288018,-4.963848812112403,0.5191326530612245,,,,,,,,,,,,,,,,,
cells,2020-23,prev_beat,573,none,safe,1.0,300.0,18.474399674146383,0.8885560360237319,11.770011388176394,0.7078321774687953,0.6940067239571681,8.571748096338613,0.49459296947029835,6.141181382315824,0.3749075182564212,9.118684768676758,2.6513272142019244,0.15944896795547103,-20.88869556215086,-1.2561943934094397,0.5026178010471204,,,,,,,,,,,,,,,,,
cells,2024-26,prev_beat,882,none,safe,1.0,290.0,13.307369940982507,0.925869029842155,4.0224802879177775,0.37371750507904483,0.338650291054545,-7.0080818613775,-0.6397977779008233,5.368215056585311,0.5229357968780212,9.243297576904297,-5.220817970557313,-0.48540386651212625,-13.265778546392866,-1.2315466436727214,0.49206349206349204,,,,,,,,,,,,,,,,,
cells,2020-23,prev_surp,5775,T1,safe,1.0,686.0,5.138599229321223,0.4896934870862238,-4.604758127123336,-1.0941252695422774,-0.9186128642527057,-2.147914011271509,-0.38255263788001576,-3.553043492730103,-0.9036762607719852,8.878342628479004,-13.483100624277792,-3.20194272950126,-4.273584370031122,-1.015977082728695,0.49766233766233764,,,,,,,,,,,,,,,,,
cells,2024-26,prev_surp,5294,T1,safe,1.0,504.0,15.386736479431399,1.7547782722540144,8.869616911908071,2.348718541161003,2.284993774086254,4.028869811638329,0.7184617112777577,9.235821607283516,2.5367056039890588,8.814132690429688,0.05548314570370168,0.014695284229555225,-17.68375067811244,-4.681709592031122,0.5181337363052513,,,,,,,,,,,,,,,,,
cells,2020-23,prev_surp,5762,T2,safe,1.0,699.0,10.427623631058644,1.294553145845987,-2.184686738098119,-0.6240390848106387,-0.6268556133136364,1.1528606486682245,0.2764681559833771,-1.9528488268659852,-0.5792004720003575,8.794896125793457,-10.979583549461688,-3.1364264277524896,-6.610210073265451,-1.888011678275821,0.49774383894481083,,,,,,,,,,,,,,,,,
cells,2024-26,prev_surp,5408,T2,safe,1.0,501.0,12.817436768031792,1.8634204463208182,8.433154397577745,2.368340379372636,2.613297564388166,4.22758175969037,0.8905289354517872,7.398699652433233,2.232795501448929,8.7525053024292,-0.3193512372182303,-0.08972519629330315,-17.185660032373722,-4.824161875373197,0.5175665680473372,,,,,,,,,,,,,,,,,
cells,2020-23,prev_surp,5752,T3,safe,1.0,684.0,16.85061243576381,1.5589859158651544,9.155098475947746,1.9158734276681668,1.7189321404367193,11.78355542066658,2.0875098880978173,10.74930895864067,2.5643474244741915,8.972156524658203,0.18294198058345787,0.0382947139109049,-18.127254971312034,-3.7923740603196587,0.510952712100139,,,,,,,,,,,,,,,,,
cells,2024-26,prev_surp,4363,T3,safe,1.0,473.0,16.246102777294755,1.3522742860177455,7.68025876299435,1.4358683088542024,1.4940687307774911,3.2112760215230196,0.4787725002519299,6.916181359614416,1.3560257418247874,8.897348403930664,-1.2170894660327394,-0.22752965818354295,-16.57760699202144,-3.099422246878511,0.5097410038964015,,,,,,,,,,,,,,,,,
cells,2020-23,prev_surp,1499,none,safe,1.0,469.0,13.937401914920205,1.1002704493033366,9.887619672692258,1.1188660184922956,1.1052165682392872,9.33506520994573,0.9567359901107367,7.695236403145238,0.8899474108208397,8.875153541564941,1.012466907015943,0.1145839386668043,-18.76277243836857,-2.1228714394559294,0.5063375583722481,,,,,,,,,,,,,,,,,
cells,2024-26,prev_surp,1774,none,safe,1.0,390.0,12.346578074780012,1.130758225473752,6.709216966288612,0.9631277488813244,0.8791612773955363,-1.0320145503482008,-0.13528334165463296,8.1850927973767,1.2096919793618792,8.938434600830078,-2.22921792237579,-0.320012629513944,-15.647651854953015,-2.2462196434518855,0.49492671927846676,,,,,,,,,,,,,,,,,
cells,2020-23,sector,342,Basic Materials,safe,1.0,203.0,4.343070528664159,0.26103988922525256,-9.608382609547828,-0.7344410311733993,-0.7848089049338801,-8.908085328820869,-0.6534061781922059,-9.666635953471394,-0.7086895668688464,8.695557594299316,-18.30394126969681,-1.3992663779861387,0.9128239493988403,0.06976579162020884,0.48830409356725146,,,,,,,,,,,,,,,,,
cells,2024-26,sector,394,Basic Materials,safe,1.0,179.0,28.416606044928876,1.0067192628588522,16.026451092424992,0.63501087101046,0.552639958257772,9.617229226366897,0.36894696106896663,19.344341647179707,0.8022252593594679,8.69674015045166,7.329710808439643,0.29042186815664084,-24.723191376410345,-0.979600796363108,0.5050761421319797,,,,,,,,,,,,,,,,,
cells,2020-23,sector,4253,Consumer Discretionary,safe,1.0,693.0,10.279163503527592,0.9878877266790409,4.3577829309921,0.8817108777021399,0.7624875891111144,7.188143915159516,1.1997536646627016,4.215482913066438,0.9243811063660244,8.953184127807617,-4.59540103840681,-0.929694424910678,-13.31096690039101,-2.693458360139531,0.513049612038561,,,,,,,,,,,,,,,,,
cells,2024-26,sector,3627,Consumer Discretionary,safe,1.0,513.0,4.2716201155883615,0.4556463880520708,-0.1163292053441569,-0.024838988049678566,-0.024629140865337622,-4.362319204224611,-0.6839400952326574,-0.6986454027416809,-0.1553641580018192,8.891014099121094,-9.007343300994421,-1.9234494544178016,-8.774684890306112,-1.8734130169119,0.4913151364764268,,,,,,,,,,,,,,,,,
cells,2020-23,sector,615,Consumer Staples,safe,1.0,340.0,7.147647553336668,0.6931994124125055,0.5901342748541408,0.06703054715691929,0.06540617801004586,3.005561742596984,0.36758957636324696,-0.6947308973846681,-0.08102105222655862,8.64737606048584,-8.057241646978209,-0.9153133044849735,-9.237510196686493,-1.0490818075920962,0.5154471544715448,,,,,,,,,,,,,,,,,
cells,2024-26,sector,473,Consumer Staples,safe,1.0,252.0,0.5643249639892827,0.0566287960502149,-7.338822517631118,-0.7016479180915953,-0.6617714313130493,-14.396152319373144,-1.4084394335769699,-6.871187557279231,-0.6775451497478996,8.516562461853027,-15.85538485479718,-1.5169634068454472,-1.1777398195349458,-0.1125207219823439,0.4820295983086681,,,,,,,,,,,,,,,,,
cells,2020-23,sector,777,Energy,safe,1.0,275.0,21.40535291451355,1.020870846728061,15.87886009978657,0.9865108239872094,0.9214672233220593,13.870590192854689,0.797591578228697,11.489129042536584,0.7369746195533862,8.733468055725098,7.145392018998468,0.44400128326144045,-24.61232818057467,-1.5288218436721193,0.5328185328185329,,,,,,,,,,,,,,,,,
cells,2024-26,sector,726,Energy,safe,1.0,210.0,1.703054325945718,0.10984411478139848,-4.6631807206152205,-0.3008671121395883,-0.3354928314875828,-6.63729080888525,-0.4294749210176223,-4.134379467877773,-0.28114476910612124,8.728342056274414,-13.391523097054218,-0.863978184451606,-4.065161655823777,-0.2622939495222258,0.49586776859504134,,,,,,,,,,,,,,,,,
cells,2020-23,sector,2462,Finance,safe,1.0,452.0,13.487463779165212,1.3320238403982971,0.9656974891282362,0.16455448644264656,0.1722545634565723,3.893903034023048,0.5534225394294334,2.8688123576936713,0.5081559840884426,8.845340728759766,-7.879644555122398,-1.3426615264547197,-9.811039533378866,-1.6718089929992377,0.5146222583265637,,,,,,,,,,,,,,,,,
cells,2024-26,sector,2373,Finance,safe,1.0,343.0,23.477118451887712,2.443951683944256,16.265153583210736,2.4553349554196005,2.367441036129948,14.58720701205989,1.8990937363592288,16.12276999417452,2.5611306383575387,8.833367347717285,7.431786982970674,1.1220592224992687,-25.0985201834508,-3.788128168397373,0.538558786346397,,,,,,,,,,,,,,,,,
cells,2020-23,sector,2240,Health Care,safe,1.0,394.0,10.141641032703852,0.6523980605593588,-2.882633675701492,-0.24158681065620838,-0.19197814508006888,-0.5293546551859608,-0.04670363037361175,0.552633487090457,0.050863253205146564,9.05316162109375,-11.935794967857518,-1.0004317336367126,-6.170527616454528,-0.517073354566178,0.484375,,,,,,,,,,,,,,,,,
cells,2024-26,sector,2009,Health Care,safe,1.0,290.0,5.310709454880876,0.43583198237708726,-2.198767328907372,-0.23606597952018493,-0.2406330853177562,-6.775771635161493,-0.6783982002631442,0.2790173068680847,0.029512030403701914,8.922486305236816,-11.12125338706788,-1.1940465536002451,-6.723718729253135,-0.7218519141956352,0.49726231956197114,,,,,,,,,,,,,,,,,
cells,2020-23,sector,2704,Industrials,safe,1.0,523.0,9.204734777309524,0.945049575825873,-0.835418726189522,-0.18685113190621047,-0.18988230754910781,3.2543223574920854,0.5524584928994614,-0.6340642038639206,-0.1495320686643304,8.951516151428223,-9.786934301096695,-2.1886001330044715,-8.116096848717651,-1.815535810297334,0.5044378698224852,,,,,,,,,,,,,,,,,
cells,2024-26,sector,2530,Industrials,safe,1.0,391.0,9.102475523958445,0.7814114384125476,7.171228854845454,1.1275254498804756,1.2447111415801788,0.32241640674898026,0.0439609337083783,6.917076367412807,1.1124028481977848,9.011048316955566,-1.8398192348269131,-0.28935740697076556,-16.18227694451782,-2.5435564311265026,0.5138339920948617,,,,,,,,,,,,,,,,,
cells,2020-23,sector,145,Miscellaneous,safe,1.0,126.0,9.561324541090393,0.2460768907001439,12.85891150358762,0.40859989708483785,0.4064081579158015,7.583473497600748,0.2273146003682557,7.991275437282967,0.26963056232555377,9.075541496276855,3.7833712050237156,0.12019752175273302,-21.934451802151536,-0.6971029357609311,0.4827586206896552,,,,,,,,,,,,,,,,,
cells,2024-26,sector,142,Miscellaneous,safe,1.0,98.0,-3.9867930719913893,-0.09203986651390143,0.1281677628842087,0.003425746448456405,0.00362993105071673,-4.3741584087079595,-0.11227869331980435,2.4731104834147644,0.06768761192720066,9.183048248291016,-9.054880984897403,-0.2419903285508422,-9.311216510665817,-0.24891022144040909,0.47183098591549294,,,,,,,,,,,,,,,,,
cells,2020-23,sector,1120,Real Estate,safe,1.0,279.0,-2.7012536048283455,-0.23866309885647308,-9.957822462251686,-1.2883297465142884,-1.4469314800461328,-8.129984213073186,-0.9453291933827502,-8.526052667896304,-1.1892625900837785,8.651141166687012,-18.60896407483433,-2.4065548247946262,1.306680849669044,0.16912951946464705,0.46785714285714286,,,,,,,,,,,,,,,,,
cells,2024-26,sector,910,Real Estate,safe,1.0,198.0,13.337840194470754,1.5432596528077078,7.758634592874231,0.8281704045823216,0.8843297980889417,1.618583396963867,0.1567080878664988,6.546579233992779,0.8084421831364307,8.58372688293457,-0.8250920966573887,-0.08809243371670426,-16.342361282405854,-1.7439971203673585,0.4989010989010989,,,,,,,,,,,,,,,,,
cells,2020-23,sector,2948,Technology,safe,1.0,582.0,24.718087175291597,1.8451444912682844,12.90882833838611,1.519839256094293,1.3593083274268236,16.092156215147238,1.733748219089814,13.40269207013206,1.7843208360821132,8.92701244354248,3.9818164822677593,0.46886161902931145,-21.835840194504456,-2.5705511015622005,0.5115332428765265,,,,,,,,,,,,,,,,,
cells,2024-26,sector,2649,Technology,safe,1.0,428.0,39.00436670291733,2.677258818610766,28.538577590620285,2.9857288288133925,3.31106772045512,22.899479359509012,2.255384250219854,26.435056380916677,2.9629497392433732,8.767509460449219,19.771069400552715,2.068405351866396,-37.30608578068785,-3.9030936571809627,0.5469988674971688,,,,,,,,,,,,,,,,,
cells,2020-23,sector,291,Telecommunications,safe,1.0,189.0,20.60192151310841,1.0893488208025894,6.5716874255530255,0.41583633949471593,0.4202790114156523,7.751609030502325,0.5022303373506055,4.713602836320768,0.3189723412430386,8.750053405761719,-2.17836495138849,-0.13784978858333943,-15.321739802494537,-0.9694261553552571,0.5085910652920962,,,,,,,,,,,,,,,,,
cells,2024-26,sector,220,Telecommunications,safe,1.0,140.0,7.674958748546603,0.3478259216710705,-7.423021198907443,-0.4070426880235787,-0.4040269575800806,-16.751167709611774,-0.8919952203306397,-8.613587137926592,-0.49490898290462165,8.643071174621582,-16.06609277353207,-0.8807686162162813,-1.2200503757171837,-0.06691754609452363,0.4636363636363636,,,,,,,,,,,,,,,,,
cells,2020-23,sector,891,Utilities,safe,1.0,270.0,-18.73422177132117,-1.8488018231407541,-26.922793734452743,-2.8441185067635835,-2.910022910617561,-25.847099162506094,-2.8172717744458438,-23.12790767317984,-2.740786112188586,8.50164794921875,-35.42444184451958,-3.742026561999688,18.421145624385908,1.9461054815742431,0.44219977553310885,,,,,,,,,,,,,,,,,
cells,2024-26,sector,766,Utilities,safe,1.0,211.0,13.157073864850897,1.3721740818528116,9.097581070094169,0.8716648887875705,0.6911525220063582,2.0690140232553,0.19538881566399458,7.591997429067061,0.7931650200786607,8.492345809936523,0.6052349152643374,0.057993601154103645,-17.589927224924004,-1.6852073771332805,0.5456919060052219,,,,,,,,,,,,,,,,,
cells,2020-23,size_adv,6263,T1,safe,1.0,703.0,10.338744434111877,1.009380912300543,2.9196968402678434,0.7763335703395333,0.7067000170502823,4.325169962497445,0.7470587522333916,2.2004523407136976,0.6071455966454243,9.38340950012207,-6.463713105308209,-1.7190368984753115,-12.303106785843894,-3.270594630183414,0.5007185055085422,,,,,,,,,,,,,,,,,
cells,2024-26,size_adv,5036,T1,safe,1.0,491.0,10.077814355324598,0.9792238871468296,4.50026480841172,1.0061324841549042,1.0876866699465573,-0.20951326958295372,-0.03353329580696093,3.841956758856159,0.8896278081522252,9.329737663269043,-4.8294729410507085,-1.0794516631479343,-13.83000255787415,-3.0927704914967054,0.506155679110405,,,,,,,,,,,,,,,,,
cells,2020-23,size_adv,6262,T2,safe,1.0,671.0,9.567745864885344,1.0344661490644593,0.9255293766812694,0.22773720622175922,0.2135357580475365,3.3002578638550544,0.6706142158177458,3.0509972254168005,0.7977403998104764,8.885534286499023,-7.960003651966524,-1.9583181097208193,-9.811062405329064,-2.4145124228176855,0.5020760140530182,,,,,,,,,,,,,,,,,
cells,2024-26,size_adv,5413,T2,safe,1.0,496.0,14.370496796339973,1.6582762842451462,7.011633836600396,1.8982786261701754,2.1744303704487593,2.3525492149801255,0.4380620905231821,7.205451959878633,1.9846427701387799,8.873645782470703,-1.86201241342779,-0.5042826086667713,-15.885280086628583,-4.299122775151234,0.5098836135230002,,,,,,,,,,,,,,,,,
cells,2020-23,size_adv,6263,T3,safe,1.0,726.0,13.238301950457299,1.4937655742769793,0.6736865538213134,0.1637172086715742,0.14879238016832327,4.511591721752244,1.0043906840728336,1.3902707571527726,0.3728885732280314,8.374711990356445,-7.701024797079653,-1.871552903189583,-9.04839790472228,-2.1988193805030423,0.5045505348874342,,,,,,,,,,,,,,,,,
cells,2024-26,size_adv,6390,T3,safe,1.0,526.0,17.999888049079747,2.235362256752408,12.105800197527818,2.9908032440997174,3.0588078080114722,6.99410991138316,1.4524334275360995,11.776378013683749,2.99403324091609,8.396538734436035,3.709261545054728,0.916367086812164,-20.502338850000914,-5.065330094654964,0.5219092331768388,,,,,,,,,,,,,,,,,
cells,2020-23,market20,4922,spy20_down,safe,1.0,289.0,8.759113073228473,0.46989728930412267,2.264868141053497,0.40636050358503945,0.415100202029988,-0.506433838324163,-0.05949504809277397,3.00105959585329,0.6238355184289577,8.867331504821777,-6.602463231205618,-1.1840170536125545,-11.132199513312614,-1.9983077054719554,0.5166598943518895,,,,,,,,,,,,,,,,,
cells,2024-26,market20,4916,spy20_down,safe,1.0,164.0,21.759933387626532,1.3146857001663603,4.082583597324422,0.8940570661905635,1.007297707033956,4.441446065154724,0.6658090094322144,4.705391352417764,1.0998396071142538,8.883243560791016,-4.800659808990566,-1.051572658563877,-12.96582700363941,-2.838655804805805,0.5067127746135069,,,,,,,,,,,,,,,,,
cells,2020-23,market20,13866,spy20_up,safe,1.0,569.0,11.86094847584294,1.184499300165808,1.2370794867801227,0.3883294303538996,0.3307590023795927,5.661583767787948,1.2139820942487227,1.9344315632992786,0.665908484805429,8.886146545410156,-7.649067671085785,-2.401323792890822,-10.123226644646033,-3.177421684305887,0.4974037213327564,,,,,,,,,,,,,,,,,
cells,2024-26,market20,11923,spy20_up,safe,1.0,443.0,11.455743047223894,1.2317345808831823,9.888735203424917,3.174299685039661,3.8961111103438224,2.8967083412316903,0.5251641646911721,9.265332325369124,2.9728869263330484,8.806631088256836,1.0821039980610014,0.34742238659449987,-18.69536640878883,-6.000020684061799,0.516061393944477,,,,,,,,,,,,,,,,,
cells,2020-23,ret5,6263,T1,safe,1.0,640.0,6.122833423167874,0.46532989065408054,1.4590395518373156,0.23310524522557535,0.20925982379775523,2.0649920811344296,0.27397229561215486,0.3491157361820012,0.07794052346055881,8.901461601257324,-7.442422204106398,-1.188817750437103,-10.360501307781027,-1.6555692608985197,0.5095002395018362,,,,,,,,,,,,,,,,,
cells,2024-26,ret5,5451,T1,safe,1.0,499.0,25.520375576421266,1.967889190816001,16.498271662815238,3.1668525101191056,3.668526808972012,15.593398463082316,2.2049627224222053,15.953738244119984,4.041183308938596,8.856623649597168,7.641648766106689,1.4671366790322835,-25.35489455952379,-4.865796547713505,0.524674371674922,,,,,,,,,,,,,,,,,
cells,2020-23,ret5,6262,T2,safe,1.0,690.0,11.847566031260358,1.4072637322390387,0.1680981046640596,0.05367574151150318,0.05502833274831858,2.9771228384468844,0.750708679159297,2.670210867976282,1.0005490064700617,8.783753395080566,-8.615656175324803,-2.751160269455737,-8.951852384652922,-2.8583098576874604,0.5004790801660811,,,,,,,,,,,,,,,,,
cells,2024-26,ret5,5830,T2,safe,1.0,510.0,11.687524513785462,1.5813014715354996,4.70008737654701,1.4206547146210193,1.4614883101801022,-1.094307765660929,-0.23015679009268816,5.078571024168587,1.8787364627942047,8.74309253692627,-4.04300465078926,-1.2219459887845536,-13.443179403883278,-4.063615480755096,0.509090909090909,,,,,,,,,,,,,,,,,
cells,2020-23,ret5,6263,T3,safe,1.0,656.0,15.174756809103627,1.3940485201140254,2.8916541768154342,0.6433568236410928,0.7001859568392279,7.094853034235483,1.1592481606609426,3.6223329197704524,0.9189622494772391,8.95842170715332,-6.066767861578679,-1.3495747500855149,-11.850076215209548,-2.636860672441362,0.4973654798020118,,,,,,,,,,,,,,,,,
cells,2024-26,ret5,5558,T3,safe,1.0,487.0,6.532713512627018,0.7300268007391202,3.713526908169701,0.6383471117366002,0.7708730745296364,-4.00291441879317,-0.587500032622232,3.064117481874936,0.6588477132830663,8.892012596130371,-5.178486499111633,-0.89008389937753,-12.605540315451037,-2.167052808186908,0.506657070888809,,,,,,,,,,,,,,,,,
cells,2020-23,timing_gap(info),6769,AMC,safe,1.0,675.0,5.707985063345378,0.5460625350513121,-3.852006021526417,-0.870264327250774,-0.8417389797139214,-0.5635626610105297,-0.10029799840471608,-3.787977615532357,-0.938863694611536,8.95142936706543,-12.803435077619124,-2.892397234923648,-5.099423034566291,-1.1521653386464377,0.4953464322647363,,,,,,,,,,,,,,,,,
cells,2024-26,timing_gap(info),6725,AMC,safe,1.0,494.0,17.86119997834021,1.7437540986934397,11.312871312670472,2.7042219212277296,2.7467437035138436,6.103188134408909,1.0178449597785828,11.050198497396533,2.718578596692172,8.882452964782715,2.430418739067472,0.5809672709256677,-20.19532388627347,-4.827408448966156,0.5146468401486989,,,,,,,,,,,,,,,,,
cells,2020-23,timing_gap(info),5448,BMO,safe,1.0,727.0,11.856081219240059,1.2308118348301191,5.13643020426384,1.3181984238462408,1.11834538790226,5.97982444268393,1.1149023524016928,6.00074413304595,1.6491902320035727,8.829938888549805,-3.6935090263565757,-0.9477523641611875,-13.966369434884255,-3.5847606494501045,0.5154185022026432,,,,,,,,,,,,,,,,,
cells,2024-26,timing_gap(info),5675,BMO,safe,1.0,518.0,14.12012372714327,1.8505877882423463,8.555109058232071,2.3506295702024116,2.395930357820115,3.4207925690683627,0.7373474319308213,7.570326199730405,2.0782671839257225,8.777799606323242,-0.2226911503943014,-0.061175829250417785,-17.332909266858447,-4.7632664711969435,0.5161233480176212,,,,,,,,,,,,,,,,,
cells,2020-23,timing_gap(info),6571,amb,safe,1.0,692.0,15.879924628863806,1.827882366368107,4.0164331396806325,1.1059577182316118,1.1843593887117212,7.190309733762651,1.6356418717009829,5.256857377903192,1.5557626974948824,8.851407051086426,-4.8349729318635,-1.331315683173834,-12.867839211224766,-3.5433063281292165,0.49901080505250345,,,,,,,,,,,,,,,,,
cells,2024-26,timing_gap(info),4439,amb,safe,1.0,489.0,9.75678866405644,1.1723936149714094,3.0060976147119196,0.7126298872390606,0.8713703464055043,-0.9203279172238834,-0.17581019763779895,3.6783228487046844,0.8852626135412613,8.81346607208252,-5.807369090754083,-1.3762869043888972,-11.819564320177923,-2.802778785854719,0.5077720207253886,,,,,,,,,,,,,,,,,
coverage,2020-23,trades_safe_k3,18826,pt_net20 known 1.00; prev report 0.97,,,,,,,,,,,,,,,,,,,,,,,,,,,,,,,,,,,
coverage,2024-26,trades_safe_k3,16828,pt_net20 known 1.00; prev report 0.95,,,,,,,,,,,,,,,,,,,,,,,,,,,,,,,,,,,
cells,2020-23,all,18826,all,safe,3.0,859.0,27.355484340703704,1.60707785885805,3.455609807707287,0.7158268125575732,0.513135093600887,10.558485385829524,1.3825395101790476,4.028842889371784,0.881482824957407,8.886075019836426,-5.430464906322799,-1.124751745235155,-12.341684521737372,-2.556931550838729,0.5020716031020929,,,,,,,,,,,,,,,,,
cells,2024-26,all,16828,all,safe,3.0,604.0,34.99782890085531,2.433800336184498,13.530495943351571,2.8850384960597397,2.339617074020271,0.6535213859203074,0.08040453115057691,13.704921332111821,3.0244406612726795,8.829593658447266,4.700902793000318,1.002116089680068,-22.360089093702822,-4.768811651948832,0.5114095555027336,,,,,,,,,,,,,,,,,
cells,2020-23,pt_net20,10072,0,safe,3.0,816.0,16.357914694901346,0.9302259859770338,-0.17123726917207666,-0.02723216351206399,-0.019054223434493405,4.103887376076429,0.46816016534708904,-0.2216114773882076,-0.03716463710933083,8.995161056518555,-9.166398097718638,-1.4574803009709456,-8.823923559374483,-1.4035373225758982,0.49563145353455124,,,,,,,,,,,,,,,,,
cells,2024-26,pt_net20,7086,0,safe,3.0,557.0,22.6740106843523,1.3081128875629509,6.5774041051884975,0.921062439662977,0.753071667429226,-7.747971793141377,-0.7700735613059075,6.211626698747316,0.8841630558112857,9.01314926147461,-2.4357455011510716,-0.3410203507933822,-15.590553711528072,-2.1836384960522204,0.501552356759808,,,,,,,,,,,,,,,,,
cells,2020-23,pt_net20,4162,<0,safe,3.0,543.0,58.99653865174871,2.122970740586751,10.409895811611964,1.081032660628013,0.8439337110737994,24.060958201749084,1.5684953552791365,14.574066624671044,1.5839130154447452,8.805167198181152,1.6047288903506962,0.16665879681575152,-19.215062732873232,-1.9952542401591027,0.513695338779433,,,,,,,,,,,,,,,,,
cells,2024-26,pt_net20,3885,<0,safe,3.0,457.0,43.62249294157158,2.6194958765044687,12.473141804400164,1.436303584575526,1.4678728843961795,3.7397155538903313,0.3190426241762906,14.754729189743557,1.822253950130891,8.724955558776855,3.7481864747586253,0.4318007936681797,-21.1980971340417,-2.4399043387926613,0.512998712998713,,,,,,,,,,,,,,,,,
cells,2020-23,pt_net20,4592,>0,safe,3.0,611.0,22.799180645135774,1.4105528174641186,5.10758398237577,0.687925011963861,0.5769967613064169,12.477784012653547,1.6196753203014054,3.793946372753994,0.5572264866769953,8.720138549804688,-3.612554949444779,-0.48656759585318315,-13.827722914196324,-1.8623947190939942,0.5056620209059234,,,,,,,,,,,,,,,,,
cells,2024-26,pt_net20,5857,>0,safe,3.0,492.0,44.18679186550575,3.148352181116052,22.643937909383624,3.2000261023331373,2.399882398449317,8.770836790439269,0.9654173447347798,22.074219991002312,3.2371844782616916,8.676926612854004,13.967010477604338,1.9732109990926165,-31.320865341162907,-4.427571208327545,0.5222810312446645,,,,,,,,,,,,,,,,,
cells,2020-23,prev_beat,13019,beat,safe,3.0,818.0,24.49443109520637,1.477197641425439,-1.1236424534706693,-0.23602668868205623,-0.18517824206939573,6.342335587958435,0.8506260383822649,-0.7336306080092102,-0.1615664965153399,8.872411727905273,-9.996053918975111,-2.099601133297102,-7.748769012033773,-1.6277512023827863,0.5036485137107305,,,,,,,,,,,,,,,,,
cells,2024-26,prev_beat,11193,beat,safe,3.0,567.0,34.48182920847134,2.4599398850098906,12.920926950761865,2.714833822120858,2.372253169804683,0.7293651568096465,0.09036565616551383,12.671508586667914,2.785051583151688,8.796518325805664,4.124409273106622,0.8663178805333989,-21.717444628417105,-4.564462252762482,0.517644956669347,,,,,,,,,,,,,,,,,
cells,2020-23,prev_beat,909,inline,safe,3.0,367.0,17.649463124556508,0.8463826797763166,1.9169545411599231,0.13839260342935716,0.13243974042346202,6.433909739699831,0.4167497271429999,2.8773252963533955,0.22141743421986262,8.724227905273438,-6.807273498785423,-0.4914160485317139,-10.641182581105268,-0.7682715866028961,0.48404840484048406,,,,,,,,,,,,,,,,,
cells,2024-26,prev_beat,836,inline,safe,3.0,283.0,27.475658166755203,1.3513073663944744,12.577302826420826,0.8731238292199897,0.8106830170459173,1.2107741538829195,0.07195651457236546,12.315133609532188,0.8766280789377412,8.628070831298828,3.9492325262677364,0.27415198428522547,-21.205373126573903,-1.472119289333298,0.4892344497607656,,,,,,,,,,,,,,,,,
cells,2020-23,prev_beat,4324,miss,safe,3.0,636.0,38.250526564644154,1.8018493809191962,17.532069463522944,1.8882760630654103,1.4860437245506437,25.16236291526163,2.1976366450223512,18.033825118835214,2.005048766316916,8.927796363830566,8.604273402102555,0.9265554729849576,-26.459865524943336,-2.85032133570934,0.49838112858464384,,,,,,,,,,,,,,,,,
cells,2024-26,prev_beat,3918,miss,safe,3.0,471.0,36.22644839200295,2.022521731298244,15.888994878533536,1.9246355505512778,1.6919325578687439,3.028884458675438,0.28442291103988215,16.85739954670777,2.065780048380404,8.870590209960938,7.018404981269504,0.8501585409806414,-24.759584775797574,-2.99905770463996,0.5066360387953037,,,,,,,,,,,,,,,,,
cells,2020-23,prev_beat,574,none,safe,3.0,298.0,25.54479255026659,0.6486353091807816,3.7157339781261727,0.12542805535496482,0.09744073289632824,2.705048179472671,0.08596308405082558,8.370008036161046,0.28928709973414696,9.137986183166504,-5.422252501030545,-0.18300558624929908,-12.853720457282892,-0.433953683557223,0.5226480836236934,,,,,,,,,,,,,,,,,
cells,2024-26,prev_beat,881,none,safe,3.0,288.0,43.2275543540279,1.2374755200256173,11.690741518570333,0.5037130309574237,0.5449297421327095,-11.4026138701929,-0.40096415790074563,14.133345567121237,0.6163641516665823,9.258722305297852,2.432020542739152,0.10476686917099115,-20.949462494401512,-0.9028061316486382,0.47446083995459704,,,,,,,,,,,,,,,,,
cells,2020-23,prev_surp,5773,T1,safe,3.0,686.0,13.097937010470314,0.6639359143139512,-10.817668433439906,-1.38954211393192,-1.088380995503285,-3.475399545464762,-0.33794786955682155,-10.894139754463112,-1.457487774164799,8.884902000427246,-19.702570450061646,-2.5304044198307216,1.9327664168181644,0.2483057834214034,0.48467001558981465,,,,,,,,,,,,,,,,,
cells,2024-26,prev_surp,5268,T1,safe,3.0,506.0,34.1661081569811,2.3639160268807258,12.520037911328709,1.798815150932293,1.5054498135628875,-0.37580291546946687,-0.03728061153720947,11.947620192968348,1.775574000341549,8.815221786499023,3.704816237954083,0.532342771253975,-21.335259584703323,-3.065020968550374,0.5055049354593774,,,,,,,,,,,,,,,,,
cells,2020-23,prev_surp,5772,T2,safe,3.0,701.0,34.13600056686586,2.137889250115701,4.096034839441251,0.7535514093984499,0.6435073139441424,12.551119292385632,1.672221649294346,5.828683523085368,1.1646233166615625,8.797323226928711,-4.701288189482827,-0.8648298212588169,-12.89335786836533,-2.372181775988584,0.5055440055440056,,,,,,,,,,,,,,,,,
cells,2024-26,prev_surp,5394,T2,safe,3.0,499.0,35.0110520407611,2.8088209537503914,15.696169800585244,2.761885742913721,2.5899075733796697,4.9632664914135365,0.5508042424677702,17.925593828845525,3.366422348533168,8.748791694641113,6.947377812011716,1.222390520434133,-24.44496178915878,-4.30151661726065,0.5259547645532072,,,,,,,,,,,,,,,,,
cells,2020-23,prev_surp,5772,T3,safe,3.0,685.0,36.90976644519779,1.8582040561205473,17.117248192456806,2.312413170545611,1.7769619579716236,23.951464370390468,2.403820243786016,16.56213311821127,2.2978827886173665,8.975468635559082,8.14177938780636,1.0999880040651728,-26.092716997107246,-3.524620046039151,0.5171517671517671,,,,,,,,,,,,,,,,,
cells,2024-26,prev_surp,4393,T3,safe,3.0,472.0,35.1522864089175,1.6646871589603842,11.813428444899406,1.3482684169197916,1.075286832611498,-1.593338239697988,-0.1568221426583666,9.804146817136662,1.1790103580837377,8.898427963256836,2.9150000127262117,0.3326314024080486,-20.7118568770726,-2.3642532985598947,0.5121784657409515,,,,,,,,,,,,,,,,,
cells,2020-23,prev_surp,1509,none,safe,3.0,468.0,19.419344362499256,0.8511072630466701,3.354963847601315,0.23214907964696224,0.19745801314493505,5.397358878761441,0.3309174411647731,6.294944588644481,0.4582143305886167,8.888103485107422,-5.533140036415201,-0.38279777732003684,-12.243067731617835,-0.8473240246252579,0.49768058316766073,,,,,,,,,,,,,,,,,
cells,2024-26,prev_surp,1773,none,safe,3.0,389.0,37.04613540348377,1.6922420440237,14.198587115082184,1.0682886515154528,0.9577678345565377,-3.8325645384835134,-0.23092750945231846,15.75075178778697,1.2006429146716493,8.947561264038086,5.251026105566732,0.39502465744615045,-23.14614812459764,-1.7417416582461076,0.48279751833051326,,,,,,,,,,,,,,,,,
cells,2020-23,sector,345,Basic Materials,safe,3.0,205.0,48.397451410304654,1.4858122051253912,31.00929661843307,1.1546036360153753,0.9714162377657057,34.99599863806533,1.2987047640570786,20.58456003803737,0.8091445685305505,8.704995155334473,22.304301663116988,0.8305645611278729,-39.71429157374916,-1.478575811589853,0.5101449275362319,,,,,,,,,,,,,,,,,
cells,2024-26,sector,398,Basic Materials,safe,3.0,181.0,-10.72160166933439,-0.21807205651637018,-35.90165709809408,-0.8315471980957098,-0.634121692219208,-49.60945053951139,-1.1272026961797252,-21.373933112874212,-0.5045066693566015,8.703218460083008,-44.60487523052469,-1.0331412290590818,27.198438965663446,0.6299575136764566,0.44974874371859297,,,,,,,,,,,,,,,,,
cells,2020-23,sector,4252,Consumer Discretionary,safe,3.0,694.0,44.51922737012621,2.212461446594875,21.31050638695552,2.3783903479234847,1.9974711978080968,28.57590489368298,2.395348411412631,23.198486276294105,2.674690516154541,8.956477165222168,12.35402862714587,1.3787672986731598,-30.266984146765157,-3.378036057102995,0.5256349952963312,,,,,,,,,,,,,,,,,
cells,2024-26,sector,3624,Consumer Discretionary,safe,3.0,509.0,23.645759340172436,1.504315311911713,5.338952128329548,0.6136460725226892,0.45814710120281,-6.731340455558566,-0.557716618255526,4.316195468412719,0.5459192692665622,8.893705368041992,-3.554752747304931,-0.4085979110697849,-14.232657003964025,-1.6357686389448476,0.5002759381898455,,,,,,,,,,,,,,,,,
cells,2020-23,sector,620,Consumer Staples,safe,3.0,341.0,15.567194187492012,0.7717398341620781,5.725977367626839,0.3747360014931204,0.3283432545189104,6.3596996318768,0.4364586695879542,2.9037949268310044,0.20923679119458855,8.66207218170166,-2.9360940136931974,-0.19215633615614303,-14.388048748946872,-0.941600490803392,0.5274193548387097,,,,,,,,,,,,,,,,,
cells,2024-26,sector,469,Consumer Staples,safe,3.0,250.0,1.3561482890353131,0.0854129196557092,-10.523984509002505,-0.5994717862921222,-0.5014162804883111,-26.64896383712299,-1.545623274398846,-7.9264817922387785,-0.457524515728151,8.514081001281738,-19.038065722580118,-1.084673049189354,2.009903295424893,0.11446546392665687,0.4840085287846482,,,,,,,,,,,,,,,,,
cells,2020-23,sector,781,Energy,safe,3.0,274.0,41.44239086861528,1.1332616172172696,35.000084029194916,1.2677101563796918,0.9906939866957876,36.15246638006714,1.2363457052117277,35.227952905666605,1.3231183472297012,8.742230415344238,26.257853608355756,0.9510670821753685,-43.74231445003407,-1.5843482483172313,0.5057618437900128,,,,,,,,,,,,,,,,,
cells,2024-26,sector,727,Energy,safe,3.0,211.0,0.23950467472315634,0.009265024612455434,-16.902265139834274,-0.7241742315814846,-0.592097387426482,-30.11962072507592,-1.2987172169884458,-13.56869455014678,-0.621244740180769,8.72760009765625,-25.62986518122558,-1.0981583041233451,8.174665098442976,0.3502248165587831,0.4896836313617607,,,,,,,,,,,,,,,,,
cells,2020-23,sector,2483,Finance,safe,3.0,453.0,30.719988358765374,1.62222590021359,0.9844565559238345,0.09909158185538404,0.08707497352781586,7.709281662666509,0.6492915178362989,3.0776817082566725,0.33660609972071986,8.858048439025879,-7.873591417720567,-0.7924960943620487,-9.842504529568233,-0.9907398423193191,0.5098670962545309,,,,,,,,,,,,,,,,,
cells,2024-26,sector,2360,Finance,safe,3.0,344.0,54.95651258323534,3.296387461876526,28.055439629458107,2.3214612187752532,2.0266543234131253,21.56854125721381,1.4328647838359503,31.69429425165215,2.845327713064385,8.830986022949219,19.22445410966972,1.5910272532646572,-36.8864251492465,-3.051615686732306,0.5406779661016949,,,,,,,,,,,,,,,,,
cells,2020-23,sector,2239,Health Care,safe,3.0,393.0,-12.004809394976684,-0.4203953796032547,-40.65202514094741,-2.1798965452997585,-1.7577105121907803,-31.107513983129163,-1.645050257394097,-39.30498151314983,-2.190968815871529,9.056376457214355,-49.70840281677843,-2.6655318031522643,31.5956474651164,1.6942595339061912,0.4582402858418937,,,,,,,,,,,,,,,,,
cells,2024-26,sector,2025,Health Care,safe,3.0,289.0,7.992702601681151,0.36395678290115435,-12.847475148931629,-0.7773239889897716,-0.5526565763570741,-27.512509713369145,-1.5289432108567667,-12.716088053451141,-0.8328860455732945,8.928446769714355,-21.775922035693693,-1.31717897921992,3.91902826216957,0.23718000111988247,0.4918518518518519,,,,,,,,,,,,,,,,,
cells,2020-23,sector,2711,Industrials,safe,3.0,526.0,25.16195268045938,1.352284240746602,4.069470787906379,0.5533594409908313,0.44436979815587263,11.85429711160035,1.1318037847619393,4.700144811469748,0.641152293150153,8.9585599899292,-4.889089757979109,-0.664726911767715,-13.02803133379187,-1.7717407872317097,0.5105127259313906,,,,,,,,,,,,,,,,,
cells,2024-26,sector,2532,Industrials,safe,3.0,389.0,28.5370131912746,1.4249923051565345,11.83487289211305,0.999728752115627,0.7871654054337153,-4.304070487282079,-0.3324179774634958,10.476766149325014,0.9469178206752966,9.012754440307617,2.8221184617527832,0.23837487527527185,-20.84762732247332,-1.7611944660244687,0.5098736176935229,,,,,,,,,,,,,,,,,
cells,2020-23,sector,143,Miscellaneous,safe,3.0,124.0,28.118018304372715,0.4277390388903909,1.405241753956437,0.026838647725416814,0.027056753455435678,6.636836179695039,0.11786685158341231,19.03092335912295,0.3899322064262241,9.06210708618164,-7.656864998082295,-0.14625052634623478,-10.467348505995169,-0.19989823243180202,0.45454545454545453,,,,,,,,,,,,,,,,,
cells,2024-26,sector,141,Miscellaneous,safe,3.0,98.0,50.12162693852347,0.6761604956370217,53.8090790710009,0.9397633214116233,0.9205064084399542,34.85817449000144,0.610854369180397,31.6248482256491,0.585933670728913,9.155540466308594,44.65353877820896,0.7797449899579029,-62.96461936379287,-1.0998292160250032,0.5177304964539007,,,,,,,,,,,,,,,,,
cells,2020-23,sector,1123,Real Estate,safe,3.0,279.0,5.906105049254148,0.30449825421015764,-13.198470422890136,-1.0110844467180216,-0.8314039890970163,-7.198923084301006,-0.5524319276750016,-14.724118084493728,-1.2177505000980124,8.65428638458252,-21.85275629391501,-1.67366896792458,4.544184551865254,0.3481926360763027,0.4594835262689225,,,,,,,,,,,,,,,,,
cells,2024-26,sector,914,Real Estate,safe,3.0,198.0,26.734316743695125,1.7924801268908541,3.517019333537849,0.23163678248013117,0.16054165022873126,-14.279855482875796,-0.7517693729598045,9.159372237598038,0.7010408994369751,8.584238052368164,-5.067217766073057,-0.3337201578808882,-12.101256433148755,-0.7970442700965145,0.5021881838074398,,,,,,,,,,,,,,,,,
cells,2020-23,sector,2950,Technology,safe,3.0,583.0,48.910129274365694,2.0612766314020106,18.43668861078323,1.2192902882887895,0.90424158098692,26.502516567541356,1.6139980968280372,17.002075678811586,1.1999347524551858,8.92739486694336,9.509294006180806,0.6289114392655899,-27.364083215385648,-1.8096204250861465,0.5040677966101695,,,,,,,,,,,,,,,,,
cells,2024-26,sector,2633,Technology,safe,3.0,428.0,81.98217287450868,3.0776989978866776,54.66212955653667,3.2011954971288312,2.4257772697931403,44.2784955677014,2.448398315676847,51.00562794830513,3.2159837005556757,8.76336669921875,45.898762216791184,2.688100261984649,-63.42549689628215,-3.7142427037672565,0.5370300037979491,,,,,,,,,,,,,,,,,
cells,2020-23,sector,291,Telecommunications,safe,3.0,189.0,24.36206325667337,0.7304766444416938,-3.798692515240788,-0.14286674919536155,-0.13800364297704865,8.908967991799095,0.34037006196830377,-0.11469185959164939,-0.004634834878809148,8.745301246643066,-12.543994130918014,-0.47172446915786254,-4.946609100436448,-0.1860569694649128,0.5051546391752577,,,,,,,,,,,,,,,,,
cells,2024-26,sector,221,Telecommunications,safe,3.0,141.0,79.76114393761594,2.250804910723333,35.31551197584088,1.0810994912880207,1.364430749194802,16.536287258508395,0.5408915915457112,31.846240454440128,0.9902537161872699,8.644549369812012,26.67096231617262,0.8163184001319481,-43.96006163550913,-1.3459728626623166,0.502262443438914,,,,,,,,,,,,,,,,,
cells,2020-23,sector,888,Utilities,safe,3.0,270.0,-14.253812963933397,-0.8800899903691497,-31.82328564763982,-1.958319147195166,-1.5810239936468677,-25.057932228211964,-1.7798969180827038,-31.415689987553506,-2.2004322502860685,8.503544807434082,-40.326830838923534,-2.4814969507331064,23.319740456356108,1.4350941498135534,0.481981981981982,,,,,,,,,,,,,,,,,
cells,2024-26,sector,764,Utilities,safe,3.0,212.0,36.71827389807425,2.4255498204101955,14.981968745149409,0.8080819951970873,0.5538720464091167,-2.7832168900540095,-0.15172409844469473,12.183823115749666,0.6956359573953224,8.493009567260742,6.488959523387397,0.35000205711929544,-23.474977966911414,-1.2661412832217198,0.5287958115183246,,,,,,,,,,,,,,,,,
cells,2020-23,size_adv,6275,T1,safe,3.0,702.0,28.44408165439357,1.4203018675702441,6.088699017719398,0.9161974769093761,0.763263335272433,12.533564165002579,1.2077058606937887,5.0869915732803435,0.7900190970587384,9.392380714416504,-3.3036819851844754,-0.49712147183863414,-15.481080020623274,-2.329507227541953,0.5013545816733068,,,,,,,,,,,,,,,,,
cells,2024-26,size_adv,5018,T1,safe,3.0,488.0,19.547609981700564,0.974610275532486,1.6211021886239227,0.18425629209082853,0.146575526249066,-12.096752931502529,-0.9921685706809514,1.587711480318573,0.18666434429190784,9.331710815429688,-7.7106082436734305,-0.8763167707246876,-10.952812620921275,-1.245018070511494,0.4958150657632523,,,,,,,,,,,,,,,,,
cells,2020-23,size_adv,6275,T2,safe,3.0,670.0,25.349724679206037,1.4250089866947686,4.9888781495016525,0.7955904904273432,0.6809697972207102,10.784943558186002,1.2249833009557893,5.909581898992826,1.0016858977445737,8.888257026672363,-3.8993790075484527,-0.621775195441075,-13.877135306551754,-2.213265440016894,0.5023107569721116,,,,,,,,,,,,,,,,,
cells,2024-26,size_adv,5419,T2,safe,3.0,491.0,33.71988008191226,2.301627794460579,10.692408592925082,1.7407401665020936,1.7488699595741077,-1.9087404726699078,-0.20876027857058177,10.889186675638442,1.8371700480007518,8.875667572021484,1.8167415569162622,0.295788276313273,-19.5680756289339,-3.1854812779995956,0.5083963830965122,,,,,,,,,,,,,,,,,
cells,2020-23,size_adv,6276,T3,safe,3.0,727.0,28.2725005504701,1.750559382565018,-0.7100838885300685,-0.0938757284213906,-0.07116874868470799,8.357299220939812,1.0268080157543475,1.0904234698532616,0.1521252259212648,8.377667427062988,-9.087750891815464,-1.2013954964296627,-7.6675831147553275,-1.0137147902256798,0.5025493945188018,,,,,,,,,,,,,,,,,
cells,2024-26,size_adv,6391,T3,safe,3.0,524.0,48.21241240674967,3.741298262101739,25.28780046739858,4.190547033105303,3.60259232527461,12.837181773422754,1.6234132621142672,25.606443025075013,4.431800539455352,8.396281242370605,16.89151961671623,2.7991029242127845,-33.684081318080935,-5.582038529927134,0.5262087310280081,,,,,,,,,,,,,,,,,
cells,2020-23,market20,5221,spy20_down,safe,3.0,290.0,35.09847556975333,0.8600440873142409,1.1412964393473626,0.11443665183007505,0.09101525409482245,-0.5610789231000337,-0.03676233498717874,-1.0404368349125541,-0.10895252228831905,8.86937141418457,-7.728074974709664,-0.7747687316056727,-10.010667853404394,-1.003909094113404,0.506990997893124,,,,,,,,,,,,,,,,,
cells,2024-26,market20,4931,spy20_down,safe,3.0,164.0,95.52091836412305,3.60893090472365,1.2396121790216745,0.19867422215497743,0.16606722522767448,8.071959454044245,0.6940886788588914,3.8592905394083266,0.6718905877297567,8.901575088500977,-7.661962675315797,-1.2282106724744657,-10.141187033359143,-1.6250264925513396,0.4901642668829852,,,,,,,,,,,,,,,,,
cells,2020-23,market20,13605,spy20_up,safe,3.0,569.0,24.384065214877317,1.3873708428401414,4.343741384054744,0.7921853958835983,0.5660381466746203,14.82568459618757,1.685283278775803,5.97420925765466,1.1562571920730762,8.892483711242676,-4.548743321093261,-0.8294564513610548,-13.236226089202749,-2.4142659672672684,0.5001837559720691,,,,,,,,,,,,,,,,,
cells,2024-26,market20,11897,spy20_up,safe,3.0,440.0,9.9125675624193,0.6129512020810477,18.624750616118718,3.0599824579570134,2.5016520707007475,-2.4212300736005083,-0.23222335064478447,17.78568164469658,2.9932120263708084,8.799757957458496,9.824992027619702,1.6138268764287889,-27.42450920461773,-4.5068145631827115,0.520215180297554,,,,,,,,,,,,,,,,,
cells,2020-23,ret5,6276,T1,safe,3.0,656.0,70.24152334701805,2.7031542576093996,21.496472101367104,2.336572052322623,1.8298354970343744,31.08889225229738,2.4544987838680954,11.787478344772321,1.6053222979702657,8.920647621154785,12.575824619595073,1.3669116446648486,-30.417119583139137,-3.306260275751893,0.5148183556405354,,,,,,,,,,,,,,,,,
cells,2024-26,ret5,5452,T1,safe,3.0,492.0,66.57496011122633,2.9189473410697024,33.48685208697132,2.533159130633879,1.9481190105132078,31.049774778494427,2.016376438618317,15.311043392420387,1.877075383622999,8.858024597167969,24.628827206465022,1.8635326531634562,-42.3448769674776,-3.20245763776178,0.5181584739545121,,,,,,,,,,,,,,,,,
cells,2020-23,ret5,6276,T2,safe,3.0,678.0,6.806939463512444,0.44768663653048146,-10.633805304916972,-1.8381891034961062,-1.55518898196952,-4.79292847815917,-0.6708298190786907,-9.021229313474661,-1.7425760785778939,8.784868240356445,-19.418673954318873,-3.3553559367061654,1.848936655515077,0.3197449197087916,0.4910771191841938,,,,,,,,,,,,,,,,,
cells,2024-26,ret5,5714,T2,safe,3.0,498.0,20.260616548853054,1.5693964646514709,4.591787312668502,0.7410446058393844,0.5613586182699651,-11.976367833443488,-1.1949791257358024,4.418441233752982,0.8549418979596694,8.761079788208008,-4.169292397856543,-0.6726463043478955,-13.352867023193548,-2.1556237105049436,0.5122506125306265,,,,,,,,,,,,,,,,,
cells,2020-23,ret5,6274,T3,safe,3.0,649.0,5.010869556773763,0.23143526386577815,-0.49709699946185065,-0.06047791565126202,-0.047730462918017226,5.377841445192091,0.44909910772541467,9.321966419332018,1.2168802514455441,8.952729225158691,-9.449826251467393,-1.1495882764319516,-8.45563225254369,-1.0288154180916065,0.500318775900542,,,,,,,,,,,,,,,,,
cells,2024-26,ret5,5662,T3,safe,3.0,482.0,19.464432931303573,1.1117731047174502,3.335110464847189,0.32332626254678265,0.25291798134763604,-15.869471637193323,-1.3207563212680797,21.530136769981855,2.9880301287580133,8.871358871459961,-5.536248139824384,-0.5366484688205544,-12.20646906951876,-1.1835209910148146,0.5040621688449312,,,,,,,,,,,,,,,,,
cells,2020-23,timing_gap(info),6783,AMC,safe,3.0,675.0,19.104921252882143,0.9894967967816808,-3.563219153876688,-0.4331417950166015,-0.33524998419671287,3.2284127043531914,0.3000965889356034,-3.429753411329012,-0.4406741650922803,8.956696510314941,-12.519915177556157,-1.5218579450858305,-5.393476869802778,-0.6556472124800298,0.49388176323160843,,,,,,,,,,,,,,,,,
cells,2024-26,timing_gap(info),6728,AMC,safe,3.0,493.0,37.92077453730014,2.0695247037489364,16.37212618203642,2.162291149941883,1.7561497243684785,2.3075395463183024,0.22121627133612454,16.012337895258018,2.179620720318968,8.883776664733887,7.488348916788425,0.9889522657608693,-25.255903447284414,-3.3357251841820954,0.5092152199762188,,,,,,,,,,,,,,,,,
cells,2020-23,timing_gap(info),5457,BMO,safe,3.0,726.0,31.86251488241906,1.69244385911497,10.635777398238739,1.6783832970165307,1.386407952710731,16.259587129088466,1.7315944383566881,11.737947327803036,1.9146452871951916,8.836197853088379,1.7995799363203482,0.2839508065243898,-19.471974860157125,-3.0731179977727288,0.5099871724390691,,,,,,,,,,,,,,,,,
cells,2024-26,timing_gap(info),5665,BMO,safe,3.0,513.0,32.58547096398923,2.4184213090976323,12.145028514672212,1.9190939764393746,2.0475119174153416,-1.3595717974242951,-0.15225118055000908,11.881786974622111,1.9772271123782887,8.778088569641113,3.3669397143836814,0.5319752501020566,-20.92311731496075,-3.306460690531066,0.5136804942630185,,,,,,,,,,,,,,,,,
cells,2020-23,timing_gap(info),6586,amb,safe,3.0,694.0,32.11842144342963,1.9023275923199678,4.735072653880073,0.7782573639846241,0.6390935132047614,13.384019972147456,1.7826414857791433,5.3229631121373755,0.9515071238881042,8.854667663574219,-4.11959541293193,-0.6770842223331738,-13.58974072069208,-2.2336444937325806,0.5039477679927118,,,,,,,,,,,,,,,,,
cells,2024-26,timing_gap(info),4435,amb,safe,3.0,489.0,33.6450508783853,2.347697015936398,10.989387654196412,1.4885946698310373,1.3280510575073765,0.715739807676669,0.07216967941783037,12.533277025083995,1.8010708519804328,8.813182830810547,2.176204556138282,0.2947251641333551,-19.80257075225454,-2.6829234705862577,0.5118376550169109,,,,,,,,,,,,,,,,,
coverage,2020-23,trades_safe_k5,18899,pt_net20 known 1.00; prev report 0.97,,,,,,,,,,,,,,,,,,,,,,,,,,,,,,,,,,,
coverage,2024-26,trades_safe_k5,16827,pt_net20 known 1.00; prev report 0.95,,,,,,,,,,,,,,,,,,,,,,,,,,,,,,,,,,,
cells,2020-23,all,18899,all,safe,5.0,857.0,38.80487696635682,1.886061122424827,5.9121166456047565,0.9251806938837812,0.6241359717497867,12.498736784503468,1.2582649214878034,6.547651638604849,1.094708064746343,8.888090133666992,-2.975973773193203,-0.46562545891922896,-14.800207064402718,-2.316466372508138,0.5107148526377057,,,,,,,,,,,,,,,,,
cells,2024-26,all,16827,all,safe,5.0,600.0,44.80765256019887,2.4073881893135063,19.90093665239668,3.4059261867442063,2.6319744765096345,-4.1376147493776605,-0.3807504668524943,18.821328779282187,3.4272639065214023,8.828479766845703,11.072457113824415,1.8947267462843425,-28.729416190968948,-4.917519756203261,0.5114399477030962,,,,,,,,,,,,,,,,,
cells,2020-23,pt_net20,10262,0,safe,5.0,817.0,17.65284539807884,0.856866595351741,-4.181366140593454,-0.5218338648679673,-0.3503261530281694,-0.905188705497165,-0.07947494026333912,-0.4442749168665878,-0.05907530986199813,8.987055778503418,-13.168421651782428,-1.6431196080114607,-4.805689370595516,-0.5998565402809217,0.49902553108555836,,,,,,,,,,,,,,,,,
cells,2024-26,pt_net20,7149,0,safe,5.0,566.0,33.09916691622963,1.542160761842161,13.319612107456841,1.5433702557742488,1.269583371982415,-13.018344349550036,-1.0131645192453782,12.173095052464683,1.5112725117440824,9.008362770080566,4.311248734316313,0.4994690957653077,-22.327975480597367,-2.5876158996219845,0.5039865715484683,,,,,,,,,,,,,,,,,
cells,2020-23,pt_net20,4191,<0,safe,5.0,526.0,90.71792209945234,2.5324206529203663,18.748401799249507,1.399398553799789,1.0007545596453662,33.11101231832643,1.6978635245696188,16.192530433538078,1.2866978221119187,8.821006774902344,9.927394857357756,0.7411334639801703,-27.56940874114126,-2.057404331059738,0.5301837270341208,,,,,,,,,,,,,,,,,
cells,2024-26,pt_net20,3848,<0,safe,5.0,447.0,60.249385553105256,2.2792452089904662,9.657554639171593,0.8936734554977703,0.6815276038334729,-10.038930639120036,-0.6312530365880923,10.9961706474134,1.017938872271155,8.72461223602295,0.9329417375090654,0.08637812095075757,-18.382167540834114,-1.7000797712205056,0.5059771309771309,,,,,,,,,,,,,,,,,
cells,2020-23,pt_net20,4446,>0,safe,5.0,597.0,38.69119630978132,2.0321170497197603,17.10924873580739,1.7722626379790258,1.4007942033088077,24.00684218624312,2.34232459365993,13.594314545191162,1.6460625142572718,8.722901344299316,8.386347909092791,0.8686158812710725,-25.832149562521995,-2.6760803457186424,0.5193432298695456,,,,,,,,,,,,,,,,,
cells,2024-26,pt_net20,5830,>0,safe,5.0,474.0,48.97303426037595,2.8725582837509136,34.73222707412311,3.5374706639332714,2.4956398381789353,10.647393733531601,0.8731829910552552,32.138555435276935,3.3379456603001874,8.676453590393066,26.055773387094536,2.6535931992821187,-43.40868076115167,-4.421462588697277,0.5241852487135507,,,,,,,,,,,,,,,,,
cells,2020-23,prev_beat,13048,beat,safe,5.0,815.0,39.114329700940125,1.9477984449143686,3.8349071407542694,0.601675176515474,0.43871599999170174,10.686029436159366,1.1037860425352426,3.8317129115749538,0.6321810256780517,8.874459266662598,-5.039552047012857,-0.7906191185176924,-12.709366328521396,-1.9941673372843636,0.5139484978540773,,,,,,,,,,,,,,,,,
cells,2024-26,prev_beat,11191,beat,safe,5.0,562.0,45.56393949703506,2.5494110906697993,20.062516644414384,3.3990161450291962,3.004336807951407,-2.0552944530525266,-0.18652400326479532,18.715399047987486,3.3570740662159473,8.793426513671875,11.269091158549802,1.908920526727351,-28.855942130278965,-4.889564106588662,0.5167545348941114,,,,,,,,,,,,,,,,,
cells,2020-23,prev_beat,916,inline,safe,5.0,373.0,30.557616829626134,1.1968526842715936,7.9636279838238275,0.49007665895989183,0.4472812415842582,9.38048567404982,0.5215834562222069,5.788825103932817,0.3770358020672728,8.733957290649414,-0.770329928923648,-0.04740519793272348,-16.697585896571304,-1.0275660672349651,0.5109170305676856,,,,,,,,,,,,,,,,,
cells,2024-26,prev_beat,830,inline,safe,5.0,282.0,32.7036534685277,1.235731294385877,2.270414960077445,0.10344570379661669,0.08774136659061012,-15.135947318475717,-0.6032159749202848,6.119873627803808,0.28828538721692665,8.621383666992188,-6.3509685950774895,-0.2893580313030681,-10.891798515232376,-0.4962700923770513,0.46987951807228917,,,,,,,,,,,,,,,,,
cells,2020-23,prev_beat,4347,miss,safe,5.0,634.0,38.99850950821794,1.5413428617450364,11.831994105866118,1.0465351680350201,0.7589284712080996,19.695469862022158,1.4098368282311096,14.303107179792757,1.3406442506428295,8.928637504577637,2.9033558241022566,0.2567621420406435,-20.760632387629975,-1.836541737360739,0.5001150218541522,,,,,,,,,,,,,,,,,
cells,2024-26,prev_beat,3926,miss,safe,5.0,468.0,43.47173223559577,1.8270370979849457,24.408168705850763,2.3195004239608936,1.8298659377330124,-0.606575216309793,-0.044623974608782,24.735012572109504,2.4493101958523846,8.868249893188477,15.539917673237042,1.476747193789559,-33.2764197384645,-3.162255685945373,0.5117167600611309,,,,,,,,,,,,,,,,,
cells,2020-23,prev_beat,588,none,safe,5.0,301.0,43.354248301275206,0.8736971389091054,5.045684526088366,0.13626746813567928,0.11649216862993833,4.3768402035436464,0.10736270470278367,10.662767928574047,0.2959190631866009,9.13092041015625,-4.085236024886067,-0.11032301928004162,-14.176605077062808,-0.3828837367922172,0.5170068027210885,,,,,,,,,,,,,,,,,
cells,2024-26,prev_beat,880,none,safe,5.0,284.0,52.5662154355911,1.1498482672758434,14.366502870685407,0.5430969407399948,0.5937792389652182,-35.9984006705681,-1.0565381646741079,5.765129720198093,0.22412958144598408,9.292157173156738,5.074345281566131,0.19180845763039314,-23.658660459804672,-0.8944409788035034,0.4818181818181818,,,,,,,,,,,,,,,,,
cells,2020-23,prev_surp,5803,T1,safe,5.0,683.0,9.159626966125185,0.37518379854385725,-21.51117908385925,-2.0872615288363394,-1.5218292512899583,-13.881542727927002,-0.9987988479691154,-19.187145322129552,-1.948371994842036,8.884735107421875,-30.39591436175505,-2.9487949929329487,12.626443805963458,1.2253948774738852,0.49146992934688954,,,,,,,,,,,,,,,,,
cells,2024-26,prev_surp,5295,T1,safe,5.0,500.0,44.30722978846202,2.322671507317501,19.79156431353026,2.325681240921529,1.9688812839493637,-4.258020630904767,-0.32242825960036187,19.511084078341597,2.4564342454706947,8.811846733093262,10.979717361264871,1.2902312397551117,-28.603411265795646,-3.361093189289666,0.5187913125590179,,,,,,,,,,,,,,,,,
cells,2020-23,prev_surp,5775,T2,safe,5.0,701.0,55.28866239733876,2.8108548114344267,18.72993548120874,2.643384936927594,2.154015355075223,26.272574744977465,2.808358123618031,17.229033325167418,2.6031543234125367,8.80270767211914,9.927228323945686,1.4009669096418362,-27.5326426384718,-3.8859263767334764,0.5222510822510823,,,,,,,,,,,,,,,,,
cells,2024-26,prev_surp,5362,T2,safe,5.0,496.0,51.37207342518559,3.2604963530460007,26.653195805740335,3.412936834400247,2.958079925130948,7.028265917927283,0.5431764443170454,26.334875403544547,3.4895792847052225,8.746891975402832,17.906303912245605,2.2925370252486426,-35.400087699235065,-4.533675392194981,0.5225662066393136,,,,,,,,,,,,,,,,,
cells,2020-23,prev_surp,5791,T3,safe,5.0,683.0,53.19812028476079,2.2957096431958077,20.35643396856768,2.126587419524917,1.5254660603494574,26.536739929756802,2.1150066731051096,21.160892452907536,2.2572027736084284,8.975342750549316,11.381090435213029,1.1889383630222576,-29.331777501922325,-3.0642569536908093,0.5180452426178553,,,,,,,,,,,,,,,,,
cells,2024-26,prev_surp,4402,T3,safe,5.0,472.0,37.94447404834952,1.3747985242626817,15.5744642662021,1.3016291113144656,0.9007957325535655,-9.412753518047644,-0.6768447878545168,13.54515945767162,1.1815619626550278,8.894110679626465,6.680353636367753,0.558320688641307,-24.468574896036444,-2.0448999662916068,0.5031803725579282,,,,,,,,,,,,,,,,,
cells,2020-23,prev_surp,1530,none,safe,5.0,472.0,34.54752587521049,1.1887612061728166,6.871227577100439,0.38284882735609804,0.3294597695864808,7.431267225506533,0.3503030693300837,8.52723985273299,0.4949109787088199,8.89284610748291,-2.021618025763901,-0.11263078224710381,-15.764073179964774,-0.8784067667228005,0.5124183006535947,,,,,,,,,,,,,,,,,
cells,2024-26,prev_surp,1768,none,safe,5.0,384.0,43.485834521425524,1.4987739729080127,10.522341854940548,0.6190386874707949,0.5141268606216586,-24.506812789942014,-1.1443988797788873,7.105155728329336,0.43006392504672325,8.962322235107422,1.560019310901629,0.0917622316903602,-19.484664398979465,-1.1464850966179256,0.4762443438914027,,,,,,,,,,,,,,,,,
cells,2020-23,sector,342,Basic Materials,safe,5.0,204.0,17.41964247149716,0.4514071400577809,-14.218416618821985,-0.44008983506245963,-0.36539637282440923,-6.574328633881953,-0.19781992873884516,-15.936043314752233,-0.4960893304317914,8.706781387329102,-22.92519820446287,-0.709647331823523,5.511635033181071,0.1705810762126609,0.47368421052631576,,,,,,,,,,,,,,,,,
cells,2024-26,sector,396,Basic Materials,safe,5.0,178.0,-1.139147200402553,-0.019887581254355836,-22.166263508638394,-0.4465570157844742,-0.3243659380185233,-47.830308653210906,-0.956536803718034,-19.015995277335676,-0.3932667515700375,8.698202133178711,-30.864465586775,-0.6217895203279658,13.46806143050179,0.27132459964795097,0.44191919191919193,,,,,,,,,,,,,,,,,
cells,2020-23,sector,4268,Consumer Discretionary,safe,5.0,693.0,55.396183778372176,2.3174965036802124,19.914467503156715,1.6862980552646554,1.2842465078152696,27.42757724708338,1.8178754558213899,21.025713006093966,1.9637957421851642,8.957301139831543,10.95716601575441,0.9278273642350151,-28.87176899055902,-2.4447533174766987,0.5196813495782568,,,,,,,,,,,,,,,,,
cells,2024-26,sector,3618,Consumer Discretionary,safe,5.0,503.0,23.297347612072148,1.188888624858826,1.3208532037324472,0.11791798803519772,0.09087235659451516,-20.53415704966019,-1.2581904457895008,2.365479430595916,0.23028089850058023,8.891545295715332,-7.570691747743098,-0.67590117021344,-10.212398155207998,-0.9116547242427201,0.4930901050304035,,,,,,,,,,,,,,,,,
cells,2020-23,sector,619,Consumer Staples,safe,5.0,342.0,32.790965427331265,1.3114236023180772,13.57501919979043,0.6798293579507235,0.6057959380463237,15.67834893150989,0.8011721730941536,3.4805432903928972,0.1899837080856802,8.652680397033691,4.922339105185314,0.24649981051228448,-22.227699294395546,-1.1131846925549216,0.5411954765751211,,,,,,,,,,,,,,,,,
cells,2024-26,sector,468,Consumer Staples,safe,5.0,248.0,4.6142630752671545,0.2257864559438912,-7.139234715502667,-0.2925785537350425,-0.2193323325878324,-34.24980064735733,-1.3283507088830662,3.3465059045215986,0.15654539360757977,8.516767501831055,-15.656002023763898,-0.6416784585754042,-1.3775325927585598,-0.056447669631824376,0.4893162393162393,,,,,,,,,,,,,,,,,
cells,2020-23,sector,784,Energy,safe,5.0,274.0,91.90201999063433,2.1113442260888475,77.10724042845749,2.3169671860672767,1.6753846729934945,81.17888024146413,2.2806151350195796,75.79256794878926,2.4320851765033007,8.758713722229004,68.3485265116272,2.053950414134862,-85.86595434528776,-2.5799357837101997,0.5242346938775511,,,,,,,,,,,,,,,,,
cells,2024-26,sector,731,Energy,safe,5.0,210.0,39.62476937295817,1.1351332810932713,24.969896487071896,0.8290448293536964,0.5862701901390382,-2.573995721702788,-0.08814650064065209,21.457340418740102,0.7465633405139088,8.727323532104492,16.242572233578443,0.5392731733379129,-33.69722074056535,-1.1188250353778828,0.5157318741450069,,,,,,,,,,,,,,,,,
cells,2020-23,sector,2500,Finance,safe,5.0,453.0,55.73915132912866,2.417053266263971,12.712881164131435,1.0065077369126787,0.8179264828323882,18.496713546355224,1.2485343199946437,9.670864802443777,0.8092093100055998,8.859850883483887,3.853030607076108,0.30499409332988864,-21.57273172118676,-1.7082882826003831,0.5288,,,,,,,,,,,,,,,,,
cells,2024-26,sector,2364,Finance,safe,5.0,341.0,70.06179156422482,3.1421469852958483,27.107478487369818,1.8046716799022493,1.558925289866537,15.179573196891214,0.7471910367531871,27.236806504632224,1.8944659221793874,8.832178115844727,18.27530056257031,1.2168259418650333,-35.93965641216931,-2.3923620389206683,0.5169204737732657,,,,,,,,,,,,,,,,,
cells,2020-23,sector,2252,Health Care,safe,5.0,394.0,-17.024085960058482,-0.5247230976536925,-50.64123416559115,-2.37350271023547,-1.775925520097862,-41.865717517813835,-1.9173149538664822,-41.876765853817574,-2.0737489878439574,9.060126304626465,-59.70135997929316,-2.7977444199004378,41.581108351889135,1.9491383268416822,0.45426287744227356,,,,,,,,,,,,,,,,,
cells,2024-26,sector,2023,Health Care,safe,5.0,288.0,1.526739824617553,0.054699638779917445,-16.16265052863592,-0.8055770521658647,-0.6003980640876859,-47.68844110499098,-2.1190817888776454,-18.19064294090934,-0.9425955793290693,8.919854164123535,-25.08250450151607,-1.2499249715340708,7.242796555755772,0.3610620137659591,0.5027187345526446,,,,,,,,,,,,,,,,,
cells,2020-23,sector,2719,Industrials,safe,5.0,520.0,34.99620534248613,1.4706794179904603,9.234943562081959,0.9175784455901116,0.7175650811060748,16.07116973746782,1.164175753559602,9.221365955910978,0.9501421384454599,8.9608154296875,0.2741280613895909,0.02723781734448154,-18.195759062774325,-1.8078736781851807,0.5413755057006252,,,,,,,,,,,,,,,,,
cells,2024-26,sector,2530,Industrials,safe,5.0,383.0,39.44583316121745,1.5618464087656474,24.41466147780007,1.6656709875266655,1.3037365742892384,-4.184245653001697,-0.2605859976683224,18.05838805417542,1.310807034682485,9.008533477783203,15.406127760068781,1.0510232184502022,-33.42319519553135,-2.280370310023248,0.5260869565217391,,,,,,,,,,,,,,,,,
cells,2020-23,sector,147,Miscellaneous,safe,5.0,125.0,34.179590778510764,0.41701959931565086,-28.298506272645557,-0.4084472287318726,-0.3469634118012876,-17.573454757801333,-0.24130452102772637,-1.1375393634496516,-0.017595672731197425,9.082379341125488,-37.38088580101757,-0.53953322765666,19.21612674427354,0.27735875048328856,0.46938775510204084,,,,,,,,,,,,,,,,,
cells,2024-26,sector,141,Miscellaneous,safe,5.0,96.0,24.8013613365635,0.31105046462407593,46.499309576384775,0.735010057213716,0.7572367450604074,1.0123875013312655,0.015754493395442142,42.410628110847405,0.7103574322338836,9.170805931091309,37.32850361446732,0.5899670448214874,-55.6701155383022,-0.8800920732225052,0.475177304964539,,,,,,,,,,,,,,,,,
cells,2020-23,sector,1136,Real Estate,safe,5.0,279.0,31.21918423627051,1.1712433509599276,-6.668021316175845,-0.4075019443993965,-0.31248825237346156,2.5160616869226824,0.14115407041536746,-4.0809407307134276,-0.2705430134677314,8.661173820495605,-15.329195249224572,-0.9366852989254549,-1.9931526168728793,-0.12182352095840483,0.5008802816901409,,,,,,,,,,,,,,,,,
cells,2024-26,sector,918,Real Estate,safe,5.0,199.0,35.444415315010616,1.81587216050267,-7.457101492708078,-0.35219584700519463,-0.23369733299298123,-32.19306909265674,-1.2069519766654917,-1.561929019777946,-0.08949555273112465,8.5824556350708,-16.039557191136208,-0.7573508773954492,-1.1253542057200487,-0.05316337368108364,0.5043572984749455,,,,,,,,,,,,,,,,,
cells,2020-23,sector,2955,Technology,safe,5.0,582.0,62.79227993900635,2.1800158580583515,26.14255319245818,1.3837891415528503,0.9143414707836864,30.984407389736695,1.5005998766084676,24.300490217111168,1.3847681466762134,8.926609992980957,17.215943348214637,0.9113079763274596,-35.069163036701724,-1.8562416482900292,0.5096446700507614,,,,,,,,,,,,,,,,,
cells,2024-26,sector,2631,Technology,safe,5.0,426.0,99.57911226439622,2.702064330760275,70.74805299578529,2.954769237904717,1.9208672502205573,48.9867636176713,2.018969235188998,69.05612268318366,3.2522154973187964,8.77050495147705,61.97754774086875,2.5887135819689933,-79.51855825070182,-3.320754876012087,0.5233751425313569,,,,,,,,,,,,,,,,,
cells,2020-23,sector,292,Telecommunications,safe,5.0,188.0,-18.364904234899694,-0.4881143905905364,-50.07012266734148,-1.6560272242762306,-1.547349593960422,-45.59632448048204,-1.5394010152676234,-50.35093682681755,-1.7165021429765681,8.74189281463623,-58.81201621495728,-1.9447885082696958,41.32822911972567,1.3671487226045105,0.476027397260274,,,,,,,,,,,,,,,,,
cells,2024-26,sector,220,Telecommunications,safe,5.0,140.0,149.92851408713182,3.2500006141788718,93.82352936658454,2.1816340808930104,2.4484568383634295,64.6682387317954,1.4979469838383805,90.50783115055788,2.1821315374435755,8.631597518920898,85.19193136064543,1.9810457704485924,-102.45512737252366,-2.3821940209845027,0.5636363636363636,,,,,,,,,,,,,,,,,
cells,2020-23,sector,885,Utilities,safe,5.0,267.0,-20.571976229773302,-0.9455307494165482,-35.026148087509725,-1.8203314083415416,-1.2353195808548036,-29.52026751707406,-1.661202426261572,-33.18109035708936,-1.9123239907380338,8.500839233398438,-43.52698721660529,-2.261546003052161,26.525308958414154,1.378889456540258,0.48135593220338985,,,,,,,,,,,,,,,,,
cells,2024-26,sector,767,Utilities,safe,5.0,212.0,57.556076571517714,3.0595830937735324,37.918137289109524,1.5701023078234417,1.0637995017326463,5.804737558550019,0.22937526874891145,31.253498762782435,1.332211121425326,8.495280265808105,29.422857638619075,1.2182741288320718,-46.41341693959996,-1.9219626666535914,0.5671447196870926,,,,,,,,,,,,,,,,,
cells,2020-23,size_adv,6296,T1,safe,5.0,699.0,42.33663039907031,1.7596451431657196,8.181276056010022,0.933889406481913,0.6895190492471703,15.707267837693367,1.190974963577985,11.300737107200511,1.3493425634730876,9.395633697509766,-1.2143573483359342,-0.13862929536780383,-17.576909460355978,-2.0062335013462707,0.5166772554002541,,,,,,,,,,,,,,,,,
cells,2024-26,size_adv,4994,T1,safe,5.0,482.0,12.889216702924228,0.5224510942380126,-6.298049155296454,-0.566683202301641,-0.4571113833896341,-35.32295501365524,-2.1984222774832647,-5.79055601028056,-0.5595324098922688,9.32906723022461,-15.62711612650914,-1.4060403818590164,-3.031017815916233,-0.2727327265699862,0.49038846615939125,,,,,,,,,,,,,,,,,
cells,2020-23,size_adv,6302,T2,safe,5.0,669.0,29.807760527218683,1.3973683935340935,4.688639354296674,0.6100889759616255,0.49873947900528487,8.48328886479424,0.735620713240809,4.623274157297934,0.625558624683673,8.894673347473145,-4.2060336582072875,-0.5472399156294672,-13.583312366800637,-1.7676333116762797,0.5049190733100603,,,,,,,,,,,,,,,,,
cells,2024-26,size_adv,5418,T2,safe,5.0,491.0,52.78460437350571,2.7516262854835323,28.97476599144703,3.624386205840964,3.2879746036470103,5.678948078734765,0.45690197891885237,24.662462398998105,3.086844236804036,8.879180908203125,20.095584494634803,2.5138185440011287,-37.85394748825925,-4.734844628401808,0.5188261351052049,,,,,,,,,,,,,,,,,
cells,2020-23,size_adv,6301,T3,safe,5.0,723.0,44.274470393921405,2.2071714716082376,4.8684293327833075,0.5009605332210645,0.3437765899555784,13.3088369716363,1.2879236106191445,3.72302075095494,0.42097543849080954,8.374366760253906,-3.505937210035381,-0.3607501123502493,-13.242795875601988,-1.3627191428284882,0.5105538803364545,,,,,,,,,,,,,,,,,
cells,2024-26,size_adv,6415,T3,safe,5.0,523.0,62.918571304818244,3.501545315606484,32.63292850970685,3.8684166093652284,2.8808095528759705,11.848893727175598,1.0512876946661462,33.04806154427915,4.19516565928102,8.395956039428711,24.23697225224921,2.873202063108498,-41.02888476716449,-4.863576386668287,0.5215900233826968,,,,,,,,,,,,,,,,,
cells,2020-23,market20,5008,spy20_down,safe,5.0,286.0,3.117494511574601,0.0661753945786764,-2.940676883641826,-0.24770845180354054,-0.18011947168951123,-15.431698211819464,-0.8978652467484223,-9.555606967170709,-0.8325467104541623,8.868934631347656,-11.80961213258411,-0.9945877674636644,-5.928258365300453,-0.4994658229422218,0.512979233226837,,,,,,,,,,,,,,,,,
cells,2024-26,market20,4646,spy20_down,safe,5.0,167.0,143.55521036169276,4.144851808485208,12.536216417378501,1.457018613318776,1.3485274472592255,11.866983061408877,0.7099218688944844,14.455304071196485,1.845060898977138,8.908949851989746,3.6272662822372235,0.42124549727353544,-21.445166552519773,-2.4944075371234145,0.4952647438656909,,,,,,,,,,,,,,,,,
cells,2020-23,market20,13891,spy20_up,safe,5.0,571.0,51.67093494156014,2.326146551153389,9.103736399003859,1.2017673156219784,0.8148180178322563,22.568250747615213,1.886097085359209,12.353217767589374,1.7630534533129607,8.89499568939209,0.20874013536843128,0.027550737135805935,-17.998732662639284,-2.376373286435171,0.5098984954286948,,,,,,,,,,,,,,,,,
cells,2024-26,market20,12181,spy20_up,safe,5.0,433.0,7.143983440607661,0.3535438400434967,22.7099416775912,3.091294872890547,2.39788812886029,-10.241987249904234,-0.753744162640548,20.486590317231958,2.942818022842919,8.797786712646484,13.91215472514976,1.8938595837815528,-31.507728630032652,-4.288561966281559,0.5176093916755603,,,,,,,,,,,,,,,,,
cells,2020-23,ret5,6302,T1,safe,5.0,656.0,94.6180961878558,3.0542898005776435,26.199962498711038,2.176182452048694,1.691721602728612,36.21711106798636,2.1561581228383346,8.313473059238321,0.8901058200503129,8.91334342956543,17.28661865696133,1.435890909608446,-35.11330634046074,-2.916412282135465,0.5193589336718502,,,,,,,,,,,,,,,,,
cells,2024-26,ret5,5578,T1,safe,5.0,498.0,98.45702974685582,3.273472121083359,49.29102913708311,3.43434858675729,2.4557077104425105,37.41018652338515,2.291439765464103,30.041476378652693,3.438999566402034,8.859736442565918,40.431292889706576,2.818021388347735,-58.15076538445964,-4.050246010057989,0.5240229472929365,,,,,,,,,,,,,,,,,
cells,2020-23,ret5,6295,T2,safe,5.0,671.0,17.978701677837932,1.0448424188615344,-0.711382784611072,-0.09989034855062652,-0.07698895115875308,4.297081530009859,0.5457199080955236,0.5125241361542527,0.0827535366250747,8.799875259399414,-9.511258225146436,-1.3351361183459458,-8.088492655924293,-1.1361060709901625,0.5102462271644163,,,,,,,,,,,,,,,,,
cells,2024-26,ret5,5674,T2,safe,5.0,505.0,31.776119848357883,2.0889464847020713,11.294046269839564,1.3080741393087092,1.0708777188605871,-15.924351576791503,-1.213632068635708,8.485317007898878,1.3671539405826099,8.751648902893066,2.5423968287923997,0.29439120911205907,-20.045695710886722,-2.3222227627961463,0.5063447303489602,,,,,,,,,,,,,,,,,
cells,2020-23,ret5,6302,T3,safe,5.0,634.0,3.7947001823739295,0.14055494431781151,-7.7595868855071295,-0.6437900071559862,-0.4561383470453673,-3.027092302686616,-0.18103004427741334,10.810254151314215,1.1153903656654525,8.95095443725586,-16.71054087407995,-1.3861669583250507,-1.191367103065678,-0.09886238116930889,0.5025388765471279,,,,,,,,,,,,,,,,,
cells,2024-26,ret5,5575,T3,safe,5.0,480.0,4.392350436398577,0.22057429307305193,-0.7452408989848119,-0.06314183082050008,-0.04971702686827314,-33.71172968044939,-2.0581313188811614,18.114700524849926,2.173927613253406,8.875401496887207,-9.620641343682152,-0.8151882084683417,-8.130159545712525,-0.6887874203258874,0.5040358744394619,,,,,,,,,,,,,,,,,
cells,2020-23,timing_gap(info),6809,AMC,safe,5.0,674.0,29.27374813846978,1.224084600106336,-6.89594210918956,-0.6393347494087979,-0.4375024596459548,0.16889443879025734,0.012250012629168245,-4.328948313655506,-0.4260091250408565,8.956501007080078,-15.852442040191033,-1.469559683824735,-2.060557821811911,-0.19105684344884521,0.4940519900132178,,,,,,,,,,,,,,,,,
cells,2024-26,timing_gap(info),6739,AMC,safe,5.0,489.0,48.298000749199474,2.0997193299636043,26.09286035311834,2.7806602480461553,2.094305796888686,-0.4048597361771336,-0.03176719844675225,25.088034045375572,2.8302305468602436,8.88193416595459,17.21092605335444,1.8339065196026672,-34.974794652882245,-3.727637787194856,0.508235643270515,,,,,,,,,,,,,,,,,
cells,2020-23,timing_gap(info),5481,BMO,safe,5.0,725.0,39.67165321382928,1.7527357109041284,16.196700900301153,1.9357398966584447,1.5749877394034735,19.871052367774414,1.673974287880322,16.03414172984609,2.063491970445747,8.84229564666748,7.354404992496497,0.8790214328076152,-25.03899680810581,-2.9922943349587126,0.521437693851487,,,,,,,,,,,,,,,,,
cells,2024-26,timing_gap(info),5646,BMO,safe,5.0,509.0,37.17412420440828,2.077204853133414,10.685416614821303,1.1897193000884418,1.107236532071585,-11.955990284160878,-0.8846894581763632,9.621049827115248,1.1401096821348,8.77543830871582,1.9099774590293335,0.21266773819488508,-19.46085577061327,-2.166673475344986,0.5132837407013815,,,,,,,,,,,,,,,,,
cells,2020-23,timing_gap(info),6609,amb,safe,5.0,694.0,47.905596527059856,2.337573312940629,10.578520906673537,1.2197516148311833,0.9797550773585681,19.0876662473652,1.7781798499864747,9.886026110513999,1.242852210295566,8.855588912963867,1.722931721623407,0.19863661268282196,-19.434110091723667,-2.241120492291048,0.5189892570736874,,,,,,,,,,,,,,,,,
cells,2024-26,timing_gap(info),4442,amb,safe,5.0,486.0,49.21500164869925,2.58885810263817,22.220489176707193,2.4606482341721363,1.922319737199223,0.13692650128143213,0.010457394935103547,21.008057319518834,2.4408385569883735,8.814800262451172,13.405689429781226,1.4841941172270956,-31.03528892363316,-3.43751735101553,0.5139576767221972,,,,,,,,,,,,,,,,,
coverage,2020-23,trades_gap_k1,12223,pt_net20 known 1.00; prev report 0.97,,,,,,,,,,,,,,,,,,,,,,,,,,,,,,,,,,,
coverage,2024-26,trades_gap_k1,12408,pt_net20 known 1.00; prev report 0.95,,,,,,,,,,,,,,,,,,,,,,,,,,,,,,,,,,,
cells,2020-23,all,12223,all,gap,1.0,844.0,0.13680627310338864,0.014681430159496606,-1.8116584345341868,-0.5282344563408756,-0.4434385443573299,-3.395697252460714,-0.6688211930973493,-0.9316088098199263,-0.2968441976562347,8.895313262939453,-10.706971465574547,-3.121207539717492,-7.083654596506175,-2.0658438498346716,0.5033952384848237,,,,,,,,,,,,,,,,,
cells,2024-26,all,12408,all,gap,1.0,596.0,6.275490129530842,0.8297045024002907,3.4143654082400947,0.9657830710969632,0.9595762624619512,-2.095254269852312,-0.41757208929503886,3.4481131691140177,0.9951926069483059,8.833488464355469,-5.419123076970079,-1.532582318920582,-12.24785389345027,-3.464966453872043,0.5099129593810445,,,,,,,,,,,,,,,,,
cells,2020-23,pt_net20,6436,0,gap,1.0,770.0,-9.177569351653906,-0.9193182999797052,-8.071858383762569,-1.7191955626033635,-1.487713974607587,-11.314308019540277,-1.8056708126753405,-5.8072232373764585,-1.3762870658099915,9.014117240905762,-17.085975375128868,-3.638212565725747,-0.9422586076037329,-0.20073442802035632,0.5032628962088254,,,,,,,,,,,,,,,,,
cells,2024-26,pt_net20,5226,0,gap,1.0,510.0,2.746847538013907,0.3018267318906263,0.23000712958855968,0.048342667652298776,0.04612674801299509,-5.251605293493003,-0.8244976195402591,0.8522162919091857,0.18234999116601874,9.015351295471191,-8.785343365785652,-1.8464245455302715,-9.245357624962773,-1.9432339238044962,0.5034443168771527,,,,,,,,,,,,,,,,,
cells,2020-23,pt_net20,2794,<0,gap,1.0,502.0,17.93841468532601,1.209837968946586,9.465785570709402,1.5801288291230977,1.647203516273561,11.386885369182986,1.376390246750856,7.882525566044709,1.4287864469641995,8.807391166687012,0.658395076519289,0.1099441436747412,-18.273176064899516,-3.0492647111324627,0.5110952040085899,,,,,,,,,,,,,,,,,
cells,2024-26,pt_net20,2858,<0,gap,1.0,440.0,2.7290073204897474,0.29606675178924313,-7.381496726627355,-1.2180502135895679,-1.3572711481021458,-11.809780553539039,-1.6731649308303767,-7.134044477117681,-1.2281212562800585,8.728023529052734,-16.109520248305113,-2.6586364321582248,-1.3465267950503987,-0.22216413698798812,0.49510146955913226,,,,,,,,,,,,,,,,,
cells,2020-23,pt_net20,2993,>0,gap,1.0,574.0,3.547974872230667,0.37692471481646406,1.12234367792264,0.22190037584293207,0.20990841471764296,-0.16761738207930976,-0.02851988377397135,1.3245766260598035,0.2789710978338152,8.721920013427734,-7.59957586140434,-1.5024652411220087,-9.844263217249619,-1.9463863693776862,0.4964918142332108,,,,,,,,,,,,,,,,,
cells,2024-26,pt_net20,4324,>0,gap,1.0,482.0,12.884309290378884,1.59361816036001,14.398646246742429,2.906585065095941,2.853473681679865,8.140454927262146,1.446711431370114,13.579927145340347,2.818074728031477,8.683398246765137,5.7152484181792484,1.1538714858452777,-23.082044075305603,-4.658769038721275,0.5275208140610546,,,,,,,,,,,,,,,,,
cells,2020-23,prev_beat,8382,beat,gap,1.0,792.0,-0.1747980869729778,-0.019044381648831453,-2.6796270108357607,-0.7708501986712417,-0.689217533291116,-3.9807469045899473,-0.7844304517315398,-1.4348520338837667,-0.44700011158313613,8.875725746154785,-11.555353388659471,-3.3234232310304277,-6.19609936698795,-1.7827975348950051,0.4977332378907182,,,,,,,,,,,,,,,,,
cells,2024-26,prev_beat,8285,beat,gap,1.0,564.0,6.776958647711018,0.9171870265058963,2.2632632338705827,0.5952479595422832,0.5688354693388811,-2.3984888711117085,-0.46988874102632067,2.1620856132362833,0.5808610559825788,8.80777645111084,-6.5445134765779045,-1.7203500755281427,-11.071039944319068,-2.913192982412676,0.5124924562462281,,,,,,,,,,,,,,,,,
cells,2020-23,prev_beat,545,inline,gap,1.0,292.0,-8.860215293280916,-0.6966399536396364,-12.250435919355107,-1.2351460246378299,-1.1510377790936253,-15.813872256133132,-1.5022971492860997,-12.146435462000598,-1.2684809953643288,8.737630844116211,-20.988066937603005,-2.1160083925568736,3.5128049011072076,0.35419287508629765,0.5229357798165137,,,,,,,,,,,,,,,,,
cells,2024-26,prev_beat,590,inline,gap,1.0,248.0,-1.3172824515271515,-0.10623340807248019,6.075238347963138,0.5793919149519611,0.6033467789366617,0.3318070283111052,0.030082731346368557,3.1621564627738366,0.3097837389290635,8.636191368103027,-2.560952977551611,-0.2442880990413862,-14.711429673477891,-1.402716874003864,0.5271186440677966,,,,,,,,,,,,,,,,,
cells,2020-23,prev_beat,2932,miss,gap,1.0,599.0,4.979907405929699,0.3995965165313699,3.9604357971088424,0.5413490365354537,0.4329312832092238,2.3611327306508914,0.28271331325132487,4.785375485277934,0.6937187147922527,8.95174503326416,-4.991309686957373,-0.6821184339841473,-12.912181281175057,-1.7653079828689602,0.514324693042292,,,,,,,,,,,,,,,,,
cells,2024-26,prev_beat,2949,miss,gap,1.0,445.0,7.7391981520984965,0.7511580960143656,7.558983647903246,1.2252276930614532,1.2426911593178533,0.9010008658297538,0.11963128202325837,8.091610089671093,1.3508158506279893,8.876127243041992,-1.317142861704374,-0.2135485973379123,-16.435110157510866,-2.6632550989406942,0.5049169209901662,,,,,,,,,,,,,,,,,
cells,2020-23,prev_beat,364,none,gap,1.0,230.0,-18.227831148894413,-0.7115206700241453,-12.688949509781862,-0.5968405532203923,-0.5417617208624886,-17.70128502535785,-0.7795846208183848,-18.60175365510937,-0.8944727605531606,9.127873420715332,-21.8168231780806,-1.026078393957317,3.561075841483125,0.16751577895177655,0.5164835164835165,,,,,,,,,,,,,,,,,
cells,2024-26,prev_beat,584,none,gap,1.0,223.0,-0.5591088582269654,-0.03174216580565532,-3.872471421471941,-0.24786151982629107,-0.32646681396534366,-15.375432163017917,-0.996236801450189,-1.4666465252953713,-0.0929531738585492,9.182269096374512,-13.054740461772539,-0.8354891204966466,-5.309797618828659,-0.3398901178642106,0.4811643835616438,,,,,,,,,,,,,,,,,
cells,2020-23,prev_surp,3770,T1,gap,1.0,657.0,-9.235423061527007,-0.8147619396739605,-8.498925105529215,-1.4376758581896774,-1.2387185509283307,-10.759505155790801,-1.4912529280269926,-6.593757314700899,-1.2482378299537864,8.890798568725586,-17.389723527160182,-2.940918013494034,-0.3918733161017516,-0.06630499017991257,0.49416445623342176,,,,,,,,,,,,,,,,,
cells,2024-26,prev_surp,3859,T1,gap,1.0,491.0,6.084763432740967,0.715838298562257,4.652088498452156,0.9052416475082574,0.8397944785498194,-1.6495011791425562,-0.2591766990455473,5.662064944871104,1.141172903119673,8.81698226928711,-4.164894197757661,-0.8104731238531879,-13.469071194661973,-2.6207933375176355,0.508940139932625,,,,,,,,,,,,,,,,,
cells,2020-23,prev_surp,3761,T2,gap,1.0,635.0,5.995924466582605,0.6632706651813783,-0.7944970929991576,-0.19993420333163062,-0.17573273941224146,-1.5958943463305444,-0.3070018749919579,-1.5804442018126996,-0.41199283059838265,8.821240425109863,-9.615737021432786,-2.4189428734967025,-8.026742835434472,-2.0205972250601714,0.4988035097048657,,,,,,,,,,,,,,,,,
cells,2024-26,prev_surp,4089,T2,gap,1.0,490.0,6.053397374452107,0.854981745495346,2.23427653595502,0.4840581214115058,0.4881019955585136,-1.8068552464527559,-0.31732849325431606,1.3054185983525244,0.28520991455376377,8.771501541137695,-6.537225041067634,-1.4160407789150733,-11.005778112977675,-2.384815905665193,0.5118610907312301,,,,,,,,,,,,,,,,,
cells,2020-23,prev_surp,3765,T3,gap,1.0,630.0,7.482325167959654,0.6774875916797404,6.881762986808418,1.2841714990888262,1.291260643524023,5.888539277545897,0.8605240511673612,9.241781047032369,1.822968237561474,8.973657608032227,-2.0918949088280923,-0.3903924562520705,-15.85542088244493,-2.958418381593927,0.5144754316069057,,,,,,,,,,,,,,,,,
cells,2024-26,prev_surp,3251,T3,gap,1.0,440.0,9.368270212499128,0.8585158066926283,4.280622044111937,0.664939600980298,0.6916167903789167,-1.0287005891987988,-0.13132172917997476,4.398173839557312,0.7174242421542408,8.902583122253418,-4.621960795367195,-0.7178675008522514,-13.18320488359107,-2.0480990247602695,0.5112273146724085,,,,,,,,,,,,,,,,,
cells,2020-23,prev_surp,927,none,gap,1.0,402.0,-15.352640947233814,-1.0908557965125758,-14.050364051812368,-1.2633099855262342,-1.2183082033061254,-18.45789085534751,-1.5296482770770095,-16.5909864132318,-1.5383524167917157,8.896004676818848,-22.946368130504112,-2.062829049553443,5.154359973120629,0.46351946215966516,0.5145631067961165,,,,,,,,,,,,,,,,,
cells,2024-26,prev_surp,1209,none,gap,1.0,337.0,-0.6810660750190665,-0.05904075536579993,1.1255396600398861,0.12175142194122675,0.1366297136267162,-7.361417048623437,-0.7652729505179343,1.0735812895325536,0.11427846430162361,8.910026550292969,-7.7844869240972985,-0.8424013933361459,-10.035566244177073,-1.085112058192965,0.5028949545078577,,,,,,,,,,,,,,,,,
cells,2020-23,sector,192,Basic Materials,gap,1.0,134.0,12.21520334945904,0.5240215265064627,4.1655159511216375,0.1664875006199121,0.17073024310412177,0.30333598069723816,0.011333799456055664,-7.2142730610512205,-0.2804141547085042,8.739151000976562,-4.573634996075898,-0.18278513244906644,-12.904666898319174,-0.5158128805749194,0.5104166666666666,,,,,,,,,,,,,,,,,
cells,2024-26,sector,254,Basic Materials,gap,1.0,134.0,18.439905648078287,0.6160256973607728,10.439359476914444,0.3660417316468305,0.40274495888288175,3.373465402709522,0.11518097978284912,9.281384546218106,0.3432845375309297,8.673116683959961,1.7662425826259096,0.061933872581989416,-19.11247637120297,-0.6701191026523629,0.5393700787401575,,,,,,,,,,,,,,,,,
cells,2020-23,sector,3032,Consumer Discretionary,gap,1.0,658.0,5.077683937224051,0.452277983258006,5.078785545470264,0.8003885076248418,0.8420395116093761,4.789632775209227,0.6254743199690155,5.298340757189621,0.9039273732923095,8.93978214263916,-3.860995930241797,-0.608498668394705,-14.018567021182326,-2.209136348975223,0.5164907651715039,,,,,,,,,,,,,,,,,
cells,2024-26,sector,2845,Consumer Discretionary,gap,1.0,495.0,0.05311327708815867,0.006586692686413525,-2.1643722528645304,-0.40247339626320916,-0.40947136789758665,-7.878650548860345,-1.205595255423031,-1.8343439806488135,-0.34837839900181516,8.872369766235352,-11.036742314374967,-2.0525877389627354,-6.7079978086459064,-1.2472071786086376,0.5005272407732865,,,,,,,,,,,,,,,,,
cells,2020-23,sector,425,Consumer Staples,gap,1.0,299.0,-9.438070730630383,-0.6969283968852025,-4.39583106770589,-0.3802724468272333,-0.3785209508375589,-6.059570532996015,-0.5298498354456649,-0.992870783619485,-0.09412605131760178,8.68796443939209,-13.083795780852034,-1.1315706152297014,-4.292133645440254,-0.37138739660903697,0.508235294117647,,,,,,,,,,,,,,,,,
cells,2024-26,sector,371,Consumer Staples,gap,1.0,226.0,-20.585720549654102,-1.8766221253239073,-23.179332792044395,-2.11796976574619,-2.3773486426129917,-30.42396465329303,-2.7173732240453754,-23.105147689268854,-2.1043550613589974,8.50995922088623,-31.689291256498382,-2.894782833253153,14.669374327590406,1.3407297366383757,0.4555256064690027,,,,,,,,,,,,,,,,,
cells,2020-23,sector,460,Energy,gap,1.0,214.0,-15.815939287320738,-0.7801304978266466,-1.4945817163586546,-0.09591756455995401,-0.08909270864900876,-7.58678947053493,-0.4420631008542624,-3.730667284713688,-0.24182534436255945,8.723428726196289,-10.218010184173671,-0.6558207013775443,-7.228846751456354,-0.46387655305963993,0.5021739130434782,,,,,,,,,,,,,,,,,
cells,2024-26,sector,457,Energy,gap,1.0,171.0,-6.436587936185761,-0.3404506620784966,-9.447210903367761,-0.5331340571625408,-0.5269097762445146,-15.258149914397094,-0.8571135292052657,-6.666861098654924,-0.3823360630301624,8.779535293579102,-18.226745769893686,-1.0286605269728404,0.6676760368418376,0.03767613800574363,0.4923413566739606,,,,,,,,,,,,,,,,,
cells,2020-23,sector,1447,Finance,gap,1.0,392.0,5.326769434936602,0.4399853273768626,-1.9461831394106412,-0.22592897618005073,-0.22092743793181535,-2.2120419392714665,-0.22509051466772864,-1.1279725097839406,-0.13656309184569515,8.859114646911621,-10.805297789868625,-1.2542670168978702,-6.912931511047344,-0.8025675567817354,0.5058742225293711,,,,,,,,,,,,,,,,,
cells,2024-26,sector,1589,Finance,gap,1.0,313.0,4.25025910797933,0.4510344797392068,2.6587187027951105,0.3507082071529144,0.3485353188093068,-0.051747879177250856,-0.006050524185650358,1.8754780800483721,0.25939178201403795,8.849505424499512,-6.19078746031881,-0.8163325964829058,-11.508224865909034,-1.5185484817963724,0.512271869100063,,,,,,,,,,,,,,,,,
cells,2020-23,sector,1509,Health Care,gap,1.0,354.0,-6.669470883732998,-0.3944440212680687,-6.063819426021911,-0.4777763932432809,-0.45061324559959093,-10.14468876322537,-0.7672750699314139,-1.8699549843384302,-0.15762631088758602,9.053445816040039,-15.117265144892723,-1.1910225657298943,-2.989626292848906,-0.23557301743408887,0.48575215374420144,,,,,,,,,,,,,,,,,
cells,2024-26,sector,1585,Health Care,gap,1.0,290.0,8.360562422058235,0.6698803039669449,5.284185843121701,0.4875679346497454,0.5204990688154377,-0.3520675367215826,-0.030008710181997505,6.897916899157494,0.6373157772696608,8.916657447814941,-3.632472456635988,-0.3352426420923869,-14.20084414287939,-1.3099950682521353,0.5059936908517351,,,,,,,,,,,,,,,,,
cells,2020-23,sector,1728,Industrials,gap,1.0,441.0,0.03561508877253012,0.003264382149081583,-6.703470995182505,-1.1622251056046744,-1.313571412357053,-7.366722577616438,-1.015715943705569,-4.829322405437577,-0.8664798403897784,8.94580364227295,-15.649274581169184,-2.7125683430187673,-2.2423325908041756,-0.38885720486463843,0.5052083333333334,,,,,,,,,,,,,,,,,
cells,2024-26,sector,1914,Industrials,gap,1.0,353.0,0.1889775048673413,0.01396442989057674,-1.6193382386047637,-0.18697396254114526,-0.22447950145476347,-9.311869606777524,-0.9362236386402301,-3.3126912947080798,-0.39570791131174926,8.980613708496094,-10.599952262180814,-1.2242385054599545,-7.361275784971285,-0.8497186513706002,0.5015673981191222,,,,,,,,,,,,,,,,,
cells,2020-23,sector,108,Miscellaneous,gap,1.0,94.0,-77.33265418961791,-1.6330825041159467,-42.049453544857776,-1.0578028758026814,-1.0506303723599681,-49.5861376292075,-1.1918678403252003,-44.402733335094354,-1.1034593302101479,9.081710815429688,-51.13116429679367,-1.2863419269068763,32.96774279292187,0.8292890536436103,0.4166666666666667,,,,,,,,,,,,,,,,,
cells,2024-26,sector,115,Miscellaneous,gap,1.0,83.0,-25.93060983239933,-0.6608681897242507,-25.332430011625195,-0.7917823007192553,-1.079804996733766,-32.54160623275246,-0.9499248977261575,-14.322093945767541,-0.4587568662477334,9.180560111999512,-34.512990254009864,-1.0789809178632237,16.15186976924053,0.5047170249087801,0.4782608695652174,,,,,,,,,,,,,,,,,
cells,2020-23,sector,526,Real Estate,gap,1.0,200.0,-11.370253717686758,-0.7016028612620331,-8.383081455027002,-0.7453455227306147,-0.9062331902791121,-6.453080176796859,-0.49735780322054424,-7.558706004890691,-0.7349487295085714,8.684935569763184,-17.068017150837434,-1.517146671660894,-0.30185424078343376,-0.026844702334100645,0.4866920152091255,,,,,,,,,,,,,,,,,
cells,2024-26,sector,525,Real Estate,gap,1.0,170.0,11.013482095791813,1.0986166718918904,7.10017761941448,0.6456627279937961,0.8778996029996532,-2.648224139607827,-0.2274239929585372,5.225251059956865,0.5822737855314603,8.608911514282227,-1.5087342810561746,-0.13720066804651848,-15.709089519885136,-1.4284944126809294,0.5561904761904762,,,,,,,,,,,,,,,,,
cells,2020-23,sector,2257,Technology,gap,1.0,578.0,10.714422329386723,0.8462584193332341,3.745197758160426,0.4317542819288491,0.40519027438625743,1.4662270432567521,0.15415185362509903,3.7290768130657383,0.47335009614736645,8.90900707244873,-5.163809292974345,-0.5952282781606265,-12.654204809295202,-1.4589587398786272,0.5170580416482056,,,,,,,,,,,,,,,,,
cells,2024-26,sector,2175,Technology,gap,1.0,413.0,23.624286199150447,1.7741724527683798,17.51379880167349,1.7500019900737054,1.8033955786430893,14.729386933254327,1.428606977124949,17.81608140718831,1.8382232791053543,8.756583213806152,8.757216277624106,0.8750024231985662,-26.270381325722877,-2.625053296722733,0.5264367816091954,,,,,,,,,,,,,,,,,
cells,2020-23,sector,198,Telecommunications,gap,1.0,150.0,-18.05835036386008,-0.7966504893014826,-14.621759919366752,-0.8230716057880363,-0.7567586302874737,-20.50327394728546,-1.1060964318794073,-20.879083832224545,-1.2300617212342924,8.698439598083496,-23.3201996523274,-1.3137210409657614,5.923320186406113,0.333166821720714,0.46464646464646464,,,,,,,,,,,,,,,,,
cells,2024-26,sector,162,Telecommunications,gap,1.0,113.0,3.7835323528969513,0.1834822394603969,-1.434721066988779,-0.0773154235717655,-0.08815936850175513,-3.9995709417663514,-0.2132203135563743,-1.1877892244046688,-0.06895540807726862,8.687189102172852,-10.121910140049179,-0.5455614007020555,-7.252468006071618,-0.39074632838597256,0.4876543209876543,,,,,,,,,,,,,,,,,
cells,2020-23,sector,341,Utilities,gap,1.0,178.0,-25.693624432639176,-1.3449776473610182,-25.93476463392248,-1.5898155229281452,-1.4888247933531558,-27.21970815469357,-1.640994108574619,-19.47358356723023,-1.2958759541108507,8.565268516540527,-34.50003343036504,-2.1140097057074105,17.36949583747992,1.0651901852849643,0.4222873900293255,,,,,,,,,,,,,,,,,
cells,2024-26,sector,405,Utilities,gap,1.0,160.0,22.732807803044107,1.8471215006424802,26.499506872093036,1.8196178056409866,1.67938691287106,15.286489985916317,1.0679321688500862,23.84018716099001,1.8047281378161297,8.56052017211914,17.938986301160874,1.231320592893208,-35.0600274430252,-2.40836604678951,0.5456790123456791,,,,,,,,,,,,,,,,,
cells,2020-23,size_adv,4075,T1,gap,1.0,643.0,-5.8730563720004545,-0.5291824283416586,-4.928210247072259,-1.0334422161288948,-0.878157261074076,-7.783341956198138,-1.1679261506850525,-4.17256463907605,-0.9061197559201959,9.400529861450195,-14.328740012590515,-3.004720553688949,-4.472319518445998,-0.9378341372679773,0.4988957055214724,,,,,,,,,,,,,,,,,
cells,2024-26,size_adv,3679,T1,gap,1.0,439.0,6.191362220346999,0.6925661457743532,3.659453407482062,0.7017939902589466,0.7858340068864647,-1.8063670210739475,-0.2621887645612999,4.204309104886431,0.8260962790035539,9.328497886657715,-5.669044680896224,-1.087035015025296,-12.987951495860349,-2.4910860737371316,0.5039412883935852,,,,,,,,,,,,,,,,,
cells,2020-23,size_adv,4073,T2,gap,1.0,625.0,1.8905109788290941,0.18291660415680894,0.5703399301452791,0.10665906362103786,0.10215230038133424,-1.2007121488487087,-0.17814239120856737,1.679903355251806,0.3355654812534285,8.906576156616211,-8.336236471290324,-1.5587416570025951,-9.476916331580883,-1.7725066670932832,0.5094524920206236,,,,,,,,,,,,,,,,,
cells,2024-26,size_adv,4104,T2,gap,1.0,477.0,2.252382966247923,0.2555247529888524,-2.1379744116584884,-0.4079991862775061,-0.3966477620341751,-8.225720687957628,-1.2754299997858565,-3.0671147592881955,-0.5894996816215241,8.877148628234863,-11.015123516665154,-2.1024884266395767,-6.739174693348176,-1.285800699606577,0.506578947368421,,,,,,,,,,,,,,,,,
cells,2020-23,size_adv,4075,T3,gap,1.0,698.0,4.3938249264475235,0.47818884016234703,-1.0759359077235888,-0.23099687914922584,-0.21890598480562004,-1.2019603590329182,-0.22627091183202014,-0.30088342187353667,-0.07063405720812692,8.378838539123535,-9.45477436192536,-2.029938528671387,-7.302902546478184,-1.5678405619712508,0.501840490797546,,,,,,,,,,,,,,,,,
cells,2024-26,size_adv,4625,T3,gap,1.0,519.0,9.912320048666075,1.2803217184549063,8.146284083192004,1.7860291892127802,1.7393552640784635,3.1148252959095535,0.5835641945998309,8.627886265428824,1.9341859988025343,8.400985717773438,-0.2547020206775663,-0.05583187316801668,-16.547270187061578,-3.6285424375855686,0.5176216216216216,,,,,,,,,,,,,,,,,
cells,2020-23,market20,3435,spy20_down,gap,1.0,285.0,-9.268990412334444,-0.45329619118521797,-4.254754059067031,-0.619858680547436,-0.5287476963615428,-9.1241272875448,-0.9256827265208505,-4.015683026306033,-0.6463325253895181,8.882196426391602,-13.136950956062572,-1.9132057472084032,-4.627442837928509,-0.6743844343917837,0.5179039301310043,,,,,,,,,,,,,,,,,
cells,2024-26,market20,3551,spy20_down,gap,1.0,158.0,17.139184015112583,1.1555871721411912,3.7832763270587146,0.7173501977916165,0.6105654520409111,4.368837334883521,0.49653485065872893,3.896121901446428,0.7476358187359385,8.898375511169434,-5.11509896985486,-0.9697487703345982,-12.681651623972291,-2.4048548130005654,0.5018304702900591,,,,,,,,,,,,,,,,,
cells,2020-23,market20,8788,spy20_up,gap,1.0,559.0,3.8132868846735914,0.37296782346396756,-0.8567160733290973,-0.21685834299861628,-0.19292071272986733,-1.1566033550422108,-0.1954984240329029,0.2738753656044885,0.07533484108107096,8.900439262390137,-9.757155859085428,-2.469415922431511,-8.043723712427237,-2.036381251662872,0.49772416932180247,,,,,,,,,,,,,,,,,
cells,2024-26,market20,8857,spy20_up,gap,1.0,438.0,1.9199547351872948,0.2191232801265788,3.2664594950951336,0.7289529035468852,0.7838950907788208,-4.686875505983839,-0.7749267398280666,3.268494900116345,0.7455663093888993,8.807473182678223,-5.541014191835851,-1.2362580570313466,-12.07393318202612,-2.695062942403878,0.5131534379586767,,,,,,,,,,,,,,,,,
cells,2020-23,ret5,4075,T1,gap,1.0,584.0,-6.25183916247048,-0.4386441968820761,-6.289699720240374,-0.8522373016847533,-0.7262112092172556,-9.396092179447782,-0.9694684789624316,-3.296768386454864,-0.6035604603795455,8.917549133300781,-15.20724853965688,-2.0595259783328848,-2.627849099176132,-0.3562403887271302,0.4986503067484663,,,,,,,,,,,,,,,,,
cells,2024-26,ret5,3972,T1,gap,1.0,475.0,22.873520524111047,1.78547788898595,13.428856050170541,1.9766318346423086,1.8409388265991442,13.983251248118354,1.6240673959313827,11.880870019911546,2.1293294687955147,8.872268676757812,4.55658749623945,0.6708283378481739,-22.301124604101624,-3.2819082663208023,0.5279456193353474,,,,,,,,,,,,,,,,,
cells,2020-23,ret5,4073,T2,gap,1.0,650.0,7.520569685316723,0.7999539165944185,1.9992632754388915,0.4867225966393876,0.42246032747093815,1.8468654893478593,0.3389103052308085,3.234382146976738,0.8487147653862566,8.810873985290527,-6.811610444239032,-1.6585909814896158,-10.810136995116814,-2.631237105429914,0.5101890498404125,,,,,,,,,,,,,,,,,
cells,2024-26,ret5,4347,T2,gap,1.0,481.0,1.225959623796728,0.19148682421072627,-0.2653782788491578,-0.05787543079369939,-0.05846851012093935,-6.671983753943167,-1.2468945166658947,-1.6775460651683123,-0.399417274391484,8.743849754333496,-9.009227782361224,-1.964378139469,-8.478471224662906,-1.8494130262905955,0.5086266390614217,,,,,,,,,,,,,,,,,
cells,2020-23,ret5,4075,T3,gap,1.0,609.0,-0.8546877705730288,-0.07739567075520887,-1.1426684677777739,-0.21218948138346438,-0.2013458412187971,-2.6352920303537273,-0.4166442077480688,-2.730395531843349,-0.5255829633929158,8.957475662231445,-10.100143579197622,-1.876212596951379,-7.814806643642074,-1.4506616607122136,0.5013496932515338,,,,,,,,,,,,,,,,,
cells,2024-26,ret5,4089,T3,gap,1.0,463.0,-4.47947871831616,-0.49418423696672137,-2.4016558737287905,-0.37650681792518725,-0.41578931735283564,-12.848196517354523,-1.7462874725242492,0.7057141669270541,0.141999576623567,8.89111328125,-11.292768770893526,-1.7697401043717527,-6.489457023435944,-1.017698368926066,0.4937637564196625,,,,,,,,,,,,,,,,,
cells,2020-23,timing_gap(info),6775,AMC,gap,1.0,675.0,-9.287047587642384,-0.8565384926409128,-7.398844693452507,-1.474382732270998,-1.3943111379196755,-10.934862152113563,-1.6635101466883444,-6.506141478858052,-1.4176731593961647,8.947881698608398,-16.346726944372993,-3.2574820791749723,-1.5490375574679789,-0.3086746281953001,0.49372693726937267,,,,,,,,,,,,,,,,,
cells,2024-26,timing_gap(info),6733,AMC,gap,1.0,494.0,-0.33646526426843487,-0.03699214902764454,-0.9185798188064642,-0.18705273865234434,-0.17289987625552555,-6.744528859318347,-1.0148817814866267,-0.026349766984005454,-0.005463026658330796,8.880426406860352,-9.799005920177795,-1.9952168519145081,-7.96184628256487,-1.6214238828808705,0.5046784494281895,,,,,,,,,,,,,,,,,
cells,2020-23,timing_gap(info),5448,BMO,gap,1.0,727.0,11.856081219240059,1.2308118348301191,5.13643020426384,1.3181984238462408,1.11834538790226,5.97982444268393,1.1149023524016928,6.00074413304595,1.6491902320035727,8.829938888549805,-3.6935090263565757,-0.9477523641611875,-13.966369434884255,-3.5847606494501045,0.5154185022026432,,,,,,,,,,,,,,,,,
cells,2024-26,timing_gap(info),5675,BMO,gap,1.0,518.0,14.12012372714327,1.8505877882423463,8.555109058232071,2.3506295702024116,2.395930357820115,3.4207925690683627,0.7373474319308213,7.570326199730405,2.0782671839257225,8.777799606323242,-0.2226911503943014,-0.061175829250417785,-17.332909266858447,-4.7632664711969435,0.5161233480176212,,,,,,,,,,,,,,,,,
coverage,2020-23,trades_gap_k3,12226,pt_net20 known 1.00; prev report 0.97,,,,,,,,,,,,,,,,,,,,,,,,,,,,,,,,,,,
coverage,2024-26,trades_gap_k3,12389,pt_net20 known 1.00; prev report 0.95,,,,,,,,,,,,,,,,,,,,,,,,,,,,,,,,,,,
cells,2020-23,all,12226,all,gap,3.0,841.0,20.08969607231064,1.1579223005321753,0.9111221861172034,0.14859811299510547,0.1060808340946638,4.795520974376137,0.538261150654316,2.3912423388117725,0.42680713307398,8.899616241455078,-7.988493666326278,-1.3027442061693304,-9.810738038560686,-1.6002182186927323,0.5035170947161787,,,,,,,,,,,,,,,,,
cells,2024-26,all,12389,all,gap,3.0,593.0,28.80108765179777,2.055049583948436,11.313376862319336,2.0258354854515512,1.7806982857239206,-2.4867392335996263,-0.2982556932766969,10.888834401510902,2.0790831638344285,8.834319114685059,2.479057634047728,0.44379922929041055,-20.147696090590944,-3.6086696778529688,0.5121478731132456,,,,,,,,,,,,,,,,,
cells,2020-23,pt_net20,6560,0,gap,3.0,783.0,4.665750827827505,0.25153841213057415,-9.470142328463773,-1.1615627674801736,-0.8399119908780587,-8.505265112938055,-0.7900628425101279,-7.542720779341763,-1.0150178844295228,9.009379386901855,-18.479521978171796,-2.266301361089728,0.46076267875574883,0.056522520447085646,0.4971036585365854,,,,,,,,,,,,,,,,,
cells,2024-26,pt_net20,5174,0,gap,3.0,513.0,17.27980775884297,1.0235574712663287,3.1909231841570396,0.39691502922053856,0.33815861599504615,-10.408966405217004,-0.9819537352141552,1.2544436115685598,0.1632258936670544,9.018505096435547,-5.827581980613358,-0.7247599166862155,-12.209428348927434,-1.5189745495007396,0.5040587553150367,,,,,,,,,,,,,,,,,
cells,2020-23,pt_net20,2758,<0,gap,3.0,488.0,51.03401126833018,1.8133886814626452,10.987883119851439,0.9117348023744037,0.6988597017885417,23.314964883376536,1.4338836407754385,16.241131070821115,1.4079775401808556,8.811932563781738,2.1759508073383715,0.180591448054591,-19.799815432364507,-1.6425582066064688,0.5145032632342277,,,,,,,,,,,,,,,,,
cells,2024-26,pt_net20,2888,<0,gap,3.0,438.0,26.628427780660523,1.6373118938422475,1.0991527682140312,0.10550129880657397,0.11886452871031122,-11.073163290564661,-0.8736671566043087,2.8893930222584223,0.29287597001152404,8.726637840270996,-7.627485039070153,-0.7322332146314731,-9.825790575498214,-0.9429673976042767,0.5076177285318559,,,,,,,,,,,,,,,,,
cells,2020-23,pt_net20,2908,>0,gap,3.0,558.0,25.535589983310494,1.544476599181059,14.772672585158546,1.769966090385201,1.5477238018335795,17.235868440592782,1.8842229306899094,11.665246785925053,1.4921159885823256,8.735166549682617,6.037506288054578,0.7234071950585137,-23.50783888226251,-2.816422681783421,0.5075653370013755,,,,,,,,,,,,,,,,,
cells,2024-26,pt_net20,4327,>0,gap,3.0,473.0,44.02774442877775,2.886090577473737,27.843132932249503,3.2915330465428547,3.0388156883113955,12.717142454050784,1.283048573165338,27.748257708754448,3.5008013568790557,8.685949325561523,19.157183034144996,2.2646486211583734,-36.52908283035401,-4.318456891674112,0.524844002773284,,,,,,,,,,,,,,,,,
cells,2020-23,prev_beat,8382,beat,gap,3.0,793.0,18.329810731243,1.0719633315984798,-3.4287090824345876,-0.5738701578477574,-0.454773757351466,0.8762548287088826,0.1034139963177891,-2.1155108693479923,-0.3852620388564375,8.879739761352539,-12.308449022643279,-2.059898150314438,-5.451030857774108,-0.9124317289547046,0.5013123359580053,,,,,,,,,,,,,,,,,
cells,2024-26,prev_beat,8270,beat,gap,3.0,562.0,31.196498864440862,2.336670847239771,11.7010999635382,2.116485586633457,2.153652713587509,-1.178211407083119,-0.1449575394029704,11.66732417746122,2.1914406350110536,8.807336807250977,2.893763560996994,0.5231896253958225,-20.508436366079405,-3.7111725570243688,0.5189842805320435,,,,,,,,,,,,,,,,,
cells,2020-23,prev_beat,547,inline,gap,3.0,294.0,29.766854461821733,1.1797569788938027,11.531136014917598,0.615192428400384,0.5809941443463783,15.432507006587217,0.7455461497750583,7.893239600931792,0.4449155391998033,8.74172306060791,2.7894127284307624,0.14882017800483915,-20.27285930140443,-1.0815410266503767,0.5228519195612431,,,,,,,,,,,,,,,,,
cells,2024-26,prev_beat,596,inline,gap,3.0,247.0,6.738167118585331,0.2605644714361134,2.7829907093096664,0.143674559907746,0.13960431560330128,-8.002967425712932,-0.3598731502798545,-0.08114211963615345,-0.0042595928683737795,8.646702766418457,-5.863712405729705,-0.30278434931628895,-11.429693824349044,-0.5899421199756774,0.4966442953020134,,,,,,,,,,,,,,,,,
cells,2020-23,prev_beat,2936,miss,gap,3.0,598.0,29.408263918283048,1.2949891085541279,16.60800055622284,1.3323375272801323,1.0123609914584986,19.819519091815383,1.3408407771716673,19.5732565437551,1.6409791423345355,8.956148147583008,7.651851589165737,0.6138030365628485,-25.564149523279944,-2.0509814344206636,0.5085149863760218,,,,,,,,,,,,,,,,,
cells,2024-26,prev_beat,2942,miss,gap,3.0,445.0,30.029119736004265,1.630464473824463,15.921910771499999,1.4946805043736533,1.2694516219323395,1.4546441386283753,0.11784354769447938,15.294351030289587,1.5425845974458314,8.877190589904785,7.044720628950405,0.6613835504552107,-24.799100914049582,-2.3278319223381163,0.5037389530931339,,,,,,,,,,,,,,,,,
cells,2020-23,prev_beat,361,none,gap,3.0,229.0,-29.49856405513687,-0.7359515714955513,-42.07701289970791,-1.2811158062007368,-1.1994202788539658,-42.51085298528639,-1.2244092656375865,-41.04471560384232,-1.2801399170139625,9.140573501586914,-51.21758693892335,-1.559173796265922,32.936438860492466,1.002968533793338,0.48476454293628807,,,,,,,,,,,,,,,,,
cells,2024-26,prev_beat,581,none,gap,3.0,222.0,11.118780453003808,0.2736816173505759,-8.791040798086463,-0.2839404873095496,-0.24017663720363083,-35.411701374540684,-1.0498306590445745,-11.247197203260857,-0.37310906861508675,9.193770408630371,-17.984810873984607,-0.5806468168433897,-0.40272927781168416,-0.01301304172290737,0.47332185886402756,,,,,,,,,,,,,,,,,
cells,2020-23,prev_surp,3778,T1,gap,3.0,656.0,-1.594263206994398,-0.07589421043881649,-14.421068671857709,-1.4476234260904994,-1.1044503098809928,-11.68314333390765,-0.9407949546492348,-12.270566940618037,-1.3516954072832537,8.898112297058105,-23.319180888692408,-2.3406180646063914,5.522956455023015,0.5544590655631993,0.486500794070937,,,,,,,,,,,,,,,,,
cells,2024-26,prev_surp,3858,T1,gap,3.0,492.0,30.16237158195412,2.0571949444266675,13.266247724076552,1.6204862352851062,1.3724812832531084,-0.5402959752556858,-0.05288324305854237,14.336515600446242,1.8282251178169442,8.81930160522461,4.4469468754938415,0.5431347590185753,-22.08554857265926,-2.6980848673956452,0.5134784862623121,,,,,,,,,,,,,,,,,
cells,2020-23,prev_surp,3755,T2,gap,3.0,636.0,35.532681001660904,2.131667523522982,8.558117287980599,1.3635610868277181,1.2370589418722484,14.288066509312557,1.68283291318655,9.894780963854407,1.6133954874252754,8.822836875915527,-0.264720060621439,-0.0421646564686385,-17.380954636582636,-2.7701432819196783,0.5201065246338216,,,,,,,,,,,,,,,,,
cells,2024-26,prev_surp,4065,T2,gap,3.0,488.0,21.18197208428067,1.813360154644442,7.770812266790844,1.0752052133854608,1.0772332297541674,-5.60348716304373,-0.590797426454032,7.667736218023547,1.1380286316386798,8.766756057739258,-0.9959446427190862,-0.1377694146379726,-16.537569176300774,-2.2887696381642924,0.5119311193111931,,,,,,,,,,,,,,,,,
cells,2020-23,prev_surp,3766,T3,gap,3.0,630.0,31.160094462887006,1.5478408245893398,11.36013406349849,1.1853233375006396,0.97357614829358,15.283791847873049,1.2655052618039164,12.666749815708187,1.3813509746083712,8.976885795593262,2.383247930318847,0.24869531539687267,-20.337020196678136,-2.121752168186089,0.5042485395645246,,,,,,,,,,,,,,,,,
cells,2024-26,prev_surp,3254,T3,gap,3.0,440.0,42.410803526755835,2.0028188048179434,17.282779803636725,1.5869680556272323,1.436140775802768,4.867901165194628,0.38656585896995294,15.312030184856287,1.5853483701336188,8.905303001403809,8.377475948409028,0.7691498404752749,-26.18808365886442,-2.4049950029358644,0.5196681007990166,,,,,,,,,,,,,,,,,
cells,2020-23,prev_surp,927,none,gap,3.0,403.0,0.9337838917212885,0.03911623874770428,-10.027851143209388,-0.5697623362188974,-0.5333348960224933,-9.106251233368747,-0.4649629401031767,-9.993906784533602,-0.5885511354678593,8.90283489227295,-18.93068613265635,-1.075415802268994,1.1250161537624181,0.06393217546321772,0.5026968716289104,,,,,,,,,,,,,,,,,
cells,2024-26,prev_surp,1212,none,gap,3.0,338.0,13.482486927623047,0.5214376307227809,0.9519182196767431,0.05367369776395642,0.046153362282358126,-17.975021094306832,-0.8940460088400898,-1.157757206263289,-0.06647394501762104,8.918145179748535,-7.966227542003172,-0.44914465388299646,-9.870063981356656,-0.5565559596472981,0.4884488448844885,,,,,,,,,,,,,,,,,
cells,2020-23,sector,192,Basic Materials,gap,3.0,133.0,53.21574924447043,1.3378844153595217,41.58105995314553,1.2074549597045037,1.1233966146438554,43.3092325869727,1.233497751055992,39.22041343856466,1.1862318972985302,8.739189147949219,32.84187081323382,0.9537314834095438,-50.32024909305724,-1.4611500696049098,0.5,,,,,,,,,,,,,,,,,
cells,2024-26,sector,260,Basic Materials,gap,3.0,137.0,-11.389672702184306,-0.21558146586843036,-32.65403577751357,-0.6801056041446176,-0.6074175225656204,-45.73083574114345,-0.9176400332801977,-20.180552648991075,-0.43640454164821396,8.690345764160156,-41.344381402441,-0.8610989869727042,23.963690152586135,0.49910955072850977,0.4846153846153846,,,,,,,,,,,,,,,,,
cells,2020-23,sector,3022,Consumer Discretionary,gap,3.0,659.0,33.29394717590132,1.6279685741589873,18.118107296233944,1.7398854292695825,1.4092567572931078,21.991813512529326,1.686597545974188,19.754670584646576,1.9735198400075369,8.941544532775879,9.176563193105952,0.8812089845239681,-27.059651399361933,-2.5985907362795553,0.5238252812706816,,,,,,,,,,,,,,,,,
cells,2024-26,sector,2830,Consumer Discretionary,gap,3.0,492.0,24.118552495576868,1.5159787240260536,7.186122481858596,0.740935980601691,0.6457602673205656,-5.07635360475665,-0.40176442902350223,6.902414896487923,0.7452120498736655,8.870476722717285,-1.6843548342543244,-0.17365797282827777,-16.056599797971515,-1.6556302491009989,0.5098939929328622,,,,,,,,,,,,,,,,,
cells,2020-23,sector,425,Consumer Staples,gap,3.0,298.0,-7.51845090514263,-0.3012951839512294,-8.932626788091397,-0.4288410505887303,-0.4131998779863106,-15.615662161138884,-0.7604556879499237,-9.7190210323356,-0.5019111098271478,8.685555458068848,-17.618182425850723,-0.8455745666380733,0.24707115033207425,0.011864892483345066,0.5011764705882353,,,,,,,,,,,,,,,,,
cells,2024-26,sector,369,Consumer Staples,gap,3.0,226.0,-6.269186324106507,-0.36887199904448303,-12.3786854623101,-0.6690942011757157,-0.5513762541413618,-29.75221273812369,-1.596497610915097,-7.287803380251909,-0.41033705874024734,8.508448600769043,-20.887133685047996,-1.1289097077740253,3.870237239572209,0.20920932003404616,0.46883468834688347,,,,,,,,,,,,,,,,,
cells,2020-23,sector,464,Energy,gap,3.0,214.0,13.955904259416293,0.34834535914875864,32.73725187658805,0.9815436203259191,0.7939557600992357,27.122487097781683,0.7736848625082239,33.58269764000514,1.0247194945927764,8.738837242126465,23.998414304153172,0.7195984536397272,-41.476089449022915,-1.243437133548089,0.5323275862068966,,,,,,,,,,,,,,,,,
cells,2024-26,sector,456,Energy,gap,3.0,171.0,-16.663677983810462,-0.45094318859040444,-35.15932846079363,-0.8419888191988663,-0.8217274625000794,-48.42782671576623,-1.2068996050890035,-34.31949940557439,-0.8646801603885346,8.776799201965332,-43.93612809961461,-1.0521918170200117,26.382528821972656,0.6317924219524707,0.4758771929824561,,,,,,,,,,,,,,,,,
cells,2020-23,sector,1458,Finance,gap,3.0,390.0,20.379530730887804,0.964315738482209,-4.936704857535278,-0.3943494053404591,-0.33179133563558993,0.4701184890823827,0.03177057691173725,-5.311834448705217,-0.443485485898066,8.874014854431152,-13.810719744627873,-1.1030500338063003,-3.9373100295573202,-0.3145623868014383,0.5089163237311386,,,,,,,,,,,,,,,,,
cells,2024-26,sector,1582,Finance,gap,3.0,314.0,40.27686501462399,2.2394622521959784,25.811139641735235,1.854628991636817,1.6169556375135514,16.85377608627751,1.0299966616359153,24.312804843896707,1.907810156879418,8.851348876953125,16.959791142221494,1.2183508589970684,-34.662488141248986,-2.491184467129117,0.5366624525916561,,,,,,,,,,,,,,,,,
cells,2020-23,sector,1506,Health Care,gap,3.0,353.0,-23.65427245959043,-0.798954917760995,-37.06752158279947,-1.9279100171602468,-1.591778358110555,-37.40747508120135,-1.7766510704165275,-31.570187467269005,-1.7514962889165575,9.056479454040527,-46.12400155144334,-2.3989972021420733,28.0110416141556,1.4568414668158887,0.47941567065073043,,,,,,,,,,,,,,,,,
cells,2024-26,sector,1597,Health Care,gap,3.0,291.0,19.711847566935546,0.8863551677168992,-0.770009009791244,-0.04565960171184747,-0.03481516264843586,-15.225220203143143,-0.8371741426891646,0.8710209046852515,0.05306538563218702,8.92451286315918,-9.694522473198614,-0.5748679449901678,-8.154504453616124,-0.4835348779353973,0.504070131496556,,,,,,,,,,,,,,,,,
cells,2020-23,sector,1730,Industrials,gap,3.0,438.0,23.66387203702944,1.22333006459104,-2.2722674979505313,-0.24994988010220406,-0.22456023718129658,5.5127885662843745,0.46931144107230827,-3.903988452906774,-0.44597511570815823,8.950566291809082,-11.222832797279294,-1.2342842878734739,-6.678297801378232,-0.7347476853270055,0.5028901734104047,,,,,,,,,,,,,,,,,
cells,2024-26,sector,1915,Industrials,gap,3.0,352.0,11.062683550378337,0.5325875627309333,-3.8884944509013883,-0.2972648892771518,-0.25153264218972027,-21.861938834918575,-1.5507283434735308,-4.739757088214647,-0.4053487553385772,8.982357025146484,-12.870851766440575,-0.9839062805997508,-5.093862864637795,-0.3894248912319895,0.49869451697127937,,,,,,,,,,,,,,,,,
cells,2020-23,sector,108,Miscellaneous,gap,3.0,93.0,20.514272674783427,0.25694245915665914,11.043738693634907,0.1670148600829776,0.16880061013601458,14.620367368666992,0.2133666562666929,16.87451834914174,0.26781608240188515,9.087507247924805,1.956231040748628,0.029583435744149122,-20.131246346521188,-0.30445262277448387,0.42592592592592593,,,,,,,,,,,,,,,,,
cells,2024-26,sector,112,Miscellaneous,gap,3.0,81.0,8.459805538406481,0.12721328612237928,9.31201429236032,0.1816443725207724,0.1542928668600019,-7.5879411507174686,-0.14275958168373343,-6.141741606766393,-0.11714859301615789,9.142955780029297,0.16905837027938497,0.0032974727434950217,-18.454970214441246,-0.3600185771738843,0.5178571428571429,,,,,,,,,,,,,,,,,
cells,2020-23,sector,532,Real Estate,gap,3.0,199.0,-17.139908113533913,-0.7140264505549772,-23.762823653181194,-1.2525224558823576,-1.0973235330476565,-16.874775401526907,-0.8912945897952477,-22.56498102887073,-1.2895624253813218,8.693058967590332,-32.45588257548509,-1.7100752762158646,15.069764730877298,0.7946190435008962,0.4868421052631579,,,,,,,,,,,,,,,,,
cells,2024-26,sector,530,Real Estate,gap,3.0,171.0,32.6193345547609,1.980457038581658,12.01958519580316,0.6777614487321142,0.4380142880218167,-7.52957341954961,-0.37228094092262115,16.933489771971114,1.1003920777807012,8.614363670349121,3.405221080527857,0.19197497177089104,-20.633949311078464,-1.163742983185431,0.5207547169811321,,,,,,,,,,,,,,,,,
cells,2020-23,sector,2253,Technology,gap,3.0,578.0,51.95420214653649,2.139969387528778,18.96499880819114,1.1978882504002708,0.8799248531270876,24.125855195665117,1.3947713550275274,20.79218701336748,1.4400302042757505,8.911516189575195,10.053482451591325,0.6349918538546047,-27.87651516479096,-1.7608126225959289,0.5077674212161563,,,,,,,,,,,,,,,,,
cells,2024-26,sector,2163,Technology,gap,3.0,414.0,68.5590424700489,2.608259613614956,47.28574287630625,2.615442139329784,1.962276829308582,36.070450404803324,1.8822048652955716,44.10440764045727,2.842779786855699,8.754563331604004,38.53117925666179,2.131264539292277,-56.040306495950716,-3.0995938905808913,0.5242718446601942,,,,,,,,,,,,,,,,,
cells,2020-23,sector,198,Telecommunications,gap,3.0,150.0,-26.385117426103488,-0.6681925504690611,-56.20240361604031,-1.8397324904756085,-1.8479471031312573,-43.933246656040836,-1.3614882817095866,-47.67821282661138,-1.6336704014986005,8.695772171020508,-64.89817597118046,-2.124888468627192,47.50663126090015,1.5547023054162787,0.45454545454545453,,,,,,,,,,,,,,,,,
cells,2024-26,sector,161,Telecommunications,gap,3.0,113.0,34.16943214482029,0.9541029194168144,-14.443092536214229,-0.43806235313512787,-0.5606144415908039,-30.38047105626338,-0.9590827607553688,-20.429390476848933,-0.6212758308671432,8.688615798950195,-23.131707444559733,-0.7012761136421497,5.7544776278687175,0.17461194617256665,0.484472049689441,,,,,,,,,,,,,,,,,
cells,2020-23,sector,338,Utilities,gap,3.0,177.0,-24.998522502759382,-0.97130748789939,-47.897527915425925,-2.3206194184734343,-1.8959936591765023,-42.12443443293615,-2.0962417845872157,-43.26782579663102,-2.157527577139359,8.561635971069336,-56.45916424941623,-2.7344674346318736,39.33589158143561,1.9064762774204118,0.4260355029585799,,,,,,,,,,,,,,,,,
cells,2024-26,sector,403,Utilities,gap,3.0,161.0,43.53927694285044,2.1029221246006773,32.977217513811155,1.3366701331404052,1.0565145266975784,9.075780954135203,0.37868573974328373,28.040407998922625,1.1621722509200634,8.560802459716797,24.416414545146214,0.9895986471698036,-41.5380204824761,-1.683792534035822,0.56575682382134,,,,,,,,,,,,,,,,,
cells,2020-23,size_adv,4075,T1,gap,3.0,641.0,13.687951745635829,0.6658280378224776,-2.0021177028240578,-0.2345551960578197,-0.19140283352852883,0.14123492110581892,0.011896755873719874,-2.3511747084467594,-0.2877962733349893,9.414800643920898,-11.416918335986178,-1.3374472792500272,-7.412682930338063,-0.8684743491336657,0.49938650306748467,,,,,,,,,,,,,,,,,
cells,2024-26,size_adv,3631,T1,gap,3.0,436.0,17.069124401803677,0.899249717484462,4.0282009845515745,0.43657705009688336,0.36980804957723795,-9.981190455237073,-0.8217381673902584,2.716682136595092,0.304849812310272,9.33404541015625,-5.305844111776669,-0.5750267350971264,-13.362246080879817,-1.4482503749464966,0.5015147342329936,,,,,,,,,,,,,,,,,
cells,2020-23,size_adv,4075,T2,gap,3.0,626.0,13.112802176550845,0.7036409544128424,-1.4192885666343171,-0.16918911345939783,-0.1434497484258913,1.0138706227342715,0.09283564311056855,1.069315533557736,0.13550836212605818,8.902626037597656,-10.321914071378332,-1.230292458973944,-7.483336938109701,-0.8921737181661143,0.4996319018404908,,,,,,,,,,,,,,,,,
cells,2024-26,size_adv,4133,T2,gap,3.0,477.0,26.958188497143077,1.8554090581063707,6.193603216606597,0.7953568379782849,0.782515095714703,-7.10022967342624,-0.7168178658869924,6.761090750845227,0.8811486197368475,8.880034446716309,-2.6864316002959012,-0.3450012365744551,-15.073638033509097,-1.9355721307722082,0.5073796273893056,,,,,,,,,,,,,,,,,
cells,2020-23,size_adv,4076,T3,gap,3.0,698.0,33.465051998812385,1.9312704097745657,6.153486358074546,0.673986888218871,0.5069460100235257,13.22938771873755,1.339465147538263,8.454098373892418,0.9804768884977862,8.381548881530762,-2.228062194429503,-0.24404632077876193,-14.535034910578588,-1.5919564588286985,0.51153091265947,,,,,,,,,,,,,,,,,
cells,2024-26,size_adv,4625,T3,gap,3.0,519.0,39.65848457437428,2.7967079670711072,21.607971043920518,2.775356611422638,2.5515637377139964,7.519727441766637,0.7940755333985317,20.99327751115643,2.9459728735989823,8.401142120361328,13.206829578832718,1.6962774852749054,-30.009112509008315,-3.8544604541350065,0.5247567567567567,,,,,,,,,,,,,,,,,
cells,2020-23,market20,3385,spy20_down,gap,3.0,284.0,28.640479120196698,0.6725149435530668,-1.2296373168152182,-0.09844523182751841,-0.07376075676699782,-4.761681307527204,-0.26069196949440065,-4.7730694651232035,-0.4160378096778461,8.875930786132812,-10.105567936047322,-0.8090305495220216,-7.646293302416885,-0.6121826678754884,0.5119645494830133,,,,,,,,,,,,,,,,,
cells,2024-26,market20,3449,spy20_down,gap,3.0,155.0,80.1500642672539,2.6621414974807345,2.6943428728765366,0.23419410907492627,0.23516877141610304,9.424071130392871,0.6627280418065467,2.263338247883564,0.21929809595457328,8.900084495544434,-6.205741083548508,-0.5395230293236063,-11.594426829301579,-1.0075746784742818,0.48854740504494054,,,,,,,,,,,,,,,,,
cells,2020-23,market20,8841,spy20_up,gap,3.0,557.0,16.81581295760708,0.9556226313334958,1.7307659953498964,0.2470924595263028,0.17929668015877828,8.454737095204413,0.8349064627283238,5.134279942738923,0.8052213241439412,8.908683776855469,-7.177918346452312,-1.0246159235306143,-10.639450337152107,-1.519137522143488,0.5002827734419183,,,,,,,,,,,,,,,,,
cells,2024-26,market20,8940,spy20_up,gap,3.0,438.0,8.990951147691707,0.5931675777403882,14.638550042362759,2.3028805137053774,1.8239617107598198,-7.081860592146619,-0.6986476749588507,14.21650064690919,2.3373819516686014,8.808947563171387,5.829602463688602,0.9166429860804509,-23.447497621036916,-3.690453957824016,0.5212527964205816,,,,,,,,,,,,,,,,,
cells,2020-23,ret5,4076,T1,gap,3.0,591.0,48.75322311579417,1.7488362064415421,12.303489745732776,0.9260002189890358,0.717649277373837,14.925127008783583,0.8749335425303398,6.48467621151938,0.6579794636262699,8.914751052856445,3.388738208737339,0.25501906912859157,-21.218241282728215,-1.5971279647517993,0.5120215897939157,,,,,,,,,,,,,,,,,
cells,2024-26,ret5,3887,T1,gap,3.0,456.0,51.995347754040885,2.0465925780753147,22.84604460598182,1.4232225078820966,1.1900696371489297,19.745609943642258,1.0974237315447313,8.974019170903674,0.8578570286265667,8.854722023010254,13.991322626461715,0.8717605381389206,-31.70076658550192,-1.974487946876729,0.513763828145099,,,,,,,,,,,,,,,,,
cells,2020-23,ret5,4076,T2,gap,3.0,632.0,8.859637595107396,0.56006476902418,-4.917819113387937,-0.7644994460665422,-0.6798350567007937,-2.406735251672322,-0.30883432631172575,-3.6428824679248804,-0.5838009172747168,8.814398765563965,-13.732217766144885,-2.1342832280889175,-3.8965795393690086,-0.6058686033366759,0.4982826300294406,,,,,,,,,,,,,,,,,
cells,2024-26,ret5,4341,T2,gap,3.0,482.0,21.648510572397946,1.8150692418543688,8.891280460770844,1.3339027738686589,1.036552147218401,-7.060055172642003,-0.7741327424893902,8.162593818309684,1.2991393120015646,8.777355194091797,0.11392563171329921,0.017078230718520767,-17.668635289828384,-2.6527684951746773,0.5206173692697535,,,,,,,,,,,,,,,,,
cells,2020-23,ret5,4074,T3,gap,3.0,605.0,2.647669102217769,0.11835474554551001,-4.655035260178848,-0.5020445230360966,-0.38089503158073956,1.8667340772550676,0.14635399242433336,4.332885992985167,0.49694234711310703,8.969732284545898,-13.624767032035326,-1.4691452219727101,-4.3146965116776315,-0.4654271958340971,0.5002454590083456,,,,,,,,,,,,,,,,,
cells,2024-26,ret5,4161,T3,gap,3.0,454.0,14.596148474738316,0.9123229581420104,3.0670036249980037,0.3142500710452005,0.2936744609336486,-18.48394585714114,-1.6005983407152933,15.521734467131374,1.9018391165412807,8.874689102172852,-5.807684976713971,-0.5949826037467405,-11.941692226709975,-1.2237275257261202,0.501802451333814,,,,,,,,,,,,,,,,,
cells,2020-23,timing_gap(info),6769,AMC,gap,3.0,676.0,10.598741389674872,0.5473100171205975,-6.928653776735094,-0.7804513027982806,-0.6030816566039254,-4.446524971297553,-0.3963487049689252,-5.143839523342947,-0.6382912157192449,8.9507417678833,-15.879395963510891,-1.7886894045946615,-2.0220884100407015,-0.2277677722871249,0.4983010784458561,,,,,,,,,,,,,,,,,
cells,2024-26,timing_gap(info),6724,AMC,gap,3.0,493.0,25.612727826758405,1.4831427307677145,10.612706634690085,1.347095230281397,1.1650519303864662,-3.436382827581368,-0.3252900306365322,10.05226742847774,1.3696930211087428,8.881692886352539,1.7310130199633758,0.2196966788756683,-19.4944002494168,-2.4747398871152293,0.5108566329565735,,,,,,,,,,,,,,,,,
cells,2020-23,timing_gap(info),5457,BMO,gap,3.0,726.0,31.86251488241906,1.69244385911497,10.635777398238739,1.6783832970165307,1.386407952710731,16.259587129088466,1.7315944383566881,11.737947327803036,1.9146452871951916,8.836197853088379,1.7995799363203482,0.2839508065243898,-19.471974860157125,-3.0731179977727288,0.5099871724390691,,,,,,,,,,,,,,,,,
cells,2024-26,timing_gap(info),5665,BMO,gap,3.0,513.0,32.58547096398923,2.4184213090976323,12.145028514672212,1.9190939764393746,2.0475119174153416,-1.3595717974242951,-0.15225118055000908,11.881786974622111,1.9772271123782887,8.778088569641113,3.3669397143836814,0.5319752501020566,-20.92311731496075,-3.306460690531066,0.5136804942630185,,,,,,,,,,,,,,,,,
coverage,2020-23,trades_gap_k5,12274,pt_net20 known 1.00; prev report 0.97,,,,,,,,,,,,,,,,,,,,,,,,,,,,,,,,,,,
coverage,2024-26,trades_gap_k5,12377,pt_net20 known 1.00; prev report 0.95,,,,,,,,,,,,,,,,,,,,,,,,,,,,,,,,,,,
cells,2020-23,all,12274,all,gap,5.0,841.0,24.29307434484931,1.1330012990942986,2.0726671043493288,0.26219133307134906,0.17330627166102333,4.356925921292373,0.392720146914777,1.7773559504467444,0.2415378415468955,8.90690803527832,-6.83424122966357,-0.8644509165230554,-10.979575438362227,-1.3890314248932527,0.5117321166693825,,,,,,,,,,,,,,,,,
cells,2024-26,all,12377,all,gap,5.0,588.0,42.79884083640122,2.2812013433961704,18.457007803520387,2.592555884034301,1.9622803875674062,-7.316645935262039,-0.6490086030244361,16.44060183961151,2.381792695437222,8.832878112792969,9.624130027496582,1.3518911587699023,-27.28988557954419,-3.8331318589277656,0.5119980609194473,,,,,,,,,,,,,,,,,
cells,2020-23,pt_net20,6638,0,gap,5.0,783.0,-3.3585365667960088,-0.14929369854467323,-14.963462877776747,-1.4677152406755027,-1.0026667695556184,-15.528173402336051,-1.1708626078993432,-11.555195916945683,-1.2178604497399035,9.00885009765625,-23.972313618222632,-2.3510968819340206,5.954612137330858,0.5841326609755257,0.49698704429044893,,,,,,,,,,,,,,,,,
cells,2024-26,pt_net20,5234,0,gap,5.0,521.0,24.65605455944557,1.0544112911543697,3.4919042826666455,0.3164334115603193,0.24296483596030505,-23.592716577966158,-1.6288600442933208,1.3711453005116985,0.12958323476887837,9.007015228271484,-5.515111417513494,-0.49971300886395315,-12.498919982846786,-1.132779226758614,0.5019105846388995,,,,,,,,,,,,,,,,,
cells,2020-23,pt_net20,2786,<0,gap,5.0,475.0,85.50835756663105,2.319922905375306,25.539237430554927,1.5859125036278772,1.0984970950102975,34.772833099810086,1.6583006053941047,21.13658477971017,1.3946350812074937,8.829659461975098,16.709577978103987,1.037886505033694,-34.36889688300586,-2.133649517185289,0.54091888011486,,,,,,,,,,,,,,,,,
cells,2024-26,pt_net20,2843,<0,gap,5.0,419.0,57.64899960957313,2.4687561444520187,9.935601551998596,0.7829163160753613,0.6811913968684944,-10.942138655585403,-0.6497562630680684,9.273255087493187,0.7658859107679185,8.724894523620605,1.2107074440023913,0.09544534368643355,-18.660495659994798,-1.4697680082441313,0.5036932817446359,,,,,,,,,,,,,,,,,
cells,2020-23,pt_net20,2850,>0,gap,5.0,550.0,28.85644773980288,1.4623995238439509,18.81230425962795,1.7616045620896255,1.396383521290839,20.93888097774681,1.7675168665963372,13.906011310946067,1.4175178605620127,8.744986534118652,10.067318139604724,0.9426755729540838,-27.557290379651175,-2.5805959620243053,0.5175438596491229,,,,,,,,,,,,,,,,,
cells,2024-26,pt_net20,4300,>0,gap,5.0,464.0,55.064036646042645,2.9259058934565827,42.30670775729363,3.8577873971053753,3.358498858846124,14.891779540968802,1.1621530270630545,39.522067500523335,3.5930265230254976,8.692310333251953,33.61439749913768,3.065337596214434,-50.99901801544958,-4.650142018388095,0.5297674418604651,,,,,,,,,,,,,,,,,
cells,2020-23,prev_beat,8409,beat,gap,5.0,791.0,23.49969986417998,1.1479800834492204,-2.8150063600234074,-0.37724991454977136,-0.27129413533659874,-0.003276298329582767,-0.00031505001154598605,-4.386357724704937,-0.6253486203421914,8.883739471435547,-11.698746024422261,-1.5677013411568783,-6.068733304375443,-0.8133404264923992,0.5124271613747176,,,,,,,,,,,,,,,,,
cells,2024-26,prev_beat,8266,beat,gap,5.0,556.0,44.203616925947074,2.429931711441686,17.572814318628303,2.426539674381086,2.070058974918253,-6.536902673198131,-0.5715834963265426,15.461646643444926,2.198330674035928,8.804926872253418,8.767887623472642,1.2106832322101129,-26.37774101378396,-3.6424417188579934,0.5137914347931285,,,,,,,,,,,,,,,,,
cells,2020-23,prev_beat,553,inline,gap,5.0,294.0,14.7178975768908,0.4219134465719661,7.9116251375165385,0.3174801795882338,0.2971030124047291,1.1833105221096145,0.04479015888338656,5.418194897476522,0.22957010328090166,8.7603759765625,-0.8487508786398004,-0.03405735497933979,-16.672001153672877,-0.6690497342664361,0.5189873417721519,,,,,,,,,,,,,,,,,
cells,2024-26,prev_beat,587,inline,gap,5.0,245.0,3.414038144875751,0.1062141953367367,-11.77804859679556,-0.44733898793015475,-0.3953561677926669,-35.480799037242384,-1.2164737833336752,-9.241555761282573,-0.3672816318639257,8.631802558898926,-20.40985102319441,-0.7751581948527356,3.146246170396706,0.11950020445000697,0.4616695059625213,,,,,,,,,,,,,,,,,
cells,2020-23,prev_beat,2942,miss,gap,5.0,597.0,33.80073006791075,1.1951447735892844,19.571376684352337,1.2962082239782637,0.8965269626440183,22.75240605411379,1.2720941409399282,22.036331811432483,1.5412184229105224,8.956510543823242,10.61486613328175,0.7029564297974257,-28.527887235422934,-1.889565124963984,0.5112168592794017,,,,,,,,,,,,,,,,,
cells,2024-26,prev_beat,2941,miss,gap,5.0,443.0,49.943127383492055,2.0545943503598125,32.17844231068869,2.518642972191173,2.0939942086279553,5.737547672708472,0.3769801905055602,30.512135646784067,2.4708281387456155,8.875027656555176,23.303414134549573,1.8241148265819955,-41.05347048682781,-3.213066582353003,0.5161509690581435,,,,,,,,,,,,,,,,,
cells,2020-23,prev_beat,370,none,gap,5.0,236.0,-18.963586132494513,-0.36641840307677287,-34.71030915186677,-0.8308760653133938,-0.8263527203889185,-38.074297781982104,-0.8600389955703683,-24.66757006678845,-0.5931006126050877,9.258064270019531,-43.96837422094847,-1.0524199800765883,25.45224408278505,0.609300690859369,0.4891891891891892,,,,,,,,,,,,,,,,,
cells,2024-26,prev_beat,583,none,gap,5.0,224.0,26.496359341967672,0.5420959839931168,-7.783159319084312,-0.20787542080511706,-0.17868500083188915,-55.86790379872535,-1.3487873989465267,-14.806243381068828,-0.39977840179031754,9.219001770019531,-17.002161516972283,-0.45393918118385523,-1.4358428788036601,-0.03836243248335491,0.516295025728988,,,,,,,,,,,,,,,,,
cells,2020-23,prev_surp,3784,T1,gap,5.0,654.0,-20.180608630975144,-0.79352742074985,-31.549552602198318,-2.4414940459744745,-1.7355237883414087,-29.538038296861757,-1.868342222068293,-30.4763969667661,-2.5305910109588328,8.899897575378418,-40.449449417104354,-3.1299511903090513,22.649655787292286,1.7529149605954157,0.4973572938689218,,,,,,,,,,,,,,,,,
cells,2024-26,prev_surp,3859,T1,gap,5.0,487.0,47.37097388154117,2.435325903894668,24.28585288161803,2.3570223397042334,1.9616480467265196,-1.0139292398918056,-0.07354102142777544,21.799036778689846,2.2074658500733904,8.820282936096191,15.465570444847813,1.500872515479564,-33.10613531838823,-3.2132936408282498,0.5216377299818605,,,,,,,,,,,,,,,,,
cells,2020-23,prev_surp,3769,T2,gap,5.0,636.0,49.786832124297796,2.3705171187393748,20.35751068595157,2.5024826585184363,2.1727093911039828,23.711561430546556,2.2683932781574563,18.14723220362813,2.3130958059950553,8.826436996459961,11.53107366518678,1.417311676536185,-29.18394770671635,-3.5878950369897673,0.5317060228177235,,,,,,,,,,,,,,,,,
cells,2024-26,prev_surp,4056,T2,gap,5.0,485.0,47.65253840615192,3.021586614279656,23.71227459838057,2.5982255407197488,2.2776272762457728,2.889009709614944,0.21559709958769063,23.302236440395166,2.804007428264355,8.761642456054688,14.950632586733219,1.637980568557167,-32.47391661002791,-3.558701460086802,0.5177514792899408,,,,,,,,,,,,,,,,,
cells,2020-23,prev_surp,3779,T3,gap,5.0,628.0,50.198083268159664,2.040268277436036,20.485228806792907,1.728129012304987,1.2663373701996223,24.219870499933368,1.6255162502560643,19.7968144953192,1.7166190917092392,8.980609893798828,11.504618875439773,0.9705577990264321,-29.465838738146044,-2.4856480530809626,0.5086001587721619,,,,,,,,,,,,,,,,,
cells,2024-26,prev_surp,3256,T3,gap,5.0,438.0,41.5066309293474,1.4271052146178143,15.263335204041406,1.0737728582673758,0.8387969187481574,-13.224207707044789,-0.840506129124898,11.807314132986379,0.8810201717155784,8.901896476745605,6.361438376937165,0.4475847967797404,-24.165232031145642,-1.699794323630772,0.5018427518427518,,,,,,,,,,,,,,,,,
cells,2020-23,prev_surp,942,none,gap,5.0,407.0,-2.9814324613198675,-0.08924580852635841,-9.891416508195084,-0.42073569520689547,-0.3994235135098513,-16.610318447675933,-0.6470981675642177,-6.444933222143738,-0.28805947937712634,8.961377143859863,-18.852793665545274,-0.8018261870417915,0.9300393508448764,0.039563765217618535,0.5021231422505308,,,,,,,,,,,,,,,,,
cells,2024-26,prev_surp,1206,none,gap,5.0,338.0,15.33364738139579,0.4968779385517166,-9.246373035972226,-0.40010610073625835,-0.3301052853003495,-45.858355631887385,-1.8210795069959902,-11.273333150363921,-0.499282699139933,8.926419258117676,-18.17279280550569,-0.7863015741234908,0.31995326643875915,0.013846043695606998,0.4892205638474295,,,,,,,,,,,,,,,,,
cells,2020-23,sector,193,Basic Materials,gap,5.0,136.0,58.52831089812045,1.1208245833647381,39.288647444353,0.7392959040812074,0.6674725939813944,38.892129506535184,0.728179051671744,33.83307038321724,0.6281152404883192,8.754069328308105,30.534578332102093,0.5745592211599929,-48.04271655660393,-0.9040384925679973,0.5181347150259067,,,,,,,,,,,,,,,,,
cells,2024-26,sector,258,Basic Materials,gap,5.0,136.0,-5.037559279662157,-0.07724087462708812,-35.342149800977275,-0.5978515548735948,-0.43674007811389254,-55.84088306869678,-0.9327572882341686,-16.930240475177914,-0.2892931300415423,8.682364463806152,-44.02451357902318,-0.744759690410011,26.65978602293136,0.4509576224212143,0.41472868217054265,,,,,,,,,,,,,,,,,
cells,2020-23,sector,3037,Consumer Discretionary,gap,5.0,660.0,40.14979298800655,1.5479916704714876,12.980319676908248,0.9430407588912043,0.719110515507524,17.116906943272447,1.0086299198120767,14.051286077066678,1.072491135148331,8.94943904876709,4.030881144913563,0.29284869638975625,-21.929758208902935,-1.5932356919700685,0.5159697069476457,,,,,,,,,,,,,,,,,
cells,2024-26,sector,2832,Consumer Discretionary,gap,5.0,490.0,30.436664641235364,1.487151967241493,4.979022505542636,0.4193645669939991,0.3294237686156857,-17.244970773099674,-1.0480044136869053,3.390766287744522,0.2989590229241696,8.872712135314941,-3.893690058952186,-0.32794990664728824,-13.85173507003746,-1.1666820393699244,0.5035310734463276,,,,,,,,,,,,,,,,,
cells,2020-23,sector,426,Consumer Staples,gap,5.0,300.0,-23.631644257687125,-0.6896671867260584,-19.505882585828783,-0.7174470726490245,-0.626174505675988,-24.90559260236674,-0.9013986886157385,-23.129954331914263,-0.900676209448061,8.70317268371582,-28.209054377328826,-1.0373352175990216,10.802710794328744,0.3974198764408776,0.5117370892018779,,,,,,,,,,,,,,,,,
cells,2024-26,sector,366,Consumer Staples,gap,5.0,225.0,3.8589449850868047,0.1803702682630572,-0.4116581591000406,-0.01689470030958122,-0.013295260075794712,-27.131448569692587,-1.082578009825509,8.165846711631175,0.3434173683954098,8.510641098022461,-8.922299672309162,-0.36613421832898213,-8.098983354109079,-0.33242490693821997,0.45901639344262296,,,,,,,,,,,,,,,,,
cells,2020-23,sector,466,Energy,gap,5.0,214.0,38.152177871776324,0.847492489299545,54.45273449117976,1.4767042480847075,1.2441592582056824,52.17625617314714,1.3432469657862622,50.95038874912994,1.4792098214229827,8.762541770935059,45.690193253145075,1.2391033418090083,-63.21527572921444,-1.7142894830516642,0.5,,,,,,,,,,,,,,,,,
cells,2024-26,sector,456,Energy,gap,5.0,171.0,17.776004452898807,0.41623489169786915,-4.517132245596465,-0.10845999212182364,-0.09441984183090855,-30.213783684825852,-0.6984437058171671,-17.056572823026958,-0.3844873169704937,8.775713920593262,-13.292845641387414,-0.31920815205114983,-4.258581150194481,-0.10224028809178448,0.5175438596491229,,,,,,,,,,,,,,,,,
cells,2020-23,sector,1474,Finance,gap,5.0,390.0,26.82597725439709,1.0295933225717475,-2.6984919009123334,-0.1773955866413907,-0.14842947378453533,-2.0948632386102832,-0.12183634506503999,-9.543851084187414,-0.6520901067252957,8.883440971374512,-11.581932768847487,-0.761298108108028,-6.184948967022822,-0.40663472353118574,0.5393487109905021,,,,,,,,,,,,,,,,,
cells,2024-26,sector,1575,Finance,gap,5.0,313.0,43.314769395717285,1.972055553129302,15.020003452381479,0.9128466969649234,0.7474086947864959,-2.6529424235226164,-0.129998524345422,15.000693503504257,0.9558407696515497,8.844110488891602,6.175892885717058,0.37530447150592144,-23.864114019045903,-1.4504933959754032,0.5085714285714286,,,,,,,,,,,,,,,,,
cells,2020-23,sector,1506,Health Care,gap,5.0,355.0,-39.445605903999606,-1.1701478614008878,-55.396455780315584,-2.483239664719123,-2.128101793686632,-56.44788036728964,-2.355695703221131,-50.3138150292311,-2.423216747892119,9.053892135620117,-64.4503471526278,-2.8889938384249634,46.34256440800337,2.077454694843111,0.45152722443559096,,,,,,,,,,,,,,,,,
cells,2024-26,sector,1593,Health Care,gap,5.0,287.0,16.84565261222682,0.5769241592914014,-3.8333940469701235,-0.17646444119937582,-0.14921906638083976,-35.769276933914554,-1.5284079061296596,-5.15575451407108,-0.24214991401894795,8.918930053710938,-12.75232376878003,-0.5870384881684916,-5.0855356748397815,-0.23410273683752483,0.5116133082234777,,,,,,,,,,,,,,,,,
cells,2020-23,sector,1736,Industrials,gap,5.0,436.0,32.37220716271535,1.3691901649596392,8.263013304195765,0.7112342217835265,0.5791930920711724,13.543468897469358,0.9615895231195982,10.971224180188873,0.9694438769770913,8.959807395935059,-0.6967938616468244,-0.05996551187005112,-17.22282047003835,-1.4827029465620596,0.5253456221198156,,,,,,,,,,,,,,,,,
cells,2024-26,sector,1912,Industrials,gap,5.0,349.0,28.580966690228966,1.046177928603211,8.169583210760834,0.46118918364502515,0.4280774623972848,-21.538729506637637,-1.1743643791735718,1.0342906119333313,0.06609238339805301,8.980847358703613,-0.8112646014569319,-0.04579483582869604,-17.150431022978598,-0.9682304870750769,0.5120292887029289,,,,,,,,,,,,,,,,,
cells,2020-23,sector,108,Miscellaneous,gap,5.0,95.0,28.00613879473734,0.31264499602086365,-19.30417184876989,-0.26457416480594237,-0.2666517820125039,1.6230853731964958,0.021341925079060003,-30.84546171687452,-0.44404936419584445,9.076987266540527,-28.38115886577631,-0.38897195621972425,10.227184831763449,0.14017162368455824,0.5185185185185185,,,,,,,,,,,,,,,,,
cells,2024-26,sector,115,Miscellaneous,gap,5.0,84.0,54.47572746415642,0.6289171042357854,48.77745187738246,0.7313108709288779,0.6212375241640135,9.315523340052783,0.13559049731151748,22.950088066268204,0.3843550853232112,9.138903617858887,39.63854790703822,0.5942425910695853,-57.91635584772669,-0.8684018331009512,0.4956521739130435,,,,,,,,,,,,,,,,,
cells,2020-23,sector,535,Real Estate,gap,5.0,198.0,-31.93580952495178,-0.9463048270392426,-28.26922171941404,-1.2546570921652584,-0.9378286458738258,-29.19477704446219,-1.1717794284507064,-27.867331220765806,-1.3455110988304404,8.700470924377441,-36.969693263817305,-1.640180406130158,19.56875017501077,0.8688388237826744,0.49906542056074765,,,,,,,,,,,,,,,,,
cells,2024-26,sector,531,Real Estate,gap,5.0,171.0,35.51676774271671,1.6954937552085239,-3.2878277607723234,-0.1278425410839588,-0.08928110478850716,-34.906590255097,-1.1649266560750462,3.129368768952873,0.14075504429180533,8.609031677246094,-11.896858744514576,-0.4625097487012229,-5.32120322296994,-0.20694436280282502,0.512241054613936,,,,,,,,,,,,,,,,,
cells,2020-23,sector,2257,Technology,gap,5.0,578.0,68.94052484917106,2.2589321144273766,32.21661118775996,1.5763604984859243,1.0368276661108105,36.07939210773277,1.6175196165172046,31.00109488874176,1.615874368718939,8.918309211730957,23.298302215595957,1.139932545929766,-41.13492015992397,-2.012828189222956,0.5281346920691183,,,,,,,,,,,,,,,,,
cells,2024-26,sector,2160,Technology,gap,5.0,415.0,102.58297067388152,3.0083816545675983,76.66245329084802,3.4148598435213753,2.1640716766863344,52.44162132472726,2.215611577937968,73.0975248720516,3.4533829593448693,8.755927085876465,67.9065261806429,3.0249925281552517,-85.41838040105313,-3.804683888113264,0.5342592592592592,,,,,,,,,,,,,,,,,
cells,2020-23,sector,198,Telecommunications,gap,5.0,150.0,-27.23160905715513,-0.5814311418906938,-45.20321808946686,-1.0738705432192148,-1.0109016681006187,-43.56067220175544,-1.0980312816511169,-45.50607125393482,-1.1510034612371796,8.696234703063965,-53.89945315141456,-1.280854242634605,36.50698302751914,0.8670102566074872,0.5,,,,,,,,,,,,,,,,,
cells,2024-26,sector,163,Telecommunications,gap,5.0,114.0,105.56257847942176,2.4237901256057954,48.41565926047417,1.27129164083472,1.508393251063368,18.1061219608812,0.47817926858865484,53.00917118973299,1.3410241763235407,8.686298370361328,39.72936139378696,1.043213315658554,-57.101957127161405,-1.4993623346682652,0.5153374233128835,,,,,,,,,,,,,,,,,
cells,2020-23,sector,338,Utilities,gap,5.0,176.0,-45.11833057687067,-1.2488586989616013,-35.86749640995102,-1.4787245726352467,-1.211378122737759,-36.96171509909996,-1.409296896047861,-39.06074647248728,-1.5878617082177628,8.563298225402832,-44.4307954595523,-1.8313482802518377,27.30419736034976,1.125937459937614,0.47928994082840237,,,,,,,,,,,,,,,,,
cells,2024-26,sector,405,Utilities,gap,5.0,160.0,66.63921533361221,2.7346392528349486,48.779773961413504,1.6164795892918031,1.2515867564123389,11.446294512697452,0.3672958077338661,46.66542228363596,1.479870809239856,8.564391136169434,40.21538271612985,1.3325783472602009,-57.34416520669715,-1.9004185120444796,0.582716049382716,,,,,,,,,,,,,,,,,
cells,2020-23,size_adv,4089,T1,gap,5.0,636.0,18.22267093072998,0.7339548037826034,-0.06086576778605144,-0.005594548539351194,-0.004155553448383505,1.4614493611386237,0.100549774920125,2.537514138272396,0.245934850143872,9.429108619689941,-9.489974902446354,-0.8722642565695744,-9.368243366874255,-0.8611086477588552,0.5143066764490095,,,,,,,,,,,,,,,,,
cells,2024-26,size_adv,3611,T1,gap,5.0,433.0,18.522195178016762,0.7171124074932317,1.0982927148462645,0.09284459944732908,0.06873601102881366,-29.468944308527014,-1.7813513727359096,-1.348603570101968,-0.116193739686452,9.334101676940918,-8.235808966940834,-0.6963159440272493,-10.432394396633361,-0.8817793386534861,0.4923843810578787,,,,,,,,,,,,,,,,,
cells,2020-23,size_adv,4093,T2,gap,5.0,627.0,13.096446127725375,0.5482046789954769,-3.0306724149726585,-0.2688281004399455,-0.22174559913339753,-3.487465935697214,-0.24143669504787946,-5.091532908250587,-0.4709894404852343,8.905924797058105,-11.936597357930081,-1.0586999481993844,-5.87525252798476,-0.5212005525952172,0.5047642316149523,,,,,,,,,,,,,,,,,
cells,2024-26,size_adv,4140,T2,gap,5.0,470.0,39.522472463949704,2.0440421236428095,14.218871261440967,1.4906920340116214,1.3304457777970207,-10.710845057578554,-0.8268412862903428,9.78997172843458,1.050511793241446,8.877728462219238,5.341143001633668,0.5600429415454194,-23.096599521248265,-2.421061315349093,0.5123188405797101,,,,,,,,,,,,,,,,,
cells,2020-23,size_adv,4092,T3,gap,5.0,696.0,41.558391757611346,1.9357357354366875,9.309222472566939,0.8236783839892701,0.5797036508361845,15.096588561841507,1.2426058224925234,7.888322536133228,0.7545751455782088,8.38607406616211,0.9231484626638167,0.08168492656010858,-17.695296482470063,-1.5655817129233967,0.5161290322580645,,,,,,,,,,,,,,,,,
cells,2024-26,size_adv,4626,T3,gap,5.0,520.0,64.68105712139378,3.5638020816474683,35.7998970100511,3.489502549878809,2.9041506958889585,13.012782035392993,1.0568313012672916,36.27856755399713,3.713997712371943,8.401490211486816,27.398407155898227,2.6706240488067934,-44.201386864203975,-4.308354763741806,0.5270211846087333,,,,,,,,,,,,,,,,,
cells,2020-23,market20,3416,spy20_down,gap,5.0,278.0,-11.31469543199985,-0.2259881868299893,-14.779283236702812,-0.9459205534197331,-0.6855563923032607,-25.4139314794478,-1.199323368909326,-23.496779000599876,-1.5684570273001264,8.875649452209473,-23.65493307426554,-1.5136942374028606,5.903633399140085,0.37792437922956784,0.504976580796253,,,,,,,,,,,,,,,,,
cells,2024-26,market20,3470,spy20_down,gap,5.0,160.0,123.0830386450065,3.248229377356353,2.0807157162892143,0.1858066761499984,0.16177408429346413,-3.229853083507887,-0.17048332616701015,3.6454504932892617,0.3376652786088668,8.927197456359863,-6.846481894805739,-0.6113049950144751,-11.007913327384165,-0.9831259871438851,0.48242074927953893,,,,,,,,,,,,,,,,,
cells,2020-23,market20,8858,spy20_up,gap,5.0,563.0,38.02485821905531,1.68867971257086,8.571454908033468,0.9391314646337139,0.6211315023650117,15.837762326906322,1.2213573992803948,11.52407586383298,1.380005112298482,8.918963432312012,-0.3475079556558539,-0.03807267156247792,-17.490417771722793,-1.9164351359546654,0.5143373221946264,,,,,,,,,,,,,,,,,
cells,2024-26,market20,8907,spy20_up,gap,5.0,428.0,11.521624445263878,0.5752534442755352,24.836903789002836,2.816288039380741,2.15649299940125,-8.908783714041304,-0.6437021615580867,21.425352616723693,2.500205212052527,8.796133041381836,16.040771250174146,1.8191845237592956,-33.63303632783153,-3.81305396922393,0.5235208263163804,,,,,,,,,,,,,,,,,
cells,2020-23,ret5,4093,T1,gap,5.0,609.0,82.2039601073818,2.5461288009928174,14.363484782794322,0.9967208154498325,0.7141815377783893,23.81729727446841,1.2801924154284317,-1.8034778830745875,-0.16196218602356485,8.926589965820312,5.436894163507989,0.3772928948017076,-23.29007540208066,-1.6161062172106275,0.5169802101148302,,,,,,,,,,,,,,,,,
cells,2024-26,ret5,3936,T1,gap,5.0,457.0,95.48632903118644,3.021802524970765,44.93008602019918,2.6392530948888706,2.063842598098274,32.372843597783145,1.724763689217311,20.4164537173616,1.8415443800624716,8.874114990234375,36.055970995596496,2.118686521172095,-53.804201044801864,-3.159468118803774,0.5167682926829268,,,,,,,,,,,,,,,,,
cells,2020-23,ret5,4087,T2,gap,5.0,629.0,18.807107332535963,0.9900488976575412,8.824137495834329,1.0532114543810607,0.9244550982552601,8.828792730519849,0.8540172337971463,8.168119740579781,0.9671388725217507,8.826434135437012,-0.00229672087840864,-0.00027410112207137933,-17.650571712547066,-2.106887794225955,0.5128456080254465,,,,,,,,,,,,,,,,,
cells,2024-26,ret5,4420,T2,gap,5.0,485.0,38.72975362862657,2.454669656212968,22.540795826570687,2.2242933746945988,2.015939767858653,-7.287446177310772,-0.5244323842145544,17.259394190026505,2.0149643380064735,8.750470161437988,13.790325174453182,1.3607851456729916,-31.291266478688197,-3.0878254052167193,0.5235294117647059,,,,,,,,,,,,,,,,,
cells,2020-23,ret5,4094,T3,gap,5.0,606.0,-28.127079110627225,-0.9717933034583698,-16.955075017749966,-1.2510284317019635,-0.9097492754147303,-19.56291276895243,-1.1053788056934215,-1.0225216093165461,-0.08603987159089002,8.967567443847656,-25.922642395187776,-1.912550129670519,7.987507640312164,0.5894022578323195,0.5053737176355643,,,,,,,,,,,,,,,,,
cells,2024-26,ret5,4021,T3,gap,5.0,454.0,-4.30202662848578,-0.19477630305835428,-11.945473898227958,-0.864823766223273,-0.6066301014380457,-46.19923577167349,-2.706477147585526,11.648755239348233,1.0788312227874313,8.883096694946289,-20.82857044502007,-1.5081211427687498,3.062377351435845,0.22168153425288814,0.4946530713752798,,,,,,,,,,,,,,,,,
cells,2020-23,timing_gap(info),6793,AMC,gap,5.0,675.0,11.884714153346403,0.4880980055718145,-9.323450845836437,-0.8215785136490606,-0.5736734156635196,-8.160802188992934,-0.583115291277157,-9.725874265494342,-0.9068659648910982,8.959040641784668,-18.28249236224995,-1.610930958843754,0.36440932942292753,0.03211383738941396,0.5039010746356544,,,,,,,,,,,,,,,,,
cells,2024-26,timing_gap(info),6731,AMC,gap,5.0,492.0,47.51688423325639,2.0747473604186095,24.975861443602845,2.5082853439570663,2.01140184464259,-3.425138255291336,-0.262384628963312,22.160879757090914,2.300590665153807,8.881057739257812,16.094803835484413,1.6162940490202649,-33.85691905172128,-3.4003590577545384,0.5109196256128361,,,,,,,,,,,,,,,,,
cells,2020-23,timing_gap(info),5481,BMO,gap,5.0,725.0,39.67165321382928,1.7527357109041284,16.196700900301153,1.9357398966584447,1.5749877394034735,19.871052367774414,1.673974287880322,16.03414172984609,2.063491970445747,8.84229564666748,7.354404992496497,0.8790214328076152,-25.03899680810581,-2.9922943349587126,0.521437693851487,,,,,,,,,,,,,,,,,
cells,2024-26,timing_gap(info),5646,BMO,gap,5.0,509.0,37.17412420440828,2.077204853133414,10.685416614821303,1.1897193000884418,1.107236532071585,-11.955990284160878,-0.8846894581763632,9.621049827115248,1.1401096821348,8.77543830871582,1.9099774590293335,0.21266773819488508,-19.46085577061327,-2.166673475344986,0.5132837407013815,,,,,,,,,,,,,,,,,
rules,2020-23,sector,784,Energy,safe,5.0,,,,,,,,,,,,,,,,,1.0,68.3485265116272,2.053950414134862,67.03385403195898,2.1513096240453127,2.053950414134862,482.0,5.193965517241379,0.46123260437375746,0.106449034198842,0.6711781742047862,-0.21446905495615975,0.6449648214850956,0.08346192039198308,0.12009978294372559,0.6151378941992911,0.24688531202137376
rules,2024-26,sector,731,Energy,safe,5.0,,,,,,,,,,,,,,,,,1.0,16.242572233578443,0.5392731733379129,12.730016165246637,0.4428951045635046,2.053950414134862,396.0,5.92814371257485,0.48405797101449277,0.03889946672688538,0.35744661413009415,-0.17890519940404181,0.15080436889366416,0.010900089530904156,0.20332324504852295,1.2683080724014495,0.26873228332634025
rules,2020-23,ret5,6302,T1,safe,5.0,,,,,,,,,,,,,,,,,1.0,17.28661865696133,1.435890909608446,-0.5998707825113878,-0.06421839778417823,1.435890909608446,1327.0,7.1778741865509765,0.9165009940357853,0.1656805288165617,0.6514122360951429,-0.45198562837872636,0.6482971320116246,0.10160764070320427,0.12009978294372559,0.6151378941992911,0.6896450847028466
rules,2024-26,ret5,5578,T1,safe,5.0,,,,,,,,,,,,,,,,,1.0,40.431292889706576,2.818021388347735,21.181740131276158,2.4250592615319553,1.435890909608446,985.0,7.462121212121212,0.9565217391304348,0.48266927720259556,1.7390788545522142,-0.21050456374966175,1.923389089063917,0.3707152115821435,0.20332324504852295,1.2683080724014495,0.6459053950779261
count,,variants_tried,207,"207 cells (2 exits x 3 k x splits/buckets) in 2020-23; 168 (cell, side) rule candidates on the safe exit; 2 rules",,,,,,,,,,,,,,,,,,,,,,,,,,,,,,,,,,,
