part,group,period,window,n,n_dates,hold_days,raw_bp,excess_bp,excess_med_bp,excess_datew_bp,t_date,hit,vs_spy_bp,t_vs_spy,net_vs_spy_bp,t_net_vs_spy,book_net_bp_day,book_sharpe,book_maxdd,book_ann,invested,spy_sharpe,add_hit_rate,excess_nonhit_bp,excess_hit_bp
a_announced,add_checked,2020-23,o_c1,55,39.0,1.0,31.39437787741522,4.300989514717328,-33.49237599567956,54.25625738679498,1.259543484576754,0.43636363636363634,19.641025186725997,1.4486905167510695,10.773529355877862,1.2306806012511553,,,,,,,,,
a_announced,add_checked,2020-23,o_c2,55,39.0,2.0,35.64810202066911,-21.452740612912052,-40.29546022166036,56.39717269768061,0.8650567702111158,0.45454545454545453,-13.855395696303693,0.883532446566367,-22.748891920918066,0.7473997982996143,,,,,,,,,
a_announced,add_checked,2020-23,o_c3,55,39.0,3.0,38.70864780053982,-9.451069275715207,-58.078518823947576,65.62464855220539,1.0165497867505449,0.4727272727272727,7.671644909526936,1.1933103035841073,-1.2133641936313833,1.0547030102398807,,,,,,,,,
a_announced,add_checked,2020-23,o_c4,55,39.0,4.0,21.92136048167867,6.473981202302168,-2.6637975196897727,106.49759856066775,1.2826359026553966,0.4909090909090909,9.302267832064873,1.2449610245434304,0.4299359976243291,1.1461121707512771,,,,,,,,,
a_announced,add_checked,2020-23,o_c5,55,39.0,5.0,27.302362687046415,48.59330095112035,22.248833482808845,148.0307915631736,1.40870897929466,0.5272727272727272,49.5328970936433,1.356168654378992,40.67042218154308,1.2745387264721872,,,,,,,,,
a_announced,add_checked,2020-23,c_c1,55,39.0,1.0,3.4182409805093266,-26.32284725042533,-54.72272949405535,1.6986629125264239,0.03879504402505066,0.43636363636363634,-33.89450767326578,-0.03330012407483174,-42.788003897880145,-0.2350943658812771,,,,,,,,,
a_announced,add_checked,2020-23,c_c2,55,39.0,2.0,7.858767687345614,-13.700780370567045,-15.384633551115009,11.809421040962855,0.24967887821326726,0.4727272727272727,-11.091184040310106,0.3896791928173872,-19.976193143468425,0.20500544965956902,,,,,,,,,
a_announced,add_checked,2020-23,c_c3,55,39.0,3.0,-9.238709610149488,1.985899572432674,-21.82192614584343,52.721627383825464,0.7561303765013618,0.4727272727272727,-9.62294250833895,0.6927848589154101,-18.495274342779492,0.5791948731500877,,,,,,,,,
a_announced,add_checked,2020-23,c_c4,55,39.0,4.0,-3.049112119249096,44.75437679547666,15.08158135443142,94.76109729617193,1.0051730961070067,0.509090909090909,31.182577725384323,0.905776994000049,22.320102813284105,0.8165499655330777,,,,,,,,,
a_announced,add_checked,2020-23,c_c5,55,39.0,5.0,-38.756458191409294,46.84110634776828,19.826241591790698,92.39593614900149,0.9647541462107225,0.509090909090909,11.027395720991347,0.7293750489602598,2.1759798940523014,0.6396352807355126,,,,,,,,,
a_announced,add_checked,2020-23,jump,55,39.0,0.0,209.92749751760547,224.79400676339904,91.93531047705564,195.5250062035854,4.1464085969625,0.7090909090909091,225.8767610845701,4.063210970739198,217.01000351736013,3.876888747263455,,,,,,,,,
a_announced,add_checked,2020-23,o_eff,55,39.0,4.872727272727273,42.65669665321143,54.90427220840578,36.48356006359588,169.58736182121913,2.3434520291551078,0.5272727272727272,78.93226380353505,2.406527080668875,70.06227336696315,2.2874525410640207,,,,,,,,,
a_announced,add_checked,2020-23,eff_c5,55,39.0,5.0,-43.9722772727977,-13.444887753967807,8.220361816596196,-35.983198756207734,-0.45347547832923646,0.509090909090909,-62.82806771865984,-0.8190290512041988,-71.6602943900653,-0.9286641667779338,,,,,,,,,
a_announced,add_checked,2020-23,o_eff_le5,40,32.0,3.1,107.2051785924677,82.39145390443788,89.67607307350282,196.65436861894966,2.3490910311189617,0.575,105.14948508416037,2.5290673343677317,96.1696071323726,2.4222676155479634,,,,,,,,,
a_announced,add_checked,2024-26,o_c1,41,23.0,1.0,77.3253867000472,88.70017512796606,38.17258754696088,71.74613984283974,0.9049209968464811,0.5365853658536586,77.58406470589159,0.7076845740631011,68.96959373377992,0.6012327941351671,,,,,,,,,
a_announced,add_checked,2024-26,o_c2,41,23.0,2.0,85.39585293317568,94.36683227885116,-121.31070341595124,48.185490445313185,0.4490323017217649,0.43902439024390244,80.07204566690224,0.40755282973749996,71.43141503621682,0.32432472109482763,,,,,,,,,
a_announced,add_checked,2024-26,o_c3,41,23.0,3.0,91.31664583586142,76.59603960947992,-70.18914392979212,29.714536988723353,0.24711985489280197,0.4878048780487805,54.14938946683973,0.1513767112084274,45.51778957018415,0.07844904619292942,,,,,,,,,
a_announced,add_checked,2024-26,o_c4,41,23.0,4.0,145.3912262130336,121.99267135430918,-9.206648007122446,100.56383694006593,0.7262990433626378,0.4878048780487805,95.78125047389427,0.6107049270539626,87.15473630834562,0.5488293477518655,,,,,,,,,
a_announced,add_checked,2024-26,o_c5,41,23.0,5.0,97.30557107902352,60.904526345067595,-97.08773811270534,50.067458141645986,0.34805710194563927,0.43902439024390244,34.37206624981647,0.22750432486922822,25.755702939549998,0.16667310034107902,,,,,,,,,
a_announced,add_checked,2024-26,c_c1,41,23.0,1.0,5.125331067201212,2.582449115522193,19.51965253532903,-24.94419363505201,-0.4579398988585241,0.5609756097560976,-0.31228941349307127,-0.30495588921634015,-8.952920044178496,-0.4707387438187235,,,,,,,,,
a_announced,add_checked,2024-26,c_c2,41,23.0,2.0,13.631761581240557,-13.136001660738481,-25.253739477690168,-40.19354422743667,-0.4411118015524543,0.4878048780487805,-23.672713520918126,-0.3922859128827051,-32.3043134175737,-0.4847637656304829,,,,,,,,,
a_announced,add_checked,2024-26,c_c3,41,23.0,3.0,67.23978573110635,31.40340491813289,-52.2501613349401,25.990133126237446,0.2698120597773885,0.4878048780487805,17.40905510082977,0.26310977426286225,8.782540935281117,0.17700613272222787,,,,,,,,,
a_announced,add_checked,2024-26,c_c4,41,23.0,4.0,21.291484148503297,-28.488621501473972,-21.311988703186685,-22.281969417285964,-0.20148094098299144,0.4878048780487805,-42.10783407493663,-0.21564716941007211,-50.7241973852031,-0.2929176661533514,,,,,,,,,
a_announced,add_checked,2024-26,c_c5,41,23.0,5.0,106.24435694714536,40.36062328567588,38.90170695241626,2.7414509855470595,0.024197323720989327,0.5853658536585366,13.224667553331232,-0.14975530333859208,4.62122000483131,-0.22378718250848578,,,,,,,,,
a_announced,add_checked,2024-26,jump,41,23.0,0.0,509.1060748657561,514.126065371308,518.7935202219962,560.4703373541776,7.096305003429824,0.9512195121951219,516.1936160405013,7.068540349189891,507.57565037270876,6.957775946496969,,,,,,,,,
a_announced,add_checked,2024-26,o_eff,41,23.0,7.414634146341464,258.4272905884849,230.83383327010603,62.00668799196458,113.08308400835067,0.9577707852210848,0.5121951219512195,193.35249841091306,0.8143133572062773,184.74897003184793,0.7383314794477495,,,,,,,,,
a_announced,add_checked,2024-26,eff_c5,41,23.0,5.0,33.16450758884992,45.52794846062542,-100.8375324611362,30.312881863228487,0.2600777596217013,0.43902439024390244,41.195528717249246,0.08486067182427443,32.62970787849293,0.010035927188934333,,,,,,,,,
a_announced,add_checked,2024-26,o_eff_le5,13,13.0,2.4615384615384617,78.26926199620836,-47.5450645981798,-210.8379169921657,-47.5450645981798,-0.3076899781433661,0.23076923076923078,-26.285349566821296,-0.17167501972503424,-35.11149718846209,-0.22928708489991412,,,,,,,,,
a_announced,add_checked,all,o_c1,96,62.0,1.0,51.01074622874763,40.34647503704231,-14.347944308124045,60.74443958823093,1.5184102832397357,0.4791666666666667,44.3875316480363,1.4791930868180165,35.628098517273536,1.2568213913251765,,,,,,,,,
a_announced,add_checked,all,o_c2,96,62.0,2.0,56.89453730621879,28.01186864294515,-71.25316143668495,53.35090347502819,0.9334342380498983,0.4479166666666667,26.259449052565504,0.9227694695873746,17.473947508691623,0.76660341207581,,,,,,,,,
a_announced,add_checked,all,o_c3,96,62.0,3.0,61.17664696145842,27.298216810670212,-62.36186425416148,52.30315555284915,0.8664886797403397,0.4791666666666667,27.521514980879278,0.9156154313808964,18.744732726331502,0.7684569197885466,,,,,,,,,
a_announced,add_checked,all,o_c4,96,62.0,4.0,74.65328230444484,55.810088454721814,-5.935222763406109,104.29636441108966,1.423746453308402,0.4895833333333333,46.236000002012844,1.3296469975254173,37.46865279699488,1.215032718058905,,,,,,,,,
a_announced,add_checked,all,o_c5,96,62.0,5.0,57.19956627111997,53.85122012978531,-43.34397005944212,111.68955497131653,1.3114562633434617,0.4895833333333333,43.05795892075893,1.2086892260995636,34.30059417194187,1.1072461778424354,,,,,,,,,
a_announced,add_checked,all,c_c1,96,62.0,1.0,4.147310705033986,-13.977876927468564,-8.265431040682973,-8.184977419639768,-0.2393332968586694,0.4895833333333333,-19.552101958154516,-0.20159207294834405,-28.3376035020284,-0.4620215187314718,,,,,,,,,
a_announced,add_checked,all,c_c2,96,62.0,2.0,10.324317162863247,-13.459572796577762,-18.70231564799673,-7.482001558604713,-0.1657373224831199,0.4791666666666667,-16.46454558931978,-0.03884601099513338,-25.241327843867552,-0.22967799777761574,,,,,,,,,
a_announced,add_checked,all,c_c3,96,62.0,3.0,23.42398110851186,14.549625813825475,-32.94284291144246,42.80510532052668,0.7563063151338648,0.4791666666666667,1.9219731372435247,0.7105434132584322,-6.84537406777444,0.5680279806223711,,,,,,,,,
a_announced,add_checked,all,c_c4,96,62.0,4.0,7.346350870103489,13.4735129394873,4.58574874734473,51.34189512827625,0.7084993594488694,0.5,-0.11853564766941874,0.6329674077288397,-8.875900396486474,0.5162912726277159,,,,,,,,,
a_announced,add_checked,all,c_c5,96,62.0,5.0,23.170973274015093,44.073400039999655,26.391109639133187,59.137014233526465,0.8028259198242501,0.5416666666666666,11.965813899386506,0.5120504355578239,3.2203011913641695,0.3962476348593786,,,,,,,,,
a_announced,add_checked,all,jump,96,62.0,0.0,337.70168159337817,348.36290679386013,268.5434889781073,330.9079516304179,6.992389117710646,0.8125,349.86625122199905,6.923448083637234,341.10574852849857,6.736985547120484,,,,,,,,,
a_announced,add_checked,all,o_eff,96,62.0,5.958333333333333,134.80872114640113,130.0408555785069,37.378145804531094,148.62609747128403,2.349225313874562,0.5208333333333334,127.79923900043607,2.3284870672302236,119.04305006759103,2.1897661565121145,,,,,,,,,
a_announced,add_checked,all,eff_c5,96,62.0,5.0,-11.028442071469025,11.74142771268138,-44.576545562368864,-11.389491429642693,-0.17214596445164018,0.4791666666666667,-18.401323407490334,-0.5705619178914153,-27.11977258786856,-0.7021378440627737,,,,,,,,,
a_announced,add_checked,all,o_eff_le5,53,45.0,2.943396226415094,100.10768961602672,50.520232384927866,-9.19356941841914,126.10786568955669,1.6546138532705292,0.49056603773584906,72.91075205656111,1.8927202599878277,63.968581544243335,1.7755698825283743,,,,,,,,,
a_announced,add_checked_mcapchange,2020-23,o_c1,26,14.0,1.0,-32.473973710727,-86.80871675567877,-58.57861551962306,-38.664017899467865,-0.7513376725554018,0.23076923076923078,-51.91406562944405,-0.3946751568737515,-60.78703085929833,-0.5852465950892611,,,,,,,,,
a_announced,add_checked_mcapchange,2020-23,o_c2,26,14.0,2.0,-23.85740578514838,-140.1572494290311,-179.55533682035554,-91.09141600397996,-1.1924050450467643,0.3076923076923077,-120.52758136540258,-0.7776178932263672,-129.40758570366003,-0.8992445842096933,,,,,,,,,
a_announced,add_checked_mcapchange,2020-23,o_c3,26,14.0,3.0,-50.99160250811239,-143.71414145419095,-157.1524483454685,-96.99169987935933,-1.0313930441449508,0.3076923076923077,-107.65208552461982,-0.5537302177578168,-116.52712760381549,-0.6540558739183033,,,,,,,,,
a_announced,add_checked_mcapchange,2020-23,o_c4,26,14.0,4.0,-152.95487311037854,-164.26846645389148,-114.14261711249308,-77.16888843539124,-0.8073797439305589,0.2692307692307692,-159.98098798941103,-0.6226277941725628,-168.84050869359203,-0.7158045790244161,,,,,,,,,
a_announced,add_checked_mcapchange,2020-23,o_c5,26,14.0,5.0,-157.7090447212726,-158.21543223610044,-127.95816681204242,-62.66527328140636,-0.4635594336647363,0.34615384615384615,-151.95500282173737,-0.46923187438527436,-160.80544474272034,-0.5443726949134785,,,,,,,,,
a_announced,add_checked_mcapchange,2020-23,c_c1,26,14.0,1.0,7.708455165273196,-53.74677323190844,-76.37371675066667,-52.53236770481344,-1.0403386106396948,0.46153846153846156,-69.05737193121,-0.8137820839667926,-77.93737626946744,-1.0008693470747962,,,,,,,,,
a_announced,add_checked_mcapchange,2020-23,c_c2,26,14.0,2.0,-18.739372330145315,-56.95281536149473,-45.22037533781515,-57.781588134418655,-0.7328169958014654,0.34615384615384615,-55.24784049388178,-0.4120534726447046,-64.12288257307745,-0.5354852021924005,,,,,,,,,
a_announced,add_checked_mcapchange,2020-23,c_c3,26,14.0,3.0,-120.61472195107687,-77.65625738564995,-64.56574612277078,-37.35018587983495,-0.4240269920204021,0.4230769230769231,-107.46204319782156,-0.4502902834296896,-116.32156390200257,-0.5523980735727215,,,,,,,,,
a_announced,add_checked_mcapchange,2020-23,c_c4,26,14.0,4.0,-124.50270654655999,-71.06716209267304,-71.74809209575551,-22.684366809403123,-0.17502599370293553,0.38461538461538464,-98.73096865604097,-0.3139915034402973,-107.58141057702393,-0.393969202311723,,,,,,,,,
a_announced,add_checked_mcapchange,2020-23,c_c5,26,14.0,5.0,-195.99570095399469,-78.6355725438342,-90.67155443062269,-52.34471573107947,-0.4013013084999985,0.38461538461538464,-137.5671148888374,-0.788947123009435,-146.4057328525896,-0.8682553846791128,,,,,,,,,
a_announced,add_checked_mcapchange,2020-23,jump,26,14.0,0.0,209.7464106479547,223.23703009022316,145.16238527530635,164.79466015478235,2.354245154046853,0.7307692307692307,222.50316525417938,2.3611587079908345,213.62910444420888,2.231653448736581,,,,,,,,,
a_announced,add_checked_mcapchange,2020-23,o_eff,26,14.0,7.346153846153846,-194.46207184851255,-161.4251279895902,-147.83132742275077,-66.17925160837467,-0.6298517657128657,0.3076923076923077,-132.36776768355983,-0.43896387918395907,-141.22341670517517,-0.5153001053212652,,,,,,,,,
a_announced,add_checked_mcapchange,2020-23,eff_c5,26,14.0,5.0,-21.73847859692315,18.09301746906486,-16.747943180662578,23.036451769174214,0.2833073962467994,0.5,-70.54516265121559,-0.5543883310901291,-79.3340817275391,-0.6778556588697342,,,,,,,,,
a_announced,add_checked_mcapchange,2020-23,o_eff_le5,11,6.0,4.2727272727272725,-283.08409457174974,-356.4663766376499,-257.1777310454738,-145.68921196126632,-0.7821389650601493,0.18181818181818182,-325.1688241455062,-0.4713603225969751,-334.4045076566022,-0.5196673238176972,,,,,,,,,
a_announced,add_checked_mcapchange,2024-26,o_c1,28,10.0,1.0,80.93311652513887,94.72887221916348,83.36547928424261,66.58624582752823,0.7702997548560966,0.5714285714285714,86.77440438150438,0.6357971693474115,78.21461824480986,0.5404251140528776,,,,,,,,,
a_announced,add_checked_mcapchange,2024-26,o_c2,28,10.0,2.0,73.14295989425464,125.74104620136835,78.41555738684755,75.99754504476195,0.5209589036502449,0.5,100.03147822603785,0.3473138705747542,91.47936760097278,0.28787030766633703,,,,,,,,,
a_announced,add_checked_mcapchange,2024-26,o_c3,28,10.0,3.0,70.72225438560127,105.20626504203366,96.43801249296668,48.87721479289014,0.2933104499503939,0.5714285714285714,69.91030524457713,0.09409208474535684,61.36901083982258,0.041542681990879717,,,,,,,,,
a_announced,add_checked_mcapchange,2024-26,o_c4,28,10.0,4.0,109.30460724612759,135.23924558850416,183.9110301720562,109.79676005729569,1.080179094728127,0.5714285714285714,96.70143393230634,0.7577958648609027,88.16593403783038,0.6725450423380483,,,,,,,,,
a_announced,add_checked_mcapchange,2024-26,o_c5,28,10.0,5.0,49.704380608461626,61.98977973293214,24.631713418932932,39.01797896321867,0.3358189446243421,0.5,25.383239377614213,0.044233681973621576,16.859407915575662,-0.032473407057077096,,,,,,,,,
a_announced,add_checked_mcapchange,2024-26,c_c1,28,10.0,1.0,-12.8188321066305,25.915536221560423,89.30586763572106,4.603814686108536,0.06148264518230996,0.6071428571428571,8.415287983489863,-0.17371895774330826,-0.13682264157520244,-0.29921267499226817,,,,,,,,,
a_announced,add_checked_mcapchange,2024-26,c_c2,28,10.0,2.0,-14.357907028024316,5.859284554436936,120.67375772677424,-22.18154816165315,-0.2005374847723315,0.6071428571428571,-20.830934799566975,-0.4421417050226754,-29.372229204321524,-0.5246750829327884,,,,,,,,,
a_announced,add_checked_mcapchange,2024-26,c_c3,28,10.0,3.0,28.798889286890557,39.94006669963136,29.433028725984727,42.85553278496916,0.9703597520268702,0.5357142857142857,10.430860267374879,0.418047474952696,1.895360372898915,0.2306777106997559,,,,,,,,,
a_announced,add_checked_mcapchange,2024-26,c_c4,28,10.0,4.0,-29.425765273024936,-33.360204016230156,7.872416168670359,-27.853752749158826,-0.3973771221583081,0.5,-59.90864809488552,-0.8250076295201164,-68.43247955692406,-0.9644959040886495,,,,,,,,,
a_announced,add_checked_mcapchange,2024-26,c_c5,28,10.0,5.0,126.28011697241445,87.13761137276826,53.65168364316567,84.8120936392383,1.9639114284428143,0.6428571428571429,49.46581807596047,1.0899124241006597,40.951264031562395,0.8793450596369385,,,,,,,,,
a_announced,add_checked_mcapchange,2024-26,jump,28,10.0,0.0,458.6462639529194,475.22379086712385,471.9603783453885,511.79152232019266,8.064330903059384,0.9642857142857143,475.5362295242603,7.569446056547626,466.9694334805389,7.4468292376419445,,,,,,,,,
a_announced,add_checked_mcapchange,2024-26,o_eff,28,10.0,9.714285714285714,342.07208957775606,360.081178708953,367.0658035431711,321.89967719684034,2.008853092715636,0.6428571428571429,295.3272135434326,1.558474994404851,286.82704409842046,1.505145783736926,,,,,,,,,
a_announced,add_checked_mcapchange,2024-26,eff_c5,28,10.0,5.0,30.600007125915564,31.152201368253547,-37.89710961506587,-29.718796572028804,-0.1632355389696638,0.4642857142857143,52.688173968280836,0.00801746930369443,44.25691092895986,-0.046570677709254285,,,,,,,,,
a_announced,add_checked_mcapchange,2024-26,o_eff_le5,0,,,,,,,,,,,,,,,,,,,,,
a_announced,add_checked_mcapchange,all,o_c1,54,24.0,1.0,26.329702707870123,7.321884934980162,-32.59165730858696,5.190258653447175,0.10797688842984375,0.4074074074074074,19.998474376232902,0.2781300798605932,11.2878983057948,0.09120736965382899,,,,,,,,,
a_announced,add_checked_mcapchange,all,o_c2,54,24.0,2.0,26.439080122690225,-2.2840591021573284,-124.70592102813548,-21.471015567004184,-0.27804393021498663,0.4074074074074074,-6.163624540211251,-0.16614378789650228,-14.873609916072647,-0.2839678361651801,,,,,,,,,
a_announced,add_checked_mcapchange,all,o_c3,54,24.0,3.0,12.119286251590994,-14.644301048741157,-70.5827642116806,-36.21298543258871,-0.40372226589761145,0.4444444444444444,-15.582697718369554,-0.2604843091734748,-24.28468544785501,-0.3628905152188547,,,,,,,,,
a_announced,add_checked_mcapchange,all,o_c4,54,24.0,4.0,-16.96847588848648,-8.968171320797426,-28.860131425186374,0.7334651032283104,0.010116656875141792,0.42592592592592593,-26.886398844816842,-0.042989502331873014,-35.57790875878042,-0.16666970806215015,,,,,,,,,
a_announced,add_checked_mcapchange,all,o_c5,54,24.0,5.0,-50.16134269844745,-44.03495195586131,-110.65835023242562,-20.297251512812604,-0.2180263676375986,0.42592592592592593,-60.001840199851365,-0.36326401100747263,-68.6829285495298,-0.4682613864033935,,,,,,,,,
a_announced,add_checked_mcapchange,all,c_c1,54,24.0,1.0,-2.9353234201583502,-12.440390552332003,7.949658583141106,-28.725625041929277,-0.6635428461827744,0.5370370370370371,-28.886363086550812,-0.6908877497590236,-37.5963484624122,-0.9109365142461486,,,,,,,,,
a_announced,add_checked_mcapchange,all,c_c2,54,24.0,2.0,-16.46750143274924,-24.383578368048674,-29.460672556653737,-42.94823814576636,-0.6586059135019,0.48148148148148145,-37.402037541274105,-0.6040259710718572,-46.104025270759564,-0.7492069641082101,,,,,,,,,
a_announced,add_checked_mcapchange,all,c_c3,54,24.0,3.0,-43.14099760546413,-16.68038563772631,-34.86901312498965,-3.9311364361665726,-0.07125237496036518,0.48148148148148145,-46.33238954920119,-0.2736004793998215,-55.02389946316477,-0.43417224877798294,,,,,,,,,
a_announced,add_checked_mcapchange,all,c_c4,54,24.0,4.0,-75.2035518121344,-51.515406053036,-55.07342270459107,-24.838277617634656,-0.3064559565714509,0.4444444444444444,-78.60087651321963,-0.5962848787967243,-87.28196486289808,-0.7217472323918043,,,,,,,,,
a_announced,add_checked_mcapchange,all,c_c5,54,24.0,5.0,-28.889721288449206,7.320893190700411,14.82329300463223,4.803954839886276,0.0605061112690568,0.5185185185185185,-40.58707557375702,-0.48019276793667126,-49.25766039414042,-0.6075874604710546,,,,,,,,,
a_announced,add_checked_mcapchange,all,jump,54,24.0,0.0,338.80559384312164,353.89683197454207,307.215692154107,309.37668605703664,5.1663699053459915,0.8518518518518519,353.70549487570275,5.10699776654822,344.99075653712066,4.958768296641779,,,,,,,,,
a_announced,add_checked_mcapchange,all,o_eff,54,24.0,8.574074074074074,83.74082666881189,108.98554955780257,-28.548028673330336,95.52030206046489,0.9678834441404895,0.48148148148148145,89.40000036006589,0.7427408347549361,80.72867408187442,0.6548038432765532,,,,,,,,,
a_announced,add_checked_mcapchange,all,eff_c5,54,24.0,5.0,5.399995481585811,24.864446157533077,-34.46919497216661,1.0550982936729607,0.0117724320995499,0.48148148148148145,-6.6463955151804095,-0.2941966112547408,-15.24986331305816,-0.4070049361095698,,,,,,,,,
a_announced,add_checked_mcapchange,all,o_eff_le5,11,6.0,4.2727272727272725,-283.08409457174974,-356.4663766376499,-257.1777310454738,-145.68921196126632,-0.7821389650601493,0.18181818181818182,-325.1688241455062,-0.4713603225969751,-334.4045076566022,-0.5196673238176972,,,,,,,,,
a_announced,add_checked_other,2020-23,o_c1,29,28.0,1.0,88.65565861161168,85.98555375714142,73.11321542181514,96.57630526754073,1.7734909770529432,0.6206896551724138,83.7938652288095,1.821482171841553,74.93127299707031,1.6535039064263812,,,,,,,,,
a_announced,add_checked_other,2020-23,o_c2,29,28.0,2.0,88.99786763967788,84.97199142912571,39.63714797110194,101.72681827332016,1.2295286594371642,0.5862068965517241,81.78173628288842,1.166256376630235,72.87614388429887,1.060625744211961,,,,,,,,,
a_announced,add_checked_other,2020-23,o_c3,29,28.0,3.0,119.12956187036595,110.92271957395268,36.48356006359588,128.07619028762392,1.652893484640342,0.6206896551724138,111.0653342642792,1.552449560642176,102.17138920860265,1.4418560741546307,,,,,,,,,
a_announced,add_checked_other,2020-23,o_c4,29,28.0,4.0,178.70694921938514,159.55341703199292,126.70602400016769,180.0863239112668,1.7211434414093563,0.6896551724137931,161.07346270649157,1.5419081970515522,152.18964503112866,1.465387260527118,,,,,,,,,
a_announced,add_checked_other,2020-23,o_c5,29,28.0,5.0,193.17465898416,234.00802725690448,229.00604889590625,247.2550053076198,1.9144355327721383,0.6896551724137931,230.17722115570874,1.7082795948665856,221.3039580446758,1.6445354279069722,,,,,,,,,
a_announced,add_checked_other,2020-23,c_c1,29,28.0,1.0,-0.42815794376172767,-1.735879129095635,-54.72272949405535,4.594363712391836,0.08085084501847817,0.41379310344827586,-2.3691810971778633,0.0314129559555236,-11.274773495767404,-0.12400442051323952,,,,,,,,,
a_announced,add_checked_other,2020-23,c_c2,29,28.0,2.0,31.705375978889204,25.076906173023307,40.50603747578148,31.60644000013987,0.5823790294914094,0.5862068965517241,28.49754243530588,0.5030319717176535,19.603597379629317,0.3513304295478596,,,,,,,,,
a_announced,add_checked_other,2020-23,c_c3,29,28.0,3.0,90.61564628171644,73.38921270726539,35.591245962754364,83.51355176572307,0.9525186834519541,0.5172413793103449,78.09487190292133,0.827494036504308,69.21105422755844,0.7396718494047478,,,,,,,,,
a_announced,add_checked_other,2020-23,c_c4,29,28.0,4.0,105.84031736730549,148.59437717795572,166.11373532449036,151.18667909642303,1.3006170545667126,0.6206896551724138,147.65679172252425,1.112430538940675,138.7835286114913,1.0433259892290587,,,,,,,,,
a_announced,add_checked_other,2020-23,c_c5,29,28.0,5.0,102.21665600952933,159.33743914713608,52.74881432087132,159.67419785742055,1.3803714422751614,0.6206896551724138,144.25006040566538,1.0803643949796067,135.38717063242092,1.0096902529021936,,,,,,,,,
a_announced,add_checked_other,2020-23,jump,29,28.0,0.0,210.08985126280956,226.18991688417734,64.40228022677844,226.80490086357375,3.714793576575259,0.6896551724137931,228.90136424285137,3.662966268397355,220.04115441053014,3.52054350252855,,,,,,,,,
a_announced,add_checked_other,2020-23,o_eff,29,28.0,2.6551724137931036,255.245937378895,248.85476893764354,234.00882268669457,262.63198776267103,3.1805064137623513,0.7241379310344828,268.37367134368907,3.293601476568052,259.4908230868113,3.1869847142767043,,,,,,,,,
a_announced,add_checked_other,2020-23,eff_c5,29,28.0,5.0,-63.90602780978866,-41.72025105737643,52.74881432087132,-79.29783987226826,-0.7651804722964268,0.5172413793103449,-55.909292951540884,-0.9026823131763335,-64.78034712198536,-0.9851311608969872,,,,,,,,,
a_announced,add_checked_other,2020-23,o_eff_le5,29,28.0,2.6551724137931036,255.245937378895,248.85476893764354,234.00882268669457,262.63198776267103,3.1805064137623513,0.7241379310344828,268.37367134368907,3.293601476568052,259.4908230868113,3.1869847142767043,,,,,,,,,
a_announced,add_checked_other,2024-26,o_c1,13,13.0,1.0,69.55489169215743,75.71528908538708,-114.50411599866644,75.71528908538708,0.6130814762350222,0.46153846153846156,57.7894869430333,0.4586622356772493,49.05723324848467,0.38950462175152123,,,,,,,,,
a_announced,add_checked_other,2024-26,o_c2,13,13.0,2.0,111.78669947854401,26.791602291891078,-205.33475775243858,26.791602291891078,0.175247733897513,0.3076923076923077,37.08249861645632,0.24958144325208428,28.25120951212704,0.19009688948444795,,,,,,,,,
a_announced,add_checked_other,2024-26,o_c3,13,13.0,3.0,135.67379665180633,14.974015600902714,-174.0967112536623,14.974015600902714,0.0882537766329925,0.3076923076923077,20.202801637866877,0.11871304156543304,11.376697604809083,0.06682246210440818,,,,,,,,,
a_announced,add_checked_other,2024-26,o_c4,13,13.0,4.0,223.11625168021584,93.4615883883507,-351.71182971852295,93.4615883883507,0.4026155358882222,0.3076923076923077,93.79931687116056,0.39640162899898024,84.97677196791687,0.35908289573390345,,,,,,,,,
a_announced,add_checked_other,2024-26,o_c5,13,13.0,5.0,199.83121209254145,58.56705750966695,-281.6697438906949,58.56705750966695,0.24580664010187533,0.3076923076923077,53.73261643609824,0.22601341978684641,44.9169537604178,0.18889352632541676,,,,,,,,,
a_announced,add_checked_other,2024-26,c_c1,13,13.0,1.0,43.77429790314644,-47.673430805175485,-16.389353083855873,-47.673430805175485,-0.6218061916778971,0.46153846153846156,-19.11014842237939,-0.2506788116599266,-27.94143752670867,-0.36564425493057073,,,,,,,,,
a_announced,add_checked_other,2024-26,c_c2,13,13.0,2.0,73.91720166273413,-54.048925816500926,-59.600088822114124,-54.048925816500926,-0.3950837135286981,0.23076923076923078,-29.793467689982137,-0.20488113014572246,-38.619571723039925,-0.2653101320904542,,,,,,,,,
a_announced,add_checked_other,2024-26,c_c3,13,13.0,3.0,150.03556268787884,13.016748773366926,-179.4155025019048,13.016748773366926,0.07798441651402084,0.38461538461538464,32.4390132036557,0.184949095082955,23.616468300412016,0.13458306410192145,,,,,,,,,
a_announced,add_checked_other,2024-26,c_c4,13,13.0,4.0,130.52863674871796,-17.995982238922227,-149.76526387182707,-17.995982238922227,-0.09568440908103043,0.46153846153846156,-3.7676192627390273,-0.019553128267094242,-12.583281938419477,-0.06526728733561163,,,,,,,,,
a_announced,add_checked_other,2024-26,c_c5,13,13.0,5.0,63.09041227733501,-60.38981259421541,-72.22428324198789,-60.38981259421541,-0.3082960273966764,0.46153846153846156,-64.83319511079328,-0.31862147140506486,-73.62810559120487,-0.3615616601676316,,,,,,,,,
a_announced,add_checked_other,2024-26,jump,13,13.0,0.0,617.7887445241739,597.9155796880119,723.938381043006,597.9155796880119,4.600091921216068,0.9230769230769231,603.7633716139435,4.6308946207353,595.0351944481517,4.561624978519789,,,,,,,,,
a_announced,add_checked_other,2024-26,o_eff,13,13.0,2.4615384615384617,78.26926199620836,-47.5450645981798,-210.8379169921657,-47.5450645981798,-0.3076899781433661,0.23076923076923078,-26.285349566821296,-0.17167501972503424,-35.11149718846209,-0.22928708489991412,,,,,,,,,
a_announced,add_checked_other,2024-26,eff_c5,13,13.0,5.0,38.68804704747777,76.49109604419563,-171.1185564283205,76.49109604419563,0.5095790165096222,0.38461538461538464,16.442138945796593,0.09841861433005222,7.586501308256469,0.04538663380505396,,,,,,,,,
a_announced,add_checked_other,2024-26,o_eff_le5,13,13.0,2.4615384615384617,78.26926199620836,-47.5450645981798,-210.8379169921657,-47.5450645981798,-0.3076899781433661,0.23076923076923078,-26.285349566821296,-0.17167501972503424,-35.11149718846209,-0.22928708489991412,,,,,,,,,
a_announced,add_checked_other,all,o_c1,42,41.0,1.0,82.74351646987584,82.80666231112221,53.561720671673974,89.96183672197981,1.6651868713881046,0.5714285714285714,75.74489099749782,1.5610967403692715,66.92264164631762,1.3975968915484647,,,,,,,,,
a_announced,add_checked_other,all,o_c2,42,41.0,2.0,96.05155368504121,66.9637757437912,-6.271590714655158,77.96687174262314,1.0444969120387244,0.5,67.9462579575642,1.0595545964839372,59.063664197674264,0.9402741592983421,,,,,,,,,
a_announced,add_checked_other,all,o_c3,42,41.0,3.0,124.25039644557368,81.22431120134198,13.924854003247102,92.2145251430538,1.2148217296222523,0.5238095238095238,82.94121702277063,1.1856663302528185,74.06827037885702,1.0707215160930872,,,,,,,,,
a_announced,add_checked_other,all,o_c4,42,41.0,4.0,192.45268569535654,139.09642245181794,44.51275201347,152.6199443552202,1.4849602676191958,0.5714285714285714,140.25051280507958,1.3912571917140129,131.38566051156312,1.3100999874608068,,,,,,,,,
a_announced,add_checked_other,all,o_c5,42,41.0,5.0,195.2350206605638,179.7048699541881,115.20111160718699,187.42711942046398,1.6027589825490067,0.5714285714285714,175.56341493297217,1.4715654175685522,166.70798052811975,1.3989218031690325,,,,,,,,,
a_announced,add_checked_other,all,c_c1,42,41.0,1.0,13.253554580281277,-15.95464512407273,-22.23213731462446,-11.97835162244659,-0.26068179408813025,0.42857142857142855,-7.55090907878786,-0.10469898291045346,-16.433502838677796,-0.29748476739242785,,,,,,,,,
a_announced,add_checked_other,all,c_c2,42,41.0,2.0,44.77094107150788,0.5855772238848522,-12.091418037062189,4.447421570473273,0.07749035166486867,0.47619047619047616,10.455086920335779,0.17517742731538277,1.58214027642217,0.030111353084994064,,,,,,,,,
a_announced,add_checked_other,all,c_c3,42,41.0,3.0,109.00752516933814,54.70249768010634,-31.41441985130021,61.16090691448822,0.7637698579621618,0.47619047619047616,63.96329659124387,0.7602996283170343,55.098444297727404,0.6602926675175824,,,,,,,,,
a_announced,add_checked_other,all,c_c4,42,41.0,4.0,113.48194003298077,97.03069450130299,75.05492273729668,97.5433962339965,0.9749780679055452,0.5714285714285714,100.78733117946655,0.8979381131849887,91.93189677461416,0.8153531622151371,,,,,,,,,
a_announced,add_checked_other,all,c_c5,42,41.0,5.0,90.10615199718347,91.32662313195586,37.992439386810844,89.89780429958475,0.8834806369029033,0.5714285714285714,79.53381465057105,0.6663051139606117,70.69196608701293,0.5844469529672036,,,,,,,,,
a_announced,add_checked_other,all,jump,42,41.0,0.0,336.2823658437081,341.24786013298325,200.23174350048447,344.4741404908346,5.33801649504596,0.7619047619047619,344.9300808100942,5.32279115760184,336.1107382316988,5.18588857096749,,,,,,,,,
a_announced,add_checked_other,all,o_eff,42,41.0,2.5952380952380953,200.46744261758724,157.11196331941252,73.1305852494228,164.28316628240123,2.1053629491710435,0.5714285714285714,177.16968868091206,2.3119671256442955,168.30439062065525,2.198440522629822,,,,,,,,,
a_announced,add_checked_other,all,eff_c5,42,41.0,5.0,-32.150718925396674,-5.131024573556507,-55.21744924608808,-29.901347996316286,-0.3475409353007664,0.47619047619047616,-33.514802126174516,-0.6733489578878262,-42.381084512624795,-0.7706308963705542,,,,,,,,,
a_announced,add_checked_other,all,o_eff_le5,42,41.0,2.5952380952380953,200.46744261758724,157.11196331941252,73.1305852494228,164.28316628240123,2.1053629491710435,0.5714285714285714,177.16968868091206,2.3119671256442955,168.30439062065525,2.198440522629822,,,,,,,,,
a_announced,add_all,2020-23,o_c1,61,43.0,1.0,10.37959212470926,-4.337169947285638,-34.247187860399364,27.10979197341582,0.6346592276692629,0.4262295081967213,6.617470047808455,0.7404825034390646,10.773529355877862,1.2306806012511553,,,,,,,,,
a_announced,add_all,2020-23,o_c2,61,43.0,2.0,-18.957542025311383,-66.16767898226627,-49.034255989379666,-4.613047873895468,-0.06885817828976151,0.4262295081967213,-65.4710455046909,-0.08427960849216568,-22.748891920918066,0.7473997982996143,,,,,,,,,
a_announced,add_all,2020-23,o_c3,61,43.0,3.0,-4.053497681720498,-33.88051321697645,-66.64520968437539,6.019426202904369,0.08947257939445738,0.45901639344262296,-26.218139732986277,0.19936685433802603,-1.2133641936313833,1.0547030102398807,,,,,,,,,
a_announced,add_all,2020-23,o_c4,61,43.0,4.0,-12.139558671602796,-40.29448242136318,-2.6637975196897727,27.13753875469951,0.2653499299549398,0.4918032786885246,-40.04268946228041,0.3087617168693459,0.4299359976243291,1.1461121707512771,,,,,,,,,
a_announced,add_all,2020-23,o_c5,61,43.0,5.0,-49.29792444776392,-46.71584475176961,-43.141559337449706,17.025709117430733,0.14052156578537942,0.4918032786885246,-47.122730097444,0.1406657640531316,40.67042218154308,1.2745387264721872,,,,,,,,,
a_announced,add_all,2020-23,c_c1,61,43.0,1.0,-31.22637968416867,-63.51705149030221,-56.11639527025399,-33.138855297912635,-0.7229196311040472,0.4098360655737705,-73.66396289395173,-0.7803453243831129,-42.788003897880145,-0.2350943658812771,,,,,,,,,
a_announced,add_all,2020-23,c_c2,61,43.0,2.0,-12.616582359992481,-28.036649884346392,-22.01999774487845,-20.256339232256124,-0.396841901386061,0.45901639344262296,-30.712024241563537,-0.32140007368374407,-19.976193143468425,0.20500544965956902,,,,,,,,,
a_announced,add_all,2020-23,c_c3,61,43.0,3.0,-24.39081515847613,-38.712453389031985,-21.82192614584343,-3.2731459541280685,-0.03833706019331241,0.47540983606557374,-48.22566101033007,0.007502509393992421,-18.495274342779492,0.5791948731500877,,,,,,,,,
a_announced,add_all,2020-23,c_c4,61,43.0,4.0,-60.726849843058616,-44.64529249038278,-15.169374903095077,-13.218083153803404,-0.12359609978644856,0.47540983606557374,-54.73207342805187,-0.13305424912194572,22.320102813284105,0.8165499655330777,,,,,,,,,
a_announced,add_all,2020-23,c_c5,61,43.0,5.0,-139.3476708264272,-111.01404592896895,-9.895768898616286,-78.55927249690176,-0.6502896362085551,0.45901639344262296,-133.83198316661944,-0.7312218735194715,2.1759798940523014,0.6396352807355126,,,,,,,,,
a_announced,add_all,2020-23,jump,61,43.0,0.0,196.57196155494762,215.87695993433604,98.0450117519615,202.49533724614676,4.2016109315222465,0.7049180327868853,216.72742924554058,4.079093476902566,217.01000351736013,3.876888747263455,,,,,,,,,
a_announced,add_all,2020-23,o_eff,61,43.0,4.639344262295082,-25.917471892270687,-12.378626196760058,-9.19356941841914,76.47571936007876,0.9654039154904497,0.4918032786885246,3.8925283060721894,1.0342308478212783,70.06227336696315,2.2874525410640207,,,,,,,,,
a_announced,add_all,2020-23,eff_c5,61,43.0,5.0,-76.66386260734237,-109.04157830943086,-47.43684294681639,-143.79962929066264,-1.5187495462861196,0.47540983606557374,-129.80980519128903,-1.5899907614521662,-96.0051775176368,-1.2002410174636493,,,,,,,,,
a_announced,add_all,2020-23,o_eff_le5,46,36.0,3.0217391304347827,7.850500920512335,-10.416804636677517,22.214727528212272,82.43023936839525,0.8973154910242871,0.5217391304347826,2.2206330617911045,1.016402535817657,96.1696071323726,2.4222676155479634,,,,,,,,,
a_announced,add_all,2024-26,o_c1,46,27.0,1.0,59.46021511170371,68.12446852831404,14.194319970999299,65.07970639078982,0.6619165617738536,0.5,59.53608904663507,0.5362274347239407,68.96959373377992,0.6012327941351671,,,,,,,,,
a_announced,add_all,2024-26,o_c2,46,27.0,2.0,11.609377659925466,18.102388051965942,-121.93815005866844,-57.39134408228801,-0.5176409730451517,0.43478260869565216,5.74727265335135,-0.559085262645254,71.43141503621682,0.32432472109482763,,,,,,,,,
a_announced,add_all,2024-26,o_c3,46,27.0,3.0,-16.73089999051491,-29.87731049872469,-105.35840944866717,-124.62772471287423,-0.9577019686552461,0.45652173913043476,-46.927137522039224,-1.0003421176289153,45.51778957018415,0.07844904619292942,,,,,,,,,
a_announced,add_all,2024-26,o_c4,46,27.0,4.0,69.53880059324383,45.57617267327519,-9.424491424511809,7.619634680340085,0.0572975305090912,0.4782608695652174,23.05728930282855,-0.010629690499188164,87.15473630834562,0.5488293477518655,,,,,,,,,
a_announced,add_all,2024-26,o_c5,46,27.0,5.0,-29.065577944010695,-56.28735506596387,-207.34538105654082,-112.29210629278337,-0.7609276138201972,0.391304347826087,-80.35933458250365,-0.8683654355443935,25.755702939549998,0.16667310034107902,,,,,,,,,
a_announced,add_all,2024-26,c_c1,46,27.0,1.0,-46.37597301430048,-48.623402077653076,9.591078185029927,-116.50389970315312,-1.5195945343932453,0.5434782608695652,-52.18397580622314,-1.4397354830739872,-8.952920044178496,-0.4707387438187235,,,,,,,,,
a_announced,add_all,2024-26,c_c2,46,27.0,2.0,-72.02359461667236,-94.38338961958098,-41.311280900311765,-179.65114563964036,-1.5674151614263132,0.45652173913043476,-102.17766941706593,-1.498051274923089,-32.3043134175737,-0.4847637656304829,,,,,,,,,
a_announced,add_all,2024-26,c_c3,46,27.0,3.0,16.9569965112107,-16.616781176224354,-54.911446027029214,-45.23570531030117,-0.36176186156693285,0.4782608695652174,-29.56624425425499,-0.3311063015725074,8.782540935281117,0.17700613272222787,,,,,,,,,
a_announced,add_all,2024-26,c_c4,46,27.0,4.0,-83.45853908583086,-121.21483297358184,-83.72426677127585,-170.4912101221345,-1.3935282242714937,0.43478260869565216,-135.02065539406001,-1.395599795902781,-50.7241973852031,-0.2929176661533514,,,,,,,,,
a_announced,add_all,2024-26,c_c5,46,27.0,5.0,4.976757742888933,-52.130855196414274,32.028269331255885,-137.07923762661446,-1.1386396555656986,0.5434782608695652,-78.05450277365948,-1.2658749280223467,4.62122000483131,-0.22378718250848578,,,,,,,,,
a_announced,add_all,2024-26,jump,46,27.0,0.0,494.72641520361674,498.59325271857415,489.9872129852512,529.9949969933394,7.519740665925254,0.9347826086956522,500.6608382942635,7.468516436563769,507.5756503727089,6.957775946496969,,,,,,,,,
a_announced,add_all,2024-26,o_eff,46,27.0,6.8478260869565215,157.69032819684844,126.7828194512314,13.602553581410275,-23.962014814713154,-0.1848683575944446,0.5,100.07995498444949,-0.24008441362761618,184.74897003184793,0.7383314794477495,,,,,,,,,
a_announced,add_all,2024-26,eff_c5,46,27.0,5.0,46.011069274953705,65.77417799440416,-37.89710961506587,78.12415126393988,0.7410513616127279,0.4782608695652174,54.74827907075869,0.48526334472509863,32.62970787849293,0.010035927188934333,,,,,,,,,
a_announced,add_all,2024-26,o_eff_le5,18,17.0,2.388888888888889,-129.12574506234114,-236.12573939411334,-212.02333272175386,-227.41006893915633,-1.3860187140254776,0.2777777777777778,-203.6380027739687,-1.2183011981423155,-35.11149718846209,-0.22928708489991412,,,,,,,,,
a_announced,add_all,all,o_c1,107,70.0,1.0,31.47967303500594,26.81456248147683,-23.186620932190888,41.755330391545805,0.9044006669957809,0.45794392523364486,29.36753055197691,0.8519587557929399,35.628098517273536,1.2568213913251765,,,,,,,,,
a_announced,add_all,all,o_c2,107,70.0,2.0,-5.816623282125448,-29.939425864745875,-75.23023749465787,-24.970390697132594,-0.4201714789279099,0.42990654205607476,-34.8538246143176,-0.450831188793066,17.473947508691623,0.76660341207581,,,,,,,,,
a_announced,add_all,all,o_c3,107,70.0,3.0,-9.503595870548002,-32.159510179223346,-70.97638449356907,-44.373046293181666,-0.6778560336551057,0.45794392523364486,-35.12107336192493,-0.6433295096295318,18.744732726331502,0.7684569197885466,,,,,,,,,
a_announced,add_all,all,o_c4,107,70.0,4.0,22.974502320761175,-3.3781260255373424,-9.206648007122446,19.609204326018034,0.2417553297322041,0.48598130841121495,-12.915595787560667,0.23762311078569154,37.46865279699488,1.215032718058905,,,,,,,,,
a_announced,add_all,all,o_c5,107,70.0,5.0,-40.59990632465506,-50.83069965319892,-75.30740154468585,-32.85401968365184,-0.34951036728811974,0.4485981308411215,-61.41136380130142,-0.3964966421572792,34.30059417194187,1.1072461778424354,,,,,,,,,
a_announced,add_all,all,c_c1,107,70.0,1.0,-37.73928896628141,-57.11417417271475,-16.39489407339611,-65.29394385421966,-1.587843017658964,0.4672897196261682,-64.4295759216572,-1.5591834195366796,-28.3376035020284,-0.4620215187314718,,,,,,,,,
a_announced,add_all,all,c_c2,107,70.0,2.0,-38.156045573144574,-56.55954734061546,-31.218301461366433,-81.7371931322472,-1.4864723259751016,0.45794392523364486,-61.435572634770175,-1.3947904491823155,-25.241327843867552,-0.22967799777761574,,,,,,,,,
a_announced,add_all,all,c_c3,107,70.0,3.0,-6.6151204219752495,-29.21337935361934,-44.0637596770415,-19.4587045629377,-0.27293673336552643,0.4766355140186916,-40.203855675942656,-0.21270370582988546,-6.84537406777444,0.5680279806223711,,,,,,,,,
a_announced,add_all,all,c_c4,107,70.0,4.0,-70.4993517605121,-77.56303886633752,-57.91493913175697,-73.88057498444539,-0.9075861860292795,0.45794392523364486,-89.24866006764415,-0.9000815362704904,-8.875900396486474,0.5162912726277159,,,,,,,,,
a_announced,add_all,all,c_c5,107,70.0,5.0,-77.30165480597354,-85.69977701590807,-9.770095233930641,-101.13125904693379,-1.154377247039774,0.4953271028037383,-109.85287944628152,-1.2918154350302054,3.2203011913641695,0.3962476348593786,,,,,,,,,
a_announced,add_all,all,jump,107,70.0,0.0,324.75051172166513,337.41854374812056,271.30672939184444,328.81663457720686,7.392290948166767,0.8037383177570093,338.7922593038701,7.275621637067065,341.10574852849857,6.736985547120484,,,,,,,,,
a_announced,add_all,all,o_eff,107,70.0,5.588785046728972,53.01672253856557,47.44778968929234,-9.19356941841914,37.73545046408758,0.5389909876230643,0.4953271028037383,45.2441322986456,0.5906969404111353,119.04305006759104,2.1897661565121145,,,,,,,,,
a_announced,add_all,all,eff_c5,107,70.0,5.0,-23.925106844859947,-33.88714101993172,-47.43684294681639,-58.20045679103022,-0.8068570690613254,0.4766355140186916,-50.46707737769841,-1.0247378816242636,-42.188541790684575,-0.9660922664962195,,,,,,,,,
a_announced,add_all,all,o_eff_le5,64,53.0,2.84375,-30.674068262165203,-73.89744253720636,-75.6748346192833,-16.952501032140148,-0.20179022305515362,0.453125,-55.677108267016344,0.039134045923597205,63.968581544243335,1.7755698825283743,,,,,,,,,
a_announced,del_checked,2020-23,o_c1,27,16.0,1.0,-15.742715110494718,-21.948985301365195,13.425022812226075,-25.727280293793815,-0.41943113310546437,0.5925925925925926,-4.7442596530795145,-0.15008423511869673,-4.061735610700643,0.012891926069212321,,,,,,,,,
a_announced,del_checked,2020-23,o_c2,27,16.0,2.0,-1.8414555086960278,-52.714594784890416,-47.842725771028896,-71.215958129304,-0.7389439225954024,0.2962962962962963,-66.17023837323802,-0.7207287409380029,57.36354131909279,0.6306630240011093,,,,,,,,,
a_announced,del_checked,2020-23,o_c3,27,16.0,3.0,-4.367069510757909,-13.636523128978169,-53.899603850725725,-25.35653673770661,-0.27450496956367965,0.4444444444444444,-14.814714951847014,-0.345429458945633,5.99916146196424,0.23010814817537223,,,,,,,,,
a_announced,del_checked,2020-23,o_c4,27,16.0,4.0,-54.49533524110595,-21.63097685184634,-135.46851411815726,-41.92738831445615,-0.3083342335130265,0.37037037037037035,-40.06722928718908,-0.4387856808771819,31.261699221190785,0.36730914346326754,,,,,,,,,
a_announced,del_checked,2020-23,o_c5,27,16.0,5.0,-31.56056883260228,-0.722785181820872,-130.71528147584706,5.921549589501486,0.0370131613205701,0.4444444444444444,-0.08384226587098019,-0.0044514692365143676,-8.714398702672641,-0.05185392205583465,,,,,,,,,
a_announced,del_checked,2020-23,c_c1,27,16.0,1.0,14.633796025607229,-30.278248730969526,-103.06059805320749,-44.51562084656435,-0.6434216497603226,0.3333333333333333,-60.96844172743937,-0.8990228584687956,52.16174467329414,0.7678598273517474,,,,,,,,,
a_announced,del_checked,2020-23,c_c2,27,16.0,2.0,15.209108551555913,12.19550663364445,-59.54764634498609,5.867472736168185,0.061202849825489784,0.37037037037037035,-6.154911865036632,-0.14222866801478662,-2.6606416248461424,0.0333851144328096,,,,,,,,,
a_announced,del_checked,2020-23,c_c3,27,16.0,3.0,-30.777576292401722,7.4226479177678995,-94.51394682080438,-4.698837700033266,-0.029959787516329734,0.3333333333333333,-27.450546905200156,-0.20997045562358818,18.64501683920186,0.15238016709425253,,,,,,,,,
a_announced,del_checked,2020-23,c_c4,27,16.0,4.0,-5.065846597350888,30.66388480556146,-59.31152717924791,47.56379727202981,0.2516759488886728,0.4444444444444444,15.163499501487797,0.13410405108278228,-23.96174047003142,-0.1785826127949508,,,,,,,,,
a_announced,del_checked,2020-23,c_c5,27,16.0,5.0,-122.71550168641745,-37.69908682262869,-181.7949281866782,-31.943129622913276,-0.17228031205377903,0.4074074074074074,-82.47656684808835,-0.3114133636393864,73.67686136401696,0.2680560768953423,,,,,,,,,
a_announced,del_checked,2020-23,jump,27,16.0,0.0,-52.13275190614978,-40.17150601155757,-12.182332657458863,-18.574560444420133,-0.32539288322627846,0.48148148148148145,-35.09921077762342,-0.3197268028203169,26.295784681424824,0.1689731923692575,,,,,,,,,
a_announced,del_checked,2020-23,o_eff,27,16.0,6.925925925925926,-256.82087815635316,-111.29331785970066,-83.50287670436441,-110.96157954334886,-0.745907341819468,0.4074074074074074,-103.28311273261701,-0.748539216258539,94.45662437311343,0.6949518922813892,,,,,,,,,
a_announced,del_checked,2020-23,eff_c5,27,16.0,5.0,-8.492500731967562,-92.51136558068049,-121.51186975224364,-28.240635280437132,-0.2823896222292821,0.37037037037037035,-156.83560200574013,-0.3091493658689584,148.00545547799445,0.24509893907681088,,,,,,,,,
a_announced,del_checked,2020-23,o_eff_le5,12,9.0,3.75,-73.43249026195865,-76.89698731904694,-105.14240126104971,-60.196113232493495,-0.40718895044892917,0.4166666666666667,-89.4446144689151,-0.5078884707776492,80.75729921727567,0.43423752952832906,,,,,,,,,
a_announced,del_checked,2024-26,o_c1,32,14.0,1.0,-29.63357469541444,-25.56081689847584,-31.056392472285783,14.25279544609704,0.34075620165175485,0.4375,-30.410228576866068,0.24246832277791722,21.840986467932673,-0.4542872848616916,,,,,,,,,
a_announced,del_checked,2024-26,o_c2,32,14.0,2.0,-63.17289035253769,-27.426080382588385,-8.95142885098744,55.57552097264655,0.8397800254572385,0.5,-46.61597177292701,0.5532373751644847,38.062322732376785,-0.6712512803728755,,,,,,,,,
a_announced,del_checked,2024-26,o_c3,32,14.0,3.0,-70.73164121537145,-43.44974765983065,-109.55222472778657,88.99080137445046,0.8744921882352377,0.40625,-67.21390597487387,0.6826582968750294,58.66013662636449,-0.7545264121836626,,,,,,,,,
a_announced,del_checked,2024-26,o_c4,32,14.0,4.0,-61.339461463290164,-44.04569760905082,7.240221517475966,48.337165033566755,0.563628894973262,0.53125,-71.76144934959959,0.30974462385709195,63.20642786335449,-0.39589796836479507,,,,,,,,,
a_announced,del_checked,2024-26,o_c5,32,14.0,5.0,-14.871452736422984,-1.2827080173079308,23.937598389680137,36.56514263276723,0.41957425440308355,0.5,-23.49390098202925,0.1443060950232198,14.940112188523146,-0.23466777318578336,,,,,,,,,
a_announced,del_checked,2024-26,c_c1,32,14.0,1.0,-33.46639849192392,-1.765361846270345,23.72264758527526,41.43710073633504,0.8967769899640452,0.53125,-15.98533147982549,0.5483227998911125,7.431682439275264,-0.703173332488938,,,,,,,,,
a_announced,del_checked,2024-26,c_c2,32,14.0,2.0,-40.919147300922596,-18.069781858422495,-85.05985908813605,74.22587650762956,0.8128576905637532,0.40625,-36.47730237844832,0.6463744065113464,27.923533029938948,-0.7242349189410052,,,,,,,,,
a_announced,del_checked,2024-26,c_c3,32,14.0,3.0,-30.153810839481515,-18.041372199835607,-3.3248724568327517,34.42721166056505,0.46210236557683076,0.5,-39.85138308972139,0.23121791584949897,31.296361603476292,-0.3217781544249982,,,,,,,,,
a_announced,del_checked,2024-26,c_c4,32,14.0,4.0,17.958375870673823,24.99935615398071,78.12852986242899,23.686369358680366,0.27614223803791654,0.53125,9.669100398316047,0.065128035715563,-18.222889191822148,-0.14977081523373023,,,,,,,,,
a_announced,del_checked,2024-26,c_c5,32,14.0,5.0,-6.595953637399815,-37.67844785543919,-18.72699277155753,-12.750569274393705,-0.15278999184724426,0.46875,-61.962723799515416,-0.4411045965115779,53.40655560416043,0.348421122577198,,,,,,,,,
a_announced,del_checked,2024-26,jump,32,14.0,0.0,-21.164837423655708,-3.911141098993363,-0.3270196296866357,-25.538019314570825,-1.274676765186382,0.5,-4.699780402723334,-1.1106729316889152,-3.8702071553524746,0.7158549297478957,,,,,,,,,
a_announced,del_checked,2024-26,o_eff,32,14.0,8.75,-73.49758358333166,-66.4806511384644,-141.60100557424028,75.8979234320034,0.633566213379143,0.4375,-108.83018768808567,0.2359950511060105,100.29575819871268,-0.30753236632793923,,,,,,,,,
a_announced,del_checked,2024-26,eff_c5,32,14.0,5.0,-27.684469570499783,-21.36653126797985,6.994950897126727,-71.07658124478498,-0.757926820706609,0.5,4.701879247047367,-0.4534508014395042,-13.185223601364891,0.37591495916936557,,,,,,,,,
a_announced,del_checked,2024-26,o_eff_le5,5,4.0,3.4,194.28698864033845,185.3636324360177,158.53792385100024,305.28237007485046,,0.6,180.5614484502871,,-188.92084883115555,,,,,,,,,,
a_announced,del_checked,all,o_c1,59,30.0,1.0,-23.27674064807829,-23.907944811662485,4.672843333116588,-7.069911615178085,-0.1847461254105612,0.5084745762711864,-18.66478517106544,-0.015336717700324274,9.987198398049628,-0.2063890657223731,,,,,,,,,
a_announced,del_checked,all,o_c2,59,30.0,2.0,-35.10596254264404,-38.99879036330286,-33.97621634080578,-12.046601215060404,-0.197269809645463,0.4067796610169492,-55.56453445442527,-0.30154308728343865,46.89508378053496,0.16363985403767167,,,,,,,,,
a_announced,del_checked,all,o_c3,59,30.0,3.0,-40.36141348614152,-29.80640762028798,-68.31837689696786,28.005554381300026,0.40461531910499515,0.423728813559322,-43.234615167725984,0.34056050411720745,34.56104629689319,-0.46575177968195713,,,,,,,,,
a_announced,del_checked,all,o_c4,59,30.0,4.0,-58.20740370059569,-33.78811353371996,-52.46934296397256,0.19606991462121104,0.002355478722946779,0.4576271186440678,-57.25731474476766,-0.18090702380772974,48.58765373897449,0.07345626512906543,,,,,,,,,
a_announced,del_checked,all,o_c5,59,30.0,5.0,-22.50884484823385,-1.0264721434409616,-53.60853426443993,20.221893009692163,0.21384548035563408,0.4745762711864407,-12.780823264465296,0.06320897687562137,4.115166526450498,-0.15509615064278776,,,,,,,,,
a_announced,del_checked,all,c_c1,59,30.0,1.0,-11.454445068646955,-14.813632115539459,-28.28516772848913,-4.404350774544635,-0.10136865086945811,0.4406779661016949,-36.57082261008947,-0.40385253236040863,27.90137193619915,0.21021653679637073,,,,,,,,,
a_announced,del_checked,all,c_c2,59,30.0,2.0,-15.23333530063582,-4.219565090866439,-76.02422652854942,37.76806116285017,0.5649632047204728,0.3898305084745763,-22.600954177395515,0.3983309426542233,13.92738530656272,-0.5274039673850175,,,,,,,,,
a_announced,del_checked,all,c_c3,59,30.0,3.0,-30.439262826411102,-6.38834604432215,-43.45019351804499,13.559985334912616,0.14957830430468866,0.423728813559322,-34.17642415782184,-0.07563576683409079,25.506763152028668,-0.017775216214758853,,,,,,,,,
a_announced,del_checked,all,c_c4,59,30.0,4.0,7.421867283611666,27.591598079280356,-1.6734402780842206,36.420997579133406,0.33576068176504226,0.4915254237288136,12.183486428581086,0.14897277887101604,-20.84914316659588,-0.22392253111343566,,,,,,,,,
a_announced,del_checked,all,c_c5,59,30.0,5.0,-59.735407829323144,-37.6878928065259,-70.52595725417763,-22.986601460270798,-0.21625510126213407,0.4406779661016949,-71.35041468615049,-0.45161614216592005,62.68279722307782,0.3772643314445035,,,,,,,,,
a_announced,del_checked,all,jump,59,30.0,0.0,-35.33659489869536,-20.504867414912574,-1.7427732336860058,-21.824174583823787,-0.6851281472865808,0.4915254237288136,-18.611384133609814,-0.6452829699793398,9.93456876995239,0.38060372001710785,,,,,,,,,
a_announced,del_checked,all,o_eff,59,30.0,7.915254237288136,-157.3912946591212,-86.9881426888607,-98.74758970243782,-23.760478154851114,-0.24113143690770758,0.423728813559322,-106.29169575931188,-0.5016224702919277,97.62361221072658,0.4186292134207249,,,,,,,,,
a_announced,del_checked,all,eff_c5,59,30.0,5.0,-18.901704169815545,-53.92433680091065,-64.40760689449247,-48.230743397132805,-0.6979565393622009,0.4406779661016949,-69.22205285168589,-0.5119340392491386,60.58000241800294,0.41519180724465204,,,,,,,,,
a_announced,del_checked,all,o_eff_le5,17,13.0,3.6470588235294117,5.308532944599313,0.23848907950146567,-79.56952104625235,52.25880470822772,0.4049869634859635,0.47058823529411764,-10.031066551502692,0.4907488433531423,1.4401968500900226,-0.5646331430427257,,,,,,,,,
a_announced,del_checked_mcapchange,2020-23,o_c1,26,15.0,1.0,-18.299971996116625,-27.15173081737643,11.93190613226384,-34.997258854375204,-0.5407197147070237,0.5769230769230769,-9.520010928885617,-0.26834386802981103,0.7007281396724625,0.13826544812873087,,,,,,,,,
a_announced,del_checked_mcapchange,2020-23,o_c2,26,15.0,2.0,-15.919222070190706,-66.90511810327342,-60.521977803320006,-97.0462894374621,-0.9775154946870617,0.2692307692307692,-81.10942040674558,-0.9594551945209986,72.28893881956215,0.8718287345015548,,,,,,,,,
a_announced,del_checked_mcapchange,2020-23,o_c3,26,15.0,3.0,-9.75891510435269,-22.49376298500349,-61.1089903738468,-41.49042006206572,-0.42724834282536545,0.4230769230769231,-24.348412479412865,-0.5489734032941953,15.519320994127595,0.43795048796160263,,,,,,,,,
a_announced,del_checked_mcapchange,2020-23,o_c4,26,15.0,4.0,-39.82893000083809,-7.051548271161998,-112.94073494734322,-18.009472872110607,-0.1260049512423046,0.38461538461538464,-25.900774166310782,-0.23612735745410415,17.082130430051773,0.16773837165649128,,,,,,,,,
a_announced,del_checked_mcapchange,2020-23,o_c5,26,15.0,5.0,-24.90991061350961,8.782737044034464,-105.14240126104971,22.840743765738903,0.13455230959416511,0.46153846153846156,9.15485703004456,0.09186384187384873,-17.96517587305838,-0.14506620427957043,,,,,,,,,
a_announced,del_checked_mcapchange,2020-23,c_c1,26,15.0,1.0,3.202327095805027,-39.147449255749905,-104.64265015835271,-60.83805989722331,-0.8467730697669953,0.3076923076923077,-71.0239884806224,-1.1217784877756733,62.20350689343896,0.9944915673064235,,,,,,,,,
a_announced,del_checked_mcapchange,2020-23,c_c2,26,15.0,2.0,12.538481545412877,8.704593185005605,-71.1401357619844,-0.6053128346375503,-0.0059320078176985,0.34615384615384615,-10.753336120334184,-0.23066235243338837,1.9242446350489133,0.12785844238201163,,,,,,,,,
a_announced,del_checked_mcapchange,2020-23,c_c3,26,15.0,3.0,-13.34166897193738,27.39688161440331,-70.99373209701038,29.115068332948034,0.17795590195351457,0.34615384615384615,-8.28907002586041,0.004438804675661087,-0.5295737103986,-0.05979698489873139,,,,,,,,,
a_announced,del_checked_mcapchange,2020-23,c_c4,26,15.0,4.0,4.506045020617637,45.717481183508724,-30.492483728666066,74.78335849156964,0.37463298490976443,0.46153846153846156,29.56014501841635,0.24923180361308553,-38.37046386143017,-0.29138875501510525,,,,,,,,,
a_announced,del_checked_mcapchange,2020-23,c_c5,26,15.0,5.0,-125.15077366548107,-26.764575936708333,-149.2995453484964,-12.606246940670289,-0.06406795008747547,0.4230769230769231,-73.69946304429912,-0.21654283064429589,64.8877751571006,0.17565250960644122,,,,,,,,,
a_announced,del_checked_mcapchange,2020-23,jump,26,15.0,0.0,-47.37052437392881,-33.683496887385964,-3.3401649726323446,-5.888881591380202,-0.09903475518313849,0.5,-28.07099758671511,-0.0893181472449159,19.254861559619844,-0.05581941098539232,,,,,,,,,
a_announced,del_checked_mcapchange,2020-23,o_eff,26,15.0,7.076923076923077,-271.9224856209324,-123.90658828229223,-107.10907909010574,-132.80246572141746,-0.8455179960524991,0.38461538461538464,-116.21944094405863,-0.8457779747334027,107.37899401724405,0.7949747682751055,,,,,,,,,
a_announced,del_checked_mcapchange,2020-23,eff_c5,26,15.0,5.0,-13.97306217348686,-89.26776105877536,-111.93171730560697,-18.33367208911867,-0.17266410745217212,0.38461538461538464,-156.17217845648264,-0.23095209991878146,147.32868426906902,0.17062430977551982,,,,,,,,,
a_announced,del_checked_mcapchange,2020-23,o_eff_le5,11,8.0,3.8181818181818183,-92.45552718783729,-103.58323281420395,-130.71528147584706,-94.80209152751522,-0.5844348748169653,0.36363636363636365,-118.76334494471331,-0.7601586681395166,110.0556888165083,0.691412151756754,,,,,,,,,
a_announced,del_checked_mcapchange,2024-26,o_c1,32,14.0,1.0,-29.63357469541444,-25.56081689847584,-31.056392472285783,14.25279544609704,0.34075620165175485,0.4375,-30.410228576866068,0.24246832277791722,21.840986467932673,-0.4542872848616916,,,,,,,,,
a_announced,del_checked_mcapchange,2024-26,o_c2,32,14.0,2.0,-63.17289035253769,-27.426080382588385,-8.95142885098744,55.57552097264655,0.8397800254572385,0.5,-46.61597177292701,0.5532373751644847,38.062322732376785,-0.6712512803728755,,,,,,,,,
a_announced,del_checked_mcapchange,2024-26,o_c3,32,14.0,3.0,-70.73164121537145,-43.44974765983065,-109.55222472778657,88.99080137445046,0.8744921882352377,0.40625,-67.21390597487387,0.6826582968750294,58.66013662636449,-0.7545264121836626,,,,,,,,,
a_announced,del_checked_mcapchange,2024-26,o_c4,32,14.0,4.0,-61.339461463290164,-44.04569760905082,7.240221517475966,48.337165033566755,0.563628894973262,0.53125,-71.76144934959959,0.30974462385709195,63.20642786335449,-0.39589796836479507,,,,,,,,,
a_announced,del_checked_mcapchange,2024-26,o_c5,32,14.0,5.0,-14.871452736422984,-1.2827080173079308,23.937598389680137,36.56514263276723,0.41957425440308355,0.5,-23.49390098202925,0.1443060950232198,14.940112188523146,-0.23466777318578336,,,,,,,,,
a_announced,del_checked_mcapchange,2024-26,c_c1,32,14.0,1.0,-33.46639849192392,-1.765361846270345,23.72264758527526,41.43710073633504,0.8967769899640452,0.53125,-15.98533147982549,0.5483227998911125,7.431682439275264,-0.703173332488938,,,,,,,,,
a_announced,del_checked_mcapchange,2024-26,c_c2,32,14.0,2.0,-40.919147300922596,-18.069781858422495,-85.05985908813605,74.22587650762956,0.8128576905637532,0.40625,-36.47730237844832,0.6463744065113464,27.923533029938948,-0.7242349189410052,,,,,,,,,
a_announced,del_checked_mcapchange,2024-26,c_c3,32,14.0,3.0,-30.153810839481515,-18.041372199835607,-3.3248724568327517,34.42721166056505,0.46210236557683076,0.5,-39.85138308972139,0.23121791584949897,31.296361603476292,-0.3217781544249982,,,,,,,,,
a_announced,del_checked_mcapchange,2024-26,c_c4,32,14.0,4.0,17.958375870673823,24.99935615398071,78.12852986242899,23.686369358680366,0.27614223803791654,0.53125,9.669100398316047,0.065128035715563,-18.222889191822148,-0.14977081523373023,,,,,,,,,
a_announced,del_checked_mcapchange,2024-26,c_c5,32,14.0,5.0,-6.595953637399815,-37.67844785543919,-18.72699277155753,-12.750569274393705,-0.15278999184724426,0.46875,-61.962723799515416,-0.4411045965115779,53.40655560416043,0.348421122577198,,,,,,,,,
a_announced,del_checked_mcapchange,2024-26,jump,32,14.0,0.0,-21.164837423655708,-3.911141098993363,-0.3270196296866357,-25.538019314570825,-1.274676765186382,0.5,-4.699780402723334,-1.1106729316889152,-3.8702071553524746,0.7158549297478957,,,,,,,,,
a_announced,del_checked_mcapchange,2024-26,o_eff,32,14.0,8.75,-73.49758358333166,-66.4806511384644,-141.60100557424028,75.8979234320034,0.633566213379143,0.4375,-108.83018768808567,0.2359950511060105,100.29575819871268,-0.30753236632793923,,,,,,,,,
a_announced,del_checked_mcapchange,2024-26,eff_c5,32,14.0,5.0,-27.684469570499783,-21.36653126797985,6.994950897126727,-71.07658124478498,-0.757926820706609,0.5,4.701879247047367,-0.4534508014395042,-13.185223601364891,0.37591495916936557,,,,,,,,,
a_announced,del_checked_mcapchange,2024-26,o_eff_le5,5,4.0,3.4,194.28698864033845,185.3636324360177,158.53792385100024,305.28237007485046,,0.6,180.5614484502871,,-188.92084883115555,,,,,,,,,,
a_announced,del_checked_mcapchange,all,o_c1,58,29.0,1.0,-24.552994175039558,-26.27398520694851,1.380177878246452,-11.221370571388602,-0.285081144067309,0.5,-21.045648251909313,-0.11764773292200925,12.364318941471199,-0.09803198595183327,,,,,,,,,
a_announced,del_checked_mcapchange,all,o_c2,58,29.0,2.0,-41.99021146734766,-45.12358005048167,-34.503638106752604,-23.366794756719994,-0.37619044008191205,0.39655172413793105,-62.078552194983615,-0.4805308258606427,53.40528856456333,0.34485483614872536,,,,,,,,,
a_announced,del_checked_mcapchange,all,o_c3,58,29.0,3.0,-43.399039855259595,-34.05568556421847,-76.33684660787694,21.500514424528287,0.3015683621399276,0.41379310344827586,-47.998339925184446,0.22988564676164217,39.321150308465185,-0.35161113005377576,,,,,,,,,
a_announced,del_checked_mcapchange,all,o_c4,58,29.0,4.0,-51.696809428397856,-27.462113423100668,-39.13302989636929,14.019938530630185,0.16502850317597625,0.46551724137931033,-51.20321564674598,-0.012508146466759443,42.53001866911534,-0.09292831813868954,,,,,,,,,
a_announced,del_checked_mcapchange,all,o_c5,58,29.0,5.0,-19.37145109511699,3.229388044673146,-50.36185922389984,29.466315632580162,0.302619037877078,0.4827586206896552,-8.858250838685818,0.14863661020533794,0.1894658160900478,-0.23789566109847565,,,,,,,,,
a_announced,del_checked_mcapchange,all,c_c1,58,29.0,1.0,-17.028693918114392,-18.522849305692212,-32.850987244253695,-11.463844418953768,-0.25837004082972337,0.43103448275862066,-40.657832893975836,-0.5608096078449238,31.984569263555546,0.37094010195784105,,,,,,,,,
a_announced,del_checked_mcapchange,all,c_c2,58,29.0,2.0,-16.955382645668763,-6.067475804471972,-79.37842585376607,35.52008891680175,0.5139060710621327,0.3793103448275862,-24.94586922825923,0.3425265259308352,16.268679611539966,-0.4675099376337688,,,,,,,,,
a_announced,del_checked_mcapchange,all,c_c3,58,29.0,3.0,-22.61733345058242,2.3275001996507987,-42.11092118906923,31.679551318694195,0.34452217798931545,0.43103448275862066,-25.702759992128534,0.115038793649201,17.029563014497892,-0.20709507433466381,,,,,,,,,
a_announced,del_checked_mcapchange,all,c_c4,58,29.0,4.0,11.928020662027947,34.286791512045,5.765516337876142,50.1158464963817,0.4500923906277232,0.5,18.58577557284377,0.25396110072741956,-27.25456059543954,-0.3269252953748646,,,,,,,,,
a_announced,del_checked_mcapchange,all,c_c5,58,29.0,5.0,-59.741217787919,-32.78602251255983,-58.727205833150265,-12.675919791433298,-0.11580623896642134,0.4482758620689655,-67.22402070234949,-0.3637971917928912,58.553309196857754,0.2916545898391289,,,,,,,,,
a_announced,del_checked_mcapchange,all,jump,58,29.0,0.0,-32.91221433239882,-17.25736955585901,-0.3270196296866357,-15.37467221636878,-0.47609842311252376,0.5,-15.176532933478269,-0.43299286519662594,6.4962029582558065,0.17158350405510808,,,,,,,,,
a_announced,del_checked_mcapchange,all,o_eff,58,29.0,8.0,-162.44667760018714,-92.22331261673207,-114.73143558914244,-32.050553716317715,-0.31550176485591913,0.41379310344827586,-112.14261156145285,-0.578554477252847,103.47100184150261,0.4979583317477053,,,,,,,,,
a_announced,del_checked_mcapchange,all,eff_c5,58,29.0,5.0,-21.537976599425022,-51.80501358799163,-64.33139141635631,-43.79576616426793,-0.6138745615981053,0.4482758620689655,-67.41407765453505,-0.4477344360735163,58.76928682331238,0.3540407473446128,,,,,,,,,
a_announced,del_checked_mcapchange,all,o_eff_le5,16,12.0,3.6875,-2.8484909915323793,-13.287337423509674,-105.14240126104971,38.559395673273336,0.2772814019854434,0.4375,-25.224347008775684,0.3393834530344572,16.625520801613337,-0.4081655949099431,,,,,,,,,
a_announced,del_checked_other,2020-23,o_c1,1,,,,,,,,,,,,,,,,,,,,,
a_announced,del_checked_other,2020-23,o_c2,1,,,,,,,,,,,,,,,,,,,,,
a_announced,del_checked_other,2020-23,o_c3,1,,,,,,,,,,,,,,,,,,,,,
a_announced,del_checked_other,2020-23,o_c4,1,,,,,,,,,,,,,,,,,,,,,
a_announced,del_checked_other,2020-23,o_c5,1,,,,,,,,,,,,,,,,,,,,,
a_announced,del_checked_other,2020-23,c_c1,1,,,,,,,,,,,,,,,,,,,,,
a_announced,del_checked_other,2020-23,c_c2,1,,,,,,,,,,,,,,,,,,,,,
a_announced,del_checked_other,2020-23,c_c3,1,,,,,,,,,,,,,,,,,,,,,
a_announced,del_checked_other,2020-23,c_c4,1,,,,,,,,,,,,,,,,,,,,,
a_announced,del_checked_other,2020-23,c_c5,1,,,,,,,,,,,,,,,,,,,,,
a_announced,del_checked_other,2020-23,jump,1,,,,,,,,,,,,,,,,,,,,,
a_announced,del_checked_other,2020-23,o_eff,1,,,,,,,,,,,,,,,,,,,,,
a_announced,del_checked_other,2020-23,eff_c5,1,,,,,,,,,,,,,,,,,,,,,
a_announced,del_checked_other,2020-23,o_eff_le5,1,,,,,,,,,,,,,,,,,,,,,
a_announced,del_checked_other,2024-26,o_c1,0,,,,,,,,,,,,,,,,,,,,,
a_announced,del_checked_other,2024-26,o_c2,0,,,,,,,,,,,,,,,,,,,,,
a_announced,del_checked_other,2024-26,o_c3,0,,,,,,,,,,,,,,,,,,,,,
a_announced,del_checked_other,2024-26,o_c4,0,,,,,,,,,,,,,,,,,,,,,
a_announced,del_checked_other,2024-26,o_c5,0,,,,,,,,,,,,,,,,,,,,,
a_announced,del_checked_other,2024-26,c_c1,0,,,,,,,,,,,,,,,,,,,,,
a_announced,del_checked_other,2024-26,c_c2,0,,,,,,,,,,,,,,,,,,,,,
a_announced,del_checked_other,2024-26,c_c3,0,,,,,,,,,,,,,,,,,,,,,
a_announced,del_checked_other,2024-26,c_c4,0,,,,,,,,,,,,,,,,,,,,,
a_announced,del_checked_other,2024-26,c_c5,0,,,,,,,,,,,,,,,,,,,,,
a_announced,del_checked_other,2024-26,jump,0,,,,,,,,,,,,,,,,,,,,,
a_announced,del_checked_other,2024-26,o_eff,0,,,,,,,,,,,,,,,,,,,,,
a_announced,del_checked_other,2024-26,eff_c5,0,,,,,,,,,,,,,,,,,,,,,
a_announced,del_checked_other,2024-26,o_eff_le5,0,,,,,,,,,,,,,,,,,,,,,
a_announced,del_checked_other,all,o_c1,1,,,,,,,,,,,,,,,,,,,,,
a_announced,del_checked_other,all,o_c2,1,,,,,,,,,,,,,,,,,,,,,
a_announced,del_checked_other,all,o_c3,1,,,,,,,,,,,,,,,,,,,,,
a_announced,del_checked_other,all,o_c4,1,,,,,,,,,,,,,,,,,,,,,
a_announced,del_checked_other,all,o_c5,1,,,,,,,,,,,,,,,,,,,,,
a_announced,del_checked_other,all,c_c1,1,,,,,,,,,,,,,,,,,,,,,
a_announced,del_checked_other,all,c_c2,1,,,,,,,,,,,,,,,,,,,,,
a_announced,del_checked_other,all,c_c3,1,,,,,,,,,,,,,,,,,,,,,
a_announced,del_checked_other,all,c_c4,1,,,,,,,,,,,,,,,,,,,,,
a_announced,del_checked_other,all,c_c5,1,,,,,,,,,,,,,,,,,,,,,
a_announced,del_checked_other,all,jump,1,,,,,,,,,,,,,,,,,,,,,
a_announced,del_checked_other,all,o_eff,1,,,,,,,,,,,,,,,,,,,,,
a_announced,del_checked_other,all,eff_c5,1,,,,,,,,,,,,,,,,,,,,,
a_announced,del_checked_other,all,o_eff_le5,1,,,,,,,,,,,,,,,,,,,,,
a_announced,del_all,2020-23,o_c1,30,19.0,1.0,-9.827243428819502,-4.3231390213047165,16.904042576767115,2.699576199843025,0.041395784507839546,0.6,9.826323694026474,0.21499910597318356,-2.435059223953997,0.04537043972198365,,,,,,,,,
a_announced,del_all,2020-23,o_c2,30,19.0,2.0,63.355361075477084,23.987319903684995,-34.503638106752604,52.81359611756463,0.4132212446407139,0.36666666666666664,12.990370029687949,0.42840824896276486,-12.754310666233575,-0.3825742857178611,,,,,,,,,
a_announced,del_all,2020-23,o_c3,30,19.0,3.0,-20.445905803323097,-14.254976075769461,-51.95977110121383,-24.482512925998893,-0.23856836323214417,0.4666666666666667,-15.442597650970743,-0.2766476687473967,-25.015510023167447,-0.40633506952546966,,,,,,,,,
a_announced,del_all,2020-23,o_c4,30,19.0,4.0,-5.17319862850459,36.04567249907082,-92.90725175426938,52.34570194424618,0.3969158528009866,0.4,22.433141686685012,0.3760019797160459,1.0465230646560586,-0.040693216330884324,,,,,,,,,
a_announced,del_all,2020-23,o_c5,30,19.0,5.0,-7.3033883517933385,37.358741459361426,-15.350395846845474,65.00117037484371,0.4674286923512045,0.5,39.93462483537114,0.4554727351852269,-46.14313269483691,-0.4723824769926466,,,,,,,,,
a_announced,del_all,2020-23,c_c1,30,19.0,1.0,73.41490319445143,28.259957125372974,-93.29054294161097,50.16113136591248,0.510263985094473,0.36666666666666664,3.1428135854298933,0.4083179131194791,-18.79784044432947,-0.5999248846428151,,,,,,,,,
a_announced,del_all,2020-23,c_c2,30,19.0,2.0,-5.5596198586196355,-4.715432794452901,-57.84266930751267,-19.834847324384008,-0.17493297982288142,0.4,-19.983943982220293,-0.3110259597621657,-35.03053850981475,-0.6231688293153663,,,,,,,,,
a_announced,del_all,2020-23,c_c3,30,19.0,3.0,11.731269947256854,46.833600218564364,-45.46185544563068,59.44290050403506,0.4355912696670664,0.4,19.802742143512518,0.31910370159143425,-12.526454283467341,-0.1948602787803217,,,,,,,,,
a_announced,del_all,2020-23,c_c4,30,19.0,4.0,13.88042127291759,52.154073074991054,-30.492483728666066,78.82726625537104,0.47396130368045153,0.4666666666666667,41.52053357776168,0.38016682808132335,-63.16011308376143,-0.531766281190096,,,,,,,,,
a_announced,del_all,2020-23,c_c5,30,19.0,5.0,-115.52919902936402,-32.25673916351991,-149.2995453484964,-24.258784455854478,-0.13435358167037015,0.43333333333333335,-69.178842068121,-0.23132683904036241,14.701877200692266,-0.20012326004514427,,,,,,,,,
a_announced,del_all,2020-23,jump,30,19.0,0.0,-47.194084740590505,-49.93703966141893,-13.419363834584399,-37.403868139012395,-0.6699619120696586,0.4666666666666667,-42.64147046635776,-0.5893807913030025,45.45780105286593,0.7537931068623972,,,,,,,,,
a_announced,del_all,2020-23,o_eff,30,19.0,6.633333333333334,-196.18696452920184,-50.621990642048395,-68.77039912002473,-15.217126828584929,-0.10900492148028364,0.4666666666666667,-40.38668227688617,-0.1331271876311713,66.01329178685415,0.4366433839107883,,,,,,,,,
a_announced,del_all,2020-23,eff_c5,30,19.0,5.0,-46.21234915620883,-124.150406356086,-149.1784764512288,-88.34502549953685,-0.6187643423425365,0.36666666666666664,-181.5275963845921,-0.6071621242113729,115.47835469650826,-0.040867325305874544,,,,,,,,,
a_announced,del_all,2020-23,o_eff_le5,15,12.0,3.8,11.1576594134651,37.566401008126974,12.198616050890987,78.70790365483553,0.5540570560299296,0.5333333333333333,33.58054678980619,0.6760493455634947,23.796013882286882,-0.14104855532955207,,,,,,,,,
a_announced,del_all,2024-26,o_c1,33,14.0,1.0,-27.45427061139409,-20.58293316183142,-27.366731324950237,7.025137677821351,0.18382215268205362,0.45454545454545453,-26.70640834015964,0.06810398951493657,18.11688226973667,-0.29873720619010163,,,,,,,,,
a_announced,del_all,2024-26,o_c2,33,14.0,2.0,-56.517694877040384,-16.45020747183677,2.720553216476948,57.215185490135234,0.8589708897329655,0.5151515151515151,-38.024076143923054,0.5738776187670526,29.449772717369026,-0.6918356296826014,,,,,,,,,
a_announced,del_all,2024-26,o_c3,33,14.0,3.0,-66.0256242041628,-35.4166872200764,-108.77645813946164,85.64196171534972,0.8455906484529088,0.42424242424242425,-62.49983650069609,0.6552873552304662,53.92580924303506,-0.7274916617687561,,,,,,,,,
a_announced,del_all,2024-26,o_c4,33,14.0,4.0,-59.99320202915866,-36.566188083859444,13.903444265726435,38.311083429124736,0.46374076209689274,0.5454545454545454,-68.42392411495454,0.21177493353134677,59.85055590912454,-0.299630941035778,,,,,,,,,
a_announced,del_all,2024-26,o_c5,33,14.0,5.0,-22.108680046641098,-0.8695615624214054,12.35112499394668,18.345582202135766,0.22516671381454453,0.5151515151515151,-28.734546559257637,-0.05061845048248495,20.16129395736995,-0.042553514255989425,,,,,,,,,
a_announced,del_all,2024-26,c_c1,33,14.0,1.0,-29.007283287050033,4.239405395243134,27.30738804554595,50.172862914771464,1.0964171763841548,0.5454545454545454,-11.113835309677052,0.7181408591841125,2.539531883123021,-0.8760232413328605,,,,,,,,,
a_announced,del_all,2024-26,c_c2,33,14.0,2.0,-38.40325120766052,-15.019573837107673,-76.02422652854942,78.04176818035336,0.8567118840465939,0.42424242424242425,-35.48923934054734,0.6837146121326096,26.915212082886317,-0.7621515871565018,,,,,,,,,
a_announced,del_all,2024-26,c_c3,33,14.0,3.0,-31.02633509982818,-15.515143077573175,21.801197780989234,31.654030921004747,0.42625835306468585,0.5151515151515151,-40.254706247768084,0.20163788767804947,31.68133804193808,-0.2924592586022307,,,,,,,,,
a_announced,del_all,2024-26,c_c4,33,14.0,4.0,8.482753470261663,20.48299315298016,13.364214748024361,12.74903135182418,0.1500310037930879,0.5151515151515151,0.680148791240817,-0.043538512904037735,-9.25340139312851,-0.041012513944660337,,,,,,,,,
a_announced,del_all,2024-26,c_c5,33,14.0,5.0,-6.013292373803887,-31.648578136508522,-8.955157890028444,-16.358461131447225,-0.19787448154646847,0.48484848484848486,-60.75973828168302,-0.48184363690147247,52.18587414658204,0.38857762499117,,,,,,,,,
a_announced,del_all,2024-26,jump,33,14.0,0.0,-14.245774516207435,0.9724577692558732,1.0887339743127344,-15.6304458481338,-0.8253865823727163,0.5151515151515151,1.7801770022905152,-0.6326688269187287,-10.369936785291397,0.2482823965762049,,,,,,,,,
a_announced,del_all,2024-26,o_eff,33,14.0,8.787878787878787,-128.6731595884984,-103.54489830264086,-184.45442144604277,-7.54648396623203,-0.07849800041847282,0.42424242424242425,-155.6794333135417,-0.49099754421554515,147.12781793676837,0.4156426855638057,,,,,,,,,
a_announced,del_all,2024-26,eff_c5,33,14.0,5.0,22.632001501349926,30.465445455199756,28.630469396275853,-7.118051184519919,-0.06414876311407026,0.5151515151515151,55.538953560281406,0.11776907299717147,-64.03303912199128,-0.18657235328662422,,,,,,,,,
a_announced,del_all,2024-26,o_eff_le5,5,4.0,3.4,194.28698864033845,185.3636324360177,158.53792385100024,305.28237007485046,,0.6,180.5614484502871,,-188.92084883115555,,,,,,,,,,
a_announced,del_all,all,o_c1,63,33.0,1.0,-19.06044814350143,-12.840174047294893,10.438789452301604,4.534662887470195,0.1108718981308377,0.5238095238095238,-9.309869276261493,0.22460895509425025,8.50387737752652,-0.08108824470158398,,,,,,,,,
a_announced,del_all,all,o_c2,63,33.0,2.0,0.5647127193965042,2.8057579450783603,-20.62341091845183,54.680937063503656,0.6936789075919899,0.4444444444444444,-13.731482727917816,0.6153536702398437,9.709153070200067,-0.6189612025925836,,,,,,,,,
a_announced,del_all,all,o_c3,63,33.0,3.0,-44.32099639423913,-25.339681913263583,-55.62057856278807,22.236961164270223,0.3018501955810531,0.4444444444444444,-40.0916275246364,0.24623885244228305,17.001643779811307,-0.8108233231938798,,,,,,,,,
a_announced,del_all,all,o_c4,63,33.0,4.0,-33.888438505037676,-1.9891116157974278,-25.796716828766012,46.39162136207344,0.5546674130810094,0.47619047619047616,-25.15865468560237,0.4313589344210629,32.34544377219573,-0.19365608148234084,,,,,,,,,
a_announced,del_all,all,o_c5,63,33.0,5.0,-15.058541144332642,17.33439225747518,12.35112499394668,45.20789054399789,0.5178427535389142,0.5079365079365079,3.965058866756062,0.3856878836477873,-10.852066896081645,-0.4418888803891565,,,,,,,,,
a_announced,del_all,all,c_c1,63,33.0,1.0,19.7651864660459,15.677763361971637,-26.097532459328463,50.16610838664054,0.8383889124103306,0.4603174603174603,-4.32495488343565,0.6453571768820338,-7.440851947459596,-0.8833055801176789,,,,,,,,,
a_announced,del_all,all,c_c2,63,33.0,2.0,-22.76342675573629,-10.112840007272066,-59.54764634498609,21.688565313989425,0.28414278198021414,0.4126984126984127,-28.105765360391604,0.16835518256304852,-2.0594131943448226,-0.9809052497606904,,,,,,,,,
a_announced,del_all,all,c_c3,63,33.0,3.0,-10.665570791692451,14.174734682492325,-31.05405709715493,47.65368310517371,0.562715346034447,0.4603174603174603,-11.655921299539225,0.3758258372508571,11.003499696183932,-0.3078298332098937,,,,,,,,,
a_announced,del_all,all,c_c4,63,33.0,4.0,11.05307147152639,35.56445978250916,-1.6734402780842206,50.794075690229946,0.4956647545457032,0.49206349206349204,20.12795107053647,0.33222524637284656,-34.467831054876164,-0.5035315937376885,,,,,,,,,
a_announced,del_all,all,c_c5,63,33.0,5.0,-58.1637241145468,-31.938178625561562,-46.9284544121229,-20.907132136408965,-0.19055457454575075,0.4603174603174603,-64.76883532284397,-0.3754922513383067,34.65303686544004,-0.05251167645897627,,,,,,,,,
a_announced,del_all,all,jump,63,33.0,0.0,-29.93544605162794,-23.270160054874975,-1.7427732336860058,-28.166658682276026,-0.8487479665899381,0.49206349206349204,-19.372988458970568,-0.7417025381757895,15.743037364814448,0.7896888616986794,,,,,,,,,
a_announced,del_all,all,o_eff,63,33.0,7.761904761904762,-160.82259051264293,-78.34351370235875,-83.50287670436441,-11.96291470516248,-0.13272360171116404,0.4444444444444444,-100.77812329608669,-0.35197622144722,109.18715247955045,0.5864317455272327,,,,,,,,,
a_announced,del_all,all,eff_c5,63,33.0,5.0,-10.1510226212971,-43.16115064541252,-64.40760689449247,-53.88509700225695,-0.567291245118451,0.4444444444444444,-57.34987974680123,-0.4726836116094108,19.93196766408109,-0.13808560807911177,,,,,,,,,
a_announced,del_all,all,o_eff_le5,20,16.0,3.7,56.93999172018344,74.51570886509963,63.47110111531251,135.35152025983922,1.1207412285815577,0.55,70.32577220492641,1.2816415988723644,-32.1821078844085,-0.9298710122813415,,,,,,,,,
a_book,a_add_open_to_c1,2020-23,book,55,,,,,,,,,,,,,0.12315889786890558,0.2698109612416521,-0.014068629648907094,0.0030421574942223195,0.03876739562624255,0.6151383136693497,,,
a_book,a_add_open_to_c1,2024-26,book,41,,,,,,,,,,,,,0.40887482508640877,0.5151086887743587,-0.021022659986208336,0.01015619224815767,0.033381712626995644,1.2650465616228015,,,
a_book,a_add_open_to_c5,2020-23,book,55,,,,,,,,,,,,,0.08148810933410203,0.07343362839237148,-0.04294825870227126,0.001662945996864451,0.18687872763419483,0.6151383136693497,,,
a_book,a_add_open_to_c5,2024-26,book,41,,,,,,,,,,,,,0.5653881161269835,0.39040919255372025,-0.049511879413064785,0.013676695746958512,0.15965166908563136,1.2650465616228015,,,
a_book,a_add_open_to_eff_or_c5,2020-23,book,55,,,,,,,,,,,,,0.33114683262801026,0.3388839356587895,-0.04497921192143384,0.008073268647019738,0.12226640159045726,0.6151383136693497,,,
a_book,a_add_open_to_eff_or_c5,2024-26,book,41,,,,,,,,,,,,,0.35727217587449883,0.2562824767098823,-0.047078113105860964,0.008423730972154653,0.11611030478955008,1.2650465616228015,,,
a_book,a_add_close_to_c5,2020-23,book,55,,,,,,,,,,,,,-0.2803393459068045,-0.25143617693541886,-0.06262769445027194,-0.007432853663409067,0.220675944333996,0.6151383136693497,,,
a_book,a_add_close_to_c5,2024-26,book,41,,,,,,,,,,,,,0.6302843177184193,0.46794466515645683,-0.03731152787717129,0.015426152519912861,0.19013062409288825,1.2650465616228015,,,
a_book,a_del_short_open_to_c5,2020-23,book,27,,,,,,,,,,,,,0.07864971004998654,0.09834470799419395,-0.038752619974452895,0.0017803615992129096,0.07952286282306163,0.6151383136693497,,,
a_book,a_del_short_open_to_c5,2024-26,book,32,,,,,,,,,,,,,0.011030256862866532,0.011143765039044238,-0.02485486148294136,-3.3050016174374086e-05,0.10159651669085631,1.2650465616228015,,,
a_book,a_del_buy_eff-1_to_eff+4,2020-23,book,27,,,,,,,,,,,,,-0.05481252961141767,-0.058805975236658384,-0.054015543828142776,-0.0016551579508518044,0.09542743538767395,0.6151383136693497,,,
a_book,a_del_buy_eff-1_to_eff+4,2024-26,book,32,,,,,,,,,,,,,-0.15080752464867847,-0.18381705630900427,-0.03497330463961423,-0.00400543816880794,0.12191582002902758,1.2650465616228015,,,
b_candidates,quarterly_rule_above_min,2020-23,ann_night,521,13.0,1.0,2.2883001665924088,-6.052134618237254,-10.82667460705176,-6.052134618237254,-0.7921865072703241,0.38461538461538464,-0.627631840474583,-0.07111392093693045,-9.417368362145439,-1.0670594493382588,,,,,,,0.02574912335839718,-15.813196999691742,341.3326678679469
b_candidates,quarterly_rule_above_min,2024-26,ann_night,398,11.0,1.0,3.7284609815712626,3.569188560841626,30.082586566975024,3.569188560841626,0.1914662177034065,0.5454545454545454,10.953820681990207,0.6738177223442195,2.248757179068193,0.13842394306113623,,,,,,,0.06838994407052483,-29.280325121899455,505.6921183961359
b_candidates,quarterly_rule_above_min,all,ann_night,919,24.0,1.0,2.9483738734577183,-1.642361494492765,-5.837518037212057,-1.642361494492765,-0.17208920111974246,0.4583333333333333,4.680533898988445,0.524097847932139,-4.070394155755856,-0.4559358714380912,,,,,,,0.04529283285145569,-21.985630722370278,438.01469759041095
b_candidates,quarterly_rule_fresh_top10,2020-23,ann_night,140,14.0,1.0,-22.668793875002333,-18.44725772672992,1.803346916333515,-18.44725772672992,-0.7412420619931587,0.5,-13.157728199222529,-0.5091028463574324,-21.827369662674414,-0.8450389081653167,,,,,,,0.049999999999999996,-40.540894764236775,361.3381529370847
b_candidates,quarterly_rule_fresh_top10,2024-26,ann_night,110,11.0,1.0,8.861932116794808,8.702659696065172,17.48316325570267,8.702659696065172,0.23774005665209214,0.5454545454545454,16.08729181721375,0.5030617323909053,7.550716232880019,0.23607924346094925,,,,,,,0.11818181818181818,-71.16047509653959,660.7979762317918
b_candidates,quarterly_rule_fresh_top10,all,ann_night,250,25.0,1.0,-8.795274438611585,-6.501294060700082,8.576807824336617,-6.501294060700082,-0.30282264859855523,0.52,-0.28991939199056915,-0.014216427496130068,-8.901011868630462,-0.43652180446698463,,,,,,,0.08000000000000002,-54.013510110450014,560.9780351335561
b_candidates,quarterly_rule_fresh_top5,2020-23,ann_night,70,14.0,1.0,-29.319688884225737,-25.098152735953327,-10.903757369105252,-25.098152735953327,-0.649149855436045,0.5,-19.808623208445944,-0.5014195075194353,-28.266164994347346,-0.7156187951308222,,,,,,,0.05714285714285715,-46.12854075715893,329.8419508861982
b_candidates,quarterly_rule_fresh_top5,2024-26,ann_night,55,11.0,1.0,5.3773578985455135,5.2180854778158725,42.76350114339719,5.2180854778158725,0.08357650134786401,0.5454545454545454,12.60271759896446,0.2234586990269177,4.2636054400997265,0.0756254992140975,,,,,,,0.2,-128.3653100663935,640.3504038114968
b_candidates,quarterly_rule_fresh_top5,all,ann_night,125,25.0,1.0,-14.052988299806383,-11.759007921894886,0.35158357924087047,-11.759007921894886,-0.334946108790271,0.52,-5.547633253185362,-0.16609579404645772,-13.953066003190635,-0.4178523871396033,,,,,,,0.12,-82.31271925322214,536.8475861697307
b_candidates,quarterly_rule_rank21_50,2020-23,ann_night,420,14.0,1.0,-14.003479333768508,-9.7819431854961,-9.241335632462768,-9.7819431854961,-1.8005314787789153,0.2857142857142857,-4.492413657988711,-0.6495068160809507,-13.497648193173534,-1.9528093268676132,,,,,,,0.019047619047619046,-11.103231691696394,58.1069933598628
b_candidates,quarterly_rule_rank21_50,2024-26,ann_night,330,11.0,1.0,3.8109815067508825,3.6517090860212464,11.095578671287079,3.6517090860212464,0.3135802471370251,0.5454545454545454,11.036341207169823,0.8631641698429522,2.1821997430092366,0.17073044370384302,,,,,,,0.015151515151515154,1.9006613070328304,131.10956186391329
b_candidates,quarterly_rule_rank21_50,all,ann_night,750,25.0,1.0,-6.165116563939976,-3.871136186028468,-5.525912960345041,-3.871136186028468,-0.6339401663633919,0.4,2.340238482681044,0.33422092036775647,-6.598515101253115,-0.9423246887587929,,,,,,,0.017333333333333333,-5.381518772255534,90.552579361663
b_candidates,quarterly_rule_top10,2020-23,ann_night,140,14.0,1.0,-30.224075809289058,-26.002539661016648,-12.916066991504993,-26.002539661016648,-1.2442914353068695,0.35714285714285715,-20.71301013350925,-0.9882253258828443,-29.156070699465317,-1.3916557993567962,,,,,,,0.021428571428571432,-37.916200907729035,502.2168646870139
b_candidates,quarterly_rule_top10,2024-26,ann_night,110,11.0,1.0,10.07451550231984,9.915243081590198,18.550442533725402,9.915243081590198,0.2635759360607155,0.5454545454545454,17.299875202738782,0.5237140877194245,8.861350124238069,0.26827294250727945,,,,,,,0.13636363636363635,-82.96972530465925,608.3308810377524
b_candidates,quarterly_rule_top10,all,ann_night,250,25.0,1.0,-12.492695632181142,-10.198715254269633,-9.351776068792207,-10.198715254269633,-0.4955073187447391,0.44,-3.9873405855601196,-0.20920522990192628,-12.428405537035832,-0.6522132230430107,,,,,,,0.07200000000000001,-57.73975164237832,581.8023769500678
b_candidates,quarterly_rule_top20,2020-23,ann_night,280,14.0,1.0,-13.576967052123123,-9.35543090385072,-7.133249572322831,-9.35543090385072,-0.6299692406639236,0.42857142857142855,-4.0659013763433265,-0.25838627737492,-12.661534552373984,-0.804509844930215,,,,,,,0.03214285714285714,-25.506110252561534,446.12947047457766
b_candidates,quarterly_rule_top20,2024-26,ann_night,220,11.0,1.0,5.157173991646325,4.9979015709166905,-9.652840924533873,4.9979015709166905,0.2171388142219798,0.45454545454545453,12.382533692065266,0.6554207912682727,3.852760084331606,0.2040245547676416,,,,,,,0.09090909090909091,-50.74789052009249,633.9715048153148
b_candidates,quarterly_rule_top20,all,ann_night,500,25.0,1.0,-5.333944992864569,-3.039964614953061,-9.340420178622225,-3.039964614953061,-0.2306191062368682,0.44,3.171410053756455,0.2594473500515387,-5.3952449122235215,-0.4414018294787425,,,,,,,0.05800000000000001,-36.61249357027516,563.5307419375383
b_candidates,quarterly_rule_top5,2020-23,ann_night,70,14.0,1.0,-34.22151304445097,-29.999976896178566,-10.482947521390466,-29.999976896178566,-0.7804048604198927,0.35714285714285715,-24.710447368671186,-0.6419392664330211,-33.0735047040442,-0.8593320034479779,,,,,,,0.042857142857142864,-55.555054322855796,502.2168646870139
b_candidates,quarterly_rule_top5,2024-26,ann_night,55,11.0,1.0,58.99852875244793,58.8392563317183,47.19230015358145,58.8392563317183,1.113365593935497,0.5454545454545454,66.22388845286687,1.4293337227645824,57.69849191968346,1.245200325112894,,,,,,,0.21818181818181823,-103.55066565425224,640.708402907815
b_candidates,quarterly_rule_top5,all,ann_night,125,25.0,1.0,6.795305346184542,9.089285724096051,-8.63368839501885,9.089285724096051,0.27633255657680383,0.44,15.300660392805565,0.49337281319181137,6.866173810395978,0.22144147323383886,,,,,,,0.12,-76.67312330867023,606.0855183526147
b_candidates,quarterly_rule_above_min,2020-23,post5,521,13.0,5.0,-74.85180229362008,-38.478246101589086,-1.7324912020506844,-38.478246101589086,-1.0933201326411517,0.46153846153846156,-26.351081237958713,-0.6459158533484889,-35.13030681463743,-0.8609739501815133,,,,,,,0.02574912335839718,-49.7979884336514,404.6080659156782
b_candidates,quarterly_rule_above_min,2024-26,post5,398,11.0,5.0,-72.75699420476403,-47.51620228980632,-104.63965547201325,-47.51620228980632,-0.8075936340151756,0.45454545454545453,-82.40112544555151,-1.4464039037595537,-91.08987368580972,-1.5990995735963935,,,,,,,0.06838994407052483,-88.42240093017186,529.625875833606
b_candidates,quarterly_rule_above_min,all,post5,919,24.0,5.0,-73.89168191956107,-42.62064268785532,-24.824931914691795,-42.62064268785532,-1.290073109297648,0.4583333333333333,-52.04068483310542,-1.5006527681075001,-60.77844163059139,-1.7526906043713044,,,,,,,0.04529283285145569,-67.50084416122327,478.1479541026946
b_candidates,quarterly_rule_fresh_top10,2020-23,post5,140,14.0,5.0,-96.07151419266869,-65.43576147041088,-53.141763076988035,-65.43576147041088,-1.071600764463671,0.42857142857142855,-42.46535589161745,-0.6311425148586888,-51.1246369485572,-0.7596592184440466,,,,,,,0.049999999999999996,-90.18942483350088,527.8620218017388
b_candidates,quarterly_rule_fresh_top10,2024-26,post5,110,11.0,5.0,-11.671122498618287,13.569669416339435,141.41366225182946,13.569669416339435,0.13354720429856332,0.5454545454545454,-21.315253739405783,-0.20778897791745005,-29.839621732637646,-0.29084605540814007,,,,,,,0.11818181818181818,-82.63069802244803,831.6539249841891
b_candidates,quarterly_rule_fresh_top10,all,post5,250,25.0,5.0,-58.935341847286516,-30.67337188024074,-17.50396302512367,-30.67337188024074,-0.5397363740532212,0.48,-33.15931094464432,-0.5636172304280788,-41.759230253552595,-0.7096569237343476,,,,,,,0.08000000000000002,-86.86358503663763,730.3899572567057
b_candidates,quarterly_rule_fresh_top5,2020-23,post5,70,14.0,5.0,-73.04771015742016,-42.41195743516235,-60.63235727396013,-42.41195743516235,-0.41635698759893974,0.42857142857142855,-19.441551856368903,-0.19122939732579342,-27.893046257124258,-0.2743251798342715,,,,,,,0.05714285714285715,-83.10234868006995,556.035293673951
b_candidates,quarterly_rule_fresh_top5,2024-26,post5,55,11.0,5.0,-67.89230373790609,-42.65151182294837,26.686183988046974,-42.65151182294837,-0.3393558958007411,0.5454545454545454,-77.53643497869359,-0.6335708767752127,-85.86488789669478,-0.7018370898226777,,,,,,,0.2,-193.10005027039765,774.0425131569102
b_candidates,quarterly_rule_fresh_top5,all,post5,125,25.0,5.0,-70.77933133283395,-42.517361365788204,-51.8679775548985,-42.517361365788204,-0.5351501173887485,0.48,-45.003300430191764,-0.5727373668600598,-53.400656578535276,-0.6796667231202331,,,,,,,0.12,-131.50133737981415,701.3734399959238
b_candidates,quarterly_rule_rank21_50,2020-23,post5,420,14.0,5.0,-69.20829122649494,-38.57253850423712,-23.084292386197806,-38.57253850423712,-1.674739439441675,0.2857142857142857,-15.60213292544368,-0.3883787600412461,-24.59998862166661,-0.612606085439416,,,,,,,0.019047619047619046,-40.93516971458195,99.46756048257392
b_candidates,quarterly_rule_rank21_50,2024-26,post5,330,11.0,5.0,-40.33371417659348,-15.092922261635765,-20.9577840641249,-15.092922261635765,-0.5184585097630144,0.45454545454545453,-49.977845417380976,-0.9525583801929818,-58.818339082097935,-1.1211651014709674,,,,,,,0.015151515151515154,-12.084539984257702,-119.39823691513661
b_candidates,quarterly_rule_rank21_50,all,post5,750,25.0,5.0,-56.5034773245383,-28.241507357492523,-20.9577840641249,-28.241507357492523,-1.5410275703174452,0.36,-30.72744642189609,-0.947961974367209,-39.65606282425638,-1.2237760721340702,,,,,,,0.017333333333333333,-28.24089263323928,2.1938727502581297
b_candidates,quarterly_rule_top10,2020-23,post5,140,14.0,5.0,-59.66769514141738,-29.031942419159588,-53.141763076988035,-29.031942419159588,-0.46187211526408073,0.35714285714285715,-6.061536840366152,-0.09537033263691716,-14.497757220361466,-0.22808726209784766,,,,,,,0.021428571428571432,-43.60569884614743,482.7559274902241
b_candidates,quarterly_rule_top10,2024-26,post5,110,11.0,5.0,-30.965988856001147,-5.725196941043446,50.26827210808267,-5.725196941043446,-0.07204424039575263,0.6363636363636364,-40.61012009678865,-0.5205920469705878,-49.03684794290532,-0.6286403139028772,,,,,,,0.13636363636363635,-119.98290035092108,697.6605326789681
b_candidates,quarterly_rule_top10,all,post5,250,25.0,5.0,-47.03894437583425,-18.776974408788483,-11.74436176915386,-18.776974408788483,-0.37804274845592967,0.48,-21.26291347319205,-0.4289917014047279,-29.694957138280753,-0.5991031797991386,,,,,,,0.07200000000000001,-77.21166750824784,643.9343813817821
b_candidates,quarterly_rule_top20,2020-23,post5,280,14.0,5.0,-66.10076174491545,-35.46500902265763,-55.82267543236655,-35.46500902265763,-0.8209650771413168,0.35714285714285715,-12.4946034438642,-0.2666204324785185,-21.078918760765465,-0.44973512969930457,,,,,,,0.03214285714285714,-54.987961482939546,659.2606203688056
b_candidates,quarterly_rule_top20,2024-26,post5,220,11.0,5.0,-66.07650623031839,-40.83571431536066,-74.7595142353272,-40.83571431536066,-0.5227467195407011,0.45454545454545453,-75.72063747110589,-1.0499764275658519,-84.24015130656964,-1.1681012766133811,,,,,,,0.09090909090909091,-115.02750169480053,812.8033247030851
b_candidates,quarterly_rule_top20,all,post5,500,25.0,5.0,-66.09008931849274,-37.828119351446965,-74.22174343948652,-37.828119351446965,-0.899922142822571,0.4,-40.31405841585053,-0.9678529329912275,-48.86986108091931,-1.17321330028367,,,,,,,0.05800000000000001,-81.40535917615838,755.2248105777304
b_candidates,quarterly_rule_top5,2020-23,post5,70,14.0,5.0,-23.278672043097693,7.357080679160117,-84.02315760860611,7.357080679160117,0.1279513274613666,0.42857142857142855,30.327486257953552,0.4880900297336774,21.970460899327186,0.353588617058368,,,,,,,0.042857142857142864,-20.762152019558687,482.7559274902241
b_candidates,quarterly_rule_top5,2024-26,post5,55,11.0,5.0,-16.09102961426865,9.149762300689066,-26.572811191880977,9.149762300689066,0.08056803776578805,0.36363636363636365,-25.735160855056147,-0.23210033904799543,-34.24844898299189,-0.308859393498742,,,,,,,0.21818181818181823,-213.16683967379564,743.1108275099267
b_candidates,quarterly_rule_top5,all,post5,125,25.0,5.0,-20.116109374412904,8.145860592632864,-62.373694217018986,8.145860592632864,0.13703150803201117,0.4,5.659921528229281,0.0940466587479833,-2.7658594488932087,-0.045954937488028105,,,,,,,0.12,-105.42021458742295,678.022102505001
b_candidates,quarterly_rule_above_min,2020-23,pre10,512,13.0,10.0,34.01559954664721,-56.21994529158704,-89.2483662937659,-56.21994529158704,-1.2563472652454437,0.46153846153846156,-35.57486060297272,-0.7249649409659876,-44.43062425533947,-0.905057393997577,,,,,,,0.02898475937707826,-61.324567044885164,226.01396734102858
b_candidates,quarterly_rule_above_min,2024-26,pre10,391,11.0,10.0,100.63374847407442,37.06759921955381,44.443298070198956,37.06759921955381,0.8135383120689668,0.6363636363636364,43.31664097504914,0.6081877849640989,34.531547061291604,0.48482083889960537,,,,,,,0.06833283546750452,17.771835406195613,249.82760520672366
b_candidates,quarterly_rule_above_min,all,pre10,903,24.0,10.0,64.54891780505136,-13.463154057314153,24.03359488633527,-13.463154057314153,-0.4034328733329201,0.5416666666666666,0.5837442869539725,0.01362158534800906,-8.239629068550231,-0.19222925376361266,,,,,,,0.04701929425185697,-25.072049254806466,240.02198961496683
b_candidates,quarterly_rule_fresh_top10,2020-23,pre10,140,14.0,10.0,13.743335869738935,-74.05666855642777,-61.220907245164085,-74.05666855642777,-1.0854266490416815,0.5,-57.37821991042354,-0.6168036916986112,-66.05726705001787,-0.7100634624749979,,,,,,,0.049999999999999996,-97.24615887875878,368.1797863191831
b_candidates,quarterly_rule_fresh_top10,2024-26,pre10,110,11.0,10.0,83.50243685281679,19.936287598296136,30.358420056803176,19.936287598296136,0.18445937181261804,0.5454545454545454,26.185329353791477,0.2015799373701789,17.593671648271112,0.13546072373354634,,,,,,,0.12727272727272726,-21.772858146562193,24.834798071961067
b_candidates,quarterly_rule_fresh_top10,all,pre10,250,25.0,10.0,44.437340302293165,-32.699767848349246,6.228199287708694,-32.699767848349246,-0.5298758547637493,0.52,-20.610258234168935,-0.26498765986030315,-29.250854022770724,-0.37609854691578626,,,,,,,0.08400000000000002,-64.03790655659229,139.2831274877018
b_candidates,quarterly_rule_fresh_top5,2020-23,pre10,70,14.0,10.0,57.89858680742096,-29.901417618745707,183.05156212931308,-29.901417618745707,-0.2303266952099805,0.5714285714285714,-13.222968972741514,-0.08376593682872015,-21.707725762976043,-0.1374795443663784,,,,,,,0.042857142857142864,-57.2160787606814,355.6647024466935
b_candidates,quarterly_rule_fresh_top5,2024-26,pre10,55,11.0,10.0,106.64411603604819,43.07796678152754,-149.8565784935704,43.07796678152754,0.22688732330738617,0.45454545454545453,49.327008537022884,0.2416068399454418,41.029155291115,0.20097379422937117,,,,,,,0.2,-48.44164649192688,86.44147076991423
b_candidates,quarterly_rule_fresh_top5,all,pre10,125,25.0,10.0,79.34661966801693,2.209511517374521,82.88140637921528,2.209511517374521,0.019908867423261364,0.52,14.299021131554829,0.11331772807469029,5.896501900823999,0.04672377184348961,,,,,,,0.11200000000000003,-53.35532856242941,153.74727868910907
b_candidates,quarterly_rule_rank21_50,2020-23,pre10,420,14.0,10.0,42.821982231810374,-44.97802219435631,-18.56583186127546,-44.97802219435631,-1.105245593309344,0.42857142857142855,-28.2995735483521,-0.6337404749632214,-37.383055039313376,-0.8370459131011663,,,,,,,0.019047619047619046,-36.687202202169054,-364.0688015479901
b_candidates,quarterly_rule_rank21_50,2024-26,pre10,330,11.0,10.0,84.87573749457393,21.309588240053287,12.919501823831244,21.309588240053287,0.4446501561224324,0.5454545454545454,27.558629995548642,0.36501335039171695,18.629710352370854,0.2466957180369367,,,,,,,0.015151515151515154,21.95534365727016,19.860537780428018
b_candidates,quarterly_rule_rank21_50,all,pre10,750,25.0,10.0,61.32563454742633,-15.81147360321609,-3.146328491470535,-15.81147360321609,-0.49818592126126626,0.48,-3.721963989035785,-0.08872726593162883,-12.737438266972323,-0.3035748276317855,,,,,,,0.017333333333333333,-10.884482024015801,-193.4335396242487
b_candidates,quarterly_rule_top10,2020-23,pre10,140,14.0,10.0,87.39905162440452,-0.4009528017621597,40.72179576720108,-0.4009528017621597,-0.005002840825786056,0.6428571428571429,16.277495844242043,0.15374228393002912,7.834267284740036,0.07399475192865605,,,,,,,0.021428571428571432,-4.659279367616315,331.57923385175906
b_candidates,quarterly_rule_top10,2024-26,pre10,110,11.0,10.0,76.28903620497297,12.72288695045234,42.419101157187384,12.72288695045234,0.14325505984137626,0.6363636363636364,18.97192870594769,0.17896688246026982,10.553534122564455,0.09955503723006652,,,,,,,0.14545454545454548,-41.37079251298595,318.71253315654394
b_candidates,quarterly_rule_top10,all,pre10,250,25.0,10.0,82.51064483985466,5.3735366892122265,42.419101157187384,5.3735366892122265,0.09027542551445364,0.64,17.46304630339253,0.2314863417877862,9.030744693382783,0.11970946289374487,,,,,,,0.07600000000000001,-20.81234515157895,321.6817717785167
b_candidates,quarterly_rule_top20,2020-23,pre10,280,14.0,10.0,41.059350086241096,-46.74065433992557,-87.65635805780214,-46.74065433992557,-0.8359903529324562,0.35714285714285715,-30.062205693921367,-0.3977644649843803,-38.6721905206836,-0.5116858122548843,,,,,,,0.03214285714285714,-57.38404161930678,373.0096096008268
b_candidates,quarterly_rule_top20,2024-26,pre10,220,11.0,10.0,97.87231263910014,34.30616338457952,48.27306451868157,34.30616338457952,0.4916534871175742,0.5454545454545454,40.55520514007486,0.4496000895621609,32.020897278585856,0.355059175504839,,,,,,,0.09090909090909091,9.11665347257684,151.08414281741716
b_candidates,quarterly_rule_top20,all,pre10,500,25.0,10.0,66.05705360949909,-11.08005454114333,-7.687306963510762,-11.08005454114333,-0.24852557264780661,0.44,1.0094550730369738,0.017272239600895068,-7.567231889005045,-0.12948875240076435,,,,,,,0.05800000000000001,-28.123735778877982,234.3061928611958
b_candidates,quarterly_rule_top5,2020-23,pre10,70,14.0,10.0,121.11696974013942,33.316965313972716,223.29062930503656,33.316965313972716,0.28475936744956204,0.7142857142857143,49.99541395997695,0.33891570942158805,41.581327922395424,0.2818577689121605,,,,,,,0.042857142857142864,29.097558954318973,331.57923385175906
b_candidates,quarterly_rule_top5,2024-26,pre10,55,11.0,10.0,69.30070891813426,5.734559663613601,109.04174546585391,5.734559663613601,0.03863217556227856,0.7272727272727273,11.983601419108954,0.07133617394213294,3.425950602863086,0.020393973128959575,,,,,,,0.2,-88.6735589162732,495.84745509321436
b_candidates,quarterly_rule_top5,all,pre10,125,25.0,10.0,98.31781497845718,21.180706827814724,129.21762220685542,21.180706827814724,0.22884672055741695,0.72,33.27021644199501,0.29996514622586423,24.792961901801203,0.22352409593725273,,,,,,,0.11199999999999999,-22.72173290874158,451.04703111827206
b_candidates,quarterly_rule_above_min,2020-23,pre3,526,13.0,3.0,64.16199855612093,-3.738029505020573,-15.849785903394682,-3.738029505020573,-0.1436793907792101,0.46153846153846156,6.8004492088913855,0.1598539267806329,-2.0167319425873034,-0.04738636884441756,,,,,,,0.027446458818691438,-2.945902457985638,42.19490545009007
b_candidates,quarterly_rule_above_min,2024-26,pre3,390,11.0,3.0,5.897704481389754,3.9306794544263655,20.894640054777078,3.9306794544263655,0.1155539671685898,0.5454545454545454,7.366440007381104,0.2531273386115489,-1.367310712690583,-0.0469969410202717,,,,,,,0.07020114777148025,8.428674050234758,18.01328326683989
b_candidates,quarterly_rule_above_min,all,pre3,916,24.0,3.0,37.45753043853581,-0.22320456527405805,2.3056875460903195,-0.22320456527405805,-0.010613538617533298,0.5,7.059861658199178,0.2651552927180223,-1.7190805455513052,-0.06454983987105188,,,,,,,0.047042357922052976,2.2674451082820415,27.081391585558713
b_candidates,quarterly_rule_fresh_top10,2020-23,pre3,140,14.0,3.0,-21.98949203180045,-68.42524161395734,-46.539451072413236,-68.42524161395734,-1.398924011894834,0.35714285714285715,-54.935241271616356,-0.8714067418637375,-63.601211376246496,-1.0090823344958881,,,,,,,0.049999999999999996,-76.33767844347862,74.9626855533727
b_candidates,quarterly_rule_fresh_top10,2024-26,pre3,110,11.0,3.0,-12.943933230036697,-14.91095825700009,75.64128836403842,-14.91095825700009,-0.16995059639198562,0.6363636363636364,-11.475197704045348,-0.13315956675333807,-20.04331917097918,-0.23258432428511303,,,,,,,0.11818181818181818,-14.857607598346547,88.48806287301164
b_candidates,quarterly_rule_fresh_top10,all,pre3,250,25.0,3.0,-18.00944615902441,-44.878956936896145,-3.418451161802845,-44.878956936896145,-0.9422051428674507,0.48,-35.81282210188513,-0.6888741033787236,-44.43573880592889,-0.854807542788315,,,,,,,0.08000000000000002,-49.2864472716205,83.97960376646533
b_candidates,quarterly_rule_fresh_top5,2020-23,pre3,70,14.0,3.0,-46.19155632878601,-92.62730591094285,-57.2020428621412,-92.62730591094285,-1.166869771556095,0.42857142857142855,-79.13730556860192,-0.86136643553716,-87.60661868145449,-0.9533512115387041,,,,,,,0.05714285714285715,-94.78450996836062,-15.59986279035436
b_candidates,quarterly_rule_fresh_top5,2024-26,pre3,55,11.0,3.0,-100.35861922552998,-102.32564425249335,-48.1353507958874,-102.32564425249335,-0.8343722185129414,0.45454545454545453,-98.88988369953863,-0.8333736064497852,-107.2392137317406,-0.9035503925948389,,,,,,,0.2,-111.64137197293077,-20.49334798046424
b_candidates,quarterly_rule_fresh_top5,all,pre3,125,25.0,3.0,-70.02506400335334,-96.89457478122509,-48.1353507958874,-96.89457478122509,-1.3857953179969262,0.44,-87.82843994621405,-1.1977558180134393,-96.24496050358039,-1.312269924777761,,,,,,,0.12,-102.2015292503715,-18.862186250427627
b_candidates,quarterly_rule_rank21_50,2020-23,pre3,420,14.0,3.0,19.571894833110907,-26.863854749045974,8.969315977845781,-26.863854749045974,-1.1977512107079615,0.5714285714285714,-13.373854406705016,-0.41585337212510015,-22.399842780832167,-0.6963349287342687,,,,,,,0.019047619047619046,-21.469147137503306,-242.0925215708983
b_candidates,quarterly_rule_rank21_50,2024-26,pre3,330,11.0,3.0,6.35483620078529,4.3878111738219,-16.224391586964654,4.3878111738219,0.1159464748812113,0.45454545454545453,7.823571726776634,0.20882544719995402,-1.0422222346552554,-0.027810531221831247,,,,,,,0.015151515151515154,3.500489167688236,62.855088429259396
b_candidates,quarterly_rule_rank21_50,all,pre3,750,25.0,3.0,13.756389034887636,-13.113121742984108,8.624864061167226,-13.113121742984108,-0.6218738861640402,0.52,-4.046986907973088,-0.16514714203437142,-13.002489740514335,-0.5304241666827044,,,,,,,0.017333333333333333,-10.48250716321903,-106.56025045971708
b_candidates,quarterly_rule_top10,2020-23,pre3,140,14.0,3.0,-27.262570843163196,-73.69832042532006,-81.95884136766016,-73.69832042532006,-1.2390536213562704,0.2857142857142857,-60.20832008297912,-0.7829491078756906,-68.65956033245615,-0.8928792439926606,,,,,,,0.021428571428571432,-69.82102676522773,-55.963002494809736
b_candidates,quarterly_rule_top10,2024-26,pre3,110,11.0,3.0,-21.493851322989038,-23.46087634995242,-14.381239223154509,-23.46087634995242,-0.31238007825860303,0.36363636363636365,-20.02511579699769,-0.2866291169769176,-28.439400287173576,-0.4070531629038699,,,,,,,0.15454545454545457,-9.616708196978474,47.44592108825746
b_candidates,quarterly_rule_top10,all,pre3,250,25.0,3.0,-24.724334254286553,-51.593845032158306,-50.142679616532114,-51.593845032158306,-1.0934570392443463,0.32,-42.52771019714728,-0.8015032368391423,-50.962689912531815,-0.9604796050029125,,,,,,,0.08,-43.33112659519805,23.58232333831888
b_candidates,quarterly_rule_top20,2020-23,pre3,280,14.0,3.0,12.345101489205417,-34.09064809295146,-60.80536330453576,-34.09064809295146,-0.8287481065402432,0.35714285714285715,-20.60064775061051,-0.3544882993698244,-29.204048348167202,-0.5025205408904134,,,,,,,0.03214285714285714,-38.90346722995045,165.8776035110554
b_candidates,quarterly_rule_top20,2024-26,pre3,220,11.0,3.0,19.85281634340152,17.885791316438137,13.107476279055705,17.885791316438137,0.38607049347235617,0.6363636363636364,21.321551869392877,0.5144547542648912,12.787714189545227,0.3085799462868839,,,,,,,0.09090909090909091,20.325537585888103,-5.400084868925792
b_candidates,quarterly_rule_top20,all,pre3,500,25.0,3.0,15.6484960250517,-11.22101475282004,-16.526864028842297,-11.22101475282004,-0.35976897488340154,0.48,-2.1548799178090188,-0.05740821598997433,-10.727672831573734,-0.2857925230488547,,,,,,,0.05800000000000001,-12.842705110981496,58.82904827356716
b_candidates,quarterly_rule_top5,2020-23,pre3,70,14.0,3.0,-39.7306649449892,-86.16641452714605,-45.31611484969021,-86.16641452714605,-1.1918029012365785,0.42857142857142855,-72.67641418480511,-0.8331893594022171,-81.0654966850838,-0.9293967105166414,,,,,,,0.042857142857142864,-76.96132867576414,-55.963002494809736
b_candidates,quarterly_rule_top5,2024-26,pre3,55,11.0,3.0,29.00788035891651,27.04085533195313,30.195467427123514,27.04085533195313,0.26217271804201253,0.5454545454545454,30.476615884907858,0.32154586188914297,21.94691817599533,0.23159182185303526,,,,,,,0.2,30.14505227866263,-111.87787989433205
b_candidates,quarterly_rule_top5,all,pre3,125,25.0,3.0,-9.485705011270671,-36.35521578914242,-32.50565765073082,-36.35521578914242,-0.5878212713071916,0.48,-27.289080954131396,-0.41957808637363414,-35.74003414620898,-0.5495815154414567,,,,,,,0.11199999999999999,-29.834521055816364,-96.62836787628052
b_candidates,quarterly_rule_above_min,2020-23,pre4_through_night,520,13.0,5.0,7.639427534299353,-34.67334181295908,-75.94868502282685,-34.67334181295908,-1.03805881183194,0.38461538461538464,-21.555152799292763,-0.4961670091310157,-30.36496687379702,-0.6987422212957302,,,,,,,0.027979673646210252,-45.03751684121181,387.92050079422637
b_candidates,quarterly_rule_above_min,2024-26,pre4_through_night,392,11.0,5.0,-39.26859846912453,12.60047274656589,57.51145818209411,12.60047274656589,0.26634942837469994,0.6363636363636364,8.432535392499183,0.15749427552149012,-0.30335830237582856,-0.005666440548915715,,,,,,,0.06998237629816577,-21.617986736005978,643.9177985856973
b_candidates,quarterly_rule_above_min,all,pre4_through_night,912,24.0,5.0,-13.860084383936586,-13.00617680651014,-16.503282114815853,-13.00617680651014,-0.45402559198280795,0.5,-7.810795711388111,-0.22881459607612092,-16.586729611895635,-0.48585016177384127,,,,,,,0.04723091236168986,-34.303565542992466,547.9188119138956
b_candidates,quarterly_rule_fresh_top10,2020-23,pre4_through_night,140,14.0,5.0,-63.392614206923255,-80.24810522418062,-56.4807902141967,-80.24810522418062,-1.2898840137034417,0.35714285714285715,-64.7367353245055,-0.8578624939869923,-73.39860209671032,-0.9727637943464649,,,,,,,0.049999999999999996,-111.05471578347314,449.38052226226154
b_candidates,quarterly_rule_fresh_top10,2024-26,pre4_through_night,110,11.0,5.0,-27.775301584755574,24.093769630934844,106.99219962141109,24.093769630934844,0.19017922929467374,0.7272727272727273,19.925832276868135,0.15131997653808757,11.358300289499585,0.08624986058697572,,,,,,,0.11818181818181818,-76.96396213585436,866.0987824520704
b_candidates,quarterly_rule_fresh_top10,all,pre4_through_night,250,25.0,5.0,-47.720996653169465,-34.337680287929814,17.823168029048702,-34.337680287929814,-0.5159953229401912,0.52,-27.485205579901113,-0.3806595697461681,-36.10556504677793,-0.5000357267773962,,,,,,,0.08000000000000002,-96.0547841785209,727.1926957221341
b_candidates,quarterly_rule_fresh_top5,2020-23,pre4_through_night,70,14.0,5.0,-73.82903222276953,-90.68452324002685,17.904845579686715,-90.68452324002685,-1.0026769948845473,0.5,-75.17315334035179,-0.716335668670881,-83.63698230201607,-0.7968335385400361,,,,,,,0.05714285714285715,-114.2130391228847,332.1363172699959
b_candidates,quarterly_rule_fresh_top5,2024-26,pre4_through_night,55,11.0,5.0,-20.42522521440596,31.443846001284466,33.80057306570247,31.443846001284466,0.17933350869087306,0.6363636363636364,27.27590864721774,0.15614076299377333,18.925539174356807,0.10832438779518314,,,,,,,0.2,-133.45187109334367,842.4094543152439
b_candidates,quarterly_rule_fresh_top5,all,pre4_through_night,125,25.0,5.0,-50.33135713908956,-36.9480407738499,33.80057306570247,-36.9480407738499,-0.3969449828312059,0.56,-30.0955660658212,-0.30934612940772516,-38.50947285241202,-0.395764421864248,,,,,,,0.12,-122.67812518988664,672.3184086334946
b_candidates,quarterly_rule_rank21_50,2020-23,pre4_through_night,420,14.0,5.0,-22.775849140053754,-39.63134015731111,-21.54860787788402,-39.63134015731111,-1.5467883914711402,0.42857142857142855,-24.119970257636016,-0.7752109679805178,-33.14461912103693,-1.0647835919583335,,,,,,,0.019047619047619046,-35.324264839732486,-172.04942639602865
b_candidates,quarterly_rule_rank21_50,2024-26,pre4_through_night,330,11.0,5.0,-83.62435966452749,-31.7552884488371,-27.5366449061816,-31.7552884488371,-0.6992886307281405,0.45454545454545453,-35.9232258029038,-0.7770461397593643,-44.799243539576985,-0.9690545607666613,,,,,,,0.015151515151515154,-35.24580172431545,187.89364001402433
b_candidates,quarterly_rule_rank21_50,all,pre4_through_night,750,25.0,5.0,-49.5491937708222,-36.165877405582556,-27.5366449061816,-36.165877405582556,-1.4694875280862332,0.44,-29.31340269755384,-1.0934047189217844,-38.27265386519455,-1.4273643487698626,,,,,,,0.017333333333333333,-35.289741068948985,-12.074730213782885
b_candidates,quarterly_rule_top10,2020-23,pre4_through_night,140,14.0,5.0,-67.34831479370727,-84.20380581096465,-90.25960831733477,-84.20380581096465,-1.2567372561577421,0.35714285714285715,-68.69243591128951,-0.8662961555322956,-77.14375570569294,-0.9729711576163713,,,,,,,0.021428571428571432,-93.93912339094953,477.94693984609705
b_candidates,quarterly_rule_top10,2024-26,pre4_through_night,110,11.0,5.0,6.008759605893027,57.87783082158344,78.52825271553534,57.87783082158344,0.6841145330499614,0.5454545454545454,53.70989346751675,0.6153468276524324,45.29275752690605,0.5189383842511666,,,,,,,0.15454545454545457,-52.68851148767129,892.2868840118964
b_candidates,quarterly_rule_top10,all,pre4_through_night,250,25.0,5.0,-35.071202057883156,-21.687885692643484,-48.24153610653467,-21.687885692643484,-0.3964603296242461,0.44,-14.83541098461479,-0.2474494982127659,-23.271689883349374,-0.38818753113293825,,,,,,,0.08,-75.7888541535071,796.6699738197887
b_candidates,quarterly_rule_top20,2020-23,pre4_through_night,280,14.0,5.0,-35.055002802877716,-51.910493820135045,-104.40319713095285,-51.910493820135045,-0.9899090545212137,0.2857142857142857,-36.39912392045998,-0.5506749783721815,-44.998447846778866,-0.6808163182506064,,,,,,,0.03214285714285714,-73.71917633775777,597.7049516955834
b_candidates,quarterly_rule_top20,2024-26,pre4_through_night,220,11.0,5.0,2.1387979987555084,54.00786921444591,70.54158508841509,54.00786921444591,0.8699965901541742,0.6363636363636364,49.8399318603792,0.7282417359234655,41.30838008665581,0.6036397621417563,,,,,,,0.09090909090909091,-7.332395556477837,722.6859480335439
b_candidates,quarterly_rule_top20,all,pre4_through_night,500,25.0,5.0,-18.689730450159097,-5.306414084919431,-35.91251966993048,-5.306414084919431,-0.12798532486608893,0.44,1.5460606231092668,0.03189114690257788,-7.023443556067605,-0.1448823314171957,,,,,,,0.05800000000000001,-44.50899279399461,675.8180744068086
b_candidates,quarterly_rule_top5,2020-23,pre4_through_night,70,14.0,5.0,-78.84552718131118,-95.70101819856855,-57.069347607394405,-95.70101819856855,-1.141242474868078,0.42857142857142855,-80.1896482988935,-0.8113495187479721,-88.57614799636907,-0.8962920881602608,,,,,,,0.042857142857142864,-114.5510031833692,477.94693984609705
b_candidates,quarterly_rule_top5,2024-26,pre4_through_night,55,11.0,5.0,106.00838629205728,157.87745750774772,247.2194916157017,157.87745750774772,1.420152235247753,0.8181818181818182,153.70952015368098,1.482287935713886,145.16919344543055,1.400207626142728,,,,,,,0.21818181818181823,-86.59189538587027,1066.8409550431752
b_candidates,quarterly_rule_top5,all,pre4_through_night,125,25.0,5.0,2.490194746970936,15.873511112210576,105.61668502737959,15.873511112210576,0.21945977465400152,0.6,22.725985820239284,0.30142648884635737,14.271802238022792,0.18932997506625235,,,,,,,0.12,-102.24899575246965,919.6174512439055
b_candidates,quarterly_rule_above_min,2020-23,pre5,528,13.0,5.0,59.96235537060487,-5.488947270942071,-15.988946273720329,-5.488947270942071,-0.1920881163617178,0.38461538461538464,-11.210900983973296,-0.25943856491776685,-20.03485768743148,-0.4634613497647756,,,,,,,0.028316709561607086,-5.907880612054621,69.45224173800642
b_candidates,quarterly_rule_above_min,2024-26,pre5,401,11.0,5.0,-59.184063082625244,20.602297142527824,-18.309917383428147,20.602297142527824,0.5812551909890107,0.45454545454545453,-6.240363158298713,-0.14950347818401746,-15.005988223348405,-0.35950121543768637,,,,,,,0.06681310974066498,7.344712775530034,232.4765536858313
b_candidates,quarterly_rule_above_min,all,pre5,929,24.0,5.0,5.353580246207733,6.469539751898299,-17.149431828574237,6.469539751898299,0.2863273883928128,0.4166666666666667,-8.932737813872452,-0.2954488274046945,-17.729959183060064,-0.5862755174096763,,,,,,,0.04596089297700862,0.16622469058835165,165.34889582496226
b_candidates,quarterly_rule_fresh_top10,2020-23,pre5,140,14.0,5.0,32.57584954987838,-11.454101951858226,-20.87342536343839,-11.454101951858226,-0.21804045145512155,0.42857142857142855,-17.193695229338267,-0.24532238893678218,-25.845527327180246,-0.36880747693922744,,,,,,,0.049999999999999996,-23.222378494740624,194.87996688400702
b_candidates,quarterly_rule_fresh_top10,2024-26,pre5,110,11.0,5.0,-70.54252782258125,9.243832402571808,78.88734312446597,9.243832402571808,0.08077318997568453,0.5454545454545454,-17.598827898254726,-0.151342633994345,-26.17835447901905,-0.225102330718058,,,,,,,0.11818181818181818,-41.224076260411444,342.6092727228471
b_candidates,quarterly_rule_fresh_top10,all,pre5,250,25.0,5.0,-12.79623649400387,-2.3470108359090065,-2.825598787318008,-2.3470108359090065,-0.040220140984619394,0.48,-17.371953603661524,-0.2693954883794041,-25.991971273989318,-0.40306302096151253,,,,,,,0.08000000000000002,-31.143125511635784,293.3661707765671
b_candidates,quarterly_rule_fresh_top5,2020-23,pre5,70,14.0,5.0,83.87934334444434,39.84939184270775,79.48434357894413,39.84939184270775,0.6305655829050655,0.6428571428571429,34.109798565227706,0.42971707359240086,25.64315004109953,0.3229509704982838,,,,,,,0.042857142857142864,35.58889967358562,99.04383591395653
b_candidates,quarterly_rule_fresh_top5,2024-26,pre5,55,11.0,5.0,-15.873802214541731,63.91255801061131,30.87007453682223,63.91255801061131,0.4441349986402132,0.5454545454545454,37.06989770978479,0.2646360289217996,28.707618991833773,0.20491624977351003,,,,,,,0.21818181818181817,-23.780889501988316,361.90894618228214
b_candidates,quarterly_rule_fresh_top5,all,pre5,125,25.0,5.0,39.98795929849046,50.437184956585334,77.95116333010124,50.437184956585334,0.6949577947808806,0.6,35.41224218883282,0.46599742123533017,26.991516379422595,0.3551223656510891,,,,,,,0.12,9.46619243633309,296.1926686152007
b_candidates,quarterly_rule_rank21_50,2020-23,pre5,420,14.0,5.0,14.894388952403208,-29.13556254933339,-16.29171799006934,-29.13556254933339,-1.4399659766934687,0.42857142857142855,-34.87515582681343,-1.0934857878099793,-43.900293179298956,-1.3755825050704467,,,,,,,0.019047619047619046,-24.752473682824434,-161.70552933711232
b_candidates,quarterly_rule_rank21_50,2024-26,pre5,330,11.0,5.0,-106.37892649342618,-26.592566268273124,-33.534935057189244,-26.592566268273124,-0.7797436555031343,0.45454545454545453,-53.435226569099655,-1.5143675706691762,-62.32567390642113,-1.7664005673453147,,,,,,,0.015151515151515154,-27.265843840063116,-15.029577811808032
b_candidates,quarterly_rule_rank21_50,all,pre5,750,25.0,5.0,-38.46586984376172,-28.016644185666866,-26.80194668937163,-28.016644185666866,-1.489855094311412,0.44,-43.04158695341937,-1.8132881605234785,-52.00746069923271,-2.1903511524465435,,,,,,,0.017333333333333333,-25.858356552009454,-96.51621754808819
b_candidates,quarterly_rule_top10,2020-23,pre5,140,14.0,5.0,67.63670953773746,23.606758036000862,24.84924300609764,23.606758036000862,0.4170079987520938,0.5714285714285714,17.86716475852082,0.23878887434925816,9.438196352504539,0.12614463235904505,,,,,,,0.021428571428571432,28.458353869392912,-71.98091135777747
b_candidates,quarterly_rule_top10,2024-26,pre5,110,11.0,5.0,-23.749092961965943,56.0372672631871,-8.788553050700807,56.0372672631871,0.8257505218135642,0.45454545454545453,29.194606962360574,0.39710694691972154,20.76675322927107,0.2824804168005299,,,,,,,0.15454545454545457,31.006628552764536,310.2574356284087
b_candidates,quarterly_rule_top10,all,pre5,250,25.0,5.0,27.426956437867968,37.87618209596281,6.554899774096831,37.87618209596281,0.8673578714148925,0.52,22.851239328210305,0.43158623034328314,14.422761378281818,0.27241130819138293,,,,,,,0.08,29.57959473007642,222.04858632390417
b_candidates,quarterly_rule_top20,2020-23,pre5,280,14.0,5.0,51.535492634469364,7.505541132732774,-17.455263559779517,7.505541132732774,0.2016560671628375,0.42857142857142855,1.7659478552527172,0.030909370409464346,-6.830603549747108,-0.11957126436026778,,,,,,,0.03214285714285714,3.136535124365109,196.42446924286193
b_candidates,quarterly_rule_top20,2024-26,pre5,220,11.0,5.0,-27.901293849576398,51.88506637557667,44.425465428194144,51.88506637557667,0.9392883167321975,0.5454545454545454,25.042406074750126,0.40096724565555314,16.498735664459762,0.26419344192339667,,,,,,,0.09090909090909091,32.29085396778318,217.4857787864843
b_candidates,quarterly_rule_top20,all,pre5,500,25.0,5.0,16.58330658148923,27.032532239584082,-10.582285505613982,27.032532239584082,0.8364060129132999,0.48,12.007589471831581,0.284275881458918,3.4343057045039096,0.08131455744027277,,,,,,,0.05800000000000001,15.964435415469058,209.5877877076259
b_candidates,quarterly_rule_top5,2020-23,pre5,70,14.0,5.0,81.28630345659464,37.256351954858054,96.76297945625201,37.256351954858054,0.5775117942286072,0.6428571428571429,31.516758677378018,0.3974995323374157,23.13506497026419,0.2918217955725188,,,,,,,0.042857142857142864,48.33911757114536,-71.98091135777747
b_candidates,quarterly_rule_top5,2024-26,pre5,55,11.0,5.0,-50.78848848499782,28.997871740155226,11.073676849435062,28.997871740155226,0.31143511853677774,0.5454545454545454,2.155211439328679,0.024012626502826692,-6.403623770526622,-0.07135516189583643,,,,,,,0.21818181818181823,-81.25089863154057,506.2658762283429
b_candidates,quarterly_rule_top5,all,pre5,125,25.0,5.0,23.173395002293947,33.62262066038881,51.79077890269945,33.62262066038881,0.6154817955179143,0.6,18.5976778926363,0.3125982116931388,10.138041924316237,0.17042229417402957,,,,,,,0.12,-8.680489558036443,361.70417933181284
b_candidates,quarterly_actual_above_min,2020-23,ann_night,529,13.0,1.0,4.5688308588058,-1.7122291262412423,-0.8483614673723519,-1.7122291262412423,-0.2201717848153783,0.46153846153846156,3.19101135646288,0.3347773881845523,-5.615407553898464,-0.5895918660614552,,,,,,,0.028707703240053988,-12.711428512122264,352.4017205382383
b_candidates,quarterly_actual_above_min,2024-26,ann_night,398,11.0,1.0,3.7284609815712626,3.569188560841626,30.082586566975024,3.569188560841626,0.1914662177034065,0.5454545454545454,10.953820681990207,0.6738177223442195,2.248757179068193,0.13842394306113623,,,,,,,0.06838994407052483,-29.280325121899455,505.6921183961359
b_candidates,quarterly_actual_above_min,all,ann_night,927,24.0,1.0,4.183661331739971,0.7084206470050739,-0.3556735973914515,0.7084206470050739,0.07424953390498017,0.5,6.748965630662904,0.7417114519980466,-2.0109987179554127,-0.22114263056149686,,,,,,,0.046895396954019786,-20.305506124936812,437.5630526815147
b_candidates,quarterly_actual_fresh_top10,2020-23,ann_night,150,15.0,1.0,-25.490664736533287,-0.19638258310940407,11.698153749024527,-0.19638258310940407,-0.0076632409656019395,0.6,-1.7151591077592263,-0.06785511472854525,-10.37328373646886,-0.410486322462487,,,,,,,0.05333333333333334,-25.456732443754323,417.6182721820124
b_candidates,quarterly_actual_fresh_top10,2024-26,ann_night,110,11.0,1.0,8.861932116794808,8.702659696065172,17.48316325570267,8.702659696065172,0.23774005665209214,0.5454545454545454,16.08729181721375,0.5030617323909053,7.550716232880019,0.23607924346094925,,,,,,,0.11818181818181818,-71.16047509653959,660.7979762317918
b_candidates,quarterly_actual_fresh_top10,all,ann_night,260,26.0,1.0,-10.956873760125248,3.568596842695224,13.13523037929958,3.568596842695224,0.1665359691760621,0.5769230769230769,5.816647052806264,0.2913138250598532,-2.7900529802058696,-0.13973419157013434,,,,,,,0.08076923076923077,-44.79293125839423,569.6055872131245
b_candidates,quarterly_actual_fresh_top5,2020-23,ann_night,75,15.0,1.0,-25.023845693542594,0.27043645988129805,27.263723066382244,0.27043645988129805,0.006783941178825016,0.6,-1.248340064768529,-0.03186542993288647,-9.697449471755105,-0.24755021379940897,,,,,,,0.06666666666666667,-28.90912216593703,403.6773343902887
b_candidates,quarterly_actual_fresh_top5,2024-26,ann_night,55,11.0,1.0,5.3773578985455135,5.2180854778158725,42.76350114339719,5.2180854778158725,0.08357650134786401,0.5454545454545454,12.60271759896446,0.2234586990269177,4.2636054400997265,0.0756254992140975,,,,,,,0.2,-128.3653100663935,640.3504038114968
b_candidates,quarterly_actual_fresh_top5,all,ann_night,130,26.0,1.0,-12.161798019966847,2.363672582853613,31.429644528293796,2.363672582853613,0.06748110464887604,0.5769230769230769,4.611722792964662,0.14020339363717654,-3.7908493167396045,-0.11527051726585723,,,,,,,0.1230769230769231,-70.98674012382246,549.3223001879553
b_candidates,quarterly_actual_rank21_50,2020-23,ann_night,450,15.0,1.0,-25.13000130696518,0.16428084645870625,-5.525912960345041,0.16428084645870625,0.026786656273668483,0.4,-1.3544956781911157,-0.1916094999237476,-10.381757607389593,-1.470445897837228,,,,,,,0.02666666666666667,-0.9822832788653779,65.62811042515595
b_candidates,quarterly_actual_rank21_50,2024-26,ann_night,330,11.0,1.0,3.8109815067508825,3.6517090860212464,11.095578671287079,3.6517090860212464,0.3135802471370251,0.5454545454545454,11.036341207169823,0.8631641698429522,2.1821997430092366,0.17073044370384302,,,,,,,0.015151515151515154,1.9006613070328304,131.10956186391329
b_candidates,quarterly_actual_rank21_50,all,ann_night,780,26.0,1.0,-12.885739347316077,1.6397312555043966,-2.8998987979638953,1.6397312555043966,0.2699101974980579,0.46153846153846156,3.8877814656154355,0.5650768329905014,-5.066237189913165,-0.7365221058093,,,,,,,0.021794871794871794,0.23742404593770985,89.4395473119768
b_candidates,quarterly_actual_top10,2020-23,ann_night,150,15.0,1.0,-32.54226120853423,-7.247979055110341,-9.351776068792207,-7.247979055110341,-0.31938300226693006,0.4666666666666667,-8.766755579760169,-0.41293215548366663,-17.213404704140366,-0.8110532647976495,,,,,,,0.02666666666666667,-23.007018177680425,551.4173656169231
b_candidates,quarterly_actual_top10,2024-26,ann_night,110,11.0,1.0,10.07451550231984,9.915243081590198,18.550442533725402,9.915243081590198,0.2635759360607155,0.5454545454545454,17.299875202738782,0.5237140877194245,8.861350124238069,0.26827294250727945,,,,,,,0.13636363636363635,-82.96972530465925,608.3308810377524
b_candidates,quarterly_actual_top10,all,ann_night,260,26.0,1.0,-14.51208644624982,0.013384156570653493,-2.6347055589655732,0.013384156570653493,0.00064734206279336,0.5,2.261434366681694,0.12058344505535906,-6.181777661364875,-0.3296778658470164,,,,,,,0.07307692307692308,-48.37585580832531,590.8190301390358
b_candidates,quarterly_actual_top20,2020-23,ann_night,300,15.0,1.0,-24.70605054124568,0.5882316121782055,2.997789684604287,0.5882316121782055,0.03764552119706788,0.5333333333333333,-0.9305449124716184,-0.06167468316942165,-9.53344230556196,-0.6317461588854836,,,,,,,0.03333333333333333,-16.82888306624125,482.2565273220166
b_candidates,quarterly_actual_top20,2024-26,ann_night,220,11.0,1.0,5.157173991646325,4.9979015709166905,-9.652840924533873,4.9979015709166905,0.2171388142219798,0.45454545454545453,12.382533692065266,0.6554207912682727,3.852760084331606,0.2040245547676416,,,,,,,0.09090909090909091,-50.74789052009249,633.9715048153148
b_candidates,quarterly_actual_top20,all,ann_night,520,26.0,1.0,-12.07160939271445,2.453861210106024,-0.9641446407095752,2.453861210106024,0.1848215993506326,0.5,4.701911420217064,0.3955217519243069,-3.870048986760834,-0.3255617406739334,,,,,,,0.057692307692307696,-31.17923237363986,571.5006317298391
b_candidates,quarterly_actual_top5,2020-23,ann_night,75,15.0,1.0,-29.59888157641948,-4.304599422995594,-5.864353908152119,-4.304599422995594,-0.10795800057063942,0.4666666666666667,-5.823375947645415,-0.15150489761374866,-14.18429986747216,-0.36906911947031507,,,,,,,0.05333333333333334,-37.707201493920756,551.4173656169231
b_candidates,quarterly_actual_top5,2024-26,ann_night,55,11.0,1.0,58.99852875244793,58.8392563317183,47.19230015358145,58.8392563317183,1.113365593935497,0.5454545454545454,66.22388845286687,1.4293337227645824,57.69849191968346,1.245200325112894,,,,,,,0.21818181818181823,-103.55066565425224,640.708402907815
b_candidates,quarterly_actual_top5,all,ann_night,130,26.0,1.0,7.88463817810135,22.41010878092182,-2.7563851644556245,22.41010878092182,0.6862161905173214,0.5,24.658158991032863,0.8108846696822983,16.227650504016758,0.5337199241804373,,,,,,,0.1230769230769231,-65.56405171559946,613.2342375875406
b_candidates,quarterly_actual_above_min,2020-23,post5,529,13.0,5.0,-113.25594399198846,-21.82114890378566,3.7009012180249172,-21.82114890378566,-0.6456911522704967,0.5384615384615384,-37.39124898822322,-0.9748256328500826,-46.18425450556756,-1.2038294412710635,,,,,,,0.028707703240053988,-33.819273058513375,386.6489399147119
b_candidates,quarterly_actual_above_min,2024-26,post5,398,11.0,5.0,-72.75699420476403,-47.51620228980632,-104.63965547201325,-47.51620228980632,-0.8075936340151756,0.45454545454545453,-82.40112544555151,-1.4464039037595537,-91.08987368580972,-1.5990995735963935,,,,,,,0.06838994407052483,-88.42240093017186,529.625875833606
b_candidates,quarterly_actual_above_min,all,post5,927,24.0,5.0,-94.69392533951059,-33.59804837237847,0.9842050079871163,-33.59804837237847,-1.0275366217213797,0.5,-58.02077569783202,-1.7226528194953485,-66.76599662984522,-1.9823705726351368,,,,,,,0.046895396954019786,-58.845706666356854,466.08057098076415
b_candidates,quarterly_actual_fresh_top10,2020-23,post5,150,15.0,5.0,-99.2973370392888,-34.69472765040064,-30.072616844523722,-34.69472765040064,-0.5476577221106564,0.4666666666666667,-38.234128944787464,-0.5866413516732061,-46.87894085280346,-0.7191195723431801,,,,,,,0.05333333333333334,-66.48630484805939,627.6200048127695
b_candidates,quarterly_actual_fresh_top10,2024-26,post5,110,11.0,5.0,-11.671122498618287,13.569669416339435,141.41366225182946,13.569669416339435,0.13354720429856332,0.5454545454545454,-21.315253739405783,-0.20778897791745005,-29.839621732637646,-0.29084605540814007,,,,,,,0.11818181818181818,-82.63069802244803,831.6539249841891
b_candidates,quarterly_actual_fresh_top10,all,post5,260,26.0,5.0,-62.224707810543585,-14.275175045241372,0.9288312716005005,-14.275175045241372,-0.252127320509235,0.5,-31.076143280972136,-0.5409627388893066,-39.669998148117905,-0.6904343261457698,,,,,,,0.08076923076923077,-73.31662503722382,755.1412049199066
b_candidates,quarterly_actual_fresh_top5,2020-23,post5,75,15.0,5.0,-82.10551019667106,-17.502900807782865,-51.8679775548985,-17.502900807782865,-0.17738820050522572,0.4666666666666667,-21.042302102169703,-0.21734648256181185,-29.483432725080657,-0.30448868851093014,,,,,,,0.06666666666666667,-76.2377201556166,670.1102189127453
b_candidates,quarterly_actual_fresh_top5,2024-26,post5,55,11.0,5.0,-67.89230373790609,-42.65151182294837,26.686183988046974,-42.65151182294837,-0.3393558958007411,0.5454545454545454,-77.53643497869359,-0.6335708767752127,-85.86488789669478,-0.7018370898226777,,,,,,,0.2,-193.10005027039765,774.0425131569102
b_candidates,quarterly_actual_fresh_top5,all,post5,130,26.0,5.0,-76.09223054103971,-28.142697775737513,-20.502212702005643,-28.142697775737513,-0.3611049436320873,0.5,-44.94366601146827,-0.5885954547603377,-53.33712529768662,-0.6985658912539633,,,,,,,0.1230769230769231,-125.67947520417779,734.0685538322314
b_candidates,quarterly_actual_rank21_50,2020-23,post5,450,15.0,5.0,-75.5510173098226,-10.948407920934404,-10.462621793314517,-10.948407920934404,-0.49754327823048244,0.4,-14.487809215321242,-0.3891659456950979,-23.502471950149094,-0.6315871352969374,,,,,,,0.02666666666666667,-7.8888431403371335,-68.25521519656974
b_candidates,quarterly_actual_rank21_50,2024-26,post5,330,11.0,5.0,-40.33371417659348,-15.092922261635765,-20.9577840641249,-15.092922261635765,-0.5184585097630144,0.45454545454545453,-49.977845417380976,-0.9525583801929818,-58.818339082097935,-1.1211651014709674,,,,,,,0.015151515151515154,-12.084539984257702,-119.39823691513661
b_candidates,quarterly_actual_rank21_50,all,post5,780,26.0,5.0,-60.651389061148734,-12.70185629584652,-12.425736691404994,-12.70185629584652,-0.7179303162787332,0.4230769230769231,-29.50282453157728,-0.9493147346269885,-38.44380035212746,-1.237400771950501,,,,,,,0.021794871794871794,-9.663945651226603,-86.85267763968494
b_candidates,quarterly_actual_top10,2020-23,post5,150,15.0,5.0,-65.32043925812094,-0.7178298692327584,-30.072616844523722,-0.7178298692327584,-0.011247430340530499,0.4,-4.257231163619585,-0.06897572175509695,-12.693853106487426,-0.20565504933161644,,,,,,,0.02666666666666667,-23.008160593196163,643.6694255846487
b_candidates,quarterly_actual_top10,2024-26,post5,110,11.0,5.0,-30.965988856001147,-5.725196941043446,50.26827210808267,-5.725196941043446,-0.07204424039575263,0.6363636363636364,-40.61012009678865,-0.5205920469705878,-49.03684794290532,-0.6286403139028772,,,,,,,0.13636363636363635,-119.98290035092108,697.6605326789681
b_candidates,quarterly_actual_top10,all,post5,260,26.0,5.0,-50.785864087993325,-2.8363313226911235,4.907306941180234,-2.8363313226911235,-0.05688231725563128,0.5,-19.637299558421883,-0.4034115910382979,-28.06973553727961,-0.5766346420522112,,,,,,,0.07307692307692308,-64.0359351060798,681.0478843422545
b_candidates,quarterly_actual_top20,2020-23,post5,300,15.0,5.0,-68.39680071444218,-3.7941913255539896,-5.177425467050162,-3.7941913255539896,-0.08327690329614315,0.4666666666666667,-7.333592619940831,-0.1598199001413225,-15.924143617118899,-0.3470186290872525,,,,,,,0.03333333333333333,-25.919161239499047,725.9962345829651
b_candidates,quarterly_actual_top20,2024-26,post5,220,11.0,5.0,-66.07650623031839,-40.83571431536066,-74.7595142353272,-40.83571431536066,-0.5227467195407011,0.45454545454545453,-75.72063747110589,-1.0499764275658519,-84.24015130656964,-1.1681012766133811,,,,,,,0.09090909090909091,-115.02750169480053,812.8033247030851
b_candidates,quarterly_actual_top20,all,post5,520,26.0,5.0,-67.41513766346672,-19.465604898164507,-21.300516446148382,-19.465604898164507,-0.4593087892359533,0.46153846153846156,-36.26657313389528,-0.885964825812717,-44.827069947271134,-1.0950972278784197,,,,,,,0.057692307692307696,-63.6188437398189,777.0592287712711
b_candidates,quarterly_actual_top5,2020-23,post5,75,15.0,5.0,-35.65440795663675,28.948201432251423,-78.44311201798197,28.948201432251423,0.49407760120910815,0.4666666666666667,25.408800137864596,0.4147805876878282,17.055840620940703,0.2783991515845994,,,,,,,0.05333333333333334,-18.05353660580609,643.6694255846487
b_candidates,quarterly_actual_top5,2024-26,post5,55,11.0,5.0,-16.09102961426865,9.149762300689066,-26.572811191880977,9.149762300689066,0.08056803776578805,0.36363636363636365,-25.735160855056147,-0.23210033904799543,-34.24844898299189,-0.308859393498742,,,,,,,0.21818181818181823,-213.16683967379564,743.1108275099267
b_candidates,quarterly_actual_top5,all,post5,130,26.0,5.0,-27.377594042557945,20.571938722744278,-44.47325270444998,20.571938722744278,0.3499975493524063,0.4230769230769231,3.770970487013502,0.06397756215637722,-4.649820365338475,-0.07888029736982737,,,,,,,0.1230769230769231,-100.60147251918627,712.5134730713796
b_candidates,quarterly_actual_above_min,2020-23,pre10,513,13.0,10.0,101.15561190959434,-58.466654249095804,-89.2483662937659,-58.466654249095804,-1.286650742382691,0.46153846153846156,-8.763593123318145,-0.24857479688428713,-17.61192174008957,-0.49932586472028784,,,,,,,0.03212447680250997,-62.93778063403991,141.99911751388055
b_candidates,quarterly_actual_above_min,2024-26,pre10,391,11.0,10.0,100.63374847407442,37.06759921955381,44.443298070198956,37.06759921955381,0.8135383120689668,0.6363636363636364,43.31664097504914,0.6081877849640989,34.531547061291604,0.48482083889960537,,,,,,,0.06833283546750452,17.771835406195613,249.82760520672366
b_candidates,quarterly_actual_above_min,all,pre10,904,24.0,10.0,100.91642450164773,-14.680121409298081,24.03359488633527,-14.680121409298081,-0.4354830404458365,0.5416666666666666,15.106514171766866,0.3955796131100201,6.287168127210135,0.164608488547379,,,,,,,0.048719974523965814,-25.945873282265286,201.90383289879338
b_candidates,quarterly_actual_fresh_top10,2020-23,pre10,140,14.0,10.0,106.45151885604648,-45.77901251054355,-50.73804440605727,-45.77901251054355,-0.7564541642631435,0.5,-2.1181571728876647,-0.0274610955171455,-10.801227700842754,-0.13999146540410565,,,,,,,0.05714285714285715,-66.63357418305783,239.83227226986384
b_candidates,quarterly_actual_fresh_top10,2024-26,pre10,110,11.0,10.0,83.50243685281679,19.936287598296136,30.358420056803176,19.936287598296136,0.18445937181261804,0.5454545454545454,26.185329353791477,0.2015799373701789,17.593671648271112,0.13546072373354634,,,,,,,0.12727272727272726,-21.772858146562193,24.834798071961067
b_candidates,quarterly_actual_fresh_top10,all,pre10,250,25.0,10.0,96.35392277462539,-16.864280462654087,6.228199287708694,-16.864280462654087,-0.28700947977117813,0.52,10.335376898851164,0.14415310111241356,1.6925280127673414,0.023606234258163813,,,,,,,0.08800000000000002,-46.894859126999755,105.45885089617464
b_candidates,quarterly_actual_fresh_top5,2020-23,pre10,70,14.0,10.0,170.51620824479986,18.28567687820982,183.05156212931308,18.28567687820982,0.1563209262370878,0.5714285714285714,61.94653221586571,0.4502006744399159,53.46740607718658,0.38844510333812143,,,,,,,0.05714285714285715,-4.156842871846635,166.27220234083688
b_candidates,quarterly_actual_fresh_top5,2024-26,pre10,55,11.0,10.0,106.64411603604819,43.07796678152754,-149.8565784935704,43.07796678152754,0.22688732330738617,0.45454545454545453,49.327008537022884,0.2416068399454418,41.029155291115,0.20097379422937117,,,,,,,0.2,-48.44164649192688,86.44147076991423
b_candidates,quarterly_actual_fresh_top5,all,pre10,125,25.0,10.0,142.41248767294908,29.194284435669612,82.88140637921528,29.194284435669612,0.2749270763252431,0.52,56.39394179717486,0.47646824731774123,47.99457573131509,0.4054565027591644,,,,,,,0.12000000000000002,-23.64215646468193,111.00477279173664
b_candidates,quarterly_actual_rank21_50,2020-23,pre10,420,14.0,10.0,99.91812604670709,-52.31240531988294,-18.56583186127546,-52.31240531988294,-1.2133031852767018,0.42857142857142855,-8.651549982227039,-0.2519823710057545,-17.72671416111784,-0.5163820346635524,,,,,,,0.02142857142857143,-43.537122486443806,-385.10806205258814
b_candidates,quarterly_actual_rank21_50,2024-26,pre10,330,11.0,10.0,84.87573749457393,21.309588240053287,12.919501823831244,21.309588240053287,0.4446501561224324,0.5454545454545454,27.558629995548642,0.36501335039171695,18.629710352370854,0.2466957180369367,,,,,,,0.015151515151515154,21.95534365727016,19.860537780428018
b_candidates,quarterly_actual_rank21_50,all,pre10,750,25.0,10.0,93.2994750837685,-19.918728153510997,-3.146328491470535,-19.918728153510997,-0.6058152789691338,0.48,7.28092920799425,0.18886489068279946,-1.729887375182816,-0.04486550281525947,,,,,,,0.018666666666666668,-14.720437383209662,-223.12062211938166
b_candidates,quarterly_actual_top10,2020-23,pre10,140,14.0,10.0,180.10723461071206,27.87670324412204,40.72179576720108,27.87670324412204,0.3890946051799047,0.6428571428571429,71.53755858177792,0.8036439728285016,63.09030663391516,0.7087032976233493,,,,,,,0.028571428571428574,25.95330532808463,148.20810089463615
b_candidates,quarterly_actual_top10,2024-26,pre10,110,11.0,10.0,76.28903620497297,12.72288695045234,42.419101157187384,12.72288695045234,0.14325505984137626,0.6363636363636364,18.97192870594769,0.17896688246026982,10.553534122564455,0.09955503723006652,,,,,,,0.14545454545454548,-41.37079251298595,318.71253315654394
b_candidates,quarterly_actual_top10,all,pre10,250,25.0,10.0,134.4272273121869,21.209024074907372,42.419101157187384,21.209024074907372,0.37854922006162295,0.64,48.40868143641263,0.7070315062548094,39.974126728920844,0.5838255319193357,,,,,,,0.08000000000000002,-3.6692977219864127,269.99698108171316
b_candidates,quarterly_actual_top20,2020-23,pre10,280,14.0,10.0,116.41021342510466,-35.82031794148535,-87.65635805780214,-35.82031794148535,-0.6804916799421346,0.35714285714285715,7.840537396170524,0.12467032896393779,-0.7659807247085931,-0.012179196152663965,,,,,,,0.03571428571428571,-45.67639802163388,262.30747994688977
b_candidates,quarterly_actual_top20,2024-26,pre10,220,11.0,10.0,97.87231263910014,34.30616338457952,48.27306451868157,34.30616338457952,0.4916534871175742,0.5454545454545454,40.55520514007486,0.4496000895621609,32.020897278585856,0.355059175504839,,,,,,,0.09090909090909091,9.11665347257684,151.08414281741716
b_candidates,quarterly_actual_top20,all,pre10,500,25.0,10.0,108.25353707926266,-4.964666158016811,-7.687306963510762,-4.964666158016811,-0.11511492330781535,0.44,22.234991203488438,0.41825497789958443,13.66024559674096,0.25698074539177335,,,,,,,0.06,-21.567455364181164,196.88198751778825
b_candidates,quarterly_actual_top5,2020-23,pre10,70,14.0,10.0,233.73459117751833,81.50405981092827,223.29062930503656,81.50405981092827,0.8116619425062136,0.7142857142857143,125.16491514858416,1.0186934605734768,116.75645976255807,0.950196380256691,,,,,,,0.05714285714285715,82.15679484315378,148.20810089463615
b_candidates,quarterly_actual_top5,2024-26,pre10,55,11.0,10.0,69.30070891813426,5.734559663613601,109.04174546585391,5.734559663613601,0.03863217556227856,0.7272727272727273,11.983601419108954,0.07133617394213294,3.425950602863086,0.020393973128959575,,,,,,,0.2,-88.6735589162732,495.84745509321436
b_candidates,quarterly_actual_top5,all,pre10,125,25.0,10.0,161.38368298338935,48.165479746109824,129.21762220685542,48.165479746109824,0.5567385048337312,0.72,75.36513710761508,0.7417344705649942,66.89103573229227,0.6583016285148596,,,,,,,0.12,6.991439189005904,379.96767036035504
b_candidates,quarterly_actual_above_min,2020-23,pre3,520,13.0,3.0,110.84841465386899,-8.33278733775162,-15.849785903394682,-8.33278733775162,-0.30110805417850106,0.46153846153846156,34.00673563879767,0.9734647072109267,25.199157438375767,0.721098032184245,,,,,,,0.030865262237494855,-7.888129556525303,26.929997364249463
b_candidates,quarterly_actual_above_min,2024-26,pre3,390,11.0,3.0,5.897704481389754,3.9306794544263655,20.894640054777078,3.9306794544263655,0.1155539671685898,0.5454545454545454,7.366440007381104,0.2531273386115489,-1.367310712690583,-0.0469969410202717,,,,,,,0.07020114777148025,8.428674050234758,18.01328326683989
b_candidates,quarterly_actual_above_min,all,pre3,910,24.0,3.0,62.74600582481602,-2.7120317246700423,2.3056875460903195,-2.7120317246700423,-0.12518695353104978,0.5,21.79660014106508,0.9351151203274252,13.022859535803695,0.5586523533693241,,,,,,,0.04889420977390483,-0.40959457009360756,21.68487142459677
b_candidates,quarterly_actual_fresh_top10,2020-23,pre3,150,15.0,3.0,8.907446810746423,-34.70485707369754,-39.014967933587855,-34.70485707369754,-0.6810198419913743,0.4,-4.268155958914069,-0.07530169068639696,-12.921329151007841,-0.22795216804732116,,,,,,,0.05333333333333334,-39.748163521620306,-1.7467529800986477
b_candidates,quarterly_actual_fresh_top10,2024-26,pre3,110,11.0,3.0,-12.943933230036697,-14.91095825700009,75.64128836403842,-14.91095825700009,-0.16995059639198562,0.6363636363636364,-11.475197704045348,-0.13315956675333807,-20.04331917097918,-0.23258432428511303,,,,,,,0.11818181818181818,-14.857607598346547,88.48806287301164
b_candidates,quarterly_actual_fresh_top10,all,pre3,260,26.0,3.0,-0.3373678218925863,-26.330515266633235,6.833669364592863,-26.330515266633235,-0.5556024229914115,0.5,-7.317289004931153,-0.14939220252694507,-15.934478774841875,-0.3253144874691333,,,,,,,0.08076923076923077,-29.217543707927558,54.65000692809529
b_candidates,quarterly_actual_fresh_top5,2020-23,pre3,75,15.0,3.0,-6.837734402195474,-50.45003828663943,8.923407123854894,-50.45003828663943,-0.6468593336284584,0.5333333333333333,-20.013337171855966,-0.23398470324837262,-28.46191672226628,-0.3326668954676875,,,,,,,0.05333333333333334,-52.46342874022934,-15.59986279035436
b_candidates,quarterly_actual_fresh_top5,2024-26,pre3,55,11.0,3.0,-100.35861922552998,-102.32564425249335,-48.1353507958874,-102.32564425249335,-0.8343722185129414,0.45454545454545453,-98.88988369953863,-0.8333736064497852,-107.2392137317406,-0.9035503925948389,,,,,,,0.2,-111.64137197293077,-20.49334798046424
b_candidates,quarterly_actual_fresh_top5,all,pre3,130,26.0,3.0,-46.40426259668314,-72.39741004142377,-6.367779491852632,-72.39741004142377,-1.0513440692340261,0.5,-53.384183779721695,-0.7539286492208762,-61.79077314935158,-0.8724555884382177,,,,,,,0.1153846153846154,-77.50025087714148,-18.862186250427627
b_candidates,quarterly_actual_rank21_50,2020-23,pre3,450,15.0,3.0,28.917563402063486,-14.694740482380471,9.313767894524334,-14.694740482380471,-0.552649389445755,0.6,15.741960632402995,0.6909576003744963,6.70314834685512,0.2942279615166473,,,,,,,0.02666666666666667,-10.319145644057702,-112.88054584293553
b_candidates,quarterly_actual_rank21_50,2024-26,pre3,330,11.0,3.0,6.35483620078529,4.3878111738219,-16.224391586964654,4.3878111738219,0.1159464748812113,0.45454545454545453,7.823571726776634,0.20882544719995402,-1.0422222346552554,-0.027810531221831247,,,,,,,0.015151515151515154,3.500489167688236,62.855088429259396
b_candidates,quarterly_actual_rank21_50,all,pre3,780,26.0,3.0,19.37179420152271,-6.6213532432179285,8.969315977845781,-6.6213532432179285,-0.29758332256278525,0.5384615384615384,12.391873018484151,0.6013859437577671,3.4262607931391917,0.16625635843171216,,,,,,,0.021794871794871794,-4.472377069857497,-48.97667883486465
b_candidates,quarterly_actual_top10,2020-23,pre3,150,15.0,3.0,3.985906586807868,-39.62639729763608,-69.17327559734815,-39.62639729763608,-0.6588943732788763,0.3333333333333333,-9.189696182852623,-0.13081039440752976,-17.64245484347021,-0.2511266703344841,,,,,,,0.02666666666666667,-33.665955288586126,-138.29573828297114
b_candidates,quarterly_actual_top10,2024-26,pre3,110,11.0,3.0,-21.493851322989038,-23.46087634995242,-14.381239223154509,-23.46087634995242,-0.31238007825860303,0.36363636363636365,-20.02511579699769,-0.2866291169769176,-28.439400287173576,-0.4070531629038699,,,,,,,0.15454545454545457,-9.616708196978474,47.44592108825746
b_candidates,quarterly_actual_top10,all,pre3,260,26.0,3.0,-6.793990990413891,-32.78713843515454,-37.606342967431864,-32.78713843515454,-0.6965067039175027,0.34615384615384615,-13.77391217345245,-0.2745214970294255,-22.210393300421636,-0.44265580793279846,,,,,,,0.08076923076923079,-23.491273826752128,-5.62312444637927
b_candidates,quarterly_actual_top20,2020-23,pre3,300,15.0,3.0,25.106901618022786,-18.505402266421168,-56.68155314802874,-18.505402266421168,-0.41892427976004937,0.4,11.931298848362303,0.23465483301120874,3.3294364437504163,0.06547721882665235,,,,,,,0.03333333333333333,-22.324171084898897,87.13881077412533
b_candidates,quarterly_actual_top20,2024-26,pre3,220,11.0,3.0,19.85281634340152,17.885791316438137,13.107476279055705,17.885791316438137,0.38607049347235617,0.6363636363636364,21.321551869392877,0.5144547542648912,12.787714189545227,0.3085799462868839,,,,,,,0.09090909090909091,20.325537585888103,-5.400084868925792
b_candidates,quarterly_actual_top20,all,pre3,520,26.0,3.0,22.884019386452255,-3.109128058288378,-3.5794937625477274,-3.109128058288378,-0.09612961242785399,0.5,15.9040982034137,0.46520201377091686,7.331015490048218,0.21443231609389615,,,,,,,0.057692307692307696,-4.280063570335175,32.7041662782129
b_candidates,quarterly_actual_top5,2020-23,pre3,75,15.0,3.0,-0.8075691106517782,-44.41987299509575,8.923407123854894,-44.41987299509575,-0.6211908693014929,0.5333333333333333,-13.98317188031227,-0.1728636933043892,-22.356869525653636,-0.27638155001534176,,,,,,,0.04000000000000001,-35.82845953380597,-55.963002494809736
b_candidates,quarterly_actual_top5,2024-26,pre3,55,11.0,3.0,29.00788035891651,27.04085533195313,30.195467427123514,27.04085533195313,0.26217271804201253,0.5454545454545454,30.476615884907858,0.32154586188914297,21.94691817599533,0.23159182185303526,,,,,,,0.2,30.14505227866263,-111.87787989433205
b_candidates,quarterly_actual_top5,all,pre3,130,26.0,3.0,11.806659511088649,-14.18648793365199,19.559437275489202,-14.18648793365199,-0.2346869111233941,0.5384615384615384,4.826738328050096,0.07825406270050997,-3.612959344186762,-0.05858071562705195,,,,,,,0.1076923076923077,-7.9165891516077025,-96.62836787628052
b_candidates,quarterly_actual_above_min,2020-23,pre4_through_night,516,13.0,5.0,92.06955044815933,-27.175207742283398,-63.36244492644489,-27.175207742283398,-0.8414324644790375,0.38461538461538464,27.748812404976498,0.680142467800463,18.941226472173035,0.4641906104951195,,,,,,,0.03132415525156142,-40.46659097535854,445.64905513878585
b_candidates,quarterly_actual_above_min,2024-26,pre4_through_night,392,11.0,5.0,-39.26859846912453,12.60047274656589,57.51145818209411,12.60047274656589,0.26634942837469994,0.6363636363636364,8.432535392499183,0.15749427552149012,-0.30335830237582856,-0.005666440548915715,,,,,,,0.06998237629816577,-21.617986736005978,643.9177985856973
b_candidates,quarterly_actual_above_min,all,pre4_through_night,908,24.0,5.0,31.872898861070887,-8.944687518227472,-7.402642338132804,-8.944687518227472,-0.31772585871559916,0.5,18.89551877425773,0.5711648648772373,10.12079178383814,0.30592794328361006,,,,,,,0.04904250656458842,-31.827647365655288,562.2777277546161
b_candidates,quarterly_actual_fresh_top10,2020-23,pre4_through_night,150,15.0,5.0,-4.149060560118517,-11.915331762522285,-16.94036762020356,-11.915331762522285,-0.17104642890981325,0.4666666666666667,16.0928770639917,0.2096837031941842,7.442205811786979,0.09695438593334686,,,,,,,0.05333333333333334,-45.49647665030387,520.0736397883782
b_candidates,quarterly_actual_fresh_top10,2024-26,pre4_through_night,110,11.0,5.0,-27.775301584755574,24.093769630934844,106.99219962141109,24.093769630934844,0.19017922929467374,0.7272727272727273,19.925832276868135,0.15131997653808757,11.358300289499585,0.08624986058697572,,,,,,,0.11818181818181818,-76.96396213585436,866.0987824520704
b_candidates,quarterly_actual_fresh_top10,all,pre4_through_night,260,26.0,5.0,-14.144777916695734,3.319288057786503,21.951364139432602,3.319288057786503,0.04947959802501883,0.5769230769230769,17.71451196174712,0.24892395757547262,9.099015013896166,0.12784539707287462,,,,,,,0.08076923076923077,-58.809643586498325,736.3393539531857
b_candidates,quarterly_actual_fresh_top5,2020-23,pre4_through_night,75,15.0,5.0,-4.218672202167133,-11.984943404570881,43.72085016829136,-11.984943404570881,-0.1268228149266112,0.6,16.023265421943094,0.1557379201038838,7.58029270506772,0.07365821010311005,,,,,,,0.05333333333333334,-33.94489156190483,332.1363172699959
b_candidates,quarterly_actual_fresh_top5,2024-26,pre4_through_night,55,11.0,5.0,-20.42522521440596,31.443846001284466,33.80057306570247,31.443846001284466,0.17933350869087306,0.6363636363636364,27.27590864721774,0.15614076299377333,18.925539174356807,0.10832438779518314,,,,,,,0.2,-133.45187109334367,842.4094543152439
b_candidates,quarterly_actual_fresh_top5,all,pre4_through_night,130,26.0,5.0,-11.075290784268185,6.388775190214054,41.891705421335296,6.388775190214054,0.06932459577010501,0.6153846153846154,20.783999094174675,0.21924530028174957,12.380204672843869,0.13057204564141003,,,,,,,0.1153846153846154,-76.04399828674433,672.3184086334946
b_candidates,quarterly_actual_rank21_50,2020-23,pre4_through_night,450,15.0,5.0,-2.35544813533031,-10.121719337734058,-14.819827642616398,-10.121719337734058,-0.30431571034757987,0.4666666666666667,17.886489488779915,0.7474012620533724,8.847390896563564,0.36977776613334734,,,,,,,0.02666666666666667,-7.2198041543185605,13.213122445257222
b_candidates,quarterly_actual_rank21_50,2024-26,pre4_through_night,330,11.0,5.0,-83.62435966452749,-31.7552884488371,-27.5366449061816,-31.7552884488371,-0.6992886307281405,0.45454545454545453,-35.9232258029038,-0.7770461397593643,-44.799243539576985,-0.9690545607666613,,,,,,,0.015151515151515154,-35.24580172431545,187.89364001402433
b_candidates,quarterly_actual_rank21_50,all,pre4_through_night,780,26.0,5.0,-36.73844916691374,-19.274383192431497,-21.178236274399,-19.274383192431497,-0.7077206026335207,0.46153846153846156,-4.8791592884708885,-0.19913058028539754,-13.849262134111285,-0.5653452377985484,,,,,,,0.021794871794871794,-19.076956972394168,76.73331065208163
b_candidates,quarterly_actual_top10,2020-23,pre4_through_night,150,15.0,5.0,-7.84104777445026,-15.607318976854021,-48.24153610653467,-15.607318976854021,-0.2118907887567462,0.4666666666666667,12.400889849659945,0.15444865823417384,3.9467291100698496,0.04915585904426346,,,,,,,0.02666666666666667,-29.52192375061512,576.845011739313
b_candidates,quarterly_actual_top10,2024-26,pre4_through_night,110,11.0,5.0,6.008759605893027,57.87783082158344,78.52825271553534,57.87783082158344,0.6841145330499614,0.5454545454545454,53.70989346751675,0.6153468276524324,45.29275752690605,0.5189383842511666,,,,,,,0.15454545454545457,-52.68851148767129,892.2868840118964
b_candidates,quarterly_actual_top10,all,pre4_through_night,260,26.0,5.0,-1.9815138827665764,15.482552091715672,-13.08948985447669,15.482552091715672,0.2764012000968521,0.5,29.87777599567628,0.5032036612541931,21.439279594115938,0.3610906738984668,,,,,,,0.08076923076923079,-39.32317240860043,802.160634791158
b_candidates,quarterly_actual_top20,2020-23,pre4_through_night,300,15.0,5.0,-4.28436476966073,-12.050635972064459,-35.91251966993048,-12.050635972064459,-0.2090351600338134,0.3333333333333333,15.957572854449516,0.2561126471153071,7.353849748824269,0.11802529882927848,,,,,,,0.03333333333333333,-35.53076581277533,637.1098482274944
b_candidates,quarterly_actual_top20,2024-26,pre4_through_night,220,11.0,5.0,2.1387979987555084,54.00786921444591,70.54158508841509,54.00786921444591,0.8699965901541742,0.6363636363636364,49.8399318603792,0.7282417359234655,41.30838008665581,0.6036397621417563,,,,,,,0.09090909090909091,-7.332395556477837,722.6859480335439
b_candidates,quarterly_actual_top20,all,pre4_through_night,520,26.0,5.0,-1.5668728291769405,15.89719314530532,-22.15983054832867,15.89719314530532,0.37091632339602093,0.46153846153846156,30.29241704926592,0.6546298201909054,21.71922796867608,0.4693702228156506,,,,,,,0.057692307692307696,-23.60068608895716,687.4487304663471
b_candidates,quarterly_actual_top5,2020-23,pre4_through_night,75,15.0,5.0,-8.900734163472729,-16.667005365876445,73.81598606713627,-16.667005365876445,-0.18657785404363025,0.5333333333333333,11.34120346063754,0.11600084848812452,2.970404723671632,0.030383710338722072,,,,,,,0.04000000000000001,-34.260324685023704,477.94693984609705
b_candidates,quarterly_actual_top5,2024-26,pre4_through_night,55,11.0,5.0,106.00838629205728,157.87745750774772,247.2194916157017,157.87745750774772,1.420152235247753,0.8181818181818182,153.70952015368098,1.482287935713886,145.16919344543055,1.400207626142728,,,,,,,0.21818181818181823,-86.59189538587027,1066.8409550431752
b_candidates,quarterly_actual_top5,all,pre4_through_night,130,26.0,5.0,39.71466295232846,57.178728926810685,152.21283716115948,57.178728926810685,0.7964456835796068,0.6538461538461539,71.5739528307713,0.9834657579202837,63.13143072133886,0.867588256162994,,,,,,,0.1153846153846154,-56.40060459692033,919.6174512439055
b_candidates,quarterly_actual_above_min,2020-23,pre5,523,13.0,5.0,108.27935202008075,-11.116178509154478,-15.988946273720329,-11.116178509154478,-0.3644894852680361,0.38461538461538464,22.805643668968088,0.5920921619753119,13.983649917943286,0.3629150135748154,,,,,,,0.031813213058110586,-11.620964961680665,41.690286694026724
b_candidates,quarterly_actual_above_min,2024-26,pre5,401,11.0,5.0,-59.184063082625244,20.602297142527824,-18.309917383428147,20.602297142527824,0.5812551909890107,0.45454545454545453,-6.240363158298713,-0.14950347818401746,-15.005988223348405,-0.35950121543768637,,,,,,,0.06681310974066498,7.344712775530034,232.4765536858313
b_candidates,quarterly_actual_above_min,all,pre5,924,24.0,5.0,31.52528676467382,3.4214561645332426,-17.149431828574237,3.4214561645332426,0.14626136847874904,0.4166666666666667,9.492890539804138,0.3335445548331572,0.6967324365179303,0.024476005018392956,,,,,,,0.047854832370948015,-2.9283626654590917,147.68265724502925
b_candidates,quarterly_actual_fresh_top10,2020-23,pre5,150,15.0,5.0,52.32616952904407,8.849624412868323,-2.825598787318008,8.849624412868323,0.16401978547066529,0.4666666666666667,25.066884032199177,0.3778063483138807,16.42758441295477,0.24758272593541,,,,,,,0.05333333333333334,0.47977272421831363,90.88600977919216
b_candidates,quarterly_actual_fresh_top10,2024-26,pre5,110,11.0,5.0,-70.54252782258125,9.243832402571808,78.88734312446597,9.243832402571808,0.08077318997568453,0.5454545454545454,-17.598827898254726,-0.151342633994345,-26.17835447901905,-0.225102330718058,,,,,,,0.11818181818181818,-41.224076260411444,342.6092727228471
b_candidates,quarterly_actual_fresh_top10,all,pre5,260,26.0,5.0,0.3432591110487535,9.016404716204427,38.030872168573985,9.016404716204427,0.15664233099525104,0.5,7.016005907776364,0.11230752503263153,-1.5980051182649266,-0.025578003093305338,,,,,,,0.08076923076923077,-17.164163384663507,248.21304911897653
b_candidates,quarterly_actual_fresh_top5,2020-23,pre5,75,15.0,5.0,98.478413555887,55.00186843971128,81.01752382778702,55.00186843971128,0.8926427915064525,0.6666666666666666,71.21912805904212,0.9811429931335476,62.77203752656666,0.8644408888645845,,,,,,,0.04000000000000001,51.02540908186395,99.04383591395653
b_candidates,quarterly_actual_fresh_top5,2024-26,pre5,55,11.0,5.0,-15.873802214541731,63.91255801061131,30.87007453682223,63.91255801061131,0.4441349986402132,0.5454545454545454,37.06989770978479,0.2646360289217996,28.707618991833773,0.20491624977351003,,,,,,,0.21818181818181817,-23.780889501988316,361.90894618228214
b_candidates,quarterly_actual_fresh_top5,all,pre5,130,26.0,5.0,50.098629960705615,58.771775565861276,79.48434357894413,58.771775565861276,0.8335737946105548,0.6153846153846154,56.771376757433245,0.781518372425082,48.36016814648736,0.6655983667891151,,,,,,,0.11538461538461539,19.376590450234136,296.1926686152007
b_candidates,quarterly_actual_rank21_50,2020-23,pre5,450,15.0,5.0,25.44765509974601,-18.028890016429727,-5.78148929076705,-18.028890016429727,-0.6882177957833031,0.4666666666666667,-1.8116303970988739,-0.07086060405257867,-10.848268962175803,-0.4241361769635135,,,,,,,0.02666666666666667,-13.887781116772778,-82.38185801771847
b_candidates,quarterly_actual_rank21_50,2024-26,pre5,330,11.0,5.0,-106.37892649342618,-26.592566268273124,-33.534935057189244,-26.592566268273124,-0.7797436555031343,0.45454545454545453,-53.435226569099655,-1.5143675706691762,-62.32567390642113,-1.7664005673453147,,,,,,,0.015151515151515154,-27.265843840063116,-15.029577811808032
b_candidates,quarterly_actual_rank21_50,all,pre5,780,26.0,5.0,-30.32512942044221,-21.651983815286552,-16.29171799006934,-21.651983815286552,-1.0354113623517274,0.46153846153846156,-23.65238262371459,-1.096344781490528,-32.627171053971914,-1.512298626082943,,,,,,,0.021794871794871794,-19.547730730472534,-57.89011976102376
b_candidates,quarterly_actual_top10,2020-23,pre5,150,15.0,5.0,85.0496388510459,41.573093734870135,43.14358623809845,41.573093734870135,0.7331634989557438,0.6,57.790353354200995,0.8323197805467314,49.359059847327245,0.7109092745012665,,,,,,,0.02666666666666667,48.71512293074294,-161.2566274545536
b_candidates,quarterly_actual_top10,2024-26,pre5,110,11.0,5.0,-23.749092961965943,56.0372672631871,-8.788553050700807,56.0372672631871,0.8257505218135642,0.45454545454545453,29.194606962360574,0.39710694691972154,20.76675322927107,0.2824804168005299,,,,,,,0.15454545454545457,31.006628552764536,310.2574356284087
b_candidates,quarterly_actual_top10,all,pre5,260,26.0,5.0,39.019406160925506,47.69255176608116,13.398492948852018,47.69255176608116,1.0951608217987479,0.5384615384615384,45.692152957653114,0.8996113340774033,37.26231473968808,0.7336629722511747,,,,,,,0.08076923076923079,41.22306761698284,175.53913189041947
b_candidates,quarterly_actual_top20,2020-23,pre5,300,15.0,5.0,65.45678298063245,21.980237864456715,-10.582285505613982,21.980237864456715,0.5634286706020839,0.4666666666666667,38.197497483787565,0.7387155915335492,29.59494248077039,0.5723789025120638,,,,,,,0.03333333333333333,19.006177837974704,107.06614853032708
b_candidates,quarterly_actual_top20,2024-26,pre5,220,11.0,5.0,-27.901293849576398,51.88506637557667,44.425465428194144,51.88506637557667,0.9392883167321975,0.5454545454545454,25.042406074750126,0.40096724565555314,16.498735664459762,0.26419344192339667,,,,,,,0.09090909090909091,32.29085396778318,217.4857787864843
b_candidates,quarterly_actual_top20,all,pre5,520,26.0,5.0,25.959135090928726,34.632280696084386,6.192961631568084,34.632280696084386,1.063163969954533,0.5,32.63188188765634,0.8184269154429396,24.054239596946655,0.6033393065150835,,,,,,,0.057692307692307696,24.626617739047525,172.01887221041957
b_candidates,quarterly_actual_top5,2020-23,pre5,75,15.0,5.0,96.05824299389397,52.58169787771823,122.34841070315795,52.58169787771823,0.8368561306777231,0.6666666666666666,68.79895749704907,0.947838603339356,60.43115812712035,0.8326467949054065,,,,,,,0.04000000000000001,62.92561245291971,-71.98091135777747
b_candidates,quarterly_actual_top5,2024-26,pre5,55,11.0,5.0,-50.78848848499782,28.997871740155226,11.073676849435062,28.997871740155226,0.31143511853677774,0.5454545454545454,2.155211439328679,0.024012626502826692,-6.403623770526622,-0.07135516189583643,,,,,,,0.21818181818181823,-81.25089863154057,506.2658762283429
b_candidates,quarterly_actual_top5,all,pre5,130,26.0,5.0,33.930779675901285,42.60392528105695,61.48416355602277,42.60392528105695,0.7951142681249647,0.6153846153846154,40.603526472628914,0.7136386945041097,32.15490424734662,0.5651889163923645,,,,,,,0.1153846153846154,1.927857763340364,361.7041793318128
b_candidates,placebo_fridays_above_min,2020-23,ann_night,4272,113.0,1.0,-3.649040312100727,-9.611532283873517,-7.388488171403742,-9.611532283873517,-3.0805937130452308,0.37168141592920356,-4.839262254022509,-1.8682240938274923,-13.621025859719195,-5.25674627788375,,,,,,,0.002526792019036655,-10.12128763906188,81.38138663608744
b_candidates,placebo_fridays_above_min,2024-26,ann_night,3156,92.0,1.0,8.435617007513317,1.9188292562782536,4.6426359976916975,1.9188292562782536,0.348917743589127,0.5434782608695652,1.9282493847016489,0.32744773976681607,-6.803006698009167,-1.1549852256775828,,,,,,,0.0025231398099651472,1.2011128543285285,243.71558841687593
b_candidates,placebo_fridays_above_min,all,ann_night,7428,205.0,1.0,1.7743180947504522,-4.436931007317603,-4.171672933241076,-4.436931007317603,-1.4620746433544594,0.44878048780487806,-1.8021350795706912,-0.598123855434527,-10.56123189446396,-3.504185542724659,,,,,,,0.0025251529788679786,-5.040015222515942,152.4025999151824
b_candidates,placebo_fridays_fresh_top10,2020-23,ann_night,1210,121.0,1.0,-3.370776507010162,-12.196630461504931,-3.0268762322336813,-12.196630461504931,-2.186923453134799,0.4462809917355372,-7.1257936876156105,-1.4055745427529973,-15.783373041148929,-3.113288786350292,,,,,,,0.0024793388429752068,-12.75140026001647,183.2085336925194
b_candidates,placebo_fridays_fresh_top10,2024-26,ann_night,920,92.0,1.0,8.204363167380965,1.6875754161458967,4.802566073073144,1.6875754161458967,0.16542441472161754,0.5652173913043478,1.6969955445692944,0.16045562537589994,-6.92040339062876,-0.6543284159550639,,,,,,,0.0010869565217391304,1.7813917506597992,-113.5865653817745
b_candidates,placebo_fridays_fresh_top10,all,ann_night,2130,213.0,1.0,1.6288143382667544,-6.199696467402227,-0.42851199762245806,-6.199696467402227,-1.138089645426119,0.49765258215962443,-3.3150114840427882,-0.6129335791873827,-11.955235915102657,-2.210411382841934,,,,,,,0.0018779342723004697,-6.474325776531887,109.00975892394592
b_candidates,placebo_fridays_fresh_top5,2020-23,ann_night,605,121.0,1.0,-9.396981149400261,-18.22283510389503,-10.899365750669364,-18.22283510389503,-1.953348954581528,0.36363636363636365,-13.151998330005709,-1.4747155576473872,-21.627245353475086,-2.4248391182250533,,,,,,,0.0033057851239669425,-19.192773673763945,215.80640962785787
b_candidates,placebo_fridays_fresh_top5,2024-26,ann_night,460,92.0,1.0,6.034134446608726,-0.48265330462633826,1.6164789693278239,-0.48265330462633826,-0.03405460439801956,0.5108695652173914,-0.4732331762029375,-0.032950248374079116,-8.892590311376114,-0.6191781405430522,,,,,,,0.0,-0.48265330462633826,
b_candidates,placebo_fridays_fresh_top5,all,ann_night,1065,213.0,1.0,-2.7318983567578825,-10.560409162426861,-8.839266448669118,-10.560409162426861,-1.300659445135056,0.4272300469483568,-7.6757241790674255,-0.9569742713565522,-16.12683096909431,-2.010540456418195,,,,,,,0.0018779342723004697,-11.111407129347702,215.80640962785787
b_candidates,placebo_fridays_rank21_50,2020-23,ann_night,3630,121.0,1.0,4.170864452419924,-4.654989502074842,-3.789027214147599,-4.654989502074842,-2.268471477164614,0.4297520661157025,0.41584727181447584,0.2198468975639495,-8.615175825874436,-4.556586883154865,,,,,,,0.001928374655647383,-4.663699800384242,-5.136298443230532
b_candidates,placebo_fridays_rank21_50,2024-26,ann_night,2760,92.0,1.0,8.908608918625898,2.3918211673908343,3.286217442908931,2.3918211673908343,0.7324103748127668,0.532608695652174,2.4012412958142333,0.6019513423653865,-6.48038141868918,-1.6233391166894644,,,,,,,0.00036231884057971015,2.378251949331323,29.306166078747587
b_candidates,placebo_fridays_rank21_50,all,ann_night,6390,213.0,1.0,6.2172141749126455,-1.611296630756334,-0.993294160281928,-1.611296630756334,-0.8731189285222519,0.47417840375586856,1.2733883526031027,0.6267564276597848,-7.6931050021136675,-3.7846625300468624,,,,,,,0.0012519561815336462,-1.622105617408505,-0.8309903779832664
b_candidates,placebo_fridays_top10,2020-23,ann_night,1210,121.0,1.0,-0.0664212131787805,-8.892275167673544,-2.8433457819980337,-8.892275167673544,-1.7900969770267015,0.4793388429752066,-3.8214383937842284,-0.8380271142870978,-12.252562103619509,-2.6864134233595722,,,,,,,0.0016528925619834713,-9.854797310641715,529.627938941002
b_candidates,placebo_fridays_top10,2024-26,ann_night,920,92.0,1.0,6.369502466783541,-0.14728528445151776,4.731997260657628,-0.14728528445151776,-0.017185954084665115,0.532608695652174,-0.13786515602812133,-0.016067762968029038,-8.599455226854749,-1.0020872426627645,,,,,,,0.002173913043478261,-1.1263381792749785,434.20341703895247
b_candidates,placebo_fridays_top10,all,ann_night,2130,213.0,1.0,2.713414366898843,-5.115096438770134,0.203360513384202,-5.115096438770134,-1.0967071983676095,0.5023474178403756,-2.2304114554106973,-0.4930895779419249,-10.674694344641305,-2.3595356361699364,,,,,,,0.0018779342723004697,-6.084758624793172,481.9156779899772
b_candidates,placebo_fridays_top20,2020-23,ann_night,2420,121.0,1.0,-4.098648896122944,-12.92450285061771,-7.698020369628642,-12.92450285061771,-3.0756359526035073,0.36363636363636365,-7.85366607672839,-2.1741470137023926,-16.43351287743839,-4.548585025489074,,,,,,,0.0016528925619834713,-13.459534111890912,282.1276213153138
b_candidates,placebo_fridays_top20,2024-26,ann_night,1840,92.0,1.0,6.409801581978865,-0.10698616925619668,1.2140450456130878,-0.10698616925619668,-0.016378083864143054,0.5217391304347826,-0.09756604083280032,-0.014074690361076985,-8.6166303471877,-1.242824782747235,,,,,,,0.003260869565217391,-1.0462119683775384,279.4504921398973
b_candidates,placebo_fridays_top20,all,ann_night,4260,213.0,1.0,0.4402123432449732,-7.388298462424006,-5.324221374030219,-7.388298462424006,-1.9853799584152318,0.431924882629108,-4.503613479064567,-1.2374740475622963,-13.057206808034334,-3.5870640174363917,,,,,,,0.002347417840375587,-8.097911402016592,280.5213438100638
b_candidates,placebo_fridays_top5,2020-23,ann_night,605,121.0,1.0,-3.885460462845563,-12.711314417340327,-9.429797372371047,-12.711314417340327,-1.5556878123759632,0.39669421487603307,-7.640477643451012,-0.9818084978678583,-16.036270683980337,-2.060528186183323,,,,,,,0.0,-12.711314417340327,
b_candidates,placebo_fridays_top5,2024-26,ann_night,460,92.0,1.0,14.94507302657213,8.428285275337066,8.243939002897617,8.428285275337066,0.9568900962181746,0.5869565217391305,8.437705403760464,0.9116301222986523,-0.08043472595923284,-0.0086906220095451,,,,,,,0.0,8.428285275337066,
b_candidates,placebo_fridays_top5,all,ann_night,1065,213.0,1.0,4.247915504414662,-3.5805953012543172,-3.595260061626201,-3.5805953012543172,-0.5923946118976062,0.4788732394366197,-0.6959103178948811,-0.1162712125150964,-9.14454811056277,-1.5279085512080357,,,,,,,0.0,-3.5805953012543172,
b_candidates,placebo_fridays_above_min,2020-23,post5,4272,113.0,5.0,22.222131966490664,-26.962318905856446,-9.475642942140018,-26.962318905856446,-2.3281871913042353,0.4336283185840708,-19.866621632203845,-1.4380318199118567,-28.650985325786035,-2.0736517250144684,,,,,,,0.002526792019036655,-27.4407902115584,110.65929339832945
b_candidates,placebo_fridays_above_min,2024-26,post5,3156,92.0,5.0,51.94403449439479,15.533098120777781,47.05671215700219,15.533098120777781,0.8455828993420973,0.532608695652174,13.527403570993501,0.7321514823218095,4.794012767666859,0.25950625072571065,,,,,,,0.0025231398099651472,12.80699318883096,1172.7316541101986
b_candidates,placebo_fridays_above_min,all,post5,7428,205.0,5.0,35.560741881452515,-7.891204923171818,-2.281849644931132,-7.891204923171818,-0.7493644894772429,0.47804878048780486,-4.880034711744546,-0.43118639057301106,-13.641522766773031,-1.2053398939024937,,,,,,,0.0025251529788679786,-9.378370344066592,575.3159512097722
b_candidates,placebo_fridays_fresh_top10,2020-23,post5,1210,121.0,5.0,13.057526727134235,-45.606162423957294,-55.04124946117524,-45.606162423957294,-2.1795522735646005,0.4049586776859504,-39.19072950213269,-1.7487885898136994,-47.85387776153808,-2.1352065274080103,,,,,,,0.0024793388429752068,-45.76922411832453,70.07412554011779
b_candidates,placebo_fridays_fresh_top10,2024-26,post5,920,92.0,5.0,71.561499272217,35.15056289860001,33.36694871028223,35.15056289860001,1.0218896767337888,0.5434782608695652,33.144868348815734,0.9773871733558825,24.526058218228815,0.7233055379595286,,,,,,,0.0010869565217391304,34.00662684464721,610.242155824443
b_candidates,placebo_fridays_fresh_top10,all,post5,2130,213.0,5.0,38.326848202005685,-10.725323317500624,-14.991894187493292,-10.725323317500624,-0.5579279505055037,0.4647887323943662,-7.947184890455435,-0.40627231896727284,-16.59118240877492,-0.8481806063388503,,,,,,,0.0018779342723004697,-11.312049054505758,205.11613311119905
b_candidates,placebo_fridays_fresh_top5,2020-23,post5,605,121.0,5.0,11.428435360011477,-47.23525379108005,-36.84681604880443,-47.23525379108005,-1.448283495162284,0.4380165289256198,-40.81982086925545,-1.1955751812819175,-49.298009514523265,-1.443839820789967,,,,,,,0.0033057851239669425,-46.498555780863335,25.57324593861081
b_candidates,placebo_fridays_fresh_top5,2024-26,post5,460,92.0,5.0,51.91832645804195,15.507390084424914,5.769925078147227,15.507390084424914,0.2958044962010931,0.5,13.501695534640668,0.25561481570746636,5.083177814676277,0.0962306292651072,,,,,,,0.0,15.507390084424914,
b_candidates,placebo_fridays_fresh_top5,all,post5,1065,213.0,5.0,28.917026820193655,-20.135144699312637,-23.89706021535657,-20.135144699312637,-0.6863910894388081,0.4647887323943662,-17.357006272267466,-0.5785401252306822,-25.809421560127223,-0.8602347692574288,,,,,,,0.0018779342723004697,-19.71664489069187,25.57324593861081
b_candidates,placebo_fridays_rank21_50,2020-23,post5,3630,121.0,5.0,31.318988938212843,-27.344700212878674,-15.477900118550641,-27.344700212878674,-2.311812023613388,0.47107438016528924,-20.929267291054078,-1.7034631925444514,-29.959303923790234,-2.4387963876117578,,,,,,,0.001928374655647383,-27.597204944701687,119.078533238616
b_candidates,placebo_fridays_rank21_50,2024-26,post5,2760,92.0,5.0,35.84888174236282,-0.5620546312541869,9.984489560433257,-0.5620546312541869,-0.03910727158781014,0.5217391304347826,-2.5677491810384696,-0.15188338883330077,-11.453748667914612,-0.6776245286108374,,,,,,,0.00036231884057971015,-0.9929999976188706,1307.3394906146746
b_candidates,placebo_fridays_rank21_50,all,post5,6390,213.0,5.0,33.275562355967764,-15.776609163538522,-2.77768442052434,-15.776609163538522,-1.7161563999658063,0.49295774647887325,-12.998470736493346,-1.2843752319632715,-21.966294141909678,-2.1707912550258786,,,,,,,0.0012519561815336462,-16.10618684549221,267.61115291062333
b_candidates,placebo_fridays_top10,2020-23,post5,1210,121.0,5.0,37.61487065419895,-21.04881849689257,-15.19313429442632,-21.04881849689257,-1.198301188904636,0.47107438016528924,-14.63338557506797,-0.7573981639369847,-23.06640734556571,-1.1938545162056335,,,,,,,0.0016528925619834713,-21.710790258296033,387.4700632496293
b_candidates,placebo_fridays_top10,2024-26,post5,920,92.0,5.0,43.94969677881072,7.5387604051937105,18.30816555054763,7.5387604051937105,0.2695301419122361,0.5652173913043478,5.533065855409437,0.19216472681702512,-2.9301644095508412,-0.10176487759586154,,,,,,,0.002173913043478261,4.016309237837629,1700.2103760425136
b_candidates,placebo_fridays_top10,all,post5,2130,213.0,5.0,40.351039684547715,-8.701131834958588,3.185394112662325,-8.701131834958588,-0.5542435893962513,0.5117370892018779,-5.922993407913411,-0.3567813814821396,-14.36906297883628,-0.8655375759088858,,,,,,,0.0018779342723004697,-10.598615828041126,1043.8402196460713
b_candidates,placebo_fridays_top20,2020-23,post5,2420,121.0,5.0,28.53351213789414,-30.130177013197383,-26.202164665089267,-30.130177013197383,-2.1909909548139987,0.4214876033057851,-23.714744091372786,-1.4797316123639714,-32.298280821708296,-2.0152993583023613,,,,,,,0.0016528925619834713,-30.55372412901115,226.51748021581514
b_candidates,placebo_fridays_top20,2024-26,post5,1840,92.0,5.0,61.36321650069092,24.952280127073895,44.98057808522514,24.952280127073895,1.0834173969664391,0.5652173913043478,22.946585577289618,1.0137440892314369,14.42659229343287,0.6373784889548284,,,,,,,0.003260869565217391,21.284175732609775,1150.2970146927858
b_candidates,placebo_fridays_top20,all,post5,4260,213.0,5.0,42.71347834154346,-6.338693177962836,-5.955135344569151,-6.338693177962836,-0.49575462724316405,0.4835680751173709,-3.560554750917667,-0.2646680352938001,-12.116645485590983,-0.9006755656789641,,,,,,,0.002347417840375587,-8.16364531554108,780.7852009019975
b_candidates,placebo_fridays_top5,2020-23,post5,605,121.0,5.0,42.155453990037216,-16.508235161054298,-30.077462132783893,-16.508235161054298,-0.5673449594417146,0.4628099173553719,-10.092802239229703,-0.32783451340111924,-18.489914503958623,-0.6005869359616262,,,,,,,0.0,-16.508235161054298,
b_candidates,placebo_fridays_top5,2024-26,post5,460,92.0,5.0,85.75372763459607,49.34279126097907,62.71671761076168,49.34279126097907,1.4868194777329378,0.5652173913043478,47.337096711194796,1.447864162375096,38.81825719555038,1.1873448745891662,,,,,,,0.0,49.34279126097907,
b_candidates,placebo_fridays_top5,all,post5,1065,213.0,5.0,60.98663321679504,11.93446169728875,6.779082163336087,11.93446169728875,0.5426501693373473,0.5070422535211268,14.712600124333932,0.652073708009928,6.26291083104057,0.2775843180794725,,,,,,,0.0,11.93446169728875,
b_candidates,placebo_fridays_above_min,2020-23,pre10,4287,113.0,10.0,50.93757167862644,-15.155106967298325,0.7425694149102922,-15.155106967298325,-0.9697805221854581,0.504424778761062,-26.050841174970923,-1.49704113970933,-34.81995456226157,-2.000993473149677,,,,,,,0.0032502394556989424,-15.778186372691792,215.69772259724118
b_candidates,placebo_fridays_above_min,2024-26,pre10,3134,92.0,10.0,118.90115850189999,61.1364697271478,78.88797508958493,61.1364697271478,2.349184168554404,0.5978260869565217,33.26192144280102,1.219281432700946,24.549337437110097,0.900003407823481,,,,,,,0.0030228626533111173,59.31531362915204,648.2512663884535
b_candidates,placebo_fridays_above_min,all,pre10,7421,205.0,10.0,81.43830332614434,19.083064037038458,26.141233739377785,19.083064037038458,1.2935584023191833,0.5463414634146342,0.5675693656877018,0.03617683334191744,-8.176174738153309,-0.5211776128398625,,,,,,,0.0031481971834078208,17.922311189111287,401.077812793475
b_candidates,placebo_fridays_fresh_top10,2020-23,pre10,1210,121.0,10.0,55.779815989152375,-19.118502908612637,-19.29218711263156,-19.118502908612637,-0.7157251298515135,0.45454545454545453,-30.05246066543377,-1.0897625314901132,-38.70360531069911,-1.4033392319789444,,,,,,,0.004132231404958678,-23.46929162635053,841.1078473083702
b_candidates,placebo_fridays_fresh_top10,2024-26,pre10,920,92.0,10.0,155.0427112749936,97.27802250024133,108.33662593098774,97.27802250024133,2.0142813331032157,0.5978260869565217,69.40347421589455,1.4171021919807814,60.8153497352064,1.2417915875832124,,,,,,,0.0010869565217391304,96.27718342215032,556.5836412661197
b_candidates,placebo_fridays_fresh_top10,all,pre10,2130,213.0,10.0,98.65393038491474,31.156052667042598,6.715865606696306,31.156052667042598,1.1939132194898532,0.5164319248826291,12.905032334952175,0.48627437734235623,4.281107666875106,0.1613131299284116,,,,,,,0.002816901408450704,28.252190554222597,793.6871463013285
b_candidates,placebo_fridays_fresh_top5,2020-23,pre10,605,121.0,10.0,74.82364757105928,-0.07467132670572628,14.348920760301823,-0.07467132670572628,-0.001787334955866924,0.5206611570247934,-11.008629083526854,-0.2604032841623143,-19.473228767915664,-0.4605954486364894,,,,,,,0.0033057851239669425,-6.902953957612911,1801.0762552371018
b_candidates,placebo_fridays_fresh_top5,2024-26,pre10,460,92.0,10.0,110.31042615906964,52.54573738431744,67.56131500851907,52.54573738431744,0.7741169036744495,0.5652173913043478,24.671189099970647,0.35020547901797494,16.267361141731445,0.23090104863982042,,,,,,,0.0,52.54573738431744,
b_candidates,placebo_fridays_fresh_top5,all,pre10,1065,213.0,10.0,90.15127024757079,22.653392529698635,38.779722702711545,22.653392529698635,0.5998900799821254,0.539906103286385,4.402372197608215,0.11351430861155021,-4.035978666096263,-0.10406030334257785,,,,,,,0.0018779342723004697,18.77441507270441,1801.0762552371018
b_candidates,placebo_fridays_rank21_50,2020-23,pre10,3630,121.0,10.0,49.2576543566709,-25.640664541094136,-23.39172116041771,-25.640664541094136,-1.8067442257865367,0.4214876033057851,-36.57462229791527,-2.317773423280591,-45.58896592221995,-2.889672230385886,,,,,,,0.0030303030303030307,-25.131782909076147,-152.17706008985937
b_candidates,placebo_fridays_rank21_50,2024-26,pre10,2760,92.0,10.0,105.72342045521471,47.958731680462506,24.265010252678533,47.958731680462506,2.554592852828476,0.5652173913043478,20.084183396115726,0.9550025726504753,11.214726108261804,0.5333357918898595,,,,,,,0.0010869565217391304,47.14580171742432,803.1337547539117
b_candidates,placebo_fridays_rank21_50,all,pre10,6390,213.0,10.0,73.6466237513471,6.14874603347493,-1.7561732259270546,6.14874603347493,0.5253488731179895,0.4835680751173709,-12.102274298615496,-0.9377163486655095,-21.054037909054127,-1.6315218813344354,,,,,,,0.002190923317683881,6.086704347440482,52.532400233805895
b_candidates,placebo_fridays_top10,2020-23,pre10,1210,121.0,10.0,93.5477589236923,18.649440025927266,-6.5080106704154534,18.649440025927266,0.7727228887181977,0.4793388429752066,7.7154822691061336,0.30957791265838625,-0.7120406936586156,-0.0285700498870563,,,,,,,0.0024793388429752068,15.896293976926403,1208.190118224062
b_candidates,placebo_fridays_top10,2024-26,pre10,920,92.0,10.0,101.98050264264144,44.21581386788924,83.92230457408361,44.21581386788924,1.1945566861903432,0.6086956521739131,16.341265583542473,0.4006932353602694,7.891511703337767,0.19349785256900356,,,,,,,0.002173913043478261,45.089345599283405,-372.33024465759433
b_candidates,placebo_fridays_top10,all,pre10,2130,213.0,10.0,97.19007076474075,29.692193046868585,21.276845366596103,29.692193046868585,1.4086145860719292,0.5352112676056338,11.441172714778165,0.5062173261178049,3.00404766560743,0.1329128253619222,,,,,,,0.002347417840375587,28.505499372498445,575.9819730713996
b_candidates,placebo_fridays_top20,2020-23,pre10,2420,121.0,10.0,76.56618037099213,1.6678614732270833,4.300066027554811,1.6678614732270833,0.08733147946581352,0.5206611570247934,-9.26609628359405,-0.4607188731393082,-17.841105553241604,-0.8870833892175648,,,,,,,0.002066115702479339,-0.39487467237955903,955.2518570815212
b_candidates,placebo_fridays_top20,2024-26,pre10,1840,92.0,10.0,124.17074811106949,66.4060593363173,55.91627713606178,66.4060593363173,2.1465884500634727,0.5869565217391305,38.53151105197054,1.1927603438967875,30.02719720053211,0.9294870402295259,,,,,,,0.0038043478260869562,64.18354716208711,525.5893953168954
b_candidates,placebo_fridays_top20,all,pre10,4260,213.0,10.0,97.12777770473444,29.629899986862302,22.973389393794037,29.629899986862302,1.7076376869051122,0.5492957746478874,11.378879654771874,0.628429621814003,2.8344054953367155,0.15653456210018554,,,,,,,0.002816901408450704,27.498152598845483,704.6154210521562
b_candidates,placebo_fridays_top5,2020-23,pre10,605,121.0,10.0,115.18022257338615,40.281903675621116,0.7582942662029413,40.281903675621116,1.0662899558018453,0.512396694214876,29.3479459188,0.7280987307600231,20.963306338254483,0.5200786426552185,,,,,,,0.0016528925619834713,36.28653055516368,2673.452106494777
b_candidates,placebo_fridays_top5,2024-26,pre10,460,92.0,10.0,174.07833225046815,116.31364347571596,98.2704930910476,116.31364347571596,2.6544180625347,0.5978260869565217,88.43909519136919,1.9512672120393433,79.93151209589983,1.7635710538937002,,,,,,,0.0,116.31364347571596,
b_candidates,placebo_fridays_top5,all,pre10,1065,213.0,10.0,140.61978168273612,73.12190396486398,43.592937870252456,73.12190396486398,2.5451228659177954,0.5492957746478874,54.870883632773555,1.8173841436273785,46.43314168897452,1.5379278501340155,,,,,,,0.0009389671361502348,70.85223191051962,2673.452106494777
b_candidates,placebo_fridays_above_min,2020-23,pre3,4259,113.0,3.0,13.367910695107254,2.1188943353192315,2.579685898304457,2.1188943353192315,0.22695264305054572,0.504424778761062,-8.663694402099443,-0.7980704694607887,-17.440634600854743,-1.6067259057469852,,,,,,,0.002880618370668159,1.373964232776579,241.25940590001855
b_candidates,placebo_fridays_above_min,2024-26,pre3,3145,92.0,3.0,19.675773497899755,16.83346927605953,42.58940561479691,16.83346927605953,1.0477087227186932,0.5978260869565217,2.2025886890429622,0.14042728892267667,-6.521868353318927,-0.41584999358318836,,,,,,,0.0031303913222832797,16.368878559364635,179.91251999353068
b_candidates,placebo_fridays_above_min,all,pre3,7404,205.0,3.0,16.198756440750714,8.7225084550661,12.528518869981061,8.7225084550661,0.9829913822689166,0.5463414634146342,-3.7871185758306565,-0.40957134984270516,-12.540505358058182,-1.3563648349290358,,,,,,,0.0029927115977344573,8.10338919885512,214.96788336866663
b_candidates,placebo_fridays_fresh_top10,2020-23,pre3,1210,121.0,3.0,9.7695384930413,-0.6518981350551982,1.7390672085314947,-0.6518981350551982,-0.04087012567506087,0.5041322314049587,-12.020391641492127,-0.6970595135630133,-20.687758250252013,-1.1995165190682768,,,,,,,0.0049586776859504135,-3.470550922064244,460.4369579464901
b_candidates,placebo_fridays_fresh_top10,2024-26,pre3,920,92.0,3.0,21.873663582205978,19.03135936036578,49.21819187861958,19.03135936036578,0.6341913400705125,0.5760869565217391,4.4004787733491995,0.15117148946149853,-4.195130545991443,-0.14413586356614316,,,,,,,0.0010869565217391304,18.810268285417678,-308.6104811244535
b_candidates,placebo_fridays_fresh_top10,all,pre3,2130,213.0,3.0,14.997611301506792,7.849790548413012,10.625774346975994,7.849790548413012,0.4959174560086856,0.5352112676056338,-4.927809114893995,-0.30898262202200216,-13.564181964843693,-0.850520118206996,,,,,,,0.003286384976525822,6.153089299007752,350.5730380792125
b_candidates,placebo_fridays_fresh_top5,2020-23,pre3,605,121.0,3.0,7.763490568224973,-2.6579460598715214,-0.9495734338233613,-2.6579460598715214,-0.11859606848381123,0.49586776859504134,-14.02643956630845,-0.5944909103360296,-22.49861219341851,-0.953498556559504,,,,,,,0.0033057851239669425,-7.567524772016092,1259.2921527108585
b_candidates,placebo_fridays_fresh_top5,2024-26,pre3,460,92.0,3.0,30.823109121420448,27.980804899580225,30.06060525255318,27.980804899580225,0.6465769380617765,0.5869565217391305,13.349924312563658,0.31203556131341115,4.909314686643373,0.11473814251250085,,,,,,,0.0,27.980804899580225,
b_candidates,placebo_fridays_fresh_top5,all,pre3,1065,213.0,3.0,17.723513605285934,10.575692852192144,23.504429397326348,10.575692852192144,0.4671319365036073,0.5352112676056338,-2.2019068111148608,-0.09637584257840352,-10.660446592640609,-0.46655969893912874,,,,,,,0.0018779342723004697,7.786683349048984,1259.2921527108585
b_candidates,placebo_fridays_rank21_50,2020-23,pre3,3630,121.0,3.0,7.736569402594575,-2.6848672255019195,-2.3789424844612284,-2.6848672255019195,-0.3137083282400634,0.4793388429752066,-14.05336073193885,-1.4150393515178346,-23.07645044558739,-2.324109959054916,,,,,,,0.002754820936639119,-2.233574029626811,-185.7753020475252
b_candidates,placebo_fridays_rank21_50,2024-26,pre3,2760,92.0,3.0,11.367077214649642,8.524772992809437,8.426683978548056,8.524772992809437,0.6699488518310446,0.532608695652174,-6.106107594207136,-0.4439142920055484,-14.982892083612025,-1.0892786774828382,,,,,,,0.0010869565217391304,8.261429952949806,362.44845775255635
b_candidates,placebo_fridays_rank21_50,all,pre3,6390,213.0,3.0,9.30467606320052,2.1568553101067423,0.7009434825992235,2.1568553101067423,0.2935411934421748,0.5023474178403756,-10.620744353200271,-1.2955944500485772,-19.580641200039345,-2.3888226110253092,,,,,,,0.0020344287949921754,2.299479333739615,-59.26212670904483
b_candidates,placebo_fridays_top10,2020-23,pre3,1210,121.0,3.0,22.841885541308613,12.420448913212116,10.844523517834077,12.420448913212116,0.9701803396641572,0.5289256198347108,1.0519554067751806,0.0704749743136135,-7.379159039864077,-0.49435912652007646,,,,,,,0.0024793388429752068,9.973515468546285,950.015915640446
b_candidates,placebo_fridays_top10,2024-26,pre3,920,92.0,3.0,24.176500443227933,21.334196221387717,51.276112877270634,21.334196221387717,0.926968563767536,0.6521739130434783,6.703315634371143,0.29766602752240784,-1.7579975783596182,-0.07806520343683022,,,,,,,0.002173913043478261,21.79203294015899,21.713099644989395
b_candidates,placebo_fridays_top10,all,pre3,2130,213.0,3.0,23.418338926175167,16.27051817308139,26.15149944379834,16.27051817308139,1.3205774838560096,0.5821596244131455,3.492918509774373,0.27065661992708784,-4.9512395353645,-0.38365742610912085,,,,,,,0.002347417840375587,15.078227240322665,578.6947892422634
b_candidates,placebo_fridays_top20,2020-23,pre3,2420,121.0,3.0,13.709420021609606,3.2879833935131035,-11.573620079273812,3.2879833935131035,0.2853583450242408,0.4297520661157025,-8.080510112923822,-0.6174157940396208,-16.660704036703372,-1.273175381998033,,,,,,,0.0024793388429752068,1.6282480476784955,620.6801376064066
b_candidates,placebo_fridays_top20,2024-26,pre3,1840,92.0,3.0,19.17818870447284,16.33588448263263,32.33392935622506,16.33588448263263,0.8597031235229772,0.6086956521739131,1.7050038956160578,0.09452028472657248,-6.811746427183037,-0.37762384374550684,,,,,,,0.0038043478260869562,15.511980726629059,174.87091876388683
b_candidates,placebo_fridays_top20,all,pre3,4260,213.0,3.0,16.071517293081047,8.923696539987263,2.1552906432381267,8.923696539987263,0.8492964134543313,0.5070422535211268,-3.8539031233197414,-0.35768733716525536,-12.406694177192243,-1.151551768589158,,,,,,,0.0030516431924882625,7.624977655488127,380.62901976812674
b_candidates,placebo_fridays_top5,2020-23,pre3,605,121.0,3.0,18.38973956565522,7.968302937558723,-5.268237982964593,7.968302937558723,0.3859859235704456,0.4793388429752066,-3.4001905688782115,-0.15495771115044724,-11.78890848024988,-0.5372542830526049,,,,,,,0.0016528925619834713,4.1508568933696495,2458.0195263103856
b_candidates,placebo_fridays_top5,2024-26,pre3,460,92.0,3.0,31.883692590263966,29.04138836842375,46.5070865968677,29.04138836842375,1.0242921148812154,0.5543478260869565,14.410507781407178,0.5337387372493996,5.900626085021771,0.21855611938283429,,,,,,,0.0,29.04138836842375,
b_candidates,placebo_fridays_top5,all,pre3,1065,213.0,3.0,24.218113642012042,17.07029288891826,10.694674979554245,17.07029288891826,1.0058554296419602,0.5117370892018779,4.2926932256112496,0.25132385936665513,-4.148358339381377,-0.24287850113667764,,,,,,,0.0009389671361502348,14.901696779308505,2458.0195263103856
b_candidates,placebo_fridays_above_min,2020-23,pre4_through_night,4266,113.0,5.0,26.648881456193106,-7.27249824295991,1.8245709740891038,-7.27249824295991,-0.7303756020354922,0.5132743362831859,-7.585425172699439,-0.6080713837723638,-16.36382969150665,-1.3117843893624663,,,,,,,0.00286787852173239,-8.286554885617875,283.92589497502536
b_candidates,placebo_fridays_above_min,2024-26,pre4_through_night,3118,92.0,5.0,30.776177475565657,15.579587541951659,52.56488318750603,15.579587541951659,0.7893258291945134,0.5978260869565217,-0.20862760318084309,-0.010958383829447893,-8.93366293247277,-0.46928447024817993,,,,,,,0.0031164804130814987,14.2302468993428,414.5950817820628
b_candidates,placebo_fridays_above_min,all,pre4_through_night,7384,205.0,5.0,28.50113137708225,2.9830719629516222,16.16486555134319,2.9830719629516222,0.2854406970504736,0.551219512195122,-4.274862361013044,-0.3896761632902652,-13.02931582891583,-1.1877418533373594,,,,,,,0.0029794461998012586,1.8185464032425263,339.9269750351842
b_candidates,placebo_fridays_fresh_top10,2020-23,pre4_through_night,1210,121.0,5.0,18.024784142476168,-17.177976214669812,-23.54365520073384,-17.177976214669812,-0.9654697037258099,0.4214876033057851,-17.836276234650125,-0.9072310261134393,-26.505951444388575,-1.3480053572137383,,,,,,,0.0049586776859504135,-20.682661633993074,541.2141526117109
b_candidates,placebo_fridays_fresh_top10,2024-26,pre4_through_night,920,92.0,5.0,33.312523546584345,18.11593361297034,73.9506855846712,18.11593361297034,0.5133252431462101,0.5543478260869565,2.327718467837854,0.06611604206198612,-6.279257095931079,-0.17835324215471426,,,,,,,0.0010869565217391304,17.693970984507793,-7.315299559550701
b_candidates,placebo_fridays_fresh_top10,all,pre4_through_night,2130,213.0,5.0,24.627939190259987,-1.9336583548440145,-15.712627427282161,-1.9336583548440145,-0.1054976165583839,0.4788732394366197,-9.12694518944405,-0.4834267553098686,-17.769538861956228,-0.9411402216516337,,,,,,,0.003286384976525822,-4.106839094546688,462.8528023015307
b_candidates,placebo_fridays_fresh_top5,2020-23,pre4_through_night,605,121.0,5.0,17.432387502290457,-17.77037285485554,-7.326399485118344,-17.77037285485554,-0.6894310358683648,0.4793388429752066,-18.42867287483585,-0.6637696217946435,-26.901479898583226,-0.9689282014868679,,,,,,,0.0033057851239669425,-23.529342405138138,1524.1382595669272
b_candidates,placebo_fridays_fresh_top5,2024-26,pre4_through_night,460,92.0,5.0,29.563615601322887,14.367025667708882,60.82727337645336,14.367025667708882,0.26029870137221106,0.5652173913043478,-1.421189477423622,-0.025217578593701682,-9.84780206150087,-0.1747337593998531,,,,,,,0.0,14.367025667708882,
b_candidates,placebo_fridays_fresh_top5,all,pre4_through_night,1065,213.0,5.0,22.67216677511197,-3.8894307699920265,14.968911535983295,-3.8894307699920265,-0.13891478233490034,0.5164319248826291,-11.082717604592066,-0.3820221669627969,-19.535572100406803,-0.6733732392264303,,,,,,,0.0018779342723004697,-7.160958073204208,1524.1382595669272
b_candidates,placebo_fridays_rank21_50,2020-23,pre4_through_night,3630,121.0,5.0,21.845515296836613,-13.357245060309369,-17.669539287851727,-13.357245060309369,-1.437649654228996,0.4297520661157025,-14.01554508028968,-1.2652609480417158,-23.039245796387448,-2.080429178478441,,,,,,,0.0030303030303030307,-13.171354740777225,-111.568755885736
b_candidates,placebo_fridays_rank21_50,2024-26,pre4_through_night,2760,92.0,5.0,22.23700181068318,7.0404118770691735,12.243190615871935,7.0404118770691735,0.473540875672276,0.5217391304347826,-8.747803268063329,-0.5620801951280309,-17.624733059185363,-1.1325068584064577,,,,,,,0.0010869565217391304,6.808960851490312,298.0945148292401
b_candidates,placebo_fridays_rank21_50,all,pre4_through_night,6390,213.0,5.0,22.014608063380667,-4.546989481723331,-7.024516928895988,-4.546989481723331,-0.5451281217829734,0.4694835680751174,-11.740276316323369,-1.274782922928971,-20.700583017877623,-2.2480164437393872,,,,,,,0.002190923317683881,-4.541359273694531,-23.783769303955403
b_candidates,placebo_fridays_top10,2020-23,pre4_through_night,1210,121.0,5.0,43.6576103404196,8.454849983273613,9.099756064286819,8.454849983273613,0.5650791763483344,0.5206611570247934,7.796549963293305,0.4505256312392491,-0.6357871929900574,-0.03673839602267791,,,,,,,0.0024793388429752068,5.1094257826444505,1286.5870573172756
b_candidates,placebo_fridays_top10,2024-26,pre4_through_night,920,92.0,5.0,29.395368145865003,14.19877821225101,68.88142349630051,14.19877821225101,0.4816172054747867,0.5652173913043478,-1.5894369328814815,-0.052926974980907246,-10.04948036541921,-0.33462224944156277,,,,,,,0.002173913043478261,13.596014496942496,368.05283634011977
b_candidates,placebo_fridays_top10,all,pre4_through_night,2130,213.0,5.0,37.49739305450871,10.935795509404695,28.706315375214633,10.935795509404695,0.7142370128181853,0.539906103286385,3.742508674804665,0.22990322922686382,-4.701795511597952,-0.28882050996183983,,,,,,,0.002347417840375587,8.774994616989147,919.1733689264132
b_candidates,placebo_fridays_top20,2020-23,pre4_through_night,2420,121.0,5.0,31.48542308499004,-3.7173372721559392,-7.808820459700751,-3.7173372721559392,-0.29915413805658997,0.48760330578512395,-4.37563729213626,-0.29828090223084325,-12.955588237536158,-0.8832328053447895,,,,,,,0.002066115702479339,-5.360878680627703,722.0656497180877
b_candidates,placebo_fridays_top20,2024-26,pre4_through_night,1840,92.0,5.0,31.984203881144513,16.787613947530513,57.426482416394364,16.787613947530513,0.7134463451401327,0.5760869565217391,0.9993988023980162,0.043276032569158504,-7.51826865849634,-0.325536948060401,,,,,,,0.0038043478260869562,14.75881863341856,488.1240289250983
b_candidates,placebo_fridays_top20,all,pre4_through_night,4260,213.0,5.0,31.700858921826708,5.139261376722717,4.402165032719209,5.139261376722717,0.4146630245951592,0.5258215962441315,-2.0540254578773234,-0.15801449719093658,-10.607074616542434,-0.8159889357021098,,,,,,,0.002816901408450704,3.32931922027491,585.5997042555106
b_candidates,placebo_fridays_top5,2020-23,pre4_through_night,605,121.0,5.0,35.67992891082769,0.47716855368170497,-7.367742489632059,0.47716855368170497,0.020271320491363584,0.47107438016528924,-0.18113146629860363,-0.007103773841645487,-8.57007705236591,-0.33610280417607874,,,,,,,0.0016528925619834713,-3.4105849290475314,2484.0227072588373
b_candidates,placebo_fridays_top5,2024-26,pre4_through_night,460,92.0,5.0,38.93120011053758,23.734610176923557,77.55717186249643,23.734610176923557,0.7216680225257254,0.6086956521739131,7.946395031791057,0.248085193524255,-0.5719755914081652,-0.01785700994972761,,,,,,,0.0,23.734610176923557,
b_candidates,placebo_fridays_top5,all,pre4_through_night,1065,213.0,5.0,37.084233842157786,10.522636297053774,25.493571440177053,10.522636297053774,0.5389314298778578,0.5305164319248826,3.3293494624537368,0.16619981268519068,-5.115498017586044,-0.25536216137989415,,,,,,,0.0009389671361502348,8.314100281043267,2484.0227072588373
b_candidates,placebo_fridays_above_min,2020-23,pre5,4279,113.0,5.0,31.07454264006114,-8.563984754218335,0.6142990413387194,-8.563984754218335,-0.7095127299074595,0.504424778761062,-16.29062197621491,-1.2067245849687107,-25.064690812994133,-1.8565296283082175,,,,,,,0.0028768662907660445,-9.560853005207017,309.66648745220704
b_candidates,placebo_fridays_above_min,2024-26,pre5,3118,92.0,5.0,71.80137350419743,39.87608599422198,56.031130442270594,39.87608599422198,2.128820029274056,0.6304347826086957,22.966956706201678,1.2560316542602021,14.246538131723371,0.7792200769601257,,,,,,,0.0031205176176002376,38.638690087992785,431.6230531704011
b_candidates,placebo_fridays_above_min,all,pre5,7397,205.0,5.0,49.35194966201499,13.174973825569513,18.210714985483733,13.174973825569513,1.2140627473604717,0.5609756097560976,1.3274133349183879,0.11893023362955621,-7.422578310974572,-0.6650392148106031,,,,,,,0.0029862122520769997,12.07016145613143,361.9335870457188
b_candidates,placebo_fridays_fresh_top10,2020-23,pre5,1210,121.0,5.0,31.582634391260694,-8.532572969260436,-15.625721289665128,-8.532572969260436,-0.4064032577100023,0.4628099173553719,-17.327083216326077,-0.787478314539951,-25.98659885852341,-1.180869279617829,,,,,,,0.0049586776859504135,-12.109287937253503,527.6624247692968
b_candidates,placebo_fridays_fresh_top10,2024-26,pre5,920,92.0,5.0,91.14859764604084,59.22331013606541,69.66035171985416,59.22331013606541,1.7354764669247276,0.5652173913043478,42.3141808480451,1.2717418904591598,33.70848064892483,1.0131851304563153,,,,,,,0.0010869565217391304,58.07937408211261,610.242155824443
b_candidates,placebo_fridays_fresh_top10,all,pre5,2130,213.0,5.0,57.31065607877135,20.73287888843898,6.692152628500728,20.73287888843898,1.0855173123582627,0.5070422535211268,8.433462764529077,0.44030205617472673,-0.20280864873356355,-0.010588186752935339,,,,,,,0.003286384976525822,18.206941667355323,539.4595292057463
b_candidates,placebo_fridays_fresh_top5,2020-23,pre5,605,121.0,5.0,41.674912578062866,1.5597052175417232,-10.572521108077709,1.5597052175417232,0.04750172701759028,0.49586776859504134,-7.234805029523912,-0.21255344820067407,-15.703273769917812,-0.4613425341825448,,,,,,,0.0033057851239669425,-4.136051526576288,1517.575145175133
b_candidates,placebo_fridays_fresh_top5,2024-26,pre5,460,92.0,5.0,68.55578505501163,36.63049754503617,38.276860265634106,36.63049754503617,0.696439579337162,0.5434782608695652,19.721368257015893,0.3747812469114079,11.293570471324003,0.21460673297266972,,,,,,,0.0,36.63049754503617,
b_candidates,placebo_fridays_fresh_top5,all,pre5,1065,213.0,5.0,53.285430267636976,16.707653077304585,15.415660367784838,16.707653077304585,0.5679337546849668,0.5164319248826291,4.408236953394683,0.14765739344830905,-4.042664989663135,-0.13540583633488879,,,,,,,0.0018779342723004697,13.472035396373695,1517.575145175133
b_candidates,placebo_fridays_rank21_50,2020-23,pre5,3630,121.0,5.0,23.07349899479782,-17.041708365723302,-9.864584523696779,-17.041708365723302,-1.4990224083693369,0.4628099173553719,-25.83621861278894,-2.198706188968677,-34.851734305190796,-2.9664303457859167,,,,,,,0.0030303030303030307,-17.236118986408698,4.344920385630571
b_candidates,placebo_fridays_rank21_50,2024-26,pre5,2760,92.0,5.0,50.92973659577545,19.004449085800015,37.02964948188005,19.004449085800015,1.2740389457636878,0.5760869565217391,2.095319797779717,0.1346749999047869,-6.780258472299782,-0.4358395245939822,,,,,,,0.0010869565217391304,18.5208712858818,513.3066025836081
b_candidates,placebo_fridays_rank21_50,all,pre5,6390,213.0,5.0,35.105301151088625,-1.4724760392437457,5.18682654730207,-1.4724760392437457,-0.1599801067640977,0.5117370892018779,-13.771892163153646,-1.4467378496724348,-22.726965400843504,-2.387662742268185,,,,,,,0.002190923317683881,-1.7917851598794665,113.40813799948293
b_candidates,placebo_fridays_top10,2020-23,pre5,1210,121.0,5.0,54.3604708400284,14.245263479507283,3.185394112662325,14.245263479507283,0.8044486411458424,0.5206611570247934,5.450753232441642,0.2947102251774077,-2.9783187335936647,-0.1610289941640023,,,,,,,0.0024793388429752068,11.448136465289313,1113.5935882616332
b_candidates,placebo_fridays_top10,2024-26,pre5,920,92.0,5.0,59.14607346332674,27.220785953351296,38.91347194379091,27.220785953351296,1.0130076383130668,0.5652173913043478,10.311656665330993,0.384258885314457,1.8559215645561125,0.06915737639768404,,,,,,,0.002173913043478261,27.719678574195957,-138.0577129605357
b_candidates,placebo_fridays_top10,all,pre5,2130,213.0,5.0,56.42749169140608,19.84971450107371,16.20446796704769,19.84971450107371,1.2918439784307831,0.539906103286385,7.550298377163801,0.4826027903273314,-0.8902900602144205,-0.05690439305316106,,,,,,,0.002347417840375587,18.476220380873404,612.9330677727656
b_candidates,placebo_fridays_top20,2020-23,pre5,2420,121.0,5.0,39.125045771060535,-0.9901615894605961,-5.955135344569151,-0.9901615894605961,-0.06780014003556434,0.48760330578512395,-9.784671836526242,-0.6204348693361382,-18.362318329686584,-1.1643278387951392,,,,,,,0.002066115702479339,-2.3100031734893287,572.359970036165
b_candidates,placebo_fridays_top20,2024-26,pre5,1840,92.0,5.0,78.56916532490635,46.6438778149309,68.14152577225977,46.6438778149309,2.0821214790801905,0.6304347826086957,29.734748526910604,1.3721836313967153,21.225720276943733,0.9795308534322509,,,,,,,0.0038043478260869562,45.03313044772983,422.3021713899582
b_candidates,placebo_fridays_top20,all,pre5,4260,213.0,5.0,56.1619424797639,19.584165289431507,18.350827461454756,19.584165289431507,1.5243169192498933,0.5492957746478874,7.284749165521601,0.5592665247073462,-1.263259401001184,-0.09698213051736954,,,,,,,0.002816901408450704,18.138674259149933,484.826254159211
b_candidates,placebo_fridays_top5,2020-23,pre5,605,121.0,5.0,51.658985974928406,11.54377861440729,-11.141960710396148,11.54377861440729,0.40899255979475657,0.49586776859504134,2.749268367341649,0.09496022669196154,-5.636900114386552,-0.19469635542914,,,,,,,0.0016528925619834713,7.188486771199551,2720.0987823215496
b_candidates,placebo_fridays_top5,2024-26,pre5,460,92.0,5.0,96.01356923489406,64.08828172491862,73.51413476552531,64.08828172491862,1.9164550533674944,0.5869565217391305,47.179152436898335,1.4672561584818413,38.667575565763734,1.202611065315244,,,,,,,0.0,64.08828172491862,
b_candidates,placebo_fridays_top5,all,pre5,1065,213.0,5.0,70.81683414355207,34.239056953219695,27.050998559765613,34.239056953219695,1.5811893065079428,0.5352112676056338,21.93964082930979,1.0167066016973372,13.49930534370653,0.625588400296683,,,,,,,0.0009389671361502348,31.76492402820497,2720.0987823215496
b_book,quarterly_rule_top5,2020-23,pre5,125,,,,,,,,,,,,,1.1909338771872722,0.3058311929540915,-0.21721079339302451,0.025558084857931762,0.08349900596421471,0.6151383136693497,,,
b_book,quarterly_rule_top5,2024-26,pre5,125,,,,,,,,,,,,,-0.8796356387507391,-0.21284058969647338,-0.11232848941858486,-0.027281201193562254,0.09579100145137881,1.2650465616228015,,,
b_book,quarterly_rule_top5,2020-23,pre4_through_night,125,,,,,,,,,,,,,-1.187211707716645,-0.30558755414451266,-0.3433381480301554,-0.03412215983052491,0.08349900596421471,0.6151383136693497,,,
b_book,quarterly_rule_top5,2024-26,pre4_through_night,125,,,,,,,,,,,,,1.5162519136975952,0.3326299524197393,-0.10617937249686249,0.03208126991587723,0.09579100145137881,1.2650465616228015,,,
b_book,quarterly_rule_top10,2020-23,pre5,250,,,,,,,,,,,,,0.8968422044930346,0.2853691777164869,-0.18812522318678593,0.019667029831815785,0.08349900596421471,0.6151383136693497,,,
b_book,quarterly_rule_top10,2024-26,pre5,250,,,,,,,,,,,,,-0.4865314804706349,-0.13570400939921454,-0.10729739514014791,-0.016224016830430066,0.09579100145137881,1.2650465616228015,,,
b_book,quarterly_rule_top10,2020-23,pre4_through_night,250,,,,,,,,,,,,,-1.0528037794950549,-0.3447303153088324,-0.2776108317895185,-0.029066234058252927,0.08349900596421471,0.6151383136693497,,,
b_book,quarterly_rule_top10,2024-26,pre4_through_night,250,,,,,,,,,,,,,-0.09588295648184757,-0.026758279074538247,-0.10217619633478414,-0.006490738860222556,0.09579100145137881,1.2650465616228015,,,
b_book,quarterly_rule_top20,2020-23,pre5,500,,,,,,,,,,,,,0.6385629751501907,0.22897614201810731,-0.16689821607018418,0.013721048299175864,0.08349900596421471,0.6151383136693497,,,
b_book,quarterly_rule_top20,2024-26,pre5,500,,,,,,,,,,,,,-0.5573522699434811,-0.19486016505037462,-0.11713933333408777,-0.016526254545527697,0.09579100145137881,1.2650465616228015,,,
b_book,quarterly_rule_top20,2020-23,pre4_through_night,500,,,,,,,,,,,,,-0.623187059578323,-0.2283557370454356,-0.24191111278996225,-0.01791097884120174,0.08349900596421471,0.6151383136693497,,,
b_book,quarterly_rule_top20,2024-26,pre4_through_night,500,,,,,,,,,,,,,-0.11654332342267319,-0.04044220097910217,-0.0925997983655884,-0.005579046486886452,0.09579100145137881,1.2650465616228015,,,
b_book,quarterly_rule_fresh_top5,2020-23,pre5,125,,,,,,,,,,,,,1.2317358051066805,0.29601581873773314,-0.2143930271156156,0.025934687435482662,0.08349900596421471,0.6151383136693497,,,
b_book,quarterly_rule_fresh_top5,2024-26,pre5,125,,,,,,,,,,,,,-0.29739424717920515,-0.05253948504584233,-0.160949734741048,-0.0174362753727636,0.09579100145137881,1.2650465616228015,,,
b_book,quarterly_rule_fresh_top5,2020-23,pre4_through_night,125,,,,,,,,,,,,,-1.0994973509616228,-0.2686113935718148,-0.3449687005237674,-0.03248930869736766,0.08349900596421471,0.6151383136693497,,,
b_book,quarterly_rule_fresh_top5,2024-26,pre4_through_night,125,,,,,,,,,,,,,-0.5583486386813412,-0.09862347872162418,-0.18047938047557366,-0.023906095580957465,0.09579100145137881,1.2650465616228015,,,
b_book,quarterly_rule_fresh_top10,2020-23,pre5,250,,,,,,,,,,,,,0.41742940397802086,0.13836867224239585,-0.18198115898547973,0.007668831473566007,0.08349900596421471,0.6151383136693497,,,
b_book,quarterly_rule_fresh_top10,2024-26,pre5,250,,,,,,,,,,,,,-1.2246071122156956,-0.2876094733651897,-0.19483163796632375,-0.03600635790708051,0.09579100145137881,1.2650465616228015,,,
b_book,quarterly_rule_fresh_top10,2020-23,pre4_through_night,250,,,,,,,,,,,,,-0.9887148862717756,-0.3304836218680714,-0.26996356552830447,-0.027382188301909638,0.08349900596421471,0.6151383136693497,,,
b_book,quarterly_rule_fresh_top10,2024-26,pre4_through_night,250,,,,,,,,,,,,,-0.6298360766958598,-0.14612315016810518,-0.15647938924148486,-0.021587047558222716,0.09579100145137881,1.2650465616228015,,,
