section,period,split,bucket,n,raw_bp,share,tickers,sample,days,t_raw,ex_bp,t_ex,exspy_bp,t_exspy,hit_ex,cost_rt_bp,etb_share,oc_same_sample_bp,net_long_bp,net_short_bp,side,variant,spy_sharpe,n_trades,trades_per_yr,days_active,avg_names,avg_gross_w,gross_bp_per_trade,net_bp_per_trade,cost_bp_rt,ann_ret,sharpe,maxdd,t,sharpe_hedged,maxdd_hedged
timing,2020-23,gap_vs_news,AMC|AMC,13248.0,,,,,,,,,,,,,,,,,,,,,,,,,,,,,,,,,
timing,2020-23,gap_vs_news,AMC|BMO,1850.0,,,,,,,,,,,,,,,,,,,,,,,,,,,,,,,,,
timing,2020-23,gap_vs_news,AMC|during,121.0,,,,,,,,,,,,,,,,,,,,,,,,,,,,,,,,,
timing,2020-23,gap_vs_news,AMC|unk,5195.0,,,,,,,,,,,,,,,,,,,,,,,,,,,,,,,,,
timing,2020-23,gap_vs_news,BMO|AMC,1696.0,,,,,,,,,,,,,,,,,,,,,,,,,,,,,,,,,
timing,2020-23,gap_vs_news,BMO|BMO,8599.0,,,,,,,,,,,,,,,,,,,,,,,,,,,,,,,,,
timing,2020-23,gap_vs_news,BMO|during,144.0,,,,,,,,,,,,,,,,,,,,,,,,,,,,,,,,,
timing,2020-23,gap_vs_news,BMO|unk,3688.0,,,,,,,,,,,,,,,,,,,,,,,,,,,,,,,,,
timing,2020-23,gap_vs_news,amb|AMC,7096.0,,,,,,,,,,,,,,,,,,,,,,,,,,,,,,,,,
timing,2020-23,gap_vs_news,amb|BMO,6447.0,,,,,,,,,,,,,,,,,,,,,,,,,,,,,,,,,
timing,2020-23,gap_vs_news,amb|during,264.0,,,,,,,,,,,,,,,,,,,,,,,,,,,,,,,,,
timing,2020-23,gap_vs_news,amb|unk,6683.0,,,,,,,,,,,,,,,,,,,,,,,,,,,,,,,,,
timing,2020-23,gap_vs_cal,AMC|unk,20414.0,,,,,,,,,,,,,,,,,,,,,,,,,,,,,,,,,
timing,2020-23,gap_vs_cal,BMO|unk,14127.0,,,,,,,,,,,,,,,,,,,,,,,,,,,,,,,,,
timing,2020-23,gap_vs_cal,amb|unk,20490.0,,,,,,,,,,,,,,,,,,,,,,,,,,,,,,,,,
timing,2024-26,gap_vs_news,AMC|AMC,13580.0,,,,,,,,,,,,,,,,,,,,,,,,,,,,,,,,,
timing,2024-26,gap_vs_news,AMC|BMO,1248.0,,,,,,,,,,,,,,,,,,,,,,,,,,,,,,,,,
timing,2024-26,gap_vs_news,AMC|during,115.0,,,,,,,,,,,,,,,,,,,,,,,,,,,,,,,,,
timing,2024-26,gap_vs_news,AMC|unk,3242.0,,,,,,,,,,,,,,,,,,,,,,,,,,,,,,,,,
timing,2024-26,gap_vs_news,BMO|AMC,1550.0,,,,,,,,,,,,,,,,,,,,,,,,,,,,,,,,,
timing,2024-26,gap_vs_news,BMO|BMO,9225.0,,,,,,,,,,,,,,,,,,,,,,,,,,,,,,,,,
timing,2024-26,gap_vs_news,BMO|during,106.0,,,,,,,,,,,,,,,,,,,,,,,,,,,,,,,,,
timing,2024-26,gap_vs_news,BMO|unk,2157.0,,,,,,,,,,,,,,,,,,,,,,,,,,,,,,,,,
timing,2024-26,gap_vs_news,amb|AMC,5466.0,,,,,,,,,,,,,,,,,,,,,,,,,,,,,,,,,
timing,2024-26,gap_vs_news,amb|BMO,4570.0,,,,,,,,,,,,,,,,,,,,,,,,,,,,,,,,,
timing,2024-26,gap_vs_news,amb|during,196.0,,,,,,,,,,,,,,,,,,,,,,,,,,,,,,,,,
timing,2024-26,gap_vs_news,amb|unk,3509.0,,,,,,,,,,,,,,,,,,,,,,,,,,,,,,,,,
timing,2024-26,gap_vs_cal,AMC|AMC,168.0,,,,,,,,,,,,,,,,,,,,,,,,,,,,,,,,,
timing,2024-26,gap_vs_cal,AMC|BMO,12.0,,,,,,,,,,,,,,,,,,,,,,,,,,,,,,,,,
timing,2024-26,gap_vs_cal,AMC|unk,18005.0,,,,,,,,,,,,,,,,,,,,,,,,,,,,,,,,,
timing,2024-26,gap_vs_cal,BMO|AMC,7.0,,,,,,,,,,,,,,,,,,,,,,,,,,,,,,,,,
timing,2024-26,gap_vs_cal,BMO|BMO,152.0,,,,,,,,,,,,,,,,,,,,,,,,,,,,,,,,,
timing,2024-26,gap_vs_cal,BMO|unk,12879.0,,,,,,,,,,,,,,,,,,,,,,,,,,,,,,,,,
timing,2024-26,gap_vs_cal,amb|AMC,56.0,,,,,,,,,,,,,,,,,,,,,,,,,,,,,,,,,
timing,2024-26,gap_vs_cal,amb|BMO,55.0,,,,,,,,,,,,,,,,,,,,,,,,,,,,,,,,,
timing,2024-26,gap_vs_cal,amb|unk,13630.0,,,,,,,,,,,,,,,,,,,,,,,,,,,,,,,,,
timing,all,gap_vs_news,AMC|AMC,26828.0,,,,,,,,,,,,,,,,,,,,,,,,,,,,,,,,,
timing,all,gap_vs_news,AMC|BMO,3098.0,,,,,,,,,,,,,,,,,,,,,,,,,,,,,,,,,
timing,all,gap_vs_news,AMC|during,236.0,,,,,,,,,,,,,,,,,,,,,,,,,,,,,,,,,
timing,all,gap_vs_news,AMC|unk,8437.0,,,,,,,,,,,,,,,,,,,,,,,,,,,,,,,,,
timing,all,gap_vs_news,BMO|AMC,3246.0,,,,,,,,,,,,,,,,,,,,,,,,,,,,,,,,,
timing,all,gap_vs_news,BMO|BMO,17824.0,,,,,,,,,,,,,,,,,,,,,,,,,,,,,,,,,
timing,all,gap_vs_news,BMO|during,250.0,,,,,,,,,,,,,,,,,,,,,,,,,,,,,,,,,
timing,all,gap_vs_news,BMO|unk,5845.0,,,,,,,,,,,,,,,,,,,,,,,,,,,,,,,,,
timing,all,gap_vs_news,amb|AMC,12562.0,,,,,,,,,,,,,,,,,,,,,,,,,,,,,,,,,
timing,all,gap_vs_news,amb|BMO,11017.0,,,,,,,,,,,,,,,,,,,,,,,,,,,,,,,,,
timing,all,gap_vs_news,amb|during,460.0,,,,,,,,,,,,,,,,,,,,,,,,,,,,,,,,,
timing,all,gap_vs_news,amb|unk,10192.0,,,,,,,,,,,,,,,,,,,,,,,,,,,,,,,,,
timing,all,gap_vs_cal,AMC|AMC,168.0,,,,,,,,,,,,,,,,,,,,,,,,,,,,,,,,,
timing,all,gap_vs_cal,AMC|BMO,12.0,,,,,,,,,,,,,,,,,,,,,,,,,,,,,,,,,
timing,all,gap_vs_cal,AMC|unk,38419.0,,,,,,,,,,,,,,,,,,,,,,,,,,,,,,,,,
timing,all,gap_vs_cal,BMO|AMC,7.0,,,,,,,,,,,,,,,,,,,,,,,,,,,,,,,,,
timing,all,gap_vs_cal,BMO|BMO,152.0,,,,,,,,,,,,,,,,,,,,,,,,,,,,,,,,,
timing,all,gap_vs_cal,BMO|unk,27006.0,,,,,,,,,,,,,,,,,,,,,,,,,,,,,,,,,
timing,all,gap_vs_cal,amb|AMC,56.0,,,,,,,,,,,,,,,,,,,,,,,,,,,,,,,,,
timing,all,gap_vs_cal,amb|BMO,55.0,,,,,,,,,,,,,,,,,,,,,,,,,,,,,,,,,
timing,all,gap_vs_cal,amb|unk,34120.0,,,,,,,,,,,,,,,,,,,,,,,,,,,,,,,,,
checks,,yahoo_vs_official_open,median_abs_diff,5.0,0.0004902064243417215,,,,,,,,,,,,,,,,,,,,,,,,,,,,,,,,
checks,,abs_r_gt_30pct,,5.0,,,,,,,,,,,,,,,,,,,,,,,,,,,,,,,,,
coverage,2020-23,open-close,m30s61,12257.0,,1.0,1645.0,,,,,,,,,,,,,,,,,,,,,,,,,,,,,,
coverage,2020-23,open-1530,m30s61,4993.0,,0.40735906012890594,710.0,,,,,,,,,,,,,,,,,,,,,,,,,,,,,,
coverage,2020-23,open-1545,,0.0,,0.0,0.0,,,,,,,,,,,,,,,,,,,,,,,,,,,,,,
coverage,2020-23,0935-close,,0.0,,0.0,0.0,,,,,,,,,,,,,,,,,,,,,,,,,,,,,,
coverage,2020-23,0935-1545,,0.0,,0.0,0.0,,,,,,,,,,,,,,,,,,,,,,,,,,,,,,
coverage,2020-23,1000-close,m30s61,4993.0,,0.40735906012890594,710.0,,,,,,,,,,,,,,,,,,,,,,,,,,,,,,
coverage,2020-23,1000-1530,m30s61,4993.0,,0.40735906012890594,710.0,,,,,,,,,,,,,,,,,,,,,,,,,,,,,,
coverage,2024-26,open-close,m5snap,12434.0,,1.0,2028.0,,,,,,,,,,,,,,,,,,,,,,,,,,,,,,
coverage,2024-26,open-1530,m5snap,12402.0,,0.997426411452469,2026.0,,,,,,,,,,,,,,,,,,,,,,,,,,,,,,
coverage,2024-26,open-1545,m5snap,12417.0,,0.9986327810841241,2027.0,,,,,,,,,,,,,,,,,,,,,,,,,,,,,,
coverage,2024-26,0935-close,m5snap,12186.0,,0.980054688756635,2014.0,,,,,,,,,,,,,,,,,,,,,,,,,,,,,,
coverage,2024-26,0935-1545,m5snap,12181.0,,0.9796525655460833,2013.0,,,,,,,,,,,,,,,,,,,,,,,,,,,,,,
coverage,2024-26,1000-close,m5snap,12338.0,,0.9922792343574071,2020.0,,,,,,,,,,,,,,,,,,,,,,,,,,,,,,
coverage,2024-26,1000-1530,m5snap,12317.0,,0.99059031687309,2018.0,,,,,,,,,,,,,,,,,,,,,,,,,,,,,,
splits,2020-23,all,all,12257.0,-4.570112051772791,,,gap,845.0,-0.5560304787091115,-2.24340567012918,-0.7177131741261068,-3.848352177045644,-0.8297591329223133,0.5069756057762911,8.895269393920898,0.9815615566614996,,,,,,,,,,,,,,,,,,,,
splits,2024-26,all,all,12434.0,-0.9383944063798703,,,gap,593.0,-0.14207766737730979,4.115710871076929,1.3246153255252269,0.48569238356537653,0.1061599294101397,0.5187389416117099,8.834961891174316,0.9916358372205244,,,,,,,,,,,,,,,,,,,,
splits,2020-23,timing,AMC,6794.0,-12.286084432408218,,,gap,675.0,-1.2362985607921828,-7.185946333525449,-1.5823332030620059,-10.274428285357878,-1.6582862542760763,0.49793935825728586,8.948263168334961,0.9792463938769502,,,,,,,,,,,,,,,,,,,,
splits,2024-26,timing,AMC,6747.0,-8.423078213865994,,,gap,494.0,-1.0102875800529776,0.5951787302700097,0.13544485639741455,-3.1960250820003298,-0.529995343010205,0.509856232399585,8.88033676147461,0.9911071587372166,,,,,,,,,,,,,,,,,,,,
splits,2020-23,timing,BMO,5463.0,5.025772325682287,,,gap,729.0,0.64433061867271,3.9033307873327017,1.1484192084330844,4.143366856429247,0.9248014743949364,0.5182134358411129,8.829362869262695,0.9844407834523156,,,,,,,,,,,,,,,,,,,,
splits,2024-26,timing,BMO,5687.0,7.941359708110876,,,gap,516.0,1.3016711728800763,8.292435040942287,2.581438607154833,4.853645212855305,1.1259888311359925,0.5292772991032179,8.78113079071045,0.9922630560928434,,,,,,,,,,,,,,,,,,,,
splits,2020-23,sector,Basic Materials,192.0,17.335951949159305,,,gap,134.0,0.7955378403713576,17.26091780559121,0.7354933585775973,14.81570613880952,0.6131744100031129,0.59375,8.740962982177734,1.0,,,,,,,,,,,,,,,,,,,,
splits,2024-26,sector,Basic Materials,254.0,16.7542109339256,,,gap,134.0,0.7244170352521784,11.850130112014902,0.5525764803651145,7.171835017016553,0.3251423333265204,0.5433070866141733,8.672950744628906,0.9960629921259843,,,,,,,,,,,,,,,,,,,,
splits,2020-23,sector,Consumer Discretionary,3049.0,-1.1572256444829063,,,gap,657.0,-0.11736999124138388,2.415923510778759,0.403965974079931,1.3043118836880512,0.18255328026997417,0.510003279763857,8.940808296203613,0.9872089209576911,,,,,,,,,,,,,,,,,,,,
splits,2024-26,sector,Consumer Discretionary,2848.0,-7.231582918863618,,,gap,495.0,-1.0129381887920688,-1.4042820564784788,-0.27456814741550556,-5.550725448332476,-0.9105633406512186,0.5168539325842697,8.873473167419434,0.9961376404494382,,,,,,,,,,,,,,,,,,,,
splits,2020-23,sector,Consumer Staples,428.0,-20.989343941768755,,,gap,302.0,-1.7127871243860275,-11.876708932360199,-1.0976287110921323,-15.22154730057048,-1.4387324785368962,0.4953271028037383,8.6948881149292,0.9205607476635514,,,,,,,,,,,,,,,,,,,,
splits,2024-26,sector,Consumer Staples,370.0,-17.53535302909645,,,gap,225.0,-1.648237460474938,-17.021239975096055,-1.6365698802579272,-20.624044779184704,-1.9612689802276053,0.45135135135135135,8.50758171081543,0.9702702702702702,,,,,,,,,,,,,,,,,,,,
splits,2020-23,sector,Energy,461.0,-20.410785706079444,,,gap,214.0,-1.0840906846538538,-8.24750237315368,-0.5689668291356392,-11.988820067713938,-0.7391873039413722,0.527114967462039,8.732941627502441,0.982646420824295,,,,,,,,,,,,,,,,,,,,
splits,2024-26,sector,Energy,458.0,-7.076564053781168,,,gap,171.0,-0.3851232594942115,-1.3515712304689462,-0.08400912212075023,-4.529666692408933,-0.2790618722336034,0.5218340611353712,8.7804594039917,0.9912663755458515,,,,,,,,,,,,,,,,,,,,
splits,2020-23,sector,Finance,1452.0,4.366099752342077,,,gap,393.0,0.3806623216424902,3.4265194963981314,0.41895279296015503,2.522961167264576,0.27349182019830987,0.5275482093663911,8.859617233276367,0.9834710743801653,,,,,,,,,,,,,,,,,,,,
splits,2024-26,sector,Finance,1595.0,-1.2795521547801816,,,gap,313.0,-0.14703109253038119,6.2000533450193425,0.9043655727170803,3.536837975433254,0.4388119244228057,0.542319749216301,8.852693557739258,0.9855799373040752,,,,,,,,,,,,,,,,,,,,
splits,2020-23,sector,Health Care,1510.0,-17.090463480412566,,,gap,354.0,-1.224078388662242,-8.25144079612531,-0.859662555781565,-12.96736467753025,-1.2375377460370922,0.4827814569536424,9.05191421508789,0.9662251655629139,,,,,,,,,,,,,,,,,,,,
splits,2024-26,sector,Health Care,1599.0,12.261657285421919,,,gap,290.0,1.1147684648586254,17.402674197054502,1.8033242485092338,14.750012910090215,1.383988212815857,0.539712320200125,8.923588752746582,0.9924953095684803,,,,,,,,,,,,,,,,,,,,
splits,2020-23,sector,Industrials,1735.0,-6.491336080457704,,,gap,444.0,-0.7147316325769697,-8.179266180377454,-1.4839003424544226,-8.192926044079345,-1.2631128017450488,0.49855907780979825,8.94698715209961,0.9907780979827089,,,,,,,,,,,,,,,,,,,,
splits,2024-26,sector,Industrials,1921.0,-10.868711498862192,,,gap,355.0,-0.9325068758726284,-6.8723249980255785,-0.8722522001640117,-11.891171312903067,-1.3020669931043038,0.4940135346173868,8.981335639953613,0.9895887558563248,,,,,,,,,,,,,,,,,,,,
splits,2020-23,sector,Miscellaneous,110.0,-50.89721354571255,,,gap,96.0,-1.1457703293673218,-28.695659267462112,-0.7468149114753805,-33.380866050720215,-0.8322147771438783,0.41818181818181815,9.086019515991211,0.8727272727272727,,,,,,,,,,,,,,,,,,,,
splits,2024-26,sector,Miscellaneous,115.0,-37.01616370159647,,,gap,84.0,-1.110754062955755,-30.979822222750794,-1.1108965963034234,-38.12819460163946,-1.29044908296879,0.48695652173913045,9.18286418914795,1.0,,,,,,,,,,,,,,,,,,,,
splits,2020-23,sector,Real Estate,524.0,-19.23218938230558,,,gap,199.0,-1.264852163225932,-13.89731465526039,-1.3850858994291984,-12.228346735466529,-1.0523380298388931,0.46946564885496184,8.681652069091797,0.9713740458015268,,,,,,,,,,,,,,,,,,,,
splits,2024-26,sector,Real Estate,525.0,8.0621946425665,,,gap,171.0,0.8554780455014924,14.03113041472222,1.5445506879217676,8.00864128839402,0.8292030947839699,0.5504761904761905,8.609480857849121,0.9980952380952381,,,,,,,,,,,,,,,,,,,,
splits,2020-23,sector,Technology,2258.0,8.04326748615667,,,gap,579.0,0.7094425479251341,5.50196444537046,0.7024462483556899,3.4992303121818495,0.40437577357787385,0.524800708591674,8.905350685119629,0.9937998228520815,,,,,,,,,,,,,,,,,,,,
splits,2024-26,sector,Technology,2174.0,6.454608642188584,,,gap,413.0,0.5576517124177386,10.229859125825921,1.1915069040540467,8.09988272551999,0.9139918771131095,0.5188592456301748,8.75401782989502,0.9903403863845446,,,,,,,,,,,,,,,,,,,,
splits,2020-23,sector,Telecommunications,198.0,-0.494965399154509,,,gap,150.0,-0.024478949876347335,0.7938714921380383,0.05041416949910137,-2.6887835878314394,-0.1640867746736205,0.494949494949495,8.69542407989502,0.9444444444444444,,,,,,,,,,,,,,,,,,,,
splits,2024-26,sector,Telecommunications,163.0,-5.030577168142869,,,gap,113.0,-0.2685353522007256,8.273596126883309,0.49339306635760455,5.8160859382957035,0.3505919057998322,0.5153374233128835,8.690946578979492,1.0,,,,,,,,,,,,,,,,,,,,
splits,2020-23,sector,Utilities,340.0,-26.708872879252716,,,gap,179.0,-1.45775055792978,-28.70250306681127,-1.7932785659324184,-26.783156044342938,-1.7558682338317178,0.45588235294117646,8.55594539642334,1.0,,,,,,,,,,,,,,,,,,,,
splits,2024-26,sector,Utilities,403.0,13.060911417599057,,,gap,159.0,1.0242107564399645,18.299293478144328,1.2959485358340244,12.693467270351816,0.9144883370549923,0.48883374689826303,8.55983829498291,1.0,,,,,,,,,,,,,,,,,,,,
splits,2020-23,industry,Biotechnology: Biological Products (No Diagnostic Substances),209.0,-64.17143287841213,,,gap,128.0,-1.7558498769926538,-50.50681579332246,-1.597513350738508,-60.43925810088381,-1.8364656552281784,0.40669856459330145,9.093899726867676,0.9808612440191388,,,,,,,,,,,,,,,,,,,,
splits,2024-26,industry,Biotechnology: Biological Products (No Diagnostic Substances),218.0,-5.063504800884002,,,gap,113.0,-0.19719791962385716,5.193164533670616,0.22963676443170425,1.8345708147101447,0.07790151057493074,0.518348623853211,9.008624076843262,0.9954128440366973,,,,,,,,,,,,,,,,,,,,
splits,2020-23,industry,Biotechnology: Pharmaceutical Preparations,424.0,-24.448531978535204,,,gap,203.0,-1.4292991387470124,-5.109719676734388,-0.3529726957352903,-12.22685401169759,-0.8245264601481068,0.455188679245283,8.932205200195312,0.9716981132075472,,,,,,,,,,,,,,,,,,,,
splits,2024-26,industry,Biotechnology: Pharmaceutical Preparations,540.0,6.0275638545001,,,gap,203.0,0.33772288387679406,7.552177857986761,0.43657238101555834,6.2217215696970625,0.3553083977597824,0.5444444444444444,8.914628982543945,0.9888888888888889,,,,,,,,,,,,,,,,,,,,
splits,2020-23,industry,Business Services,314.0,-6.275556649372076,,,gap,177.0,-0.2649356557208161,11.919079996144198,0.6161614213764042,4.890090341021301,0.24442655502663976,0.5095541401273885,8.831938743591309,0.9872611464968153,,,,,,,,,,,,,,,,,,,,
splits,2024-26,industry,Business Services,310.0,-5.935115198935232,,,gap,149.0,-0.3939090403694419,-4.43983934782145,-0.30117154348625974,-9.441125777459913,-0.661769541756837,0.535483870967742,8.760902404785156,1.0,,,,,,,,,,,,,,,,,,,,
splits,2020-23,industry,Computer Software: Prepackaged Software,824.0,4.86299684904154,,,gap,386.0,0.2937243207217612,1.8429099534100228,0.14552049937212744,-0.5669392717694773,-0.04161442228202562,0.5194174757281553,8.999102592468262,0.9951456310679612,,,,,,,,,,,,,,,,,,,,
splits,2024-26,industry,Computer Software: Prepackaged Software,825.0,-0.07530486944949988,,,gap,304.0,-0.005653864347386054,3.501534086623878,0.3097600771744458,1.8143769466515742,0.15753541550241879,0.5139393939393939,8.744708061218262,0.9842424242424243,,,,,,,,,,,,,,,,,,,,
splits,2020-23,industry,Computer Software: Programming Data Processing,214.0,-17.8086117049244,,,gap,160.0,-0.7430798705073419,-13.682668202852604,-0.6670156064555932,-16.461783480421406,-0.765853541284514,0.49065420560747663,8.789620399475098,0.9953271028037384,,,,,,,,,,,,,,,,,,,,
splits,2024-26,industry,Computer Software: Programming Data Processing,192.0,17.431167264779408,,,gap,116.0,0.6001445589863401,18.332708277739584,0.703187740927412,16.60750557978948,0.6362173668037777,0.5052083333333334,8.46306324005127,0.9895833333333334,,,,,,,,,,,,,,,,,,,,
splits,2020-23,industry,EDP Services,349.0,22.653682867230522,,,gap,245.0,0.9288957520402116,12.96399525642918,0.7196932631154399,11.502171314206711,0.5839857705716389,0.5386819484240688,8.978537559509277,0.994269340974212,,,,,,,,,,,,,,,,,,,,
splits,2024-26,industry,EDP Services,308.0,2.6188616628770705,,,gap,180.0,0.13027387987829978,9.494995318093132,0.5397150433975095,5.924630087691468,0.3204249732281795,0.5357142857142857,8.763167381286621,0.9967532467532467,,,,,,,,,,,,,,,,,,,,
splits,2020-23,industry,Finance: Consumer Services,209.0,8.908453170192299,,,gap,152.0,0.2515488164930214,-10.635584573880836,-0.3520996108288943,-5.370384198056454,-0.16602245236899155,0.5215311004784688,8.994874000549316,0.937799043062201,,,,,,,,,,,,,,,,,,,,
splits,2024-26,industry,Finance: Consumer Services,247.0,-27.467806329611342,,,gap,153.0,-0.92936609573668,-19.53782873823937,-0.747826572583861,-23.099847650721003,-0.840959446953054,0.4939271255060729,8.924884796142578,0.9392712550607287,,,,,,,,,,,,,,,,,,,,
splits,2020-23,industry,Hotels/Resorts,156.0,-12.489549624614227,,,gap,110.0,-0.4694321741859448,-1.7092178892105436,-0.08090860378390577,-7.466815221003997,-0.3335968238259677,0.47435897435897434,8.724374771118164,1.0,,,,,,,,,,,,,,,,,,,,
splits,2024-26,industry,Hotels/Resorts,136.0,-6.581873578183791,,,gap,96.0,-0.3267686785196303,2.9542688571382314,0.17155475900121966,-3.0720453051959766,-0.16392925767049105,0.5294117647058824,8.677694320678711,1.0,,,,,,,,,,,,,,,,,,,,
splits,2020-23,industry,Industrial Machinery/Components,599.0,-22.12762036586246,,,gap,273.0,-1.4640930740496185,-22.614231407572397,-2.030279964538452,-20.317699952993248,-1.6754655360110142,0.4741235392320534,9.03333854675293,0.9699499165275459,,,,,,,,,,,,,,,,,,,,
splits,2024-26,industry,Industrial Machinery/Components,645.0,-18.477551696836485,,,gap,217.0,-1.1105512763603929,-17.523008568371218,-1.2868459419346236,-21.36923176373622,-1.4020089283305655,0.48992248062015503,9.060091018676758,0.9875968992248062,,,,,,,,,,,,,,,,,,,,
splits,2020-23,industry,Investment Bankers/Brokers/Service,187.0,18.646175211126153,,,gap,139.0,1.1207890974834755,16.600868009767908,1.2405683416345994,12.908883910765622,0.9279453973447459,0.5668449197860963,8.797009468078613,0.983957219251337,,,,,,,,,,,,,,,,,,,,
splits,2024-26,industry,Investment Bankers/Brokers/Service,195.0,-4.172315964331994,,,gap,130.0,-0.29322983897722543,2.0459786726114078,0.13191577928669035,-0.38192822383000297,-0.02483583965124729,0.5025641025641026,8.683433532714844,0.9948717948717949,,,,,,,,,,,,,,,,,,,,
splits,2020-23,industry,Major Banks,346.0,2.7571144820637787,,,gap,146.0,0.1284821771379963,14.267861304772381,0.8216641137380369,9.145082076849965,0.4722877383991578,0.5375722543352601,8.619808197021484,1.0,,,,,,,,,,,,,,,,,,,,
splits,2024-26,industry,Major Banks,353.0,28.60069106050659,,,gap,126.0,1.9030521780717347,32.76151403697028,2.880889476866003,33.57329044396074,2.4551477431997113,0.6062322946175638,8.700644493103027,1.0,,,,,,,,,,,,,,,,,,,,
splits,2020-23,industry,Major Chemicals,191.0,-2.1672841766117754,,,gap,135.0,-0.1276584965870347,-7.450116054076916,-0.500863158461436,-6.627955361810654,-0.4123631405824758,0.4869109947643979,8.87808609008789,1.0,,,,,,,,,,,,,,,,,,,,
splits,2024-26,industry,Major Chemicals,189.0,-25.91714657172955,,,gap,112.0,-1.1462320443016787,-23.57105502770061,-1.349884056143884,-26.215545084110644,-1.391247136950407,0.4656084656084656,8.90871810913086,0.9735449735449735,,,,,,,,,,,,,,,,,,,,
splits,2020-23,industry,Medical Specialities,150.0,-7.1857452392578125,,,gap,117.0,-0.2890042310087514,1.179741295830657,0.06742163025943892,1.437822977701823,0.07619426477646554,0.54,9.053489685058594,0.9533333333333334,,,,,,,,,,,,,,,,,,,,
splits,2024-26,industry,Medical Specialities,154.0,60.41547307720432,,,gap,104.0,2.1361290985095995,67.4563906701318,2.5445271913598,66.25770361392529,2.4772407964822967,0.5974025974025974,8.839038848876953,1.0,,,,,,,,,,,,,,,,,,,,
splits,2020-23,industry,Medical/Dental Instruments,239.0,-28.269832104319807,,,gap,146.0,-1.5004046344451447,-19.11298016516811,-1.3048728741771274,-22.698927623956273,-1.4676885187452682,0.47280334728033474,9.257587432861328,0.9832635983263598,,,,,,,,,,,,,,,,,,,,
splits,2024-26,industry,Medical/Dental Instruments,238.0,8.463128274228392,,,gap,114.0,0.47583182396188317,10.621195501049183,0.6485595520110933,7.368759447786989,0.4107823096646406,0.5294117647058824,9.003120422363281,0.9957983193277311,,,,,,,,,,,,,,,,,,,,
splits,2020-23,industry,Oil & Gas Production,251.0,-20.907404888198673,,,gap,142.0,-0.8800315215276074,4.0465946294426685,0.21016313780770834,-1.724086909655081,-0.08121189529866649,0.5617529880478087,8.848893165588379,1.0,,,,,,,,,,,,,,,,,,,,
splits,2024-26,industry,Oil & Gas Production,286.0,-13.245631764818738,,,gap,119.0,-0.5930474515438541,-10.3299580365859,-0.5286939525315256,-12.29743649075915,-0.6161689332415756,0.5034965034965035,8.743569374084473,0.9965034965034965,,,,,,,,,,,,,,,,,,,,
splits,2020-23,industry,Packaged Foods,189.0,-27.025824501400905,,,gap,160.0,-1.5533081461398364,-4.591012826908833,-0.3006971515644005,-13.156202104356554,-0.8861425683144023,0.5343915343915344,8.747802734375,0.8306878306878307,,,,,,,,,,,,,,,,,,,,
splits,2024-26,industry,Packaged Foods,162.0,-32.5015996709282,,,gap,130.0,-2.3539436883705744,-24.577140366877025,-1.69568479157198,-28.139187230004204,-1.968211226218612,0.4382716049382716,8.480255126953125,0.9320987654320988,,,,,,,,,,,,,,,,,,,,
splits,2020-23,industry,Property-Casualty Insurers,204.0,3.0777676432740453,,,gap,134.0,0.1750892675569657,-6.653060379047768,-0.4269691924781247,-8.24819008509318,-0.5207253107663756,0.5245098039215687,9.063824653625488,1.0,,,,,,,,,,,,,,,,,,,,
splits,2024-26,industry,Property-Casualty Insurers,239.0,4.749951502269282,,,gap,131.0,0.427098998153237,15.888010330934653,1.4745218982965709,8.46678991198041,0.6826801971259127,0.5774058577405857,9.139898300170898,1.0,,,,,,,,,,,,,,,,,,,,
splits,2020-23,industry,Real Estate Investment Trusts,481.0,-22.041187960491854,,,gap,185.0,-1.458615505305355,-14.581742469926139,-1.467984255372505,-13.51044356451213,-1.1958805506669494,0.46153846153846156,8.663517951965332,1.0,,,,,,,,,,,,,,,,,,,,
splits,2024-26,industry,Real Estate Investment Trusts,468.0,12.387304733961058,,,gap,161.0,1.2902296443910184,18.500029373094122,1.9237047049356402,13.33786636336237,1.3221722150054573,0.5555555555555556,8.527252197265625,1.0,,,,,,,,,,,,,,,,,,,,
splits,2020-23,industry,Restaurants,234.0,3.1995645955077605,,,gap,171.0,0.15619892050312495,12.838875643041334,0.7341217220840804,18.12858459277031,0.9417010446005788,0.5128205128205128,8.980462074279785,1.0,,,,,,,,,,,,,,,,,,,,
splits,2024-26,industry,Restaurants,180.0,2.650323841306898,,,gap,120.0,0.13351673077519255,9.290792507171217,0.49243398552540435,4.067828257878621,0.20523446074029006,0.5222222222222223,8.668974876403809,1.0,,,,,,,,,,,,,,,,,,,,
splits,2020-23,industry,Semiconductors,421.0,16.781410242203012,,,gap,267.0,1.1295040439639488,17.181669790911624,1.4248730453355012,15.461498654653228,1.2380967457598242,0.5344418052256532,8.893901824951172,0.997624703087886,,,,,,,,,,,,,,,,,,,,
splits,2024-26,industry,Semiconductors,419.0,2.2278779446367434,,,gap,229.0,0.10450356271773245,7.394165196428231,0.4134006655168853,3.9275235947674956,0.2156975235127934,0.522673031026253,8.827680587768555,1.0,,,,,,,,,,,,,,,,,,,,
splits,2020-23,industry,other,6066.0,-1.4350749736487807,,,gap,764.0,-0.17913298665962532,-1.6219634862117374,-0.45880281711513576,-2.50730298746941,-0.5275243790718767,0.509891196834817,8.878406524658203,0.9800527530497857,,,,,,,,,,,,,,,,,,,,
splits,2024-26,industry,other,6130.0,-1.8702364279045365,,,gap,545.0,-0.2796318671347362,3.7551797412610393,1.0145385156570843,-0.4477993893584458,-0.09372140954283333,0.5117455138662317,8.863357543945312,0.9936378466557912,,,,,,,,,,,,,,,,,,,,
splits,2020-23,sent5,T1,2239.0,-7.418648586469124,,,gap,580.0,-0.7591090372468337,-6.358220705675363,-1.0858348363832793,-9.307111145503397,-1.3938655953472237,0.5015631978561857,8.776960372924805,0.9781152300133988,,,,,,,,,,,,,,,,,,,,
splits,2024-26,sent5,T1,1531.0,0.6324893738380996,,,gap,373.0,0.07350854755418028,2.1274506029183837,0.32604937977592285,-0.7083644125681153,-0.09616499162964891,0.5166557805355977,8.741742134094238,0.9934683213585892,,,,,,,,,,,,,,,,,,,,
splits,2020-23,sent5,T2,2239.0,-9.87875962055065,,,gap,582.0,-0.9947397917069373,-10.179956288794667,-1.6428714873570112,-11.238784542995246,-1.5510355255012247,0.4854845913354176,8.722782135009766,0.9776686020544886,,,,,,,,,,,,,,,,,,,,
splits,2024-26,sent5,T2,2332.0,2.4503262435592466,,,gap,447.0,0.29272558218626477,3.0355921278126208,0.5187489832734727,0.11815138378437755,0.01796103060810445,0.4995711835334477,8.677449226379395,0.991852487135506,,,,,,,,,,,,,,,,,,,,
splits,2020-23,sent5,T3,2239.0,6.077011923217092,,,gap,601.0,0.7405370123014134,8.01373400286384,1.5340094821652004,6.6105307293236395,1.1145226353549293,0.5221080839660562,8.73875904083252,0.9857079053148727,,,,,,,,,,,,,,,,,,,,
splits,2024-26,sent5,T3,2956.0,-3.0613562573599395,,,gap,497.0,-0.45751042805418957,4.385542159166605,0.9023672255775231,0.9975238565824351,0.1865126329110903,0.5246955345060893,8.675238609313965,0.9942489851150202,,,,,,,,,,,,,,,,,,,,
splits,2020-23,sent5,none,5540.0,-5.57642529587453,,,gap,641.0,-0.5670200719065653,-1.5182663250121116,-0.40086164312335043,-2.882305142681521,-0.515110275320866,0.5117328519855595,9.07604694366455,0.9828519855595668,,,,,,,,,,,,,,,,,,,,
splits,2024-26,sent5,none,5615.0,-1.6564788928758003,,,gap,440.0,-0.20119507967204206,4.96437375482582,1.2563507143810668,0.6944604569636385,0.12022364229203095,0.5241317898486197,9.009883880615234,0.9896705253784506,,,,,,,,,,,,,,,,,,,,
splits,2020-23,sent_prev,T1,1334.0,-10.395722946841856,,,gap,472.0,-0.9535989583978353,-6.6293601080708235,-0.8575505613336143,-10.22895236780261,-1.214082287018936,0.5052473763118441,8.74690055847168,0.9805097451274363,,,,,,,,,,,,,,,,,,,,
splits,2024-26,sent_prev,T1,888.0,4.926009758098705,,,gap,303.0,0.41088306489920584,6.348920692658253,0.6299835569247945,4.107570191761395,0.37688039184233796,0.5236486486486487,8.70413589477539,0.9977477477477478,,,,,,,,,,,,,,,,,,,,
splits,2020-23,sent_prev,T2,1335.0,1.0711593127875738,,,gap,437.0,0.08578084656130053,-4.9133222950849165,-0.6000663402566717,-5.106155791979157,-0.5460180097640629,0.4891385767790262,8.851704597473145,0.9820224719101124,,,,,,,,,,,,,,,,,,,,
splits,2024-26,sent_prev,T2,1279.0,9.484182026723664,,,gap,323.0,0.8869178939853862,12.685996724448827,1.5547116835573043,10.190794857523233,1.1318110148346878,0.5113369820172009,8.738951683044434,0.9929632525410477,,,,,,,,,,,,,,,,,,,,
splits,2020-23,sent_prev,T3,1333.0,-8.26309787896193,,,gap,498.0,-0.7871349331142711,-6.075975909062004,-0.8252453600380305,-8.260433332238623,-1.0574407828896737,0.4876219054763691,8.664813041687012,0.981245311327832,,,,,,,,,,,,,,,,,,,,
splits,2024-26,sent_prev,T3,1533.0,-7.699365251918128,,,gap,436.0,-1.000438762972557,-1.8073039678647136,-0.2880421798933468,-5.706899009027749,-0.8815874991112199,0.5055446836268754,8.589727401733398,0.9928245270711024,,,,,,,,,,,,,,,,,,,,
splits,2020-23,sent_prev,none,8255.0,-3.944670771339458,,,gap,746.0,-0.4417410926386089,-0.4839849501985296,-0.14526568004921078,-1.9013875907006081,-0.37874853362208355,0.5132646880678376,8.963502883911133,0.9817080557238037,,,,,,,,,,,,,,,,,,,,
splits,2024-26,sent_prev,none,8734.0,-1.8742196696940727,,,gap,522.0,-0.2561677284950456,3.6732441685432295,1.1009606513943029,-0.21682776218970745,-0.04345292965738019,0.5216395694985115,8.905367851257324,0.9906114037096405,,,,,,,,,,,,,,,,,,,,
splits,2020-23,n_news5,0,5540.0,-5.57642529587453,,,gap,641.0,-0.5670200719065653,-1.5182663250121116,-0.40086164312335043,-2.882305142681521,-0.515110275320866,0.5117328519855595,9.07604694366455,0.9828519855595668,,,,,,,,,,,,,,,,,,,,
splits,2024-26,n_news5,0,5615.0,-1.6564788928758003,,,gap,440.0,-0.20119507967204206,4.96437375482582,1.2563507143810668,0.6944604569636385,0.12022364229203095,0.5241317898486197,9.009883880615234,0.9896705253784506,,,,,,,,,,,,,,,,,,,,
splits,2020-23,n_news5,1-3,5288.0,-3.755807132656022,,,gap,724.0,-0.46762825845384626,-2.859549391736913,-0.6947744755244308,-4.356103116553418,-0.8242428364759623,0.5062405446293494,8.850144386291504,0.9803328290468987,,,,,,,,,,,,,,,,,,,,
splits,2024-26,n_news5,1-3,5455.0,1.9388319045223303,,,gap,536.0,0.29823595757722837,4.85017507958698,1.2654874826149825,2.051992333339618,0.41548501455382747,0.5167736021998167,8.783625602722168,0.9932172318973419,,,,,,,,,,,,,,,,,,,,
splits,2020-23,n_news5,>3,1429.0,-3.6821267753318105,,,gap,517.0,-0.30419533722630815,-2.774619086565055,-0.3282769635722518,-5.714631814736432,-0.6314186565769884,0.4912526242127362,8.36139965057373,0.9811056682995102,,,,,,,,,,,,,,,,,,,,
splits,2024-26,n_news5,>3,1364.0,-9.489145971113635,,,gap,425.0,-0.9747758089472253,-2.315186745984906,-0.2892671275739509,-6.63776726317196,-0.8221391499576686,0.5043988269794721,8.320195198059082,0.9934017595307918,,,,,,,,,,,,,,,,,,,,
splits,2020-23,pt_net20,0,6461.0,-16.855614286073497,,,gap,771.0,-1.86733373278608,-11.637419737305223,-2.8455801726816152,-14.886797221705853,-2.642204251828019,0.4997678377960068,9.01464557647705,0.9722953103234794,,,,,,,,,,,,,,,,,,,,
splits,2024-26,pt_net20,0,5238.0,-3.2839078901377556,,,gap,511.0,-0.41528628425181857,1.9168090215418723,0.42710032373303897,-1.9648665460569796,-0.33715304885489017,0.5202367315769377,9.016534805297852,0.9862542955326461,,,,,,,,,,,,,,,,,,,,
splits,2020-23,pt_net20,<0,2797.0,15.11997502319805,,,gap,502.0,1.1628387623572711,12.108906168303518,2.0695567912801627,14.323044939896956,1.8425148008322219,0.5173400071505184,8.80640697479248,0.9882016446192349,,,,,,,,,,,,,,,,,,,,
splits,2024-26,pt_net20,<0,2857.0,-3.6647831346340265,,,gap,439.0,-0.460112487239826,-6.039603049474865,-1.1723405782658936,-9.249919229426666,-1.486647528047114,0.504025201260063,8.727762222290039,0.9943997199859993,,,,,,,,,,,,,,,,,,,,
splits,2020-23,pt_net20,>0,2999.0,3.533741361739517,,,gap,574.0,0.44374105401940855,4.6093147953353615,1.0064399494410656,2.9852575920311044,0.5737275001638297,0.5128376125375125,8.720962524414062,0.9953317772590864,,,,,,,,,,,,,,,,,,,,
splits,2024-26,pt_net20,>0,4339.0,3.6882689318422845,,,gap,480.0,0.5086829631766024,13.456936904467367,3.122953550484917,9.85436490066152,1.8814439636989224,0.5266190366443881,8.686355590820312,0.9963125144042406,,,,,,,,,,,,,,,,,,,,
splits,2024-26,pt_gap,T1,3589.0,-1.0293526183133936,,,gap,465.0,-0.14936556991034583,7.525660823872996,1.5745098396894688,2.3869760324111984,0.4198939763921118,0.5126776260796879,8.816070556640625,0.9927556422401783,,,,,,,,,,,,,,,,,,,,
splits,2024-26,pt_gap,T2,3283.0,-1.9211617323671795,,,gap,464.0,-0.30118673129135304,4.294256918554847,1.0578895666776391,-0.23566002603206118,-0.0452896604753688,0.5287846481876333,8.731276512145996,0.9966494060310691,,,,,,,,,,,,,,,,,,,,
splits,2024-26,pt_gap,T3,4543.0,-0.7714718521205493,,,gap,489.0,-0.07907404272813862,1.1087023848676005,0.19964998418159968,-0.6060553835583972,-0.08757461537072408,0.5177195685670262,8.837674140930176,0.9911952454325336,,,,,,,,,,,,,,,,,,,,
splits,2020-23,pt_gap,none,12242.0,-4.5732829797075105,,,gap,843.0,-0.5557336798061813,-2.2309800418558017,-0.7128465077654512,-3.8501387074032243,-0.8291292142555936,0.5071883679137396,8.895718574523926,0.9815389642215324,,,,,,,,,,,,,,,,,,,,
splits,2024-26,pt_gap,none,1019.0,1.8040442490133148,,,gap,299.0,0.16408332001650514,4.936478779216181,0.5430043827194992,0.9805923355222332,0.09909113765677435,0.5122669283611384,9.223462104797363,0.9735034347399412,,,,,,,,,,,,,,,,,,,,
splits,2024-26,pt_gap_chg20,T1,4285.0,-4.437235300293325,,,gap,471.0,-0.6499997887919241,0.973985961525915,0.21560811923724457,-5.122696783050216,-0.8722417788596087,0.5134189031505251,8.839421272277832,0.9948658109684948,,,,,,,,,,,,,,,,,,,,
splits,2024-26,pt_gap_chg20,T2,3165.0,-3.813323063119704,,,gap,450.0,-0.6256865946270155,4.6631854844439955,1.1627918155320407,0.40705245441358423,0.08012497282821239,0.5251184834123223,8.727150917053223,0.995260663507109,,,,,,,,,,,,,,,,,,,,
splits,2024-26,pt_gap_chg20,T3,3730.0,3.8184015424897138,,,gap,456.0,0.32315767361129955,6.289626566895314,0.8824519472697406,6.134115339284288,0.724175554125453,0.5195710455764075,8.815136909484863,0.9908847184986596,,,,,,,,,,,,,,,,,,,,
splits,2020-23,pt_gap_chg20,none,12257.0,-4.570112051772791,,,gap,845.0,-0.5560304787091115,-2.24340567012918,-0.7177131741261068,-3.848352177045644,-0.8297591329223133,0.5069756057762911,8.895269393920898,0.9815615566614996,,,,,,,,,,,,,,,,,,,,
splits,2024-26,pt_gap_chg20,none,1254.0,4.124471255276572,,,gap,315.0,0.39966316276120495,7.003133949798426,0.8870172422210845,3.0472755812381824,0.3408363136230693,0.518341307814992,9.15080451965332,0.9736842105263158,,,,,,,,,,,,,,,,,,,,
splits,2020-23,guidance20,down,50.0,-61.617422103881836,,,gap,35.0,-1.5524655064918393,-38.70096269529313,-0.9465006538330498,-35.16620397567749,-0.8132000409270361,0.38,8.973956108093262,0.96,,,,,,,,,,,,,,,,,,,,
splits,2020-23,guidance20,neither,12166.0,-4.39200171235947,,,gap,845.0,-0.5334713206126965,-2.1737462302302286,-0.6935033238924422,-3.7714534736318495,-0.8127993452919591,0.5072332730560579,8.895302772521973,0.9815880322209436,,,,,,,,,,,,,,,,,,,,
splits,2024-26,guidance20,neither,12363.0,-0.9479141732900649,,,gap,593.0,-0.14337910122778444,4.128518519991193,1.3196120562829492,0.5076469692763104,0.11051752248180875,0.518806115020626,8.836457252502441,0.9915878023133544,,,,,,,,,,,,,,,,,,,,
splits,2020-23,guidance20,up,41.0,12.148793150738971,,,gap,39.0,0.3613909159378435,21.546865194445342,0.7505284643511123,11.525866461963188,0.35945512256143325,0.5853658536585366,8.789093971252441,1.0,,,,,,,,,,,,,,,,,,,,
splits,2024-26,guidance20,up,42.0,20.565064180464972,,,gap,39.0,0.7586764980048211,20.946062452692004,0.8821797082414198,18.495945703415643,0.762019790904631,0.5952380952380952,8.628547668457031,1.0,,,,,,,,,,,,,,,,,,,,
splits,2020-23,prev_beat,beat,8399.0,-5.442386568266802,,,gap,793.0,-0.667634830985608,-4.053288083613883,-1.2287607885411538,-5.479607997671283,-1.1703181910518545,0.5011310870341708,8.875625610351562,0.9851172758661746,,,,,,,,,,,,,,,,,,,,
splits,2024-26,prev_beat,beat,8301.0,-0.4699521431821238,,,gap,563.0,-0.07186061210165781,3.220601204344084,1.0275589629762174,0.20644209813158307,0.04636008246041579,0.5204192265992049,8.809762001037598,0.9932538248403807,,,,,,,,,,,,,,,,,,,,
splits,2020-23,prev_beat,inline,549.0,-14.765790251434826,,,gap,294.0,-1.199091973419318,-11.018617496930084,-1.185369897996228,-14.03373772980737,-1.4278888980892233,0.5245901639344263,8.740567207336426,0.9744990892531876,,,,,,,,,,,,,,,,,,,,
splits,2024-26,prev_beat,inline,593.0,-8.848776905773864,,,gap,250.0,-0.8515109357763466,3.584153626980276,0.37431134883313055,1.2470517954577083,0.12739449625360577,0.4991568296795953,8.641069412231445,0.9898819561551433,,,,,,,,,,,,,,,,,,,,
splits,2020-23,prev_beat,miss,2942.0,2.509056508824746,,,gap,601.0,0.23262891649467374,5.472787286562181,0.8616364859189272,4.311473413359787,0.5786085768047993,0.522093813732155,8.9505615234375,0.9802855200543847,,,,,,,,,,,,,,,,,,,,
splits,2024-26,prev_beat,miss,2955.0,-0.5483595046093419,,,gap,445.0,-0.06042114041867608,6.211871357534498,1.0493735284179642,2.454343382678863,0.3436987243089217,0.5201353637901861,8.876957893371582,0.994585448392555,,,,,,,,,,,,,,,,,,,,
splits,2020-23,prev_beat,none,367.0,-26.104861124334935,,,gap,235.0,-1.1020648243593203,-9.55197786308358,-0.48117850770824927,-16.691710708576586,-0.7927987154443682,0.49318801089918257,9.13297176361084,0.9209809264305178,,,,,,,,,,,,,,,,,,,,
splits,2024-26,prev_beat,none,585.0,-1.5370876361162236,,,gap,224.0,-0.09173930169527632,6.7676160878573475,0.44955971638399955,-6.26780029036041,-0.39469251577777786,0.5076923076923077,9.176969528198242,0.9555555555555556,,,,,,,,,,,,,,,,,,,,
splits,2020-23,prev_surp,T1,3785.0,-9.764357161175464,,,gap,658.0,-0.9495787976503409,-6.401924992963189,-1.18043684980427,-8.310514680618024,-1.2406739577804582,0.5077939233817701,8.891195297241211,0.978335535006605,,,,,,,,,,,,,,,,,,,,
splits,2024-26,prev_surp,T1,3864.0,-1.729581173409093,,,gap,490.0,-0.2326799165864755,4.257424101266548,0.9075895531502234,0.13637755598340714,0.023075146101829414,0.519927536231884,8.818124771118164,0.9888716356107661,,,,,,,,,,,,,,,,,,,,
splits,2020-23,prev_surp,T2,3764.0,1.3740957733421852,,,gap,637.0,0.17600404958721794,-0.5670854325922637,-0.14842637122163635,-1.1952629948270435,-0.2498255686915879,0.5082359192348566,8.82109260559082,0.9883103081827843,,,,,,,,,,,,,,,,,,,,
splits,2024-26,prev_surp,T2,4094.0,1.9945373870596166,,,gap,492.0,0.3220593630910691,5.166257486507897,1.3142742024189638,2.4689187290730215,0.5078821964224752,0.5293111871030777,8.772029876708984,0.9968246213971665,,,,,,,,,,,,,,,,,,,,
splits,2020-23,prev_surp,T3,3775.0,-1.4737950255539243,,,gap,631.0,-0.1539194023421517,2.3701804785662337,0.4845500648295411,0.864921658244354,0.13747490034795629,0.5049006622516556,8.97240161895752,0.9854304635761589,,,,,,,,,,,,,,,,,,,,
splits,2024-26,prev_surp,T3,3263.0,-1.8676086104869698,,,gap,439.0,-0.19455813552222515,2.51593553383215,0.47434294527036575,-0.33699384760060197,-0.049950135754805475,0.5114924915721728,8.906194686889648,0.9960159362549801,,,,,,,,,,,,,,,,,,,,
splits,2020-23,prev_surp,none,933.0,-20.0067436580106,,,gap,405.0,-1.5061510008450714,-10.802849880726619,-1.0553002566403906,-15.519897015276191,-1.4087315793170507,0.5069667738478028,8.898953437805176,0.9517684887459807,,,,,,,,,,,,,,,,,,,,
splits,2024-26,prev_surp,none,1213.0,-5.81741431284226,,,gap,338.0,-0.5530802798515261,4.4220168565696305,0.5214328407884231,-2.8821155244618137,-0.30445702698570687,0.4987633965375103,8.90938663482666,0.9711459192085737,,,,,,,,,,,,,,,,,,,,
splits,2020-23,prev_react,T1,4037.0,-8.680969735080131,,,gap,667.0,-0.8952597598302677,-6.559804978649297,-1.2303574562842114,-8.1533781218889,-1.230962585464318,0.5038394847659153,8.907835006713867,0.9757245479316324,,,,,,,,,,,,,,,,,,,,
splits,2024-26,prev_react,T1,4329.0,4.207492700816027,,,gap,498.0,0.5512811750115402,8.242116366469656,1.7786984891834055,5.310070682656933,0.9075423734210109,0.5416955416955417,8.850723266601562,0.9919149919149919,,,,,,,,,,,,,,,,,,,,
splits,2020-23,prev_react,T2,4036.0,-3.9747493236341374,,,gap,656.0,-0.4946772277552147,-3.1239747132541105,-0.7627902210418761,-4.739512950625008,-0.9424120645230745,0.5,8.827228546142578,0.9871159563924677,,,,,,,,,,,,,,,,,,,,
splits,2024-26,prev_react,T2,3588.0,-0.3871353241379311,,,gap,468.0,-0.0556128078428042,5.176903234097542,1.178420643694746,1.456102433146176,0.27091867770994743,0.5083612040133779,8.771526336669922,0.9908026755852842,,,,,,,,,,,,,,,,,,,,
splits,2020-23,prev_react,T3,4037.0,-1.0782813919573868,,,gap,656.0,-0.10926946324036879,1.7544559776456092,0.35282288490787966,0.44879005012578355,0.07252033111977065,0.5152340847163736,8.94317626953125,0.9853851870200644,,,,,,,,,,,,,,,,,,,,
splits,2024-26,prev_react,T3,4409.0,-7.217762339923571,,,gap,509.0,-0.936645086747913,-1.4646456006472808,-0.32877083776096255,-5.700169952852868,-0.9926650414880442,0.5041959628033568,8.866429328918457,0.993422544794738,,,,,,,,,,,,,,,,,,,,
splits,2020-23,prev_react,none,147.0,-3.9161792417772774,,,gap,111.0,-0.09693522394423977,30.68117388416411,0.8822990838952498,20.835671295114114,0.5726051989035,0.5578231292517006,9.102557182312012,0.8843537414965986,,,,,,,,,,,,,,,,,,,,
splits,2024-26,prev_react,none,108.0,30.832627305278073,,,gap,80.0,0.645064386730357,31.273341387363704,0.7080233074485494,27.401452815091172,0.6188671693979088,0.5370370370370371,9.026076316833496,0.9351851851851852,,,,,,,,,,,,,,,,,,,,
splits,2020-23,ret5,T1,4086.0,-8.545255491795402,,,gap,585.0,-0.635605483253922,-5.25189233653266,-0.7542618229017626,-6.224825664647234,-0.6843118684945646,0.5019579050416055,8.916735649108887,0.9750367107195301,,,,,,,,,,,,,,,,,,,,
splits,2024-26,ret5,T1,3988.0,8.919845851756625,,,gap,473.0,0.751497191952802,9.15357570593479,1.4011043188273753,10.831968834550832,1.312607030043657,0.5248244734202607,8.873223304748535,0.9879638916750251,,,,,,,,,,,,,,,,,,,,
splits,2020-23,ret5,T2,4085.0,3.5049001910841158,,,gap,651.0,0.42645772499281387,1.304790819624628,0.35181151743326344,1.1452124197596874,0.23880340658547222,0.5204406364749082,8.809486389160156,0.988984088127295,,,,,,,,,,,,,,,,,,,,
splits,2024-26,ret5,T2,4359.0,-4.845361119975024,,,gap,482.0,-0.8504809832880221,1.3853500812142672,0.35607143019842824,-3.2004218332317342,-0.6586747355399447,0.5198440009176417,8.742828369140625,0.9942647396191787,,,,,,,,,,,,,,,,,,,,
splits,2020-23,ret5,T3,4086.0,-8.668004591209423,,,gap,609.0,-0.9395502849880284,-2.7822471145050196,-0.5924833092105849,-6.464221170586928,-1.1319398090525514,0.4985315712187959,8.959564208984375,0.9806656877141459,,,,,,,,,,,,,,,,,,,,
splits,2024-26,ret5,T3,4087.0,-6.390852014622363,,,gap,463.0,-0.8018826380613924,2.111952055710694,0.39588127652483646,-5.6785304242426475,-0.9235447914807715,0.5116222167849278,8.895895004272461,0.992414974308784,,,,,,,,,,,,,,,,,,,,
splits,2020-23,ret20,T1,4082.0,-11.181425575179718,,,gap,624.0,-0.815893267843756,-9.252601836682883,-1.4673909682314301,-11.79644008409387,-1.4198178753924062,0.49828515433610976,8.913649559020996,0.974032337089662,,,,,,,,,,,,,,,,,,,,
splits,2024-26,ret20,T1,4219.0,8.955366324971541,,,gap,471.0,0.8004022447607005,8.75348384269247,1.2754230320289144,8.681185947941728,1.0460411985512066,0.5271391324958521,8.84792709350586,0.9883858734297227,,,,,,,,,,,,,,,,,,,,
splits,2020-23,ret20,T2,4081.0,-2.513073934290053,,,gap,642.0,-0.3251419403254528,-2.4670362839095534,-0.7006310140042618,-3.217796547919388,-0.7009327756482545,0.5140896839010046,8.788074493408203,0.9879931389365352,,,,,,,,,,,,,,,,,,,,
splits,2024-26,ret20,T2,4340.0,-6.237145393125473,,,gap,482.0,-0.9948651399916768,-0.16245581975479265,-0.03980735222516866,-4.089737817439066,-0.8211158968362694,0.5078341013824885,8.772496223449707,0.9949308755760369,,,,,,,,,,,,,,,,,,,,
splits,2020-23,ret20,T3,4082.0,-0.08535861151292008,,,gap,598.0,-0.00908930984852188,4.879400555928165,0.9503477776593231,3.3287912066925514,0.5346525366494275,0.5083292503674669,8.983428001403809,0.9828515433610975,,,,,,,,,,,,,,,,,,,,
splits,2024-26,ret20,T3,3872.0,-5.656987090002406,,,gap,464.0,-0.7833791100840145,3.959425300782333,0.746520533816044,-3.172419811329566,-0.4869107456013733,0.5219524793388429,8.890751838684082,0.9914772727272727,,,,,,,,,,,,,,,,,,,,
splits,2020-23,size_adv,T1,4086.0,-12.64508439814175,,,gap,641.0,-1.311736738003696,-7.774834726323185,-1.6210148545787575,-10.293512675789017,-1.6318652799983004,0.49951052373959864,9.404215812683105,0.9752814488497308,,,,,,,,,,,,,,,,,,,,
splits,2024-26,size_adv,T1,3702.0,-0.22488049981659777,,,gap,438.0,-0.026912864830397273,4.62337925703983,0.885310402327539,1.6661549438855765,0.24334186828019225,0.5148568341437061,9.333892822265625,0.9870340356564019,,,,,,,,,,,,,,,,,,,,
splits,2020-23,size_adv,T2,4085.0,-4.442204460228088,,,gap,630.0,-0.46648317710914183,-1.2770666322053037,-0.26290633017860565,-2.8059272462618394,-0.4543668615020411,0.5113831089351285,8.90071964263916,0.979436964504284,,,,,,,,,,,,,,,,,,,,
splits,2024-26,size_adv,T2,4100.0,-2.8030460927544567,,,gap,472.0,-0.36735434946763235,1.6602161196316023,0.36437959788424895,-2.173942036745025,-0.36553875967413746,0.5219512195121951,8.87884521484375,0.9895121951219512,,,,,,,,,,,,,,,,,,,,
splits,2020-23,size_adv,T3,4086.0,3.376984006916257,,,gap,699.0,0.4107100836063039,2.321920848150231,0.532893573358865,1.554638512042359,0.3058619271146395,0.5100342633382281,8.38087272644043,0.9899657366617719,,,,,,,,,,,,,,,,,,,,
splits,2024-26,size_adv,T3,4632.0,0.1418394951828609,,,gap,518.0,0.020556117371684474,5.8834440567615545,1.4407147321431375,1.8964067024270488,0.4081180356348842,0.5189982728842832,8.39736270904541,0.9971934369602763,,,,,,,,,,,,,,,,,,,,
splits,2020-23,vol20,T1,4086.0,-0.6003484560237815,,,gap,614.0,-0.10745138652170744,0.12441616838960214,0.0342872014767546,-2.901394811845911,-0.7815110491525155,0.5141948115516397,8.606996536254883,0.9943710230053843,,,,,,,,,,,,,,,,,,,,
splits,2024-26,vol20,T1,4412.0,-2.986202565302983,,,gap,477.0,-0.6153216823223111,4.3102564681444875,1.1021817537919776,0.502008637404939,0.10795638739445729,0.5247053490480508,8.588025093078613,0.9952402538531279,,,,,,,,,,,,,,,,,,,,
splits,2020-23,vol20,T2,4085.0,-4.5283332448840286,,,gap,613.0,-0.5722655851996026,-0.881789234350578,-0.24049218506976466,-2.834739708404354,-0.5931839046003612,0.5170134638922889,8.927898406982422,0.990452876376989,,,,,,,,,,,,,,,,,,,,
splits,2024-26,vol20,T2,4008.0,-1.2476892468934049,,,gap,487.0,-0.17708531356568277,4.861138236641793,1.0421323623592758,1.9588449341570309,0.3280993082543891,0.5232035928143712,8.872419357299805,0.998003992015968,,,,,,,,,,,,,,,,,,,,
splits,2020-23,vol20,T3,4086.0,-8.581644229543484,,,gap,638.0,-0.5417799026971463,-5.97251070496602,-0.6866613454104413,-5.808673941266345,-0.5401623728634836,0.4897209985315712,9.150918960571289,0.9598629466470876,,,,,,,,,,,,,,,,,,,,
splits,2024-26,vol20,T3,4014.0,1.6212925188685152,,,gap,452.0,0.11973527196312993,3.157562376944883,0.3729879855993544,-1.003192204055824,-0.10125072502725263,0.5077229696063776,9.06898307800293,0.9813153961136024,,,,,,,,,,,,,,,,,,,,
splits,2020-23,gap_t,T1,4086.0,-6.907212635027213,,,gap,576.0,-0.5155054149067821,2.205642745897928,0.37045564465663705,1.805881717539977,0.21682249594561345,0.51786588350465,8.9014892578125,0.9826235927557514,,,,,,,,,,,,,,,,,,,,
splits,2024-26,gap_t,T1,3900.0,13.495670984952877,,,gap,447.0,1.3698739552437933,14.82102557895884,2.663495326845655,12.764953649961031,1.7924683340226226,0.556923076923077,8.84984302520752,0.9897435897435898,,,,,,,,,,,,,,,,,,,,
splits,2020-23,gap_t,T2,4085.0,-3.389899996240399,,,gap,634.0,-0.42755152402762,-3.956456009795572,-1.0249466639200904,-7.251642471136049,-1.5438563913951733,0.5091799265605875,8.851181983947754,0.9862913096695226,,,,,,,,,,,,,,,,,,,,
splits,2024-26,gap_t,T2,4255.0,-6.115763083748195,,,gap,478.0,-0.9460529674329535,3.751255204543132,0.9230034059132801,-0.2781477714117209,-0.051210333929328555,0.5151586368977673,8.79720687866211,0.9941245593419507,,,,,,,,,,,,,,,,,,,,
splits,2020-23,gap_t,T3,4086.0,-3.412934681159051,,,gap,616.0,-0.3263530751320722,-4.979822995226964,-0.9039431577114658,-6.100128692443967,-0.9034903624223359,0.49388154674498286,8.933125495910645,0.9757709251101322,,,,,,,,,,,,,,,,,,,,
splits,2024-26,gap_t,T3,4279.0,-8.945674449379519,,,gap,465.0,-0.9996959901587232,-5.279000159453136,-1.0612082750330711,-9.946413033474936,-1.677640644762506,0.4874970787567189,8.858943939208984,0.9908857209628418,,,,,,,,,,,,,,,,,,,,
splits,2020-23,spy_gap,T1,4097.0,-9.97012261504047,,,gap,279.0,-0.6641510914407505,0.7751819987286701,0.13219304915091848,2.987747050390786,0.3463596370975708,0.4979253112033195,8.89275074005127,0.9843788137661704,,,,,,,,,,,,,,,,,,,,
splits,2024-26,spy_gap,T1,2620.0,2.8640429937202514,,,gap,153.0,0.2391416903700402,7.032424016884094,1.187097540216527,0.13206614792801952,0.017770408790142536,0.5259541984732824,8.85920238494873,0.9896946564885496,,,,,,,,,,,,,,,,,,,,
splits,2020-23,spy_gap,T2,4090.0,7.128837201880943,,,gap,270.0,0.49774944448724184,-3.5638078035471374,-0.7406944905421253,-5.783756088219528,-0.729320884166173,0.5026894865525673,8.876930236816406,0.9777506112469437,,,,,,,,,,,,,,,,,,,,
splits,2024-26,spy_gap,T2,5379.0,0.3176601785424696,,,gap,251.0,0.03399408070830098,7.850953015566001,1.4026991698889506,5.493484635538362,0.6525343776158794,0.5240751068971928,8.804006576538086,0.9916341327384273,,,,,,,,,,,,,,,,,,,,
splits,2020-23,spy_gap,T3,4070.0,-10.890716270381168,,,gap,296.0,-0.8149510399823077,-3.9551277717584585,-0.7146955552162725,-8.784886952993032,-1.180908789730003,0.5203931203931204,8.916232109069824,0.9825552825552826,,,,,,,,,,,,,,,,,,,,
splits,2024-26,spy_gap,T3,4435.0,-4.708113369301986,,,gap,189.0,-0.36583210777316794,-2.1376501068760554,-0.5237005711813361,-5.379113430638189,-0.8408908415813572,0.5080045095828636,8.858185768127441,0.9927846674182638,,,,,,,,,,,,,,,,,,,,
splits,2020-23,spy_day(not tradable),T1,4106.0,-131.4873284266974,,,gap,276.0,-10.59834515362601,-15.06795119058422,-2.4854343658104225,-29.9658938785094,-3.447528523220318,0.5063321967851924,8.900192260742188,0.9795421334632245,,,,,,,,,,,,,,,,,,,,
splits,2024-26,spy_day(not tradable),T1,3804.0,-75.3356547699115,,,gap,176.0,-6.850040547821833,1.7792421482795004,0.29579094181972193,5.065710700022059,0.5623806806258653,0.5281282860147214,8.845019340515137,0.991062039957939,,,,,,,,,,,,,,,,,,,,
splits,2020-23,spy_day(not tradable),T2,4086.0,6.5716847274096875,,,gap,269.0,1.0548518375859979,-0.7188009716917059,-0.1727058681702913,0.2455623839570212,0.04043878444389803,0.5063631913852178,8.884598731994629,0.9809104258443465,,,,,,,,,,,,,,,,,,,,
splits,2024-26,spy_day(not tradable),T2,4790.0,-3.708192724773431,,,gap,238.0,-0.6338163322590001,5.206473388140328,1.1934791052547205,-6.04115722074887,-1.0794883258123553,0.531732776617954,8.806451797485352,0.9949895615866389,,,,,,,,,,,,,,,,,,,,
splits,2020-23,spy_day(not tradable),T3,4065.0,112.42784829157306,,,gap,300.0,10.143379623436228,9.178008624870298,1.5885184930273297,18.41754974914213,2.1013837711837433,0.5082410824108241,8.901020050048828,0.9842558425584256,,,,,,,,,,,,,,,,,,,,
splits,2024-26,spy_day(not tradable),T3,3840.0,76.21642652278145,,,gap,179.0,6.959940770016952,5.069662580657071,0.8380345311888537,4.090176740040382,0.4294637349558356,0.49322916666666666,8.860564231872559,0.9880208333333333,,,,,,,,,,,,,,,,,,,,
splits,2020-23,weekday,Fri,541.0,37.157116888190814,,,gap,123.0,2.0924893040985237,30.276078060303785,2.620142296220048,23.339362109214232,1.6775933026595613,0.5378927911275416,8.876238822937012,0.9648798521256932,,,,,,,,,,,,,,,,,,,,
splits,2024-26,weekday,Fri,491.0,28.130176596631827,,,gap,86.0,1.2962628518319286,30.69512032981499,2.4882662187571314,28.9559170087826,1.6366555836834704,0.5519348268839104,8.927252769470215,0.9775967413441955,,,,,,,,,,,,,,,,,,,,
splits,2020-23,weekday,Mon,2102.0,5.269069313209019,,,gap,159.0,0.30562363721086994,-10.491181694857952,-1.3305858387464697,-7.920372384032333,-0.6470465754604864,0.48763082778306377,8.9159574508667,0.972882968601332,,,,,,,,,,,,,,,,,,,,
splits,2024-26,weekday,Mon,2006.0,22.975079796963175,,,gap,115.0,1.631155669812155,9.594679276716676,1.2850272288287268,10.682911958437735,1.1193206037377414,0.5239282153539382,8.857845306396484,0.9935194416749751,,,,,,,,,,,,,,,,,,,,
splits,2020-23,weekday,Thu,2655.0,-2.1924822119445224,,,gap,185.0,-0.11408083523306016,0.8945139194049446,0.1078276374517116,-5.2876894532399445,-0.424197187361936,0.5193973634651601,8.884706497192383,0.9819209039548022,,,,,,,,,,,,,,,,,,,,
splits,2024-26,weekday,Thu,2527.0,-17.4754560819293,,,gap,123.0,-0.9505836629842979,2.2999003724326634,0.2527534883996852,1.02209205159473,0.07804998684697814,0.5089038385437278,8.846580505371094,0.9877324891175306,,,,,,,,,,,,,,,,,,,,
splits,2020-23,weekday,Tue,2813.0,-11.683710732580375,,,gap,186.0,-0.8622065765622415,-1.1420871167623468,-0.22551559710721156,-1.0284473156106884,-0.13068426130766586,0.5126199786704586,8.876959800720215,0.9832918592250267,,,,,,,,,,,,,,,,,,,,
splits,2024-26,weekday,Tue,3106.0,19.89082758916399,,,gap,136.0,1.7707511267594174,2.35615369431055,0.5141554520374708,7.822940369536627,1.2244653627027773,0.5296200901481004,8.79642391204834,0.9916291049581455,,,,,,,,,,,,,,,,,,,,
splits,2020-23,weekday,Wed,4146.0,-11.699500431257691,,,gap,192.0,-0.7068263299836548,-5.061881573413877,-0.9724142372745118,-6.323055230760367,-0.8541154087627455,0.5009647853352629,8.906449317932129,0.986734201640135,,,,,,,,,,,,,,,,,,,,
splits,2024-26,weekday,Wed,4304.0,-20.72220162720485,,,gap,133.0,-2.058392404378981,0.8658124173494006,0.1695518273806608,-13.124780888672655,-1.6348116087658,0.5104553903345725,8.834759712219238,0.9946561338289963,,,,,,,,,,,,,,,,,,,,
variants,2020-23,open-close,all,12257.0,-4.570112051772791,,,gap,,-0.5560304787091115,,,-3.848352177045644,-0.8297591329223133,,8.895269393920898,,-4.570112051772791,-13.465381181198078,-4.325157077652496,,,,,,,,,,,,,,,,,
variants,2020-23,open-1530,all,4993.0,8.582664639109867,,,gap,,1.1822656260153475,,,6.897237958398105,1.4042212587566836,,13.338132858276367,,6.449172068473072,-4.755468355139596,-21.92079763335933,,,,,,,,,,,,,,,,,
variants,2020-23,1000-close,all,4993.0,7.73880803081284,,,gap,,1.1370647387092776,,,6.053381350101079,1.5278040876362746,,26.13901138305664,,6.449172068473072,-18.400203575761218,-33.8778196373869,,,,,,,,,,,,,,,,,
variants,2020-23,1000-1530,all,4993.0,9.854650798265094,,,gap,,1.5957331250253477,,,8.169224117553332,1.9720569700510124,,31.033475875854492,,6.449172068473072,-21.178824153717404,-40.888125750247596,,,,,,,,,,,,,,,,,
variants,2020-23,open-close,AMC,6794.0,-12.286084432408218,,,gap,,-1.2362985607921828,,,-10.274428285357878,-1.6582862542760763,,8.948263168334961,,-12.286084432408218,-21.234347562558952,3.337821302257483,,,,,,,,,,,,,,,,,
variants,2020-23,open-1530,AMC,2613.0,2.7927000131180035,,,gap,,0.2813901898652331,,,2.961189775142093,0.41472540555702164,,13.571860313415527,,1.3182113510961055,-10.779160022763396,-16.364560048999405,,,,,,,,,,,,,,,,,
variants,2020-23,1000-close,AMC,2613.0,7.024853566210251,,,gap,,0.7991819430085116,,,7.193343328234341,1.2710738293095385,,27.032236099243164,,1.3182113510961055,-20.0073825367582,-34.05708966917871,,,,,,,,,,,,,,,,,
variants,2020-23,1000-1530,AMC,2613.0,8.479826668419237,,,gap,,1.043871452172502,,,8.648316430443327,1.508964093216515,,32.11887741088867,,1.3182113510961055,-23.63905119322956,-40.598704530068034,,,,,,,,,,,,,,,,,
variants,2020-23,open-close,BMO,5463.0,5.025772325682287,,,gap,,0.64433061867271,,,4.143366856429247,0.9248014743949364,,8.829361915588379,,5.025772325682287,-3.8035900155205082,-13.855134666885082,,,,,,,,,,,,,,,,,
variants,2020-23,open-1530,BMO,2380.0,14.93946193646984,,,gap,,2.200768937109992,,,11.218621951191365,2.1766822190671835,,13.081524848937988,,12.082449528349548,1.8579374153573978,-28.020986457582286,,,,,,,,,,,,,,,,,
variants,2020-23,1000-close,BMO,2380.0,8.522658037538289,,,gap,,1.3337581829595022,,,4.801818052259813,1.1873661336606898,,25.158340454101562,,12.082449528349548,-16.635682539497854,-33.68099861457443,,,,,,,,,,,,,,,,,
variants,2020-23,1000-1530,BMO,2380.0,11.364069055108464,,,gap,,1.9800701458534062,,,7.643229069829989,1.7636468786106743,,29.841812133789062,,12.082449528349548,-18.477743738056983,-41.20588184827391,,,,,,,,,,,,,,,,,
variants,2024-26,open-close,all,12434.0,-0.9383944063798703,,,gap,,-0.14207766737730979,,,0.48569238356537653,0.1061599294101397,,8.834961891174316,,-0.9383944063798703,-9.773356324562542,-7.896567511802801,,,,,,,,,,,,,,,,,
variants,2024-26,open-1530,all,12402.0,2.6888077229458442,,,gap,,0.4137894868228406,,,4.127308680653245,0.8136500060833963,,15.496785163879395,,-0.919489836696655,-12.807977331037486,-18.185592776929173,,,,,,,,,,,,,,,,,
variants,2024-26,open-1545,all,12417.0,1.6870542915487399,,,gap,,0.2554946553117953,,,3.128242279544894,0.6510090997111736,,15.373595237731934,,-1.0474215692835191,-13.686541233030546,-17.060649816128027,,,,,,,,,,,,,,,,,
variants,2024-26,0935-close,all,12186.0,-0.17526519331813895,,,gap,,-0.02698835014341556,,,1.187266024701137,0.2746997807994098,,39.8505744934082,,-0.5572821517579958,-40.02584104273201,-39.67531065609573,,,,,,,,,,,,,,,,,
variants,2024-26,0935-1545,all,12181.0,2.593405336183179,,,gap,,0.39783764113328746,,,3.952620779290672,0.8589589538890854,,46.25907516479492,,-0.5912110876169965,-43.665670998352894,-48.85248167071926,,,,,,,,,,,,,,,,,
variants,2024-26,1000-close,all,12338.0,-3.0827650781929212,,,gap,,-0.5030975202435469,,,-1.634441099941373,-0.4260259383676562,,34.005775451660156,,-0.760693336773738,-37.08853972891566,-30.92300957252982,,,,,,,,,,,,,,,,,
variants,2024-26,1000-1530,all,12317.0,0.515294663461083,,,gap,,0.08809500154120067,,,1.9367250556478137,0.4592662799468358,,40.50784683227539,,-0.6848405279915393,-39.992552779761915,-41.023142106684084,,,,,,,,,,,,,,,,,
variants,2024-26,open-close,AMC,6747.0,-8.423078213865994,,,gap,,-1.0102875800529776,,,-3.1960250820003298,-0.529995343010205,,8.880337715148926,,-8.423078213865994,-17.30341591411376,-0.45725948638177166,,,,,,,,,,,,,,,,,
variants,2024-26,open-1530,AMC,6726.0,-2.329119198952549,,,gap,,-0.28607705393741706,,,2.88907745357358,0.4566009088438334,,15.742361068725586,,-8.301829834477802,-18.071480046023364,-13.413241648118264,,,,,,,,,,,,,,,,,
variants,2024-26,open-1545,AMC,6738.0,-3.7275964621444526,,,gap,,-0.45248277594463476,,,1.4911202338443168,0.2440813913897425,,15.626787185668945,,-8.572636442532628,-19.35438367016514,-11.899190745876234,,,,,,,,,,,,,,,,,
variants,2024-26,0935-close,AMC,6618.0,-4.552681033940573,,,gap,,-0.5446064076540418,,,0.6663357970144642,0.11526000235117487,,41.1790657043457,,-8.288952438951656,-45.73174662652757,-36.62638455864642,,,,,,,,,,,,,,,,,
variants,2024-26,0935-1545,AMC,6615.0,0.32318557471104487,,,gap,,0.038937764743328426,,,5.525618093264256,0.9320623697454815,,47.80054473876953,,-8.372356922267876,-47.47736000597409,-48.123731155396186,,,,,,,,,,,,,,,,,
variants,2024-26,1000-close,AMC,6690.0,-8.047627226654189,,,gap,,-1.0570466921769455,,,-2.8458713416026846,-0.5553158634034018,,35.01486587524414,,-8.240235315131855,-43.06249454358568,-26.967240090277297,,,,,,,,,,,,,,,,,
variants,2024-26,1000-1530,AMC,6674.0,-2.0381675210940755,,,gap,,-0.28241399742106565,,,3.133190046144096,0.5945623556335571,,41.65980529785156,,-8.098307593982664,-43.69797251347183,-39.621637471283684,,,,,,,,,,,,,,,,,
variants,2024-26,open-close,BMO,5687.0,7.941359708110876,,,gap,,1.3016711728800763,,,4.853645212855305,1.1259888311359925,,8.781129837036133,,7.941359708110876,-0.8397706011058019,-16.722490017327555,,,,,,,,,,,,,,,,,
variants,2024-26,open-1530,BMO,5676.0,8.634998081770474,,,gap,,1.4255592073563086,,,5.594599595617626,1.1558467022200445,,15.205780982971191,,7.828505023253308,-6.570782428088849,-23.840778591629796,,,,,,,,,,,,,,,,,
variants,2024-26,open-1545,BMO,5679.0,8.111410125037864,,,gap,,1.3148890598687413,,,5.070649101860528,1.0955378430691738,,15.073185920715332,,7.881068977635393,-6.961775661567017,-23.184595911642745,,,,,,,,,,,,,,,,,
variants,2024-26,0935-close,BMO,5568.0,5.027633160352707,,,gap,,0.8734495942545188,,,1.806432017307172,0.45985718570788753,,38.271568298339844,,8.632407855542228,-33.24393415823579,-43.2992004789412,,,,,,,,,,,,,,,,,
variants,2024-26,0935-1545,BMO,5566.0,5.29148361899636,,,gap,,0.9103906964512324,,,2.083167449801764,0.4924029129412891,,44.42708969116211,,8.656413723057737,-39.1356067054651,-49.71857394345782,,,,,,,,,,,,,,,,,
variants,2024-26,1000-close,BMO,5648.0,2.798064909980925,,,gap,,0.49589601995035865,,,-0.19951399004155448,-0.05649274945545832,,32.810516357421875,,8.098749976826795,-30.012452676786747,-35.608582496748596,,,,,,,,,,,,,,,,,
variants,2024-26,1000-1530,BMO,5643.0,3.53528520390431,,,gap,,0.6477136977654978,,,0.5216608439568359,0.13157842737400824,,39.14542007446289,,8.083098369478735,-35.61013510152658,-42.6807055093352,,,,,,,,,,,,,,,,,
splits,2020-23,all,all,15353.0,2.841184343149054,,,news,853.0,0.38343111317549905,1.2281438795898543,0.4350474586816378,1.6992080330437171,0.4129193031060833,0.5105191167849932,8.896286964416504,0.9874291669380577,,,,,,,,,,,,,,,,,,,,
splits,2024-26,all,all,14770.0,-0.9345245183765202,,,news,604.0,-0.14281363463851057,3.540427461026416,1.3917371351275036,-0.13628378056479049,-0.032851052933302295,0.5161137440758294,8.83989429473877,0.9911306702775897,,,,,,,,,,,,,,,,,,,,
splits,2020-23,timing,AMC,7650.0,-4.108487468918944,,,news,632.0,-0.41285606533623104,-1.9963211492365955,-0.4540675289296175,-3.0244305242899974,-0.4991717213960998,0.5056209150326797,8.999504089355469,0.9844444444444445,,,,,,,,,,,,,,,,,,,,
splits,2024-26,timing,AMC,7467.0,-4.639054407983384,,,news,484.0,-0.5593561784648476,1.7946790183986756,0.4862105554439963,-2.3358436861366445,-0.4239273677365393,0.5074327038971475,8.900897026062012,0.9900897281371367,,,,,,,,,,,,,,,,,,,,
splits,2020-23,timing,BMO,7703.0,9.743039381747026,,,news,753.0,1.562104783953124,4.430423182526677,1.5623029937850736,6.39034589668164,1.7972030958211385,0.515383616772686,8.793780326843262,0.9903933532389978,,,,,,,,,,,,,,,,,,,,
splits,2024-26,timing,BMO,7303.0,2.85319623825698,,,news,544.0,0.47783968729474235,5.325379346703718,1.895654560119351,2.1126705963905748,0.5272598754652977,0.5249897302478433,8.777521133422852,0.9921949883609475,,,,,,,,,,,,,,,,,,,,
splits,2020-23,sector,Basic Materials,240.0,17.06190158923467,,,news,149.0,1.0017560974638637,12.396810911013745,0.8969041211449513,12.204349040985107,0.84443607692176,0.5958333333333333,8.649847030639648,1.0,,,,,,,,,,,,,,,,,,,,
splits,2024-26,sector,Basic Materials,298.0,21.41793302241588,,,news,148.0,1.0751520344941687,22.172293088230113,1.3158573239177043,20.438258679921194,1.1337652004431913,0.5838926174496645,8.672465324401855,0.9966442953020134,,,,,,,,,,,,,,,,,,,,
splits,2020-23,sector,Consumer Discretionary,3701.0,6.307276704123908,,,news,685.0,0.7640125562858305,8.106428349642393,1.7996960059395148,8.393272745451455,1.4841479493830096,0.5225614698730073,8.960505485534668,0.9894623074844636,,,,,,,,,,,,,,,,,,,,
splits,2024-26,sector,Consumer Discretionary,3308.0,-4.9017549930489475,,,news,505.0,-0.7110034721605188,0.5422442882923418,0.11504507562381659,-3.8731663950697546,-0.6675573481632273,0.5172309552599759,8.887933731079102,0.997279322853688,,,,,,,,,,,,,,,,,,,,
splits,2020-23,sector,Consumer Staples,530.0,-12.758353971085459,,,news,334.0,-1.2301410448575985,-15.708772988357353,-1.7091281138331627,-15.79908717353389,-1.8349170278866116,0.49056603773584906,8.594910621643066,0.9283018867924528,,,,,,,,,,,,,,,,,,,,
splits,2024-26,sector,Consumer Staples,413.0,-7.179214937057679,,,news,228.0,-0.67326906221495,-6.4208484321018595,-0.5735349765660729,-10.697590525444713,-0.9266008941965003,0.48668280871670705,8.460268020629883,0.9757869249394673,,,,,,,,,,,,,,,,,,,,
splits,2020-23,sector,Energy,580.0,5.750801028876469,,,news,227.0,0.31040187854190154,6.994964532325333,0.45525743250107303,5.439962806372807,0.3253446892734284,0.5327586206896552,8.746118545532227,0.996551724137931,,,,,,,,,,,,,,,,,,,,
splits,2024-26,sector,Energy,663.0,-2.5110456918339565,,,news,187.0,-0.1869589996001395,2.424280395956786,0.19463281607670865,-0.6220288585933265,-0.047563326147037434,0.5143288084464555,8.73260498046875,0.9894419306184012,,,,,,,,,,,,,,,,,,,,
splits,2020-23,sector,Finance,1974.0,16.321678473232,,,news,402.0,1.6951912953633121,10.246755856925786,1.610560696587866,10.705324533379429,1.490620457307083,0.5354609929078015,8.847089767456055,0.9878419452887538,,,,,,,,,,,,,,,,,,,,
splits,2024-26,sector,Finance,2138.0,-2.297208730699416,,,news,329.0,-0.2653696721574717,6.646438600412474,1.0883223693389725,3.125554663316461,0.40880252467776157,0.5318054256314313,8.840725898742676,0.9808231992516371,,,,,,,,,,,,,,,,,,,,
splits,2020-23,sector,Health Care,1976.0,-13.491498374263283,,,news,374.0,-1.0819939101386886,-12.854865736341969,-1.497756240492278,-14.258783597212572,-1.5590192725739422,0.47621457489878544,9.049015998840332,0.9832995951417004,,,,,,,,,,,,,,,,,,,,
splits,2024-26,sector,Health Care,1912.0,10.088320244805084,,,news,302.0,0.9450375759827592,11.85763611435455,1.3156114888613335,9.908421456065637,1.0182203900540132,0.5298117154811716,8.90883731842041,0.9942468619246861,,,,,,,,,,,,,,,,,,,,
splits,2020-23,sector,Industrials,2283.0,1.2720414436129797,,,news,487.0,0.16254864515983122,-1.8043454814591313,-0.4246671259744968,1.0930875702171643,0.20991356868506617,0.507227332457293,8.957974433898926,0.9964958388085852,,,,,,,,,,,,,,,,,,,,
splits,2024-26,sector,Industrials,2344.0,-7.631860088569719,,,news,373.0,-0.7231412796285823,-3.037780607035765,-0.48130841302929156,-8.21898109676895,-1.0941513210848521,0.4948805460750853,9.006999969482422,0.9897610921501706,,,,,,,,,,,,,,,,,,,,
splits,2020-23,sector,Miscellaneous,122.0,-37.41708935284223,,,news,106.0,-0.9217479879176947,-28.204731891298145,-0.7821208547195362,-28.879466604013913,-0.7586223624475649,0.4262295081967213,9.073515892028809,0.8524590163934426,,,,,,,,,,,,,,,,,,,,
splits,2024-26,sector,Miscellaneous,131.0,-37.55087160882149,,,news,89.0,-1.2381754764601394,-33.056067106427754,-1.2890196824045788,-40.38196028643892,-1.522351625441462,0.48091603053435117,9.178444862365723,1.0,,,,,,,,,,,,,,,,,,,,
splits,2020-23,sector,Real Estate,423.0,-1.4013953806378883,,,news,181.0,-0.10723239228656117,-5.090270914829801,-0.5448282484308051,1.2647471529372194,0.11996379253722998,0.46335697399527187,8.691862106323242,0.966903073286052,,,,,,,,,,,,,,,,,,,,
splits,2024-26,sector,Real Estate,248.0,2.711766189144504,,,news,139.0,0.2047867592232496,1.2213241068586227,0.0940455391030145,-3.0549158973078576,-0.23848046993972727,0.5080645161290323,8.781190872192383,0.9879032258064516,,,,,,,,,,,,,,,,,,,,
splits,2020-23,sector,Technology,2579.0,9.663892420931074,,,news,589.0,0.8289500472621188,6.184440717954598,0.8044321461827914,6.758283856951391,0.7813980709673625,0.5234587049243893,8.941410064697266,0.9937960449786739,,,,,,,,,,,,,,,,,,,,
splits,2024-26,sector,Technology,2418.0,4.0464350958320106,,,news,434.0,0.3484049767547597,6.476409062848143,0.800861476000987,4.019189758474321,0.467282929190959,0.5161290322580645,8.772289276123047,0.9904880066170388,,,,,,,,,,,,,,,,,,,,
splits,2020-23,sector,Telecommunications,212.0,-2.6641504944495438,,,news,166.0,-0.16576270606550475,0.46460241856896933,0.035058326467320156,-3.805790307386866,-0.2820164336513475,0.49056603773584906,8.757085800170898,1.0,,,,,,,,,,,,,,,,,,,,
splits,2024-26,sector,Telecommunications,192.0,-12.656425436337788,,,news,125.0,-0.7203836337125689,0.7781316768766071,0.04837437630970167,-6.065682197610537,-0.37421589507068703,0.5208333333333334,8.659290313720703,1.0,,,,,,,,,,,,,,,,,,,,
splits,2020-23,sector,Utilities,733.0,-10.989751529563497,,,news,246.0,-1.2138833353443428,-15.02514293487692,-1.7779105251561116,-16.061692088232522,-1.912483642473618,0.45566166439290584,8.488070487976074,0.9986357435197817,,,,,,,,,,,,,,,,,,,,
splits,2024-26,sector,Utilities,697.0,1.9302104774814426,,,news,194.0,0.21077414120627705,4.989415999028266,0.49661927923071647,1.1178282446293442,0.11312532965092476,0.4949784791965567,8.480424880981445,1.0,,,,,,,,,,,,,,,,,,,,
splits,2020-23,industry,Biotechnology: Biological Products (No Diagnostic Substances),289.0,-48.6385616051697,,,news,157.0,-1.87895393439854,-41.851597982313756,-1.8814893473803884,-50.77446208280676,-2.1586230119820167,0.3944636678200692,9.107211112976074,0.9930795847750865,,,,,,,,,,,,,,,,,,,,
splits,2024-26,industry,Biotechnology: Biological Products (No Diagnostic Substances),268.0,7.309855809852258,,,news,128.0,0.2847266150350835,8.34402040084963,0.3668424906380816,7.547502642247214,0.31482040447406656,0.5298507462686567,8.984506607055664,0.9925373134328358,,,,,,,,,,,,,,,,,,,,
splits,2020-23,industry,Biotechnology: Pharmaceutical Preparations,577.0,-23.07324413616901,,,news,249.0,-1.318944881115865,-22.962564651723593,-1.5256002372084505,-25.629196671100793,-1.7122952128502513,0.464471403812825,8.9021577835083,0.9913344887348353,,,,,,,,,,,,,,,,,,,,
splits,2024-26,industry,Biotechnology: Pharmaceutical Preparations,682.0,1.327606939500378,,,news,208.0,0.08396401490417246,-0.024989771020333788,-0.0017443429421634103,-2.0259470184527535,-0.13995551028279157,0.530791788856305,8.908041000366211,0.9912023460410557,,,,,,,,,,,,,,,,,,,,
splits,2020-23,industry,Business Services,355.0,0.3149576590094768,,,news,199.0,0.019357832020757495,12.44170410381499,1.0186561561186833,7.259889387748611,0.5651612683311494,0.5183098591549296,8.840249061584473,0.9915492957746479,,,,,,,,,,,,,,,,,,,,
splits,2024-26,industry,Business Services,346.0,8.613431040262212,,,news,160.0,0.6593086812098216,13.643004556356074,1.1575789205244416,7.206721801978315,0.6026057570891168,0.5549132947976878,8.765475273132324,1.0,,,,,,,,,,,,,,,,,,,,
splits,2020-23,industry,Computer Software: Prepackaged Software,928.0,-4.441274394249094,,,news,407.0,-0.24965871287581845,-6.185925076665469,-0.45853561389092684,-7.411754079933824,-0.5067860910879824,0.5043103448275862,9.039875030517578,0.9946120689655172,,,,,,,,,,,,,,,,,,,,
splits,2024-26,industry,Computer Software: Prepackaged Software,884.0,2.3593891799719624,,,news,306.0,0.16820948128126353,5.25772287439222,0.46175951660035564,3.085895631108349,0.2567084626922541,0.5203619909502263,8.73956298828125,0.9830316742081447,,,,,,,,,,,,,,,,,,,,
splits,2020-23,industry,Computer Software: Programming Data Processing,206.0,-17.242495296070878,,,news,161.0,-0.6849995387393693,-4.686715303992545,-0.22699855198509336,-7.830516805926573,-0.35678719842662404,0.5194174757281553,8.850981712341309,0.9951456310679612,,,,,,,,,,,,,,,,,,,,
splits,2024-26,industry,Computer Software: Programming Data Processing,187.0,-3.5124124690173146,,,news,119.0,-0.13365791370003396,-4.262548272453129,-0.19105607233969885,-4.743640435570702,-0.1999132643649663,0.46524064171123,8.528963088989258,0.9893048128342246,,,,,,,,,,,,,,,,,,,,
splits,2020-23,industry,Department/Specialty Retail Stores,185.0,3.918341688207678,,,news,130.0,0.17023476485151834,0.258754359910617,0.016301328944899388,-3.693693392985576,-0.1946104486290315,0.5351351351351351,8.70274829864502,1.0,,,,,,,,,,,,,,,,,,,,
splits,2024-26,industry,Department/Specialty Retail Stores,131.0,-45.77398755168186,,,news,103.0,-2.7926209713996846,-45.68783479266381,-3.0273542902966657,-48.22416614940148,-3.057338911995359,0.40458015267175573,8.693502426147461,1.0,,,,,,,,,,,,,,,,,,,,
splits,2020-23,industry,EDP Services,371.0,26.698149439459538,,,news,246.0,1.155166018470426,12.77529339103977,0.7541846167642541,15.173406613804902,0.8226303700144108,0.5390835579514824,9.041311264038086,0.9946091644204852,,,,,,,,,,,,,,,,,,,,
splits,2024-26,industry,EDP Services,352.0,-8.997490460222417,,,news,192.0,-0.4504468871482067,-6.192144610395189,-0.3543442380094996,-8.274115283380855,-0.4549296766304946,0.5284090909090909,8.761682510375977,0.9943181818181818,,,,,,,,,,,,,,,,,,,,
splits,2020-23,industry,Electric Utilities: Central,280.0,-11.993116566113063,,,news,144.0,-0.8892276382229399,-25.968483514069316,-2.2644315300276103,-20.995995828083583,-1.9102142883756497,0.3964285714285714,8.457027435302734,1.0,,,,,,,,,,,,,,,,,,,,
splits,2024-26,industry,Electric Utilities: Central,272.0,-12.413973317426793,,,news,136.0,-0.9247606636919368,-6.363228141494534,-0.47240606610852215,-10.056550450184766,-0.7182015976067089,0.47794117647058826,8.473116874694824,1.0,,,,,,,,,,,,,,,,,,,,
splits,2020-23,industry,Finance: Consumer Services,249.0,28.346116284289995,,,news,170.0,0.9687526047651435,9.41862019310036,0.39678805032452613,15.443812412430484,0.6138837207100211,0.5220883534136547,8.92182731628418,0.9397590361445783,,,,,,,,,,,,,,,,,,,,
splits,2024-26,industry,Finance: Consumer Services,317.0,-21.566197699176776,,,news,177.0,-0.8827440578184774,-13.619865851230003,-0.673413578413999,-14.689293945625376,-0.6760544860729099,0.48264984227129337,8.841339111328125,0.9242902208201893,,,,,,,,,,,,,,,,,,,,
splits,2020-23,industry,Homebuilding,169.0,21.679080449617825,,,news,149.0,1.0336072849262186,15.49964552309871,0.8956647041066039,13.484196550041966,0.7126917281783284,0.5088757396449705,9.768414497375488,1.0,,,,,,,,,,,,,,,,,,,,
splits,2024-26,industry,Homebuilding,154.0,5.18608402896237,,,news,128.0,0.2531775744248438,5.464919029384271,0.31756228637343764,3.774173848040692,0.19865857297797254,0.474025974025974,9.727328300476074,1.0,,,,,,,,,,,,,,,,,,,,
splits,2020-23,industry,Hotels/Resorts,214.0,-7.929253243954382,,,news,133.0,-0.37535884632215705,9.037192255937468,0.6226082172428258,6.212330310144156,0.39247828883579255,0.5233644859813084,8.727991104125977,1.0,,,,,,,,,,,,,,,,,,,,
splits,2024-26,industry,Hotels/Resorts,161.0,-5.223273490526662,,,news,101.0,-0.32133380606604833,5.178522110355567,0.4115482286052775,-4.036211819382188,-0.2815321647812118,0.5403726708074534,8.666088104248047,1.0,,,,,,,,,,,,,,,,,,,,
splits,2020-23,industry,Industrial Machinery/Components,818.0,-7.607483630658362,,,news,311.0,-0.6130282666934787,-11.104514552957736,-1.297059727938562,-6.905787585708506,-0.7433986733232005,0.49511002444987773,9.019655227661133,0.9718826405867971,,,,,,,,,,,,,,,,,,,,
splits,2024-26,industry,Industrial Machinery/Components,787.0,-9.010131204597831,,,news,231.0,-0.6970835326585554,-7.035504006502589,-0.7726084685405258,-10.97461168466105,-1.0874251015035075,0.5057179161372299,9.044818878173828,0.9822109275730623,,,,,,,,,,,,,,,,,,,,
splits,2020-23,industry,Investment Bankers/Brokers/Service,259.0,20.788081824549376,,,news,165.0,1.5299251854409044,13.971117452779447,1.3255166159511784,13.942292758396693,1.3578990516896214,0.5598455598455598,8.751620292663574,1.0,,,,,,,,,,,,,,,,,,,,
splits,2024-26,industry,Investment Bankers/Brokers/Service,258.0,-7.18166892842729,,,news,155.0,-0.578521116803577,5.316892857645285,0.4511689759084682,2.254517965538557,0.18421627001145124,0.5038759689922481,8.658199310302734,0.9961240310077519,,,,,,,,,,,,,,,,,,,,
splits,2020-23,industry,Investment Managers,205.0,19.292642430561344,,,news,130.0,1.3620620610640668,9.833092045992977,0.9788963338138583,11.39311383410198,1.0628853885935772,0.5317073170731708,9.036270141601562,1.0,,,,,,,,,,,,,,,,,,,,
splits,2024-26,industry,Investment Managers,236.0,-11.707685761532542,,,news,124.0,-0.6349390262633627,-4.064274798403889,-0.2714886424107708,-6.408999531956042,-0.3844781260643437,0.4830508474576271,8.964539527893066,1.0,,,,,,,,,,,,,,,,,,,,
splits,2020-23,industry,Major Banks,546.0,15.27495109117948,,,news,170.0,0.8020986094595774,13.593503467196209,1.0786951663786886,10.73869811746227,0.7348133771161949,0.532967032967033,8.695449829101562,1.0,,,,,,,,,,,,,,,,,,,,
splits,2024-26,industry,Major Banks,545.0,18.13919609839763,,,news,145.0,1.15374767998548,27.051155771013487,2.3803245288045254,26.090711628625154,1.8819036230543154,0.6,8.687705039978027,1.0,,,,,,,,,,,,,,,,,,,,
splits,2020-23,industry,Major Chemicals,278.0,13.991021852699115,,,news,169.0,1.1479890578728538,8.510801300034597,0.7461557274340778,6.408148961101505,0.5314216310793807,0.5287769784172662,8.835305213928223,1.0,,,,,,,,,,,,,,,,,,,,
splits,2024-26,industry,Major Chemicals,242.0,-21.97841228532397,,,news,122.0,-1.251412566764796,-19.826944710586744,-1.4692851868417651,-22.569892327647562,-1.5127884733963082,0.47520661157024796,8.903425216674805,0.987603305785124,,,,,,,,,,,,,,,,,,,,
splits,2020-23,industry,Medical Specialities,200.0,7.939341664314269,,,news,143.0,0.3366715461213513,1.8723007829976268,0.1085468291858225,4.266372323036194,0.22913540976241228,0.5,9.02219009399414,0.98,,,,,,,,,,,,,,,,,,,,
splits,2024-26,industry,Medical Specialities,187.0,56.85127036456756,,,news,127.0,2.092875409420954,61.22730695082243,2.3811366610902645,60.12089749708533,2.3454275592061706,0.5935828877005348,8.837287902832031,1.0,,,,,,,,,,,,,,,,,,,,
splits,2020-23,industry,Medical/Dental Instruments,320.0,-9.395401924848557,,,news,165.0,-0.5732699860442679,-6.48094660937204,-0.46239717289904214,-8.128305897116661,-0.5716262250873826,0.4875,9.237276077270508,0.984375,,,,,,,,,,,,,,,,,,,,
splits,2024-26,industry,Medical/Dental Instruments,262.0,19.17014367707813,,,news,121.0,1.086155555374746,21.992298929493533,1.4578510659437707,21.48897820756636,1.2953290172805294,0.5343511450381679,8.953631401062012,1.0,,,,,,,,,,,,,,,,,,,,
splits,2020-23,industry,Oil & Gas Production,317.0,-3.2586009720522524,,,news,148.0,-0.14000595533958024,5.912284509275896,0.28186779437306797,2.9377606388898303,0.13188012544839153,0.526813880126183,8.914517402648926,1.0,,,,,,,,,,,,,,,,,,,,
splits,2024-26,industry,Oil & Gas Production,397.0,-15.548799440302236,,,news,135.0,-0.8760396492580164,-16.80555276239,-0.993609485887152,-20.566327445753277,-1.1661822402338373,0.4836272040302267,8.745388984680176,0.9974811083123426,,,,,,,,,,,,,,,,,,,,
splits,2020-23,industry,Packaged Foods,243.0,-5.0296165325023505,,,news,189.0,-0.32806244854034633,0.31837085913483504,0.023600342501388094,-3.199037701014138,-0.247078022590266,0.5390946502057613,8.652352333068848,0.8436213991769548,,,,,,,,,,,,,,,,,,,,
splits,2024-26,industry,Packaged Foods,169.0,-12.962373756092681,,,news,128.0,-0.934911717354784,-3.509842990429179,-0.23668698619439643,-8.649085400372567,-0.5852517968231263,0.5088757396449705,8.4714937210083,0.9408284023668639,,,,,,,,,,,,,,,,,,,,
splits,2020-23,industry,Power Generation,174.0,-6.112418640619038,,,news,112.0,-0.5119202337755075,-1.6574342589592561,-0.13018385786525985,-7.209952535300419,-0.5947684629697637,0.5,8.295454025268555,0.9942528735632183,,,,,,,,,,,,,,,,,,,,
splits,2024-26,industry,Power Generation,140.0,10.077868189130509,,,news,88.0,0.8926133610807613,23.379466995330795,1.5197633707863645,17.485976219177246,1.2422503567554415,0.55,8.19959545135498,1.0,,,,,,,,,,,,,,,,,,,,
splits,2020-23,industry,Property-Casualty Insurers,301.0,24.025473879817316,,,news,179.0,1.798823525773041,17.589936524078844,1.4276775177643712,19.52969156626451,1.5685279422317377,0.5548172757475083,9.058572769165039,1.0,,,,,,,,,,,,,,,,,,,,
splits,2024-26,industry,Property-Casualty Insurers,298.0,3.2332379545941445,,,news,146.0,0.30999456696218336,13.03402586658829,1.298766202593709,2.962364846427969,0.2574864632561928,0.5369127516778524,9.183454513549805,1.0,,,,,,,,,,,,,,,,,,,,
splits,2020-23,industry,Real Estate Investment Trusts,386.0,-2.7201444373847288,,,news,166.0,-0.20718506150609406,-4.696988382580608,-0.492187198816669,1.4041433680242825,0.13408484328341863,0.4585492227979275,8.662139892578125,0.9974093264248705,,,,,,,,,,,,,,,,,,,,
splits,2024-26,industry,Real Estate Investment Trusts,188.0,7.588603395096799,,,news,125.0,0.5567995106175724,3.3975731484849563,0.24029711971271223,2.5294182148385556,0.18305544661570727,0.4946808510638298,8.567939758300781,0.9893617021276596,,,,,,,,,,,,,,,,,,,,
splits,2020-23,industry,Restaurants,307.0,-14.4264228180876,,,news,206.0,-0.9434489458043266,0.7563861616331999,0.06037413685691415,2.322503720510278,0.1706606265028631,0.511400651465798,8.920677185058594,1.0,,,,,,,,,,,,,,,,,,,,
splits,2024-26,industry,Restaurants,214.0,-7.245833071592812,,,news,130.0,-0.44021509930666486,-5.036078058357273,-0.32077743840341605,-7.36649069830636,-0.45571226114323643,0.4953271028037383,8.658026695251465,1.0,,,,,,,,,,,,,,,,,,,,
splits,2020-23,industry,Semiconductors,524.0,26.50319278695201,,,news,320.0,1.6542930019863933,22.371677376435652,1.8040933012385825,25.280994995859743,1.9250811757974522,0.5362595419847328,8.905097961425781,1.0,,,,,,,,,,,,,,,,,,,,
splits,2024-26,industry,Semiconductors,486.0,15.259508978682781,,,news,248.0,0.7143065170231981,17.793751382216268,0.9951819339889868,14.361948878676802,0.7879590151400364,0.5267489711934157,8.84539794921875,1.0,,,,,,,,,,,,,,,,,,,,
splits,2020-23,industry,Telecommunications Equipment,172.0,-17.815540696299355,,,news,136.0,-1.1732759981460688,-19.22856170283414,-1.5202593005925482,-24.24660463665807,-1.888014392269313,0.45348837209302323,8.71523380279541,1.0,,,,,,,,,,,,,,,,,,,,
splits,2024-26,industry,Telecommunications Equipment,194.0,-23.93913023250619,,,news,141.0,-1.1439171922349294,-8.713843729394997,-0.46710820033481665,-17.422271758010705,-0.9214299614572744,0.5257731958762887,8.866389274597168,1.0,,,,,,,,,,,,,,,,,,,,
splits,2020-23,industry,other,6480.0,6.029419508981116,,,news,763.0,0.8349372398037725,3.6485585641244533,1.2366649184488436,5.191123411979205,1.2560149313631295,0.5186728395061728,8.88666820526123,0.9864197530864197,,,,,,,,,,,,,,,,,,,,
splits,2024-26,industry,other,6413.0,-1.0651025648665804,,,news,540.0,-0.15917603157179802,3.9914162993083844,1.2242950409889855,-0.3997726186136364,-0.08664276771948116,0.5131763605176984,8.869271278381348,0.9923592702323406,,,,,,,,,,,,,,,,,,,,
splits,2020-23,sent5,T1,2863.0,3.593355635850529,,,news,607.0,0.40353309726293174,-1.8489252634159765,-0.3799586918798077,-2.076447197410805,-0.34291830825843495,0.5054139015019211,8.79233455657959,0.9853300733496333,,,,,,,,,,,,,,,,,,,,
splits,2024-26,sent5,T1,1798.0,0.38969503493940205,,,news,394.0,0.044380880291269374,3.949823179931014,0.6849996132457383,1.6749989204067277,0.24245826887705277,0.5066740823136818,8.740955352783203,0.9905450500556173,,,,,,,,,,,,,,,,,,,,
splits,2020-23,sent5,T2,2863.0,-3.2524741116496094,,,news,604.0,-0.38212289479484446,-3.716460672148461,-0.7658436583091928,-4.296917995288994,-0.7691288436650437,0.5008732099196647,8.719419479370117,0.9863779252532309,,,,,,,,,,,,,,,,,,,,
splits,2024-26,sent5,T2,2852.0,-2.8631011700730506,,,news,457.0,-0.3814248984377874,-0.13122928041365875,-0.02662405502420984,-3.4267226492706557,-0.6098023692924125,0.5042075736325385,8.683653831481934,0.9915848527349228,,,,,,,,,,,,,,,,,,,,
splits,2020-23,sent5,T3,2863.0,4.334812225930723,,,news,643.0,0.5759149351566237,4.138147531503729,0.9180999010715968,3.976798165814676,0.7759190472213779,0.5179881243450926,8.727046966552734,0.9870764931889626,,,,,,,,,,,,,,,,,,,,
splits,2024-26,sent5,T3,3441.0,-3.997313875820844,,,news,511.0,-0.6046810245974117,1.7715131556623354,0.42938165085126545,-1.6851686385092919,-0.35996963066127247,0.5143853530950305,8.663460731506348,0.995350188898576,,,,,,,,,,,,,,,,,,,,
splits,2020-23,sent5,none,6764.0,4.469868718767081,,,news,663.0,0.5257659160316018,3.391761758451928,0.9827477251296527,4.871276216631031,0.9985889945169,0.5136014192785334,9.086784362792969,0.9889118864577173,,,,,,,,,,,,,,,,,,,,
splits,2024-26,sent5,none,6679.0,1.1104540761349926,,,news,453.0,0.13909861594567433,5.909390726298827,1.7634185454418614,1.5791463966158306,0.2953612497143496,0.5246294355442431,9.02414321899414,0.9889204970804013,,,,,,,,,,,,,,,,,,,,
splits,2020-23,sent_prev,T1,1671.0,-1.1330568312457192,,,news,498.0,-0.11910458778571209,-3.122148334578444,-0.5596133772851508,-5.198437820859187,-0.7737190407423382,0.5074805505685218,8.760587692260742,0.9874326750448833,,,,,,,,,,,,,,,,,,,,
splits,2024-26,sent_prev,T1,1006.0,0.2050287206888673,,,news,315.0,0.018496001134586573,2.7165056028538506,0.33075757528199584,0.711418762358709,0.07673405186103133,0.5019880715705766,8.689008712768555,0.9960238568588469,,,,,,,,,,,,,,,,,,,,
splits,2020-23,sent_prev,T2,1671.0,6.361847719983524,,,news,449.0,0.5996702311094296,0.585871610857651,0.09483544585673621,2.3178049078392884,0.32375812990900243,0.5080789946140036,8.860949516296387,0.9862357869539198,,,,,,,,,,,,,,,,,,,,
splits,2024-26,sent_prev,T2,1477.0,-6.714698908372593,,,news,321.0,-0.6695251676795629,-1.0615113125808193,-0.15572190851839776,-4.374155662474635,-0.5473831357870944,0.4969532836831415,8.760385513305664,0.991198375084631,,,,,,,,,,,,,,,,,,,,
splits,2020-23,sent_prev,T3,1671.0,-2.973399998398329,,,news,546.0,-0.3558459552078524,-1.2643450102253295,-0.22731400956567624,-2.9919387907556687,-0.5111503008921712,0.4967085577498504,8.65676212310791,0.9850388988629563,,,,,,,,,,,,,,,,,,,,
splits,2024-26,sent_prev,T3,1851.0,-1.549223897780424,,,news,460.0,-0.20553346827863095,2.3140068801367972,0.4074164864868792,-1.2368340546346754,-0.21279075863500524,0.5072933549432739,8.588624000549316,0.9940572663425176,,,,,,,,,,,,,,,,,,,,
splits,2020-23,sent_prev,none,10340.0,3.8541532923220667,,,news,759.0,0.48818649249594154,2.43776904262737,0.776754046973765,3.4720510878461472,0.7687978902108678,0.5136363636363637,8.96263599395752,0.9880077369439072,,,,,,,,,,,,,,,,,,,,
splits,2024-26,sent_prev,none,10436.0,-0.11728270476967403,,,news,548.0,-0.016380892936751715,4.488686703376566,1.6287264800293577,0.5769843843166926,0.1267427128442061,0.5217516289766194,8.910259246826172,0.9901303181295515,,,,,,,,,,,,,,,,,,,,
splits,2020-23,n_news5,0,6764.0,4.469868718767081,,,news,663.0,0.5257659160316018,3.391761758451928,0.9827477251296527,4.871276216631031,0.9985889945169,0.5136014192785334,9.086784362792969,0.9889118864577173,,,,,,,,,,,,,,,,,,,,
splits,2024-26,n_news5,0,6679.0,1.1104540761349926,,,news,453.0,0.13909861594567433,5.909390726298827,1.7634185454418614,1.5791463966158306,0.2953612497143496,0.5246294355442431,9.02414321899414,0.9889204970804013,,,,,,,,,,,,,,,,,,,,
splits,2020-23,n_news5,1-3,6870.0,0.5982151198074808,,,news,749.0,0.08006623823273534,-1.8241734169708264,-0.5262046778644948,-1.8201118126359743,-0.39541087091517174,0.508296943231441,8.845653533935547,0.9863173216885007,,,,,,,,,,,,,,,,,,,,
splits,2024-26,n_news5,1-3,6468.0,-1.6069056520361773,,,news,554.0,-0.25028352046733937,1.9551692439079627,0.6149831289099907,-1.093759146751116,-0.257133310524554,0.5103586889301175,8.781810760498047,0.9927334570191713,,,,,,,,,,,,,,,,,,,,
splits,2020-23,n_news5,>3,1719.0,5.396610432547702,,,news,556.0,0.5524561638193678,4.913256441980087,0.7809526910563752,3.2826042785555765,0.49597624076919683,0.5072716695753345,8.349068641662598,0.9860383944153578,,,,,,,,,,,,,,,,,,,,
splits,2024-26,n_news5,>3,1623.0,-6.670476989252511,,,news,451.0,-0.7274761791283871,0.10921643180135714,0.01512971433275735,-3.379911312848348,-0.4448512077794602,0.5040049291435613,8.313143730163574,0.9938385705483672,,,,,,,,,,,,,,,,,,,,
splits,2020-23,pt_net20,0,7576.0,-7.185848172136446,,,news,778.0,-0.88707266346643,-6.686652201479115,-1.825753055725462,-7.216791684297724,-1.4305737403336496,0.5054118268215417,9.045308113098145,0.9823125659978881,,,,,,,,,,,,,,,,,,,,
splits,2024-26,pt_net20,0,6029.0,-3.970195492181163,,,news,529.0,-0.5206129784506093,0.43208487173024696,0.10626571292752038,-3.414419994838282,-0.6415510249914993,0.5125228064355615,9.042717933654785,0.9855697462265716,,,,,,,,,,,,,,,,,,,,
splits,2020-23,pt_net20,<0,3648.0,21.890057741027128,,,news,550.0,1.836840654354506,15.754088939733617,3.1669457441061466,18.538558822974824,2.7475954801914524,0.5183662280701754,8.796688079833984,0.9890350877192983,,,,,,,,,,,,,,,,,,,,
splits,2024-26,pt_net20,<0,3476.0,-5.258392409707652,,,news,452.0,-0.60790551615944,-8.064694405474832,-1.680324256061201,-10.743959452120976,-1.7897550466822516,0.49683544303797467,8.726959228515625,0.992807825086306,,,,,,,,,,,,,,,,,,,,
splits,2020-23,pt_net20,>0,4129.0,4.4092415435229295,,,news,620.0,0.65640082779806,2.916651394914161,0.7576275737790779,3.180840916771033,0.7405127140527411,0.5129571324775974,8.710855484008789,0.9953984015500121,,,,,,,,,,,,,,,,,,,,
splits,2024-26,pt_net20,>0,5265.0,5.396306458135389,,,news,490.0,0.7711267578079107,14.761624247128019,4.329955806854444,10.620822367618338,2.2711097964418974,0.5329534662867996,8.682199478149414,0.9963912630579297,,,,,,,,,,,,,,,,,,,,
splits,2024-26,pt_gap,T1,4270.0,-0.7506703883758473,,,news,477.0,-0.11532557893904054,5.405868263819759,1.3120478513755858,0.5565567653128917,0.10532203213180565,0.5133489461358314,8.805155754089355,0.9913348946135832,,,,,,,,,,,,,,,,,,,,
splits,2024-26,pt_gap,T2,3810.0,-3.624528098919886,,,news,475.0,-0.5958759726650921,3.333783296246712,0.933039470852725,-1.0256424663573738,-0.22078895498938053,0.520997375328084,8.725849151611328,0.9952755905511811,,,,,,,,,,,,,,,,,,,,
splits,2024-26,pt_gap,T3,5638.0,1.6283473041557428,,,news,508.0,0.16736920240703254,3.119954925027775,0.6350684936217372,0.9606434504754917,0.1546192413144609,0.5184462575381341,8.845351219177246,0.9921958141184817,,,,,,,,,,,,,,,,,,,,
splits,2020-23,pt_gap,none,15340.0,2.8748059987711008,,,news,851.0,0.3876471304334256,1.26990366411525,0.4494963184837477,1.7310182383038697,0.4203060608708889,0.5107561929595827,8.896624565124512,0.9874185136897001,,,,,,,,,,,,,,,,,,,,
splits,2024-26,pt_gap,none,1052.0,-5.6737021121688676,,,news,288.0,-0.5433630357350518,-1.0294335676395217,-0.12933280713984968,-5.606291638581019,-0.6214099503006522,0.49714828897338403,9.364686012268066,0.9695817490494296,,,,,,,,,,,,,,,,,,,,
splits,2024-26,pt_gap_chg20,T1,5213.0,-2.4299861235465836,,,news,493.0,-0.34594417193227256,1.4452735157530743,0.35177080713835135,-4.5139572795558385,-0.8269925985400757,0.5116056013811625,8.848773956298828,0.9944369844619221,,,,,,,,,,,,,,,,,,,,
splits,2024-26,pt_gap_chg20,T2,3706.0,0.6542475044695159,,,news,468.0,0.11346618660296788,6.76819346239828,1.97432041919319,3.7786948378511975,0.837224338740893,0.5280626011872639,8.721197128295898,0.9937938478143551,,,,,,,,,,,,,,,,,,,,
splits,2024-26,pt_gap_chg20,T3,4500.0,0.06254805458916558,,,news,469.0,0.0057102864996111165,4.041214220883881,0.6695609788942948,2.5819525453779435,0.3457646434047843,0.5142222222222222,8.804731369018555,0.9913333333333333,,,,,,,,,,,,,,,,,,,,
splits,2020-23,pt_gap_chg20,none,15353.0,2.841184343149054,,,news,853.0,0.38343111317549905,1.2281438795898543,0.4350474586816378,1.6992080330437171,0.4129193031060833,0.5105191167849932,8.896286964416504,0.9874291669380577,,,,,,,,,,,,,,,,,,,,
splits,2024-26,pt_gap_chg20,none,1351.0,-2.843461859058575,,,news,312.0,-0.2830227671784939,1.1025268661094723,0.15985422085462186,-3.037958300440158,-0.3715113200625254,0.5070318282753515,9.248358726501465,0.9703923019985197,,,,,,,,,,,,,,,,,,,,
splits,2020-23,guidance20,down,67.0,0.49426484463819814,,,news,46.0,0.011817790082439104,-5.706861674257401,-0.1535034109909576,1.189717605932435,0.029413555450545966,0.47761194029850745,8.944437026977539,0.9701492537313433,,,,,,,,,,,,,,,,,,,,
splits,2024-26,guidance20,down,35.0,-23.50725446428571,,,news,35.0,-0.5457558217101172,-8.677238332373754,-0.2311046438047674,-17.620410237993514,-0.45073261636762224,0.45714285714285713,8.548287391662598,1.0,,,,,,,,,,,,,,,,,,,,
splits,2020-23,guidance20,neither,15230.0,2.722300789658364,,,news,853.0,0.3671635702748295,1.1407334066710195,0.40405821502253325,1.5871329129094447,0.3866129687715888,0.5104399212081419,8.896175384521484,0.9874589625738673,,,,,,,,,,,,,,,,,,,,
splits,2024-26,guidance20,neither,14695.0,-0.8926762736302,,,news,603.0,-0.13627356581062544,3.5680826199617877,1.3840997906717742,-0.0846599307584292,-0.020301857180106363,0.5162300102075535,8.841094970703125,0.9910854031983668,,,,,,,,,,,,,,,,,,,,
splits,2020-23,guidance20,up,56.0,37.98118659428188,,,news,53.0,1.5242326239433623,33.297909498547334,1.5118288595233713,32.78920693056924,1.337476687674323,0.5714285714285714,8.869051933288574,1.0,,,,,,,,,,,,,,,,,,,,
splits,2024-26,guidance20,up,40.0,3.442615270614624,,,news,35.0,0.12084573491530545,4.0710710163693875,0.1496162377124008,-3.8029849529266357,-0.1420908397808164,0.525,8.653852462768555,1.0,,,,,,,,,,,,,,,,,,,,
splits,2020-23,prev_beat,beat,10830.0,2.3289642065405736,,,news,817.0,0.32065396046835404,-0.2828700158524474,-0.09764301693711445,0.6896353164207901,0.17384547677084977,0.5064635272391506,8.878722190856934,0.9888273314866113,,,,,,,,,,,,,,,,,,,,
splits,2024-26,prev_beat,beat,9904.0,0.05801438514943655,,,news,574.0,0.009024388058317883,3.6652103164628684,1.4797634543762452,0.6386607596485218,0.1571849827644298,0.5194870759289176,8.81173038482666,0.9940428109854604,,,,,,,,,,,,,,,,,,,,
splits,2020-23,prev_beat,inline,650.0,0.6571540465721718,,,news,321.0,0.05679148245672847,-3.6727838173437006,-0.44077756582460853,-5.543206288264348,-0.5906969146244615,0.5184615384615384,8.745159149169922,0.9815384615384616,,,,,,,,,,,,,,,,,,,,
splits,2024-26,prev_beat,inline,639.0,-5.636528624055531,,,news,253.0,-0.5642635227487225,1.8695472797571284,0.21268153047947486,1.352469499495481,0.14969627182547088,0.4788732394366197,8.662801742553711,0.9796557120500783,,,,,,,,,,,,,,,,,,,,
splits,2020-23,prev_beat,miss,3544.0,6.204988832667504,,,news,604.0,0.6583745199642883,7.5217576965069615,1.484514038319446,7.534608682176061,1.2039240668162619,0.524548532731377,8.943922996520996,0.9881489841986456,,,,,,,,,,,,,,,,,,,,
splits,2024-26,prev_beat,miss,3506.0,1.4927882979545875,,,news,467.0,0.16684143030655116,6.686181317609283,1.2425164984858348,2.5474940173230167,0.39281279720270224,0.519965772960639,8.868416786193848,0.9914432401597262,,,,,,,,,,,,,,,,,,,,
splits,2020-23,prev_beat,none,329.0,-12.217658631345058,,,news,219.0,-0.4704920130068485,-7.144755441100991,-0.33497737434638414,-13.618172120903038,-0.6010804057279523,0.47720364741641336,9.2599458694458,0.9452887537993921,,,,,,,,,,,,,,,,,,,,
splits,2024-26,prev_beat,none,721.0,-22.20454311899934,,,news,244.0,-1.4249468284149207,-11.989627997491034,-0.9184141959280798,-25.15110906714705,-1.7601512855635904,0.4840499306518724,9.245034217834473,0.9597780859916782,,,,,,,,,,,,,,,,,,,,
splits,2020-23,prev_surp,T1,4791.0,-0.22970181968559977,,,news,671.0,-0.024741459882901853,-0.8045536809782353,-0.17944776303727442,-0.8343686094067088,-0.1455962771605133,0.5107493216447506,8.888056755065918,0.9851805468586934,,,,,,,,,,,,,,,,,,,,
splits,2024-26,prev_surp,T1,4730.0,1.1694186837678229,,,news,503.0,0.1678992176650788,6.485345085882412,1.7781434311695337,2.35404953140033,0.4787539793918594,0.5196617336152219,8.816744804382324,0.9883720930232558,,,,,,,,,,,,,,,,,,,,
splits,2020-23,prev_surp,T2,4782.0,2.884963898916017,,,news,692.0,0.4363705298901498,-2.999748522045721,-0.9108494808833763,-0.6172052241428684,-0.1599846156559548,0.501254705144291,8.808149337768555,0.9920535340861564,,,,,,,,,,,,,,,,,,,,
splits,2024-26,prev_surp,T2,4746.0,1.5322364838475975,,,news,501.0,0.25057100386389186,4.9615257349467905,1.52892878104091,2.165763276667219,0.5173208303031871,0.5301306363253266,8.769094467163086,0.9964180362410451,,,,,,,,,,,,,,,,,,,,
splits,2020-23,prev_surp,T3,4783.0,7.560327789311426,,,news,673.0,0.900145544324739,9.072824377665297,2.2830054559771176,8.931229260584411,1.6865494736631232,0.5212209910098264,8.987298011779785,0.9893372360443237,,,,,,,,,,,,,,,,,,,,
splits,2024-26,prev_surp,T3,3883.0,-1.4759233677599068,,,news,466.0,-0.16059868204159258,1.7800354871283923,0.38909373476591264,-1.1375818920602143,-0.18184773488501021,0.5088848828225598,8.908387184143066,0.9963945403038887,,,,,,,,,,,,,,,,,,,,
splits,2020-23,prev_surp,none,997.0,-5.251495027494287,,,news,408.0,-0.40792450068459135,-6.359289766339737,-0.6717364930971258,-9.710324205151771,-0.9167386567638908,0.5025075225677031,8.921958923339844,0.966900702106319,,,,,,,,,,,,,,,,,,,,
splits,2024-26,prev_surp,none,1411.0,-14.794657282758317,,,news,351.0,-1.4003627619169956,-6.267078378058582,-0.8401072724438722,-13.472039508616815,-1.5038563996108782,0.47696669029057404,8.967148780822754,0.9681077250177179,,,,,,,,,,,,,,,,,,,,
splits,2020-23,prev_react,T1,5077.0,4.856294948847622,,,news,699.0,0.5402259527212798,1.8642431887396647,0.3809851538005417,3.362537862654861,0.5538724477615729,0.5170376206421115,8.903218269348145,0.9830608627142013,,,,,,,,,,,,,,,,,,,,
splits,2024-26,prev_react,T1,5353.0,4.875610949457327,,,news,510.0,0.6867854063916946,8.1910785601772,2.122663436766846,5.19864362755513,1.0537077817835219,0.5380160657575191,8.856278419494629,0.9912198767046516,,,,,,,,,,,,,,,,,,,,
splits,2020-23,prev_react,T2,5076.0,-3.2808674518473984,,,news,681.0,-0.48526856339364277,-5.330975723344478,-1.6880900744072511,-5.1586352247624445,-1.3024283082761077,0.49724192277383766,8.819502830505371,0.9911347517730497,,,,,,,,,,,,,,,,,,,,
splits,2024-26,prev_react,T2,4084.0,-3.256805379757335,,,news,472.0,-0.4923178264574262,2.5969355971406256,0.7293582607253093,-1.1234199965735725,-0.23090087885549362,0.5014691478942214,8.76464557647705,0.9899608227228207,,,,,,,,,,,,,,,,,,,,
splits,2020-23,prev_react,T3,5076.0,7.814717771877352,,,news,700.0,0.9251588517823632,7.143416132877832,1.883480356829557,7.169448761041941,1.4575396020299234,0.5171394799054374,8.960168838500977,0.9899527186761229,,,,,,,,,,,,,,,,,,,,
splits,2024-26,prev_react,T3,5207.0,-5.4068877414478465,,,news,524.0,-0.6991366880246828,-0.7065349501262171,-0.1783049773553557,-5.021279343996438,-0.9320451711628782,0.5048972536969464,8.87688159942627,0.9930862300748992,,,,,,,,,,,,,,,,,,,,
splits,2020-23,prev_react,none,124.0,-32.64943918874187,,,news,101.0,-0.8173442962151224,1.5401838332294455,0.043987945912282514,-9.60123635107471,-0.2623929836156033,0.5161290322580645,9.140673637390137,0.9112903225806451,,,,,,,,,,,,,,,,,,,,
splits,2024-26,prev_react,none,126.0,12.3205166014414,,,news,91.0,0.3722742436845676,12.050099788226246,0.38831395837340876,7.084111372629801,0.2342849392020986,0.5238095238095238,9.054336547851562,0.9444444444444444,,,,,,,,,,,,,,,,,,,,
splits,2020-23,ret5,T1,5118.0,1.9675379108758397,,,news,615.0,0.1588004473357916,0.8935862228022954,0.14133761762408265,1.3048341843521933,0.15743644680981467,0.5042985541227042,8.933430671691895,0.9839781164517389,,,,,,,,,,,,,,,,,,,,
splits,2024-26,ret5,T1,4766.0,1.8353530753324176,,,news,480.0,0.15575019082863287,3.471372982050183,0.589948705472831,4.538545901666306,0.5769756233889483,0.5159462861938733,8.869759559631348,0.9882501049097776,,,,,,,,,,,,,,,,,,,,
splits,2020-23,ret5,T2,5117.0,10.107163807971649,,,news,684.0,1.4274838713266564,4.52815400354072,1.4607855248118464,6.046641937615187,1.6073933356220838,0.5235489544655071,8.782767295837402,0.9915966386554622,,,,,,,,,,,,,,,,,,,,
splits,2024-26,ret5,T2,5022.0,0.9609297754659162,,,news,498.0,0.18020118890843892,5.856962348877856,1.7403963371964224,1.3817601686262697,0.32174304422279676,0.5175228992433294,8.741958618164062,0.9942254082039028,,,,,,,,,,,,,,,,,,,,
splits,2020-23,ret5,T3,5118.0,-3.5497289982192357,,,news,639.0,-0.4044144719890932,-1.7366638024769403,-0.3984831008612188,-2.2530025828392444,-0.42468097384388687,0.5037123876514263,8.972640991210938,0.9867135599843689,,,,,,,,,,,,,,,,,,,,
splits,2024-26,ret5,T3,4982.0,-5.494983786801553,,,news,477.0,-0.6618658209921087,1.2713538841518268,0.26801912975642495,-6.138663342658509,-1.0725097057125133,0.5148534725010037,8.91004467010498,0.990766760337214,,,,,,,,,,,,,,,,,,,,
splits,2020-23,ret20,T1,5115.0,0.9042352059253382,,,news,674.0,0.07456707455570943,-2.0487377105871594,-0.3605632814497793,-2.5703569078492046,-0.3476447914157472,0.5034213098729228,8.914144515991211,0.9831867057673509,,,,,,,,,,,,,,,,,,,,
splits,2024-26,ret20,T1,5328.0,4.186502157209872,,,news,486.0,0.409458820431815,4.471976820510277,0.8140652702391546,3.973217317470917,0.5663741898355479,0.5159534534534534,8.851897239685059,0.9887387387387387,,,,,,,,,,,,,,,,,,,,
splits,2020-23,ret20,T2,5114.0,1.321415976709717,,,news,660.0,0.2089877703346227,-1.467146807543303,-0.49427722902558235,-0.14017289813999836,-0.038342828757318634,0.5084082909659757,8.783677101135254,0.9921783339851389,,,,,,,,,,,,,,,,,,,,
splits,2024-26,ret20,T2,4875.0,-2.516265771327874,,,news,488.0,-0.41089303862205856,3.3929459913633764,0.9099318435032581,-0.37342291611891526,-0.08174552917531655,0.5132307692307693,8.767806053161621,0.9934358974358974,,,,,,,,,,,,,,,,,,,,
splits,2020-23,ret20,T3,5114.0,6.1596677692131365,,,news,621.0,0.6873053575141179,6.935285016891882,1.3930451653269333,7.553231706831854,1.2503391882471337,0.5193586233867814,8.99032974243164,0.9870942510754791,,,,,,,,,,,,,,,,,,,,
splits,2024-26,ret20,T3,4562.0,-5.241806493522514,,,news,473.0,-0.7128388684795145,2.634156216505008,0.5644122937719763,-4.666280009567816,-0.7581263356178283,0.5197281893906182,8.902475357055664,0.9916703200350724,,,,,,,,,,,,,,,,,,,,
splits,2020-23,size_adv,T1,5118.0,-1.0928017825715102,,,news,670.0,-0.11771873051852386,-0.7251014649981197,-0.16985102042452968,-0.8226109464078175,-0.1394858774515408,0.5085971082454084,9.42811393737793,0.9806565064478312,,,,,,,,,,,,,,,,,,,,
splits,2024-26,size_adv,T1,4359.0,0.3263091078371213,,,news,473.0,0.04119132614878414,3.5791445296501916,0.8047221502005776,0.5895252155584872,0.10096041341287429,0.5120440467997247,9.359020233154297,0.9855471438403304,,,,,,,,,,,,,,,,,,,,
splits,2020-23,size_adv,T2,5117.0,6.148282475645756,,,news,652.0,0.7821358941176619,3.501125950719941,0.9474991351312575,4.4621006222192445,0.9078189778971093,0.5153410201289819,8.900677680969238,0.987688098495212,,,,,,,,,,,,,,,,,,,,
splits,2024-26,size_adv,T2,4921.0,1.6424190075119878,,,news,497.0,0.22145944379133203,5.957435691819367,1.644329599937519,2.1300460477835568,0.4075548985078976,0.5218451534241008,8.889808654785156,0.9892298313350945,,,,,,,,,,,,,,,,,,,,
splits,2020-23,size_adv,T3,5118.0,3.4687185063870825,,,news,723.0,0.4784155857486578,0.9088512683410456,0.23759983867817208,1.4586742616528967,0.35275958642344557,0.5076201641266119,8.360071182250977,0.9939429464634623,,,,,,,,,,,,,,,,,,,,
splits,2024-26,size_adv,T3,5490.0,-4.2454740388797285,,,news,528.0,-0.627954876057703,1.3431842541296666,0.37768932569601693,-2.7440088259934945,-0.6126034366570661,0.514207650273224,8.382972717285156,0.9972677595628415,,,,,,,,,,,,,,,,,,,,
splits,2020-23,vol20,T1,5118.0,-0.7813176683915598,,,news,617.0,-0.1603005266745423,-1.9777307078036586,-0.5561162384247235,-3.2925915559691905,-1.0586886438753333,0.5009769441187965,8.592902183532715,0.9943337241109809,,,,,,,,,,,,,,,,,,,,
splits,2024-26,vol20,T1,4761.0,0.4254106562870236,,,news,491.0,0.09704391916866102,7.458945665720947,1.956042880305912,3.1664188207134782,0.7231707051922188,0.5242596093257719,8.56934928894043,0.9934887628649444,,,,,,,,,,,,,,,,,,,,
splits,2020-23,vol20,T2,5117.0,4.971076064401476,,,news,656.0,0.7154319197295664,3.513989477580894,1.1069630857387405,3.9309545119619003,0.97082178839918,0.5264803595856947,8.927644729614258,0.9951143247996873,,,,,,,,,,,,,,,,,,,,
splits,2024-26,vol20,T2,4764.0,-0.7295554721185282,,,news,497.0,-0.10841118802668911,4.852143723979835,1.2436249484175297,1.6594274668609466,0.3089226615120103,0.5203610411418975,8.850921630859375,0.9970612930310663,,,,,,,,,,,,,,,,,,,,
splits,2020-23,vol20,T3,5118.0,4.334210790475396,,,news,655.0,0.2977109961911971,2.148619497675014,0.2757738542113677,4.459697201457886,0.4559423184116185,0.5041031652989449,9.168319702148438,0.9728409534974599,,,,,,,,,,,,,,,,,,,,
splits,2024-26,vol20,T3,5245.0,-2.355139180520697,,,news,469.0,-0.18563372387345628,-1.2079198124265391,-0.17252276181414003,-4.7652514578616545,-0.5612698484287314,0.5048617731172546,9.075458526611328,0.9836034318398474,,,,,,,,,,,,,,,,,,,,
splits,2020-23,gap_t,T1,5118.0,1.4733739456379493,,,news,582.0,0.11273938316110574,7.992049516649515,1.4085414678063313,9.509008021129208,1.2317456679157148,0.523642047674873,8.911053657531738,0.9890582258694802,,,,,,,,,,,,,,,,,,,,
splits,2024-26,gap_t,T1,4679.0,17.281657586013132,,,news,449.0,1.7511999390056683,16.626517199277725,3.341427404013458,15.382732201600895,2.4349250682130594,0.5550331267364822,8.873351097106934,0.9903825603761488,,,,,,,,,,,,,,,,,,,,
splits,2020-23,gap_t,T2,5117.0,6.213781538712273,,,news,657.0,0.9506646166251993,-0.4095458974385168,-0.1237107201277786,-1.6538547495740779,-0.4420220824370984,0.5092827828805941,8.824573516845703,0.988078952511237,,,,,,,,,,,,,,,,,,,,
splits,2024-26,gap_t,T2,4993.0,-4.664646249339835,,,news,486.0,-0.7794222032623626,4.894539676040025,1.4759260657366045,0.6605625964347523,0.1412128629094938,0.5111155617865011,8.787222862243652,0.9913879431203685,,,,,,,,,,,,,,,,,,,,
splits,2020-23,gap_t,T3,5118.0,0.8370565128959963,,,news,609.0,0.08671936201105575,-3.8983919667206512,-0.8232197256027303,-2.758184323417064,-0.4503169943485342,0.49863227823368506,8.95322036743164,0.9851504493942946,,,,,,,,,,,,,,,,,,,,
splits,2024-26,gap_t,T3,5098.0,-14.000240144845597,,,news,470.0,-1.4911330800863112,-9.79635091771835,-2.216716147970016,-15.160240183254466,-2.570841019976847,0.48528834837191054,8.860774040222168,0.9915653197332287,,,,,,,,,,,,,,,,,,,,
splits,2020-23,spy_gap,T1,5144.0,-6.128744125180815,,,news,284.0,-0.4325992510964686,1.1647063645451023,0.21768194806633864,3.938601695545725,0.4927406664204586,0.5025272161741835,8.90413761138916,0.9877527216174183,,,,,,,,,,,,,,,,,,,,
splits,2024-26,spy_gap,T1,3184.0,5.822794221753451,,,news,155.0,0.4620773989518117,5.605274206148045,1.100025819668958,0.48250746187852256,0.07095846807067288,0.5185301507537688,8.88057804107666,0.9905778894472361,,,,,,,,,,,,,,,,,,,,
splits,2020-23,spy_gap,T2,5167.0,11.789288515275882,,,news,278.0,0.9716509017338207,-2.686724751876897,-0.6099094158294166,-1.5301916201063435,-0.22711811158821843,0.49932262434681635,8.863734245300293,0.9864524869363267,,,,,,,,,,,,,,,,,,,,
splits,2024-26,spy_gap,T2,6419.0,-5.167080505853651,,,news,260.0,-0.6056144537489783,5.29942503330173,1.200356190910952,1.2200192362186155,0.1718277051918248,0.5192397569714909,8.79983901977539,0.990496962143636,,,,,,,,,,,,,,,,,,,,
splits,2020-23,spy_gap,T3,5042.0,2.8226317417427738,,,news,291.0,0.23357033162648852,5.304789812985117,1.0970286593545489,2.7239734054983065,0.41873791564493246,0.5301467671558905,8.921638488769531,0.9880999603332011,,,,,,,,,,,,,,,,,,,,
splits,2024-26,spy_gap,T3,5167.0,0.1596256683937281,,,news,189.0,0.012051810330187556,0.082816186998449,0.023484182938311702,-2.2025389345559248,-0.3261420976163212,0.5107412425004838,8.864584922790527,0.9922585639636152,,,,,,,,,,,,,,,,,,,,
splits,2020-23,spy_day(not tradable),T1,5130.0,-116.53373743358411,,,news,283.0,-10.45704321186109,-5.96079475268609,-1.080677672174126,-18.000296217191522,-2.3186518442681447,0.5233918128654971,8.896244049072266,0.9859649122807017,,,,,,,,,,,,,,,,,,,,
splits,2024-26,spy_day(not tradable),T1,5077.0,-71.31162158424328,,,news,195.0,-7.397623755481055,1.7894875560515693,0.39139484608826897,1.3996713246467054,0.18900687965660495,0.5353555249162891,8.837446212768555,0.9907425645065984,,,,,,,,,,,,,,,,,,,,
splits,2020-23,spy_day(not tradable),T2,5139.0,13.809582212366095,,,news,274.0,2.132021805423687,2.6734882996401814,0.6426811629411427,6.529902363361656,1.074776528393622,0.5049620548744892,8.881133079528809,0.986573263280794,,,,,,,,,,,,,,,,,,,,
splits,2024-26,spy_day(not tradable),T2,5186.0,0.2607960660532088,,,news,226.0,0.04627058235982236,3.9288548073173013,0.9929293085117054,-5.250534425589094,-0.9464897798632367,0.5200539915156189,8.824566841125488,0.9919012726571539,,,,,,,,,,,,,,,,,,,,
splits,2020-23,spy_day(not tradable),T3,5084.0,112.20915288459965,,,news,296.0,11.298790484605423,7.021147461206094,1.3990567163174108,16.69399926833146,2.2240507022726272,0.503147128245476,8.911648750305176,0.989771833202203,,,,,,,,,,,,,,,,,,,,
splits,2024-26,spy_day(not tradable),T3,4507.0,76.96775843093631,,,news,183.0,7.295101568597628,5.065862934665814,1.0613332722626894,4.018244680925618,0.46232387454862983,0.48990459285555804,8.8602876663208,0.9906811626358997,,,,,,,,,,,,,,,,,,,,
splits,2020-23,weekday,Fri,543.0,39.237562025010476,,,news,117.0,2.3844665956336635,29.97486268532073,3.2224504740691184,24.78459263374792,2.1485573974378425,0.56353591160221,8.953763008117676,0.990791896869245,,,,,,,,,,,,,,,,,,,,
splits,2024-26,weekday,Fri,490.0,16.146180581073374,,,news,93.0,0.7983852827766329,14.125076288889563,1.0920621217092934,14.559442899665054,0.7842857610424678,0.5102040816326531,8.905678749084473,0.9816326530612245,,,,,,,,,,,,,,,,,,,,
splits,2020-23,weekday,Mon,2860.0,12.507877775005529,,,news,169.0,0.8690086979429538,-7.452603140756345,-1.0062339016782538,-1.307593567388041,-0.1252708489145959,0.4993006993006993,8.888099670410156,0.98006993006993,,,,,,,,,,,,,,,,,,,,
splits,2024-26,weekday,Mon,2501.0,17.750977945537482,,,news,119.0,1.321896369860782,2.4688414568921915,0.37342134069756694,4.344083985439638,0.5013659660859824,0.5017992802878849,8.854765892028809,0.9900039984006398,,,,,,,,,,,,,,,,,,,,
splits,2020-23,weekday,Thu,3128.0,8.048724259257012,,,news,183.0,0.4162558437086995,5.987059575535105,0.7848201367525206,1.742679368504478,0.14584968271734852,0.5233375959079284,8.918088912963867,0.9868925831202046,,,,,,,,,,,,,,,,,,,,
splits,2024-26,weekday,Thu,2948.0,-14.09520954904595,,,news,125.0,-0.7944046173886287,3.2313372549667876,0.4560915812996732,2.6454156823203556,0.22060827140980338,0.5139077340569878,8.848880767822266,0.9881275440976933,,,,,,,,,,,,,,,,,,,,
splits,2020-23,weekday,Tue,3454.0,-2.2953419100016474,,,news,191.0,-0.1819092979743831,6.682695143298771,1.4336349379461393,8.397281998213,1.2904843897356082,0.5147654892877823,8.877564430236816,0.9884192240880139,,,,,,,,,,,,,,,,,,,,
splits,2024-26,weekday,Tue,3580.0,19.335183850879776,,,news,134.0,1.6732653858684616,3.2638389265682424,0.77256321695929,8.964394723902869,1.4136405257003686,0.5268156424581005,8.791910171508789,0.990782122905028,,,,,,,,,,,,,,,,,,,,
splits,2020-23,weekday,Wed,5368.0,-5.720216453341898,,,news,193.0,-0.40917681049370785,-3.3375118944580366,-0.739231576224667,-3.3691669807348803,-0.5239287518302123,0.5009314456035767,8.894177436828613,0.9906855439642325,,,,,,,,,,,,,,,,,,,,
splits,2024-26,weekday,Wed,5251.0,-17.85889009683842,,,news,133.0,-1.6907764873274993,3.4252005616759686,0.8553854060592573,-11.40788631697106,-1.6513051117721684,0.5174252523328889,8.854340553283691,0.9944772424300133,,,,,,,,,,,,,,,,,,,,
splits,2024-26,all,all,311.0,-20.52449720082176,,,calendar,12.0,-0.46661765769449765,9.01872633171786,0.5991884982824992,10.355569158719668,0.432627218656073,0.5337620578778135,8.699885368347168,1.0,,,,,,,,,,,,,,,,,,,,
splits,2024-26,timing,AMC,145.0,-16.398343546637175,,,calendar,5.0,-0.21782648136656432,26.305458933949982,1.384184769645082,29.059956813680714,0.7030235767826271,0.5517241379310345,8.716300964355469,1.0,,,,,,,,,,,,,,,,,,,,
splits,2024-26,timing,BMO,166.0,-24.128667561404676,,,calendar,8.0,-0.6064503639018087,-6.0811304593885165,-0.29119472724948564,-5.982600780854742,-0.2520111481850114,0.5180722891566265,8.685546875,1.0,,,,,,,,,,,,,,,,,,,,
splits,2020-23,all,all,9184.0,0.7774320005955182,,,gap&news,798.0,0.0996853851555877,1.0303755521114437,0.3150327691454701,0.5715311170662737,0.1260868780932747,0.5136106271777003,8.898480415344238,0.9858449477351916,,,,,,,,,,,,,,,,,,,,
splits,2024-26,all,all,10322.0,-1.3961182317861267,,,gap&news,581.0,-0.20557687884147913,3.6073504799699303,1.1742253170223904,-0.12053627534514134,-0.02664870913725727,0.5168571982173997,8.842577934265137,0.9923464444875024,,,,,,,,,,,,,,,,,,,,
splits,2020-23,timing,AMC,4984.0,-6.798415610725194,,,gap&news,590.0,-0.6865134859696967,-3.3685143999495644,-0.6898955089917035,-5.521484759799168,-0.8771196609722384,0.5030096308186196,8.979353904724121,0.9831460674157303,,,,,,,,,,,,,,,,,,,,
splits,2024-26,timing,AMC,5467.0,-6.681993802679245,,,gap&news,462.0,-0.7570343689720749,1.4050670787698885,0.31509836163473465,-2.268312704373435,-0.369815466175685,0.5064935064935064,8.903414726257324,0.9919517102615694,,,,,,,,,,,,,,,,,,,,
splits,2020-23,timing,BMO,4200.0,9.767437832696098,,,gap&news,678.0,1.4043912033611519,6.250391628557173,1.8058787400528653,7.8019099576132644,1.799720396983881,0.5261904761904762,8.802511215209961,0.9890476190476191,,,,,,,,,,,,,,,,,,,,
splits,2024-26,timing,BMO,4855.0,4.556071623223695,,,gap&news,498.0,0.7392220036665091,6.087244064802192,1.8136678696556237,2.2979794275380065,0.5226601550854219,0.5285272914521112,8.774069786071777,0.9927909371781668,,,,,,,,,,,,,,,,,,,,
splits,2020-23,sector,Basic Materials,111.0,32.12046515834224,,,gap&news,89.0,1.3323236205775109,15.257156835785052,0.7051477186176105,20.17063063544196,0.8587863286698327,0.6126126126126126,8.694904327392578,1.0,,,,,,,,,,,,,,,,,,,,
splits,2024-26,sector,Basic Materials,156.0,10.464741633488583,,,gap&news,101.0,0.4759077694852715,3.760615050291213,0.20335356938017377,1.4621630693093324,0.07245058122186723,0.5448717948717948,8.62513256072998,0.9935897435897436,,,,,,,,,,,,,,,,,,,,
splits,2020-23,sector,Consumer Discretionary,2402.0,6.9772718252488515,,,gap&news,609.0,0.7973846286493549,9.203543746354427,1.7774616522279618,9.142185230239246,1.4624717947273442,0.5241465445462115,8.94244384765625,0.9870940882597835,,,,,,,,,,,,,,,,,,,,
splits,2024-26,sector,Consumer Discretionary,2468.0,-4.964937701990384,,,gap&news,475.0,-0.6923383858924324,1.0933092415075814,0.2208796109398085,-3.4491229965389256,-0.581751161757236,0.5182333873581848,8.869632720947266,0.9963533225283631,,,,,,,,,,,,,,,,,,,,
splits,2020-23,sector,Consumer Staples,349.0,-23.06725541636732,,,gap&news,260.0,-1.7102799144873153,-16.37149366675569,-1.3755187055197986,-18.77138983554348,-1.6140479723846497,0.5100286532951289,8.659955024719238,0.9226361031518625,,,,,,,,,,,,,,,,,,,,
splits,2024-26,sector,Consumer Staples,318.0,-15.51169644361772,,,gap&news,202.0,-1.3588924843829056,-13.10566724398841,-1.1283172142222841,-17.897179291683173,-1.5207658250062475,0.4716981132075472,8.434200286865234,0.9685534591194969,,,,,,,,,,,,,,,,,,,,
splits,2020-23,sector,Energy,280.0,-6.900027394294739,,,gap&news,152.0,-0.3190091574094807,2.2990777672800635,0.13745786788088019,-1.271848167691912,-0.06859826905198776,0.5321428571428571,8.784539222717285,0.9964285714285714,,,,,,,,,,,,,,,,,,,,
splits,2024-26,sector,Energy,373.0,-1.2841349312830865,,,gap&news,154.0,-0.07214181101997245,4.684911129013672,0.29553018850918833,1.4901512749393249,0.09252342205358284,0.5281501340482574,8.799955368041992,0.9946380697050938,,,,,,,,,,,,,,,,,,,,
splits,2020-23,sector,Finance,1035.0,13.494252006788761,,,gap&news,339.0,1.1579466283965674,7.623562967496955,0.9128669274101765,8.711954821711,0.9365112908021591,0.5381642512077295,8.850690841674805,0.9884057971014493,,,,,,,,,,,,,,,,,,,,
splits,2024-26,sector,Finance,1335.0,0.917191809036312,,,gap&news,296.0,0.10174458856894193,8.768992368367323,1.270220224301335,5.921373206577944,0.6991292056990994,0.5415730337078651,8.86704158782959,0.9865168539325843,,,,,,,,,,,,,,,,,,,,
splits,2020-23,sector,Health Care,1213.0,-15.421487630543783,,,gap&news,318.0,-1.2513068801172753,-7.476664561147188,-0.8636369568037662,-11.01269617811865,-1.1705306739219123,0.48474855729596045,9.02568531036377,0.9818631492168178,,,,,,,,,,,,,,,,,,,,
splits,2024-26,sector,Health Care,1416.0,9.575687811873054,,,gap&news,273.0,0.9416153063156892,15.290706184796722,1.7480984972858467,12.377222715798071,1.2773952339963226,0.5402542372881356,8.898391723632812,0.9957627118644068,,,,,,,,,,,,,,,,,,,,
splits,2020-23,sector,Industrials,1314.0,-0.5156368788337418,,,gap&news,382.0,-0.05929465439908853,-2.244190760598273,-0.42219963452739545,-0.7623311591474977,-0.12449577032983228,0.5091324200913242,8.926863670349121,0.9961948249619482,,,,,,,,,,,,,,,,,,,,
splits,2024-26,sector,Industrials,1663.0,-8.671304868490525,,,gap&news,334.0,-0.757413435597833,-5.115194431541379,-0.6966676316579338,-10.409858380178337,-1.2332526312871952,0.49609140108238126,8.974577903747559,0.9909801563439568,,,,,,,,,,,,,,,,,,,,
splits,2020-23,sector,Miscellaneous,80.0,-43.15860569477081,,,gap&news,73.0,-0.8114842342566164,-22.60505108279176,-0.4764673123700795,-27.14601904153824,-0.5512112059358851,0.4375,9.060901641845703,0.875,,,,,,,,,,,,,,,,,,,,
splits,2024-26,sector,Miscellaneous,105.0,-46.152092161632716,,,gap&news,77.0,-1.3495063515503993,-41.50130102477436,-1.4325681797483538,-46.96250529516311,-1.5288904779227526,0.47619047619047616,9.144282341003418,1.0,,,,,,,,,,,,,,,,,,,,
splits,2020-23,sector,Real Estate,180.0,-5.601919359631009,,,gap&news,119.0,-0.27286253706460584,-6.525249411222628,-0.4689366594484031,-1.7677611774868436,-0.10774568657665748,0.4722222222222222,8.776297569274902,0.9333333333333333,,,,,,,,,,,,,,,,,,,,
splits,2024-26,sector,Real Estate,135.0,7.617500093248155,,,gap&news,94.0,0.44214194032259585,1.6148994176614064,0.10162735381666947,-2.0291142993503146,-0.1259830850096198,0.5037037037037037,8.856733322143555,0.9925925925925926,,,,,,,,,,,,,,,,,,,,
splits,2020-23,sector,Technology,1850.0,6.786508817930479,,,gap&news,521.0,0.5770692329764779,2.5331029946903216,0.3116232663131951,1.9105692167539854,0.21203042250293058,0.5183783783783784,8.909233093261719,0.9945945945945946,,,,,,,,,,,,,,,,,,,,
splits,2024-26,sector,Technology,1873.0,2.6762151361721056,,,gap&news,397.0,0.23138626116035696,6.720210822318763,0.8050010314150267,4.285656062918936,0.49105234544988147,0.5130806193272824,8.763936042785645,0.990923651895355,,,,,,,,,,,,,,,,,,,,
splits,2020-23,sector,Telecommunications,142.0,4.657506942749023,,,gap&news,127.0,0.2249019840488889,5.3855673898614835,0.3130862348424043,0.7459311418130363,0.04188738234848964,0.49295774647887325,8.61589241027832,1.0,,,,,,,,,,,,,,,,,,,,
splits,2024-26,sector,Telecommunications,142.0,-14.978147728342405,,,gap&news,104.0,-0.7595827580629161,0.13367643474902904,0.007615431739690293,-2.891194652503645,-0.16752398252479833,0.5211267605633803,8.702726364135742,1.0,,,,,,,,,,,,,,,,,,,,
splits,2020-23,sector,Utilities,228.0,-28.686298612962688,,,gap&news,148.0,-1.766110481891449,-33.36818829044014,-2.163474509188978,-34.42789901766861,-2.3056849596103075,0.43859649122807015,8.544330596923828,1.0,,,,,,,,,,,,,,,,,,,,
splits,2024-26,sector,Utilities,335.0,7.243715115447543,,,gap&news,148.0,0.6513523580696339,8.953148191586248,0.712835287153003,4.790016074678791,0.396058813836494,0.46865671641791046,8.561028480529785,1.0,,,,,,,,,,,,,,,,,,,,
splits,2020-23,sent5,T1,1794.0,-1.0935136572838893,,,gap&news,521.0,-0.1154640705591908,-3.8058660903215147,-0.6486115007186333,-5.840378062780884,-0.8432086077855525,0.5033444816053512,8.799891471862793,0.9821627647714605,,,,,,,,,,,,,,,,,,,,
splits,2024-26,sent5,T1,1333.0,2.324601714984868,,,gap&news,354.0,0.26311932122482873,3.9500202157881197,0.6468715206740868,2.1785309863823836,0.31235890308729586,0.5101275318829708,8.748910903930664,0.9932483120780196,,,,,,,,,,,,,,,,,,,,
splits,2020-23,sent5,T2,1794.0,-7.119454534821951,,,gap&news,527.0,-0.7212595850664277,-7.043243727018359,-1.1445822504729695,-8.062614645048926,-1.1533793305768871,0.4916387959866221,8.704045295715332,0.9821627647714605,,,,,,,,,,,,,,,,,,,,
splits,2024-26,sent5,T2,1985.0,-1.2714322327966954,,,gap&news,428.0,-0.15609589530631357,-0.29074025026027595,-0.05099435401391802,-3.355215718824257,-0.5448440982532445,0.49622166246851385,8.681843757629395,0.9909319899244332,,,,,,,,,,,,,,,,,,,,
splits,2020-23,sent5,T3,1794.0,5.347192486791706,,,gap&news,553.0,0.6294790262230122,6.316038773100773,1.0814000345440868,5.352828016249232,0.8274882588330665,0.5278706800445931,8.733420372009277,0.9871794871794872,,,,,,,,,,,,,,,,,,,,
splits,2024-26,sent5,T3,2496.0,-4.175828578762519,,,gap&news,475.0,-0.6014416838989776,3.572084983366389,0.752295317083813,-0.3350886683433484,-0.06391492780848917,0.5224358974358975,8.67319393157959,0.9955929487179487,,,,,,,,,,,,,,,,,,,,
splits,2020-23,sent5,none,3802.0,3.2301780927940023,,,gap&news,565.0,0.3409300512370466,4.627905976842831,1.1547083244834186,5.41502820511105,1.0037030228610342,0.5220936349289848,9.114631652832031,0.9886901630720674,,,,,,,,,,,,,,,,,,,,
splits,2024-26,sent5,none,4508.0,-1.0121484826704836,,,gap&news,402.0,-0.11610961139230391,5.241989792566148,1.2750837142517357,0.7427522801887492,0.12085853578925293,0.5248447204968945,9.034833908081055,0.9909050576752441,,,,,,,,,,,,,,,,,,,,
splits,2020-23,prev_beat,beat,6425.0,-0.3164226442923342,,,gap&news,744.0,-0.04095445561009222,-0.7880269133953326,-0.23066130600016657,-0.9002461043777169,-0.20187858557946817,0.5064591439688716,8.873759269714355,0.9878599221789883,,,,,,,,,,,,,,,,,,,,
splits,2024-26,prev_beat,beat,6967.0,-0.46811017241354086,,,gap&news,551.0,-0.07104339759390063,3.1600262620686834,1.1032510061885412,-0.045983353663127356,-0.010814316860950668,0.5191617625950912,8.8200101852417,0.9939715803071624,,,,,,,,,,,,,,,,,,,,
splits,2020-23,prev_beat,inline,368.0,3.0667982671571816,,,gap&news,233.0,0.2239104561103727,0.5369399862146288,0.05258592199745453,-2.736130162425663,-0.24349092640039957,0.5543478260869565,8.770502090454102,0.9782608695652174,,,,,,,,,,,,,,,,,,,,
splits,2024-26,prev_beat,inline,434.0,-4.112112082643993,,,gap&news,222.0,-0.33999569943993907,7.0508051833163625,0.6239168966009524,7.004526353651477,0.6273933783257737,0.4976958525345622,8.65341567993164,0.9861751152073732,,,,,,,,,,,,,,,,,,,,
splits,2020-23,prev_beat,miss,2206.0,3.2825971989878067,,,gap&news,544.0,0.31848073364850055,4.9354500984631615,0.798638736889426,4.71414000147165,0.6429210515242313,0.528558476881233,8.958558082580566,0.985947416137806,,,,,,,,,,,,,,,,,,,,
splits,2024-26,prev_beat,miss,2468.0,-0.1488203360930061,,,gap&news,421.0,-0.01530316395608215,7.195304566057397,1.1261543063377182,3.0423976130771484,0.3992368160478578,0.5178282009724473,8.879301071166992,0.9951377633711507,,,,,,,,,,,,,,,,,,,,
splits,2020-23,prev_beat,none,185.0,4.3403232419813005,,,gap&news,148.0,0.13571833868395994,18.599163010917806,0.6639776828284149,8.86770841237661,0.30320869718382465,0.5027027027027027,9.29525089263916,0.9297297297297298,,,,,,,,,,,,,,,,,,,,
splits,2024-26,prev_beat,none,453.0,-19.861950516437588,,,gap&news,184.0,-1.1278200205450255,-12.35958594298422,-0.7803595154223516,-25.32541093973661,-1.5288213944463516,0.49448123620309054,9.170801162719727,0.9580573951434879,,,,,,,,,,,,,,,,,,,,
splits,2020-23,ret5,T1,3062.0,-2.5842386005284506,,,gap&news,521.0,-0.1994746012340365,-0.7881500186533367,-0.11133686151790768,-1.4015154305974462,-0.1552448178319277,0.5026126714565643,8.925251960754395,0.9804049640757675,,,,,,,,,,,,,,,,,,,,
splits,2024-26,ret5,T1,3303.0,7.251209466341153,,,gap&news,445.0,0.6036230828217743,8.23950846792426,1.2387771838461175,9.592935564732358,1.1458739433268006,0.522252497729337,8.879015922546387,0.9894035725098396,,,,,,,,,,,,,,,,,,,,
splits,2020-23,ret5,T2,3061.0,8.796624832003774,,,gap&news,609.0,1.1082942482052753,4.785205001770302,1.3214768149150844,5.466994098961178,1.249951881273759,0.533812479581836,8.80426025390625,0.9911793531525646,,,,,,,,,,,,,,,,,,,,
splits,2024-26,ret5,T2,3549.0,-3.3094401626930874,,,gap&news,458.0,-0.5653466131561358,2.5020495166698464,0.6499877823116261,-2.1724732501905177,-0.45489386344698385,0.5190194420963652,8.743038177490234,0.9957734573119188,,,,,,,,,,,,,,,,,,,,
splits,2020-23,ret5,T3,3061.0,-3.878992003422475,,,gap&news,558.0,-0.45630385270971413,-0.9053342315291986,-0.20295427924219855,-2.3502407413571147,-0.44557711007509426,0.5044103234237177,8.965922355651855,0.985952303168899,,,,,,,,,,,,,,,,,,,,
splits,2024-26,ret5,T3,3470.0,-7.670395999545667,,,gap&news,445.0,-0.9001694790336994,0.32858831413098283,0.06132040164581986,-7.267877244811924,-1.1714504524011398,0.5095100864553314,8.909696578979492,0.9916426512968299,,,,,,,,,,,,,,,,,,,,
robustness,2020-23,all,ambiguous,6571.0,,,,amb_session_d,,,1.4840006862226405,0.3489616117034751,,,,,,,,,,,,,,,,,,,,,,,,,
robustness,2024-26,all,ambiguous,4430.0,,,,amb_session_d,,,3.24491634298774,0.5479030362639973,,,,,,,,,,,,,,,,,,,,,,,,,
rules,2020-23,pt_net20,0,,,,,gap,,,,,,,,,,,,,-1.0,open-close,0.6151378941992911,6282.0,1573.6222664015904,765.0,8.211764705882352,0.4898039215686275,15.793298411164379,6.776877227186681,9.016421183977698,0.002921794381654852,0.08869950873608275,-0.19666920048828673,0.1772229389995245,-0.04500084348158591,-0.20747349049486052
rules,2024-26,pt_net20,0,,,,,gap,,,,,,,,,,,,,-1.0,open-close,1.295330556612754,5166.0,1897.7142857142856,509.0,10.149312377210217,0.5259332023575638,3.014034164353392,-6.000744687616673,9.014778851970066,-0.07639844007938368,-0.6456832961726816,-0.23419388141749653,-1.0653230868526986,-1.2345337841463806,-0.2892323119326471
rules,2020-23,pt_net20,0,,,,,gap,,,,,,,,,,,,,-1.0,1000-1530,0.6151378941992911,1781.0,446.1351888667992,545.0,3.2678899082568806,0.3155963302752294,-8.982737569043236,-40.76955798027147,31.786820411228234,-0.1623850530149703,-2.851863941368861,-0.5132379172148371,-5.698066612972742,-3.7716649117397307,-0.5205251199169995
rules,2024-26,pt_net20,0,,,,,gap,,,,,,,,,,,,,-1.0,1000-1530,1.295330556612754,5090.0,1869.7959183673468,508.0,10.01968503937008,0.5244094488188976,0.5740232926689103,-44.065065272536664,44.639088565205576,-0.36240215829363276,-4.560970529004301,-0.709276918709213,-7.525217442985518,-5.818778607247593,-0.7257461989982257
rules,2024-26,pt_net20,0,,,,,gap,,,,,,,,,,,,,-1.0,0935-1545,1.295330556612754,5010.0,1840.408163265306,507.0,9.881656804733728,0.5222879684418145,-1.683843112039471,-52.753068821341124,51.069225709301655,-0.40188189755389114,-4.454564782609159,-0.7572704451599805,-7.349656918374669,-6.123118040872352,-0.7718349077750815
rules,2020-23,pt_net20,0,,,,,news,,,,,,,,,,,,,-1.0,open-close,,7442.0,1864.1988071570577,774.0,9.61498708010336,0.5144702842377261,5.554787752545671,-3.4925342570532045,9.047322009598876,-0.005372547820206686,0.02676708406568189,-0.20500524545714371,0.05348103246751967,-0.16967886589154238,-0.19436085653193946
rules,2024-26,pt_net20,0,,,,,news,,,,,,,,,,,,,-1.0,open-close,,5942.0,2182.7755102040815,523.0,11.361376673040153,0.5363288718929254,3.137556802781091,-5.904730470980841,9.042287273761932,-0.059821193681266704,-0.4813337660981078,-0.225098076434605,-0.7941601967180736,-0.8188420975537403,-0.258765709490843
rules,2020-23,weekday,Fri,,,,,gap,,,,,,,,,,,,,1.0,open-close,0.6151378941992911,541.0,135.51888667992048,123.0,4.3983739837398375,0.3902439024390244,37.157116888190814,28.280878102565236,8.876238785625578,0.038413305316765234,0.8706836535012855,-0.0359820566179464,1.7396389023017271,0.8549789849161789,-0.050301334328524794
rules,2024-26,weekday,Fri,,,,,gap,,,,,,,,,,,,,1.0,open-close,1.295330556612754,491.0,180.3673469387755,86.0,5.709302325581396,0.4406976744186048,28.130176596631827,19.202923706624574,8.927252890007255,0.01796911874775753,0.41119738228475655,-0.08168623389118801,0.6784410673126531,0.8687744285973872,-0.02745796983099069
rules,2020-23,weekday,Fri,,,,,gap,,,,,,,,,,,,,1.0,1000-1530,0.6151378941992911,201.0,50.34990059642147,86.0,2.3372093023255816,0.22906976744186044,-5.632063642663149,-34.92136463286606,29.289300990202904,-0.016655525845892583,-0.8587634706752392,-0.08178851722550262,-1.7158221995494127,-0.9935023156370075,-0.07376053427365858
rules,2024-26,weekday,Fri,,,,,gap,,,,,,,,,,,,,1.0,1000-1530,1.295330556612754,489.0,179.6326530612245,86.0,5.686046511627907,0.4383720930232559,20.167124295771,-22.245554757211167,42.41267905298216,-0.042462871871830954,-1.3315700356408904,-0.12296240880485698,-2.196978470928468,-1.447826982177697,-0.11104875780478674
rules,2024-26,weekday,Fri,,,,,gap,,,,,,,,,,,,,1.0,0935-1545,1.295330556612754,481.0,176.6938775510204,85.0,5.658823529411765,0.43882352941176483,21.81429005462266,-26.4689083605145,48.283198415137164,-0.04898522528556315,-1.3099765464345623,-0.13404204762513106,-2.1613510314181643,-1.5289056945517654,-0.11674936348527187
rules,2020-23,weekday,Fri,,,,,news,,,,,,,,,,,,,1.0,open-close,,543.0,136.01988071570577,117.0,4.641025641025641,0.4222222222222223,39.237562025010476,30.283799530461458,8.953762494549018,0.04242478433747188,1.0268251942380693,-0.04352016534619929,2.051612025305394,1.1236971674143421,-0.02660301962903666
rules,2024-26,weekday,Fri,,,,,news,,,,,,,,,,,,,1.0,open-close,,490.0,180.0,93.0,5.268817204301075,0.4279569892473118,16.146180581073374,7.240500991299217,8.905679589774156,-0.004918298591491954,-0.09076413827106196,-0.07732379072369222,-0.14975318787338313,0.05244217494230275,-0.03302093348801893
rules,2020-23,industry,Industrial Machinery/Components,,,,,gap,,,,,,,,,,,,,-1.0,open-close,0.6151378941992911,581.0,145.53876739562625,259.0,2.2432432432432434,0.2243243243243244,24.383004479071772,15.348740066914608,9.03426441215716,0.021636325551440017,0.5172504695914236,-0.041927446116956535,1.0334741389901936,0.7040077466073091,-0.045010005236458595
rules,2024-26,industry,Industrial Machinery/Components,,,,,gap,,,,,,,,,,,,,-1.0,open-close,1.295330556612754,637.0,234.0,212.0,3.0047169811320753,0.299056603773585,16.248722091387354,7.186916044926391,9.061806046460964,0.015310685419281045,0.26865504662455997,-0.10690058772467803,0.44325821229250034,0.3032278161881793,-0.0852643248836551
rules,2020-23,industry,Industrial Machinery/Components,,,,,gap,,,,,,,,,,,,,-1.0,1000-1530,0.6151378941992911,222.0,55.610337972166995,148.0,1.5,0.15000000000000002,-4.136769084243087,-38.304902709651365,34.16813362540828,-0.021168274096206918,-1.5600971649941864,-0.08551439509754066,-3.1170973621483244,-1.2638461780428814,-0.06311016419379212
rules,2024-26,industry,Industrial Machinery/Components,,,,,gap,,,,,,,,,,,,,-1.0,1000-1530,1.295330556612754,630.0,231.42857142857142,212.0,2.9716981132075473,0.2962264150943397,12.495447718907917,-34.51821788413716,47.01366560304508,-0.07824857448085087,-1.4876916582396105,-0.1989291126752829,-2.454566006330406,-1.8376787239012824,-0.2018841475473374
rules,2024-26,industry,Industrial Machinery/Components,,,,,gap,,,,,,,,,,,,,-1.0,0935-1545,1.295330556612754,610.0,224.0816326530612,208.0,2.9326923076923075,0.2918269230769231,12.664216463683081,-40.62386012452914,53.28807658821222,-0.08799733977409552,-1.5898160130103915,-0.22178336779103702,-2.6230625951567528,-2.016549135019392,-0.22868937510603893
rules,2020-23,industry,Industrial Machinery/Components,,,,,news,,,,,,,,,,,,,-1.0,open-close,,795.0,199.1451292246521,294.0,2.704081632653061,0.2693877551020409,5.029754068866466,-3.997172637543869,9.026926706410336,-0.007941130180791012,-0.13939589533444355,-0.08734391948863007,-0.27851507418316285,-0.07443332493686487,-0.05954847367302185
rules,2024-26,industry,Industrial Machinery/Components,,,,,news,,,,,,,,,,,,,-1.0,open-close,,773.0,283.9591836734694,221.0,3.497737556561086,0.3434389140271493,6.983658783185991,-2.0641760147908004,9.047834797976792,-0.003954691933327759,-0.0389907005825766,-0.07975037501818205,-0.06433137383202642,-0.1835324731294811,-0.06216709993545133
rules,2020-23,all,all,,,,,gap,,,,,,,,,,,,,1.0,open-close,,12257.0,3070.3419483101393,845.0,14.505325443786981,0.5995266272189349,-4.570112051772791,-13.465380767851029,8.895268716078236,-0.11609136233964701,-0.6222323107744127,-0.5538544724228183,-1.2432294206275323,-1.0296735299053499,-0.4743934480586699
rules,2024-26,all,all,,,,,gap,,,,,,,,,,,,,1.0,open-close,,12434.0,4567.591836734694,593.0,20.967959527824622,0.6634064080944351,-0.9383944063798703,-9.77335690055342,8.834962494173551,-0.13887904942041795,-0.9993902627666569,-0.385804250015195,-1.6489098076595867,-0.9983412242959143,-0.27077135074042524
rules,2020-23,all,all,,,,,gap,,,,,,,,,,,,,-1.0,open-close,,12031.0,3013.7296222664017,840.0,14.322619047619048,0.5954761904761905,3.5932379939710497,-5.301026213934592,8.894264207905643,-0.12552604263042555,-0.7166922354712764,-0.4559414637425462,-1.4319617564768963,-1.3316044495005965,-0.41043886157790843
rules,2024-26,all,all,,,,,gap,,,,,,,,,,,,,-1.0,open-close,,12330.0,4529.3877551020405,592.0,20.8277027027027,0.6596283783783784,0.6658488526541531,-8.167734246375076,8.83358309902923,-0.12069234380156313,-0.8602022317722063,-0.3937218856984921,-1.419261272981835,-1.6522620989173502,-0.4472168559314129
count,,variants_tried,93 split cells (2020-23) + 21 entry/exit x timing + 9 rule books,123.0,,,,,,,,,,,,,,,,,,,,,,,,,,,,,,,,,
