source,sel,catalyst,borrow,period,days,days_active,names,gross_w,gross_bp,cost_bp,net_bp,sharpe,tstat,maxdd,ann_ret,ev_net_bp,ev_net_trim_bp,corr_blend,comb_net_bp,comb_sharpe,comb_maxdd
gap_off,top5,all,all,2020-23,1006.0,1006.0,5.0,0.5,16.768944725601624,5.0986013166269135,11.670343408974707,0.9373404614015357,1.8728201968628717,-0.5138797344415855,0.2773393081212141,23.340686817949415,26.593543555810147,,,,
gap_off,top5,all,all,2024-26,686.0,686.0,5.0,0.5,18.227459824815092,4.92104011902377,13.306419705791319,1.1298841001821873,1.864213654785265,-0.2853775636919734,0.33795430078443434,26.61283941158264,27.18029861637661,0.04471254594166958,48.82657772392153,3.0093136592121676,-0.21506648675884776
gap_off,top5,all,all,2024H1-25H1,374.0,374.0,5.0,0.5,19.105329392428068,4.857226542551662,14.248102849876409,1.274580049902581,1.5527539660766372,-0.2600909422163221,0.376205367385408,28.496205699752817,28.966310065932856,0.027003039462002252,45.98161456628971,3.004786960540001,-0.14653357024707925
gap_off,top5,all,all,2025H2-26,312.0,312.0,5.0,0.5,17.175141817484146,4.997534598512771,12.17760721897138,0.976249296299435,1.0862699371101199,-0.1948167025947921,0.29350053845967183,24.355214437942756,25.767556585988707,0.061781061783832567,52.218649181097945,3.0213552323706825,-0.21506648675884776
gap_off,top5,all,etb,2020-23,1006.0,1006.0,4.999005964214712,0.49990059642147117,12.623246514773513,4.508297498361995,8.114949016411517,0.7008636768335723,1.4003360606655835,-0.5436709241687023,0.17569632593960138,16.233125294312956,18.588136509871063,,,,
gap_off,top5,all,etb,2024-26,686.0,686.0,5.0,0.5,15.778419922809215,4.48340864114887,11.295011281660344,1.009997240135492,1.6664104274521763,-0.2627312296719757,0.27741906120997895,22.590022563320684,23.40811003490322,0.04408316047784724,48.30723234678841,2.983641641688124,-0.20960523461868652
gap_off,top5,all,etb,2024H1-25H1,374.0,374.0,5.0,0.5,19.102653717612203,4.530158745844594,14.572494971767608,1.3430723262411501,1.6361945108572171,-0.22933238468959893,0.3905984892502685,29.14498994353521,29.22666101374682,0.034918282040927284,46.035525776440856,3.0074841333426687,-0.14541728185097236
gap_off,top5,all,etb,2025H2-26,312.0,312.0,5.0,0.5,11.793601207244095,4.42736845154566,7.36623275569843,0.6359759506596495,0.7076487107804392,-0.1617383330856883,0.15382149736532713,14.73246551139686,16.415619663028526,0.05383820058188577,51.015805565279706,2.9645697994968554,-0.20960523461868663
gap_off,top5,catalyst,all,2020-23,1006.0,1006.0,4.97713717693837,0.497713717693837,9.50252411379729,4.756143663720104,4.746380450077185,0.4356413132748117,0.870417829684863,-0.54671263447797,0.08519224816093685,9.536366552381962,14.517186602802113,,,,
gap_off,top5,catalyst,all,2024-26,686.0,686.0,4.998542274052478,0.49985422740524776,9.802501768134428,4.639272099510096,5.1632296686243295,0.468628705436708,0.773197916103595,-0.2655210363883066,0.09588073833847255,10.329470844783584,9.812033346004776,0.08023595212023005,46.78951135090617,2.874232646011266,-0.2221631608446224
gap_off,top5,catalyst,all,2024H1-25H1,374.0,374.0,4.997326203208556,0.49973262032085564,7.743279723560108,4.583369911416985,3.1599098121431255,0.3091943803869192,0.3766752825537262,-0.21820401589454175,0.04766358005265836,6.3232010152034706,5.21952579666496,0.08364209801024881,43.20327489748209,2.8061339671484213,-0.15918976982385535
gap_off,top5,catalyst,all,2025H2-26,312.0,312.0,5.0,0.5,12.270928193361332,4.706283055749917,7.564645137611418,0.634669938904677,0.7061955150523432,-0.26526867415207445,0.15661275344378356,15.129290275222832,15.987860644322657,0.07686577532024538,51.06540866075797,2.952766254061227,-0.22216316084462262
gap_off,top5,catalyst,etb,2020-23,1006.0,1006.0,4.976143141153082,0.49761431411530815,8.232496130774557,4.426933621809954,3.805562508964604,0.37172913158147153,0.7427203391467032,-0.5556927544988817,0.06453346431771756,7.647614630480207,12.855392410396375,,,,
gap_off,top5,catalyst,etb,2024-26,686.0,686.0,4.997084548104956,0.49970845481049564,8.939891966716889,4.435294969180469,4.50459699753642,0.42246058696602523,0.6970244069313598,-0.2862940909353213,0.08048356692742087,9.0144502342765,8.057086575208727,0.08606749414703374,46.624371726503284,2.8652535760806956,-0.22216316084462262
gap_off,top5,catalyst,etb,2024H1-25H1,374.0,374.0,4.994652406417113,0.49946524064171127,9.919444188714666,4.474788748243335,5.444655440471331,0.545041522294918,0.6639954748111485,-0.21459211259906275,0.11134582494863254,10.900969672035744,8.298350069206876,0.09143110229721181,43.77753219922588,2.842557434902904,-0.15796695172580544
gap_off,top5,catalyst,etb,2025H2-26,312.0,312.0,5.0,0.5,7.765685136501604,4.3879530673551095,3.377732069146498,0.29541980657570344,0.3287128153910034,-0.2761011984896721,0.044615773859861374,6.755464138292995,7.38431307052871,0.08127730343586081,50.01868039364173,2.895136945139775,-0.22216316084462273
gap_off,top5,none,all,2020-23,1006.0,1006.0,4.992047713717694,0.4992047713717694,17.896400235045267,5.242623285257566,12.653776949787698,1.1830080082225518,2.3636676128724337,-0.282342303727505,0.3264901317333895,25.34786860112789,26.086108655563162,,,,
gap_off,top5,none,all,2024-26,686.0,686.0,5.0,0.5,12.655560198747732,5.144623709852195,7.510936488895534,0.661643740193423,1.0916564759809326,-0.38870469803077157,0.16002643075296086,15.021872977791073,16.8918239927203,-0.010467310456142395,47.304483976491724,2.947824347888314,-0.2036226945080558
gap_off,top5,none,all,2024H1-25H1,374.0,374.0,5.0,0.5,22.497385899650858,5.04750092414549,17.44988497550537,1.5018500425635302,1.8296250676614059,-0.18982134006127016,0.487257464142107,34.89976995101075,35.66449388908189,0.004218620760634472,46.659517461993865,3.057518885208069,-0.1516739815646445
gap_off,top5,none,all,2025H2-26,312.0,312.0,5.0,0.5,0.8579870829215428,5.26104653630831,-4.403059453386772,-0.40046250210191237,-0.44559353704238597,-0.34436409747199215,-0.13879941895604309,-8.80611890677353,-5.529611872333831,-0.025369558883551056,48.07348251300841,2.8341421642991067,-0.20362269450805592
gap_off,top5,none,etb,2020-23,1006.0,1006.0,4.98807157057654,0.49880715705765405,15.933128758879825,4.525798877641451,11.407329881238377,1.1688511074591006,2.335381914381267,-0.28739177091736634,0.2933407756738944,22.86921853432803,23.35081449628053,,,,
gap_off,top5,none,etb,2024-26,686.0,686.0,5.0,0.5,11.535646095220272,4.46565666379551,7.069989431424761,0.7200078334790706,1.1879523169744657,-0.2884330590447107,0.15909788384945145,14.139978862849523,15.887399517115462,-0.011651048369010056,47.16608017583123,2.9506578378518338,-0.20190688844247573
gap_off,top5,none,etb,2024H1-25H1,374.0,374.0,5.0,0.5,21.594600084631207,4.49045324407986,17.104146840551344,1.6301926032471437,1.9859780720357831,-0.18602946538641973,0.4858685632562245,34.20829368110268,37.19149774815114,0.024299912104403618,46.52141989502143,3.0485817883075654,-0.14921513735060243
gap_off,top5,none,etb,2025H2-26,312.0,312.0,5.0,0.5,-0.5222025972146255,4.4359325579418325,-4.958135155156456,-0.5568360113893733,-0.6195899155732222,-0.2799288662568903,-0.13935102145407152,-9.916270310312916,-10.70997345480673,-0.05488655084699737,47.93471358756599,2.847636116089242,-0.20190688844247573
gap_off,top10,all,all,2020-23,1006.0,1006.0,9.983101391650099,0.9983101391650099,27.685728094449814,10.024258021650809,17.661470072799002,0.9900529672141327,1.978140568252231,-0.555107979706522,0.4103702225290953,17.691366019352586,20.394115922820642,,,,
gap_off,top10,all,all,2024-26,686.0,686.0,10.0,1.0,20.608746623158805,9.692171993952437,10.916574629206366,0.6140504947151115,1.0131316272093558,-0.35153522429610407,0.19107376201107562,10.91657462920637,12.069044351747573,0.05168523512500863,48.194109685826156,2.893181207831714,-0.2258620220121026
gap_off,top10,all,all,2024H1-25H1,374.0,374.0,10.0,1.0,20.414982568771446,9.516519674632463,10.898462894138978,0.6237984701086943,0.7599409300089439,-0.3277182105074967,0.19485105265572145,10.898462894138984,12.066086662955577,0.06906604279915493,45.0785472456328,2.8380185137902085,-0.16427601625079857
gap_off,top10,all,all,2025H2-26,312.0,312.0,10.0,1.0,20.841015072969295,9.902729581855224,10.938285491114065,0.6020917210004004,0.6699458205857939,-0.3515352242961053,0.18656158895466834,10.938285491114069,12.490950683697893,0.03397047721271503,51.908818749133616,2.956236876444935,-0.22586202201210248
gap_off,top10,all,etb,2020-23,1006.0,1006.0,9.97614314115308,0.9976143141153081,24.492737372400278,8.976015376753804,15.516721995646472,0.9320579369973897,1.862265634457966,-0.6461536370529657,0.35410913892648543,15.553828544858858,18.338990047156862,,,,
gap_off,top10,all,etb,2024-26,686.0,686.0,10.0,1.0,18.74408178009723,8.886582961234023,9.857498818863204,0.5977086128610429,0.9861688977645127,-0.3400107849100591,0.17610759685238309,9.857498818863204,10.136076981269138,0.05314708619729883,47.9037173693419,2.891927976005395,-0.21888605797614835
gap_off,top10,all,etb,2024H1-25H1,374.0,374.0,10.0,1.0,21.869784848575286,8.936812627573753,12.932972221001528,0.7767939926211292,0.9463273436291072,-0.3400107849100591,0.2688552816784173,12.932972221001535,13.376892721012785,0.0705143270495947,45.54421869471954,2.878792089711287,-0.17284546615388308
gap_off,top10,all,etb,2025H2-26,312.0,312.0,10.0,1.0,14.997245409549814,8.826371758634476,6.1708736509153335,0.3779876646525551,0.42058584653216896,-0.27267272949657073,0.07381947022468704,6.170873650915336,6.826015371315831,0.0349163976570617,50.71696578908394,2.9090301163446486,-0.21888605797614868
gap_off,top10,catalyst,all,2020-23,1006.0,1006.0,9.859840954274354,0.9859840954274354,8.379492145883399,9.278435097637521,-0.8989429517541241,-0.06027292571839887,-0.1204262029195362,-0.6832694966952515,-0.08929066324190094,-0.9117215540524725,1.9358004831159241,,,,
gap_off,top10,catalyst,all,2024-26,686.0,686.0,9.96938775510204,0.996938775510204,8.896534887764266,9.09241218928593,-0.19587730152166424,-0.012525609411622741,-0.02066620115805579,-0.42571446684298564,-0.07919312081100582,-0.19647876713534296,0.26737204453010766,0.06013221992888377,45.41643116782314,2.74785211068505,-0.2353790897977175
gap_off,top10,catalyst,all,2024H1-25H1,374.0,374.0,9.943850267379679,0.9943850267379678,7.473565677908014,8.949065274719459,-1.4754995968114435,-0.09983222131113853,-0.12162035455910286,-0.33251424181452927,-0.10106966240284021,-1.4838312697162668,-1.157115291648836,0.07790704957736881,41.98415989859498,2.674465732385417,-0.1879760933054988
gap_off,top10,catalyst,all,2025H2-26,312.0,312.0,10.0,1.0,10.602273620091951,9.264244708670098,1.3380289114218513,0.08044736763045954,0.08951356718807865,-0.42571446684298664,-0.05226659505918385,1.3380289114218535,2.3629305020888713,0.04316975639621246,49.50875460421057,2.8310085825924323,-0.23537908979771727
gap_off,top10,catalyst,etb,2020-23,1006.0,1006.0,9.854870775347912,0.9854870775347913,6.450946477962064,8.755734028046115,-2.3047875500840544,-0.16086361603131902,-0.3214078997436894,-0.7330645971123007,-0.11612073172650605,-2.338729347775425,1.3281366878761967,,,,
gap_off,top10,catalyst,etb,2024-26,686.0,686.0,9.966472303206997,0.9966472303206998,9.398642590720174,8.76933754300943,0.6293050477107446,0.04193707750101865,0.06919264772960418,-0.4489261744686016,-0.05408931060929656,0.6314220604498614,1.3701553485908722,0.0703257910458953,45.62332995860291,2.7619056944385205,-0.2337031784576744
gap_off,top10,catalyst,etb,2024H1-25H1,374.0,374.0,9.938502673796792,0.9938502673796791,9.839971913373406,8.78781210388341,1.0521598094899998,0.0721847603539774,0.08793890422064657,-0.35346364943704334,-0.040164794987541996,1.0586703490698397,1.9460235715347807,0.08836998277607819,42.61947214184548,2.711367170677617,-0.19436799305613506
gap_off,top10,catalyst,etb,2025H2-26,312.0,312.0,10.0,1.0,8.869613210360212,8.74719175529511,0.12242145506509979,0.00788329871857688,0.008771725045753307,-0.4489261744686013,-0.07051492661426328,0.12242145506509891,0.8366628321042788,0.05240286779435074,49.20485274012138,2.8201515647198905,-0.23370317845767408
gap_off,top10,none,all,2020-23,1006.0,1006.0,9.951292246520875,0.9951292246520875,28.426414811113485,10.181649335702298,18.24476547541119,1.1165084983304723,2.2308006020734426,-0.3842995772741751,0.4552479227323132,18.334066595009148,20.491133917105095,,,,
gap_off,top10,none,all,2024-26,686.0,686.0,10.0,1.0,17.776230855168826,9.875113218732318,7.901117636436506,0.469026245811535,0.7738538242582115,-0.4560026270067662,0.11572035708269768,7.901117636436508,9.376062366694942,0.0011718971820965317,47.29666471119568,2.8878184832354403,-0.2172698637317968
gap_off,top10,none,all,2024H1-25H1,374.0,374.0,10.0,1.0,28.043108031073995,9.662699196503674,18.380408834570325,1.076225153341853,1.3111086081809658,-0.303744681528367,0.449513463446906,18.380408834570325,19.199896327101992,0.01962252059282313,46.69913987209278,2.985218130277727,-0.1536317760743724
gap_off,top10,none,all,2025H2-26,312.0,312.0,10.0,1.0,5.4691409071286525,10.129737719737168,-4.660596812608515,-0.28152160162606304,-0.31324832053931256,-0.45600262700676586,-0.18473122647663942,-4.660596812608513,-3.35945050647689,-0.017829844554445563,48.00909817320297,2.7850396252989,-0.21726986373179713
gap_off,top10,none,etb,2020-23,1006.0,1006.0,9.94234592445328,0.9942345924453281,24.719729338204175,9.001739595141391,15.717989743062786,1.0155302728203028,2.02904460415562,-0.43944402213299205,0.37757740829371156,15.809135854350288,16.074075924657627,,,,
gap_off,top10,none,etb,2024-26,686.0,686.0,10.0,1.0,17.816154845601964,8.90481897915575,8.911335866446212,0.5821664649003199,0.9605256619243048,-0.3843830655352779,0.16273894108553666,8.911335866446214,10.041342976619482,0.004438421093617936,47.52955412178056,2.9168381066797786,-0.21363092110907123
gap_off,top10,none,etb,2024H1-25H1,374.0,374.0,10.0,1.0,27.341455221176147,8.910516017355663,18.43093920382049,1.1549767674767293,1.4070475656377472,-0.3148436412632464,0.4684416302261414,18.430939203820483,20.721718233752984,0.029002149115643906,46.674324065421494,2.9919865049741254,-0.15153176800076318
gap_off,top10,none,etb,2025H2-26,312.0,312.0,10.0,1.0,6.3980063184713725,8.897989837210984,-2.4999835187396195,-0.17263252052310157,-0.19208773611681376,-0.35483836120365897,-0.1210527329753267,-2.4999835187396133,-2.5785400239879124,-0.022984055438355473,48.549251496670195,2.8371628506287734,-0.213630921109071
gap_off,b2-5,all,all,2020-23,1006.0,1000.0,58.40457256461232,0.9009940357852882,5.263410821807935,8.738410315615544,-3.4749994938076094,-0.30708843720870993,-0.6135672694290731,-0.5441580060521174,-0.12033777298931847,-16.24308694782297,-14.695064236849259,,,,
gap_off,b2-5,all,all,2024-26,686.0,686.0,68.68804664723032,0.9680758017492712,12.162635393125905,8.970478876914283,3.192156516211621,0.31333484327720507,0.5169761157477836,-0.3391293216886303,0.048709127300994526,10.708884649435682,11.70637969230853,0.007328694177169568,46.15157143668767,2.876300730244987,-0.21717962977300242
gap_off,b2-5,all,all,2024H1-25H1,374.0,374.0,55.288770053475936,0.9483957219251337,19.155057371111596,8.721952503835178,10.433104867276416,0.9550732902859914,1.163515653252838,-0.24090472220414416,0.25237159964774136,37.21115787315459,38.93218601623313,0.048156236449579615,44.767070279117284,2.917566980542186,-0.1498285305688426
gap_off,b2-5,all,all,2025H2-26,312.0,312.0,84.75,0.9916666666666666,3.780693663104591,9.268391901053981,-5.487698237949388,-0.595463228314559,-0.6625703148002559,-0.33912932168862986,-0.15226508421434393,-10.016249822996787,-9.600199656685737,-0.04239329548354588,47.80232281686776,2.833892425704448,-0.21717962977300231
gap_off,b2-5,all,etb,2020-23,1006.0,996.0,56.359840954274354,0.8877733598409543,6.205626094169873,7.95309566697765,-1.7474695728077776,-0.1568520878802648,-0.3133928067748604,-0.49343189243531915,-0.08004653326517364,-16.08526752034251,-14.890114798133803,,,,
gap_off,b2-5,all,etb,2024-26,686.0,686.0,66.93586005830903,0.9623906705539358,10.951935761791427,8.520754695159386,2.4311810666320417,0.2426884170063232,0.4004154592213995,-0.33670878888039135,0.029898141976361314,11.185403401526978,12.031292780285437,0.010753898138605951,45.95500599759441,2.8637669637000336,-0.21700805446321003
gap_off,b2-5,all,etb,2024H1-25H1,374.0,374.0,54.4144385026738,0.9403743315508021,17.893892426840686,8.340306857645151,9.553585569195535,0.8917286987194017,1.0863462626037026,-0.2358955246944079,0.22668291588563116,37.97432507720327,39.5439762838371,0.05517025220875399,44.53540757721552,2.9011714320700177,-0.1501954810202505
gap_off,b2-5,all,etb,2025H2-26,312.0,312.0,81.94551282051282,0.9887820512820513,2.630487708174684,8.73706075679504,-6.106573048620355,-0.6709180284235199,-0.7465286656843086,-0.336708788880392,-0.16484712511580413,-10.138230385060742,-9.607483579750554,-0.04305411986967454,47.647604114200014,2.8254176704114,-0.21700805446321025
gap_off,b2-5,catalyst,all,2020-23,1006.0,977.0,12.04572564612326,0.7032803180914513,5.4567108721529785,6.477504506321604,-1.020793634168626,-0.1044459665029824,-0.20868459604866463,-0.4666139819722043,-0.05448757233651791,-6.5419728120269625,-6.033648470218437,,,,
gap_off,b2-5,catalyst,all,2024-26,686.0,677.0,15.93002915451895,0.8112244897959183,2.1070957169371503,7.242151372297979,-5.13505565536083,-0.5514213405206775,-0.9097987947373439,-0.4593090387593033,-0.14522974025086988,1.7365752668223824,2.4030608695822524,0.020844348817404067,44.134991914915105,2.7511388310654157,-0.22550091667747918
gap_off,b2-5,catalyst,all,2024H1-25H1,374.0,367.0,13.470588235294118,0.7489304812834225,4.912135387669293,6.616187253363613,-1.7040518656943202,-0.18243571388236104,-0.22225185331161448,-0.3158655250657768,-0.06806670226675104,13.937048127517608,15.907404617566845,0.07566794018876438,41.84758732212662,2.7308086813402705,-0.16013864962184976
gap_off,b2-5,catalyst,all,2025H2-26,312.0,310.0,18.878205128205128,0.8858974358974359,-1.2553556832353538,7.992505796918017,-9.247861480153372,-0.9957988166613592,-1.108022635252467,-0.41064700874020466,-0.2293538477606193,-8.699075373616083,-9.036478968955494,-0.03704049295652233,46.862282006316754,2.775849338428255,-0.22550091667747907
gap_off,b2-5,catalyst,etb,2020-23,1006.0,975.0,11.750497017892645,0.6922465208747516,5.815843582841975,6.117346689104929,-0.30150310626295446,-0.031745793380802856,-0.06342856780140042,-0.5008204058108428,-0.035560127425334764,-6.103322510535058,-5.58131802709142,,,,
gap_off,b2-5,catalyst,etb,2024-26,686.0,675.0,15.70262390670554,0.8064139941690963,1.0482007961442734,7.040434712327566,-5.992233916183295,-0.6464152710165685,-1.0665307837294962,-0.488506444925655,-0.16330200050807575,2.1366544364496094,2.9207097705431027,0.028802543267767874,43.92007075741357,2.7349403136766157,-0.226733498460843
gap_off,b2-5,catalyst,etb,2024H1-25H1,374.0,366.0,13.382352941176471,0.7459893048128342,4.587635820027001,6.518953979217537,-1.9313181591905384,-0.2079055577468594,-0.25328042705947384,-0.31222870464155905,-0.07310901580485862,14.692420776297043,16.817726089165998,0.0801608698366978,41.79046528330433,2.725782830566776,-0.15954554081595618
gap_off,b2-5,catalyst,etb,2025H2-26,312.0,309.0,18.483974358974358,0.8788461538461539,-3.1945834953048973,7.6655430270171525,-10.860126522322048,-1.1737963639638096,-1.306080022076624,-0.422727997600181,-0.2599282649885448,-8.76010480248509,-8.799527870014414,-0.0251021539488477,46.45921574577459,2.747644825947748,-0.22673349846084268
gap_off,b2-5,none,all,2020-23,1006.0,991.0,46.358846918489064,0.7463220675944333,6.031750692519249,7.445518741401624,-1.4137680488823774,-0.12678776414512158,-0.253323840358953,-0.5287026463871458,-0.07233122230443845,-18.76379156213298,-16.850915047571107,,,,
gap_off,b2-5,none,all,2024-26,686.0,684.0,52.75801749271137,0.8718658892128278,16.13202830701042,8.248734394018458,7.883293912991958,0.7540547425167085,1.244126850912028,-0.30836470997234844,0.17825598817351795,13.418030232249519,14.427613474384232,-0.009996795477478343,47.273701654334076,2.9525719852046177,-0.2120744140739228
gap_off,b2-5,none,all,2024H1-25H1,374.0,372.0,41.81818181818182,0.8112299465240642,23.795904751087296,7.646483901028489,16.149420850058807,1.4786878473761973,1.8014077811575715,-0.19911632126097067,0.44632389819848894,44.70827839096271,46.311699944561106,0.03470418465614888,46.104388961140025,3.0122649960910053,-0.14799495662188
gap_off,b2-5,none,all,2025H2-26,312.0,312.0,65.87179487179488,0.9445512820512822,6.945202056738773,8.970662869589763,-2.025460812850996,-0.20569538876055823,-0.22887669969109972,-0.3083647099723482,-0.07844193667109145,-10.393738997133237,-9.647517330991944,-0.06101509297699768,48.66788217314235,2.890360687656386,-0.2120744140739229
gap_off,b2-5,none,etb,2020-23,1006.0,975.0,44.60934393638171,0.7233598409542744,6.578044605772711,6.52845036391171,0.04959424186100017,0.00459060975389148,0.009172106632576841,-0.43788134067383444,-0.03515728568858567,-18.71460040714274,-17.333502529473442,,,,
gap_off,b2-5,none,etb,2024-26,686.0,681.0,51.2332361516035,0.8609329446064139,15.29783553929149,7.687597932897987,7.6102376063935,0.7403139817604674,1.221455752323428,-0.2970773937816865,0.17151861377066657,13.95878085135949,15.021538380999306,-0.009631656029722083,47.20192707721188,2.949096621188098,-0.21113406243699318
gap_off,b2-5,none,etb,2024H1-25H1,374.0,369.0,41.032085561497325,0.7975935828877005,22.686126436472026,7.165456935508111,15.520669500963912,1.446042555593407,1.7616377358839688,-0.19360904721191086,0.4254611112459221,45.567569637742544,47.13836123366033,0.040294188795142225,45.940268247940246,3.0005098508539136,-0.1482868316570557
gap_off,b2-5,none,etb,2025H2-26,312.0,312.0,63.46153846153846,0.9368589743589744,6.441358630491741,8.313497718230721,-1.872139087738981,-0.19317018187766816,-0.2149399360544527,-0.2970773937816862,-0.0739999381934825,-10.539626861561437,-9.750090923689488,-0.06677645262820647,48.70621260442036,2.8955964522811617,-0.21113406243699318
gap_off,b5-10,all,all,2020-23,1006.0,908.0,9.753479125248509,0.432803180914513,1.777712801332505,4.359797518471255,-2.5820847171387507,-0.24688000486209347,-0.4932699252265257,-0.5199504561936003,-0.0950920823257475,-66.186612269039,-63.24271727183002,,,,
gap_off,b5-10,all,all,2024-26,686.0,657.0,11.545189504373178,0.6005830903790087,7.129179370821138,5.7643557594726325,1.3648236113485037,0.10957745462723678,0.1807935762081875,-0.5188248771099339,-0.014413795341553737,31.201794989511473,32.443444663477,0.02302895590063662,45.77840968119729,2.8261495670874432,-0.22744784302121435
gap_off,b5-10,all,all,2024H1-25H1,374.0,351.0,9.310160427807487,0.5184491978609626,15.187220230352082,4.900793842620864,10.28642638773122,0.8463850312199119,1.031106452792091,-0.18991076884808689,0.23695166129302914,62.8627982624608,65.19220607309224,0.07510880157561824,44.88650714629773,2.8963679823930413,-0.1540239225016662
gap_off,b5-10,all,all,2025H2-26,312.0,306.0,14.224358974358974,0.6990384615384616,-2.5301388390012183,6.799522929032124,-9.329661768033343,-0.7291660042056927,-0.811341029933415,-0.5188248771099341,-0.2493605828307437,6.360962768598992,6.9544858669397644,-0.028196600218581776,46.84183193434676,2.752036557142369,-0.22744784302121457
gap_off,b5-10,all,etb,2020-23,1006.0,886.0,9.265407554671969,0.40765407554671973,1.5430369833112798,3.720764910661508,-2.177727927350228,-0.21879464289905326,-0.43715495389376274,-0.5209319402604589,-0.08279895822781902,-67.78836389751272,-64.99642078049237,,,,
gap_off,b5-10,all,etb,2024-26,686.0,657.0,11.011661807580175,0.5775510204081633,7.04132000806563,5.126696137838162,1.9146238702274658,0.16836422087241237,0.2777867920055024,-0.4796193965985075,0.007530062473163346,31.360449454239067,33.48995564530548,0.031396524965605466,45.91626164669107,2.8404166651098914,-0.22665274344403552
gap_off,b5-10,all,etb,2024H1-25H1,374.0,351.0,9.029411764705882,0.5037433155080214,15.498094636466927,4.516162430378276,10.981932206088649,0.957862430949663,1.1669135169082376,-0.19836833365347417,0.2652557349008622,63.166535164507835,66.6453286938202,0.0860811019354791,45.06131842053542,2.9104783025269483,-0.1522501136216452
gap_off,b5-10,all,etb,2025H2-26,312.0,306.0,13.387820512820513,0.6660256410256411,-3.0959675272615663,5.858553851267643,-8.95452137852921,-0.7967116364533715,-0.8864988712469768,-0.47961939659850694,-0.2332028800794108,5.646024880722755,6.4476260224319875,-0.026158976820825,46.9356170317228,2.7660364703636033,-0.2266527434440352
gap_off,b5-10,catalyst,all,2020-23,1006.0,815.0,3.349900596421471,0.2932405566600398,0.31820091881272455,2.79753136935505,-2.479330450542324,-0.3133695379592502,-0.6261170022407277,-0.4184250912380202,-0.07916630170687222,-18.522962799940746,-14.680594199300906,,,,
gap_off,b5-10,catalyst,all,2024-26,686.0,612.0,5.135568513119534,0.41967930029154515,7.364322868001306,3.8026121612850394,3.5617107067162688,0.3904857054009289,0.644268543905955,-0.41376085052651845,0.06552165360023299,14.2773973308467,15.730892797913341,0.03339511777118881,46.35541398256719,2.885828046372157,-0.2271806589617147
gap_off,b5-10,catalyst,all,2024H1-25H1,374.0,320.0,4.304812834224599,0.3577540106951872,12.649614707635706,3.191078014383259,9.45853669325245,1.1572243142396001,1.4097856338746204,-0.126989370256137,0.2424846978083819,29.98968937079742,33.52580449948249,0.061836469133806596,44.72655316470544,2.936071938385834,-0.14668665242497303
gap_off,b5-10,catalyst,all,2025H2-26,312.0,292.0,6.131410256410256,0.4939102564102564,1.0287486756190438,4.535669119430123,-3.5069204438110777,-0.3459528922984932,-0.3849408424514587,-0.4137608505265188,-0.11371518802700631,1.0537746521636588,0.926038331521376,0.010227017293510353,48.297517265402334,2.837102065346835,-0.22718065896171524
gap_off,b5-10,catalyst,etb,2020-23,1006.0,795.0,3.201789264413519,0.28071570576540755,0.2891775916754415,2.520406938473637,-2.231229346798194,-0.29518119516508484,-0.5897764225526968,-0.41409598321434393,-0.07178904385412865,-17.724041749135722,-13.611768633414899,,,,
gap_off,b5-10,catalyst,etb,2024-26,686.0,612.0,5.026239067055394,0.4115160349854228,7.570411698660622,3.6072094605105383,3.963202238150089,0.4514829631469388,0.744908884606592,-0.42721934025745045,0.07841138520236757,14.789544562231145,16.826399268854985,0.035174023793354964,46.45608035338721,2.8940693111562616,-0.22880734392810265
gap_off,b5-10,catalyst,etb,2024H1-25H1,374.0,320.0,4.264705882352941,0.35508021390374334,12.692870952572529,3.126855930139235,9.566015022433296,1.1765870901329767,1.4333742873020703,-0.13210162645529122,0.2461205264851274,31.18775674976922,34.795226860327205,0.07128944160521533,44.753567207120525,2.934606382931521,-0.14668665242497292
gap_off,b5-10,catalyst,etb,2025H2-26,312.0,292.0,5.939102564102564,0.4791666666666667,1.4300278494200667,4.183017859096651,-2.752990009676583,-0.2900077469864975,-0.3226908314040364,-0.42721934025744956,-0.09315253579954963,0.6745157229849296,1.1875475194034766,0.003443583848446062,48.48599987393596,2.8550134701621683,-0.2288073439281023
gap_off,b5-10,none,all,2020-23,1006.0,639.0,6.403578528827038,0.20735586481113322,-0.48314600939184305,2.219212233728099,-2.7023582431199413,-0.3442741442455669,-0.687864865703879,-0.39184914879141597,-0.08399289656767894,-91.12087161564895,-88.8418464243526,,,,
gap_off,b5-10,none,all,2024-26,686.0,530.0,6.409620991253644,0.313265306122449,4.174698475409996,3.204399330189812,0.9702991452201847,0.09316494767788461,0.15371432130115156,-0.35009586453022423,-0.0093611337451599,44.76209813972206,45.98225542640328,0.01487079421350091,45.687718731378034,2.842131481678842,-0.2102762071538965
gap_off,b5-10,none,all,2024H1-25H1,374.0,261.0,5.005347593582887,0.23743315508021393,9.905514468672141,2.4235532758571696,7.481961192814971,0.752738375821396,0.9170216484748008,-0.15200167445583634,0.17102538569618653,91.13507674300463,92.03702518793575,0.08649253895886648,44.19675134129764,2.872705653080554,-0.1521206923400782
gap_off,b5-10,none,all,2025H2-26,312.0,269.0,8.092948717948717,0.4041666666666667,-2.694933516513215,4.14041351070394,-6.835347027217154,-0.6240475222982823,-0.6943759809817683,-0.35009586453022334,-0.18936123365690627,10.381814597011184,11.593648543393703,-0.053098866736096026,47.46541061955082,2.8110275097624933,-0.21027620715389683
gap_off,b5-10,none,etb,2020-23,1006.0,592.0,6.063618290258449,0.18737574552683897,-0.9358200951227322,1.7468210253800451,-2.682641120502778,-0.37091366536594883,-0.7410910255075516,-0.3834431136716939,-0.08080362905883953,-94.22396744504097,-93.06526757926072,,,,
gap_off,b5-10,none,etb,2024-26,686.0,515.0,5.985422740524782,0.28775510204081634,2.7771890590975317,2.5856553313076494,0.19153372778988403,0.02128196728456074,0.035113454562440694,-0.29640725872368046,-0.020264498331640457,45.27581235429833,48.096099539697995,0.020744084853234198,45.492458104054506,2.83807177115355,-0.20832541154963624
gap_off,b5-10,none,etb,2024H1-25H1,374.0,253.0,4.764705882352941,0.21898395721925135,8.959014985717845,2.006011129623481,6.9530038560943614,0.8024265100065152,0.9775540939879634,-0.16733635288424709,0.16402000703258346,91.78951584436648,95.04662864004271,0.111351852376499,44.063801042955234,2.868342482472279,-0.1503430257445615
gap_off,b5-10,none,etb,2025H2-26,312.0,262.0,7.448717948717949,0.37019230769230776,-4.633076634992196,3.280485239736749,-7.913561874728948,-0.8442054168334011,-0.9393450715178475,-0.2929922329160357,-0.2031384175420784,9.609969144616125,10.941342384405772,-0.06686313537657476,47.19585690767287,2.8068328576508232,-0.20832541154963613
gap_off,b>10,all,all,2020-23,1006.0,655.0,2.0228628230616303,0.16769383697813126,12.986561358516301,1.7513843386117778,11.235177019904524,1.1411052039153986,2.2799451860241473,-0.38531073482711564,0.2867868635697979,26.749030288220716,30.43501270423046,,,,
gap_off,b>10,all,all,2024-26,686.0,557.0,3.0801749271137027,0.2784256559766764,8.26384968363785,2.73156944302241,5.532280240615439,0.5342882762076745,0.8815306808348081,-0.3045213271944487,0.1109722163262401,18.120686021456034,17.727707447304585,0.021144278579901827,46.89426897438685,2.9147336527610994,-0.20204236230278094
gap_off,b>10,all,all,2024H1-25H1,374.0,288.0,2.4679144385026737,0.23128342245989306,4.579294130970704,2.2540184169077,2.325275714063004,0.24721160161886496,0.30116491694906833,-0.2901498637481874,0.031019166013303012,-5.959914563883329,-8.766688845606028,0.03590435991393173,43.01597315875579,2.823206978552257,-0.14224871662699312
gap_off,b>10,all,all,2025H2-26,312.0,269.0,3.8141025641025643,0.3349358974358975,12.680592557668344,3.3040184294547865,9.376574128213555,0.8225986650965137,0.9153032976191612,-0.19580700443858923,0.21502542026039584,36.798328324202444,38.46523664968209,0.007696094029597164,51.518390908408485,3.018168582823312,-0.20204236230278094
gap_off,b>10,all,etb,2020-23,1006.0,611.0,1.8101391650099403,0.14860834990059643,9.811091427869473,1.3332225789444057,8.477868848925064,1.0119855552464336,2.0219622056698117,-0.24045001308896363,0.21075777795073525,14.439053288934561,17.00079115874808,,,,
gap_off,b>10,all,etb,2024-26,686.0,540.0,2.889212827988338,0.2619533527696793,6.840557443008546,2.359530123346939,4.481027319661607,0.4720450793268618,0.7788346454414533,-0.25979687919394234,0.0878751839839591,13.918549985205237,13.405818016586428,0.026615937551465633,46.630687284410854,2.902867584714284,-0.20367715443158962
gap_off,b>10,all,etb,2024H1-25H1,374.0,281.0,2.3475935828877006,0.21978609625668455,2.916054237632989,2.0073923060157397,0.9086619316172516,0.10322724751798017,0.12575633676595632,-0.25154118659771374,-0.0016958042184272992,-12.202658262904647,-13.951329681515814,0.03054527013451702,42.65991566236149,2.8071435467144026,-0.15007082381895298
gap_off,b>10,all,etb,2025H2-26,312.0,259.0,3.5384615384615383,0.31250000000000006,11.544929875093343,2.78164404540421,8.763285829689133,0.8535238903777607,0.949713711689332,-0.14246863512055152,0.20589817251287168,34.6924819071622,37.423019845543116,0.022410972599838624,51.365068833777386,3.0109216100935874,-0.20367715443158996
gap_off,b>10,catalyst,all,2020-23,1006.0,575.0,1.2673956262425448,0.12286282306163022,5.7767139357615935,1.2134424417767982,4.563271493984796,0.6281071690149423,1.2549674748561088,-0.29645383334691366,0.10312936592556898,30.692776738323385,37.769278053834725,,,,
gap_off,b>10,catalyst,all,2024-26,686.0,516.0,2.513119533527697,0.2357142857142857,6.435360639174903,2.232475452439547,4.202885186735356,0.48101099266691627,0.7936276477267814,-0.2111076157005365,0.08505178680232928,18.30879680318401,17.141790150197153,0.042609609501478664,46.56094843090669,2.8980514455643016,-0.20972853184881757
gap_off,b>10,catalyst,all,2024H1-25H1,374.0,264.0,2.0,0.19518716577540107,2.848565076201494,1.8455010605904905,1.003064015611003,0.1258438848956364,0.15330899882916446,-0.2111076157005365,0.005119725680748033,-2.608154126211618,-6.354343919816301,0.059644464074875794,42.683643067881434,2.804630183596464,-0.14704082022310694
gap_off,b>10,catalyst,all,2025H2-26,312.0,252.0,3.128205128205128,0.28429487179487184,10.734916858893028,2.6963486016432237,8.038568257249803,0.8387534174479618,0.9332786466282269,-0.1984768904245583,0.1892880765863214,34.33941083513886,37.26082609083263,0.026987099020669546,51.18388944066755,3.0034390905442465,-0.20972853184881712
gap_off,b>10,catalyst,etb,2020-23,1006.0,547.0,1.1739562624254474,0.11381709741550697,3.396969099883009,1.0211417436141255,2.3758273562688825,0.3610986326395187,0.7214804439954257,-0.3068136449914016,0.047139202168766214,12.773717734860185,20.221845472979105,,,,
gap_off,b>10,catalyst,etb,2024-26,686.0,505.0,2.4183673469387754,0.22740524781341107,6.601399994441672,2.0472631283993197,4.554136866042355,0.5445241361098133,0.8984189880469896,-0.18860869068958142,0.09692267219802297,19.512427848667766,18.49652132268652,0.057354403574520645,46.6490181136569,2.901009546782,-0.2098952343585817
gap_off,b>10,catalyst,etb,2024H1-25H1,374.0,259.0,1.9491978609625669,0.19010695187165783,5.0886870782778315,1.7383960418062654,3.350291036471566,0.4394175207809684,0.5353192984688266,-0.18860869068958142,0.06817486330569245,9.365884460373405,6.015617028709204,0.06300732738304582,43.273604698124615,2.8452552872632393,-0.15164846814282906
gap_off,b>10,catalyst,etb,2025H2-26,312.0,246.0,2.980769230769231,0.27211538461538465,8.41471611830474,2.4175076488666343,5.997208469438109,0.6530635959667005,0.7266620872442282,-0.16962882219404807,0.13240458017936185,27.466008633685608,30.21581305806799,0.05221131928342547,50.67354949371464,2.9664240040639744,-0.2098952343585816
gap_off,b>10,none,all,2020-23,1006.0,243.0,0.7554671968190855,0.05298210735586482,6.813953935432564,0.6176604336759353,6.196293501756628,0.9829653833397237,1.9639794701522884,-0.229361393462311,0.1542302370806281,20.132876704166883,19.08461855550851,,,,
gap_off,b>10,none,all,2024-26,686.0,198.0,0.5670553935860059,0.05058309037900875,1.901575588385938,0.5740928804127926,1.327482707973145,0.2610976925203602,0.4307892141777159,-0.18480904655677222,0.025494296583929987,17.287002248450804,22.805057315153938,-0.045226114760537686,45.80345233707038,2.8957423668730664,-0.19859846412879611
gap_off,b>10,none,all,2024H1-25H1,374.0,90.0,0.4679144385026738,0.041176470588235294,1.4006636936245054,0.45364966355234654,0.9470140300721592,0.2109835817597723,0.2570302221344046,-0.11701204607874649,0.017579247630975514,-20.286296320331537,-18.851281538026633,-0.04306366337626479,42.602362216472315,2.8472331812138054,-0.15665520007173028
gap_off,b>10,none,all,2025H2-26,312.0,108.0,0.6858974358974359,0.06185897435897436,2.5020276673627815,0.7184703262647374,1.7835573410980443,0.3115647328682468,0.3466772309710474,-0.11007074960475871,0.03506338218628513,48.01283051731488,56.31815494813957,-0.04732841645404975,49.62013671162961,2.9533784575057815,-0.19859846412879611
gap_off,b>10,none,etb,2020-23,1006.0,191.0,0.6361829025844931,0.04184890656063619,6.023833255689663,0.3757090530535712,5.648124202636092,1.1310753011773476,2.2599052910298507,-0.08270107238783198,0.14381848436503564,17.512117803562433,11.198537650170698,,,,
gap_off,b>10,none,etb,2024-26,686.0,170.0,0.4708454810495627,0.04183673469387755,0.22218600849161227,0.376700599399419,-0.1545145909078073,-0.03949338825446181,-0.06516076617578055,-0.16960658645579052,-0.008766457090995994,-14.812853654065162,-10.335679496162724,-0.07646604491985612,45.43186968099131,2.879217532383407,-0.20007160689313552
gap_off,b>10,none,etb,2024H1-25H1,374.0,80.0,0.3983957219251337,0.034759358288770054,-2.5203711980502446,0.31339210453053984,-2.833763302580784,-0.7248354043246803,-0.8830289230589589,-0.1418955569671735,-0.07350486301196668,-117.7292867546476,-113.17045700051914,-0.06904584299322797,41.652086193345845,2.7892152776231467,-0.15885973551997568
gap_off,b>10,none,etb,2025H2-26,312.0,90.0,0.5576923076923077,0.05032051282051282,3.509738557359093,0.4525896285050628,3.0571489288540294,0.7813707306680412,0.8694290870987976,-0.053105114137432685,0.07482509735413201,73.3167356102267,70.82327277421012,-0.0861539958849291,49.93853460856861,2.9810403955560387,-0.20007160689313574
pm_s62,top5,all,all,2020-23,1006.0,1006.0,4.966202783300199,0.49662027833001987,8.499283084338513,4.978619352423958,3.520663731914558,0.3120631167087439,0.6235067531324148,-0.45194427998275033,0.04945735401710083,7.089246826072949,11.673857822157565,,,,
pm_s62,top5,all,all,2024-26,686.0,686.0,5.0,0.5,15.034032458814172,4.881304747728673,10.152727711085499,0.879653821471219,1.451354758604239,-0.2833908904717727,0.23792501899237584,20.305455422170997,20.554634790092233,0.040297492950884375,48.093419251031506,2.9688495019480694,-0.20272478741328737
pm_s62,top5,all,all,2024H1-25H1,374.0,374.0,5.0,0.5,15.668353135573033,4.81526871335268,10.853084422220357,0.9904022945610794,1.2065551245750779,-0.18546123879049692,0.2654147000432736,21.70616884444071,21.448563032290462,0.02974308782756629,45.23415101427203,2.9568086880640596,-0.15081580097051195
pm_s62,top5,all,all,2025H2-26,312.0,312.0,5.0,0.5,14.273660878340406,4.960463327397332,9.313197550943071,0.7619957083787914,0.8478705524873729,-0.2099959901000924,0.20575848635372762,18.626395101886146,20.92427849926878,0.0505304730940862,51.50254676409087,2.988311469093852,-0.20272478741328703
pm_s62,top5,all,etb,2020-23,1006.0,1005.0,4.944333996023857,0.49443339960238564,5.175216238256952,4.442854526429113,0.7323617118278376,0.06921879321552772,0.13830017936351793,-0.5019276127035779,-0.01706103440409268,1.4812140774000908,5.826571190344056,,,,
pm_s62,top5,all,etb,2024-26,686.0,686.0,4.998542274052478,0.49985422740524776,12.519881259595687,4.467873688130138,8.052007571465552,0.7281029190673936,1.201308526773306,-0.23049053572912515,0.1782400762853682,16.10871156029562,16.556583976614203,0.05102099344594463,47.54117212647351,2.934167518559268,-0.20358774307064786
pm_s62,top5,all,etb,2024H1-25H1,374.0,374.0,5.0,0.5,14.512205825132481,4.5090900652513985,10.003115759881085,0.929399168136279,1.1322382179936332,-0.1912645778287958,0.24023367884175006,20.006231519762167,19.73646822687111,0.041657024995105776,44.973571446579655,2.9356419088231425,-0.15597749742436706
pm_s62,top5,all,etb,2025H2-26,312.0,312.0,4.996794871794871,0.4996794871794872,10.131646043215042,4.418466877093754,5.713179166121288,0.5003165752077364,0.5567008926369178,-0.18633805967674189,0.1079972069500772,11.433687619177947,13.134632276752248,0.060840839645959516,50.60254216788543,2.9387535661351114,-0.20358774307064798
pm_s62,top5,catalyst,all,2020-23,1006.0,997.0,4.616302186878728,0.4616302186878728,3.6039915283916018,4.395284923754543,-0.7912933953629429,-0.07490048347602478,-0.14965228109213377,-0.5551976989268887,-0.05405754080159342,-1.7141282423236839,3.5382248033711616,,,,
pm_s62,top5,catalyst,all,2024-26,686.0,684.0,4.849854227405248,0.48498542274052486,9.195522646862285,4.478482904341799,4.717039742520488,0.4420409810555131,0.7293304089556507,-0.2612731667844319,0.08622442688909282,9.726147470300736,9.150819544830725,0.09169564183015066,46.69796320233506,2.8671288302325095,-0.20596166809428584
pm_s62,top5,catalyst,all,2024H1-25H1,374.0,372.0,4.7727272727272725,0.4772727272727273,7.152524542681034,4.331149426445724,2.821375116235315,0.2884225480335973,0.35137004960914586,-0.19685235351681285,0.04165153282666667,5.911452624493035,4.251695475875852,0.08233986467130114,43.15555888844119,2.80852740057247,-0.16151150990278296
pm_s62,top5,catalyst,all,2025H2-26,312.0,312.0,4.9423076923076925,0.4942307692307693,11.644501143541094,4.655094188742862,6.989406954798228,0.5993227695496894,0.6668648158366727,-0.23262113063633105,0.14217530093741892,14.141990725661788,15.731738148179959,0.09986067687280294,50.92159911505466,2.9360730486934505,-0.20596166809428584
pm_s62,top5,catalyst,etb,2020-23,1006.0,997.0,4.579522862823062,0.4579522862823062,1.8733445384630403,4.043097470083439,-2.169752931620398,-0.21953631801251813,-0.43863683181241214,-0.58833335775282,-0.08224678747903424,-4.737945407445458,1.114369725189599,,,,
pm_s62,top5,catalyst,etb,2024-26,686.0,683.0,4.845481049562682,0.4845481049562682,9.664921475568944,4.265146166491444,5.399775309077501,0.5194998436584991,0.8571310119779771,-0.23544635515401402,0.10712226954911297,11.14394061981698,9.945840555443942,0.09613050238734923,46.86914616968086,2.8787342298465175,-0.2120013678552951
pm_s62,top5,catalyst,etb,2024H1-25H1,374.0,371.0,4.767379679144385,0.4767379679144385,9.15909913134447,4.213443220490938,4.945655910853537,0.5129987163603852,0.6249594064191534,-0.2266010280824381,0.09985532880043246,10.373950143910388,7.962059646618192,0.08851703868981955,43.68948430321755,2.8421559112724455,-0.16930916378208605
pm_s62,top5,catalyst,etb,2025H2-26,312.0,312.0,4.939102564102564,0.4939102564102565,10.271259798453404,4.327123415863847,5.944136382589558,0.5285189095858048,0.5880815534039464,-0.2261256610375516,0.11589658335488862,12.034851079610268,13.785246001027081,0.10307405776927174,50.660281472002495,2.9241166006945245,-0.21200136785529522
pm_s62,top5,none,all,2020-23,1006.0,1002.0,4.641153081510934,0.4641153081510934,7.027107370539642,4.847236561657185,2.179870808882455,0.2330303192214169,0.465598047124435,-0.3311126128412244,0.02751177375607239,4.696830228605165,6.877054649612282,,,,
pm_s62,top5,none,all,2024-26,686.0,686.0,4.908163265306122,0.49081632653061225,7.085264337306121,5.012808969354198,2.072455367951921,0.18763599205554438,0.30958359221332804,-0.37693350303759177,0.013609887692894507,4.222466238238847,7.513164718396502,0.00985253236358084,45.93113219649003,2.854682892269602,-0.20719766973587295
pm_s62,top5,none,all,2024H1-25H1,374.0,374.0,4.858288770053476,0.48582887700534755,14.948429589603037,4.860377630089257,10.088051959513782,0.8952419108557819,1.0906262245243759,-0.18683298152742134,0.2386900513281225,20.76461988364422,24.51067866503232,0.016744446585969956,44.791225816094546,2.9317437567371574,-0.15258290773515482
pm_s62,top5,none,all,2025H2-26,312.0,312.0,4.967948717948718,0.4967948717948718,-2.340452984357492,5.195531151678199,-7.535984136035695,-0.7005069839802426,-0.7794522160659488,-0.3344222523235316,-0.20297430763712465,-15.169206777052482,-13.059310185157914,0.0036838429610014396,47.290251342346174,2.7766271132032556,-0.20719766973587284
pm_s62,top5,none,etb,2020-23,1006.0,998.0,4.532803180914513,0.4532803180914513,4.9062306672393925,4.117049270926995,0.7891813963123964,0.09223928174018092,0.18429545816131618,-0.3130547132360183,-0.003320621952262237,1.7410449225663847,2.60245452151458,,,,
pm_s62,top5,none,etb,2024-26,686.0,686.0,4.876093294460642,0.48760932944606417,3.7367760092454465,4.3480510486740584,-0.6112750394286134,-0.06286197086477635,-0.1037169603802139,-0.38909181511601143,-0.04434433479832267,-1.2536163738356576,0.7730844644036121,-0.005920899739928873,45.230393096839,2.8277508405899203,-0.20575807693769388
pm_s62,top5,none,etb,2024H1-25H1,374.0,374.0,4.804812834224599,0.4804812834224599,12.84933918937642,4.30924287918746,8.540096310188963,0.8295745665744816,1.010627146175156,-0.19415616754659615,0.19925138022829025,17.77404574296423,21.95896981374718,0.026938891857478116,44.350957986773544,2.9069880033199325,-0.15252572036056378
pm_s62,top5,none,etb,2025H2-26,312.0,312.0,4.961538461538462,0.49615384615384617,-7.186617033603863,4.394571097994533,-11.5811881315984,-1.2925037223430058,-1.4381653769238627,-0.3706346066189036,-0.27205710041506037,-23.341929567562662,-24.212947669944388,-0.044248776260898015,46.278950343455506,2.7452173212515274,-0.20575807693769388
pm_s62,top10,all,all,2020-23,1006.0,1006.0,9.603379721669981,0.9603379721669979,7.218615909219974,9.589418394524227,-2.370802485304259,-0.14236415519816142,-0.28444570158187377,-0.6992328443792675,-0.13784116487172404,-2.468716799726817,-0.05886898344067615,,,,
pm_s62,top10,all,all,2024-26,686.0,686.0,9.932944606413994,0.9932944606413994,18.04677937885763,9.5629706086135,8.483808770244122,0.4764689783655828,0.7861337064637699,-0.41622062566615514,0.11992575337128497,8.541081327249008,10.049255853424814,0.04323604085506918,47.593985862384585,2.8629273604431105,-0.21475214882543336
pm_s62,top10,all,all,2024H1-25H1,374.0,374.0,9.903743315508022,0.9903743315508021,18.739720876204142,9.37216665738006,9.367554218824084,0.53531615910519,0.6521475753672964,-0.3330238250495684,0.14925786713242695,9.458599562203583,10.519575689981652,0.04453660631431525,44.71186630056841,2.832630516422455,-0.15866979538966086
pm_s62,top10,all,all,2025H2-26,312.0,312.0,9.967948717948717,0.9967948717948718,17.216137968576867,9.791690729643328,7.424447238933543,0.408067713830338,0.4540558354504477,-0.3421464125727127,0.08574971078508509,7.4483200596375125,9.051642190480907,0.04207612306679628,51.03035918608849,2.900060851624315,-0.2147521488254336
pm_s62,top10,all,etb,2020-23,1006.0,1005.0,9.490059642147118,0.9490059642147117,4.146476566910033,8.502003109470477,-4.355526542560444,-0.27609104029160797,-0.55163400890416,-0.7355403090271841,-0.17223455469881876,-4.589567091039915,-1.4751599171584606,,,,
pm_s62,top10,all,etb,2024-26,686.0,686.0,9.903790087463557,0.9903790087463556,16.138703934305262,8.769565057325103,7.369138876980157,0.43920127150725924,0.7246451272399196,-0.4133912415998364,0.10128177173631414,7.4407260371039,8.219061823151065,0.058697155704382394,47.29852427031769,2.847842941253948,-0.22108290774347195
pm_s62,top10,all,etb,2024H1-25H1,374.0,374.0,9.863636363636363,0.9863636363636363,20.912527081800654,8.772239890067844,12.140287191732813,0.733568212653175,0.8936676450192574,-0.3390928112697815,0.2451922248031384,12.30812526350792,12.36094420317682,0.054935865496344924,45.37939503897696,2.881022677023704,-0.16488440413882743
pm_s62,top10,all,etb,2025H2-26,312.0,312.0,9.951923076923077,0.9951923076923077,10.416236443397331,8.766358687306564,1.6498777560907583,0.09666230841366011,0.10755588770147453,-0.34527267016551166,-0.04947992475315899,1.657848180033231,2.7799782090282,0.06326494451784358,49.58671681537778,2.8172887414593313,-0.22108290774347206
pm_s62,top10,catalyst,all,2020-23,1006.0,997.0,7.932405566600398,0.7932405566600398,6.689923895045259,7.465887943332848,-0.7759640482875922,-0.05433974993157843,-0.10857162936524785,-0.6448059299197362,-0.081117264816298,-0.9782203415755836,2.6344718292812637,,,,
pm_s62,top10,catalyst,all,2024-26,686.0,684.0,8.905247813411078,0.890524781341108,11.051063721798599,8.095316336825642,2.955747384972956,0.1935645144106267,0.31936515505261576,-0.4019213439614524,0.0005997264952253278,3.3191073925216066,3.6125120874563916,0.062363983725284344,46.21982005313962,2.7996232341781795,-0.22834549920471026
pm_s62,top10,catalyst,all,2024H1-25H1,374.0,372.0,8.459893048128341,0.8459893048128342,9.96505417288306,7.575516930807334,2.389537242075724,0.1645986230873962,0.20052186194915148,-0.3181597536154255,-0.006330482266035831,2.824547814590145,2.381410969664073,0.07819319074422804,42.97984621111808,2.741245853010046,-0.18140229372428807
pm_s62,top10,catalyst,all,2025H2-26,312.0,312.0,9.439102564102564,0.9439102564102564,12.352882860562742,8.718409214552716,3.6344736460100235,0.22504851661977365,0.2504108724297667,-0.40192134396145207,0.008970816783135271,3.8504440664011144,4.4600754735197095,0.047156313613970234,50.082865787857614,2.8667581032210387,-0.22834549920471048
pm_s62,top10,catalyst,etb,2020-23,1006.0,997.0,7.78131212723658,0.778131212723658,3.780723862335175,6.852558417181869,-3.071834554846692,-0.22601247154075296,-0.45157628297781666,-0.6825791520228854,-0.12743927001243338,-3.9477076675725256,-0.12050067147409993,,,,
pm_s62,top10,catalyst,etb,2024-26,686.0,683.0,8.86734693877551,0.886734693877551,10.472326080583622,7.748008869692234,2.724317210891389,0.18379739758574423,0.30325023446041266,-0.43468900261291943,-0.0009004780353837338,3.0723024932952385,3.5031412337068777,0.0679240904246984,46.16179333551537,2.798227750706959,-0.2354705705422172
pm_s62,top10,catalyst,etb,2024H1-25H1,374.0,371.0,8.43048128342246,0.8430481283422461,10.992430907519742,7.392347684157465,3.6000832233622773,0.25208935129451515,0.3071072233228216,-0.34033634007877334,0.026627397422953614,4.2703175564145015,4.185472722425225,0.08802708910960669,43.284109784371566,2.7579190715623896,-0.1880654387201497
pm_s62,top10,catalyst,etb,2025H2-26,312.0,312.0,9.39102564102564,0.9391025641025641,9.848867089320454,8.174346316455065,1.6745207728653857,0.10824785516794332,0.12044709406839978,-0.43468900261291965,-0.03292765074286619,1.7831074441433488,1.929742087166656,0.04830678799926416,49.59287756957145,2.8455472009753207,-0.23547057054221765
pm_s62,top10,none,all,2020-23,1006.0,1002.0,8.162027833001988,0.8162027833001987,5.104004033280177,8.389324385724915,-3.2853203524447387,-0.2277895867845085,-0.45512698569226245,-0.6528550296455706,-0.13838907476965856,-4.025127602678607,-1.4373981617392761,,,,
pm_s62,top10,none,all,2024-26,686.0,686.0,9.122448979591837,0.9122448979591836,4.663159478857635,9.04865524406218,-4.385495765204547,-0.2705249797300996,-0.44634344451084906,-0.6690189210349491,-0.17585798582252798,-4.807366722483727,-2.424755909162159,0.012109957547274027,44.170001975240055,2.6966772402767494,-0.2157264064564297
pm_s62,top10,none,all,2024H1-25H1,374.0,374.0,8.676470588235293,0.8676470588235294,18.87282872582502,8.459629648061103,10.413199077763915,0.6261103352440324,0.7627573539426191,-0.2955676151699662,0.19214370537251124,12.001653174371974,14.741870369393785,0.023469843623720385,44.6119967934003,2.8552563393849595,-0.16111878625536002
pm_s62,top10,none,all,2025H2-26,312.0,312.0,9.657051282051283,0.9657051282051281,-12.370226092827629,9.75473079824296,-22.12495689107059,-1.4141427327443663,-1.573512773003619,-0.5599713176084178,-0.4705612368213351,-22.910675572565616,-22.233512834489854,0.0012227329038800572,43.64300815358746,2.5283123246190096,-0.21572640645643004
pm_s62,top10,none,etb,2020-23,1006.0,998.0,7.897614314115308,0.7897614314115309,7.251021343007476,7.133690453151604,0.11733088985587309,0.008672997633653456,0.017328778394312763,-0.5004626387593349,-0.05341028733617492,0.14856497821901546,0.6481192238385961,,,,
pm_s62,top10,none,etb,2024-26,686.0,686.0,9.010204081632653,0.9010204081632651,4.759275357160208,8.016589479167937,-3.25731412200773,-0.21916189872177014,-0.36159868444906035,-0.6291339577717074,-0.14073781948772734,-3.6151391161580704,-2.533641348838096,0.007675645983969824,44.47989769312975,2.732078415131275,-0.21954642844981265
pm_s62,top10,none,etb,2024H1-25H1,374.0,374.0,8.524064171122994,0.8524064171122995,19.369451438679416,7.642235335480563,11.727216103198852,0.7429206110848307,0.9050611810770298,-0.3010598595427001,0.2428315998949926,13.75777547865863,15.945947120602133,0.029646775279792342,44.99195945766499,2.8857984523407367,-0.15817015876400586
pm_s62,top10,none,etb,2025H2-26,312.0,312.0,9.592948717948717,0.9592948717948718,-12.754204945686539,8.465334510382933,-21.219539456069466,-1.5586818179495057,-1.7343410200414366,-0.5412492541887423,-0.44793872369179244,-22.119934214145253,-22.39905191111516,-0.01710446555701884,43.86936251233774,2.5666726120031647,-0.21954642844981298
pm_s62,b2-5,all,all,2020-23,1006.0,1001.0,29.175944333996025,0.8158051689860836,0.626232205834688,7.912799498349353,-7.286567292514667,-0.6368442539589749,-1.2724243006506815,-0.6548444609083088,-0.20167587688182553,-16.95663005370055,-15.16343121875869,,,,
pm_s62,b2-5,all,all,2024-26,686.0,686.0,39.87900874635569,0.9183673469387755,2.22947302447901,8.472668303883102,-6.243195279404094,-0.5539277984944524,-0.9139342394073796,-0.5413024747855795,-0.17933598471999268,5.561568844618825,6.798790345545881,0.013557668960202753,43.74913055651313,2.7157991688743293,-0.21889915450128872
pm_s62,b2-5,all,all,2024H1-25H1,374.0,374.0,31.22994652406417,0.8850267379679144,7.23186286242355,8.093961224487368,-0.862098362063823,-0.07448676637257719,-0.09074331730995101,-0.3049109579583922,-0.06202797611949429,32.16411968967535,33.76688283288801,0.0677484971641494,41.860596539776935,2.712149800408658,-0.15446054561576528
pm_s62,b2-5,all,all,2025H2-26,312.0,312.0,50.24679487179487,0.9583333333333334,-3.7669814607493786,8.926631277261322,-12.6936127380107,-1.164447849573324,-1.2956779555373503,-0.45262776129413673,-0.3007855613970677,-14.258409076556159,-13.401649217460703,-0.04635584361633204,46.00084419185242,2.721574517146302,-0.21889915450128894
pm_s62,b2-5,all,etb,2020-23,1006.0,997.0,27.697813121272365,0.7951292246520875,2.661550777250332,7.028711689628379,-4.367160912378046,-0.39345365353042533,-0.7861262574321003,-0.5313475488964248,-0.13857451017128775,-16.28679656350179,-15.133295305429023,,,,
pm_s62,b2-5,all,etb,2024-26,686.0,685.0,38.57142857142857,0.9109329446064142,1.753916154520131,7.979902796889998,-6.225986642369862,-0.5642787385184581,-0.9310124191335157,-0.5105824672330836,-0.17759995660325145,5.8225271563622565,7.033961207891174,0.015638220101404827,43.75722050609857,2.7171483440445554,-0.21553925145700492
pm_s62,b2-5,all,etb,2024H1-25H1,374.0,374.0,30.553475935828878,0.8762032085561499,6.579590561785179,7.699464118285101,-1.119873556499925,-0.09809760981945416,-0.11950716843672406,-0.29339202824418487,-0.06702544738305116,32.65792397124323,34.72143933999553,0.07327649941125039,41.802747785973985,2.7072954175889206,-0.15578898497148708
pm_s62,b2-5,all,etb,2025H2-26,312.0,311.0,48.18269230769231,0.9525641025641025,-4.0307063721373275,8.316069674448432,-12.346776046585754,-1.1689532165048595,-1.3006910650698522,-0.4262595026602223,-0.2930163741128311,-14.575801813480414,-13.807626014010914,-0.04937249323526999,46.08755336470866,2.7295254267039963,-0.2155392514570047
pm_s62,b2-5,catalyst,all,2020-23,1006.0,955.0,7.246520874751491,0.5481113320079523,2.6343705402548263,5.011146782534809,-2.3767762422799827,-0.26850330528537086,-0.5364736013966506,-0.36967909532863885,-0.08125963552484416,-6.043801041037175,-4.5065665126463355,,,,
pm_s62,b2-5,catalyst,all,2024-26,686.0,672.0,10.310495626822158,0.6931486880466472,-5.23013601070204,6.111984538871807,-11.342120549573844,-1.1675396716560862,-1.926342177975445,-0.6002822912974874,-0.27090252269670656,-9.433166508429597,-7.861325920351379,0.012198695324823091,42.56353986875926,2.653821410929091,-0.21738261509142542
pm_s62,b2-5,catalyst,all,2024H1-25H1,374.0,363.0,8.743315508021391,0.618716577540107,-1.7385317739444033,5.385838547765676,-7.124370321710076,-0.7559683871081545,-0.9209566016669286,-0.3537067567726986,-0.18751479298694518,2.914903003862325,6.276102618400646,0.07039283182450114,40.457368650485385,2.6414269590645127,-0.15973627576548732
pm_s62,b2-5,catalyst,all,2025H2-26,312.0,309.0,12.189102564102564,0.782371794871795,-9.415584679123054,6.982428771800311,-16.398013450923365,-1.630414695703599,-1.8141579980428904,-0.5172271567366222,-0.3596608576775341,-20.05062307040556,-19.66399820476577,-0.044987304672664895,45.07474401362426,2.6698714018800147,-0.21738261509142565
pm_s62,b2-5,catalyst,etb,2020-23,1006.0,950.0,7.010934393638171,0.5348906560636182,3.4226350783111688,4.664857008592117,-1.242221930280946,-0.14738099924042766,-0.2944694306683348,-0.3708403692680672,-0.052395964989575106,-4.686629873455891,-3.6494363375643553,,,,
pm_s62,b2-5,catalyst,etb,2024-26,686.0,672.0,10.15597667638484,0.6879008746355686,-5.0075125045115465,5.934716934066842,-10.942229438578385,-1.1311811231938032,-1.866353633574625,-0.5876775875135847,-0.26333845372540887,-8.271177696272382,-6.466420805049636,0.016788973665439008,42.66380496457172,2.6585367379900706,-0.21672344397995158
pm_s62,b2-5,catalyst,etb,2024H1-25H1,374.0,363.0,8.681818181818182,0.6157754010695187,-1.3732443099252623,5.304339171364316,-6.677583481289575,-0.7076049193248323,-0.8620379276930868,-0.3447129400561729,-0.1783639939353242,3.9808160157083736,7.421695303714978,0.07375054519864249,40.56966588053732,2.6472962009792758,-0.15800191062000146
pm_s62,b2-5,catalyst,etb,2025H2-26,312.0,309.0,11.923076923076923,0.7743589743589744,-9.363975019816898,6.690362072691025,-16.054337092507925,-1.6127028546046038,-1.7944500806188877,-0.5148645843461357,-0.3536987005127732,-18.96532382068139,-18.263349498350482,-0.03980155196703965,45.16066310322812,2.673346580168666,-0.21672344397995125
pm_s62,b2-5,none,all,2020-23,1006.0,976.0,21.929423459244532,0.6381709741550696,2.2365359609699964,6.3739015141709165,-4.13736555320092,-0.3856042961325579,-0.7704431244911188,-0.5760879975436255,-0.13129926082509058,-20.562745982367247,-18.834333837572288,,,,
pm_s62,b2-5,none,all,2024-26,686.0,678.0,29.568513119533527,0.7801749271137027,5.350285512574467,7.390442386781975,-2.040156874207509,-0.1809450848034837,-0.29854415846947585,-0.48475383592717336,-0.08755242110634354,10.790210293648181,11.727366322051338,0.002809036274060511,44.71988268610491,2.7816092284707534,-0.22083601020750698
pm_s62,b2-5,none,all,2024H1-25H1,374.0,368.0,22.486631016042782,0.7061497326203209,14.101202256692122,6.656481743640929,7.444720513051195,0.6707658674876832,0.8171588446955079,-0.23315192253058403,0.16048680669990567,43.53688289569302,44.79184564601641,0.05853060480206555,43.795706580026454,2.8487701948588056,-0.15373234152219628
pm_s62,b2-5,none,all,2025H2-26,312.0,310.0,38.05769230769231,0.8689102564102564,-5.139595456335801,8.270254183367719,-13.409849639703518,-1.1702047465474623,-1.3020836391447559,-0.42212853170928377,-0.3160520226082989,-12.403281081052604,-11.338280853922987,-0.05224544949370268,45.82178496642923,2.7110012446575076,-0.2208360102075071
pm_s62,b2-5,none,etb,2020-23,1006.0,957.0,20.686878727634195,0.6105367793240557,2.9126554260432314,5.42199393826011,-2.5093385122168774,-0.24541572810552484,-0.4903442784669714,-0.47747349439764897,-0.09186547840993342,-20.218177836140963,-19.211094014813874,,,,
pm_s62,b2-5,none,etb,2024-26,686.0,673.0,28.41545189504373,0.7679300291545189,5.097600492097369,6.792382841419065,-1.6947823493216965,-0.15675046739966425,-0.25862507638908133,-0.46455868047753845,-0.07656631070900177,10.859763174846098,11.945749451120072,0.0014674815591178953,44.82433859863145,2.7920379174487815,-0.21314597416704384
pm_s62,b2-5,none,etb,2024H1-25H1,374.0,364.0,21.871657754010695,0.6927807486631017,13.248020815735796,6.183013066863567,7.065007748872227,0.6565306128044885,0.7998167811906454,-0.22027902609286043,0.1521228529218015,44.04112318048793,45.41702515497738,0.06341676365241478,43.73310703620791,2.845510923692835,-0.15504666005917167
pm_s62,b2-5,none,etb,2025H2-26,312.0,309.0,36.25961538461539,0.8580128205128207,-4.672454639443571,7.522845327584949,-12.195299967028513,-1.1236910485124656,-1.2503279738338973,-0.3822715217055942,-0.2917000368104635,-13.132416162743418,-12.734309383015216,-0.061679371529370024,46.125422384597975,2.7358691929978045,-0.21314597416704384
pm_s62,b5-10,all,all,2020-23,1006.0,912.0,7.596421471172962,0.41928429423459246,0.6856061526645639,4.185401267157991,-3.4997951144934305,-0.35746342020177707,-0.7142172354243267,-0.5346792656810095,-0.1118875458300298,-44.358331757655904,-41.83350930415724,,,,
pm_s62,b5-10,all,all,2024-26,686.0,658.0,10.227405247813412,0.5803206997084548,8.319750731389028,5.546009971999952,2.7737407593890775,0.2278540875994114,0.375940064412774,-0.49435885603049934,0.023461577145842183,24.26309983760473,26.700932637593557,0.021738838274031985,46.165028601601335,2.853297102867439,-0.2205043321017166
pm_s62,b5-10,all,all,2024H1-25H1,374.0,353.0,8.077540106951872,0.49652406417112305,18.563996268555318,4.6482388514608175,13.9157574170945,1.1961091052902069,1.4571569335654526,-0.23064700617468603,0.3606551827575011,63.21894185119667,67.5079791805732,0.0610819983312528,45.86005688262268,2.9733065132323233,-0.1553448503793733
pm_s62,b5-10,all,all,2025H2-26,312.0,305.0,12.804487179487179,0.6807692307692309,-3.9602102650859408,6.622184328030839,-10.58239459311678,-0.8294934488970173,-0.9229751048038126,-0.49435885603049934,-0.2725246904848968,-5.1951226212341375,-3.9546546112114656,-0.014683802680933996,46.52864872807591,2.7270645280540573,-0.2205043321017165
pm_s62,b5-10,all,etb,2020-23,1006.0,898.0,7.108349900596422,0.39304174950298215,3.019444273909573,3.532394780470032,-0.5129505065604565,-0.05523112401052622,-0.11035260804562759,-0.48988346006947314,-0.03945319779189538,-42.34882508916514,-39.97318565403922,,,,
pm_s62,b5-10,all,etb,2024-26,686.0,655.0,9.706997084548105,0.5567055393586007,8.641032920224774,4.898297074289052,3.7427358459357207,0.33071822630232955,0.5456572344541837,-0.4463247585994493,0.05554660591680016,25.710721888869216,27.378702275477032,0.028298118075752346,46.40798570297963,2.872818483931487,-0.22624538405326178
pm_s62,b5-10,all,etb,2024H1-25H1,374.0,352.0,7.788770053475936,0.48101604278074866,17.889705075232566,4.242726885954682,13.646978189277883,1.2232273102233433,1.4901936190729852,-0.2331397809247664,0.35617958670594096,64.64301831961936,68.3190500693571,0.06356671266007431,45.79250081326554,2.97327363637127,-0.15138630821909582
pm_s62,b5-10,all,etb,2025H2-26,312.0,303.0,12.006410256410257,0.6474358974358975,-2.4455163937909763,5.684140825689866,-8.129657219480846,-0.7081812878974493,-0.7879913931645731,-0.44632475859944987,-0.21835562933262032,-4.564179206372414,-4.354034609550268,-0.006361560118703094,47.1418330714849,2.7676441885294536,-0.226245384053262
pm_s62,b5-10,catalyst,all,2020-23,1006.0,808.0,2.8141153081510932,0.263220675944334,2.3094786523491155,2.481346896831104,-0.17186824448198737,-0.024389602355357063,-0.0487307886147036,-0.31911636221458184,-0.019951820695432,-5.762171465498177,-3.8163633678708333,,,,
pm_s62,b5-10,catalyst,all,2024-26,686.0,610.0,4.6384839650145775,0.3954810495626823,7.881574206839881,3.591852208038745,4.289721998801137,0.49429008878766933,0.8155370385284771,-0.3975669686480079,0.08798454966908653,13.226543711772043,14.928368889818586,0.012520811087789201,46.54101794876495,2.9089412903271956,-0.22230760388330362
pm_s62,b5-10,catalyst,all,2024H1-25H1,374.0,324.0,3.8155080213903743,0.33368983957219256,14.36680563057257,2.975305877415421,11.391499753157149,1.4204362254191834,1.730442888029781,-0.12076121691062935,0.3056559304999076,36.40789988141524,39.43372927907798,0.04205222670699133,45.21803494531783,2.9774495166918347,-0.14619697410820287
pm_s62,b5-10,catalyst,all,2025H2-26,312.0,286.0,5.625,0.46955128205128205,0.10761089762185734,4.330917360773115,-4.223306463151257,-0.449632052335823,-0.5003043618724616,-0.39756696864800756,-0.12566663215806284,-5.622342472889408,-6.436636792236954,-0.0128333757171695,48.11842076056729,2.8402997961779515,-0.22230760388330362
pm_s62,b5-10,catalyst,etb,2020-23,1006.0,794.0,2.676938369781312,0.2512922465208748,3.428969210483324,2.219219080585711,1.2097501298976139,0.17966880040763591,0.3589809380963029,-0.30937901801698553,0.0161743676972268,-0.858419386578694,1.1613469088441082,,,,
pm_s62,b5-10,catalyst,etb,2024-26,686.0,606.0,4.51603498542274,0.3860058309037901,6.9473663437883415,3.369077500174956,3.5782888436133864,0.42385979054889994,0.6993329750620193,-0.39760804395306426,0.07003269625655317,11.25855204981305,13.85958368776767,0.015541780807535939,46.362639606491996,2.898217207380749,-0.22567549844238965
pm_s62,b5-10,catalyst,etb,2024H1-25H1,374.0,323.0,3.770053475935829,0.32967914438502677,13.776841700169092,2.888068494378847,10.888773205790248,1.3729417967269135,1.672582918760607,-0.12589803176420333,0.28980005067292436,35.54570472779426,38.32731214806055,0.04718808580602136,45.091677600751154,2.967915219995354,-0.14619697410820287
pm_s62,b5-10,catalyst,etb,2025H2-26,312.0,283.0,5.410256410256411,0.453525641025641,-1.2392483462321737,3.945671628917728,-5.184919975149898,-0.576186315320513,-0.6411209461347989,-0.39760804395306415,-0.14463663504604518,-9.028702260585948,-9.026607881100563,-0.012543874026732692,47.87801738256763,2.828024749871095,-0.22567549844238954
pm_s62,b5-10,none,all,2020-23,1006.0,645.0,4.782306163021869,0.2175944333996024,-2.9131448659113124,2.3031636712507946,-5.216308537162109,-0.6872908257195433,-1.373217302069205,-0.4947356032980823,-0.13913147623242472,-67.0699779407984,-64.17747984016788,,,,
pm_s62,b5-10,none,all,2024-26,686.0,534.0,5.588921282798834,0.30247813411078717,3.046830213992518,3.059407936174987,-0.012577722182468032,-0.0012164117428246086,-0.0020069769814878642,-0.42813628194400444,-0.03316433551265163,33.42280812983206,36.15173472489294,0.01744237381200995,45.471571789303674,2.828075794874634,-0.20661374310815528
pm_s62,b5-10,none,all,2024H1-25H1,374.0,271.0,4.262032085561497,0.22967914438502676,10.90787383634595,2.2941291961472476,8.613744640198707,0.8840996702346878,1.0770522176844708,-0.15431358107604998,0.20647406390450307,87.22104780532348,89.40280133073469,0.06994308517640761,44.53691431632741,2.9044248727683346,-0.15221881666335146
pm_s62,b5-10,none,all,2025H2-26,312.0,263.0,7.17948717948718,0.3897435897435898,-6.376343871777305,3.9767612976184954,-10.353105169395803,-0.941735215771716,-1.0478662135669896,-0.42813628194400444,-0.25855736147008634,-4.860403496388158,-2.424504357011775,-0.030513381458702443,46.58597108400615,2.7487250489563118,-0.20661374310815528
pm_s62,b5-10,none,etb,2020-23,1006.0,606.0,4.431411530815109,0.19671968190854874,-2.073140716539437,1.806753072770983,-3.8798937893104206,-0.5547476635702995,-1.1083940908125236,-0.4128763068668072,-0.10715502665253196,-67.41245509299314,-65.41036052857245,,,,
pm_s62,b5-10,none,etb,2024-26,686.0,509.0,5.190962099125365,0.2772594752186589,4.719330741450131,2.4610829271323595,2.258247814317773,0.24848514843788633,0.40997957813067565,-0.338374838808851,0.03173023252581486,38.28382555677037,39.345577971875606,0.022364633023582627,46.04093813361624,2.8709564995920624,-0.20894069336940757
pm_s62,b5-10,none,etb,2024H1-25H1,374.0,258.0,4.018716577540107,0.2109625668449198,11.24422003040774,1.8776531104130367,9.366566919994705,1.06284627898879,1.2948098278768592,-0.15012375537437683,0.23613224598521998,91.93989933390637,93.87803619128918,0.08405061020398166,44.726131744179355,2.9207479151911215,-0.14825023660319803
pm_s62,b5-10,none,etb,2025H2-26,312.0,251.0,6.596153846153846,0.35673076923076924,-3.102171162620851,3.160450720251035,-6.262621882871881,-0.666690729525542,-0.7418249616965481,-0.33837483880885066,-0.16925399491287219,-0.9023157877560644,-0.24027998137863257,-0.03768553552655913,47.608591905637134,2.819856286567641,-0.20894069336940768
pm_s62,b>10,all,all,2020-23,1006.0,772.0,3.0626242544731612,0.24801192842942346,7.791004577796669,2.4249771072665807,5.366027470530089,0.5374634939005946,1.0738600624883567,-0.40002365861036526,0.10903262978897188,2.931106991198397,8.59571935275206,,,,
pm_s62,b>10,all,all,2024-26,686.0,568.0,3.107871720116618,0.2893586005830904,10.750413144200682,2.832613266286739,7.917799877913939,0.7476560170242706,1.233569492476502,-0.2974013934702008,0.17810350566967803,29.20603166691346,28.948866844655488,0.00859859676071746,47.492392684615936,2.955931118246703,-0.2038444078976327
pm_s62,b>10,all,all,2024H1-25H1,374.0,298.0,2.5026737967914436,0.23903743315508022,4.651156097489702,2.294347500333825,2.356808597155877,0.2446258746115069,0.2980148614730128,-0.27387120157422395,0.030473156042843952,4.343760686039903,3.2346694679690007,0.02178148712551952,43.023898762436396,2.8279069531896583,-0.14007435374564148
pm_s62,b>10,all,all,2025H2-26,312.0,270.0,3.8333333333333335,0.34967948717948727,18.061702039937558,3.4778421011149114,14.583859938822647,1.253450308191608,1.394710749202254,-0.17834863231465903,0.38320012578553997,48.66346113020583,48.845471244874204,-0.0039018244417645784,52.82021236106076,3.098578037541865,-0.20384440789763236
pm_s62,b>10,all,etb,2020-23,1006.0,745.0,2.852882703777336,0.2312127236580517,3.9472203033497837,2.0402908922028407,1.9069294111469421,0.2128591136391483,0.4252956780652134,-0.3171382107223851,0.022724090207375314,-7.707477824475279,-2.6014503374783438,,,,
pm_s62,b>10,all,etb,2024-26,686.0,556.0,2.9110787172011663,0.271865889212828,8.6694113634008,2.441231423330183,6.228179940070613,0.6359509712830876,1.0492655700250326,-0.24773056228526824,0.13483450794172347,24.526666777973748,24.188132157747926,0.010783546826265903,47.068752597861355,2.9346986700971542,-0.2063567700715241
pm_s62,b>10,all,etb,2024H1-25H1,374.0,295.0,2.393048128342246,0.22860962566844922,4.434336317063715,2.069927405997964,2.364408911065752,0.2632681213301339,0.32072573203084065,-0.24145694067615175,0.03462266134644909,5.098876151823381,4.028821674542303,0.02788101431818706,43.02580905638955,2.830848604609231,-0.1437884226945234
pm_s62,b>10,all,etb,2025H2-26,312.0,261.0,3.532051282051282,0.32371794871794873,13.746071835612558,2.8863202133373944,10.859751622275164,1.015508975082462,1.1299540749264114,-0.17349123774579245,0.26783201531290035,40.305135571444325,41.64715426774973,-0.005158435879170828,51.8891852819239,3.05129640334728,-0.20635677007152364
pm_s62,b>10,catalyst,all,2020-23,1006.0,643.0,1.4463220675944335,0.14105367793240559,2.7294308119566004,1.359126057742558,1.370304754214044,0.17942599099794607,0.35849580128083297,-0.324767111030155,0.015993507067595614,5.257555689823328,15.64779940072587,,,,
pm_s62,b>10,catalyst,all,2024-26,686.0,519.0,2.424198250728863,0.23119533527696795,6.619927319391661,2.1882585649972977,4.431668754394364,0.49359392160950916,0.8143884212859385,-0.24876424692193455,0.08981522541138243,23.176333276656468,22.66476706578291,0.01084621990344879,46.61831156227147,2.9124176772355246,-0.21422139192018963
pm_s62,b>10,catalyst,all,2024H1-25H1,374.0,268.0,1.8877005347593583,0.1866310160427808,2.423087860275139,1.755759433410719,0.6673284268644187,0.08581814865961467,0.10454774551253648,-0.22660597782983516,-0.002380912041617611,1.78147093681238,0.7194372130241216,0.03332611583186536,42.59925791318303,2.8101123475075576,-0.1397583906720249
pm_s62,b>10,catalyst,all,2025H2-26,312.0,251.0,3.0673076923076925,0.28461538461538466,11.650754106922362,2.7067030368350546,8.944051070087308,0.8733441650205302,0.9717676773836671,-0.21457289690733916,0.2116282773111482,38.95979494011512,41.22348874269796,-0.007936192344681358,51.41026014387693,3.0273859766329934,-0.21422139192018963
pm_s62,b>10,catalyst,etb,2020-23,1006.0,619.0,1.3528827037773359,0.13210735586481115,0.28656424532471686,1.167441291268097,-0.8808770459433797,-0.12581223497873592,-0.25137471856098415,-0.3428818450602533,-0.03720454763014236,-12.037666158854666,-0.7113233669869085,,,,
pm_s62,b>10,catalyst,etb,2024-26,686.0,510.0,2.32798833819242,0.22230320699708456,7.622606786517716,1.994060713102313,5.628546073415401,0.6676308730472432,1.1015347412094683,-0.19931955371834142,0.1266296438503549,27.866860308276774,26.389217284320242,0.028178035674711072,46.91840580234766,2.9282395342186653,-0.21438746135965892
pm_s62,b>10,catalyst,etb,2024H1-25H1,374.0,265.0,1.839572192513369,0.18181818181818185,5.215627941319708,1.6526553306843093,3.5629726106353985,0.4806397168326771,0.5855381359710861,-0.19842214200208375,0.0750024177091313,17.56893565217006,14.244940999865207,0.04667561394725686,43.327060953996444,2.8562347005040394,-0.14270435753976518
pm_s62,b>10,catalyst,etb,2025H2-26,312.0,245.0,2.9134615384615383,0.2708333333333333,10.507895530440964,2.403309472795689,8.104586057645275,0.8514805324800588,0.947440072913413,-0.19498348367708784,0.19179384017946588,35.66110911289879,37.878486144815426,0.012578820845298442,51.20039389076642,3.010872767211463,-0.21438746135965914
pm_s62,b>10,none,all,2020-23,1006.0,427.0,1.6163021868787277,0.12375745526838969,3.9399159469292955,1.2271212797219806,2.7127946672073153,0.4100318940101629,0.8192498287249453,-0.27176111098316447,0.05580407519933961,0.8493217165985933,2.378831955166206,,,,
pm_s62,b>10,none,all,2024-26,686.0,253.0,0.6836734693877551,0.0651603498542274,4.3843310983898895,0.7130189481905498,3.67131215019934,0.7281000096169136,1.2013037264249233,-0.14185522967113062,0.08809131841228157,50.58639077778209,49.034667240852144,-0.00873427588660407,46.391123023242585,2.9244546317360673,-0.19585088533168782
pm_s62,b>10,none,all,2024H1-25H1,374.0,116.0,0.6149732620320856,0.05802139037433155,2.4268943783221193,0.5902493945866222,1.8366449837354961,0.37484824443378195,0.45665793864097176,-0.11636283834477401,0.039416829990413405,12.208876177146996,17.864003691513307,0.0029510520049494428,42.82596569541727,2.85072994235402,-0.15072349584263256
pm_s62,b>10,none,all,2025H2-26,312.0,137.0,0.7660256410256411,0.07371794871794872,6.730745628214719,0.8601850156516683,5.87056061256305,1.1262091583829554,1.2531298678388632,-0.10219405728685715,0.14945132291315488,87.5187270043347,88.22723630826833,-0.02112607250325674,50.64188752949587,3.0088596765533113,-0.19585088533168804
pm_s62,b>10,none,etb,2020-23,1006.0,401.0,1.5,0.11391650099403579,2.820905431552,1.005188093997567,1.8157173375544329,0.3261093702546991,0.6515713768357253,-0.24136659184595932,0.03649611568877731,-3.801986556688436,-3.542014578097464,,,,
pm_s62,b>10,none,etb,2024-26,686.0,226.0,0.5830903790087464,0.05553935860058308,1.4700725112539361,0.49935970758023673,0.9707128036736999,0.229815838532206,0.37917678831712287,-0.1289892024416711,0.018945240378904993,11.19094410823891,14.921786369057365,-0.023630244568176164,45.71399906428186,2.88703599935956,-0.1982061109228751
pm_s62,b>10,none,etb,2024H1-25H1,374.0,108.0,0.553475935828877,0.05213903743315508,-0.4331175079471982,0.46318566404786543,-0.8963031719950637,-0.20110594769929,-0.24499681908212875,-0.1289892024416711,-0.02852582371701018,-36.347505182662196,-31.974039502399133,-0.0011597628703326323,42.13905533907102,2.807542229204532,-0.15292721999561698
pm_s62,b>10,none,etb,2025H2-26,312.0,118.0,0.6185897435897436,0.05961538461538461,3.7514605470911944,0.5427221828401946,3.2087383642510012,0.8167061692835897,0.9087467335525959,-0.06580729982307543,0.07891637023752929,62.177778321796055,59.48524178847802,-0.052118370614203796,49.97643196741785,2.9773673589222645,-0.1982061109228752
pm_m5pre,top5,all,all,2024-26,685.0,685.0,5.0,0.5,14.257445648638873,4.8707865383430695,9.386659110295806,0.8033084203367084,1.3244248923438766,-0.2431724144504499,0.2130035340872325,18.773318220591605,19.607366517606646,0.038047558259581206,47.80832048228787,2.9510101101890402,-0.20462028629695794
pm_m5pre,top5,all,all,2024H1-25H1,373.0,373.0,5.0,0.5,11.360108053396598,4.785528913817774,6.574579139578826,0.5967691163523977,0.726039894834332,-0.21214162642383216,0.13569668923831624,13.149158279157652,13.20513961052028,0.013622444297480591,43.989624087606664,2.8831049034405476,-0.1544603725515148
pm_m5pre,top5,all,all,2025H2-26,312.0,312.0,5.0,0.5,17.721249889104794,4.972713121509531,12.748536767595263,1.023867532826819,1.1392546193976967,-0.24317241445045057,0.3123611997955682,25.497073535190534,28.124143464663632,0.06061487725674018,52.36138156825392,3.0304700571379075,-0.20462028629695805
pm_m5pre,top5,all,etb,2024-26,685.0,685.0,5.0,0.5,10.697194955644816,4.457837862921131,6.239357092723683,0.5604651690730774,0.9240461103357651,-0.25447239010663103,0.1250975458762924,12.478714185447371,12.936237353260426,0.049304300673374914,47.03135692172551,2.902847325666134,-0.20683124552828136
pm_m5pre,top5,all,etb,2024H1-25H1,373.0,373.0,5.0,0.5,9.004251247436686,4.484237454633101,4.520013792803588,0.4182499305080322,0.5088502860479809,-0.25447239010663103,0.07991612287923311,9.040027585607172,8.718120858320418,0.02969015026361861,43.49485036851469,2.8446150698910975,-0.17136384644528813
pm_m5pre,top5,all,etb,2025H2-26,312.0,312.0,5.0,0.5,12.721130863214151,4.426276812573167,8.294854050640982,0.7196850447833237,0.8007915921673451,-0.23649409626150375,0.18160001441458884,16.589708101281968,18.194310620743554,0.06863109722057897,51.24796088901535,2.9714206061779964,-0.20683124552828103
pm_m5pre,top5,catalyst,all,2024-26,685.0,685.0,4.998540145985402,0.4998540145985401,10.396541557172789,4.625173389899837,5.7713681672729535,0.5349896967161288,0.8820443724234216,-0.28038004571809916,0.11455955970757725,11.546107460811838,11.495003121576595,0.07943073558411301,46.93872541421043,2.88635617379693,-0.21073513258803556
pm_m5pre,top5,catalyst,all,2024H1-25H1,373.0,373.0,4.997319034852547,0.4997319034852547,9.080007632360383,4.528271741538798,4.551735890821583,0.46113658957474213,0.5610269563638136,-0.18075094976656403,0.08747083845821746,9.108355618435898,7.427330963715516,0.07338811899353043,43.54791821255583,2.837145356841441,-0.1561164111261587
pm_m5pre,top5,catalyst,all,2025H2-26,312.0,312.0,5.0,0.5,11.970474742926083,4.741020552844284,7.2294541900818015,0.612318091230456,0.681324674930453,-0.24641823071267888,0.1478314670318268,14.458908380163601,16.616580515510485,0.08470804683611703,50.98161092387554,2.9452680070058297,-0.21073513258803567
pm_m5pre,top5,catalyst,etb,2024-26,685.0,685.0,4.997080291970803,0.4997080291970803,9.955785135283087,4.39698090139491,5.558804233888179,0.5281824622873242,0.8708211977407136,-0.2799004899826887,0.1105984590978748,11.124104295101962,9.94796382154875,0.08864645946377553,46.885506739368125,2.8817175545422447,-0.214005539906851
pm_m5pre,top5,catalyst,etb,2024H1-25H1,373.0,373.0,4.994638069705094,0.4994638069705094,10.035466732352413,4.4096525812811205,5.625814151071291,0.5780409185234647,0.7032548370798927,-0.2191336415264047,0.11823514304105798,11.26370734487167,8.581367878606144,0.08449555629271642,43.81715960440605,2.851274835494216,-0.1647883952851451
pm_m5pre,top5,catalyst,etb,2025H2-26,312.0,312.0,5.0,0.5,9.860524764427772,4.38183174563351,5.478693018794264,0.4799490964630262,0.5340380544264592,-0.2612740315692733,0.10153711924362852,10.957386037588526,12.702229922885106,0.09248958076534171,50.543920631053666,2.9204719602429416,-0.21400553990685112
pm_m5pre,top5,none,all,2024-26,685.0,685.0,5.0,0.5,4.479646595725177,5.083540332793988,-0.6038937370688096,-0.056682703652668635,-0.09345350027761311,-0.42229558988979454,-0.04996092192992296,-1.2077874741376153,2.098506412579847,0.001424831864170527,45.24552050324475,2.819021429653702,-0.20289619555490868
pm_m5pre,top5,none,all,2024H1-25H1,373.0,373.0,5.0,0.5,7.617088329376549,4.961846328952376,2.655242000424171,0.2517732154911604,0.3063117609279233,-0.2638546708430656,0.032184065892863156,5.310484000848347,10.336438534469831,0.021340326133226426,42.89405634894947,2.811926689659634,-0.15415166304167238
pm_m5pre,top5,none,all,2025H2-26,312.0,312.0,5.0,0.5,0.7287947795329932,5.22902707456617,-4.500232295033174,-0.4169508547605526,-0.4639400822060478,-0.281078851452947,-0.13963197597036925,-9.000464590066347,-7.902773695356371,-0.01869545088192978,48.04918930259681,2.830872287958484,-0.20289619555490834
pm_m5pre,top5,none,etb,2024-26,685.0,685.0,5.0,0.5,1.1711065786598367,4.493923444746157,-3.3228168660863195,-0.3628059675325965,-0.5981628504400199,-0.4626180198880895,-0.10444907139643322,-6.64563373217264,-4.812762195645514,0.00027123586687783795,44.578415042148364,2.7880300206662882,-0.20291440412148554
pm_m5pre,top5,none,etb,2024H1-25H1,373.0,373.0,5.0,0.5,6.583826471589525,4.530632685047223,2.0531937865423044,0.2149001561616915,0.26145134274572807,-0.25587314538264294,0.023163048831774447,4.106387573084607,8.775316247411919,0.036958033516445485,42.768181226664076,2.8053748034153863,-0.1515118768294932
pm_m5pre,top5,none,etb,2025H2-26,312.0,312.0,5.0,0.5,-5.299869447182387,4.450037077334948,-9.749906524517337,-1.1258529341181456,-1.2527334980681506,-0.3412661769620383,-0.2362971316383915,-19.49981304903467,-20.530817582054055,-0.04156501500227026,46.73677074522577,2.7724902793971835,-0.20291440412148543
pm_m5pre,top10,all,all,2024-26,685.0,685.0,10.0,1.0,22.19252899615434,9.677290669415791,12.515238326738551,0.709309655045946,1.1694479227902732,-0.40096883540662775,0.24193613429819938,12.515238326738555,13.811121800832789,0.04661264458960096,48.45907678353825,2.915147602279894,-0.219303087505469
pm_m5pre,top10,all,all,2024H1-25H1,373.0,373.0,10.0,1.0,21.20398228673449,9.52993866277977,11.674043623954725,0.6729295771902942,0.8186980627289121,-0.29593730331528423,0.22008477270472881,11.674043623954724,12.328449949563687,0.052728371354126884,45.024229416659054,2.849484411148629,-0.16661705507058022
pm_m5pre,top10,all,all,2025H2-26,312.0,312.0,10.0,1.0,23.37434926094153,9.85345188247744,13.520897378464086,0.7503400772023057,0.8349013633744555,-0.4009688354066281,0.2685739171642261,13.520897378464094,14.968381884646847,0.04030423200548261,52.55447172097112,2.9901786287734713,-0.219303087505469
pm_m5pre,top10,all,etb,2024-26,685.0,685.0,10.0,1.0,18.180496936296894,8.930080454630003,9.250416481666894,0.5647407415057902,0.9310953014254472,-0.371350295121204,0.15975712089844585,9.250416481666893,10.060036209369454,0.06254807714458005,47.68425428159794,2.8740698419352597,-0.21972629457004267
pm_m5pre,top10,all,etb,2024H1-25H1,373.0,373.0,10.0,1.0,19.96521416042829,9.006733946494718,10.958480213933575,0.6718710914620888,0.8174102902123194,-0.371350295121204,0.21180469027858528,10.958480213933571,10.851122211161188,0.06383425896278357,44.92314302326356,2.849851843669605,-0.19254352903392202
pm_m5pre,top10,all,etb,2025H2-26,312.0,312.0,10.0,1.0,16.046844613857758,8.838440222368659,7.2084043914891,0.43719122696437696,0.48646148931412525,-0.3645539800983104,0.1004590867764017,7.208404391489099,8.116782191552758,0.06154793386136406,50.97634847422738,2.9045223244016323,-0.21972629457004267
pm_m5pre,top10,catalyst,all,2024-26,685.0,685.0,9.956204379562044,0.9956204379562044,9.047021047912375,9.030445585658416,0.01657546225395938,0.0010610643734259842,0.0017493904370572857,-0.4907825930766684,-0.07409481756652914,0.016648374844520215,0.6368303160611042,0.05673099112582208,45.492014402588765,2.754888205196145,-0.22803410994338125
pm_m5pre,top10,catalyst,all,2024H1-25H1,373.0,373.0,9.924932975871315,0.9924932975871313,7.638507969577576,8.859767441900994,-1.2212594723234165,-0.08170003813183858,-0.09939771591359206,-0.33583534331762877,-0.09645251813007549,-1.230496442940667,-0.7743588232474334,0.06608977341490403,42.089923860867664,2.686435499172666,-0.18638779473115485
pm_m5pre,top10,catalyst,all,2025H2-26,312.0,312.0,9.993589743589743,0.9993589743589744,10.730916490921608,9.234493494701745,1.4964229962198592,0.09116628124946867,0.10144047322216865,-0.47234677374007605,-0.046638689899163754,1.497382857025649,2.392203911669196,0.04754543311416732,49.54835312541007,2.832930555816304,-0.2280341099433808
pm_m5pre,top10,catalyst,etb,2024-26,685.0,685.0,9.953284671532847,0.9953284671532846,9.267186509431712,8.69413590607621,0.5730506033555074,0.037713987331452585,0.06217953446869267,-0.4761424519573487,-0.05705581043752617,0.5757401925762997,1.2592270756364312,0.06413723173539242,45.6313365779011,2.7639547523865535,-0.23216995855250255
pm_m5pre,top10,catalyst,etb,2024H1-25H1,373.0,373.0,9.919571045576408,0.9919571045576407,7.986744830819306,8.679839203305214,-0.6930943724859105,-0.046929423361331504,-0.057095169083409406,-0.3792190462747027,-0.08283327368066307,-0.6987140565871488,-0.14729648452359667,0.07549238909667258,42.222320085490914,2.691499414579295,-0.1999719117399512
pm_m5pre,top10,catalyst,etb,2025H2-26,312.0,312.0,9.993589743589743,0.9993589743589744,10.797970952131811,8.711227797529995,2.086743154601815,0.1328131404683788,0.147780820217598,-0.4619882422088817,-0.025285984031851783,2.0880816684918737,2.3683096756432853,0.05269729896805667,49.69593316500556,2.846073510651242,-0.232169958552502
pm_m5pre,top10,none,all,2024-26,685.0,685.0,10.0,1.0,4.488118286550482,9.903675421413979,-5.4155571348635,-0.3501284079776696,-0.577261195454654,-0.6155701351900588,-0.191022765643313,-5.415557134863495,-2.942044224182418,0.001523950932370147,43.88883755132177,2.693965648686776,-0.21337691079445942
pm_m5pre,top10,none,all,2024H1-25H1,373.0,373.0,10.0,1.0,13.094619835349897,9.755430514709918,3.339189320639979,0.21390391417254037,0.26023929706639753,-0.3574136539357522,0.007497944392411027,3.339189320639979,6.912167025737901,0.011337920765037507,42.78600340638804,2.7595160403117065,-0.15598931356013035
pm_m5pre,top10,none,all,2025H2-26,312.0,312.0,10.0,1.0,-5.80106465480266,10.080904107954412,-15.881968762757081,-1.0385070267827952,-1.155543944510823,-0.49169287300249886,-0.37770756497327473,-15.881968762757074,-14.749133010076896,-0.008027853321189028,45.20375518566583,2.627002931149192,-0.21337691079445975
pm_m5pre,top10,none,etb,2024-26,685.0,685.0,10.0,1.0,0.7007122039794922,8.99937311790707,-8.298660913927577,-0.5913891564249746,-0.975030884779201,-0.6392076963520921,-0.23758845433679388,-8.298660913927575,-6.873607758804814,5.996369516612124e-05,43.18558250771163,2.664931272047626,-0.20940916384543284
pm_m5pre,top10,none,etb,2024H1-25H1,373.0,373.0,10.0,1.0,9.414420690357526,9.082582415157715,0.33183827519981424,0.022703110907963172,0.027621007529310845,-0.38880720974572436,-0.05714989065223475,0.33183827519981096,2.882224926740637,0.02331573815595371,42.066297996033455,2.716646223883186,-0.16649554632299424
pm_m5pre,top10,none,etb,2025H2-26,312.0,312.0,10.0,1.0,-9.716638005696808,8.899895336258057,-18.61653334195487,-1.400273206042199,-1.5580801883599018,-0.48859976431340124,-0.4085751185064129,-18.616533341954867,-18.784105489776735,-0.02576921173314267,44.52011404086638,2.6112729404341106,-0.20940916384543307
pm_m5pre,b2-5,all,all,2024-26,685.0,685.0,63.113868613138685,0.9837956204379562,2.5583720072824025,9.11523191730513,-6.556859910022727,-0.6500200694690539,-1.0716964228596804,-0.5043084924595503,-0.179256002216586,0.6918045340332664,2.139468110345378,0.007158149178611298,43.544445822047045,2.7156912423513337,-0.20968677484996
pm_m5pre,b2-5,all,all,2024H1-25H1,373.0,373.0,50.50402144772118,0.9761394101876676,6.334899252127572,8.984109541791748,-2.6492102896641776,-0.2516984087936204,-0.30622074977247543,-0.2391930202946675,-0.0967476335051477,18.265458917895206,20.43145086912323,0.061088216519228467,41.17704075520859,2.684518643134482,-0.15194746161018347
pm_m5pre,b2-5,all,all,2025H2-26,312.0,312.0,78.18910256410257,0.9929487179487178,-1.9565147309459527,9.271990398287475,-11.228505129233428,-1.1763226891228682,-1.308891057210839,-0.37590512881595195,-0.2680646594632009,-12.878701769848314,-11.64096310891137,-0.053547025347715396,46.36712109404675,2.7518359515447175,-0.20968677484995968
pm_m5pre,b2-5,all,etb,2024-26,685.0,685.0,61.22481751824817,0.980875912408759,1.681001929225182,8.70255841527839,-7.021556486053208,-0.7198161207252541,-1.1867700674659132,-0.504195746663372,-0.18712921053090903,0.7568450428114623,2.166459820780883,0.015547229723964714,43.452419520356116,2.708670549347314,-0.2107684148870601
pm_m5pre,b2-5,all,etb,2024H1-25H1,373.0,373.0,49.45308310991957,0.9718498659517426,4.532868181750387,8.643645068075028,-4.1107768863246426,-0.40051862865805793,-0.4872780696284752,-0.26010889092560974,-0.12796515964458077,18.258786762990695,20.533653278894423,0.07442710654968264,40.85538003786999,2.660024893983318,-0.1534426318378589
pm_m5pre,b2-5,all,etb,2025H2-26,312.0,312.0,75.29807692307692,0.9916666666666666,-1.728440738056551,8.77299007715933,-10.501430815215882,-1.1514113095499585,-1.2811722329058524,-0.3447902831192393,-0.2526162538943231,-12.98515542415428,-12.400904069728387,-0.052463927879305615,46.548889672551134,2.763702030848957,-0.21076841488705966
pm_m5pre,b2-5,catalyst,all,2024-26,685.0,678.0,14.38102189781022,0.8030656934306569,-4.479908391548884,7.133221022412826,-11.613129413961707,-1.1860920537955577,-1.9555251767430342,-0.6146866263080759,-0.27621117171467946,-7.114197724547492,-5.936817986819074,0.0019772335439083477,42.539962969313834,2.6559116611031635,-0.21657239930693573
pm_m5pre,b2-5,catalyst,all,2024H1-25H1,373.0,369.0,12.115281501340483,0.7426273458445041,-3.904792978811877,6.519999288398952,-10.42479226721083,-1.0678308737446447,-1.2991419864572886,-0.39579864851221647,-0.2539646165317859,1.3032203511201186,4.234591145291372,0.05261726474280185,39.708618340890865,2.5964689942392885,-0.15950636905600357
pm_m5pre,b2-5,catalyst,all,2025H2-26,312.0,309.0,17.08974358974359,0.8753205128205129,-5.167466240750498,7.866335467243514,-13.033801707994014,-1.3245746171084614,-1.4738505743134969,-0.4683339987425552,-0.30193830045878534,-14.248164769547854,-13.755225996702112,-0.05123371702337576,45.9157969493566,2.723057863859264,-0.2165723993069354
pm_m5pre,b2-5,catalyst,etb,2024-26,685.0,678.0,14.15036496350365,0.7986861313868614,-4.225339029205714,6.925737871541627,-11.151076900747343,-1.1476220593817168,-1.892099203704354,-0.6029197758468745,-0.26739596390946263,-5.981900898006974,-4.6615697793007485,0.00633333785552891,42.655644976459975,2.6618732732972403,-0.21658285550313994
pm_m5pre,b2-5,catalyst,etb,2024H1-25H1,373.0,369.0,11.997319034852547,0.739946380697051,-4.260155712908312,6.407373820057076,-10.66752953296539,-1.0946778086585598,-1.3318044437919823,-0.4022984752974388,-0.25844204357983036,1.7833016706141513,4.656479728002333,0.059432645674015024,39.647770894569334,2.589895058579083,-0.16007279621265302
pm_m5pre,b2-5,catalyst,etb,2025H2-26,312.0,309.0,16.724358974358974,0.8689102564102564,-4.183715237471519,7.545448740784376,-11.729163978255896,-1.209397692222966,-1.3456935232137852,-0.45642775523462853,-0.27795871571881436,-12.64140290923341,-12.35258234790293,-0.05030551833082455,46.241956381791134,2.742576100073525,-0.21658285550314005
pm_m5pre,b2-5,none,all,2024-26,685.0,684.0,48.73284671532847,0.948029197080292,5.2609318028293215,8.935778308605022,-3.6748465057757005,-0.35356817010205777,-0.5829323753725388,-0.47383534140357686,-0.11909715359158823,2.9953492062901415,4.457591499149791,-0.011040369366480937,44.20941635943676,2.7633537384260403,-0.21078568362539696
pm_m5pre,b2-5,none,all,2024H1-25H1,373.0,372.0,38.388739946380696,0.9241286863270779,11.247381943347786,8.671539841742076,2.575842101605714,0.24105813160814324,0.2932755997687843,-0.19401472287547517,0.029408401616395574,23.618650906389973,25.390378391132582,0.04715830596421473,42.382769754088095,2.76909480007188,-0.14781824903837448
pm_m5pre,b2-5,none,all,2025H2-26,312.0,312.0,61.09935897435897,0.9766025641025643,-1.895946089521284,9.251678783412325,-11.14762487293361,-1.1114078895646031,-1.236660536276313,-0.3602861611948833,-0.26879360619541026,-12.495657300751226,-11.360309056825068,-0.07335585492471894,46.38734115812171,2.7593354322652024,-0.2107856836253973
pm_m5pre,b2-5,none,etb,2024-26,685.0,684.0,47.074452554744525,0.9421897810218978,4.465654919597601,8.435403679195835,-3.9697487595982333,-0.3977760721054554,-0.6558185102235307,-0.47879709058492326,-0.12328975151134247,2.7824812272793995,3.986052600731786,-0.0028100948752804414,44.16153738577863,2.7593452350347416,-0.211040663235322
pm_m5pre,b2-5,none,etb,2024H1-25H1,373.0,372.0,37.45576407506702,0.9158176943699733,9.995130147860664,8.242568275714142,1.752561872146522,0.16960407641089956,0.20634332847768985,-0.2115326514374073,0.01058602426745825,23.53598923871792,25.469846116895777,0.06316597433855148,42.2241189787867,2.7545763480854086,-0.1493047088714351
pm_m5pre,b2-5,none,etb,2025H2-26,312.0,312.0,58.57371794871795,0.9737179487179487,-2.144903606498943,8.665940876306962,-10.81084448280591,-1.1333523604951918,-1.2610780894034128,-0.3469633072446854,-0.2602714613860845,-13.083305937032918,-12.391317156463277,-0.07504799508273183,46.471536255653625,2.7664672989329278,-0.21104066323532156
pm_m5pre,b5-10,all,all,2024-26,685.0,663.0,11.011678832116788,0.6216058394160585,5.5188549887434455,5.936178952413004,-0.4173239636695605,-0.03384159680457829,-0.055795074556621485,-0.5150454350756744,-0.05681572330496687,19.11052218844156,21.462507999047872,0.020807568090787737,45.3841507042861,2.804139594868315,-0.22848296424406178
pm_m5pre,b5-10,all,all,2024H1-25H1,373.0,358.0,9.005361930294907,0.5509383378016086,15.699573160951497,5.156779886547185,10.542793274404316,0.8827289486035189,1.0739437002515124,-0.22765128722806616,0.24684935787065965,53.81170367865734,57.336757613468414,0.04426462206425993,45.040258338509446,2.925887584726126,-0.15513955969304183
pm_m5pre,b5-10,all,all,2025H2-26,312.0,305.0,13.41025641025641,0.7060897435897436,-6.652324108159135,6.867960527951305,-13.520284636110436,-1.060362465819186,-1.1798624320913687,-0.5150454350756747,-0.3244156878246609,-8.748289624568661,-7.032319660336721,-0.0008004469786754458,45.79417621732749,2.6772319873762704,-0.228482964244062
pm_m5pre,b5-10,all,etb,2024-26,685.0,660.0,10.477372262773722,0.5997080291970803,5.726854493709354,5.302210584823271,0.4246439088860815,0.03684834016372072,0.06075233088423316,-0.46575160264834203,-0.030607259367281037,20.741956531257944,22.143261269424244,0.020769285447615412,45.594950409220544,2.824410981333766,-0.22767856954344357
pm_m5pre,b5-10,all,etb,2024H1-25H1,373.0,358.0,8.710455764075068,0.5353887399463807,15.57952881779928,4.750954639882287,10.828574177916995,0.9573728147915989,1.1647567521876974,-0.22604650664659054,0.2618214274214088,55.80405053983893,58.74732476908504,0.04536981214661674,45.111895621446436,2.9369827091244893,-0.15118114943463057
pm_m5pre,b5-10,all,etb,2025H2-26,312.0,302.0,12.58974358974359,0.6766025641025641,-6.052143977077643,5.96124413438413,-12.01338811146177,-1.0229105445342146,-1.1381897811270183,-0.46575160264834214,-0.292680265927166,-8.259251063925266,-8.266173358282305,-0.0025934779550194987,46.17090034848966,2.70718246275366,-0.2276785695434439
pm_m5pre,b5-10,catalyst,all,2024-26,685.0,613.0,4.802919708029197,0.40802919708029195,7.194937813131239,3.705259584490608,3.489678228640632,0.3816963359467238,0.6293076430499742,-0.42288414635934946,0.06348499769378213,10.268875080840722,11.716821443299773,0.013050091585921745,46.34430630232961,2.89328918434014,-0.2232964832657629
pm_m5pre,b5-10,catalyst,all,2024H1-25H1,373.0,328.0,4.053619302949062,0.35201072386058985,14.601888115345089,3.1420012517884977,11.459886863556594,1.3651221884661795,1.6608318744911805,-0.12081044670158847,0.30530203982424453,32.288667477823545,36.0457324427347,0.02503601462224075,45.237009093394114,2.982456847316905,-0.14912075782405187
pm_m5pre,b5-10,catalyst,all,2025H2-26,312.0,285.0,5.698717948717949,0.47500000000000003,-1.6601662340667311,4.378642142496658,-6.0388083765633835,-0.6072988730788511,-0.6757398045427835,-0.4228841463593489,-0.16755594365633875,-8.456617666199795,-9.44814220210619,0.0038874725028719363,47.664545282214256,2.8037389344637207,-0.2232964832657628
pm_m5pre,b5-10,catalyst,etb,2024-26,685.0,610.0,4.6817518248175185,0.39854014598540144,6.414079425591414,3.4831599131103093,2.9309195124811067,0.32995281774576,0.5439974411550653,-0.4163552383453897,0.05019391335939072,8.719321183323347,11.04138326173908,0.015746126988753474,46.20441239861278,2.885287891294909,-0.2266669725313175
pm_m5pre,b5-10,catalyst,etb,2024H1-25H1,373.0,327.0,4.008042895442359,0.3479892761394102,14.010342512205948,3.054529988368447,10.955812523837501,1.3192217780154893,1.6049886207716084,-0.12373975293354456,0.2894438694511865,31.428652683531485,35.07613246796346,0.029768761588578694,45.110651748827436,2.9729408962423753,-0.14912075782405176
pm_m5pre,b5-10,catalyst,etb,2025H2-26,312.0,283.0,5.487179487179487,0.45897435897435895,-2.667350482444552,3.99559248339465,-6.662942965839201,-0.7008944367058412,-0.7798833336600557,-0.4163552383453897,-0.1783063728960801,-11.111549490047663,-11.132749272295534,0.00440582805247227,47.50851163489531,2.797003268685921,-0.2266669725313175
pm_m5pre,b5-10,none,all,2024-26,685.0,577.0,6.2087591240875915,0.3515328467153285,0.0077944784426830175,3.5309141636295944,-3.5231196851869098,-0.3402649396797963,-0.5609991688060694,-0.45500924842561796,-0.11512694336506135,25.950169257335705,28.772688971542756,0.013206410431042828,44.606566614651825,2.776075026195497,-0.2147446767857809
pm_m5pre,b5-10,none,all,2024H1-25H1,373.0,303.0,4.951742627345845,0.2844504021447722,7.087301553731759,2.8082224818148003,4.279079071916958,0.4362276049787653,0.5307222437690458,-0.17170062978504075,0.08111843085374248,71.43099481870101,73.41908960043195,0.05971738620795677,43.47012030253648,2.838788291201779,-0.15347371843473512
pm_m5pre,b5-10,none,all,2025H2-26,312.0,274.0,7.711538461538462,0.4317307692307693,-8.455846992976628,4.394901334517153,-12.85074832749378,-1.1728447736125176,-1.3050211900805642,-0.44478965010838023,-0.30356504316890276,-8.96383108008813,-5.739863013871706,-0.029663007698401623,45.96156029448166,2.7117066215220924,-0.21474467678578124
pm_m5pre,b5-10,none,etb,2024-26,685.0,555.0,5.795620437956204,0.3267153284671533,2.0787433095425496,2.920927504850004,-0.8421841953074533,-0.09175280554177136,-0.1512740269185451,-0.3601279038498899,-0.04632625400479695,30.45394432995473,31.695966138410608,0.009817925729320725,45.27778036120425,2.827755309790501,-0.21044882363319295
pm_m5pre,b5-10,none,etb,2024H1-25H1,373.0,289.0,4.702412868632708,0.2667560321715818,8.433987523159804,2.396763707321114,6.037223815838689,0.6805763345722229,0.828001243428566,-0.16613360562896196,0.1363250366476314,76.58011655761523,78.5959220557854,0.07145785704049558,43.910838037403956,2.8720961184072937,-0.1478401795330574
pm_m5pre,b5-10,none,etb,2025H2-26,312.0,266.0,7.102564102564102,0.3983974358974359,-5.519032625326795,3.5475720448444785,-9.066604670171273,-0.9521191370168676,-1.0594203744976904,-0.3601279038498899,-0.22657533961006615,-6.055670330386663,-5.553720927976302,-0.04981672536508645,46.90759620881229,2.782533122511925,-0.2104488236331935
pm_m5pre,b>10,all,all,2024-26,685.0,558.0,2.9255474452554746,0.27401459854014604,11.880393649240613,2.710028580199189,9.170365069041424,0.8752573162001547,1.4430479594570835,-0.26388927297270437,0.21675420888374353,36.71487168487801,36.61149630788948,0.012076440953795245,47.807669589436976,2.974862845530699,-0.20442416105462313
pm_m5pre,b>10,all,all,2024H1-25H1,373.0,287.0,2.2761394101876675,0.21930294906166223,3.764575180626955,2.1323985717046297,1.6321766089223242,0.17408838841535357,0.21179902202298978,-0.26388927297270437,0.01338454702629055,3.834164372188879,1.3943493447377586,0.03566166568124246,42.84907599048593,2.8127469422612257,-0.1401501915155191
pm_m5pre,b>10,all,all,2025H2-26,312.0,271.0,3.701923076923077,0.33942307692307694,21.582958677422965,3.4005926608673644,18.1823660165556,1.5608621631391382,1.736767084204554,-0.1596363840096643,0.5141215564501549,60.884326670568996,61.34808368670644,-0.009267961261210501,53.719838880494,3.1540971046624313,-0.20442416105462302
pm_m5pre,b>10,all,etb,2024-26,685.0,545.0,2.7240875912408757,0.256058394160584,9.683327673219166,2.3066762651573636,7.376651408061807,0.7674652829387177,1.2653298521478549,-0.23062612048890152,0.16943685671254327,31.757280558057225,31.003479533883674,0.019509755496454673,47.35858557709376,2.95037973193199,-0.2069343291747513
pm_m5pre,b>10,all,etb,2024H1-25H1,373.0,283.0,2.1662198391420913,0.20884718498659519,2.8841259426841512,1.9068617049796173,0.9772642377045369,0.11108462280413128,0.13514752296731997,-0.23062612048890152,7.799699187738263e-05,1.524339303533353,0.8828970720419667,0.04057767118070772,42.684907768399746,2.8049273881833567,-0.14504922045632918
pm_m5pre,b>10,all,etb,2025H2-26,312.0,262.0,3.391025641025641,0.3125,17.811860511326735,2.784659697677554,15.027200813649182,1.4315943283101307,1.5929311159305262,-0.14363259632401193,0.40994895847671997,54.84633210215485,56.231361909302734,-0.00034914818345571717,52.931047579767394,3.1116380941812904,-0.20693432917475096
pm_m5pre,b>10,catalyst,all,2024-26,685.0,510.0,2.3226277372262776,0.22218978102189785,7.669959857968501,2.1126510275198047,5.5573088304486955,0.6213047657141814,1.0243531333816143,-0.2152647598487869,0.12140586083730032,29.240729083171452,29.361017600536393,0.02412115702787483,46.90308496829809,2.9251340147306046,-0.21493525704908845
pm_m5pre,b>10,catalyst,all,2024H1-25H1,373.0,259.0,1.774798927613941,0.17587131367292227,1.7749396509842965,1.6665652777861155,0.10837437319818044,0.013954573476750637,0.016977381673912228,-0.2152647598487869,-0.016275521265509796,-0.07004004207358813,-1.2589323613007266,0.048855826245517466,42.46710137091261,2.7960710467641587,-0.139758390672025
pm_m5pre,b>10,catalyst,all,2025H2-26,312.0,251.0,2.9775641025641026,0.2775641025641026,14.717532092600257,2.6459522603745036,12.071579832225755,1.1865374905904582,1.3202570390249637,-0.18641839640826952,0.31151952549173423,50.12741278705973,51.7984752942027,0.003220540846123172,52.19214233441154,3.068789975586877,-0.21493525704908867
pm_m5pre,b>10,catalyst,etb,2024-26,685.0,499.0,2.2262773722627736,0.21328467153284675,8.6814197616786,1.9179398311381954,6.763479930540402,0.8040383228226049,1.3256282919309244,-0.18666763012878718,0.15944241975702744,34.41516960299283,33.18857858957509,0.04233887551222217,47.205068595331284,2.9409260676440403,-0.21510117561758613
pm_m5pre,b>10,catalyst,etb,2024H1-25H1,373.0,255.0,1.7265415549597856,0.17104557640750673,4.574966434659013,1.563184756553737,3.011781678105275,0.4069351434722711,0.49508451539327797,-0.18666763012878718,0.06024921096097713,16.74432102399184,13.764754868492563,0.06302452563194313,43.194904411726014,2.84212178343116,-0.14417651192478076
pm_m5pre,b>10,catalyst,etb,2025H2-26,312.0,244.0,2.823717948717949,0.26378205128205134,13.59073736096804,2.3420540709458977,11.248683290022143,1.1859900964706966,1.3196479550765277,-0.14426935353361559,0.2902812051601007,47.33233927935679,49.578827591353964,0.02466483066139881,51.98641819886063,3.052244478636435,-0.21510117561758635
pm_m5pre,b>10,none,all,2024-26,685.0,238.0,0.602919708029197,0.05824817518248175,4.61408852315449,0.6607769467029836,3.9533115764515068,0.7843679540930512,1.29319750280004,-0.14938959481397696,0.09582757361381056,65.507513039152,64.41192074394435,-0.018776376997165403,46.4603840959153,2.9311749432649004,-0.19570492152866725
pm_m5pre,b>10,none,all,2024H1-25H1,373.0,106.0,0.5013404825737265,0.0485254691689008,2.007339750382692,0.5131596740156147,1.494180076367077,0.31576122264170975,0.3841607057027557,-0.14938959481397696,0.030963657052428983,17.655465560647453,23.80756654050096,-0.0014951514976875623,42.73888501300319,2.8466165196339617,-0.15380647866074315
pm_m5pre,b>10,none,all,2025H2-26,312.0,132.0,0.7243589743589743,0.06987179487179487,7.730490100859237,0.8372552887298702,6.893234812129367,1.2795337810868215,1.4237337585594936,-0.10444149817330928,0.178750691748238,105.10190630676418,106.68671901568722,-0.0358274279210733,50.89755607938745,3.027155520109997,-0.19570492152866736
pm_m5pre,b>10,none,etb,2024-26,685.0,204.0,0.4978102189781022,0.04817518248175182,1.5264498721605138,0.4359726476051795,1.0904772245553342,0.2676468157439732,0.44127273678933043,-0.1482993980299906,0.022405597602584537,19.870826618095908,23.619848829926244,-0.028334887505924073,45.743629150356504,2.8900747321399223,-0.19806057462475146
pm_m5pre,b>10,none,etb,2024H1-25H1,373.0,96.0,0.43967828418230565,0.042627345844504026,-1.5478045643797516,0.38522871246540397,-1.933033276845156,-0.45360842193484036,-0.5518680540483293,-0.1482993980299906,-0.05310618254461108,-58.24193037924266,-53.285879944167206,-0.011471579403725719,41.879778439919754,2.792982341490812,-0.15601001086912647
pm_m5pre,b>10,none,etb,2025H2-26,312.0,108.0,0.5673076923076923,0.054807692307692314,5.201760464562819,0.4966376726280522,4.705122791934769,1.2275286741555256,1.3658678175034535,-0.048949942966849735,0.12062426534340265,92.2464884687373,89.71875157065188,-0.05027036619965614,50.350528074338804,2.9993614979231027,-0.1980605746247518
blend_night_only,top10,,,2024-26,685.0,,,,,,45.095481872558594,2.849742150764756,4.698406422345761,-0.20634853839874268,1.870901346206665,,,,45.095481872558594,2.849742150764756,-0.20634853839874268
blend_night_only,top10,,,2024H1-25H1,372.0,,,,,,42.36433792114258,2.830158765219107,3.4386026905093625,-0.1620163917541504,1.702930212020874,,,,42.36433792114258,2.830158765219107,-0.1620163917541504
blend_night_only,top10,,,2025H2-26,313.0,,,,,,48.34144973754883,2.8763302134710766,3.2056096853041756,-0.20634859800338745,2.08416485786438,,,,48.34144973754883,2.8763302134710766,-0.20634859800338745
SPY_day_session_long,,,,2020-23,,,,,,,2.90327525138855,0.46065793819515855,,-0.14349126815795898,,,,,,,
SPY_day_session_long,,,,2024-26,,,,,,,2.265073776245117,0.43710192588262575,,-0.13130295276641846,,,,,,,
SPY_day_session_long,,,,2024H1-25H1,,,,,,,3.2225522994995117,0.5320890513496853,,-0.13130295276641846,,,,,,,
SPY_day_session_long,,,,2025H2-26,,,,,,,1.1173272132873535,0.2871146783123497,,-0.07964366674423218,,,,,,,
