table,study,variant,period,days,names_per_day,net_bp_day,per_name_net_bp,sharpe,tstat,maxdd,worst_day_bp,hit,gross_bp,r0935_bp,held_share_pct,held_increment_bp,drift_bp,n,fill_pct,nonfill_night_bp,nonfill_drift_bp,nonfill_lost_bp,lost_per_name_all_bp,lost_t
tradability,88.0,"[r0935] short etb open->close, all",2024-25H1,373.0,8.879356568364612,25.994172732373226,29.27483825234062,1.4306006198919796,1.7404940958823962,-0.4324064381934415,-1688.8005696237087,0.546916890080429,38.902549532012664,-28.278245922119623,,,,,,,,,,
tradability,88.0,"[r0935] short etb open->close, all",2025H2-26,312.0,8.35897435897436,20.81559540368826,24.90209266085405,1.1664525628442104,1.297908594542105,-0.23670687935921297,-1045.9307394921782,0.5416666666666666,34.02032917993932,-23.878763867286363,,,,,,,,,,
tradability,88.0,"[r0935] short etb open->close, all",all,685.0,8.642335766423358,23.635463058578026,27.34846654582086,1.3123192671637958,2.1636376018636656,-0.4324064381934415,-1688.8005696237087,0.5445255474452555,36.75173353907224,-26.340095719584966,,,,,,,,,,
tradability,88.0,"[r0935] short etb open->close, pred fall in P1 bottom 30%",2024-25H1,373.0,2.6648793565683646,22.610009729989557,84.84440270911573,2.519463041708648,3.0652234368659177,-0.25857744270706207,-778.9332270622253,0.5871313672922251,94.83573062559009,-62.946857452736836,,,,,,,,,,
tradability,88.0,"[r0935] short etb open->close, pred fall in P1 bottom 30%",2025H2-26,312.0,2.673076923076923,9.837552332893932,36.802354051113994,1.1752359172971159,1.3076818091557696,-0.17985509551048162,-438.9599189162255,0.532051282051282,46.14328594802381,-30.390467719876767,,,,,,,,,,
tradability,88.0,"[r0935] short etb open->close, pred fall in P1 bottom 30%",all,685.0,2.6686131386861316,16.79248168926863,62.92587503910837,1.9285233678057285,3.179581203341751,-0.25857744270706207,-778.9332270622253,0.5620437956204379,72.62046866656915,-48.09344988314969,,,,,,,,,,
tradability,88.0,"[r0935] short etb open->close, rest (not bottom 30%)",2024-25H1,373.0,6.214477211796247,3.3841630023836737,5.445611733775281,0.27415860264329844,0.33354622009884116,-0.24922956756627346,-909.8673425614834,0.4932975871313673,14.917397673938478,-13.411723117359696,,,,,,,,,,
tradability,88.0,"[r0935] short etb open->close, rest (not bottom 30%)",2025H2-26,312.0,5.685897435897436,10.978043070794325,19.307494014023835,0.9022487069972772,1.0039296826361117,-0.21435366006168854,-819.0600536763669,0.5288461538461539,28.32103608829193,-20.81745551719594,,,,,,,,,,
tradability,88.0,"[r0935] short etb open->close, rest (not bottom 30%)",all,685.0,5.973722627737226,6.8429813693094,11.455137433961239,0.5582843270774176,0.9204505281755406,-0.24922956756627346,-909.8673425614834,0.5094890510948905,20.728261443992977,-16.622321669976877,,,,,,,,,,
tradability,88.0,"[r0935] short etb open->09:35 cover, bottom 30%",2024-25H1,373.0,2.6648793565683646,0.9641244349506657,3.6178914913138653,0.3129450970219889,0.38073455731009154,-0.09939427171616666,-186.45792777156169,0.5093833780160858,62.946857452736836,,,,,,,,,,,
tradability,88.0,"[r0935] short etb open->09:35 cover, bottom 30%",2025H2-26,312.0,2.673076923076923,-5.490523601438141,-20.54008829314987,-1.596364757025848,-1.776270723873999,-0.19374184935278294,-178.1454756573857,0.4198717948717949,30.390467719876767,,,,,,,,,,,
tradability,88.0,"[r0935] short etb open->09:35 cover, bottom 30%",all,685.0,2.6686131386861316,-1.9758028458570813,-7.403856397221559,-0.6073896229206027,-1.0014110590428316,-0.2331776018479771,-186.45792777156169,0.4686131386861314,48.09344988314969,,,,,,,,,,,
tradability,88.0,"[r0935] short etb open->09:35 cover, bottom 30% [auction cost on all legs]",2024-25H1,373.0,2.6648793565683646,14.112009592148667,52.955528952429084,4.570533426710754,5.560592057358302,-0.04045200026532758,-164.75970614906112,0.6193029490616622,62.946857452736836,,,,,,,,,,,
tradability,88.0,"[r0935] short etb open->09:35 cover, bottom 30% [auction cost on all legs]",2025H2-26,312.0,2.673076923076923,5.626702781740536,21.04953558636747,1.6472355244477206,1.8328744884427082,-0.05162376372118527,-155.96829276271995,0.5352564102564102,30.390467719876767,,,,,,,,,,,
tradability,88.0,"[r0935] short etb open->09:35 cover, bottom 30% [auction cost on all legs]",all,685.0,2.6686131386861316,10.247169117918975,38.39885583027625,3.153207931999869,5.198734346798365,-0.0516237637211856,-164.75970614906112,0.581021897810219,48.09344988314969,,,,,,,,,,,
tradability,88.0,"[r0935] short etb open->10:00 cover, bottom 30%",2024-25H1,373.0,2.6648793565683646,2.854870624321553,10.712945099315286,0.5441244761841693,0.6619914915842527,-0.11834029875995078,-372.6340084852181,0.5308310991957105,60.655230080181425,,,,,,,,,,,
tradability,88.0,"[r0935] short etb open->10:00 cover, bottom 30%",2025H2-26,312.0,2.673076923076923,-8.991528842585637,-33.63737408737073,-1.5678364838019965,-1.7445273918396489,-0.31215707204268495,-369.95777807148636,0.4230769230769231,9.078633629599773,,,,,,,,,,,
tradability,88.0,"[r0935] short etb open->10:00 cover, bottom 30%",all,685.0,2.6686131386861316,-2.540861687612817,-9.521281488045844,-0.4634003602785771,-0.7640141155458301,-0.3121570720426854,-372.6340084852181,0.48175182481751827,37.12411331881101,,,,,,,,,,,
tradability,88.0,"[r0935] short etb open->10:00 cover, bottom 30% [auction cost on all legs]",2024-25H1,373.0,2.6648793565683646,13.50131854434167,50.663901579873674,2.5625345645166475,3.1176250156892564,-0.08299569327578582,-352.1809917167756,0.6032171581769437,60.655230080181425,,,,,,,,,,,
tradability,88.0,"[r0935] short etb open->10:00 cover, bottom 30% [auction cost on all legs]",2025H2-26,312.0,2.673076923076923,-0.07011440777581622,-0.2622985039095248,-0.012233575960292922,-0.013612266702155222,-0.1874385969517709,-343.30029034005935,0.483974358974359,9.078633629599773,,,,,,,,,,,
tradability,88.0,"[r0935] short etb open->10:00 cover, bottom 30% [auction cost on all legs]",all,685.0,2.6686131386861316,7.319877550092539,27.429519265937575,1.331677567739649,2.195553880228317,-0.18743859695177068,-352.1809917167756,0.5489051094890511,37.12411331881101,,,,,,,,,,,
tradability,88.0,"[r0935] short etb open->close, pred fall in P1 bottom 50%",2024-25H1,373.0,4.439678284182306,20.4777375681965,46.12437266266482,1.6213999224091844,1.972623912486802,-0.38940123918941516,-1385.737083852291,0.5630026809651475,55.95708634830328,-44.467330909057914,,,,,,,,,,
tradability,88.0,"[r0935] short etb open->close, pred fall in P1 bottom 50%",2025H2-26,312.0,4.323717948717949,16.02293033405052,37.05822286303753,1.4132197004994773,1.5724857175348912,-0.14826404609178567,-747.8490546345712,0.5576923076923077,46.2766498702822,-27.383128529787932,,,,,,,,,,
tradability,88.0,"[r0935] short etb open->close, pred fall in P1 bottom 50%",all,685.0,4.386861313868613,18.448686681986942,42.05441057291532,1.5309314927722277,2.524066381192461,-0.38940123918941516,-1385.737083852291,0.5605839416058395,51.61135962322825,-36.797916929146034,,,,,,,,,,
tradability,88.0,"[r0935] short etb open->close, rest (not bottom 50%)",2024-25H1,373.0,4.439678284182306,5.516435164176726,12.42530384201642,0.6140650895879222,0.747082482737896,-0.175101936269893,-397.86249585449696,0.5040214477211796,21.848012715722053,-12.089160935181338,,,,,,,,,,
tradability,88.0,"[r0935] short etb open->close, rest (not bottom 50%)",2025H2-26,312.0,4.035256410256411,4.79266506963774,11.876977773844112,0.5244642937447627,0.5835699933840316,-0.19115724525039512,-512.4829467386007,0.5256410256410257,20.88786165708583,-20.12388862525727,,,,,,,,,,
tradability,88.0,"[r0935] short etb open->close, rest (not bottom 50%)",all,685.0,4.255474452554744,5.186776376591083,12.188479649965327,0.5732723440348491,0.9451614639042785,-0.2064641611109702,-512.4829467386007,0.5138686131386861,21.43331968559409,-15.559391522421679,,,,,,,,,,
tradability,88.0,"[r0935] short etb open->09:35 cover, bottom 50%",2024-25H1,373.0,4.439678284182306,-5.808254049571476,-13.082601210689377,-1.4187719093395514,-1.726103076759283,-0.22292391270964185,-256.96556782486414,0.45308310991957107,44.467330909057914,,,,,,,,,,,
tradability,88.0,"[r0935] short etb open->09:35 cover, bottom 50%",2025H2-26,312.0,4.323717948717949,-8.985335781806317,-20.78150306837339,-1.9694017134694002,-2.1913479308453208,-0.28583179203913345,-330.1836430651042,0.4358974358974359,27.383128529787932,,,,,,,,,,,
tradability,88.0,"[r0935] short etb open->09:35 cover, bottom 50%",all,685.0,4.386861313868613,-7.255333612282819,-16.53878044730027,-1.682764633235003,-2.774395626623943,-0.40580061076008156,-330.1836430651042,0.44525547445255476,36.797916929146034,,,,,,,,,,,
tradability,88.0,"[r0935] short etb open->09:35 cover, bottom 50% [auction cost on all legs]",2024-25H1,373.0,4.439678284182306,15.376655756672633,34.6346171330851,3.7981629781397883,4.620912466227334,-0.05217533710707645,-218.3566266044186,0.5844504021447721,44.467330909057914,,,,,,,,,,,
tradability,88.0,"[r0935] short etb open->09:35 cover, bottom 50% [auction cost on all legs]",2025H2-26,312.0,4.323717948717949,7.853904417594136,18.164701099254046,1.7318413921095048,1.9270152073067188,-0.07290625619771496,-301.7229786232951,0.5544871794871795,27.383128529787932,,,,,,,,,,,
tradability,88.0,"[r0935] short etb open->09:35 cover, bottom 50% [auction cost on all legs]",all,685.0,4.386861313868613,11.950234708800387,27.24096763902916,2.791942019749447,4.603110605248108,-0.07290625619771463,-301.7229786232951,0.5708029197080292,36.797916929146034,,,,,,,,,,,
tradability,88.0,"[r0935] short etb open->10:00 cover, bottom 50%",2024-25H1,373.0,4.439678284182306,-2.015977723594317,-4.5408193894968605,-0.29110206688156154,-0.3541599393021211,-0.17112720673448,-516.439853296705,0.5093833780160858,43.85377927734796,,,,,,,,,,,
tradability,88.0,"[r0935] short etb open->10:00 cover, bottom 50%",2025H2-26,312.0,4.323717948717949,-11.307460490022827,-26.152169554389342,-1.4876537360454347,-1.6553082664656302,-0.3692599809205388,-480.1965421862515,0.44871794871794873,14.329342001149222,,,,,,,,,,,
tradability,88.0,"[r0935] short etb open->10:00 cover, bottom 50%",all,685.0,4.386861313868613,-6.248010750055185,-14.242553623253913,-0.8628258504140547,-1.4225520424237095,-0.3897016136659952,-516.439853296705,0.48175182481751827,30.59971409079485,,,,,,,,,,,
tradability,88.0,"[r0935] short etb open->10:00 cover, bottom 50% [auction cost on all legs]",2024-25H1,373.0,4.439678284182306,15.104258571119908,34.021065501375155,2.183158708433419,2.6560696182904726,-0.08192315675495687,-491.11928441803565,0.5898123324396782,43.85377927734796,,,,,,,,,,,
tradability,88.0,"[r0935] short etb open->10:00 cover, bottom 50% [auction cost on all legs]",2025H2-26,312.0,4.323717948717949,2.209815306333364,5.110914570615332,0.2912576755648182,0.3240816235339885,-0.19465644519398984,-467.1518309256609,0.5160256410256411,14.329342001149222,,,,,,,,,,,
tradability,88.0,"[r0935] short etb open->10:00 cover, bottom 50% [auction cost on all legs]",all,685.0,4.386861313868613,9.231169084093043,21.042764800677983,1.2756049916393124,2.1031063050690726,-0.19465644519398972,-491.11928441803565,0.5562043795620438,30.59971409079485,,,,,,,,,,,
tradability,88.0,"[r0935] short etb open->09:35 cover, all",2024-25H1,373.0,8.879356568364612,-24.60789343607118,-27.713599793642963,-4.296880675293171,-5.22766126483548,-0.6220654959309573,-314.5222758686861,0.3672922252010724,28.278245922119623,,,,,,,,,,,
tradability,88.0,"[r0935] short etb open->09:35 cover, all",2025H2-26,312.0,8.35897435897436,-18.66715333881403,-22.3318705587039,-2.767980553192244,-3.0799244340924337,-0.4835997767125514,-495.6085014571712,0.42628205128205127,23.878763867286363,,,,,,,,,,,
tradability,88.0,"[r0935] short etb open->09:35 cover, all",all,685.0,8.642335766423358,-21.90203809250296,-25.34272988744008,-3.527482884169281,-5.815806259260343,-0.7858656146752078,-495.6085014571712,0.39416058394160586,26.340095719584966,,,,,,,,,,,
tradability,88.0,"[r0935] short etb open->10:00 cover, all",2024-25H1,373.0,8.879356568364612,-12.055690745394823,-13.577212101546703,-1.2064418625992754,-1.4677785747345407,-0.44494145999357304,-649.165733165936,0.4691689008042895,33.40834440170385,,,,,,,,,,,
tradability,88.0,"[r0935] short etb open->10:00 cover, all",2025H2-26,312.0,8.35897435897436,-16.181580587965527,-19.358332605234835,-1.5000604239273732,-1.6691131543322275,-0.4962021271992153,-704.7113858891934,0.44871794871794873,19.548495795062358,,,,,,,,,,,
tradability,88.0,"[r0935] short etb open->10:00 cover, all",all,685.0,8.642335766423358,-13.9349281627409,-16.124030053171474,-1.3456761653455285,-2.2186335475861685,-0.6536446971836347,-704.7113858891934,0.45985401459854014,27.30251920472395,,,,,,,,,,,
tradability,88.0,[r0935] long sell all at open auction,2024-25H1,373.0,9.983914209115282,43.037239220177504,43.106579562637506,2.9208897126816153,3.553606246885202,-0.16202248861454882,-1108.7662763893604,0.6085790884718498,52.9877087611517,,,,,,,,,,,
tradability,88.0,[r0935] long sell all at open auction,2025H2-26,312.0,9.990384615384615,49.228584384157635,49.2759651198498,2.927541711015226,3.257467700480024,-0.20258502368087927,-902.4382494390011,0.6185897435897436,58.66418750690733,,,,,,,,,,,
tradability,88.0,[r0935] long sell all at open auction,all,685.0,9.986861313868614,45.85723876931881,45.917568421259155,2.9197340008171535,4.813802882937748,-0.20258502368087883,-1108.7662763893604,0.6131386861313869,55.57411195520524,,,,,,,,,,,
tradability,88.0,[r0935] long hold P1 top 50% to 09:35,2024-25H1,373.0,9.983914209115282,15.982768834036554,16.008519804231028,1.0499925666827512,1.277439585598475,-0.2919121699382673,-1253.364217691451,0.5388739946380697,,,50.0,-54.19611951681294,,,,,,,,
tradability,88.0,[r0935] long hold P1 top 50% to 09:35,2025H2-26,312.0,9.990384615384615,21.20058096237675,21.220985756373256,1.2747695817802132,1.4184326469471353,-0.2457492584065064,-875.9804855529253,0.5705128205128205,,,47.38530638434393,-59.206073578846556,,,,,,,,
tradability,88.0,[r0935] long hold P1 top 50% to 09:35,all,685.0,9.986861313868614,18.359348956725814,18.383502463612313,1.1569918791617422,1.907547345712177,-0.2919121699382673,-1253.364217691451,0.5532846715328467,,,48.808653705598594,-56.41226271825758,,,,,,,,
tradability,88.0,"[r0935] long hold P1 top 50% to 09:35, held names only",2024-25H1,373.0,4.991957104557641,-27.054470386140938,-54.19611951681294,-7.661210586638291,-9.320764724932447,-0.6396148026974826,-266.14642258096046,0.29222520107238603,,,,,-8.029489857217435,,,,,,,
tradability,88.0,"[r0935] long hold P1 top 50% to 09:35, held names only",2025H2-26,312.0,4.733974358974359,-28.028003421780888,-59.20607357884655,-7.359278049070953,-8.188648671853404,-0.5822047080455397,-291.429787928757,0.28205128205128205,,,,,-21.082346289162253,,,,,,,
tradability,88.0,"[r0935] long hold P1 top 50% to 09:35, held names only",all,685.0,4.874452554744526,-27.497889812593005,-56.41226271825757,-7.51797506711447,-12.394981885953015,-0.8507305340990119,-291.429787928757,0.2875912408759124,,,,,-13.803394903633276,,,,,,,
tradability,88.0,[r0935] long hold P1 top 50% to 09:35 [auction cost on all legs],2024-25H1,373.0,9.983914209115282,38.914587116265125,38.977285162102284,2.545627738604346,3.0970558713233785,-0.17695233840877977,-1244.8702353777842,0.6032171581769437,,,50.0,-8.258588801070434,,,,,,,,
tradability,88.0,[r0935] long hold P1 top 50% to 09:35 [auction cost on all legs],2025H2-26,312.0,9.990384615384615,39.18628595321864,39.224001339121635,2.3553204708918,2.620758682734114,-0.21192165588219003,-867.1196509406471,0.6185897435897436,,,47.38530638434393,-21.21325057855767,,,,,,,,
tradability,88.0,[r0935] long hold P1 top 50% to 09:35 [auction cost on all legs],all,685.0,9.986861313868614,39.03833899528628,39.0896977222206,2.454568046025926,4.046877809081086,-0.21192165588219025,-1244.8702353777842,0.6102189781021898,,,48.808653705598594,-13.989057637652838,,,,,,,,
tradability,88.0,"[r0935] long hold P1 top 50% to 09:35 [auction cost on all legs], held names only",2024-25H1,373.0,4.991957104557641,-4.1226521039123725,-8.258588801070434,-1.2001301361922914,-1.460099616405129,-0.15783550443499328,-240.67648131927035,0.48257372654155495,,,,,-8.029489857217435,,,,,,,
tradability,88.0,"[r0935] long hold P1 top 50% to 09:35 [auction cost on all legs], held names only",2025H2-26,312.0,4.733974358974359,-10.042298430938999,-21.213250578557666,-2.611101973141766,-2.9053660646971133,-0.2849311003132249,-249.62180858343532,0.40384615384615385,,,,,-21.082346289162253,,,,,,,
tradability,88.0,"[r0935] long hold P1 top 50% to 09:35 [auction cost on all legs], held names only",all,685.0,4.874452554744526,-6.81889977403253,-13.989057637652838,-1.8784225449496978,-3.0969793343240886,-0.4013036090316674,-249.62180858343532,0.4467153284671533,,,,,-13.803394903633276,,,,,,,
tradability,88.0,[r0935] long hold P1 top 50% to 10:00,2024-25H1,373.0,9.983914209115282,15.689309383429196,15.714587540330525,0.9925720522543787,1.2075807689899245,-0.2620985765491217,-1262.201253469306,0.5308310991957105,,,50.0,-54.783984044613945,,,,,,,,
tradability,88.0,[r0935] long hold P1 top 50% to 10:00,2025H2-26,312.0,9.990384615384615,22.83505779172326,22.857035710675834,1.3499554466190047,1.5020917542874326,-0.22576228933320752,-876.9143229735347,0.5608974358974359,,,47.38530638434393,-55.75342110250187,,,,,,,,
tradability,88.0,[r0935] long hold P1 top 50% to 10:00,all,685.0,9.986861313868614,18.94401522779087,18.968937919948466,1.1614607346206582,1.9149152050053668,-0.2620985765491217,-1262.201253469306,0.5445255474452555,,,48.808653705598594,-55.212812596426005,,,,,,,,
tradability,88.0,"[r0935] long hold P1 top 50% to 10:00, held names only",2024-25H1,373.0,4.991957104557641,-27.347929836748303,-54.783984044613945,-4.720619926144875,-5.743189955405115,-0.653846499757692,-439.0722920000588,0.3485254691689008,,,,,-17.766907427139287,,,,,,,
tradability,88.0,"[r0935] long hold P1 top 50% to 10:00, held names only",2025H2-26,312.0,4.733974358974359,-26.393526592434377,-55.75342110250187,-4.499068745645382,-5.006101558189817,-0.5660732543523193,-303.33623382686613,0.358974358974359,,,,,-24.478918030424357,,,,,,,
tradability,88.0,"[r0935] long hold P1 top 50% to 10:00, held names only",all,685.0,4.874452554744526,-26.913223541527948,-55.212812596426005,-4.622255374600786,-7.620771701018113,-0.8502793587562251,-439.0722920000588,0.3532846715328467,,,,,-20.735951949766434,,,,,,,
tradability,88.0,[r0935] long hold P1 top 50% to 10:00 [auction cost on all legs],2024-25H1,373.0,9.983914209115282,34.16393974628215,34.21898368787122,2.153105816709993,2.6195067370212293,-0.1984610013923268,-1255.3698310793554,0.5656836461126006,,,50.0,-17.77519174953256,,,,,,,,
tradability,88.0,[r0935] long hold P1 top 50% to 10:00 [auction cost on all legs],2025H2-26,312.0,9.990384615384615,37.28135826864183,37.317240230401836,2.205016929368464,2.4535163408273153,-0.18879011463941453,-869.7812522738969,0.592948717948718,,,47.38530638434393,-25.237200731489033,,,,,,,,
tradability,88.0,[r0935] long hold P1 top 50% to 10:00 [auction cost on all legs],all,685.0,9.986861313868614,35.58384424113795,35.630658244671096,2.1780479066768397,3.590975509893408,-0.1984610013923268,-1255.3698310793554,0.5781021897810219,,,48.808653705598594,-21.07599656125754,,,,,,,,
tradability,88.0,"[r0935] long hold P1 top 50% to 10:00 [auction cost on all legs], held names only",2024-25H1,373.0,4.991957104557641,-8.87329947389534,-17.775191749532556,-1.5371500632809638,-1.8701240391100773,-0.32047206089917357,-418.63111498998825,0.4343163538873995,,,,,-17.766907427139287,,,,,,,
tradability,88.0,"[r0935] long hold P1 top 50% to 10:00 [auction cost on all legs], held names only",2025H2-26,312.0,4.733974358974359,-11.947226115515805,-25.237200731489033,-2.042826901573015,-2.2730479379704978,-0.3263701137444741,-294.50284267151704,0.4358974358974359,,,,,-24.478918030424357,,,,,,,
tradability,88.0,"[r0935] long hold P1 top 50% to 10:00 [auction cost on all legs], held names only",all,685.0,4.874452554744526,-10.273394528180866,-21.07599656125754,-1.7701257618458195,-2.9184290394779038,-0.5427040902013384,-418.63111498998825,0.43503649635036495,,,,,-20.735951949766434,,,,,,,
tradability,88.0,[r0935] long hold P1 top 30% to 09:35,2024-25H1,373.0,9.983914209115282,26.491615650471022,26.534298167630748,1.768854261349684,2.1520194773772743,-0.18440047902496848,-1193.7895187866259,0.5576407506702413,,,29.99462943071966,-55.25082893017471,,,,,,,,
tradability,88.0,[r0935] long hold P1 top 30% to 09:35,2025H2-26,312.0,9.990384615384615,35.16579958960708,35.199645402494106,2.090473981308301,2.3260647140170687,-0.22456071494273067,-860.4572950996303,0.6057692307692307,,,26.820660891883218,-52.483120285882435,,,,,,,,
tradability,88.0,[r0935] long hold P1 top 30% to 09:35,all,685.0,9.986861313868614,30.442484831508168,30.482534877332405,1.9225604124646156,3.1697500024159666,-0.2245607149427309,-1193.7895187866259,0.5795620437956205,,,28.548457827802952,-54.06608524014484,,,,,,,,
tradability,88.0,"[r0935] long hold P1 top 30% to 09:35, held names only",2024-25H1,373.0,2.994638069705094,-16.54562356970648,-55.25082893017471,-6.703526530328721,-8.155629310791937,-0.4622906841429725,-181.15591780016274,0.3190348525469169,,,,,-7.009025435179476,,,,,,,
tradability,88.0,"[r0935] long hold P1 top 30% to 09:35, held names only",2025H2-26,312.0,2.6794871794871793,-14.06278479455055,-52.483120285882435,-5.144780399871443,-5.724583159852633,-0.3566697883250942,-281.48963174747155,0.33974358974358976,,,,,-13.901306716771357,,,,,,,
tradability,88.0,"[r0935] long hold P1 top 30% to 09:35, held names only",all,685.0,2.8510948905109488,-15.41475393781064,-54.06608524014485,-5.947961470387319,-9.806480338873241,-0.6543906755963397,-281.48963174747155,0.3284671532846715,,,,,-9.959331196270522,,,,,,,
tradability,88.0,[r0935] long hold P1 top 30% to 09:35 [auction cost on all legs],2024-25H1,373.0,9.983914209115282,40.90626485151809,40.97217183033363,2.7252240986849245,3.315555989396736,-0.1674364713047657,-1188.5790498918238,0.6032171581769437,,,29.99462943071966,-7.115966334019363,,,,,,,,
tradability,88.0,[r0935] long hold P1 top 30% to 09:35 [auction cost on all legs],2025H2-26,312.0,9.990384615384615,45.49045175082345,45.53423466877419,2.7070493624062064,3.0121264638054535,-0.2072737706665615,-856.0513013060049,0.6217948717948718,,,26.820660891883218,-13.950925617228066,,,,,,,,
tradability,88.0,[r0935] long hold P1 top 30% to 09:35 [auction cost on all legs],all,685.0,9.986861313868614,42.99424486988783,43.05080797525677,2.7140293511858737,4.47465498961883,-0.20727377066656183,-1188.5790498918238,0.6116788321167883,,,28.548457827802952,-10.04173487511638,,,,,,,,
tradability,88.0,"[r0935] long hold P1 top 30% to 09:35 [auction cost on all legs], held names only",2024-25H1,373.0,2.994638069705094,-2.130974368659418,-7.115966334019363,-0.8903673185214386,-1.0832366766136425,-0.09778115941417809,-160.2615297140002,0.4584450402144772,,,,,-7.009025435179476,,,,,,,
tradability,88.0,"[r0935] long hold P1 top 30% to 09:35 [auction cost on all legs], held names only",2025H2-26,312.0,2.6794871794871793,-3.738132633334187,-13.950925617228066,-1.3974225701234961,-1.5549082935253846,-0.12509286594597524,-241.01335709995442,0.42948717948717946,,,,,-13.901306716771357,,,,,,,
tradability,88.0,"[r0935] long hold P1 top 30% to 09:35 [auction cost on all legs], held names only",all,685.0,2.8510948905109488,-2.8629938994309923,-10.04173487511638,-1.1342315577733295,-1.8700221120143585,-0.2103940018982423,-241.01335709995442,0.44525547445255476,,,,,-9.959331196270522,,,,,,,
tradability,88.0,[r0935] long hold P1 top 30% to 10:00,2024-25H1,373.0,9.983914209115282,26.234960755885684,26.277229758177658,1.718631319393068,2.0909173551372215,-0.18418127307923315,-1186.9336215611493,0.5522788203753352,,,29.99462943071966,-56.10787705622959,,,,,,,,
tradability,88.0,[r0935] long hold P1 top 30% to 10:00,2025H2-26,312.0,9.990384615384615,35.66513578959614,35.6994621955534,2.1006863808343446,2.3374280231973668,-0.19130563661343358,-858.9061771826473,0.5865384615384616,,,26.820660891883218,-50.61956891750223,,,,,,,,
tradability,88.0,[r0935] long hold P1 top 30% to 10:00,all,685.0,9.986861313868614,30.53016456686037,30.570329963893226,1.9011734716760733,3.134489078922152,-0.19130563661343358,-1186.9336215611493,0.5678832116788322,,,28.548457827802952,-53.75855519039443,,,,,,,,
tradability,88.0,"[r0935] long hold P1 top 30% to 10:00, held names only",2024-25H1,373.0,2.994638069705094,-16.802278464291813,-56.10787705622959,-4.199569209098801,-5.1092704085629945,-0.4776144396053994,-446.8423989514514,0.3699731903485255,,,,,-17.78396027755204,,,,,,,
tradability,88.0,"[r0935] long hold P1 top 30% to 10:00, held names only",2025H2-26,312.0,2.6794871794871793,-13.563448594561494,-50.61956891750223,-3.665396090196257,-4.078476261620708,-0.3483274691552166,-234.59868499565187,0.36217948717948717,,,,,-19.349843625687722,,,,,,,
tradability,88.0,"[r0935] long hold P1 top 30% to 10:00, held names only",all,685.0,2.8510948905109488,-15.327074202458439,-53.758555190394425,-3.9650871715960365,-6.537290058747307,-0.6597912493764249,-446.8423989514514,0.36642335766423356,,,,,-18.454251357450364,,,,,,,
tradability,88.0,[r0935] long hold P1 top 30% to 10:00 [auction cost on all legs],2024-25H1,373.0,9.983914209115282,37.80380312416289,37.86471150728452,2.471834484548684,3.007277689199057,-0.16880264093439135,-1182.7395420120977,0.5844504021447721,,,29.99462943071966,-17.476022057416742,,,,,,,,
tradability,88.0,[r0935] long hold P1 top 30% to 10:00 [auction cost on all legs],2025H2-26,312.0,9.990384615384615,43.95450621888781,43.996810844700015,2.591831111407986,2.883923429252498,-0.18293220384113484,-855.3577079628249,0.6121794871794872,,,26.820660891883218,-19.68316253067209,,,,,,,,
tradability,88.0,[r0935] long hold P1 top 30% to 10:00 [auction cost on all legs],all,685.0,9.986861313868614,40.60529124905948,40.65871145388942,2.527908855376061,4.167795741806416,-0.18293220384113473,-1182.7395420120977,0.5970802919708029,,,28.548457827802952,-18.42080927484709,,,,,,,,
tradability,88.0,"[r0935] long hold P1 top 30% to 10:00 [auction cost on all legs], held names only",2024-25H1,373.0,2.994638069705094,-5.2334360960146125,-17.476022057416742,-1.3170058210997613,-1.6022926482724176,-0.2108276936652832,-430.6217344914723,0.47989276139410186,,,,,-17.78396027755204,,,,,,,
tradability,88.0,"[r0935] long hold P1 top 30% to 10:00 [auction cost on all legs], held names only",2025H2-26,312.0,2.6794871794871793,-5.274078165269827,-19.68316253067209,-1.4481070942341605,-1.6113048256681957,-0.15645830813290806,-215.04744063502426,0.4358974358974359,,,,,-19.349843625687722,,,,,,,
tradability,88.0,"[r0935] long hold P1 top 30% to 10:00 [auction cost on all legs], held names only",all,685.0,2.8510948905109488,-5.251947520259324,-18.420809274847095,-1.373605789699131,-2.264681477361659,-0.3340671123697131,-430.6217344914723,0.45985401459854014,,,,,-18.454251357450364,,,,,,,
tradability,88.0,[r0935] long hold P1 top 10% to 09:35,2024-25H1,373.0,9.983914209115282,39.27412932001021,39.3374066497417,2.6598644459121537,3.2360382762221667,-0.1651887420067083,-1108.7662763893604,0.6005361930294906,,,10.01611170784103,-37.63109900167285,,,,,,,,
tradability,88.0,[r0935] long hold P1 top 10% to 09:35,2025H2-26,312.0,9.990384615384615,45.851279235600934,45.895409436982646,2.757482039580409,3.0682427665469545,-0.20936672337114548,-874.169064569287,0.6089743589743589,,,7.314725697786334,-46.21575466446004,,,,,,,,
tradability,88.0,[r0935] long hold P1 top 10% to 09:35,all,685.0,9.986861313868614,42.269853077184386,42.32546317478629,2.70423425389811,4.458505687131241,-0.2093667233711458,-1108.7662763893604,0.6043795620437956,,,8.785265312088876,-40.88784025144903,,,,,,,,
tradability,88.0,"[r0935] long hold P1 top 10% to 09:35, held names only",2024-25H1,373.0,1.0,-3.7631099001672847,-37.63109900167285,-3.0439374612646697,-3.7033083209249837,-0.13815272928822153,-110.38293720519576,0.21179624664879357,,,,,19.704146915482884,,,,,,,
tradability,88.0,"[r0935] long hold P1 top 10% to 09:35, held names only",2025H2-26,312.0,0.7307692307692307,-3.377305148556696,-46.21575466446004,-2.898010540790855,-3.224608447680546,-0.11022355556722219,-99.22867991206253,0.1858974358974359,,,,,0.4709988997859156,,,,,,,
tradability,88.0,"[r0935] long hold P1 top 10% to 09:35, held names only",all,685.0,0.8773722627737226,-3.5873856921344323,-40.88784025144903,-2.980328235184638,-4.913705374057133,-0.23265816010406215,-110.38293720519576,0.2,,,,,12.407711395384865,,,,,,,
tradability,88.0,[r0935] long hold P1 top 10% to 09:35 [auction cost on all legs],2024-25H1,373.0,9.983914209115282,44.86959340898672,44.94188598698185,3.0326925015951507,3.689627503482928,-0.16479398479794027,-1108.7662763893604,0.6193029490616622,,,10.01611170784103,18.323541888092183,,,,,,,,
tradability,88.0,[r0935] long hold P1 top 10% to 09:35 [auction cost on all legs],2025H2-26,312.0,9.990384615384615,49.16601906916074,49.21333958799534,2.9592941328823366,3.292798533941747,-0.205088140926306,-874.169064569287,0.6185897435897436,,,7.314725697786334,-0.8561569420627959,,,,,,,,
tradability,88.0,[r0935] long hold P1 top 10% to 09:35 [auction cost on all legs],all,685.0,9.986861313868614,46.82650553449664,46.88811035101622,2.9942417719071837,4.936644800446011,-0.20508814092630556,-1108.7662763893604,0.618978102189781,,,8.785265312088876,11.047383263673987,,,,,,,,
tradability,88.0,"[r0935] long hold P1 top 10% to 09:35 [auction cost on all legs], held names only",2024-25H1,373.0,1.0,1.8323541888092185,18.323541888092183,1.5812824003934056,1.9238162234371723,-0.030059651792260556,-82.5113795773912,0.34316353887399464,,,,,19.704146915482884,,,,,,,
tradability,88.0,"[r0935] long hold P1 top 10% to 09:35 [auction cost on all legs], held names only",2025H2-26,312.0,0.7307692307692307,-0.06256531499689669,-0.8561569420627959,-0.05626970184065782,-0.06261114421424238,-0.05306218284945252,-85.84547928710485,0.23076923076923078,,,,,0.4709988997859156,,,,,,,
tradability,88.0,"[r0935] long hold P1 top 10% to 09:35 [auction cost on all legs], held names only",all,685.0,0.8773722627737226,0.96926676517782,11.047383263673987,0.8514383420303164,1.4037773113448595,-0.05306218284945219,-85.84547928710485,0.291970802919708,,,,,12.407711395384865,,,,,,,
tradability,88.0,[r0935] long hold P1 top 10% to 10:00,2024-25H1,373.0,9.983914209115282,40.03178290134893,40.09628094039515,2.7005425711573374,3.285528005106915,-0.16837956907605445,-1108.7662763893604,0.5951742627345844,,,10.01611170784103,-30.05456318828565,,,,,,,,
tradability,88.0,[r0935] long hold P1 top 10% to 10:00,2025H2-26,312.0,9.990384615384615,45.45867796278235,45.5024302996089,2.74242567259454,3.051489587947141,-0.20585133150793455,-874.169064569287,0.6025641025641025,,,7.314725697786334,-51.58819313460906,,,,,,,,
tradability,88.0,[r0935] long hold P1 top 10% to 10:00,all,685.0,9.986861313868614,42.503594958527366,42.55951256627868,2.7184147935210876,4.481885324625478,-0.20585133150793444,-1108.7662763893604,0.5985401459854015,,,8.785265312088876,-38.22372729437839,,,,,,,,
tradability,88.0,"[r0935] long hold P1 top 10% to 10:00, held names only",2024-25H1,373.0,1.0,-3.0054563188285646,-30.05456318828565,-1.8092565870116215,-2.2011736635958075,-0.12241051956154725,-179.32939805412042,0.27882037533512066,,,,,16.055993977761247,,,,,,,
tradability,88.0,"[r0935] long hold P1 top 10% to 10:00, held names only",2025H2-26,312.0,0.7307692307692307,-3.769906421375278,-51.58819313460906,-2.361483542002762,-2.627616315198985,-0.11179515161307074,-135.73065407071306,0.1891025641025641,,,,,-13.346757091197187,,,,,,,
tradability,88.0,"[r0935] long hold P1 top 10% to 10:00, held names only",all,685.0,0.8773722627737226,-3.3536438107914472,-38.22372729437839,-2.0562168976980835,-3.390111163316283,-0.22033878570255483,-179.32939805412042,0.23795620437956205,,,,,4.901539329304471,,,,,,,
tradability,88.0,[r0935] long hold P1 top 10% to 10:00 [auction cost on all legs],2024-25H1,373.0,9.983914209115282,44.52448763824423,44.596224191904135,2.9986642259862957,3.6482280996473957,-0.16806016348207553,-1108.7662763893604,0.6085790884718498,,,10.01611170784103,14.872484180667351,,,,,,,,
tradability,88.0,[r0935] long hold P1 top 10% to 10:00 [auction cost on all legs],2025H2-26,312.0,9.990384615384615,48.11757047552696,48.163881900431214,2.905241173719554,3.232653953276808,-0.20240272110454194,-874.169064569287,0.6089743589743589,,,7.314725697786334,-15.203348223367206,,,,,,,,
tradability,88.0,[r0935] long hold P1 top 10% to 10:00 [auction cost on all legs],all,685.0,9.986861313868614,46.16104507653944,46.22177441518711,2.9512982040829683,4.86584318956708,-0.20240272110454194,-1108.7662763893604,0.6087591240875913,,,8.785265312088876,3.4626842004346075,,,,,,,,
tradability,88.0,"[r0935] long hold P1 top 10% to 10:00 [auction cost on all legs], held names only",2024-25H1,373.0,1.0,1.4872484180667354,14.872484180667351,0.9168701980501148,1.1154805500624227,-0.029932690860899003,-157.0711022601028,0.3512064343163539,,,,,16.055993977761247,,,,,,,
tradability,88.0,"[r0935] long hold P1 top 10% to 10:00 [auction cost on all legs], held names only",2025H2-26,312.0,0.7307692307692307,-1.1110139086306807,-15.203348223367206,-0.721901504723181,-0.8032578411148245,-0.06882803807123916,-120.3720321176578,0.23717948717948717,,,,,-13.346757091197187,,,,,,,
tradability,88.0,"[r0935] long hold P1 top 10% to 10:00 [auction cost on all legs], held names only",all,685.0,0.8773722627737226,0.303806307220613,3.4626842004346075,0.1915861686629816,0.31587057272434527,-0.06882803807123972,-157.0711022601028,0.29927007299270075,,,,,4.901539329304471,,,,,,,
tradability,88.0,"[r1000] short etb open->close, all",2024-25H1,373.0,8.879356568364612,25.994172732373226,29.27483825234062,1.4306006198919796,1.7404940958823962,-0.4324064381934415,-1688.8005696237087,0.546916890080429,38.902549532012664,-28.278245922119623,,,,,,,,,,
tradability,88.0,"[r1000] short etb open->close, all",2025H2-26,312.0,8.35897435897436,20.81559540368826,24.90209266085405,1.1664525628442104,1.297908594542105,-0.23670687935921297,-1045.9307394921782,0.5416666666666666,34.02032917993932,-23.878763867286363,,,,,,,,,,
tradability,88.0,"[r1000] short etb open->close, all",all,685.0,8.642335766423358,23.635463058578026,27.34846654582086,1.3123192671637958,2.1636376018636656,-0.4324064381934415,-1688.8005696237087,0.5445255474452555,36.75173353907224,-26.340095719584966,,,,,,,,,,
tradability,88.0,"[r1000] short etb open->close, pred fall in P1 bottom 30%",2024-25H1,373.0,2.6648793565683646,21.893478238995087,82.15560747630954,2.413386761409793,2.9361691522485485,-0.23462777753600306,-872.2185641527176,0.5495978552278821,92.24653363947417,-43.558082525160046,,,,,,,,,,
tradability,88.0,"[r1000] short etb open->close, pred fall in P1 bottom 30%",2025H2-26,312.0,2.5865384615384617,11.80336898407684,45.63384291241603,1.5065143246134989,1.6762943920744797,-0.11439761105605195,-438.99431079626083,0.5224358974358975,55.07854059283175,-31.30901694322029,,,,,,,,,,
tradability,88.0,"[r1000] short etb open->close, pred fall in P1 bottom 30%",all,685.0,2.629197080291971,17.297691249893642,65.79077460398192,2.027764411037428,3.3432011837512,-0.23462777753600306,-872.2185641527176,0.5372262773722628,75.59213586676988,-38.06946735324145,,,,,,,,,,
tradability,88.0,"[r1000] short etb open->close, rest (not bottom 30%)",2024-25H1,373.0,6.214477211796247,4.100694493378136,6.598615384081297,0.3362975333145385,0.40914554562262373,-0.2902132534164613,-908.7133565917611,0.5120643431635389,16.027691808623214,-21.7259777670626,,,,,,,,,,
tradability,88.0,"[r1000] short etb open->close, rest (not bottom 30%)",2025H2-26,312.0,5.772435897435898,9.012226419611416,15.61251883908252,0.6986046260806975,0.7773354676045334,-0.23592095340866337,-740.1082701981068,0.5160256410256411,24.584473205367303,-20.549383394061106,,,,,,,,,,
tradability,88.0,"[r1000] short etb open->close, rest (not bottom 30%)",all,685.0,6.013138686131387,6.33777180868439,10.539873000604047,0.5065285209026625,0.8351200669406902,-0.3010763712297242,-908.7133565917611,0.5138686131386861,19.76907643973176,-21.211521232521278,,,,,,,,,,
tradability,88.0,"[r1000] short etb open->09:35 cover, bottom 30%",2024-25H1,373.0,2.6648793565683646,-4.518709236699207,-16.95652460049099,-1.4914298876947676,-1.8145000623243763,-0.17645384701521538,-172.42588658838412,0.44235924932975873,43.558082525160046,,,,,,,,,,,
tradability,88.0,"[r1000] short etb open->09:35 cover, bottom 30%",2025H2-26,312.0,2.5865384615384617,-5.69612396758449,-22.022189317055275,-1.613196999415607,-1.7949999142062782,-0.20824913097901498,-212.77211035617708,0.42948717948717946,31.30901694322029,,,,,,,,,,,
tradability,88.0,"[r1000] short etb open->09:35 cover, bottom 30%",all,685.0,2.629197080291971,-5.054991566679074,-19.226369923238007,-1.548068485250638,-2.5523203604160365,-0.3044371898850209,-212.77211035617708,0.4364963503649635,38.06946735324145,,,,,,,,,,,
tradability,88.0,"[r1000] short etb open->09:35 cover, bottom 30% [auction cost on all legs]",2024-25H1,373.0,2.6648793565683646,8.91859334270558,33.46715610492134,2.9538897084744145,3.5937546272527756,-0.049909197712721065,-156.85669510413769,0.5495978552278821,43.558082525160046,,,,,,,,,,,
tradability,88.0,"[r1000] short etb open->09:35 cover, bottom 30% [auction cost on all legs]",2025H2-26,312.0,2.5865384615384617,5.655290249591844,21.864319180578132,1.6202991373333555,1.8029024437532946,-0.06111954119566265,-183.34771177165288,0.5256410256410257,31.30901694322029,,,,,,,,,,,
tradability,88.0,"[r1000] short etb open->09:35 cover, bottom 30% [auction cost on all legs]",all,685.0,2.629197080291971,7.432242152849398,28.268105911725907,2.2928514312363992,3.780253552804698,-0.06111954119566221,-183.34771177165288,0.5386861313868613,38.06946735324145,,,,,,,,,,,
tradability,88.0,"[r1000] short etb open->10:00 cover, bottom 30%",2024-25H1,373.0,2.6648793565683646,2.9761730742149846,11.168134373060253,0.5971693300447979,0.7265268019130989,-0.08613307726026331,-367.1484870335758,0.5308310991957105,62.115784996489815,,,,,,,,,,,
tradability,88.0,"[r1000] short etb open->10:00 cover, bottom 30%",2025H2-26,312.0,2.5865384615384617,-5.924429415416831,-22.904857219455398,-1.0375855638367282,-1.1545186351966268,-0.28396237456660767,-352.43872126306445,0.4391025641025641,21.75553287932579,,,,,,,,,,,
tradability,88.0,"[r1000] short etb open->10:00 cover, bottom 30%",all,685.0,2.629197080291971,-1.077823972157461,-4.099441537633877,-0.20221420367014828,-0.3333931503095444,-0.28396237456660867,-367.1484870335758,0.48905109489051096,44.03098574132525,,,,,,,,,,,
tradability,88.0,"[r1000] short etb open->10:00 cover, bottom 30% [auction cost on all legs]",2024-25H1,373.0,2.6648793565683646,13.863997164824022,52.024858576251106,2.772721559036441,3.3733422423605184,-0.06105823694416257,-343.5484201280379,0.5764075067024129,62.115784996489815,,,,,,,,,,,
tradability,88.0,"[r1000] short etb open->10:00 cover, bottom 30% [auction cost on all legs]",2025H2-26,312.0,2.5865384615384617,3.184244852296058,12.310835116683638,0.5587573697926669,0.6217278058434873,-0.15437697221984648,-345.2165089649897,0.4775641025641026,21.75553287932579,,,,,,,,,,,
tradability,88.0,"[r1000] short etb open->10:00 cover, bottom 30% [auction cost on all legs]",all,685.0,2.629197080291971,8.999642826855082,34.229624299809714,1.686499614686318,2.780553538431329,-0.15437697221984636,-345.2165089649897,0.5313868613138686,44.03098574132525,,,,,,,,,,,
tradability,88.0,"[r1000] short etb open->close, pred fall in P1 bottom 50%",2024-25H1,373.0,4.439678284182306,24.680771715608216,55.59135175073589,1.9588631172449227,2.383187622597289,-0.31483020661916217,-1385.737083852291,0.5361930294906166,65.51359766635342,-36.358941701667014,,,,,,,,,,
tradability,88.0,"[r1000] short etb open->close, pred fall in P1 bottom 50%",2025H2-26,312.0,4.198717948717949,11.68943699397063,27.840491161212494,1.0656242645727887,1.18571722125519,-0.14762077010183372,-641.2773914635183,0.5192307692307693,37.164239483025234,-30.602623277322785,,,,,,,,,,
tradability,88.0,"[r1000] short etb open->close, pred fall in P1 bottom 50%",all,685.0,4.32992700729927,18.763550645314886,43.33456571827613,1.5789711295767364,2.6032699463391853,-0.31483020661916217,-1385.737083852291,0.5284671532846715,52.99247183352809,-33.81653538477863,,,,,,,,,,
tradability,88.0,"[r1000] short etb open->close, rest (not bottom 50%)",2024-25H1,373.0,4.439678284182306,1.3134010167650145,2.958324753945347,0.14834219329195078,0.18047574424676302,-0.20904242463638334,-514.7696239873767,0.5067024128686327,12.291501397671906,-20.197550142572233,,,,,,,,,,
tradability,88.0,"[r1000] short etb open->close, rest (not bottom 50%)",2025H2-26,312.0,4.160256410256411,9.126158409717625,21.93652868899768,0.9356052583530525,1.041045426617488,-0.19801586616079003,-426.59230530261993,0.5352564102564102,30.847353450322558,-17.092742428805828,,,,,,,,,,
tradability,88.0,"[r1000] short etb open->close, rest (not bottom 50%)",all,685.0,4.312408759124088,4.871912413263138,11.297427227776737,0.525490490223568,0.8663829088836908,-0.20904242463638334,-514.7696239873767,0.5197080291970803,20.44502068147033,-18.833284600098033,,,,,,,,,,
tradability,88.0,"[r1000] short etb open->09:35 cover, bottom 50%",2024-25H1,373.0,4.439678284182306,-10.125212212829423,-22.806184513196705,-2.5073232272470576,-3.0504539232073102,-0.3301851209746687,-229.1673032671441,0.4262734584450402,36.358941701667014,,,,,,,,,,,
tradability,88.0,"[r1000] short etb open->09:35 cover, bottom 50%",2025H2-26,312.0,4.198717948717949,-8.431775546713919,-20.081786034921695,-1.8146321020654457,-2.0191362051277073,-0.2756447701967114,-262.6194459735594,0.42628205128205127,30.602623277322785,,,,,,,,,,,
tradability,88.0,"[r1000] short etb open->09:35 cover, bottom 50%",all,685.0,4.32992700729927,-9.353895074394332,-21.602893209575576,-2.163740121599595,-3.567386081187225,-0.48724764472028526,-262.6194459735594,0.42627737226277373,33.81653538477863,,,,,,,,,,,
tradability,88.0,"[r1000] short etb open->09:35 cover, bottom 50% [auction cost on all legs]",2024-25H1,373.0,4.439678284182306,11.737042422118936,26.436695793782384,2.922501034147322,3.555566609168452,-0.055200435616817756,-202.46166007590895,0.5603217158176944,36.358941701667014,,,,,,,,,,,
tradability,88.0,"[r1000] short etb open->09:35 cover, bottom 50% [auction cost on all legs]",2025H2-26,312.0,4.198717948717949,8.934399341506333,21.278874767557067,1.9177169717348603,2.133838459272487,-0.06324031882009218,-251.2120944156955,0.5384615384615384,30.602623277322785,,,,,,,,,,,
tradability,88.0,"[r1000] short etb open->09:35 cover, bottom 50% [auction cost on all legs]",all,685.0,4.32992700729927,10.46051009927057,24.158629190830545,2.422316450830248,3.9937041905634936,-0.06324031882009151,-251.2120944156955,0.5503649635036496,33.81653538477863,,,,,,,,,,,
tradability,88.0,"[r1000] short etb open->10:00 cover, bottom 50%",2024-25H1,373.0,4.439678284182306,2.764340457324122,6.226443179842378,0.4166404797514255,0.5068921997026115,-0.11560174132544143,-480.10859569493476,0.5040214477211796,55.95216875612815,,,,,,,,,,,
tradability,88.0,"[r1000] short etb open->10:00 cover, bottom 50%",2025H2-26,312.0,4.198717948717949,-8.377877804122909,-19.95341889226219,-1.099852098197754,-1.2238024386480666,-0.30735642029470156,-423.3521176541828,0.44871794871794873,22.562150799726627,,,,,,,,,,,
tradability,88.0,"[r1000] short etb open->10:00 cover, bottom 50%",all,685.0,4.32992700729927,-2.31065530555394,-5.336476346272587,-0.3253302526734248,-0.5363761588514215,-0.30735642029470245,-480.10859569493476,0.47883211678832116,41.204723198850324,,,,,,,,,,,
tradability,88.0,"[r1000] short etb open->10:00 cover, bottom 50% [auction cost on all legs]",2024-25H1,373.0,4.439678284182306,20.435804889193367,46.029922848243515,3.0687909787212653,3.7335455512138824,-0.07616903756234761,-458.0864075776728,0.5656836461126006,55.95216875612815,,,,,,,,,,,
tradability,88.0,"[r1000] short etb open->10:00 cover, bottom 50% [auction cost on all legs]",2025H2-26,312.0,4.198717948717949,5.558431730720766,13.238402289960906,0.7301236846053787,0.8124066383097608,-0.1900145181580183,-411.7941468760975,0.5224358974358975,22.562150799726627,,,,,,,,,,,
tradability,88.0,"[r1000] short etb open->10:00 cover, bottom 50% [auction cost on all legs]",all,685.0,4.32992700729927,13.659541494385406,31.546817004902245,1.9185961956988917,3.1632141474065407,-0.19001451815801806,-458.0864075776728,0.545985401459854,41.204723198850324,,,,,,,,,,,
tradability,88.0,"[r1000] short etb open->09:35 cover, all",2024-25H1,373.0,8.879356568364612,-24.60789343607118,-27.713599793642963,-4.296880675293171,-5.22766126483548,-0.6220654959309573,-314.5222758686861,0.3672922252010724,28.278245922119623,,,,,,,,,,,
tradability,88.0,"[r1000] short etb open->09:35 cover, all",2025H2-26,312.0,8.35897435897436,-18.66715333881403,-22.3318705587039,-2.767980553192244,-3.0799244340924337,-0.4835997767125514,-495.6085014571712,0.42628205128205127,23.878763867286363,,,,,,,,,,,
tradability,88.0,"[r1000] short etb open->09:35 cover, all",all,685.0,8.642335766423358,-21.90203809250296,-25.34272988744008,-3.527482884169281,-5.815806259260343,-0.7858656146752078,-495.6085014571712,0.39416058394160586,26.340095719584966,,,,,,,,,,,
tradability,88.0,"[r1000] short etb open->10:00 cover, all",2024-25H1,373.0,8.879356568364612,-12.055690745394823,-13.577212101546703,-1.2064418625992754,-1.4677785747345407,-0.44494145999357304,-649.165733165936,0.4691689008042895,33.40834440170385,,,,,,,,,,,
tradability,88.0,"[r1000] short etb open->10:00 cover, all",2025H2-26,312.0,8.35897435897436,-16.181580587965527,-19.358332605234835,-1.5000604239273732,-1.6691131543322275,-0.4962021271992153,-704.7113858891934,0.44871794871794873,19.548495795062358,,,,,,,,,,,
tradability,88.0,"[r1000] short etb open->10:00 cover, all",all,685.0,8.642335766423358,-13.9349281627409,-16.124030053171474,-1.3456761653455285,-2.2186335475861685,-0.6536446971836347,-704.7113858891934,0.45985401459854014,27.30251920472395,,,,,,,,,,,
tradability,88.0,[r1000] long sell all at open auction,2024-25H1,373.0,9.983914209115282,43.037239220177504,43.106579562637506,2.9208897126816153,3.553606246885202,-0.16202248861454882,-1108.7662763893604,0.6085790884718498,52.9877087611517,,,,,,,,,,,
tradability,88.0,[r1000] long sell all at open auction,2025H2-26,312.0,9.990384615384615,49.228584384157635,49.2759651198498,2.927541711015226,3.257467700480024,-0.20258502368087927,-902.4382494390011,0.6185897435897436,58.66418750690733,,,,,,,,,,,
tradability,88.0,[r1000] long sell all at open auction,all,685.0,9.986861313868614,45.85723876931881,45.917568421259155,2.9197340008171535,4.813802882937748,-0.20258502368087883,-1108.7662763893604,0.6131386861313869,55.57411195520524,,,,,,,,,,,
tradability,88.0,[r1000] long hold P1 top 50% to 09:35,2024-25H1,373.0,9.983914209115282,11.43945086044243,11.457881769454952,0.7466217885070809,0.9083533144644171,-0.3514375479426365,-1253.364217691451,0.5120643431635389,,,49.99999999999999,-63.29739558636509,,,,,,,,
tradability,88.0,[r1000] long hold P1 top 50% to 09:35,2025H2-26,312.0,9.990384615384615,20.227383712725896,20.246851839494642,1.201853334606986,1.3372989370111508,-0.234904772428295,-880.3955009670193,0.5769230769230769,,,50.01604106512673,-58.03960621864465,,,,,,,,
tradability,88.0,[r1000] long hold P1 top 50% to 09:35,all,685.0,9.986861313868614,15.442129765424095,15.462445387100574,0.9641209894327185,1.589558636894012,-0.3514375479426365,-1253.364217691451,0.5416058394160584,,,50.007308872971784,-60.90134366462403,,,,,,,,
tradability,88.0,"[r1000] long hold P1 top 50% to 09:35, held names only",2024-25H1,373.0,4.991957104557641,-31.597788359735073,-63.29739558636509,-8.944771591858172,-10.882367816827347,-0.6933197553919992,-207.9868050957574,0.2761394101876676,,,,,-18.490505841659033,,,,,,,
tradability,88.0,"[r1000] long hold P1 top 50% to 09:35, held names only",2025H2-26,312.0,4.996794871794871,-29.001200671431732,-58.03960621864466,-6.8944227247282655,-7.671405416618161,-0.5950802728457558,-323.2882187706552,0.2948717948717949,,,,,-20.522522636087654,,,,,,,
tradability,88.0,"[r1000] long hold P1 top 50% to 09:35, held names only",all,685.0,4.994160583941606,-30.415109003894717,-60.90134366462403,-7.895725546333517,-13.017783944423696,-0.8769403307949444,-323.2882187706552,0.2846715328467153,,,,,-19.416525772239044,,,,,,,
tradability,88.0,[r1000] long hold P1 top 50% to 09:35 [auction cost on all legs],2024-25H1,373.0,9.983914209115282,33.40045283218647,33.4542666659655,2.177524620672871,2.6492150871609828,-0.1880851432192865,-1244.8702353777842,0.5817694369973191,,,49.99999999999999,-19.30462579334401,,,,,,,,
tradability,88.0,[r1000] long hold P1 top 50% to 09:35 [auction cost on all legs],2025H2-26,312.0,9.990384615384615,38.46628908578964,38.50331150069414,2.2925788795104096,2.550946284628019,-0.20684300179855875,-872.9780031598369,0.6282051282051282,,,50.01604106512673,-21.538397261647305,,,,,,,,
tradability,88.0,[r1000] long hold P1 top 50% to 09:35 [auction cost on all legs],all,685.0,9.986861313868614,35.70781182652835,35.75478892146166,2.2318055593225603,3.6796064410719023,-0.20684300179855875,-1244.8702353777842,0.602919708029197,,,50.007308872971784,-20.322588295268837,,,,,,,,
tradability,88.0,"[r1000] long hold P1 top 50% to 09:35 [auction cost on all legs], held names only",2024-25H1,373.0,4.991957104557641,-9.63678638799103,-19.30462579334401,-2.7569448359127695,-3.3541480010975766,-0.3082568466329324,-190.1681545157461,0.4343163538873995,,,,,-18.490505841659033,,,,,,,
tradability,88.0,"[r1000] long hold P1 top 50% to 09:35 [auction cost on all legs], held names only",2025H2-26,312.0,4.996794871794871,-10.762295298367999,-21.538397261647305,-2.5527596429381014,-2.840448712539808,-0.29158872067715014,-305.66780523561346,0.4326923076923077,,,,,-20.522522636087654,,,,,,,
tradability,88.0,"[r1000] long hold P1 top 50% to 09:35 [auction cost on all legs], held names only",all,685.0,4.994160583941606,-10.149426942790466,-20.322588295268837,-2.6446772643890144,-4.3603133149090665,-0.5118653517033137,-305.66780523561346,0.4335766423357664,,,,,-19.416525772239044,,,,,,,
tradability,88.0,[r1000] long hold P1 top 50% to 10:00,2024-25H1,373.0,9.983914209115282,21.855733513898866,21.890946833201596,1.3607312943182333,1.655489834767528,-0.26208078946100255,-1262.201253469306,0.5335120643431636,,,49.99999999999999,-42.431265458871806,,,,,,,,
tradability,88.0,[r1000] long hold P1 top 50% to 10:00,2025H2-26,312.0,9.990384615384615,27.769117202659796,27.795843975713364,1.5939682362280985,1.7736041216996135,-0.20673604060569017,-921.6240321008157,0.5544871794871795,,,50.01604106512673,-42.94646414770575,,,,,,,,
tradability,88.0,[r1000] long hold P1 top 50% to 10:00,all,685.0,9.986861313868614,24.54912871228341,24.581425475682106,1.4714693921250994,2.4260304534536434,-0.26208078946100255,-1262.201253469306,0.5430656934306569,,,50.007308872971784,-42.66604907649593,,,,,,,,
tradability,88.0,"[r1000] long hold P1 top 50% to 10:00, held names only",2024-25H1,373.0,4.991957104557641,-21.181505706278635,-42.431265458871806,-3.5004478073899032,-4.258706907429295,-0.5573725310612238,-477.25147987255826,0.3941018766756032,,,,,-6.6225548263032685,,,,,,,
tradability,88.0,"[r1000] long hold P1 top 50% to 10:00, held names only",2025H2-26,312.0,4.996794871794871,-21.459467181497835,-42.94646414770575,-3.2630188507405733,-3.630752201531855,-0.49755202333788884,-395.95086057450794,0.40384615384615385,,,,,-12.69579563365478,,,,,,,
tradability,88.0,"[r1000] long hold P1 top 50% to 10:00, held names only",all,685.0,4.994160583941606,-21.30811005703541,-42.66604907649593,-3.386968613362109,-5.5841385793565745,-0.7773780570965028,-477.25147987255826,0.39854014598540144,,,,,-9.390219958913912,,,,,,,
tradability,88.0,[r1000] long hold P1 top 50% to 10:00 [auction cost on all legs],2024-25H1,373.0,9.983914209115282,39.50468664608916,39.56833544304848,2.4551218970073965,2.986944858681533,-0.22322387394428833,-1255.3698310793554,0.5603217158176944,,,49.99999999999999,-7.076488239178028,,,,,,,,
tradability,88.0,[r1000] long hold P1 top 50% to 10:00 [auction cost on all legs],2025H2-26,312.0,9.990384615384615,42.42112927056347,42.46195807640616,2.441502855556862,2.716653587780379,-0.18736952382709882,-915.6378832600678,0.5833333333333334,,,50.01604106512673,-13.623643331888264,,,,,,,,
tradability,88.0,[r1000] long hold P1 top 50% to 10:00 [auction cost on all legs],all,685.0,9.986861313868614,40.83305175387893,40.88677159977643,2.448637856039576,4.037100628815805,-0.22322387394428833,-1255.3698310793554,0.5708029197080292,,,50.007308872971784,-10.060123079732035,,,,,,,,
tradability,88.0,"[r1000] long hold P1 top 50% to 10:00 [auction cost on all legs], held names only",2024-25H1,373.0,4.991957104557641,-3.5325525740883346,-7.076488239178029,-0.5813017684638393,-0.7072220449713648,-0.18750176577578492,-465.35300952853646,0.4906166219839142,,,,,-6.6225548263032685,,,,,,,
tradability,88.0,"[r1000] long hold P1 top 50% to 10:00 [auction cost on all legs], held names only",2025H2-26,312.0,4.996794871794871,-6.807455113594168,-13.623643331888264,-1.0370320069022292,-1.1539026939009922,-0.20902131425759052,-381.7708845868631,0.47435897435897434,,,,,-12.69579563365478,,,,,,,
tradability,88.0,"[r1000] long hold P1 top 50% to 10:00 [auction cost on all legs], held names only",all,685.0,4.994160583941606,-5.024187015439897,-10.060123079732035,-0.7975146467474059,-1.3148726235414903,-0.33155298465091654,-465.35300952853646,0.4832116788321168,,,,,-9.390219958913912,,,,,,,
tradability,88.0,[r1000] long hold P1 top 30% to 09:35,2024-25H1,373.0,9.983914209115282,25.304911700743336,25.34568223516987,1.6959000409392626,2.0632620784718902,-0.21280928011865374,-1182.600342886841,0.5522788203753352,,,29.994629430719655,-59.21359144806574,,,,,,,,
tradability,88.0,[r1000] long hold P1 top 30% to 09:35,2025H2-26,312.0,9.990384615384615,33.024300589570686,33.05608528696199,1.9762073922421137,2.198920591107869,-0.214404876302274,-862.0711170030427,0.5897435897435898,,,29.066410009624644,-55.80283161049812,,,,,,,,
tradability,88.0,[r1000] long hold P1 top 30% to 09:35,all,685.0,9.986861313868614,28.82089612893915,28.858812817312256,1.8296976220487213,3.016645929203624,-0.214404876302274,-1182.600342886841,0.5693430656934306,,,29.57170004385324,-57.686083582106136,,,,,,,,
tradability,88.0,"[r1000] long hold P1 top 30% to 09:35, held names only",2024-25H1,373.0,2.994638069705094,-17.73232751943417,-59.21359144806574,-7.118256170707621,-8.660196749411815,-0.4851450973346433,-184.75378035987245,0.2949061662198391,,,,,-13.232251083745979,,,,,,,
tradability,88.0,"[r1000] long hold P1 top 30% to 09:35, held names only",2025H2-26,312.0,2.9038461538461537,-16.204283794586953,-55.80283161049812,-5.965552728215887,-6.637854297534438,-0.3982878450824905,-249.84554710317266,0.28525641025641024,,,,,-20.22434580441352,,,,,,,
tradability,88.0,"[r1000] long hold P1 top 30% to 09:35, held names only",all,685.0,2.9532846715328467,-17.03634264037967,-57.68608358210614,-6.566027858020487,-10.825494316791357,-0.6904879365748742,-249.84554710317266,0.2905109489051095,,,,,-16.363658803431985,,,,,,,
tradability,88.0,[r1000] long hold P1 top 30% to 09:35 [auction cost on all legs],2024-25H1,373.0,9.983914209115282,38.85229310243143,38.91489078197347,2.597912046059993,3.1606658874023066,-0.17426222323513907,-1179.094381150177,0.6058981233243967,,,29.994629430719655,-13.974797689519106,,,,,,,,
tradability,88.0,[r1000] long hold P1 top 30% to 09:35 [auction cost on all legs],2025H2-26,312.0,9.990384615384615,43.16766968712957,43.209217011178765,2.5860326790101835,2.877471529292136,-0.19979727908079503,-854.116337077985,0.6217948717948718,,,29.066410009624644,-20.872024122215862,,,,,,,,
tradability,88.0,[r1000] long hold P1 top 30% to 09:35 [auction cost on all legs],all,685.0,9.986861313868614,40.81783688991437,40.871536719180455,2.5901073267947567,4.27034315912109,-0.1997972790807948,-1179.094381150177,0.6131386861313869,,,29.57170004385324,-17.063718672229566,,,,,,,,
tradability,88.0,"[r1000] long hold P1 top 30% to 09:35 [auction cost on all legs], held names only",2024-25H1,373.0,2.994638069705094,-4.184946117746071,-13.974797689519106,-1.7347762550055126,-2.1105595702468327,-0.15852518110702807,-166.30911753350387,0.45576407506702415,,,,,-13.232251083745979,,,,,,,
tradability,88.0,"[r1000] long hold P1 top 30% to 09:35 [auction cost on all legs], held names only",2025H2-26,312.0,2.9038461538461537,-6.0609146970280685,-20.872024122215866,-2.256516577390844,-2.5108198591299855,-0.17504747662686437,-217.0911443208703,0.4166666666666667,,,,,-20.22434580441352,,,,,,,
tradability,88.0,"[r1000] long hold P1 top 30% to 09:35 [auction cost on all legs], held names only",all,685.0,2.9532846715328467,-5.039401879404441,-17.063718672229566,-1.9844569394656726,-3.2717996000978555,-0.3055182938519059,-217.0911443208703,0.43795620437956206,,,,,-16.363658803431985,,,,,,,
tradability,88.0,[r1000] long hold P1 top 30% to 10:00,2024-25H1,373.0,9.983914209115282,29.13364869592711,29.180587979540313,1.9341678764912045,2.3531429545532565,-0.22361804824401288,-1179.5035426268375,0.5656836461126006,,,29.994629430719655,-46.42828348742518,,,,,,,,
tradability,88.0,[r1000] long hold P1 top 30% to 10:00,2025H2-26,312.0,9.990384615384615,34.275526340015205,34.30851529703158,2.0230929009516325,2.2510899691451396,-0.1827774591661574,-867.4267640036472,0.5673076923076923,,,29.066410009624644,-51.493974721550074,,,,,,,,
tradability,88.0,[r1000] long hold P1 top 30% to 10:00,all,685.0,9.986861313868614,31.47564260097161,31.517051866197278,1.9752391960357438,3.2566021883183054,-0.22361804824401288,-1179.5035426268375,0.5664233576642336,,,29.57170004385324,-48.69695192940103,,,,,,,,
tradability,88.0,"[r1000] long hold P1 top 30% to 10:00, held names only",2024-25H1,373.0,2.994638069705094,-13.903590524250388,-46.42828348742518,-3.6999569923732034,-4.501433321572722,-0.4143905209157691,-428.58133556481215,0.3672922252010724,,,,,-9.259170548410893,,,,,,,
tradability,88.0,"[r1000] long hold P1 top 30% to 10:00, held names only",2025H2-26,312.0,2.9038461538461537,-14.95305804414243,-51.493974721550074,-3.6838268978205138,-4.098984171142161,-0.3767845665223801,-212.84466720319028,0.3685897435897436,,,,,-23.154342788211224,,,,,,,
tradability,88.0,"[r1000] long hold P1 top 30% to 10:00, held names only",all,685.0,2.9532846715328467,-14.381596168347201,-48.69695192940103,-3.692168362036932,-6.087325318159341,-0.6352179938763107,-428.58133556481215,0.3678832116788321,,,,,-15.482119658276982,,,,,,,
tradability,88.0,[r1000] long hold P1 top 30% to 10:00 [auction cost on all legs],2024-25H1,373.0,9.983914209115282,40.008602381862836,40.07306307313329,2.6511102729143827,3.225387794036507,-0.20734762316641253,-1176.679938938098,0.5978552278820375,,,29.994629430719655,-10.113532145849321,,,,,,,,
tradability,88.0,[r1000] long hold P1 top 30% to 10:00 [auction cost on all legs],2025H2-26,312.0,9.990384615384615,42.42488420661179,42.465716626444916,2.5069940255685883,2.7895254345510483,-0.17640317311489273,-864.3185786660237,0.5833333333333334,,,29.066410009624644,-23.429960876316787,,,,,,,,
tradability,88.0,[r1000] long hold P1 top 30% to 10:00 [auction cost on all legs],all,685.0,9.986861313868614,41.10915702320835,41.16324011240713,2.579031406710421,4.252082147666539,-0.20734762316641253,-1176.679938938098,0.5912408759124088,,,29.57170004385324,-16.077291132405684,,,,,,,,
tradability,88.0,"[r1000] long hold P1 top 30% to 10:00 [auction cost on all legs], held names only",2024-25H1,373.0,2.994638069705094,-3.0286368383146622,-10.113532145849321,-0.8132793627219593,-0.9894501018931817,-0.1682392806511619,-418.32053013538706,0.4718498659517426,,,,,-9.259170548410893,,,,,,,
tradability,88.0,"[r1000] long hold P1 top 30% to 10:00 [auction cost on all legs], held names only",2025H2-26,312.0,2.9038461538461537,-6.803700177545835,-23.42996087631679,-1.6916205689818613,-1.8822616067919773,-0.1976008766470042,-203.60549784165485,0.42948717948717946,,,,,-23.154342788211224,,,,,,,
tradability,88.0,"[r1000] long hold P1 top 30% to 10:00 [auction cost on all legs], held names only",all,685.0,2.9532846715328467,-4.7480817461104685,-16.077291132405684,-1.2295856718777018,-2.027233662534761,-0.30235865072393764,-418.32053013538706,0.45255474452554745,,,,,-15.482119658276982,,,,,,,
tradability,88.0,[r1000] long hold P1 top 10% to 09:35,2024-25H1,373.0,9.983914209115282,36.65486109146481,36.71391833275074,2.4847197260748697,3.0229541026498206,-0.16554254790835854,-1108.7662763893604,0.5924932975871313,,,10.01611170784103,-63.82378128712684,,,,,,,,
tradability,88.0,[r1000] long hold P1 top 10% to 09:35,2025H2-26,312.0,9.990384615384615,44.40742608744667,44.4501666322854,2.6755947955014032,2.9771270527502813,-0.20582006897848737,-902.4382494390011,0.6153846153846154,,,7.795957651588066,-61.90129171085675,,,,,,,,
tradability,88.0,[r1000] long hold P1 top 10% to 09:35,all,685.0,9.986861313868614,40.18595638890473,40.23882491799407,2.574406259651627,4.244456608408716,-0.2058200689784877,-1108.7662763893604,0.602919708029197,,,9.004531501242509,-63.065396600383934,,,,,,,,
tradability,88.0,"[r1000] long hold P1 top 10% to 09:35, held names only",2024-25H1,373.0,1.0,-6.382378128712684,-63.82378128712683,-5.73124035074842,-6.972728694409329,-0.21014112986910816,-125.91369759855543,0.15281501340482573,,,,,-10.285150683981568,,,,,,,
tradability,88.0,"[r1000] long hold P1 top 10% to 09:35, held names only",2025H2-26,312.0,0.7788461538461539,-4.821158296710958,-61.90129171085675,-4.210854201004922,-4.685406018159655,-0.14012776224683254,-124.80573269971696,0.1794871794871795,,,,,-18.18081959686548,,,,,,,
tradability,88.0,"[r1000] long hold P1 top 10% to 09:35, held names only",all,685.0,0.8992700729927007,-5.671282380414089,-63.065396600383934,-5.026737147872923,-8.287645986733265,-0.3208222858313611,-125.91369759855543,0.16496350364963502,,,,,-13.399838258382202,,,,,,,
tradability,88.0,[r1000] long hold P1 top 10% to 09:35 [auction cost on all legs],2024-25H1,373.0,9.983914209115282,42.002540992522064,42.07021425942732,2.8438723702257676,3.459905581611425,-0.16425690359287481,-1108.7662763893604,0.6193029490616622,,,10.01611170784103,-10.34698227655429,,,,,,,,
tradability,88.0,[r1000] long hold P1 top 10% to 09:35 [auction cost on all legs],2025H2-26,312.0,9.990384615384615,47.61172969570546,47.65755426711615,2.8693388396022415,3.1927055237398534,-0.20235007219176915,-902.4382494390011,0.6217948717948718,,,7.795957651588066,-20.759615752966166,,,,,,,,
tradability,88.0,[r1000] long hold P1 top 10% to 09:35 [auction cost on all legs],all,685.0,9.986861313868614,44.557383146380786,44.616002711987775,2.853330176921557,4.704322047074875,-0.20235007219176893,-1108.7662763893604,0.6204379562043796,,,9.004531501242509,-14.454563339489493,,,,,,,,
tradability,88.0,"[r1000] long hold P1 top 10% to 09:35 [auction cost on all legs], held names only",2024-25H1,373.0,1.0,-1.0346982276554288,-10.34698227655429,-1.0195751993236573,-1.24043327680435,-0.04812225240766055,-99.39835093781102,0.2707774798927614,,,,,-10.285150683981568,,,,,,,
tradability,88.0,"[r1000] long hold P1 top 10% to 09:35 [auction cost on all legs], held names only",2025H2-26,312.0,0.7788461538461539,-1.6168546884521726,-20.759615752966166,-1.4926887800015987,-1.6609107461829946,-0.04963611791185851,-120.55835626637612,0.22756410256410256,,,,,-18.18081959686548,,,,,,,
tradability,88.0,"[r1000] long hold P1 top 10% to 09:35 [auction cost on all legs], held names only",all,685.0,0.8992700729927007,-1.2998556229380334,-14.454563339489493,-1.2428063386227306,-2.0490307453079746,-0.08937805802113119,-120.55835626637612,0.2510948905109489,,,,,-13.399838258382202,,,,,,,
tradability,88.0,[r1000] long hold P1 top 10% to 10:00,2024-25H1,373.0,9.983914209115282,37.69680948904111,37.757545487143744,2.557418042310806,3.1114001639962723,-0.17119768950154435,-1108.7662763893604,0.5924932975871313,,,10.01611170784103,-53.40429731136394,,,,,,,,
tradability,88.0,[r1000] long hold P1 top 10% to 10:00,2025H2-26,312.0,9.990384615384615,45.57500431085289,45.618868607590954,2.7309501863851176,3.038720845649175,-0.20228381786736405,-902.4382494390011,0.6089743589743589,,,7.795957651588066,-46.910163904159766,,,,,,,,
tradability,88.0,[r1000] long hold P1 top 10% to 10:00,all,685.0,9.986861313868614,41.28512596262544,41.33944055605676,2.6383891474072048,4.349946015817158,-0.20228381786736416,-1108.7662763893604,0.6,,,9.004531501242509,-50.84248819131424,,,,,,,,
tradability,88.0,"[r1000] long hold P1 top 10% to 10:00, held names only",2024-25H1,373.0,1.0,-5.340429731136394,-53.404297311363926,-2.866548161915865,-3.4874933520955826,-0.1829381140218449,-344.4377942939433,0.21715817694369974,,,,,-10.270025089109824,,,,,,,
tradability,88.0,"[r1000] long hold P1 top 10% to 10:00, held names only",2025H2-26,312.0,0.7788461538461539,-3.6535800733047514,-46.910163904159766,-2.169928554103858,-2.4144736010922285,-0.11376490053060295,-111.69704387070414,0.20192307692307693,,,,,-11.62245898380415,,,,,,,
tradability,88.0,"[r1000] long hold P1 top 10% to 10:00, held names only",all,685.0,0.8992700729927007,-4.572112806693369,-50.84248819131424,-2.564137373205021,-4.227526163660189,-0.2717890602020563,-344.4377942939433,0.21021897810218979,,,,,-10.803533914451902,,,,,,,
tradability,88.0,[r1000] long hold P1 top 10% to 10:00 [auction cost on all legs],2024-25H1,373.0,9.983914209115282,41.97993090550557,42.047567743699176,2.844126270058924,3.4602144806531347,-0.17016846239197714,-1108.7662763893604,0.6166219839142091,,,10.01611170784103,-10.573083146719306,,,,,,,,
tradability,88.0,[r1000] long hold P1 top 10% to 10:00 [auction cost on all legs],2025H2-26,312.0,9.990384615384615,48.1463886019003,48.192727763211074,2.8858675549475485,3.211096980355204,-0.19948395070308156,-902.4382494390011,0.6185897435897436,,,7.795957651588066,-13.89485942651394,,,,,,,,
tradability,88.0,[r1000] long hold P1 top 10% to 10:00 [auction cost on all legs],all,685.0,9.986861313868614,44.78859484897295,44.84751859603343,2.860972080522886,4.716921351524155,-0.19948395070308167,-1108.7662763893604,0.6175182481751825,,,9.004531501242509,-11.88345917917076,,,,,,,,
tradability,88.0,"[r1000] long hold P1 top 10% to 10:00 [auction cost on all legs], held names only",2024-25H1,373.0,1.0,-1.0573083146719304,-10.573083146719306,-0.5662905635948916,-0.6889591467989474,-0.05501781721713328,-341.0145112136057,0.30563002680965146,,,,,-10.270025089109824,,,,,,,
tradability,88.0,"[r1000] long hold P1 top 10% to 10:00 [auction cost on all legs], held names only",2025H2-26,312.0,0.7788461538461539,-1.0821957822573358,-13.89485942651394,-0.662189968287983,-0.7368169769072087,-0.04428804440188994,-108.2909755896664,0.23076923076923078,,,,,-11.62245898380415,,,,,,,
tradability,88.0,"[r1000] long hold P1 top 10% to 10:00 [auction cost on all legs], held names only",all,685.0,0.8992700729927007,-1.0686439203458669,-11.88345917917076,-0.6059477596251307,-0.9990338405405286,-0.076521417886387,-341.0145112136057,0.27153284671532846,,,,,-10.803533914451902,,,,,,,
tradability,88.0,"[night] short etb open->close, all",2024-25H1,373.0,8.879356568364612,25.994172732373226,29.27483825234062,1.4306006198919796,1.7404940958823962,-0.4324064381934415,-1688.8005696237087,0.546916890080429,38.902549532012664,-28.278245922119623,,,,,,,,,,
tradability,88.0,"[night] short etb open->close, all",2025H2-26,312.0,8.35897435897436,20.81559540368826,24.90209266085405,1.1664525628442104,1.297908594542105,-0.23670687935921297,-1045.9307394921782,0.5416666666666666,34.02032917993932,-23.878763867286363,,,,,,,,,,
tradability,88.0,"[night] short etb open->close, all",all,685.0,8.642335766423358,23.635463058578026,27.34846654582086,1.3123192671637958,2.1636376018636656,-0.4324064381934415,-1688.8005696237087,0.5445255474452555,36.75173353907224,-26.340095719584966,,,,,,,,,,
tradability,88.0,"[night] short etb open->close, pred fall in P1 bottom 30%",2024-25H1,373.0,3.520107238605898,12.76926435536428,36.2752140483692,1.3408514583596216,1.6313036736321533,-0.2950985864308566,-914.4156277179718,0.5415549597855228,45.97667692639133,-47.76673606094751,,,,,,,,,,
tradability,88.0,"[night] short etb open->close, pred fall in P1 bottom 30%",2025H2-26,312.0,3.2371794871794872,9.470976055383339,29.2568765275208,1.0724046825223619,1.193261773868526,-0.12197829379885283,-470.82016617059713,0.5416666666666666,38.37575711826287,-29.74834682577359,,,,,,,,,,
tradability,88.0,"[night] short etb open->close, pred fall in P1 bottom 30%",all,685.0,3.3912408759124086,11.266978297562739,33.22376295234815,1.2235324109238226,2.0172535735873423,-0.2950985864308566,-914.4156277179718,0.5416058394160584,42.671929183726775,-39.93265378478493,,,,,,,,,,
tradability,88.0,"[night] short etb open->close, rest (not bottom 30%)",2024-25H1,373.0,5.359249329758713,13.224908377008948,24.67679251938138,1.1112502310161896,1.3519667468602572,-0.1925525577185796,-774.3849419057369,0.5281501340482574,34.2560616536639,-15.47765184894252,,,,,,,,,,
tradability,88.0,"[night] short etb open->close, rest (not bottom 30%)",2025H2-26,312.0,5.121794871794871,11.344619348304919,22.149694847754283,0.9707383927561312,1.0801379697242315,-0.221449111809645,-655.924927443266,0.5288461538461539,31.26752428775735,-20.168952360357633,,,,,,,,,,
tradability,88.0,"[night] short etb open->close, rest (not bottom 30%)",all,685.0,5.251094890510949,12.368484761015289,23.554106370017994,1.0485918643375887,1.7288268514051741,-0.22144911180964577,-774.3849419057369,0.5284671532846715,32.92837671879632,-17.561804814536448,,,,,,,,,,
tradability,88.0,"[night] short etb open->09:35 cover, bottom 30%",2024-25H1,373.0,3.520107238605898,-2.9610650646329804,-8.411860389246774,-0.846331491610202,-1.0296619083096181,-0.1504451680066603,-175.73457838643236,0.4584450402144772,47.76673606094751,,,,,,,,,,,
tradability,88.0,"[night] short etb open->09:35 cover, bottom 30%",2025H2-26,312.0,3.2371794871794872,-5.294952142976914,-16.35668384761185,-1.589513185501811,-1.7686469988718574,-0.17813652587954465,-162.98664346423706,0.42948717948717946,29.74834682577359,,,,,,,,,,,
tradability,88.0,"[night] short etb open->09:35 cover, bottom 30%",all,685.0,3.3912408759124086,-4.024091003966276,-11.866131458101155,-1.17604290708951,-1.9389570197221897,-0.2632892119927712,-175.73457838643236,0.44525547445255476,39.93265378478493,,,,,,,,,,,
tradability,88.0,"[night] short etb open->09:35 cover, bottom 30% [auction cost on all legs]",2024-25H1,373.0,3.520107238605898,13.399384301062371,38.065272995401855,3.850955899074864,4.685141270489157,-0.030931428354512125,-157.23304577313257,0.5898123324396782,47.76673606094751,,,,,,,,,,,
tradability,88.0,"[night] short etb open->09:35 cover, bottom 30% [auction cost on all legs]",2025H2-26,312.0,3.2371794871794872,6.678128428759476,20.629466037356,2.0271424746349207,2.255595918769834,-0.04956881408723435,-144.63170501140655,0.5673076923076923,29.74834682577359,,,,,,,,,,,
tradability,88.0,"[night] short etb open->09:35 cover, bottom 30% [auction cost on all legs]",all,685.0,3.3912408759124086,10.338023962144847,30.48448736146888,3.0401351712558213,5.012309836380948,-0.04956881408723346,-157.23304577313257,0.5795620437956205,39.93265378478493,,,,,,,,,,,
tradability,88.0,"[night] short etb open->10:00 cover, bottom 30%",2024-25H1,373.0,3.520107238605898,-1.645965791349659,-4.675896726377934,-0.2983688162153292,-0.36300079546827796,-0.1563747035602998,-384.86020322745964,0.4906166219839142,42.53454195107338,,,,,,,,,,,
tradability,88.0,"[night] short etb open->10:00 cover, bottom 30%",2025H2-26,312.0,3.2371794871794872,-6.731629829281533,-20.794737690453847,-1.1984157923066197,-1.333473993041832,-0.21297147680581185,-409.13093794056215,0.46794871794871795,18.02625825241544,,,,,,,,,,,
tradability,88.0,"[night] short etb open->10:00 cover, bottom 30%",all,685.0,3.3912408759124086,-3.962355834904031,-11.684088449889199,-0.7125530464492854,-1.1747953437825696,-0.28375874893348885,-409.13093794056215,0.4802919708029197,31.87876642991775,,,,,,,,,,,
tradability,88.0,"[night] short etb open->10:00 cover, bottom 30% [auction cost on all legs]",2024-25H1,373.0,3.520107238605898,11.557595865066459,32.83307888552771,2.0944314000807713,2.5481224007483885,-0.054749070785789944,-371.8070398361545,0.5737265415549598,42.53454195107338,,,,,,,,,,,
tradability,88.0,"[night] short etb open->10:00 cover, bottom 30% [auction cost on all legs]",2025H2-26,312.0,3.2371794871794872,2.8834779611018697,8.907377463997852,0.5140621236330928,0.571995526989183,-0.1322189937487792,-404.01510978385807,0.5416666666666666,18.02625825241544,,,,,,,,,,,
tradability,88.0,"[night] short etb open->10:00 cover, bottom 30% [auction cost on all legs]",all,685.0,3.3912408759124086,7.606756761362881,22.430600006601686,1.3675183927620547,2.2546451079810637,-0.1322189937487792,-404.01510978385807,0.5591240875912409,31.87876642991775,,,,,,,,,,,
tradability,88.0,"[night] short etb open->close, pred fall in P1 bottom 50%",2024-25H1,373.0,4.461126005361931,16.593893819042904,37.196649005426686,1.4684019019318526,1.7864838062826,-0.34351740841053857,-1078.5137712955475,0.5415549597855228,46.86518357350276,-43.55699058890056,,,,,,,,,,
tradability,88.0,"[night] short etb open->close, pred fall in P1 bottom 50%",2025H2-26,312.0,4.115384615384615,14.320539182032615,34.797571844191395,1.3894131878147387,1.545996275611718,-0.13073506624735942,-664.2434149980546,0.5576923076923077,43.89164743022384,-28.596682953274623,,,,,,,,,,
tradability,88.0,"[night] short etb open->close, pred fall in P1 bottom 50%",all,685.0,4.303649635036496,15.558438860287849,36.15173208716817,1.43372942461993,2.3638080851394347,-0.34351740841053857,-1078.5137712955475,0.5489051094890511,45.5700613184247,-37.04103570282739,,,,,,,,,,
tradability,88.0,"[night] short etb open->close, rest (not bottom 50%)",2024-25H1,373.0,4.418230563002681,9.400278913330329,21.276116715244004,0.9400551939693438,1.1436878274460451,-0.15093396260031544,-610.2867983281612,0.517426273458445,30.862608363906155,-12.851163928476728,,,,,,,,,,
tradability,88.0,"[night] short etb open->close, rest (not bottom 50%)",2025H2-26,312.0,4.243589743589744,6.495056221655641,15.305570552541996,0.6480604080589496,0.7210950536653012,-0.20686497410077087,-600.6130075547844,0.5224358974358975,24.447238067125625,-19.30338010111647,,,,,,,,,,
tradability,88.0,"[night] short etb open->close, rest (not bottom 50%)",all,685.0,4.338686131386861,8.07702419829018,18.616290631994524,0.8074522317505635,1.3312568473523751,-0.2068649741007711,-610.2867983281612,0.5197080291970803,28.004617020387506,-15.725569787351233,,,,,,,,,,
tradability,88.0,"[night] short etb open->09:35 cover, bottom 50%",2024-25H1,373.0,4.461126005361931,-5.742014625081093,-12.871222687231054,-1.505412285796399,-1.8315112959305828,-0.2426954842072162,-206.57153350675372,0.43699731903485256,43.55699058890056,,,,,,,,,,,
tradability,88.0,"[night] short etb open->09:35 cover, bottom 50%",2025H2-26,312.0,4.115384615384615,-6.949112044021274,-16.885692817247953,-1.7857536557140492,-1.9870032364066241,-0.22890016358604515,-223.28981235513814,0.4230769230769231,28.596682953274623,,,,,,,,,,,
tradability,88.0,"[night] short etb open->09:35 cover, bottom 50%",all,685.0,4.303649635036496,-6.291816661153116,-14.619723245895129,-1.635534010510604,-2.696525893363987,-0.37122769249564813,-223.28981235513814,0.4306569343065693,37.04103570282739,,,,,,,,,,,
tradability,88.0,"[night] short etb open->09:35 cover, bottom 50% [auction cost on all legs]",2024-25H1,373.0,4.461126005361931,15.118067189300081,33.88845589909213,3.981337213152548,4.843765490421855,-0.0350534028367947,-182.8897811143264,0.5737265415549598,43.55699058890056,,,,,,,,,,,
tradability,88.0,"[night] short etb open->09:35 cover, bottom 50% [auction cost on all legs]",2025H2-26,312.0,4.115384615384615,8.026072852429891,19.502606931138054,2.0893898075591046,2.3248583568347176,-0.05301996433136391,-200.69567558711742,0.5769230769230769,28.596682953274623,,,,,,,,,,,
tradability,88.0,"[night] short etb open->09:35 cover, bottom 50% [auction cost on all legs]",all,685.0,4.303649635036496,11.887844951192783,27.622706212914032,3.1111178052853132,5.129339815219448,-0.053019964331364244,-200.69567558711742,0.5751824817518248,37.04103570282739,,,,,,,,,,,
tradability,88.0,"[night] short etb open->10:00 cover, bottom 50%",2024-25H1,373.0,4.461126005361931,-2.5441309144682296,-5.702889609955826,-0.40366455488164205,-0.49110545928712296,-0.23501752663762399,-405.20679271241147,0.4932975871313673,41.65395361882322,,,,,,,,,,,
tradability,88.0,"[night] short etb open->10:00 cover, bottom 50%",2025H2-26,312.0,4.115384615384615,-7.655623270786847,-18.60244906920168,-1.18992785992091,-1.324029493758944,-0.2503819211869375,-402.59644448011085,0.48717948717948717,19.71473916843721,,,,,,,,,,,
tradability,88.0,"[night] short etb open->10:00 cover, bottom 50%",all,685.0,4.303649635036496,-4.872285097200213,-11.321286606452325,-0.7660838188609964,-1.263052214610275,-0.37657205452455766,-405.20679271241147,0.4905109489051095,32.098339183851834,,,,,,,,,,,
tradability,88.0,"[night] short etb open->10:00 cover, bottom 50% [auction cost on all legs]",2024-25H1,373.0,4.461126005361931,14.269098417662358,31.985418929014784,2.266339380244433,2.757268699407558,-0.06331963928611561,-383.62073038398717,0.5683646112600537,41.65395361882322,,,,,,,,,,,
tradability,88.0,"[night] short etb open->10:00 cover, bottom 50% [auction cost on all legs]",2025H2-26,312.0,4.115384615384615,4.370811371746801,10.62066314630064,0.6796403781999372,0.7562340005603455,-0.11356530376188301,-396.51849488214486,0.5352564102564102,19.71473916843721,,,,,,,,,,,
tradability,88.0,"[night] short etb open->10:00 cover, bottom 50% [auction cost on all legs]",all,685.0,4.303649635036496,9.76068154419425,22.680009693938473,1.534491680109068,2.529936107702165,-0.11356530376188279,-396.51849488214486,0.5532846715328467,32.098339183851834,,,,,,,,,,,
tradability,88.0,"[night] short etb open->09:35 cover, all",2024-25H1,373.0,8.879356568364612,-24.60789343607118,-27.713599793642963,-4.296880675293171,-5.22766126483548,-0.6220654959309573,-314.5222758686861,0.3672922252010724,28.278245922119623,,,,,,,,,,,
tradability,88.0,"[night] short etb open->09:35 cover, all",2025H2-26,312.0,8.35897435897436,-18.66715333881403,-22.3318705587039,-2.767980553192244,-3.0799244340924337,-0.4835997767125514,-495.6085014571712,0.42628205128205127,23.878763867286363,,,,,,,,,,,
tradability,88.0,"[night] short etb open->09:35 cover, all",all,685.0,8.642335766423358,-21.90203809250296,-25.34272988744008,-3.527482884169281,-5.815806259260343,-0.7858656146752078,-495.6085014571712,0.39416058394160586,26.340095719584966,,,,,,,,,,,
tradability,88.0,"[night] short etb open->10:00 cover, all",2024-25H1,373.0,8.879356568364612,-12.055690745394823,-13.577212101546703,-1.2064418625992754,-1.4677785747345407,-0.44494145999357304,-649.165733165936,0.4691689008042895,33.40834440170385,,,,,,,,,,,
tradability,88.0,"[night] short etb open->10:00 cover, all",2025H2-26,312.0,8.35897435897436,-16.181580587965527,-19.358332605234835,-1.5000604239273732,-1.6691131543322275,-0.4962021271992153,-704.7113858891934,0.44871794871794873,19.548495795062358,,,,,,,,,,,
tradability,88.0,"[night] short etb open->10:00 cover, all",all,685.0,8.642335766423358,-13.9349281627409,-16.124030053171474,-1.3456761653455285,-2.2186335475861685,-0.6536446971836347,-704.7113858891934,0.45985401459854014,27.30251920472395,,,,,,,,,,,
tradability,88.0,[night] long sell all at open auction,2024-25H1,373.0,9.983914209115282,43.037239220177504,43.106579562637506,2.9208897126816153,3.553606246885202,-0.16202248861454882,-1108.7662763893604,0.6085790884718498,52.9877087611517,,,,,,,,,,,
tradability,88.0,[night] long sell all at open auction,2025H2-26,312.0,9.990384615384615,49.228584384157635,49.2759651198498,2.927541711015226,3.257467700480024,-0.20258502368087927,-902.4382494390011,0.6185897435897436,58.66418750690733,,,,,,,,,,,
tradability,88.0,[night] long sell all at open auction,all,685.0,9.986861313868614,45.85723876931881,45.917568421259155,2.9197340008171535,4.813802882937748,-0.20258502368087883,-1108.7662763893604,0.6131386861313869,55.57411195520524,,,,,,,,,,,
tradability,88.0,[night] long hold P1 top 50% to 09:35,2024-25H1,373.0,9.983914209115282,11.250334573143089,11.268460783518723,0.7319565761794421,0.8905113569563571,-0.35312039127597894,-1272.8449621416894,0.5361930294906166,,,49.91944146079485,-63.77899641389905,,,,,,,,
tradability,88.0,[night] long hold P1 top 50% to 09:35,2025H2-26,312.0,9.990384615384615,15.120886753872476,15.13544006162404,0.9097305230142239,1.0122546789715818,-0.24591368767151744,-882.7279678516671,0.5416666666666666,,,50.01604106512673,-68.25915112667714,,,,,,,,
tradability,88.0,[night] long hold P1 top 50% to 09:35,all,685.0,9.986861313868614,13.013272208745379,13.030392432379161,0.816347277945189,1.3459222240625717,-0.35312039127597894,-1272.8449621416894,0.5386861313868613,,,49.963455635141074,-65.82246077821182,,,,,,,,
tradability,88.0,"[night] long hold P1 top 50% to 09:35, held names only",2024-25H1,373.0,4.983914209115282,-31.78690464703441,-63.77899641389905,-8.263437294560466,-10.053444422499181,-0.6978592178492702,-243.01493175238912,0.289544235924933,,,,,-18.027910878246296,,,,,,,
tradability,88.0,"[night] long hold P1 top 50% to 09:35, held names only",2025H2-26,312.0,4.996794871794871,-34.10769763028516,-68.25915112667715,-7.1180386035339,-7.920222196848152,-0.6552629017680927,-368.08991387830696,0.26282051282051283,,,,,-26.561076704784284,,,,,,,
tradability,88.0,"[night] long hold P1 top 50% to 09:35, held names only",all,685.0,4.9897810218978105,-32.84396656057344,-65.82246077821182,-7.637608373784802,-12.592222852556084,-0.8968845643138729,-368.08991387830696,0.2773722627737226,,,,,-21.920013137922343,,,,,,,
tradability,88.0,[night] long hold P1 top 50% to 09:35 [auction cost on all legs],2024-25H1,373.0,9.983914209115282,34.57767104302985,34.63338157639671,2.241668107925727,2.7272531917868097,-0.17474476718159615,-1244.2060179954658,0.5764075067024129,,,49.91944146079485,-16.973743572222006,,,,,,,,
tradability,88.0,[night] long hold P1 top 50% to 09:35 [auction cost on all legs],2025H2-26,312.0,9.990384615384615,35.927298030716315,35.96187675836859,2.1609116960999435,2.4044405677123626,-0.2118761797901686,-863.1953977601253,0.592948717948718,,,50.01604106512673,-26.61963657648295,,,,,,,,
tradability,88.0,[night] long hold P1 top 50% to 09:35 [auction cost on all legs],all,685.0,9.986861313868614,35.19239165639946,35.238690666033655,2.203461377906861,3.6328750257528295,-0.2118761797901686,-1244.2060179954658,0.583941605839416,,,49.963455635141074,-21.37337704022751,,,,,,,,
tradability,88.0,"[night] long hold P1 top 50% to 09:35 [auction cost on all legs], held names only",2024-25H1,373.0,4.983914209115282,-8.459568177147645,-16.973743572222002,-2.2344019939553172,-2.7184131086149868,-0.2971073804263089,-209.80091956238803,0.43967828418230565,,,,,-18.027910878246296,,,,,,,
tradability,88.0,"[night] long hold P1 top 50% to 09:35 [auction cost on all legs], held names only",2025H2-26,312.0,4.996794871794871,-13.301286353441322,-26.61963657648295,-2.8014687742294933,-3.1171866865703133,-0.3459792400902981,-351.8382361437624,0.40705128205128205,,,,,-26.561076704784284,,,,,,,
tradability,88.0,"[night] long hold P1 top 50% to 09:35 [auction cost on all legs], held names only",all,685.0,4.9897810218978105,-10.664847112919363,-21.373377040227506,-2.508937393414973,-4.136517249225836,-0.5434909823432041,-351.8382361437624,0.4248175182481752,,,,,-21.920013137922343,,,,,,,
tradability,88.0,[night] long hold P1 top 50% to 10:00,2024-25H1,373.0,9.983914209115282,7.973456790789507,7.986303391419136,0.4973579181355777,0.6050944673298798,-0.42145493915356536,-1203.0020237155707,0.5040214477211796,,,49.91944146079485,-70.35390449791134,,,,,,,,
tradability,88.0,[night] long hold P1 top 50% to 10:00,2025H2-26,312.0,9.990384615384615,21.160573772132082,21.180940060651945,1.2498070027748767,1.3906568531729229,-0.22773321691403392,-860.7955651466266,0.532051282051282,,,50.01604106512673,-56.172028934906805,,,,,,,,
tradability,88.0,[night] long hold P1 top 50% to 10:00,all,685.0,9.986861313868614,13.979851678641891,13.998243531456946,0.8503315514205897,1.4019525314757275,-0.42145493915356536,-1203.0020237155707,0.5167883211678832,,,49.963455635141074,-63.885342765107346,,,,,,,,
tradability,88.0,"[night] long hold P1 top 50% to 10:00, held names only",2024-25H1,373.0,4.983914209115282,-35.06378242938799,-70.35390449791134,-5.504026116750529,-6.696295826091663,-0.7399150671788894,-383.22908536006156,0.3136729222520107,,,,,-34.63128984464674,,,,,,,
tradability,88.0,"[night] long hold P1 top 50% to 10:00, held names only",2025H2-26,312.0,4.996794871794871,-28.068010612025553,-56.172028934906805,-3.9139334089795916,-4.355023060340739,-0.5893043911561997,-470.39572493396383,0.375,,,,,-21.48026836880528,,,,,,,
tradability,88.0,"[night] long hold P1 top 50% to 10:00, held names only",all,685.0,4.9897810218978105,-31.877387090676926,-63.885342765107346,-4.725644367065681,-7.791230458511862,-0.8939617171928005,-470.39572493396383,0.3416058394160584,,,,,-28.63291580110173,,,,,,,
tradability,88.0,[night] long hold P1 top 50% to 10:00 [auction cost on all legs],2024-25H1,373.0,9.983914209115282,26.868614207101327,26.911904133321148,1.671600688843381,2.0336990555928405,-0.19859089169352506,-1180.091436342381,0.5522788203753352,,,49.91944146079485,-32.44161984872196,,,,,,,,
tradability,88.0,[night] long hold P1 top 50% to 10:00 [auction cost on all legs],2025H2-26,312.0,9.990384615384615,37.87840674596718,37.9148633453377,2.237503640678814,2.4896642161556515,-0.1952121917586399,-845.1484213808081,0.5737179487179487,,,50.01604106512673,-22.714916120047594,,,,,,,,
tradability,88.0,[night] long hold P1 top 50% to 10:00 [auction cost on all legs],all,685.0,9.986861313868614,31.883293436482557,31.92523900597947,1.9370014416177646,3.193559112338501,-0.19859089169352506,-1180.091436342381,0.5620437956204379,,,49.963455635141074,-28.00512742244831,,,,,,,,
tradability,88.0,"[night] long hold P1 top 50% to 10:00 [auction cost on all legs], held names only",2024-25H1,373.0,4.983914209115282,-16.168625013076174,-32.44161984872196,-2.5502960393761507,-3.1027354088673667,-0.4909384489552202,-366.3413059251515,0.4289544235924933,,,,,-34.63128984464674,,,,,,,
tradability,88.0,"[night] long hold P1 top 50% to 10:00 [auction cost on all legs], held names only",2025H2-26,312.0,4.996794871794871,-11.35017763819045,-22.714916120047597,-1.5906156398897087,-1.769873696871178,-0.3400713820573201,-451.9336180865267,0.4326923076923077,,,,,-21.48026836880528,,,,,,,
tradability,88.0,"[night] long hold P1 top 50% to 10:00 [auction cost on all legs], held names only",all,685.0,4.9897810218978105,-13.973945332836253,-28.00512742244831,-2.082315489358561,-3.4331402460137688,-0.665658726738912,-451.9336180865267,0.4306569343065693,,,,,-28.63291580110173,,,,,,,
tradability,88.0,[night] long hold P1 top 30% to 09:35,2024-25H1,373.0,9.983914209115282,24.538588283884486,24.578124140410615,1.6291434159223162,1.9820447840799702,-0.1971593364829467,-1193.7895187866259,0.5683646112600537,,,29.994629430719655,-61.77257653748695,,,,,,,,
tradability,88.0,[night] long hold P1 top 30% to 09:35,2025H2-26,312.0,9.990384615384615,27.025202285034258,27.051213066829288,1.6343044004487404,1.8184860619348675,-0.23454913654249943,-897.8380375632964,0.5737179487179487,,,30.060956047481554,-73.93228617851113,,,,,,,,
tradability,88.0,[night] long hold P1 top 30% to 09:35,all,685.0,9.986861313868614,25.67117743477314,25.704950362256398,1.6310338016438088,2.6891063413052247,-0.2345491365424992,-1193.7895187866259,0.5708029197080292,,,30.02485016810408,-67.31963005921999,,,,,,,,
tradability,88.0,"[night] long hold P1 top 30% to 09:35, held names only",2024-25H1,373.0,2.994638069705094,-18.49865093629301,-61.77257653748696,-6.148802919806926,-7.480742724322646,-0.4999718271653333,-213.46971329784273,0.32707774798927614,,,,,-17.228942233977257,,,,,,,
tradability,88.0,"[night] long hold P1 top 30% to 09:35, held names only",2025H2-26,312.0,3.003205128205128,-22.20338209912338,-73.93228617851113,-6.23998653360542,-6.943216046476424,-0.5021387302153135,-268.0888286465874,0.3301282051282051,,,,,-31.630254963982836,,,,,,,
tradability,88.0,"[night] long hold P1 top 30% to 09:35, held names only",all,685.0,2.9985401459854013,-20.186061334545673,-67.31963005921997,-6.173150544789717,-10.177752453134662,-0.7515094043926824,-268.0888286465874,0.3284671532846715,,,,,-23.798577106428684,,,,,,,
tradability,88.0,[night] long hold P1 top 30% to 09:35 [auction cost on all legs],2024-25H1,373.0,9.983914209115282,38.35082210426293,38.41261182838365,2.539567277743464,3.089682607115309,-0.16063873119222605,-1188.5790498918238,0.6032171581769437,,,29.994629430719655,-15.649360646697694,,,,,,,,
tradability,88.0,[night] long hold P1 top 30% to 09:35 [auction cost on all legs],2025H2-26,312.0,9.990384615384615,39.73869850187499,39.77694556491817,2.405804507556361,2.676932133040866,-0.21272106553831094,-880.7297176539847,0.6089743589743589,,,30.060956047481554,-31.599193119233583,,,,,,,,
tradability,88.0,[night] long hold P1 top 30% to 09:35 [auction cost on all legs],all,685.0,9.986861313868614,38.982964346678926,39.03425022288418,2.4750061827317795,4.080574427118544,-0.21272106553831105,-1188.5790498918238,0.6058394160583942,,,30.02485016810408,-22.92540398981655,,,,,,,,
tradability,88.0,"[night] long hold P1 top 30% to 09:35 [auction cost on all legs], held names only",2024-25H1,373.0,2.994638069705094,-4.686417115914563,-15.649360646697694,-1.5837821472272384,-1.9268574597857315,-0.20044768968362459,-197.33799468393687,0.46380697050938335,,,,,-17.228942233977257,,,,,,,
tradability,88.0,"[night] long hold P1 top 30% to 09:35 [auction cost on all legs], held names only",2025H2-26,312.0,3.003205128205128,-9.489885882282653,-31.59919311923358,-2.7069589666807143,-3.0120258807275273,-0.2752574107673009,-244.9876808293724,0.4583333333333333,,,,,-31.630254963982836,,,,,,,
tradability,88.0,"[night] long hold P1 top 30% to 09:35 [auction cost on all legs], held names only",all,685.0,2.9985401459854013,-6.874274422639882,-22.92540398981655,-2.134425376702785,-3.5190544854126258,-0.4204842954553535,-244.9876808293724,0.46131386861313867,,,,,-23.798577106428684,,,,,,,
tradability,88.0,[night] long hold P1 top 30% to 10:00,2024-25H1,373.0,9.983914209115282,19.797559980869487,19.829457231107195,1.2899582878221982,1.5693861394094928,-0.253269568925509,-1186.9336215611493,0.5495978552278821,,,29.994629430719655,-77.60430041416191,,,,,,,,
tradability,88.0,[night] long hold P1 top 30% to 10:00,2025H2-26,312.0,9.990384615384615,30.422823306584288,30.45210417598427,1.8262735636584213,2.032089627783587,-0.22132395694695284,-879.9878180332847,0.5673076923076923,,,30.060956047481554,-62.61896964997744,,,,,,,,
tradability,88.0,[night] long hold P1 top 30% to 10:00,all,685.0,9.986861313868614,24.63709597739944,24.669508470280096,1.5446875463342693,2.5467461630754236,-0.253269568925509,-1186.9336215611493,0.5576642335766423,,,30.02485016810408,-70.76824640927347,,,,,,,,
tradability,88.0,"[night] long hold P1 top 30% to 10:00, held names only",2024-25H1,373.0,2.994638069705094,-23.239679239308003,-77.60430041416191,-4.937238327501011,-6.0067317457395175,-0.587734595137865,-359.7006837384095,0.35656836461126007,,,,,-43.76483958259302,,,,,,,
tradability,88.0,"[night] long hold P1 top 30% to 10:00, held names only",2025H2-26,312.0,3.003205128205128,-18.80576107757335,-62.61896964997742,-3.6606700686264735,-4.073217630272292,-0.4477006867703114,-338.51161090968674,0.3814102564102564,,,,,-27.047244950852264,,,,,,,
tradability,88.0,"[night] long hold P1 top 30% to 10:00, held names only",all,685.0,2.9985401459854013,-21.220142791919375,-70.76824640927347,-4.325357176027215,-7.131271834306804,-0.7728965230639389,-359.7006837384095,0.3678832116788321,,,,,-36.138556150294534,,,,,,,
tradability,88.0,[night] long hold P1 top 30% to 10:00 [auction cost on all legs],2024-25H1,373.0,9.983914209115282,31.01461071453033,31.064580549193913,2.0170323897866393,2.4539573916110027,-0.1803681981803258,-1182.7395420120977,0.5710455764075067,,,29.994629430719655,-40.1471838192157,,,,,,,,
tradability,88.0,[night] long hold P1 top 30% to 10:00 [auction cost on all legs],2025H2-26,312.0,9.990384615384615,40.63903636721455,40.67814997295777,2.441783601217592,2.7169659727135937,-0.20286299250082573,-866.2934430947893,0.5865384615384616,,,30.060956047481554,-28.601269810952463,,,,,,,,
tradability,88.0,[night] long hold P1 top 30% to 10:00 [auction cost on all legs],all,685.0,9.986861313868614,35.39829071984051,35.44486060969266,2.218375653958194,3.657464383904203,-0.2028629925008254,-1182.7395420120977,0.5781021897810219,,,30.02485016810408,-34.88013346588432,,,,,,,,
tradability,88.0,"[night] long hold P1 top 30% to 10:00 [auction cost on all legs], held names only",2024-25H1,373.0,2.994638069705094,-12.022628505647164,-40.1471838192157,-2.571789013500999,-3.1288841425160885,-0.39203011301017743,-347.97603584716745,0.4316353887399464,,,,,-43.76483958259302,,,,,,,
tradability,88.0,"[night] long hold P1 top 30% to 10:00 [auction cost on all legs], held names only",2025H2-26,312.0,3.003205128205128,-8.589548016943096,-28.60126981095247,-1.6816042698085782,-1.8711164979409065,-0.27046191198602465,-320.3077189213088,0.44871794871794873,,,,,-27.047244950852264,,,,,,,
tradability,88.0,"[night] long hold P1 top 30% to 10:00 [auction cost on all legs], held names only",all,685.0,2.9985401459854013,-10.458948049478305,-34.88013346588432,-2.145673495744542,-3.5375994034961504,-0.5559758872654241,-347.97603584716745,0.4394160583941606,,,,,-36.138556150294534,,,,,,,
tradability,88.0,[night] long hold P1 top 10% to 09:35,2024-25H1,373.0,9.983914209115282,36.85687044716018,36.91625316001812,2.4771298459417093,3.013720119820134,-0.1601603786917123,-1108.7662763893604,0.613941018766756,,,9.935553168635876,-62.30479871176912,,,,,,,,
tradability,88.0,[night] long hold P1 top 10% to 09:35,2025H2-26,312.0,9.990384615384615,41.666059175705534,41.70616125383422,2.501642512738985,2.7835708207788357,-0.21889838742133927,-893.0327998416652,0.6089743589743589,,,10.073788899582933,-75.14356258079793,,,,,,,,
tradability,88.0,[night] long hold P1 top 10% to 09:35,all,685.0,9.986861313868614,39.047333050526824,39.09870361001443,2.4867745612414427,4.0999771036573875,-0.21889838742133905,-1108.7662763893604,0.6116788321167883,,,9.998538225405643,-68.19861721304844,,,,,,,,
tradability,88.0,"[night] long hold P1 top 10% to 09:35, held names only",2024-25H1,373.0,0.9919571045576407,-6.180368773017312,-62.30479871176912,-3.3158900140049803,-4.034170621572104,-0.2091858543415953,-150.7818362027137,0.38605898123324395,,,,,-21.583916770839753,,,,,,,
tradability,88.0,"[night] long hold P1 top 10% to 09:35, held names only",2025H2-26,312.0,1.0064102564102564,-7.5625252084521,-75.14356258079793,-3.9777922351636024,-4.426078602573421,-0.22067055396436042,-161.30139161122526,0.36538461538461536,,,,,-29.340808801299367,,,,,,,
tradability,88.0,"[night] long hold P1 top 10% to 09:35, held names only",all,685.0,0.9985401459854014,-6.809905718791991,-68.19861721304844,-3.622143990822264,-5.971875239510145,-0.38334217520711067,-161.30139161122526,0.37664233576642336,,,,,-25.144829194179405,,,,,,,
tradability,88.0,[night] long hold P1 top 10% to 09:35 [auction cost on all legs],2024-25H1,373.0,9.983914209115282,41.276779414530544,41.3432833555851,2.772729271475381,3.3733516254505673,-0.1581052083028912,-1108.7662763893604,0.6193029490616622,,,9.935553168635876,-17.747338040711202,,,,,,,,
tradability,88.0,[night] long hold P1 top 10% to 09:35 [auction cost on all legs],2025H2-26,312.0,9.990384615384615,46.39749472970238,46.44215064378294,2.78741035973339,3.1015439269919587,-0.21243580371249127,-880.7303480164303,0.625,,,10.073788899582933,-28.130572362740136,,,,,,,,
tradability,88.0,[night] long hold P1 top 10% to 09:35 [auction cost on all legs],all,685.0,9.986861313868614,43.60913441939712,43.666506471695705,2.777428263840315,4.579181589790507,-0.2124358037124915,-1108.7662763893604,0.621897810218978,,,9.998538225405643,-22.513910521876532,,,,,,,,
tradability,88.0,"[night] long hold P1 top 10% to 09:35 [auction cost on all legs], held names only",2024-25H1,373.0,0.9919571045576407,-1.7604598056469558,-17.747338040711202,-0.9580258982036645,-1.1655513050538249,-0.08214640551436958,-146.18183639167904,0.4772117962466488,,,,,-21.583916770839753,,,,,,,
tradability,88.0,"[night] long hold P1 top 10% to 09:35 [auction cost on all legs], held names only",2025H2-26,312.0,1.0064102564102564,-2.831089654455258,-28.130572362740136,-1.5111626862452179,-1.681466611421006,-0.11205989007282835,-133.11596564471284,0.46474358974358976,,,,,-29.340808801299367,,,,,,,
tradability,88.0,"[night] long hold P1 top 10% to 09:35 [auction cost on all legs], held names only",all,685.0,0.9985401459854014,-2.248104349921686,-22.513910521876532,-1.2132536687317999,-2.0003068795449788,-0.18341026870296706,-146.18183639167904,0.47153284671532847,,,,,-25.144829194179405,,,,,,,
tradability,88.0,[night] long hold P1 top 10% to 10:00,2024-25H1,373.0,9.983914209115282,33.99437346890695,34.049144210263925,2.2805508377610257,2.7745586107619795,-0.16768215273552167,-1108.7662763893604,0.6085790884718498,,,9.935553168635876,-91.16186284388964,,,,,,,,
tradability,88.0,[night] long hold P1 top 10% to 10:00,2025H2-26,312.0,9.990384615384615,42.98733805205809,43.02871181341713,2.574776834583648,2.864947181808679,-0.21929824027198164,-875.1113976864439,0.5993589743589743,,,10.073788899582933,-62.01493170748596,,,,,,,,
tradability,88.0,[night] long hold P1 top 10% to 10:00,all,685.0,9.986861313868614,38.09043908926192,38.14055076179566,2.420402584639655,3.9905487748361517,-0.2192982402719822,-1108.7662763893604,0.6043795620437956,,,9.998538225405643,-77.78154650349379,,,,,,,,
tradability,88.0,"[night] long hold P1 top 10% to 10:00, held names only",2024-25H1,373.0,0.9919571045576407,-9.042865751270554,-91.16186284388964,-3.3899158758449017,-4.124231798453684,-0.3042079565141266,-237.32725965742242,0.4128686327077748,,,,,-63.15010219635916,,,,,,,
tradability,88.0,"[night] long hold P1 top 10% to 10:00, held names only",2025H2-26,312.0,1.0064102564102564,-6.241246332099548,-62.01493170748596,-2.322004863506483,-2.583688496997321,-0.18430939451137163,-264.79348500506137,0.5,,,,,-21.582113376136036,,,,,,,
tradability,88.0,"[night] long hold P1 top 10% to 10:00, held names only",all,685.0,0.9985401459854014,-7.7667996800568995,-77.78154650349379,-2.9020389383060903,-4.784628806495962,-0.4305859312145799,-264.79348500506137,0.45255474452554745,,,,,-44.06772136368362,,,,,,,
tradability,88.0,[night] long hold P1 top 10% to 10:00 [auction cost on all legs],2024-25H1,373.0,9.983914209115282,37.607242900626694,37.667834591658846,2.5221192526673786,3.0684550302448144,-0.1660438164712147,-1108.7662763893604,0.6112600536193029,,,9.935553168635876,-54.74023316736354,,,,,,,,
tradability,88.0,[night] long hold P1 top 10% to 10:00 [auction cost on all legs],2025H2-26,312.0,9.990384615384615,46.78645142232356,46.83148169318238,2.803757117737208,3.1197329201682624,-0.21411908059657325,-865.2842503902797,0.6057692307692307,,,10.073788899582933,-24.26577974816025,,,,,,,,
tradability,88.0,[night] long hold P1 top 10% to 10:00 [auction cost on all legs],all,685.0,9.986861313868614,41.78813787693241,41.843114231397024,2.6556280113770714,4.378367951874858,-0.21411908059657347,-1108.7662763893604,0.6087591240875913,,,9.998538225405643,-40.75049870299243,,,,,,,,
tradability,88.0,"[night] long hold P1 top 10% to 10:00 [auction cost on all legs], held names only",2024-25H1,373.0,0.9919571045576407,-5.429996319550808,-54.74023316736354,-2.0532879807935633,-2.4980665868768646,-0.21392554557957288,-232.72725984638777,0.45576407506702415,,,,,-63.15010219635916,,,,,,,
tradability,88.0,"[night] long hold P1 top 10% to 10:00 [auction cost on all legs], held names only",2025H2-26,312.0,1.0064102564102564,-2.4421329618340764,-24.26577974816025,-0.9147081753107007,-1.0177932991452876,-0.1144333330489199,-262.56980689722235,0.5480769230769231,,,,,-21.582113376136036,,,,,,,
tradability,88.0,"[night] long hold P1 top 10% to 10:00 [auction cost on all legs], held names only",all,685.0,0.9985401459854014,-4.069100892386398,-40.75049870299243,-1.5321520009041547,-2.52607864859849,-0.2854822935886573,-262.56980689722235,0.4978102189781022,,,,,-44.06772136368362,,,,,,,
limit_on_open,,"LOO at prior close, non-fill sold 09:31",P1,,,,,,,,,,,,,,,3724.0,59.452201933404936,-289.12357,-9.693168953764332,-67.34404474402199,-27.306527272683464,-13.580715413692264
limit_on_open,,"LOO at prior close, non-fill sold 09:31",P2,,,,,,,,,,,,,,,3118.0,58.627325208466964,-290.78513,-14.656912863681251,-68.23105593772105,-28.21617937238448,-10.520813771667221
limit_on_open,,"LOO at prior close, non-fill sold 09:31",all,,,,,,,,,,,,,,,6842.0,59.07629348143818,-289.88904,-11.980036683690342,-67.75253257134536,-27.720996735447397,-16.896797245037206
limit_on_open,,"LOO at prior close, non-fill sold 09:35",P1,,,,,,,,,,,,,,,3724.0,59.452201933404936,-289.12357,-25.568118336385446,-69.71621209547185,-28.268388900151045,-8.654029763644939
limit_on_open,,"LOO at prior close, non-fill sold 09:35",P2,,,,,,,,,,,,,,,3118.0,58.627325208466964,-290.78513,-16.090182060202583,-58.42775372558648,-24.162134922130562,-5.9374755435612485
limit_on_open,,"LOO at prior close, non-fill sold 09:35",all,,,,,,,,,,,,,,,6842.0,59.07629348143818,-289.88904,-21.201497694858336,-64.51763301766469,-26.397435289642374,-10.270295098084254
limit_on_open,,"LOO at prior close, non-fill sold 10:00",P1,,,,,,,,,,,,,,,3724.0,59.452201933404936,-289.12357,-41.93212782234947,-76.25656400569896,-30.920357585554623,-6.064287489415068
limit_on_open,,"LOO at prior close, non-fill sold 10:00",P2,,,,,,,,,,,,,,,3118.0,58.627325208466964,-290.78513,-0.12418545757595878,-36.746115812724405,-15.195939455438484,-2.1984671663874322
limit_on_open,,"LOO at prior close, non-fill sold 10:00",all,,,,,,,,,,,,,,,6842.0,59.07629348143818,-289.88904,-22.670611518578816,-58.06114859993111,-23.755760112733107,-5.644308523535306
limit_on_open,,"LOO at prior close -0.5%, non-fill sold 09:31",P1,,,,,,,,,,,,,,,3724.0,68.2062298603652,-361.75928,-10.162600762069973,-65.92516004792267,-20.96009384982289,-10.960734834547337
limit_on_open,,"LOO at prior close -0.5%, non-fill sold 09:31",P2,,,,,,,,,,,,,,,3118.0,65.39448364336113,-343.04117,-13.480269177681246,-65.98890814910136,-22.821957967510833,-9.006581444180268
limit_on_open,,"LOO at prior close -0.5%, non-fill sold 09:31",all,,,,,,,,,,,,,,,6842.0,66.9248757673195,-352.83447,-11.744467408311495,-65.95554044273727,-21.808424569722515,-14.02510457600371
limit_on_open,,"LOO at prior close -0.5%, non-fill sold 09:35",P1,,,,,,,,,,,,,,,3724.0,68.2062298603652,-361.75928,-24.17208928890685,-66.62201619457707,-21.181650691294113,-7.099801997139055
limit_on_open,,"LOO at prior close -0.5%, non-fill sold 09:35",P2,,,,,,,,,,,,,,,3118.0,65.39448364336113,-343.04117,-10.741429194357005,-52.366879057153994,-18.110842355987174,-4.83103001612842
limit_on_open,,"LOO at prior close -0.5%, non-fill sold 09:35",all,,,,,,,,,,,,,,,6842.0,66.9248757673195,-352.83447,-17.768341059998637,-59.82845393368316,-19.78248250226448,-8.390473744702398
limit_on_open,,"LOO at prior close -0.5%, non-fill sold 10:00",P1,,,,,,,,,,,,,,,3724.0,68.2062298603652,-361.75928,-44.6887273991221,-77.34294284512981,-24.590237467409693,-5.208143724549565
limit_on_open,,"LOO at prior close -0.5%, non-fill sold 10:00",P2,,,,,,,,,,,,,,,3118.0,65.39448364336113,-343.04117,8.948867729558412,-27.626470731304437,-9.554486829754948,-1.4750211420527313
limit_on_open,,"LOO at prior close -0.5%, non-fill sold 10:00",all,,,,,,,,,,,,,,,6842.0,66.9248757673195,-352.83447,-19.114284118589058,-53.649593181688715,-17.739421104660117,-4.520339293096034
limit_on_open,,"LOO at prior close -1%, non-fill sold 09:31",P1,,,,,,,,,,,,,,,3724.0,75.0,-439.77258,-11.304397510748286,-66.42844620202426,-16.60711155050607,-9.522361900837115
limit_on_open,,"LOO at prior close -1%, non-fill sold 09:31",P2,,,,,,,,,,,,,,,3118.0,70.84669660038486,-393.09888,-8.706363468588885,-60.37330257306925,-17.587089745379174,-7.403706899002354
limit_on_open,,"LOO at prior close -1%, non-fill sold 09:31",all,,,,,,,,,,,,,,,6842.0,73.10727857351652,-416.71472,-10.020912214920624,-63.438739614155224,-17.053624053564022,-11.84411271275609
limit_on_open,,"LOO at prior close -1%, non-fill sold 09:35",P1,,,,,,,,,,,,,,,3724.0,75.0,-439.77258,-24.615899887275354,-66.17821330433954,-16.544553326084884,-6.10306326148577
limit_on_open,,"LOO at prior close -1%, non-fill sold 09:35",P2,,,,,,,,,,,,,,,3118.0,70.84669660038486,-393.09888,-5.992332404922632,-47.03426658195264,-13.701351959067372,-3.8926863232826663
limit_on_open,,"LOO at prior close -1%, non-fill sold 09:35",all,,,,,,,,,,,,,,,6842.0,73.10727857351652,-416.71472,-15.415452690830447,-56.72595467251392,-15.249090870158325,-6.994736650449114
limit_on_open,,"LOO at prior close -1%, non-fill sold 10:00",P1,,,,,,,,,,,,,,,3724.0,75.0,-439.77258,-44.50609452469812,-76.02565381013548,-19.00641345253387,-4.48646055042597
limit_on_open,,"LOO at prior close -1%, non-fill sold 10:00",P2,,,,,,,,,,,,,,,3118.0,70.84669660038486,-393.09888,19.170828142419456,-17.510211807113023,-5.1008252553284,-0.8332412744105924
limit_on_open,,"LOO at prior close -1%, non-fill sold 10:00",all,,,,,,,,,,,,,,,6842.0,73.10727857351652,-416.71472,-13.048310446214494,-47.13385319091613,-12.670538812760526,-3.4914755288538055
limit_on_open,,"LOO at prior close -2%, non-fill sold 09:31",P1,,,,,,,,,,,,,,,3724.0,84.26423200859291,-613.4411,-6.256494469078933,-59.55338559333903,-9.371182587995884,-6.202811357085223
limit_on_open,,"LOO at prior close -2%, non-fill sold 09:31",P2,,,,,,,,,,,,,,,3118.0,80.91725465041694,-523.0582,-2.7809520098002163,-54.169523905161796,-10.3229699068547,-5.135451731787668
limit_on_open,,"LOO at prior close -2%, non-fill sold 09:31",all,,,,,,,,,,,,,,,6842.0,82.73896521484946,-567.9053,-4.505480274946134,-56.843204370646426,-9.80485033728443,-7.9643339745586275
limit_on_open,,"LOO at prior close -2%, non-fill sold 09:35",P1,,,,,,,,,,,,,,,3724.0,84.26423200859291,-613.4411,-22.56363628183375,-61.736301834257574,-9.714681223113569,-4.215577427592625
limit_on_open,,"LOO at prior close -2%, non-fill sold 09:35",P2,,,,,,,,,,,,,,,3118.0,80.91725465041694,-523.0582,1.247045591463764,-39.91392436049938,-7.606310898343482,-2.648367244351242
limit_on_open,,"LOO at prior close -2%, non-fill sold 09:35",all,,,,,,,,,,,,,,,6842.0,82.73896521484946,-567.9053,-10.567568784279116,-50.75113893645049,-8.7540336127776,-4.827799754964058
limit_on_open,,"LOO at prior close -2%, non-fill sold 10:00",P1,,,,,,,,,,,,,,,3724.0,84.26423200859291,-613.4411,-48.417314048809864,-76.91556866313009,-12.103255434101566,-3.6250875043176087
limit_on_open,,"LOO at prior close -2%, non-fill sold 10:00",P2,,,,,,,,,,,,,,,3118.0,80.91725465041694,-523.0582,41.76618092314011,3.0814773328645466,0.5872305215661027,0.11093344193940452
limit_on_open,,"LOO at prior close -2%, non-fill sold 10:00",all,,,,,,,,,,,,,,,6842.0,82.73896521484946,-567.9053,-2.9819376658206758,-36.64586923802771,-6.321024075555137,-2.086282119386848
limit_on_open,,"LOO at last premarket, non-fill sold 09:31",P1,,,,,,,,,,,,,,,3294.0,42.16757741347905,9.695443,-15.926501023430292,-72.21544360331627,-41.76394051740056,-17.878992408503642
limit_on_open,,"LOO at last premarket, non-fill sold 09:31",P2,,,,,,,,,,,,,,,2945.0,41.56196943972835,-2.385477,-22.70693437474009,-75.72339931386,-44.24057296869538,-13.873012086245767
limit_on_open,,"LOO at last premarket, non-fill sold 09:31",all,,,,,,,,,,,,,,,6239.0,41.88171181279051,3.9615054,-19.144682434793822,-73.87990810597425,-42.93277763452336,-22.05701206816629
limit_on_open,,"LOO at last premarket, non-fill sold 09:35",P1,,,,,,,,,,,,,,,3294.0,42.16757741347905,9.695443,-36.8580343381387,-80.80467964832111,-46.731303803901554,-10.86406412412239
limit_on_open,,"LOO at last premarket, non-fill sold 09:35",P2,,,,,,,,,,,,,,,2945.0,41.56196943972835,-2.385477,-34.42605355941682,-76.9530887044434,-44.959005628954706,-8.671792454410056
limit_on_open,,"LOO at last premarket, non-fill sold 09:35",all,,,,,,,,,,,,,,,6239.0,41.88171181279051,3.9615054,-35.703748921652114,-78.97716615219156,-45.89487452736364,-13.745917599908525
limit_on_open,,"LOO at last premarket, non-fill sold 10:00",P1,,,,,,,,,,,,,,,3294.0,42.16757741347905,9.695443,-48.920719020393506,-83.38839496253867,-48.22552896285249,-6.943219417588719
limit_on_open,,"LOO at last premarket, non-fill sold 10:00",P2,,,,,,,,,,,,,,,2945.0,41.56196943972835,-2.385477,-28.19966393716067,-65.3304084009868,-38.16858099514175,-4.462884019500923
limit_on_open,,"LOO at last premarket, non-fill sold 10:00",all,,,,,,,,,,,,,,,6239.0,41.88171181279051,3.9615054,-39.085932534391375,-74.82019168367819,-43.47919122368282,-7.9670790102177795
limit_on_open,,"LOO at last premarket -0.5%, non-fill sold 09:31",P1,,,,,,,,,,,,,,,3294.0,62.50758955676988,-16.578428,-21.1068364851642,-82.34060752869755,-30.87147853610852,-14.863581602603404
limit_on_open,,"LOO at last premarket -0.5%, non-fill sold 09:31",P2,,,,,,,,,,,,,,,2945.0,60.27164685908319,-20.769484,-18.91122627558991,-75.56059462290709,-30.00351056867473,-11.432985089475881
limit_on_open,,"LOO at last premarket -0.5%, non-fill sold 09:31",all,,,,,,,,,,,,,,,6239.0,61.45215579419779,-18.617321,-20.03870178861455,-79.04367113648912,-30.461844407201003,-18.412137752438888
limit_on_open,,"LOO at last premarket -0.5%, non-fill sold 09:35",P1,,,,,,,,,,,,,,,3294.0,62.50758955676988,-16.578428,-44.272851956551065,-92.14543244506105,-34.54754373699162,-9.346317692758308
limit_on_open,,"LOO at last premarket -0.5%, non-fill sold 09:35",P2,,,,,,,,,,,,,,,2945.0,60.27164685908319,-20.769484,-29.332548460621368,-75.23819562246855,-29.875492759057657,-6.8303316542976695
limit_on_open,,"LOO at last premarket -0.5%, non-fill sold 09:35",all,,,,,,,,,,,,,,,6239.0,61.45215579419779,-18.617321,-37.00459620177445,-83.92390172725297,-32.342587328040416,-11.378260189637663
limit_on_open,,"LOO at last premarket -0.5%, non-fill sold 10:00",P1,,,,,,,,,,,,,,,3294.0,62.50758955676988,-16.578428,-62.39081471287103,-99.86280685727678,-37.44097342706036,-6.617971015012588
limit_on_open,,"LOO at last premarket -0.5%, non-fill sold 10:00",P2,,,,,,,,,,,,,,,2945.0,60.27164685908319,-20.769484,-26.4830270014792,-67.97279718625089,-26.99055703489379,-3.8072516641784637
limit_on_open,,"LOO at last premarket -0.5%, non-fill sold 10:00",all,,,,,,,,,,,,,,,6239.0,61.45215579419779,-18.617321,-44.922161231653384,-84.35556005801335,-32.50893978510165,-7.240400007983805
limit_on_open,,"LOO at last premarket -1%, non-fill sold 09:31",P1,,,,,,,,,,,,,,,3294.0,76.5330904675167,-56.002346,-14.4803645761631,-80.99402360718932,-19.00679424661729,-10.489607938123019
limit_on_open,,"LOO at last premarket -1%, non-fill sold 09:31",P2,,,,,,,,,,,,,,,2945.0,76.16298811544992,-48.80517,-12.240935585577153,-75.76455724132892,-18.040405783346316,-8.817186559922263
limit_on_open,,"LOO at last premarket -1%, non-fill sold 09:31",all,,,,,,,,,,,,,,,6239.0,76.35839076775125,-52.576977,-13.414548202338468,-78.50701144812002,-18.55071094493891,-13.645047461523431
limit_on_open,,"LOO at last premarket -1%, non-fill sold 09:35",P1,,,,,,,,,,,,,,,3294.0,76.5330904675167,-56.002346,-43.57899274692197,-94.6777132297987,-22.217933311060836,-7.328707995476923
limit_on_open,,"LOO at last premarket -1%, non-fill sold 09:35",P2,,,,,,,,,,,,,,,2945.0,76.16298811544992,-48.80517,-23.950504334757866,-75.43724537432107,-17.962469092187185,-5.529163198545115
limit_on_open,,"LOO at last premarket -1%, non-fill sold 09:35",all,,,,,,,,,,,,,,,6239.0,76.35839076775125,-52.576977,-34.23716300770895,-85.52739574900505,-20.20958341359946,-9.110744444174525
limit_on_open,,"LOO at last premarket -1%, non-fill sold 10:00",P1,,,,,,,,,,,,,,,3294.0,76.5330904675167,-56.002346,-57.17937469660853,-95.54093151488713,-22.420503965090393,-5.160055782583765
limit_on_open,,"LOO at last premarket -1%, non-fill sold 10:00",P2,,,,,,,,,,,,,,,2945.0,76.16298811544992,-48.80517,-10.507164614003706,-57.5159083707232,-13.695194214632124,-2.668570592966103
limit_on_open,,"LOO at last premarket -1%, non-fill sold 10:00",all,,,,,,,,,,,,,,,6239.0,76.35839076775125,-52.576977,-34.966566914921344,-77.45711793004392,-18.302627737878286,-5.479178232946115
limit_on_open,,"LOO at last premarket -2%, non-fill sold 09:31",P1,,,,,,,,,,,,,,,3294.0,90.74074074074075,-137.63599,-10.063383924862697,-86.70190085298903,-8.02795378268417,-7.237273015691435
limit_on_open,,"LOO at last premarket -2%, non-fill sold 09:31",P2,,,,,,,,,,,,,,,2945.0,91.57894736842105,-186.39076,5.656201532439423,-74.46990614672879,-6.2479846529354655,-4.88312799591063
limit_on_open,,"LOO at last premarket -2%, non-fill sold 09:31",all,,,,,,,,,,,,,,,6239.0,91.13640006411285,-159.50069,-3.013732580539143,-81.22852641015156,-7.18790422866362,-8.535522475237856
limit_on_open,,"LOO at last premarket -2%, non-fill sold 09:35",P1,,,,,,,,,,,,,,,3294.0,90.74074074074075,-137.63599,-23.990425077890418,-81.91935208582653,-7.585125193132087,-3.8378297900474427
limit_on_open,,"LOO at last premarket -2%, non-fill sold 09:35",P2,,,,,,,,,,,,,,,2945.0,91.57894736842105,-186.39076,1.353278422736371,-65.82664023257027,-5.522819340164694,-2.671794670673982
limit_on_open,,"LOO at last premarket -2%, non-fill sold 09:35",all,,,,,,,,,,,,,,,6239.0,91.13640006411285,-159.50069,-12.62471356223862,-74.7184466007644,-6.6118279133731885,-4.626128964172617
limit_on_open,,"LOO at last premarket -2%, non-fill sold 10:00",P1,,,,,,,,,,,,,,,3294.0,90.74074074074075,-137.63599,-52.04045959593462,-94.83529608044626,-8.781045933374655,-3.4294711485503746
limit_on_open,,"LOO at last premarket -2%, non-fill sold 10:00",P2,,,,,,,,,,,,,,,2945.0,91.57894736842105,-186.39076,21.544214329182505,-47.3875591856013,-3.975790461563696,-1.4134648819651254
limit_on_open,,"LOO at last premarket -2%, non-fill sold 10:00",all,,,,,,,,,,,,,,,6239.0,91.13640006411285,-159.50069,-19.040461162970697,-73.60415294090514,-6.513224178162814,-3.4331176024306664
