tier,variant,hold,period,n_events,car_bps,car_net_bps,t_month,hit
ALL,any,1,2020-23,15221,-5.8541465,-17.236017,0.6015940914062772,0.4773667958741213
ALL,any,1,2024-01..2025-06,5218,3.8479214,-6.5744443,0.436384444457764,0.48064392487543117
ALL,any,1,2025-07..2026-03,3154,18.313282,8.159881,2.553692400455475,0.5047558655675333
ALL,any,1,full 2020-01..2026-03,23593,-0.47757447,-11.483008,1.3796766690934303,0.48175306234900184
ALL,any,1,2020,4110,-20.778683,-32.201523,0.6412380528558457,0.45815085158150853
ALL,any,1,2021,3195,1.514661,-10.476627,0.009610675065185694,0.48732394366197185
ALL,any,1,2022,4112,3.8173575,-7.490617,0.19141410799778444,0.5119163424124513
ALL,any,1,2023,3804,-6.372737,-17.278372,0.11894329217788488,0.45241850683491064
ALL,any,1,2024,3158,5.460471,-4.9995456,0.726658793750425,0.473717542748575
ALL,any,1,2025,4021,11.303231,1.0475967,1.1376665674423467,0.4968913205670231
ALL,any,1,2026Q1,1193,12.69412,2.5205317,1.563193771865594,0.5079631181894384
ALL,any,5,2020-23,15221,-23.247236,-34.6291,0.3082248071678693,0.47349057223572694
ALL,any,5,2024-01..2025-06,5218,0.16347711,-10.258889,0.0173239846356347,0.47757761594480647
ALL,any,5,2025-07..2026-03,3154,70.80374,60.650345,2.4740776419639587,0.533291058972733
ALL,any,5,full 2020-01..2026-03,23593,-5.4964657,-16.501898,0.9217745358404263,0.48238884414868816
ALL,any,5,2020,4110,-52.154964,-63.577797,0.6051131744220529,0.45888077858880777
ALL,any,5,2021,3195,-5.734379,-17.725666,0.07345191493890887,0.48325508607198747
ALL,any,5,2022,4112,-1.7428653,-13.050838,-0.5374021849938303,0.5058365758754864
ALL,any,5,2023,3804,-29.968782,-40.874416,-0.07520341676627765,0.4461093585699264
ALL,any,5,2024,3158,-6.0372086,-16.497223,-0.0160039390272348,0.4667511082963901
ALL,any,5,2025,4021,42.369297,32.113663,1.4081672578971196,0.5167868689380751
ALL,any,5,2026Q1,1193,61.078445,50.90486,1.5640869894046117,0.5213746856663872
ALL,any,20,2020-23,15221,-58.018837,-69.40071,0.13858042477465118,0.4529268773405164
ALL,any,20,2024-01..2025-06,5218,-49.274258,-59.696613,-0.3389595701443309,0.42928325028746644
ALL,any,20,2025-07..2026-03,3154,220.93561,210.7822,2.6801347732543945,0.5256816740646798
ALL,any,20,full 2020-01..2026-03,23593,-18.793158,-29.798586,0.7188346102217051,0.4574238121476709
ALL,any,20,2020,4110,-66.56612,-77.98897,0.5830966319160296,0.4425790754257908
ALL,any,20,2021,3195,-100.27294,-112.26424,-0.3193915749796855,0.428169014084507
ALL,any,20,2022,4112,-0.81664395,-12.124615,0.451769444305403,0.4968385214007782
ALL,any,20,2023,3804,-75.12828,-86.03391,-0.6089462050263806,0.4374342797055731
ALL,any,20,2024,3158,-28.826677,-39.286697,-0.0300097270878376,0.4338188727042432
ALL,any,20,2025,4021,88.95963,78.703995,1.2767105578728664,0.47052971897537926
ALL,any,20,2026Q1,1193,145.05098,134.8774,1.4766745241259018,0.5331098072087175
ALL,any,60,2020-23,15221,113.592064,102.2102,0.4946467768498929,0.46448984954996386
ALL,any,60,2024-01..2025-06,5218,-8.7826605,-19.205042,0.23631137367467,0.4444231506324262
ALL,any,60,2025-07..2026-03,3154,115.96992,105.816536,0.7716868221759796,0.42422320862396956
ALL,any,60,full 2020-01..2026-03,23593,86.84466,75.839226,0.7398426309424222,0.4546687576823634
ALL,any,60,2020,4110,776.09845,764.6756,1.965804350898638,0.5199513381995133
ALL,any,60,2021,3195,-370.07205,-382.06335,-1.3834926911922618,0.40187793427230045
ALL,any,60,2022,4112,118.40171,107.093735,0.751357569830329,0.5204280155642024
ALL,any,60,2023,3804,-201.17441,-212.08003,-1.534294901501291,0.39668769716088326
ALL,any,60,2024,3158,113.127785,102.667755,0.993842232013368,0.47846738442051934
ALL,any,60,2025,4021,93.77051,83.514854,0.647967536450774,0.4307386222332753
ALL,any,60,2026Q1,1193,-347.33243,-357.506,-0.8080195863163631,0.347024308466052
ALL,nb1,1,2020-23,8044,-2.7931185,-14.164532,0.3931742395360964,0.47961213326703134
ALL,nb1,1,2024-01..2025-06,2817,4.8176947,-5.4402995,0.48668236703011936,0.47958821441249555
ALL,nb1,1,2025-07..2026-03,1850,12.817868,2.7172153,1.5938277840614319,0.5145945945945946
ALL,nb1,1,full 2020-01..2026-03,12711,1.1656557,-9.774053,0.9204432137846481,0.4846982928172449
ALL,nb1,1,2020,2108,-11.491567,-22.761482,0.49047182108499804,0.45872865275142316
ALL,nb1,1,2021,1837,-4.7132363,-17.08258,-0.5533945161677314,0.47686445291235713
ALL,nb1,1,2022,2202,10.707129,-0.6475181,1.366688287762014,0.5245231607629428
ALL,nb1,1,2023,1897,-6.93859,-17.475882,-0.24036210909729971,0.4533473906167633
ALL,nb1,1,2024,1704,9.807792,-0.4555418,0.9235123973109592,0.4753521126760563
ALL,nb1,1,2025,2251,4.3219204,-5.8296356,0.2606137933243696,0.49577965348733893
ALL,nb1,1,2026Q1,712,15.229471,5.056567,1.2103481700063852,0.5294943820224719
ALL,nb1,5,2020-23,8044,-32.215168,-43.586582,-0.2465110322633486,0.4692938836399801
ALL,nb1,5,2024-01..2025-06,2817,-5.822891,-16.080887,-0.5225407793026425,0.4721334753283635
ALL,nb1,5,2025-07..2026-03,1850,56.189243,46.088593,1.3496899902820587,0.5367567567567567
ALL,nb1,5,full 2020-01..2026-03,12711,-13.499473,-24.43918,0.020594323586784206,0.4797419557863268
ALL,nb1,5,2020,2108,-76.25357,-87.52347,-0.0247423071430034,0.4468690702087287
ALL,nb1,5,2021,1837,-22.545502,-34.914845,-0.31000793862116466,0.4763200870985302
ALL,nb1,5,2022,2202,12.567906,1.2132576,0.09993440963978652,0.5113533151680291
ALL,nb1,5,2023,1897,-44.625603,-55.162888,-0.2131487325894906,0.4385872430152873
ALL,nb1,5,2024,1704,-23.046824,-33.310154,-0.9336789927328075,0.4536384976525822
ALL,nb1,5,2025,2251,26.652622,16.501068,0.6433763755878037,0.5157707685473123
ALL,nb1,5,2026Q1,712,93.853584,83.68067,1.6693578176438315,0.5463483146067416
ALL,nb1,20,2020-23,8044,-84.04103,-95.412445,-0.5057573314219963,0.44592242665340626
ALL,nb1,20,2024-01..2025-06,2817,-35.910053,-46.168045,-0.21687172458654322,0.4341498047568335
ALL,nb1,20,2025-07..2026-03,1850,221.55627,211.4556,2.089445114135742,0.5362162162162162
ALL,nb1,20,full 2020-01..2026-03,12711,-28.89667,-39.836376,0.1174010317467542,0.4564550389426481
ALL,nb1,20,2020,2108,-78.346695,-89.61661,0.34483433767481486,0.4307400379506641
ALL,nb1,20,2021,1837,-153.45361,-165.82295,-1.0522098480095858,0.4256940664126293
ALL,nb1,20,2022,2202,-12.323927,-23.678576,0.2142287597837153,0.4981834695731153
ALL,nb1,20,2023,1897,-106.39939,-116.93669,-0.9364486691240191,0.42171850289931473
ALL,nb1,20,2024,1704,-40.633488,-50.896824,-0.17303484342547285,0.43779342723004694
ALL,nb1,20,2025,2251,82.811745,72.66018,1.0372454603211212,0.47623278542869835
ALL,nb1,20,2026Q1,712,269.0319,258.85898,1.600655327840583,0.5575842696629213
ALL,nb1,60,2020-23,8044,16.194204,4.8227825,0.12845427294629688,0.45997016409746394
ALL,nb1,60,2024-01..2025-06,2817,-46.0292,-56.28719,-0.410488788529943,0.43734469293574724
ALL,nb1,60,2025-07..2026-03,1850,227.75145,217.65082,1.2960464358329773,0.45837837837837836
ALL,nb1,60,full 2020-01..2026-03,12711,33.19503,22.255323,0.41535251124935135,0.4547242545826449
ALL,nb1,60,2020,2108,489.11716,477.84723,1.6692281503727953,0.49146110056925996
ALL,nb1,60,2021,1837,-357.24368,-369.61298,-1.627642018910193,0.41643984757757213
ALL,nb1,60,2022,2202,16.587576,5.232935,-0.20616088231130014,0.5095367847411444
ALL,nb1,60,2023,1897,-148.16133,-158.69864,-1.079346957243129,0.4095940959409594
ALL,nb1,60,2024,1704,-60.720867,-70.98422,-0.48153985217136874,0.44366197183098594
ALL,nb1,60,2025,2251,194.29518,184.14362,1.221227006274475,0.4615726343847179
ALL,nb1,60,2026Q1,712,-59.289486,-69.462395,0.17665750023875426,0.4002808988764045
ALL,nb2,1,2020-23,3722,-1.1946932,-12.253008,-0.1802621935925131,0.4712520150456744
ALL,nb2,1,2024-01..2025-06,1302,5.189842,-5.353584,0.43015693148891554,0.4946236559139785
ALL,nb2,1,2025-07..2026-03,686,18.80186,8.646518,1.6148124933242798,0.49271137026239065
ALL,nb2,1,full 2020-01..2026-03,5710,2.6635025,-8.168923,0.44406675286696684,0.4791593695271454
ALL,nb2,1,2020,930,10.698955,-0.70310795,0.36792773279816454,0.45698924731182794
ALL,nb2,1,2021,734,12.416614,1.1430343,0.4750142641658486,0.4986376021798365
ALL,nb2,1,2022,1063,-1.8773046,-12.879144,-0.45985744033629206,0.49576669802445905
ALL,nb2,1,2023,995,-21.623013,-32.26157,-1.4216605001936515,0.4381909547738693
ALL,nb2,1,2024,828,0.13196023,-10.432144,0.15609717228941372,0.4782608695652174
ALL,nb2,1,2025,905,17.681736,7.2986975,1.2450883651019817,0.507182320441989
ALL,nb2,1,2026Q1,255,13.8981085,3.8966386,1.6202730774515715,0.4980392156862745
ALL,nb2,5,2020-23,3722,-11.09231,-22.150623,0.6114809111079755,0.48226759806555614
ALL,nb2,5,2024-01..2025-06,1302,12.767997,2.2245772,0.5478120085963503,0.48540706605222733
ALL,nb2,5,2025-07..2026-03,686,58.02825,47.872906,1.4185688495635986,0.5204081632653061
ALL,nb2,5,full 2020-01..2026-03,5710,2.6524935,-8.17993,1.231509357610057,0.48756567425569175
ALL,nb2,5,2020,930,-33.588478,-44.990543,0.7097282847695634,0.48494623655913977
ALL,nb2,5,2021,734,46.537415,35.263836,0.9347020840194077,0.5149863760217984
ALL,nb2,5,2022,1063,9.184364,-1.8174763,0.2977196934484668,0.5145813734713076
ALL,nb2,5,2023,995,-54.24093,-64.879486,-1.1440892268895682,0.421105527638191
ALL,nb2,5,2024,828,15.713838,5.1497383,0.6986148395258127,0.4746376811594203
ALL,nb2,5,2025,905,48.331657,37.948616,0.7732263267483838,0.5259668508287293
ALL,nb2,5,2026Q1,255,-1.2545142,-11.255989,0.6476158036542607,0.47058823529411764
ALL,nb2,20,2020-23,3722,36.042694,24.984379,1.0659714065779515,0.4704459967759269
ALL,nb2,20,2024-01..2025-06,1302,-2.739706,-13.283136,0.03772710475381995,0.43855606758832566
ALL,nb2,20,2025-07..2026-03,686,198.5719,188.41656,1.502339780330658,0.4970845481049563
ALL,nb2,20,full 2020-01..2026-03,5710,46.725765,35.89334,1.4298105940458212,0.46637478108581437
ALL,nb2,20,2020,930,101.439384,90.03733,0.9441695498557003,0.4860215053763441
ALL,nb2,20,2021,734,-3.2543066,-14.527893,0.4622989738763979,0.4141689373297003
ALL,nb2,20,2022,1063,112.02854,101.02672,1.2024800714972375,0.5211665098777046
ALL,nb2,20,2023,995,-77.27178,-87.91033,-0.29448237348959866,0.44321608040201005
ALL,nb2,20,2024,828,63.891247,53.32715,0.4791242314378156,0.4528985507246377
ALL,nb2,20,2025,905,138.33609,127.953064,1.0517822350823307,0.4696132596685083
ALL,nb2,20,2026Q1,255,-178.20746,-188.20892,-1.154004333878101,0.4392156862745098
ALL,nb2,60,2020-23,3722,253.11847,242.06017,1.0045801480386516,0.46829661472326706
ALL,nb2,60,2024-01..2025-06,1302,147.43913,136.89575,0.7241344240863125,0.4715821812596006
ALL,nb2,60,2025-07..2026-03,686,-206.21753,-216.37286,-0.3813478499650955,0.3425655976676385
ALL,nb2,60,full 2020-01..2026-03,5710,173.8367,163.00427,1.0626055420642673,0.4539404553415061
ALL,nb2,60,2020,930,1229.068,1217.666,2.0747093728281603,0.578494623655914
ALL,nb2,60,2021,734,-329.29993,-340.57358,-0.6788080606367451,0.3542234332425068
ALL,nb2,60,2022,1063,290.87698,279.87515,1.8621717075772557,0.5315145813734713
ALL,nb2,60,2023,995,-269.7713,-280.40988,-1.2778667232935157,0.38190954773869346
ALL,nb2,60,2024,828,454.61417,444.05005,1.960886905473478,0.5277777777777778
ALL,nb2,60,2025,905,-65.630226,-76.01326,-0.44478057454926545,0.3911602209944751
ALL,nb2,60,2026Q1,255,-1045.1945,-1055.196,-3.529443182959644,0.22745098039215686
ALL,nb3p,1,2020-23,3455,-18.000425,-29.755207,1.4061207656091,0.478726483357453
ALL,nb3p,1,2024-01..2025-06,1099,-0.227629,-10.927899,0.12768631681261103,0.46678798908098273
ALL,nb3p,1,2025-07..2026-03,618,34.221607,23.912468,1.4181242287158966,0.4886731391585761
ALL,nb3p,1,full 2020-01..2026-03,5172,-7.9838896,-19.341858,1.8285128043447296,0.47737819025522044
ALL,nb3p,1,2020,1072,-66.34906,-78.09064,0.9675671623603607,0.45802238805970147
ALL,nb3p,1,2021,624,7.0252624,-4.6972923,0.3159096835518006,0.5048076923076923
ALL,nb3p,1,2022,847,-6.9475183,-18.518364,-1.104085634915593,0.49940968122786306
ALL,nb3p,1,2023,912,11.442448,-0.5207348,2.2033525201951267,0.46600877192982454
ALL,nb3p,1,2024,626,0.67480266,-10.1829195,0.27920001191993055,0.46325878594249204
ALL,nb3p,1,2025,865,22.797318,12.404132,1.2481896428264485,0.4890173410404624
ALL,nb3p,1,2026Q1,226,3.3481565,-7.021796,-0.4373508257477772,0.45132743362831856
ALL,nb3p,5,2020-23,3455,-15.46215,-27.216928,0.3512035713156977,0.47380607814761216
ALL,nb3p,5,2024-01..2025-06,1099,0.5752298,-10.125043,0.061131146998976156,0.4822565969062784
ALL,nb3p,5,2025-07..2026-03,618,128.73387,118.424736,2.5585185885429382,0.5372168284789643
ALL,nb3p,5,full 2020-01..2026-03,5172,5.1755576,-6.182412,1.1928161690367696,0.4831786542923434
ALL,nb3p,5,2020,1072,-20.874159,-32.615707,1.1700898892126277,0.45988805970149255
ALL,nb3p,5,2021,624,-17.730316,-29.45287,-0.5332448313545022,0.46634615384615385
ALL,nb3p,5,2022,847,-52.661366,-64.23221,-1.895669017102784,0.4805194805194805
ALL,nb3p,5,2023,912,26.999172,15.035993,0.9892004327774332,0.48903508771929827
ALL,nb3p,5,2024,626,11.493975,0.63625675,0.29815290705203856,0.49201277955271566
ALL,nb3p,5,2025,865,77.03092,66.63773,1.635543566619831,0.5098265895953757
ALL,nb3p,5,2026Q1,226,28.153696,17.783737,3.9980772186085227,0.5
ALL,nb3p,20,2020-23,3455,-98.764,-110.51878,-0.07602852285460555,0.4503617945007236
ALL,nb3p,20,2024-01..2025-06,1099,-138.65999,-149.36028,-1.226150868275908,0.40582347588717016
ALL,nb3p,20,2025-07..2026-03,618,243.90211,233.59296,1.8432537317276,0.5258899676375405
ALL,nb3p,20,full 2020-01..2026-03,5172,-66.29649,-77.654465,0.2161448105136502,0.449922660479505
ALL,nb3p,20,2020,1072,-189.15166,-200.89323,0.43396610734446467,0.4281716417910448
ALL,nb3p,20,2021,624,-57.835114,-69.55766,-0.20896336266379503,0.4519230769230769
ALL,nb3p,20,2022,847,-112.5231,-124.09395,-0.11471041974177083,0.4628099173553719
ALL,nb3p,20,2023,912,-7.744395,-19.707582,-0.5884987294143423,0.46381578947368424
ALL,nb3p,20,2024,626,-119.3245,-130.18222,-1.3631939819317866,0.3977635782747604
ALL,nb3p,20,2025,865,53.298584,42.90541,1.3630048494154343,0.45664739884393063
ALL,nb3p,20,2026Q1,226,119.19482,108.82486,0.058795893519856035,0.5619469026548672
ALL,nb3p,60,2020-23,3455,190.04681,178.29204,-0.22519844573214912,0.4709117221418234
ALL,nb3p,60,2024-01..2025-06,1099,-98.38898,-109.08924,-0.1455113833545582,0.43039126478616924
ALL,nb3p,60,2025-07..2026-03,618,138.98721,128.67807,0.5773484408855438,0.41262135922330095
ALL,nb3p,60,full 2020-01..2026-03,5172,122.65591,111.29794,-0.05215399146868818,0.45533642691415316
ALL,nb3p,60,2020,1072,947.45557,935.7141,1.7322118592749414,0.5251865671641791
ALL,nb3p,60,2021,624,-455.79712,-467.5197,-3.026298244419764,0.4150641025641026
ALL,nb3p,60,2022,847,166.63492,155.06409,0.3306420174118639,0.5348288075560803
ALL,nb3p,60,2023,912,-236.60414,-248.5673,-2.31591486118813,0.38596491228070173
ALL,nb3p,60,2024,626,134.6731,123.815384,0.43827960887188394,0.5079872204472844
ALL,nb3p,60,2025,865,-1.0542015,-11.447389,0.5743923033946255,0.3919075144508671
ALL,nb3p,60,2026Q1,226,-467.38434,-477.75427,-1.326948056622763,0.3141592920353982
ALL,cluster2p,1,2020-23,7177,-9.284955,-20.678547,0.7217995747113036,0.4748502159676745
ALL,cluster2p,1,2024-01..2025-06,2401,2.7101252,-7.9050922,0.43110675286695704,0.4818825489379425
ALL,cluster2p,1,2025-07..2026-03,1304,26.109682,15.881455,2.70788311958313,0.49079754601226994
ALL,cluster2p,1,full 2020-01..2026-03,10882,-2.3969927,-13.479199,1.5903027486697128,0.4783128101451939
ALL,cluster2p,1,2020,2002,-30.557526,-42.141384,0.6767647687351923,0.45754245754245754
ALL,cluster2p,1,2021,1358,9.939291,-1.5405915,0.7475004330892281,0.5014727540500736
ALL,cluster2p,1,2022,1910,-4.1257186,-15.379888,-0.8263018972454327,0.4973821989528796
ALL,cluster2p,1,2023,1907,-5.8098497,-17.081896,0.7248067507498234,0.45149449396958574
ALL,cluster2p,1,2024,1454,0.36567366,-10.324842,0.44618456344453467,0.4718019257221458
ALL,cluster2p,1,2025,1770,20.181723,9.793724,1.7806145041967105,0.49830508474576274
ALL,cluster2p,1,2026Q1,481,8.941168,-1.2334394,1.933023927941642,0.4760914760914761
ALL,cluster2p,5,2020-23,7177,-13.195947,-24.589539,0.7837655090979152,0.47819423157308066
ALL,cluster2p,5,2024-01..2025-06,2401,7.1870522,-3.4281673,0.528392858681668,0.4839650145772595
ALL,cluster2p,5,2025-07..2026-03,1304,91.537506,81.30927,3.70464026927948,0.5283742331288344
ALL,cluster2p,5,full 2020-01..2026-03,10882,3.851656,-7.2305503,1.7347777433150182,0.4854806101819518
ALL,cluster2p,5,2020,2002,-26.780409,-38.364265,1.1716017104841687,0.47152847152847155
ALL,cluster2p,5,2021,1358,17.00644,5.526558,0.5848497210318475,0.49263622974963184
ALL,cluster2p,5,2022,1910,-18.24146,-29.495628,-0.9950370085481633,0.49947643979057593
ALL,cluster2p,5,2023,1907,-15.388818,-26.660864,-0.04065025070721857,0.45359202936549553
ALL,cluster2p,5,2024,1454,13.897035,3.2065172,0.7435969423634973,0.48211829436038517
ALL,cluster2p,5,2025,1770,62.35701,51.969006,1.8839861611636504,0.5180790960451978
ALL,cluster2p,5,2026Q1,481,12.563061,2.3884585,0.9402529994884201,0.48440748440748443
ALL,cluster2p,20,2020-23,7177,-28.853104,-40.2467,0.7236454234155182,0.46077748362825693
ALL,cluster2p,20,2024-01..2025-06,2401,-64.95395,-75.569176,-0.20172405240131877,0.42357351103706786
ALL,cluster2p,20,2025-07..2026-03,1304,220.05508,209.82684,1.9247410297393799,0.5107361963190185
ALL,cluster2p,20,full 2020-01..2026-03,10882,-6.9914846,-18.073689,1.1666524934804567,0.4585554126079765
ALL,cluster2p,20,2020,2002,-54.161804,-65.74567,0.7671503414222928,0.45504495504495507
ALL,cluster2p,20,2021,1358,-28.334148,-39.814034,0.3800766321117212,0.43151693667157587
ALL,cluster2p,20,2022,1910,12.449879,1.1957128,0.49334736832529225,0.4952879581151832
ALL,cluster2p,20,2023,1907,-44.02114,-55.29318,-0.30236110554087736,0.45306764551651807
ALL,cluster2p,20,2024,1454,-14.989802,-25.680311,0.20679263601886202,0.42916093535075656
ALL,cluster2p,20,2025,1770,96.77823,86.39022,1.3474860722003257,0.4632768361581921
ALL,cluster2p,20,2026Q1,481,-38.47168,-48.64627,-1.2420969329001126,0.4968814968814969
ALL,cluster2p,60,2020-23,7177,222.75586,211.36227,0.7049141808557947,0.4695555245924481
ALL,cluster2p,60,2024-01..2025-06,2401,34.917263,24.302023,0.5162406578505219,0.4527280299875052
ALL,cluster2p,60,2025-07..2026-03,1304,-42.61587,-52.84412,0.10374843701720238,0.37576687116564417
ALL,cluster2p,60,full 2020-01..2026-03,10882,149.51147,138.42928,0.8309235004941888,0.454603933100533
ALL,cluster2p,60,2020,2002,1078.2745,1066.6908,2.096335106851295,0.5499500499500499
ALL,cluster2p,60,2021,1358,-387.42538,-398.90524,-1.0916930158487728,0.38217967599410896
ALL,cluster2p,60,2022,1910,235.78117,224.52701,1.6757217345136488,0.5329842931937173
ALL,cluster2p,60,2023,1907,-253.90952,-265.18155,-1.6605913396820104,0.3838489774514945
ALL,cluster2p,60,2024,1454,316.86786,306.17737,1.7892185883549168,0.5192572214580468
ALL,cluster2p,60,2025,1770,-34.071884,-44.45986,0.0778863278413256,0.39152542372881355
ALL,cluster2p,60,2026Q1,481,-773.7078,-783.88245,-2.755127434334182,0.2681912681912682
ALL,ceo_cfo,1,2020-23,3608,-8.150358,-19.725477,-0.167762839056073,0.4789356984478936
ALL,ceo_cfo,1,2024-01..2025-06,1070,16.995296,6.3938904,0.8325728072879607,0.4747663551401869
ALL,ceo_cfo,1,2025-07..2026-03,729,21.149872,10.944624,3.1591744422912598,0.5006858710562414
ALL,ceo_cfo,1,full 2020-01..2026-03,5407,0.77616656,-10.421571,0.7925488665173912,0.4810430922877751
ALL,ceo_cfo,1,2020,957,-36.097603,-47.538193,-0.10701256114499497,0.4660397074190178
ALL,ceo_cfo,1,2021,671,-3.029492,-15.790016,-0.859606977106415,0.4947839046199702
ALL,ceo_cfo,1,2022,1024,6.3725433,-5.149911,0.7745604749518886,0.5087890625
ALL,ceo_cfo,1,2023,956,0.6759572,-10.25822,0.47170501294018535,0.448744769874477
ALL,ceo_cfo,1,2024,643,21.777214,11.131442,0.6261754855696459,0.4727838258164852
ALL,ceo_cfo,1,2025,903,16.607624,6.2730193,2.268756650410526,0.4839424141749723
ALL,ceo_cfo,1,2026Q1,253,18.196821,7.897386,1.5585065477894873,0.5217391304347826
ALL,ceo_cfo,5,2020-23,3608,-25.67563,-37.250748,0.5088162298353481,0.4772727272727273
ALL,ceo_cfo,5,2024-01..2025-06,1070,-5.9251113,-16.52652,-0.9129833044221974,0.4691588785046729
ALL,ceo_cfo,5,2025-07..2026-03,729,62.419468,52.21422,1.7135639190673828,0.5294924554183813
ALL,ceo_cfo,5,full 2020-01..2026-03,5407,-9.889726,-21.087461,0.4011640882312106,0.482707601257629
ALL,ceo_cfo,5,2020,957,-44.843014,-56.283604,1.035317279094095,0.4723092998955068
ALL,ceo_cfo,5,2021,671,17.900507,5.1399784,0.3109093377933268,0.5052160953800298
ALL,ceo_cfo,5,2022,1024,-8.433402,-19.955858,-0.9553704895359186,0.4912109375
ALL,ceo_cfo,5,2023,956,-55.54221,-66.47639,-0.3624522328876648,0.4476987447698745
ALL,ceo_cfo,5,2024,643,-22.260391,-32.906162,-0.9278213563543612,0.4556765163297045
ALL,ceo_cfo,5,2025,903,39.93513,29.600529,0.5267029833209659,0.5138427464008859
ALL,ceo_cfo,5,2026Q1,253,68.83766,58.538223,1.8549904532991626,0.5177865612648221
ALL,ceo_cfo,20,2020-23,3608,-77.25904,-88.834145,0.09995383133991685,0.4526053215077605
ALL,ceo_cfo,20,2024-01..2025-06,1070,-65.63618,-76.2376,-1.1823349202702855,0.42429906542056073
ALL,ceo_cfo,20,2025-07..2026-03,729,189.87337,179.6681,3.4046541452407837,0.5459533607681756
ALL,ceo_cfo,20,full 2020-01..2026-03,5407,-38.94278,-50.140522,0.0837657765311641,0.4595894211207694
ALL,ceo_cfo,20,2020,957,-59.443752,-70.88435,0.8720464663492308,0.47335423197492166
ALL,ceo_cfo,20,2021,671,-42.95566,-55.716183,-0.042110949676389946,0.46050670640834573
ALL,ceo_cfo,20,2022,1024,-108.783226,-120.305695,-1.014212382158841,0.451171875
ALL,ceo_cfo,20,2023,956,-85.40339,-96.33757,-0.7202576594831487,0.42782426778242677
ALL,ceo_cfo,20,2024,643,-64.24839,-74.89416,-1.0281041241896085,0.3965785381026439
ALL,ceo_cfo,20,2025,903,90.09843,79.76383,1.4574036551125902,0.5105204872646734
ALL,ceo_cfo,20,2026Q1,253,111.2245,100.925064,0.8262786686339811,0.5375494071146245
ALL,ceo_cfo,60,2020-23,3608,185.69583,174.12073,0.7470455652578699,0.479490022172949
ALL,ceo_cfo,60,2024-01..2025-06,1070,-145.02084,-155.62225,-2.237772591757425,0.42149532710280374
ALL,ceo_cfo,60,2025-07..2026-03,729,-93.56516,-103.77043,-0.3624034970998764,0.40329218106995884
ALL,ceo_cfo,60,full 2020-01..2026-03,5407,82.59835,71.40061,0.04412871188216934,0.4577399667098206
ALL,ceo_cfo,60,2020,957,1001.01843,989.57776,2.5241121829606046,0.5768025078369906
ALL,ceo_cfo,60,2021,671,-211.10739,-223.86794,-0.961747620904695,0.4083457526080477
ALL,ceo_cfo,60,2022,1024,5.3596926,-6.1627665,-0.3962704327756122,0.5009765625
ALL,ceo_cfo,60,2023,956,-158.80685,-169.74103,-1.0323301828996967,0.4089958158995816
ALL,ceo_cfo,60,2024,643,-172.37663,-183.02242,-1.78905877550813,0.4261275272161742
ALL,ceo_cfo,60,2025,903,8.421087,-1.9135374,-0.1547016876468926,0.42857142857142855
ALL,ceo_cfo,60,2026Q1,253,-474.8908,-485.19022,-6.4015777788976544,0.33201581027667987
ALL,officer,1,2020-23,5532,-14.791368,-26.2974,-0.4424853812613045,0.4772234273318872
ALL,officer,1,2024-01..2025-06,1702,15.353038,4.818256,1.250198216309132,0.48472385428907167
ALL,officer,1,2025-07..2026-03,1123,17.441626,7.3624454,3.5486183166503906,0.4986642920747996
ALL,officer,1,full 2020-01..2026-03,8357,-4.320693,-15.43718,0.7452387664304624,0.48163216465238723
ALL,officer,1,2020,1579,-50.67526,-62.212734,-0.046683198578203446,0.4578847371754275
ALL,officer,1,2021,1042,-6.3751564,-18.66807,-1.1580678955463013,0.4846449136276392
ALL,officer,1,2022,1485,6.6605377,-4.847602,0.21148966773091493,0.5138047138047138
ALL,officer,1,2023,1426,-3.5467088,-14.440725,0.22941758747793844,0.45511921458625526
ALL,officer,1,2024,998,18.508507,7.9817867,1.2095160695250535,0.47995991983967934
ALL,officer,1,2025,1414,16.6177,6.3195925,2.2901990332606035,0.49222065063649223
ALL,officer,1,2026Q1,413,9.07723,-1.0484996,1.0650891322958844,0.5084745762711864
ALL,officer,5,2020-23,5532,-40.459846,-51.965874,0.08663702970453578,0.4737888647866956
ALL,officer,5,2024-01..2025-06,1702,-2.2726057,-12.807385,-0.7934574130030612,0.4764982373678026
ALL,officer,5,2025-07..2026-03,1123,63.692783,53.613594,1.9928162097930908,0.5405164737310775
ALL,officer,5,full 2020-01..2026-03,8357,-18.686714,-29.803198,0.13927126948878907,0.4833074069642216
ALL,officer,5,2020,1579,-103.76563,-115.303116,0.7160739284650388,0.4623179227359088
ALL,officer,5,2021,1042,-6.0379667,-18.330877,-0.3045107586733101,0.47888675623800386
ALL,officer,5,2022,1485,0.7239095,-10.784228,-0.7624406630217829,0.49696969696969695
ALL,officer,5,2023,1426,-38.402096,-49.29611,-0.26641310007850416,0.4586255259467041
ALL,officer,5,2024,998,-13.352399,-23.87912,-0.6638796514864623,0.4619238476953908
ALL,officer,5,2025,1414,42.686752,32.38864,0.47029508784421187,0.5226308345120226
ALL,officer,5,2026Q1,413,49.941036,39.81531,1.6477337354330666,0.5278450363196125
ALL,officer,20,2020-23,5532,-70.0671,-81.57313,0.14382805200681104,0.4544468546637744
ALL,officer,20,2024-01..2025-06,1702,-70.78148,-81.31626,-0.9595153850066802,0.4300822561692127
ALL,officer,20,2025-07..2026-03,1123,143.94652,133.86734,1.23755344748497,0.5325022261798753
ALL,officer,20,full 2020-01..2026-03,8357,-41.45379,-52.57028,0.04489766764160714,0.4599736747636712
ALL,officer,20,2020,1579,-145.93405,-157.47154,0.5400844701868475,0.45471817606079795
ALL,officer,20,2021,1042,-47.50609,-59.798992,-0.24926186766971617,0.45201535508637236
ALL,officer,20,2022,1485,-34.798344,-46.306477,0.25644637395341247,0.47003367003367
ALL,officer,20,2023,1426,-39.273777,-50.16779,-0.6208855564550759,0.4396914446002805
ALL,officer,20,2024,998,-54.116074,-64.6428,-0.7878327357248113,0.4188376753507014
ALL,officer,20,2025,1414,48.947803,38.649696,0.6705391395322167,0.4908062234794908
ALL,officer,20,2026Q1,413,62.899532,52.773804,0.18758145163219675,0.5278450363196125
ALL,officer,60,2020-23,5532,180.08426,168.57823,0.682529284191286,0.4819233550253073
ALL,officer,60,2024-01..2025-06,1702,-138.10963,-148.64441,-1.9446810048423024,0.4189189189189189
ALL,officer,60,2025-07..2026-03,1123,-179.8892,-189.9684,-1.3444470763206482,0.38557435440783616
ALL,officer,60,full 2020-01..2026-03,8357,66.907745,55.791256,-0.1679074532933392,0.4561445494794783
ALL,officer,60,2020,1579,872.4926,860.9552,2.506026902275781,0.5718809373020899
ALL,officer,60,2021,1042,-241.76157,-254.05447,-1.6758286893645993,0.4145873320537428
ALL,officer,60,2022,1485,87.26334,75.755196,0.2045826143062235,0.5191919191919192
ALL,officer,60,2023,1426,-181.70425,-192.5983,-1.2861063763476153,0.39270687237026647
ALL,officer,60,2024,998,-113.3396,-123.866356,-1.5112204247914902,0.437875751503006
ALL,officer,60,2025,1414,-84.18287,-94.48099,-0.951176434690497,0.4087694483734088
ALL,officer,60,2026Q1,413,-496.2001,-506.32584,-10.599449549753025,0.3171912832929782
ALL,director_only,1,2020-23,7052,1.9091465,-9.219491,1.4380417299423884,0.4757515598411798
ALL,director_only,1,2024-01..2025-06,2449,-7.245087,-17.499807,-1.0832007278319324,0.47243772968558595
ALL,director_only,1,2025-07..2026-03,1410,7.7590165,-2.1978688,1.2635764181613922,0.5049645390070922
ALL,director_only,1,full 2020-01..2026-03,10911,0.6104204,-10.170642,1.2045067420368185,0.4787828796627257
ALL,director_only,1,2020,1885,-1.2870063,-12.488736,1.074486602583003,0.45145888594164457
ALL,director_only,1,2021,1618,10.135945,-1.2531158,1.3249718695987367,0.4938195302843016
ALL,director_only,1,2022,1844,3.0628207,-7.9430313,0.48944521969711197,0.5140997830802603
ALL,director_only,1,2023,1705,-3.612019,-14.545501,0.09793300666755131,0.4439882697947214
ALL,director_only,1,2024,1454,-5.2500606,-15.546765,-0.36719097286205743,0.4649243466299862
ALL,director_only,1,2025,1873,2.1523342,-7.935324,-0.17677876649531557,0.49919914575547253
ALL,director_only,1,2026Q1,532,-6.016426,-15.955194,0.47345768910291086,0.4849624060150376
ALL,director_only,5,2020-23,7052,-12.709734,-23.838367,0.34241208388221384,0.4696539988655701
ALL,director_only,5,2024-01..2025-06,2449,1.7790817,-8.475641,0.280852426598786,0.4708044099632503
ALL,director_only,5,2025-07..2026-03,1410,51.92845,41.971565,2.333910584449768,0.524113475177305
ALL,director_only,5,full 2020-01..2026-03,10911,-1.1046603,-11.885722,0.8837153593119251,0.47694986710658965
ALL,director_only,5,2020,1885,-14.021701,-25.223433,0.7925871162975813,0.4519893899204244
ALL,director_only,5,2021,1618,-13.3541,-24.743162,-0.1722330562820855,0.4783683559950556
ALL,director_only,5,2022,1844,-5.4068956,-16.412748,-0.5178292407933751,0.5130151843817787
ALL,director_only,5,2023,1705,-18.545975,-29.479462,0.14039150799039324,0.4340175953079179
ALL,director_only,5,2024,1454,5.8711057,-4.425598,0.3312588660937444,0.46354883081155435
ALL,director_only,5,2025,1873,32.747227,22.659567,1.329784631414955,0.5130806193272824
ALL,director_only,5,2026Q1,532,14.481101,4.542329,1.1253299035195565,0.4830827067669173
ALL,director_only,20,2020-23,7052,-44.0611,-55.18974,0.2886510628707975,0.4540555870674986
ALL,director_only,20,2024-01..2025-06,2449,-31.819136,-42.07386,0.3029116551041907,0.4197631686402613
ALL,director_only,20,2025-07..2026-03,1410,119.521286,109.564384,1.5957276821136475,0.5163120567375886
ALL,director_only,20,full 2020-01..2026-03,10911,-20.174042,-30.955107,0.6373141209520375,0.45440381266611674
ALL,director_only,20,2020,1885,-18.784643,-29.98637,0.7006997880705688,0.43660477453580904
ALL,director_only,20,2021,1618,-103.58075,-114.969826,-0.24677408338325346,0.43016069221260816
ALL,director_only,20,2022,1844,-13.773696,-24.77955,0.04846360712204528,0.49511930585683295
ALL,director_only,20,2023,1705,-48.280052,-59.21353,-0.1747603421128,0.45161290322580644
ALL,director_only,20,2024,1454,-10.008976,-20.305681,0.4554959330118729,0.43672627235213207
ALL,director_only,20,2025,1873,50.6245,40.536842,1.06925252537419,0.45168179391350777
ALL,director_only,20,2026Q1,532,19.423487,9.484713,-0.057928659763703885,0.5169172932330827
ALL,director_only,60,2020-23,7052,93.96658,82.83795,0.5552353061965631,0.46114577424844017
ALL,director_only,60,2024-01..2025-06,2449,29.76719,19.512474,0.60011015737876,0.4463046141282156
ALL,director_only,60,2025-07..2026-03,1410,36.766006,26.809124,0.3061385303735733,0.4319148936170213
ALL,director_only,60,full 2020-01..2026-03,10911,72.16499,61.38393,0.7944555483740405,0.45403721015488957
ALL,director_only,60,2020,1885,628.7528,617.55115,1.9516861040966493,0.48488063660477454
ALL,director_only,60,2021,1618,-371.96622,-383.35526,-1.4641666911462818,0.4134734239802225
ALL,director_only,60,2022,1844,163.84775,152.8419,1.5767882909080548,0.5211496746203904
ALL,director_only,60,2023,1705,-130.69833,-141.6318,-0.9844852311293115,0.41524926686217006
ALL,director_only,60,2024,1454,186.78235,176.48564,1.2297135020396,0.48486932599724897
ALL,director_only,60,2025,1873,-2.206277,-12.293916,0.19202096837674074,0.4335290977042178
ALL,director_only,60,2026Q1,532,-268.25052,-278.1893,-1.6302855381316546,0.34774436090225563
ALL,tenpct_only,1,2020-23,2539,-5.380536,-17.165838,0.18832288310016246,0.4828672705789681
ALL,tenpct_only,1,2024-01..2025-06,1043,6.269748,-4.331422,0.7469150275141175,0.49185043144774687
ALL,tenpct_only,1,2025-07..2026-03,596,47.59907,36.910545,1.850556492805481,0.5218120805369127
ALL,tenpct_only,1,full 2020-01..2026-03,4178,5.0854993,-6.2477403,1.2417232361609936,0.4906653901388224
ALL,tenpct_only,1,2020,628,4.268169,-7.4987845,0.8888132910480636,0.482484076433121
ALL,tenpct_only,1,2021,522,-9.825319,-23.004536,-0.30376044871385627,0.47126436781609193
ALL,tenpct_only,1,2022,744,1.4690357,-10.1917,0.37036080079987466,0.5026881720430108
ALL,tenpct_only,1,2023,645,-19.078661,-29.897425,-0.6737712201487241,0.4697674418604651
ALL,tenpct_only,1,2024,687,3.374748,-7.2979345,0.42664429415752136,0.48034934497816595
ALL,tenpct_only,1,2025,715,22.519754,11.942608,1.4382989997189985,0.5006993006993007
ALL,tenpct_only,1,2026Q1,237,69.57097,58.884914,1.3634614722974354,0.5738396624472574
ALL,tenpct_only,5,2020-23,2539,-18.157808,-29.943113,0.5314643840963079,0.48326112642772745
ALL,tenpct_only,5,2024-01..2025-06,1043,-2.4972668,-13.098432,0.2698458719405752,0.4947267497603068
ALL,tenpct_only,5,2025-07..2026-03,596,127.01299,116.32447,1.8956798315048218,0.535234899328859
ALL,tenpct_only,5,full 2020-01..2026-03,4178,6.460608,-4.8726296,1.2786498888333895,0.4935375777884155
ALL,tenpct_only,5,2020,628,-31.80838,-43.57533,0.5850050430137537,0.4729299363057325
ALL,tenpct_only,5,2021,522,11.409531,-1.7696824,0.4119362212916408,0.5019157088122606
ALL,tenpct_only,5,2022,744,-0.63362616,-12.294365,0.6227012595835401,0.5040322580645161
ALL,tenpct_only,5,2023,645,-49.009876,-59.82864,-0.6543195809191827,0.4542635658914729
ALL,tenpct_only,5,2024,687,-27.408598,-38.081276,-0.5838793845028107,0.4774381368267831
ALL,tenpct_only,5,2025,715,63.642403,53.065266,1.9040618757541905,0.5118881118881119
ALL,tenpct_only,5,2026Q1,237,195.86703,185.18098,1.412880601256325,0.5949367088607594
ALL,tenpct_only,20,2020-23,2539,-59.43181,-71.217125,0.2284414437960388,0.4509649468294604
ALL,tenpct_only,20,2024-01..2025-06,1043,-58.05902,-68.66018,-0.9418140247334686,0.45158197507190795
ALL,tenpct_only,20,2025-07..2026-03,596,597.64264,586.95416,2.3206037878990173,0.5318791946308725
ALL,tenpct_only,20,full 2020-01..2026-03,4178,34.643883,23.31064,1.003907034497922,0.4626615605552896
ALL,tenpct_only,20,2020,628,0.12314813,-11.643795,0.6061918078995905,0.43312101910828027
ALL,tenpct_only,20,2021,522,-182.74559,-195.92482,-0.3393748655062167,0.38122605363984674
ALL,tenpct_only,20,2022,744,125.0799,113.41915,2.0582546374289636,0.5618279569892473
ALL,tenpct_only,20,2023,645,-230.45107,-241.26984,-1.4679472767078656,0.39689922480620154
ALL,tenpct_only,20,2024,687,-45.301495,-55.97417,-0.6322809454227121,0.4483260553129549
ALL,tenpct_only,20,2025,715,265.73245,255.1553,1.393952070356673,0.4797202797202797
ALL,tenpct_only,20,2026Q1,237,577.05865,566.37256,1.121637070490123,0.5780590717299579
ALL,tenpct_only,60,2020-23,2539,12.944083,1.1587876,0.35627538376873746,0.43678613627412366
ALL,tenpct_only,60,2024-01..2025-06,1043,120.63468,110.03349,0.5127506775228652,0.48034515819750717
ALL,tenpct_only,60,2025-07..2026-03,596,762.6654,751.9768,1.4802319407463074,0.4748322147651007
ALL,tenpct_only,60,full 2020-01..2026-03,4178,146.7773,135.44406,1.045158790098679,0.4530876017233126
ALL,tenpct_only,60,2020,628,953.4349,941.66785,1.6128182417497154,0.49363057324840764
ALL,tenpct_only,60,2021,522,-616.1557,-629.33496,-1.01409283223857,0.342911877394636
ALL,tenpct_only,60,2022,744,78.896324,67.235565,1.023492160814605,0.521505376344086
ALL,tenpct_only,60,2023,645,-469.70175,-480.52054,-2.4656198551304604,0.35968992248062015
ALL,tenpct_only,60,2024,687,286.13858,275.4659,1.1709434632547677,0.519650655021834
ALL,tenpct_only,60,2025,715,633.40784,622.83057,1.343189708226244,0.46853146853146854
ALL,tenpct_only,60,2026Q1,237,-291.5328,-302.21878,-0.32247476019678845,0.3881856540084388
ALL,val_lt50k,1,2020-23,5367,0.3318445,-11.511793,0.6777681931307634,0.48537357928079
ALL,val_lt50k,1,2024-01..2025-06,1939,2.9297264,-7.7309675,0.5840659268952996,0.48375451263537905
ALL,val_lt50k,1,2025-07..2026-03,1040,17.877722,7.572318,1.7075300216674805,0.510576923076923
ALL,val_lt50k,1,full 2020-01..2026-03,8346,3.1218042,-8.255324,1.3749323542522895,0.48813803019410495
ALL,val_lt50k,1,2020,1470,4.676324,-7.4888744,1.222030509754153,0.4884353741496599
ALL,val_lt50k,1,2021,1210,-7.3573194,-19.428856,-0.5063286520254316,0.46033057851239667
ALL,val_lt50k,1,2022,1351,2.6490695,-9.187451,0.03755514146957051,0.5062916358253146
ALL,val_lt50k,1,2023,1336,0.17236137,-11.118251,0.4270175263244115,0.48353293413173654
ALL,val_lt50k,1,2024,1235,2.1093805,-8.540009,0.5179452806123599,0.46963562753036436
ALL,val_lt50k,1,2025,1344,8.500288,-1.9830927,0.8421231626007771,0.4947916666666667
ALL,val_lt50k,1,2026Q1,400,25.610245,15.242633,1.6450102065499388,0.56
ALL,val_lt50k,5,2020-23,5367,-3.8759408,-15.719577,0.7899562953837135,0.48220607415688466
ALL,val_lt50k,5,2024-01..2025-06,1939,14.657902,3.9972112,1.1617559628415681,0.49045899948427024
ALL,val_lt50k,5,2025-07..2026-03,1040,59.607853,49.302456,1.5857895612716675,0.5509615384615385
ALL,val_lt50k,5,full 2020-01..2026-03,8346,8.340723,-3.0364027,1.5498667689983507,0.4926911095135394
ALL,val_lt50k,5,2020,1470,-1.7124065,-13.877606,1.075990371269241,0.47346938775510206
ALL,val_lt50k,5,2021,1210,2.003642,-10.067894,0.2189088087998403,0.4859504132231405
ALL,val_lt50k,5,2022,1351,21.730011,9.893499,0.6235056405885395,0.5196150999259808
ALL,val_lt50k,5,2023,1336,-37.475,-48.76561,-0.6275174282627711,0.4505988023952096
ALL,val_lt50k,5,2024,1235,16.24929,5.5998964,0.8627670490274226,0.48502024291497975
ALL,val_lt50k,5,2025,1344,15.194094,4.710714,0.8554763621798244,0.5148809523809523
ALL,val_lt50k,5,2026Q1,400,124.812775,114.44517,2.2432194246954937,0.5825
ALL,val_lt50k,20,2020-23,5367,9.785992,-2.0576444,0.9257425504868558,0.4587292714738215
ALL,val_lt50k,20,2024-01..2025-06,1939,52.529633,41.868935,1.0608424990464793,0.46364105208870554
ALL,val_lt50k,20,2025-07..2026-03,1040,162.9133,152.60788,1.3243866562843323,0.5375
ALL,val_lt50k,20,full 2020-01..2026-03,8346,38.797775,27.42064,1.6435282727584657,0.46968607716271266
ALL,val_lt50k,20,2020,1470,45.46279,33.297573,0.956997111767167,0.46122448979591835
ALL,val_lt50k,20,2021,1210,-74.26091,-86.33246,-0.1543518518536479,0.40578512396694216
ALL,val_lt50k,20,2022,1351,129.39445,117.557915,2.0264386664194363,0.5166543301258327
ALL,val_lt50k,20,2023,1336,-74.30019,-85.59082,-0.49454333210022855,0.4453592814371258
ALL,val_lt50k,20,2024,1235,125.16894,114.51955,1.2764753810867033,0.4817813765182186
ALL,val_lt50k,20,2025,1344,-10.472177,-20.955559,-0.23883183398443883,0.46205357142857145
ALL,val_lt50k,20,2026Q1,400,326.93942,316.57178,1.739598144763447,0.605
ALL,val_lt50k,60,2020-23,5367,216.03401,204.19038,1.0599076033680885,0.46245574809018075
ALL,val_lt50k,60,2024-01..2025-06,1939,188.9917,178.33105,1.4221940259917842,0.48375451263537905
ALL,val_lt50k,60,2025-07..2026-03,1040,117.273674,106.968285,0.6012108474969864,0.43365384615384617
ALL,val_lt50k,60,full 2020-01..2026-03,8346,197.4448,186.06763,1.6026434646947227,0.46381500119817876
ALL,val_lt50k,60,2020,1470,955.4948,943.3295,2.1418192057920167,0.5190476190476191
ALL,val_lt50k,60,2021,1210,-372.7238,-384.79538,-0.9899943350977112,0.384297520661157
ALL,val_lt50k,60,2022,1351,354.78302,342.94647,2.361134670149669,0.5536639526276832
ALL,val_lt50k,60,2023,1336,-204.66974,-215.96033,-1.4057241241637803,0.3787425149700599
ALL,val_lt50k,60,2024,1235,509.69626,499.0469,2.9130834375406547,0.545748987854251
ALL,val_lt50k,60,2025,1344,0.5524783,-9.930889,0.12256536827588,0.42485119047619047
ALL,val_lt50k,60,2026Q1,400,-354.49457,-364.86215,-0.5137568006336866,0.36
ALL,val_50_250k,1,2020-23,4791,-16.384115,-27.852516,0.35131455245929966,0.4656647881444375
ALL,val_50_250k,1,2024-01..2025-06,1540,-0.85806656,-11.234827,0.08661968412651712,0.4649350649350649
ALL,val_50_250k,1,2025-07..2026-03,929,-2.69148,-12.858563,-0.6103362590074539,0.4876210979547901
ALL,val_50_250k,1,full 2020-01..2026-03,7260,-11.338582,-22.408909,0.1720016896334398,0.46831955922865015
ALL,val_50_250k,1,2020,1392,-64.73517,-75.94563,-0.0524283697628717,0.42313218390804597
ALL,val_50_250k,1,2021,940,1.4883286,-10.957013,-0.3503764262714757,0.498936170212766
ALL,val_50_250k,1,2022,1177,19.722242,8.097384,1.9500512228035516,0.5199660152931181
ALL,val_50_250k,1,2023,1282,-10.138106,-21.02661,-0.2215642004227102,0.437597503900156
ALL,val_50_250k,1,2024,885,9.483189,-0.95896006,0.5970833531580658,0.47570621468926555
ALL,val_50_250k,1,2025,1257,-2.0693505,-12.267125,-0.6800592568877997,0.4741447891805887
ALL,val_50_250k,1,2026Q1,327,-29.398333,-39.690475,-3.5609804106317524,0.4648318042813456
ALL,val_50_250k,5,2020-23,4791,-44.322643,-55.791046,-0.6799726399766536,0.45418493007722816
ALL,val_50_250k,5,2024-01..2025-06,1540,-15.436623,-25.813387,-0.4494354795169655,0.4590909090909091
ALL,val_50_250k,5,2025-07..2026-03,929,54.902798,44.735718,1.6140831112861633,0.5188374596340151
ALL,val_50_250k,5,full 2020-01..2026-03,7260,-25.498278,-36.568604,-0.3518008692496065,0.4634986225895317
ALL,val_50_250k,5,2020,1392,-118.65337,-129.86386,-0.5619633444556679,0.4238505747126437
ALL,val_50_250k,5,2021,940,-21.131874,-33.577213,-0.47837559910029986,0.46808510638297873
ALL,val_50_250k,5,2022,1177,18.831684,7.2068205,-0.33594572883589513,0.5106202209005948
ALL,val_50_250k,5,2023,1282,-38.60001,-49.488518,0.02135472710380788,0.4251170046801872
ALL,val_50_250k,5,2024,885,-20.658115,-31.100262,-0.28180654603004734,0.44180790960451977
ALL,val_50_250k,5,2025,1257,30.175594,19.97782,0.725651962491841,0.5051710421638823
ALL,val_50_250k,5,2026Q1,327,23.192692,12.900543,0.8505180860176462,0.4984709480122324
ALL,val_50_250k,20,2020-23,4791,-80.20991,-91.67831,-0.2557629365853708,0.4504278856188687
ALL,val_50_250k,20,2024-01..2025-06,1540,-76.08583,-86.46258,-0.6332102059302148,0.4012987012987013
ALL,val_50_250k,20,2025-07..2026-03,929,132.5798,122.41271,1.467280089855194,0.5306781485468245
ALL,val_50_250k,20,full 2020-01..2026-03,7260,-52.10622,-63.176556,-0.15239783847496993,0.4502754820936639
ALL,val_50_250k,20,2020,1392,-146.50859,-157.71906,0.1140552825653477,0.4339080459770115
ALL,val_50_250k,20,2021,940,-65.528786,-77.97414,-0.21521531762641574,0.4595744680851064
ALL,val_50_250k,20,2022,1177,-40.460648,-52.08551,-0.061220954103007465,0.49362786745964315
ALL,val_50_250k,20,2023,1282,-55.48085,-66.36935,-0.41158962459921516,0.421996879875195
ALL,val_50_250k,20,2024,885,-57.379448,-67.821594,-0.3189299966605746,0.4011299435028249
ALL,val_50_250k,20,2025,1257,34.244003,24.046227,0.42043069221336404,0.46857597454256167
ALL,val_50_250k,20,2026Q1,327,41.989494,31.697342,0.9698087749845734,0.5107033639143731
ALL,val_50_250k,60,2020-23,4791,100.638,89.16959,0.2108045785505034,0.46712586098935505
ALL,val_50_250k,60,2024-01..2025-06,1540,-83.73034,-94.10709,-0.7195138440106389,0.41753246753246753
ALL,val_50_250k,60,2025-07..2026-03,929,5.798176,-4.3689265,-0.1145109012722969,0.43379978471474706
ALL,val_50_250k,60,full 2020-01..2026-03,7260,49.393723,38.3234,-0.04065363095411418,0.45234159779614325
ALL,val_50_250k,60,2020,1392,552.9496,541.7392,1.4684771987637808,0.5
ALL,val_50_250k,60,2021,940,-210.40366,-222.84898,-0.8935572961743852,0.42021276595744683
ALL,val_50_250k,60,2022,1177,92.39337,80.76853,0.41610903486236844,0.5114698385726423
ALL,val_50_250k,60,2023,1282,-154.84933,-165.73782,-1.2282240834733253,0.4251170046801872
ALL,val_50_250k,60,2024,885,-3.7651494,-14.207291,-0.08782136626896216,0.43954802259887005
ALL,val_50_250k,60,2025,1257,-51.689983,-61.887753,-0.7251289057810884,0.4335719968178202
ALL,val_50_250k,60,2026Q1,327,-168.96558,-179.25772,-0.534655066165295,0.3425076452599388
ALL,val_250k_1m,1,2020-23,2664,-11.93297,-22.927721,0.4126726457033603,0.4733483483483483
ALL,val_250k_1m,1,2024-01..2025-06,913,1.5663815,-8.728381,-0.5134163869950947,0.47973713033953996
ALL,val_250k_1m,1,2025-07..2026-03,621,4.7787395,-5.3462553,0.8392406702041626,0.5072463768115942
ALL,val_250k_1m,1,full 2020-01..2026-03,4198,-6.524946,-17.2388,0.37139888099325313,0.47975226298237256
ALL,val_250k_1m,1,2020,670,-20.276066,-31.060633,0.6637782198831238,0.44925373134328356
ALL,val_250k_1m,1,2021,531,7.580121,-4.23543,0.7426696561943508,0.4990583804143126
ALL,val_250k_1m,1,2022,852,-16.962349,-27.694546,-1.436771795944763,0.5070422535211268
ALL,val_250k_1m,1,2023,611,-12.729285,-23.607292,0.1068569875197981,0.43044189852700493
ALL,val_250k_1m,1,2024,509,-9.853912,-20.13506,-1.3981179411535334,0.4538310412573674
ALL,val_250k_1m,1,2025,785,11.319419,1.0787909,0.9899965031014467,0.5146496815286624
ALL,val_250k_1m,1,2026Q1,240,2.1983435,-7.863109,0.6666438562491988,0.49166666666666664
ALL,val_250k_1m,5,2020-23,2664,-52.803497,-63.798252,0.43155004784825074,0.46734234234234234
ALL,val_250k_1m,5,2024-01..2025-06,913,-31.090364,-41.38513,-2.4180226931335413,0.4611171960569551
ALL,val_250k_1m,5,2025-07..2026-03,621,64.61695,54.491955,0.8493713736534119,0.534621578099839
ALL,val_250k_1m,5,full 2020-01..2026-03,4198,-30.711508,-41.425358,-0.008103830402665805,0.4759409242496427
ALL,val_250k_1m,5,2020,670,-114.91106,-125.695625,0.6160731559728136,0.4462686567164179
ALL,val_250k_1m,5,2021,531,-17.951176,-29.766726,0.6726958386767897,0.4952919020715631
ALL,val_250k_1m,5,2022,852,-34.847847,-45.580048,-2.776038965983886,0.4753521126760563
ALL,val_250k_1m,5,2023,611,-40.025665,-50.90367,0.06255653473755181,0.45499181669394434
ALL,val_250k_1m,5,2024,509,-45.606632,-55.88778,-2.524057260199306,0.449901768172888
ALL,val_250k_1m,5,2025,785,36.431824,26.191198,0.08401755209592682,0.5210191082802548
ALL,val_250k_1m,5,2026Q1,240,26.485088,16.423632,0.89974498531199,0.4791666666666667
ALL,val_250k_1m,20,2020-23,2664,-118.395386,-129.39012,-0.6405223535274546,0.4373123123123123
ALL,val_250k_1m,20,2024-01..2025-06,913,-124.18419,-134.47896,-1.9608670383975777,0.4173055859802848
ALL,val_250k_1m,20,2025-07..2026-03,621,188.75528,178.63028,1.572584867477417,0.5314009661835749
ALL,val_250k_1m,20,full 2020-01..2026-03,4198,-74.21831,-84.93217,-0.6960053373153439,0.4468794664125774
ALL,val_250k_1m,20,2020,670,-235.05693,-245.84152,-0.05965884934006585,0.4014925373134328
ALL,val_250k_1m,20,2021,531,-119.46495,-131.2805,-0.7076573766299515,0.4256120527306968
ALL,val_250k_1m,20,2022,852,-41.18092,-51.91312,-0.14245565402311597,0.4765258215962441
ALL,val_250k_1m,20,2023,611,-97.209694,-108.0877,-0.6531478781384291,0.4320785597381342
ALL,val_250k_1m,20,2024,509,-133.04218,-143.3233,-1.6369411031230303,0.41846758349705304
ALL,val_250k_1m,20,2025,785,71.70371,61.46309,0.7836291313391263,0.4802547770700637
ALL,val_250k_1m,20,2026Q1,240,63.616283,53.554832,0.6712439472227938,0.5041666666666667
ALL,val_250k_1m,60,2020-23,2664,37.569786,26.575035,-0.4517936020613126,0.4692192192192192
ALL,val_250k_1m,60,2024-01..2025-06,913,-93.32316,-103.617935,-0.7150897525427231,0.45673603504928806
ALL,val_250k_1m,60,2025-07..2026-03,621,118.75347,108.62847,0.6044024527072906,0.45410628019323673
ALL,val_250k_1m,60,full 2020-01..2026-03,4198,21.111902,10.3980465,-0.2849030489843825,0.46426869938065746
ALL,val_250k_1m,60,2020,670,567.9385,557.1539,1.3036248789130207,0.5298507462686567
ALL,val_250k_1m,60,2021,531,-355.82266,-367.6382,-2.4789629889778784,0.423728813559322
ALL,val_250k_1m,60,2022,852,42.889923,32.15773,-0.14080588060912091,0.5093896713615024
ALL,val_250k_1m,60,2023,611,-209.547,-220.42502,-0.9762057281017884,0.3862520458265139
ALL,val_250k_1m,60,2024,509,-25.813614,-36.094734,-0.4953410026174753,0.48722986247544203
ALL,val_250k_1m,60,2025,785,27.915905,17.675303,0.3749359081113751,0.4445859872611465
ALL,val_250k_1m,60,2026Q1,240,-84.304184,-94.365616,0.13873675332972024,0.425
ALL,val_gt1m,1,2020-23,2399,8.086186,-2.5197022,0.7112501717727335,0.48728636932055025
ALL,val_gt1m,1,2024-01..2025-06,826,17.299068,7.210104,0.8740209031973926,0.5036319612590799
ALL,val_gt1m,1,2025-07..2026-03,564,68.6171,58.735256,2.0617833137512207,0.5195035460992907
ALL,val_gt1m,1,full 2020-01..2026-03,3789,19.104734,8.719308,1.904016373485314,0.49564528899445764
ALL,val_gt1m,1,2020,578,19.760786,8.974648,1.140770735838461,0.4757785467128028
ALL,val_gt1m,1,2021,514,16.182148,5.0285926,0.30105176033248915,0.5175097276264592
ALL,val_gt1m,1,2022,732,4.585955,-5.9071574,0.4705518414294565,0.5150273224043715
ALL,val_gt1m,1,2023,575,-6.4304705,-16.509165,-0.2992478779862971,0.4365217391304348
ALL,val_gt1m,1,2024,529,21.289417,11.069502,0.92052096510909,0.499054820415879
ALL,val_gt1m,1,2025,635,43.687145,33.78045,1.3663384132544167,0.5244094488188976
ALL,val_gt1m,1,2026Q1,226,61.883358,52.10564,2.032858228718464,0.49557522123893805
ALL,val_gt1m,5,2020-23,2399,8.326117,-2.2797725,0.4736006224920428,0.49937473947478117
ALL,val_gt1m,5,2024-01..2025-06,826,29.769064,19.680094,0.6138749177073571,0.5
ALL,val_gt1m,5,2025-07..2026-03,564,124.45215,114.5703,1.746241807937622,0.5230496453900709
ALL,val_gt1m,5,full 2020-01..2026-03,3789,30.286257,19.90083,1.347426968288966,0.5030351016099235
ALL,val_gt1m,5,2020,578,52.45028,41.66414,1.4716389741162947,0.5207612456747405
ALL,val_gt1m,5,2021,514,16.829353,5.675799,-0.14405552463684257,0.49221789883268485
ALL,val_gt1m,5,2022,732,-39.615356,-50.10847,-1.2641344843947153,0.5081967213114754
ALL,val_gt1m,5,2023,575,17.402168,7.3234806,0.43589800514932314,0.47304347826086957
ALL,val_gt1m,5,2024,529,4.4666185,-5.753299,0.2195458921832519,0.4820415879017013
ALL,val_gt1m,5,2025,635,131.3644,121.45769,1.6751035437342179,0.5385826771653544
ALL,val_gt1m,5,2026Q1,226,39.82761,30.049894,0.8135078877727294,0.4911504424778761
ALL,val_gt1m,20,2020-23,2399,-98.347336,-108.95324,-0.7367298421505025,0.4622759483117966
ALL,val_gt1m,20,2024-01..2025-06,826,-155.46692,-165.55591,-2.028148960808065,0.41404358353510895
ALL,val_gt1m,20,2025-07..2026-03,564,508.89618,499.01428,1.7689796090126038,0.48936170212765956
ALL,val_gt1m,20,full 2020-01..2026-03,3789,-20.410006,-30.79543,0.017217071004371032,0.455793085246767
ALL,val_gt1m,20,2020,578,36.351288,25.565142,0.8474600651296158,0.46366782006920415
ALL,val_gt1m,20,2021,514,-205.22066,-216.37419,-1.5062235891343025,0.4260700389105058
ALL,val_gt1m,20,2022,732,-130.412,-140.90512,-0.3342281794955981,0.4890710382513661
ALL,val_gt1m,20,2023,575,-97.3936,-107.4723,-1.5105655844251022,0.4591304347826087
ALL,val_gt1m,20,2024,529,-240.30058,-250.52048,-3.12337794159325,0.391304347826087
ALL,val_gt1m,20,2025,635,429.0538,419.1471,1.4856590413205482,0.48031496062992124
ALL,val_gt1m,20,2026Q1,226,58.723896,48.94618,0.9093206448585104,0.4690265486725664
ALL,val_gt1m,60,2020-23,2399,-5.298979,-15.904866,-0.39277764970991336,0.45852438516048355
ALL,val_gt1m,60,2024-01..2025-06,826,-239.87186,-249.96085,-1.5345623710094065,0.38861985472154964
ALL,val_gt1m,60,2025-07..2026-03,564,291.9717,282.0899,1.163969099521637,0.35815602836879434
ALL,val_gt1m,60,full 2020-01..2026-03,3789,-12.186433,-22.571848,-0.40756205437398063,0.4283452098178939
ALL,val_gt1m,60,2020,578,1098.5516,1087.7654,2.013565060238159,0.5588235294117647
ALL,val_gt1m,60,2021,514,-670.5509,-681.7044,-2.3822103506536307,0.38715953307393
ALL,val_gt1m,60,2022,732,-188.16019,-198.65329,-0.18469841961710148,0.48633879781420764
ALL,val_gt1m,60,2023,575,-287.44113,-297.51978,-2.619571245722683,0.38608695652173913
ALL,val_gt1m,60,2024,529,-483.45193,-493.6718,-3.4063839873090878,0.3780718336483932
ALL,val_gt1m,60,2025,635,660.4236,650.5169,1.8459785779621398,0.4204724409448819
ALL,val_gt1m,60,2026Q1,226,-872.0577,-881.8354,-3.5569937614770253,0.24778761061946902
ALL,rel_lt5,1,2020-23,6556,-2.566502,-13.906675,0.5782885158221016,0.47681513117754726
ALL,rel_lt5,1,2024-01..2025-06,2491,11.182197,0.66983443,1.884651965004661,0.49177037334403856
ALL,rel_lt5,1,2025-07..2026-03,1340,26.649405,16.330029,5.659956693649292,0.49850746268656715
ALL,rel_lt5,1,full 2020-01..2026-03,10387,4.499766,-6.510193,1.9802975849181603,0.4832001540387022
ALL,rel_lt5,1,2020,1585,-6.3353863,-17.610977,0.48232957334158544,0.465615141955836
ALL,rel_lt5,1,2021,1368,1.6668239,-10.448609,0.23714190088220083,0.47514619883040937
ALL,rel_lt5,1,2022,1839,5.307143,-5.9929852,0.9961046987687505,0.5073409461663948
ALL,rel_lt5,1,2023,1764,-10.671456,-21.510183,-0.5161655044029408,0.45634920634920634
ALL,rel_lt5,1,2024,1573,12.254588,1.7141116,1.5330899043774568,0.4863318499682136
ALL,rel_lt5,1,2025,1727,17.018631,6.652484,3.639704962274484,0.49102489866821075
ALL,rel_lt5,1,2026Q1,531,28.055382,17.637781,2.3187739419238618,0.527306967984934
ALL,rel_lt5,5,2020-23,6556,-23.95351,-35.29369,0.2081783775493576,0.47712019524100063
ALL,rel_lt5,5,2024-01..2025-06,2491,21.114466,10.602105,1.1038415146874152,0.492974708952228
ALL,rel_lt5,5,2025-07..2026-03,1340,75.90714,65.58775,2.1599239110946655,0.5164179104477612
ALL,rel_lt5,5,full 2020-01..2026-03,10387,-0.26259097,-11.272547,1.1360325378650025,0.485992105516511
ALL,rel_lt5,5,2020,1585,-56.57344,-67.84904,0.2173167713900865,0.45362776025236595
ALL,rel_lt5,5,2021,1368,7.8431296,-4.272304,0.6057504126628742,0.4919590643274854
ALL,rel_lt5,5,2022,1839,-4.20507,-15.505196,0.07544513627799948,0.5154975530179445
ALL,rel_lt5,5,2023,1764,-39.890358,-50.729084,-0.5514020174965526,0.4467120181405896
ALL,rel_lt5,5,2024,1573,12.106229,1.5657476,0.6097950301079574,0.4844246662428481
ALL,rel_lt5,5,2025,1727,45.54762,35.181473,1.9317863075235024,0.5072379849449913
ALL,rel_lt5,5,2026Q1,531,106.60614,96.18855,1.9241927195825757,0.5310734463276836
ALL,rel_lt5,20,2020-23,6556,-59.484543,-70.824715,0.15189847172170176,0.44585112873703475
ALL,rel_lt5,20,2024-01..2025-06,2491,-35.09768,-45.61003,-0.05445557615196448,0.4387796065837013
ALL,rel_lt5,20,2025-07..2026-03,1340,258.5534,248.23402,2.7837916016578674,0.5194029850746269
ALL,rel_lt5,20,full 2020-01..2026-03,10387,-12.606856,-23.61681,0.7957115064904426,0.4536439780494849
ALL,rel_lt5,20,2020,1585,-64.08815,-75.36374,0.4600912234057679,0.42712933753943216
ALL,rel_lt5,20,2021,1368,-50.615227,-62.730667,0.2186576558909123,0.42616959064327486
ALL,rel_lt5,20,2022,1839,18.120535,6.8203993,0.5354839146410234,0.5095160413268081
ALL,rel_lt5,20,2023,1764,-143.13094,-153.96967,-1.0321470382031854,0.41156462585034015
ALL,rel_lt5,20,2024,1573,26.966404,16.42592,0.44706255333826733,0.4431023521932613
ALL,rel_lt5,20,2025,1727,53.841797,43.475643,0.9170921123440194,0.4638100752750434
ALL,rel_lt5,20,2026Q1,531,232.82544,222.40784,1.258172680598693,0.5480225988700564
ALL,rel_lt5,60,2020-23,6556,82.11219,70.772026,0.6868903269434762,0.45408785845027455
ALL,rel_lt5,60,2024-01..2025-06,2491,36.187263,25.674904,0.5846122132722735,0.44921718185467685
ALL,rel_lt5,60,2025-07..2026-03,1340,255.73975,245.42038,1.0014565587043762,0.44029850746268656
ALL,rel_lt5,60,full 2020-01..2026-03,10387,93.49777,82.48781,1.0922216990454106,0.451140849138346
ALL,rel_lt5,60,2020,1585,687.5807,676.30505,1.5787659232679045,0.4927444794952681
ALL,rel_lt5,60,2021,1368,-269.69672,-281.81213,-0.448118113061763,0.4057017543859649
ALL,rel_lt5,60,2022,1839,109.3831,98.08299,0.8724484761847525,0.5171288743882545
ALL,rel_lt5,60,2023,1764,-217.51607,-228.35478,-1.3731497647999278,0.391156462585034
ALL,rel_lt5,60,2024,1573,314.7386,304.19818,2.6420431206322936,0.5022250476795931
ALL,rel_lt5,60,2025,1727,36.93906,26.572897,0.14180708538181996,0.4180660104226983
ALL,rel_lt5,60,2026Q1,531,-237.37079,-247.78838,-0.14911703907213883,0.3709981167608286
ALL,rel_5_25,1,2020-23,3872,-13.186072,-24.453257,0.21067359499148486,0.47339876033057854
ALL,rel_5_25,1,2024-01..2025-06,1223,-6.255271,-16.687601,-1.4260858659832802,0.47015535568274736
ALL,rel_5_25,1,2025-07..2026-03,813,6.338149,-3.8490994,0.6568799614906311,0.4969249692496925
ALL,rel_5_25,1,full 2020-01..2026-03,5908,-9.064614,-20.010368,-0.06483744242947007,0.47596479350033855
ALL,rel_5_25,1,2020,1102,-22.14168,-33.39526,1.6652253960474614,0.4537205081669691
ALL,rel_5_25,1,2021,797,-2.4728434,-14.28877,-0.47292079846356033,0.4981179422835634
ALL,rel_5_25,1,2022,1030,-19.258842,-30.411587,-2.573683072180978,0.4893203883495146
ALL,rel_5_25,1,2023,943,-5.141963,-16.086264,0.7538287327548197,0.45811240721102864
ALL,rel_5_25,1,2024,730,-6.358261,-16.786201,-0.7738309933140364,0.4575342465753425
ALL,rel_5_25,1,2025,1019,0.22502889,-10.09235,-0.529079631606417,0.4975466143277723
ALL,rel_5_25,1,2026Q1,287,6.672283,-3.4851007,0.31840647537759287,0.4808362369337979
ALL,rel_5_25,5,2020-23,3872,-31.448158,-42.71534,0.5551986049904697,0.4715909090909091
ALL,rel_5_25,5,2024-01..2025-06,1223,-14.55718,-24.98951,-0.7859914148907201,0.46116107931316436
ALL,rel_5_25,5,2025-07..2026-03,813,74.40377,64.216515,2.5085538625717163,0.5375153751537516
ALL,rel_5_25,5,full 2020-01..2026-03,5908,-13.385311,-24.331068,1.0010314614480595,0.47850372376438727
ALL,rel_5_25,5,2020,1102,-61.10659,-72.36018,0.8697082227013796,0.4673321234119782
ALL,rel_5_25,5,2021,797,-28.52615,-40.342075,-0.3796403987886608,0.4780426599749059
ALL,rel_5_25,5,2022,1030,-7.969929,-19.122675,-1.133266036050689,0.4970873786407767
ALL,rel_5_25,5,2023,943,-24.902887,-35.847187,0.7011314789096119,0.4432661717921527
ALL,rel_5_25,5,2024,730,-19.653297,-30.081238,-0.3453363079682832,0.4506849315068493
ALL,rel_5_25,5,2025,1019,44.446728,34.12934,0.9733322972460932,0.5161923454367027
ALL,rel_5_25,5,2026Q1,287,40.91472,30.757336,1.2726154052930918,0.5087108013937283
ALL,rel_5_25,20,2020-23,3872,-58.91857,-70.18575,0.034113951730862395,0.4628099173553719
ALL,rel_5_25,20,2024-01..2025-06,1223,-72.74343,-83.17576,-0.6207286906982289,0.4178250204415372
ALL,rel_5_25,20,2025-07..2026-03,813,256.43604,246.24881,1.4446820318698883,0.5522755227552275
ALL,rel_5_25,20,full 2020-01..2026-03,5908,-18.38447,-29.330221,0.5621142659061824,0.46580907244414355
ALL,rel_5_25,20,2020,1102,-103.09996,-114.35355,0.3045949752946062,0.4519056261343013
ALL,rel_5_25,20,2021,797,-97.35487,-109.1708,-0.5691881136658802,0.45671267252195735
ALL,rel_5_25,20,2022,1030,3.173379,-7.979358,0.09016290063676899,0.4893203883495146
ALL,rel_5_25,20,2023,943,-42.622814,-53.56712,-0.11274179492125061,0.4517497348886532
ALL,rel_5_25,20,2024,730,-73.35342,-83.78136,-0.4153515498429329,0.4315068493150685
ALL,rel_5_25,20,2025,1019,137.71477,127.39739,1.142949786069164,0.47693817468105987
ALL,rel_5_25,20,2026Q1,287,114.055405,103.89801,1.1033382930564912,0.554006968641115
ALL,rel_5_25,60,2020-23,3872,151.97322,140.70601,0.25407622967916776,0.4759814049586777
ALL,rel_5_25,60,2024-01..2025-06,1223,-69.41091,-79.84322,-0.6085919156136378,0.45053147996729354
ALL,rel_5_25,60,2025-07..2026-03,813,184.99803,174.81078,0.5718932747840881,0.43911439114391143
ALL,rel_5_25,60,full 2020-01..2026-03,5908,110.6896,99.743835,0.2584800517907812,0.4656398104265403
ALL,rel_5_25,60,2020,1102,819.7196,808.46594,1.9314877424376449,0.5199637023593466
ALL,rel_5_25,60,2021,797,-332.06693,-343.88287,-1.6614816665493808,0.42534504391468003
ALL,rel_5_25,60,2022,1030,149.25537,138.1026,0.2892895141613279,0.5407766990291262
ALL,rel_5_25,60,2023,943,-216.29514,-227.23946,-1.1366275774616865,0.39660657476139977
ALL,rel_5_25,60,2024,730,-138.65508,-149.08301,-0.9440517549860726,0.44931506849315067
ALL,rel_5_25,60,2025,1019,268.91003,258.59268,1.6089987353591662,0.47203140333660454
ALL,rel_5_25,60,2026Q1,287,-373.82327,-383.98062,-3.209055590930484,0.34494773519163763
ALL,rel_gt25,1,2020-23,4789,-4.4357166,-15.967749,0.6958264770071667,0.4813113384840259
ALL,rel_gt25,1,2024-01..2025-06,1501,-0.48732534,-10.750299,-0.25841239078037326,0.4696868754163891
ALL,rel_gt25,1,2025-07..2026-03,1001,16.88009,6.976367,0.9852945506572723,0.5194805194805194
ALL,rel_gt25,1,full 2020-01..2026-03,7291,-0.6963585,-11.743574,0.8602647210492345,0.484158551639007
ALL,rel_gt25,1,2020,1423,-35.81073,-47.528652,0.0614622413044606,0.4532677442023893
ALL,rel_gt25,1,2021,1028,4.451304,-7.511651,0.0011923417649753216,0.49513618677042803
ALL,rel_gt25,1,2022,1241,20.716082,9.2661705,1.4902522153298443,0.5374697824335214
ALL,rel_gt25,1,2023,1097,-0.5182963,-11.498284,0.14375139758902086,0.4412032816773017
ALL,rel_gt25,1,2024,853,2.8598657,-7.477355,-0.08205479895219019,0.4630715123094959
ALL,rel_gt25,1,2025,1274,12.083438,2.0280788,0.5986261459115423,0.5039246467817896
ALL,rel_gt25,1,2026Q1,375,-4.448719,-14.289181,0.3323289307946132,0.5013333333333333
ALL,rel_gt25,5,2020-23,4789,-15.613236,-27.145266,0.011142102736580069,0.470244309876801
ALL,rel_gt25,5,2024-01..2025-06,1501,-23.007107,-33.27008,-1.2014675242986543,0.46502331778814127
ALL,rel_gt25,5,2025-07..2026-03,1001,61.048138,51.14441,1.2120208740234375,0.5524475524475524
ALL,rel_gt25,5,full 2020-01..2026-03,7291,-6.6103783,-17.657595,-0.12061509728460257,0.4804553559182554
ALL,rel_gt25,5,2020,1423,-40.301136,-52.01906,0.612367005206148,0.45818692902319047
ALL,rel_gt25,5,2021,1028,-6.8395243,-18.802475,-0.5226883049750869,0.47568093385214005
ALL,rel_gt25,5,2022,1241,7.8638105,-3.586099,-0.5824197501783309,0.49959709911361805
ALL,rel_gt25,5,2023,1097,-18.369392,-29.349377,0.3142498702157448,0.44758432087511396
ALL,rel_gt25,5,2024,853,-27.772392,-38.10962,-0.8901551821220524,0.447831184056272
ALL,rel_gt25,5,2025,1274,35.909874,25.854519,0.24275434636199167,0.5298273155416012
ALL,rel_gt25,5,2026Q1,375,12.043172,2.2027206,1.004424774437609,0.5173333333333333
ALL,rel_gt25,20,2020-23,4789,-55.65946,-67.19149,-0.12838950383469944,0.4545834203382752
ALL,rel_gt25,20,2024-01..2025-06,1501,-54.73829,-65.00126,-0.9485429376856269,0.4223850766155896
ALL,rel_gt25,20,2025-07..2026-03,1001,141.74513,131.8414,1.241570234298706,0.5124875124875125
ALL,rel_gt25,20,full 2020-01..2026-03,7291,-28.367638,-39.414856,-0.05499828654799192,0.4559045398436428
ALL,rel_gt25,20,2020,1423,-41.033657,-52.75158,0.8292630290141417,0.45256500351370343
ALL,rel_gt25,20,2021,1028,-170.91396,-182.8769,-1.7923047932915084,0.4075875486381323
ALL,rel_gt25,20,2022,1241,-31.709156,-43.159073,0.40166563911919434,0.48509266720386784
ALL,rel_gt25,20,2023,1097,6.279246,-4.700741,-0.2653303886891784,0.4667274384685506
ALL,rel_gt25,20,2024,853,-95.37012,-105.70734,-1.062112359928798,0.41735052754982416
ALL,rel_gt25,20,2025,1274,97.64033,87.58498,1.0330256991456932,0.4748822605965463
ALL,rel_gt25,20,2026Q1,375,44.484344,34.64388,1.8430272022102405,0.496
ALL,rel_gt25,60,2020-23,4789,125.39771,113.86568,0.03646724235702055,0.46961787429526
ALL,rel_gt25,60,2024-01..2025-06,1501,-36.736816,-46.999786,-0.2778977639307783,0.43037974683544306
ALL,rel_gt25,60,2025-07..2026-03,1001,-127.19833,-137.10207,-0.38387855887413025,0.3906093906093906
ALL,rel_gt25,60,full 2020-01..2026-03,7291,57.33947,46.292255,-0.14893866269336703,0.4506926347551776
ALL,rel_gt25,60,2020,1423,840.9123,829.1944,2.7230323070341433,0.55024595924104
ALL,rel_gt25,60,2021,1028,-536.0054,-547.9683,-5.584834197168859,0.3784046692607004
ALL,rel_gt25,60,2022,1241,106.79102,95.3411,0.5459134063253669,0.5092667203867849
ALL,rel_gt25,60,2023,1097,-161.89864,-172.87863,-1.495061776759596,0.4056517775752051
ALL,rel_gt25,60,2024,853,-44.600548,-54.937782,-0.5468729544548628,0.45838218053927315
ALL,rel_gt25,60,2025,1274,28.738804,18.683422,0.7638768106391285,0.41444270015698587
ALL,rel_gt25,60,2026Q1,375,-482.7639,-492.60425,-5.373751159186187,0.31466666666666665
ALL,opportunistic,1,2020-23,14878,-5.665192,-17.044847,0.7174186585915383,0.4775507460680199
ALL,opportunistic,1,2024-01..2025-06,4898,4.137943,-6.2932982,0.29769282158732924,0.4820334830543079
ALL,opportunistic,1,2025-07..2026-03,2924,19.398275,9.237473,2.4785242080688477,0.5082079343365253
ALL,opportunistic,1,full 2020-01..2026-03,22700,-0.321521,-11.339536,1.486644037684368,0.4824669603524229
ALL,opportunistic,1,2020,4032,-20.803305,-32.207855,0.7383402043537348,0.45634920634920634
ALL,opportunistic,1,2021,3105,1.7824771,-10.224501,0.07325743338953064,0.48985507246376814
ALL,opportunistic,1,2022,4034,3.970463,-7.347472,0.16851918845450425,0.5118988596926128
ALL,opportunistic,1,2023,3707,-5.923726,-16.818022,0.1783866896943454,0.45292689506339356
ALL,opportunistic,1,2024,2929,4.7335606,-5.730585,0.5520557738610727,0.47490611130078525
ALL,opportunistic,1,2025,3770,13.629846,3.3522465,1.266426064343117,0.5002652519893899
ALL,opportunistic,1,2026Q1,1123,10.453325,0.29626775,1.4907793499523851,0.5075690115761353
ALL,opportunistic,5,2020-23,14878,-22.405378,-33.785038,0.40536218872646,0.4740556526414841
ALL,opportunistic,5,2024-01..2025-06,4898,-2.8756883,-13.306931,-0.3009905806756399,0.47672519395671703
ALL,opportunistic,5,2025-07..2026-03,2924,70.825714,60.664906,2.6674243211746216,0.5341997264021888
ALL,opportunistic,5,full 2020-01..2026-03,22700,-6.1822906,-17.200306,0.9332933461635752,0.48237885462555063
ALL,opportunistic,5,2020,4032,-51.399105,-62.803658,0.6832664054613491,0.46056547619047616
ALL,opportunistic,5,2021,3105,-4.862949,-16.869926,0.125572660457457,0.48405797101449277
ALL,opportunistic,5,2022,4034,-0.57196933,-11.889907,-0.48400032993459174,0.5052057511155181
ALL,opportunistic,5,2023,3707,-29.322704,-40.217,-0.05202816337093346,0.4464526571351497
ALL,opportunistic,5,2024,2929,-12.149992,-22.614141,-0.2930568852239526,0.46432229429839533
ALL,opportunistic,5,2025,3770,49.148895,38.8713,1.5819025084817777,0.5209549071618037
ALL,opportunistic,5,2026Q1,1123,38.5621,28.405039,1.2936936667538816,0.5102404274265361
ALL,opportunistic,20,2020-23,14878,-57.10332,-68.48298,0.19061912167563874,0.45295066541201773
ALL,opportunistic,20,2024-01..2025-06,4898,-69.468285,-79.89952,-0.9166083548626195,0.4189465087790935
ALL,opportunistic,20,2025-07..2026-03,2924,206.995,196.83417,2.0959011912345886,0.5273597811217511
ALL,opportunistic,20,full 2020-01..2026-03,22700,-25.752665,-36.77068,0.5665802245534288,0.45519823788546254
ALL,opportunistic,20,2020,4032,-63.798767,-75.20332,0.6180106286444205,0.4439484126984127
ALL,opportunistic,20,2021,3105,-101.29242,-113.29941,-0.2912565645981831,0.42737520128824474
ALL,opportunistic,20,2022,4034,0.579155,-10.738777,0.4907111790212223,0.4962816063460585
ALL,opportunistic,20,2023,3707,-75.5786,-86.47289,-0.5989062313465117,0.43701106015646074
ALL,opportunistic,20,2024,2929,-66.63799,-77.10213,-0.5986001298667166,0.4182314783202458
ALL,opportunistic,20,2025,3770,108.150345,97.87274,1.3066973531592876,0.4742705570291777
ALL,opportunistic,20,2026Q1,1123,46.708393,36.55133,1.110936423481435,0.5173642030276047
ALL,opportunistic,60,2020-23,14878,118.68418,107.30453,0.5307114673704578,0.4649146390643904
ALL,opportunistic,60,2024-01..2025-06,4898,-86.52798,-96.95923,-1.055190985982805,0.4269089424254798
ALL,opportunistic,60,2025-07..2026-03,2924,57.40839,47.24757,0.6152597665786743,0.41963064295485636
ALL,opportunistic,60,full 2020-01..2026-03,22700,66.5124,55.494385,0.4494048813502988,0.45088105726872246
ALL,opportunistic,60,2020,4032,787.55225,776.14764,2.008264600819731,0.5208333333333334
ALL,opportunistic,60,2021,3105,-377.25076,-389.25775,-1.3350003322111532,0.39903381642512076
ALL,opportunistic,60,2022,4034,123.50712,112.18919,0.7659400275273931,0.5218145761031234
ALL,opportunistic,60,2023,3707,-198.67583,-209.5701,-1.5248376562540369,0.3973563528459671
ALL,opportunistic,60,2024,2929,-23.839718,-34.30387,-0.32652007450021525,0.45339706384431544
ALL,opportunistic,60,2025,3770,66.64929,56.371704,0.6322994250736003,0.42679045092838197
ALL,opportunistic,60,2026Q1,1123,-389.48636,-399.64343,-1.960198719144873,0.3392698130008905
ALL,routine,1,2020-23,343,-14.05024,-25.528204,-2.045200570746276,0.46938775510204084
ALL,routine,1,2024-01..2025-06,320,-0.5912166,-10.877728,0.25552987824866014,0.459375
ALL,routine,1,2025-07..2026-03,230,4.5196958,-5.539581,0.12628182023763657,0.4608695652173913
ALL,routine,1,full 2020-01..2026-03,893,-4.444447,-15.130069,-1.5370514150126804,0.46360582306830905
ALL,routine,1,2020,78,-19.506033,-31.87412,-1.2550447673997616,0.5512820512820513
ALL,routine,1,2021,90,-7.7250133,-19.175058,-1.4016452832311586,0.4
ALL,routine,1,2022,78,-4.1009374,-14.893818,-0.21740078153483633,0.5128205128205128
ALL,routine,1,2023,97,-23.532345,-34.871338,-1.1594654320495006,0.4329896907216495
ALL,routine,1,2024,229,14.757933,4.3507366,1.2206856247702438,0.4585152838427948
ALL,routine,1,2025,251,-23.642332,-33.568058,-2.3555779733373616,0.44621513944223107
ALL,routine,1,2026Q1,70,48.64285,38.204094,0.886425699505662,0.5142857142857142
ALL,routine,5,2020-23,343,-59.763515,-71.24148,-1.2695274453058571,0.4489795918367347
ALL,routine,5,2024-01..2025-06,320,46.68171,36.39519,0.8997602786109351,0.490625
ALL,routine,5,2025-07..2026-03,230,70.524475,60.465202,0.6463647186756134,0.5217391304347826
ALL,routine,5,full 2020-01..2026-03,893,11.937164,1.251548,-0.22903778677592124,0.4826427771556551
ALL,routine,5,2020,78,-91.22681,-103.59491,-0.4251559079739782,0.3717948717948718
ALL,routine,5,2021,90,-35.79869,-47.24874,-1.1404582335857325,0.45555555555555555
ALL,routine,5,2022,78,-62.299084,-73.09195,-0.7449500347901193,0.5384615384615384
ALL,routine,5,2023,97,-54.65961,-65.998604,-0.6975145260109203,0.4329896907216495
ALL,routine,5,2024,229,72.14773,61.74052,1.0152912221129247,0.4978165938864629
ALL,routine,5,2025,251,-59.459778,-69.3855,-1.0389034669873976,0.4541832669322709
ALL,routine,5,2026Q1,70,422.305,411.86624,2.058066950248435,0.7
ALL,routine,20,2020-23,343,-97.73069,-109.20866,-1.3185070889360833,0.4518950437317784
ALL,routine,20,2024-01..2025-06,320,259.82068,249.53415,1.2873204018342543,0.5875
ALL,routine,20,2025-07..2026-03,230,398.16342,388.10406,1.0184881389141083,0.5043478260869565
ALL,routine,20,full 2020-01..2026-03,893,158.11711,147.43149,0.5515946730189751,0.5139977603583427
ALL,routine,20,2020,78,-209.61685,-221.98494,-0.525688873764127,0.3717948717948718
ALL,routine,20,2021,90,-65.10068,-76.55071,-1.0293515522436942,0.45555555555555555
ALL,routine,20,2022,78,-73.004486,-83.79738,-0.5696413296848685,0.5256410256410257
ALL,routine,20,2023,97,-57.918564,-69.25756,-0.7515295647933437,0.4536082474226804
ALL,routine,20,2024,229,454.7949,444.38763,1.9663826917046454,0.6331877729257642
ALL,routine,20,2025,251,-199.28348,-209.20921,-1.370889569286554,0.41434262948207173
ALL,routine,20,2026Q1,70,1722.7476,1712.3083,2.0082881391460017,0.7857142857142857
ALL,routine,60,2020-23,343,-107.28397,-118.76194,-1.169022611945133,0.446064139941691
ALL,routine,60,2024-01..2025-06,320,1181.2064,1170.9199,2.3153223715489846,0.7125
ALL,routine,60,2025-07..2026-03,230,860.46533,850.406,1.081701546907425,0.4826086956521739
ALL,routine,60,full 2020-01..2026-03,893,603.68945,593.00385,1.189311874903618,0.5509518477043673
ALL,routine,60,2020,78,184.03001,171.66194,0.26817449987530817,0.47435897435897434
ALL,routine,60,2021,90,-122.4064,-133.85645,-1.5788756655522291,0.5
ALL,routine,60,2022,78,-145.63997,-156.43283,-0.4626439445660219,0.44871794871794873
ALL,routine,60,2023,97,-296.66238,-308.0014,-1.6391815801262386,0.3711340206185567
ALL,routine,60,2024,229,1864.9958,1854.5885,3.9647713128413558,0.7991266375545851
ALL,routine,60,2025,251,501.12915,491.20337,0.4950835779834554,0.4900398406374502
ALL,routine,60,2026Q1,70,328.93713,318.49838,0.35941937632870696,0.4714285714285714
ALL,noplan,1,2020-23,14455,-5.1619544,-16.61291,0.7849665831673709,0.4784503631961259
ALL,noplan,1,2024-01..2025-06,4858,3.5257351,-6.932542,0.18542403269424582,0.477768629065459
ALL,noplan,1,2025-07..2026-03,3033,20.108635,9.926086,2.6765182614326477,0.5077481041872733
ALL,noplan,1,full 2020-01..2026-03,22346,0.15669315,-10.906295,1.5179041996409959,0.48227870759867536
ALL,noplan,1,2020,3951,-20.666647,-32.117115,0.7470962552499709,0.4581118704125538
ALL,noplan,1,2021,3035,0.6659765,-11.403757,-0.2236128865240335,0.4886326194398682
ALL,noplan,1,2022,3891,7.285975,-4.1143174,0.6374192691332082,0.5158057054741712
ALL,noplan,1,2023,3578,-6.5212693,-17.502981,0.2517303463991058,0.45164896590273895
ALL,noplan,1,2024,2924,3.8149452,-6.685048,0.3608910637215733,0.4685362517099863
ALL,noplan,1,2025,3827,12.869739,2.587489,1.264257337939726,0.4988241442383068
ALL,noplan,1,2026Q1,1140,15.535197,5.3265724,1.673784261842042,0.5105263157894737
ALL,noplan,5,2020-23,14455,-26.886877,-38.33783,0.006688828685594073,0.4729851262538914
ALL,noplan,5,2024-01..2025-06,4858,-4.186842,-14.645118,-0.41398622884978614,0.4755043227665706
ALL,noplan,5,2025-07..2026-03,3033,75.21343,65.030876,2.5621781945228577,0.5347840422024398
ALL,noplan,5,full 2020-01..2026-03,22346,-8.093939,-19.156925,0.6044352473968391,0.4819207016915779
ALL,noplan,5,2020,3951,-58.177742,-69.62822,0.42714345120804725,0.4581118704125538
ALL,noplan,5,2021,3035,-9.888494,-21.958227,-0.15227806594717277,0.48204283360790773
ALL,noplan,5,2022,3891,1.3258836,-10.074408,-0.4505825138793645,0.5088666152659984
ALL,noplan,5,2023,3578,-37.433483,-48.415184,-0.21663095954176317,0.4427054220234768
ALL,noplan,5,2024,2924,-16.761215,-27.26121,-0.5221081574992998,0.45930232558139533
ALL,noplan,5,2025,3827,47.808926,37.52668,1.574500221060939,0.5212960543506663
ALL,noplan,5,2026Q1,1140,64.76114,54.552513,1.5107719577330654,0.5210526315789473
ALL,noplan,20,2020-23,14455,-73.03332,-84.48427,-0.3217049640132835,0.44974057419578
ALL,noplan,20,2024-01..2025-06,4858,-70.15963,-80.6179,-1.0688033222337625,0.42260189378345
ALL,noplan,20,2025-07..2026-03,3033,233.20653,223.02399,2.483895421028137,0.5288493241015496
ALL,noplan,20,full 2020-01..2026-03,22346,-30.842953,-41.905945,0.24200302982937494,0.45457800053700886
ALL,noplan,20,2020,3951,-87.568794,-99.01927,0.3536761021473072,0.4419134396355353
ALL,noplan,20,2021,3035,-115.9802,-128.04994,-0.48880509078464335,0.42504118616144976
ALL,noplan,20,2022,3891,1.2361443,-10.164146,0.4580089074369764,0.49498843484965305
ALL,noplan,20,2023,3578,-101.319786,-112.30149,-1.2253650027375935,0.4301285634432644
ALL,noplan,20,2024,2924,-76.366325,-86.86632,-0.8902716348941295,0.42031463748290016
ALL,noplan,20,2025,3827,107.34479,97.06254,1.3584143596012392,0.47478442644368957
ALL,noplan,20,2026Q1,1140,156.9882,146.77957,1.376315256730274,0.5359649122807018
ALL,noplan,60,2020-23,14455,95.95794,84.50698,0.16280378860684644,0.46267727429955036
ALL,noplan,60,2024-01..2025-06,4858,-40.467014,-50.925285,-0.5237262542474205,0.43557019349526555
ALL,noplan,60,2025-07..2026-03,3033,162.24059,152.05804,1.0550664961338043,0.4358720738542697
ALL,noplan,60,full 2020-01..2026-03,22346,75.29575,64.232765,0.36153456078270246,0.453145976908619
ALL,noplan,60,2020,3951,751.99915,740.5486,1.8488783345774804,0.5191090863072639
ALL,noplan,60,2021,3035,-426.21634,-438.2861,-1.595668816010707,0.39341021416803956
ALL,noplan,60,2022,3891,141.13899,129.73871,1.0143807637822964,0.5255718324338217
ALL,noplan,60,2023,3578,-234.67911,-245.66083,-1.9646253698196297,0.3907210732252655
ALL,noplan,60,2024,2924,-10.143687,-20.64369,-0.27794953833678787,0.454172366621067
ALL,noplan,60,2025,3827,176.77722,166.49496,1.194144200372592,0.4447347792004181
ALL,noplan,60,2026Q1,1140,-308.22742,-318.43604,-0.4391514044692295,0.35789473684210527
ALL,mom_down20,1,2020-23,2562,-39.585854,-52.245647,1.438759235940559,0.4676034348165496
ALL,mom_down20,1,2024-01..2025-06,617,40.525013,29.726906,0.21447272070094708,0.5218800648298217
ALL,mom_down20,1,2025-07..2026-03,376,0.6066564,-9.476693,-0.4623069763183594,0.5026595744680851
ALL,mom_down20,1,full 2020-01..2026-03,3555,-21.43092,-33.495102,1.1931134952633495,0.4807313642756681
ALL,mom_down20,1,2020,1223,-82.26527,-94.04684,1.2907025442668316,0.4538021259198692
ALL,mom_down20,1,2021,303,-10.678605,-27.091938,-0.20154469907188283,0.46534653465346537
ALL,mom_down20,1,2022,604,1.8179998,-10.899942,-0.44246994713947335,0.5
ALL,mom_down20,1,2023,432,3.076415,-9.355683,1.90610207050755,0.46296296296296297
ALL,mom_down20,1,2024,317,58.726967,47.511894,0.24991601117776055,0.5331230283911672
ALL,mom_down20,1,2025,513,9.242971,-0.9782784,-0.6910555783106979,0.5029239766081871
ALL,mom_down20,1,2026Q1,163,11.496566,1.3426235,0.8104797027456302,0.5153374233128835
ALL,mom_down20,5,2020-23,2562,-68.53392,-81.19372,0.31501365276984056,0.45550351288056207
ALL,mom_down20,5,2024-01..2025-06,617,74.615395,63.817287,-0.19655061104030355,0.5283630470016207
ALL,mom_down20,5,2025-07..2026-03,376,97.70042,87.617065,1.7827552556991577,0.5053191489361702
ALL,mom_down20,5,full 2020-01..2026-03,3555,-26.107132,-38.171314,0.622806240002517,0.47341772151898737
ALL,mom_down20,5,2020,1223,-104.755714,-116.537285,0.981845944677048,0.4627964022894522
ALL,mom_down20,5,2021,303,-71.11199,-87.525345,-0.6581371257825428,0.43234323432343236
ALL,mom_down20,5,2022,604,-39.09388,-51.811817,-1.3456236537532758,0.4470198675496689
ALL,mom_down20,5,2023,432,-5.342646,-17.774746,1.558566735702715,0.46296296296296297
ALL,mom_down20,5,2024,317,47.2459,36.030827,-0.4683171973886793,0.5047318611987381
ALL,mom_down20,5,2025,513,100.810326,90.589066,0.8999596176818024,0.5419103313840156
ALL,mom_down20,5,2026Q1,163,98.65284,88.49891,1.4075683726747616,0.4785276073619632
ALL,mom_down20,20,2020-23,2562,-140.64856,-153.30836,0.17250739908811263,0.419984387197502
ALL,mom_down20,20,2024-01..2025-06,617,-40.759727,-51.557858,0.19259196302556175,0.41491085899513774
ALL,mom_down20,20,2025-07..2026-03,376,178.93282,168.84946,0.11393534392118454,0.526595744680851
ALL,mom_down20,20,full 2020-01..2026-03,3555,-89.511,-101.57519,0.23687792707023003,0.43037974683544306
ALL,mom_down20,20,2020,1223,-161.60788,-173.38945,1.1309408004252506,0.43008994276369583
ALL,mom_down20,20,2021,303,-490.8369,-507.2502,-1.7458562424033182,0.33003300330033003
ALL,mom_down20,20,2022,604,12.831254,0.11332185,0.49825180572803934,0.4470198675496689
ALL,mom_down20,20,2023,432,-50.281677,-62.71377,-0.5350048890537555,0.4166666666666667
ALL,mom_down20,20,2024,317,-36.07053,-47.285606,-0.45798402701315494,0.4195583596214511
ALL,mom_down20,20,2025,513,74.9251,64.70385,0.42032479555471314,0.4600389863547758
ALL,mom_down20,20,2026Q1,163,92.8083,82.654366,1.7741259787312396,0.5214723926380368
ALL,mom_down20,60,2020-23,2562,521.1129,508.4532,-0.6976240101995621,0.4953161592505855
ALL,mom_down20,60,2024-01..2025-06,617,83.224724,72.42664,-0.5362050826178139,0.4473257698541329
ALL,mom_down20,60,2025-07..2026-03,376,15.191303,5.1079407,-0.07181745953857899,0.425531914893617
ALL,mom_down20,60,full 2020-01..2026-03,3555,391.60422,379.54004,-0.7980068159214608,0.47960618846694797
ALL,mom_down20,60,2020,1223,1549.8298,1538.0482,1.3710857220054782,0.6009811937857726
ALL,mom_down20,60,2021,303,-1701.5344,-1717.9479,-3.9981626998986646,0.20132013201320131
ALL,mom_down20,60,2022,604,96.088264,83.37033,-0.20178739934719928,0.4867549668874172
ALL,mom_down20,60,2023,432,-238.01558,-250.44771,-1.5133751107897375,0.41435185185185186
ALL,mom_down20,60,2024,317,-59.838127,-71.053215,-1.335448799269578,0.4353312302839117
ALL,mom_down20,60,2025,513,134.97058,124.74937,0.4257966046969489,0.45419103313840153
ALL,mom_down20,60,2026Q1,163,41.658714,31.504835,0.9816187172379152,0.3987730061349693
ALL,mom_down,1,2020-23,6747,-3.9825768,-14.881327,0.11953757039230492,0.47739736179042536
ALL,mom_down,1,2024-01..2025-06,2372,-0.44819927,-10.693802,0.32380740931974006,0.4671163575042159
ALL,mom_down,1,2025-07..2026-03,1425,10.379156,0.41904598,2.18556010723114,0.49894736842105264
ALL,mom_down,1,full 2020-01..2026-03,10544,-1.2465173,-11.871479,0.787305459149645,0.4779969650986343
ALL,mom_down,1,2020,1322,-13.687055,-24.576727,-0.243544403056596,0.43872919818456885
ALL,mom_down,1,2021,1427,0.62811434,-10.801099,0.31171232508163915,0.4905395935529082
ALL,mom_down,1,2022,2054,1.561774,-9.341035,0.11223283023477852,0.5136319376825705
ALL,mom_down,1,2023,1944,-6.6257014,-17.13695,0.4681767933372387,0.455761316872428
ALL,mom_down,1,2024,1383,1.7568742,-8.475039,0.4417265799538867,0.45408532176428057
ALL,mom_down,1,2025,1880,6.042705,-4.0479865,1.1759228516437987,0.5
ALL,mom_down,1,2026Q1,534,-0.11774485,-10.182332,0.9736090790563228,0.4700374531835206
ALL,mom_down,5,2020-23,6747,-52.17506,-63.07381,-0.9072690938951081,0.4625759596857863
ALL,mom_down,5,2024-01..2025-06,2372,-8.746453,-18.992056,0.14448316883828646,0.46500843170320405
ALL,mom_down,5,2025-07..2026-03,1425,50.71118,40.751076,1.4595548808574677,0.5522807017543859
ALL,mom_down,5,full 2020-01..2026-03,10544,-28.500406,-39.125362,-0.4066699143844387,0.47524658573596357
ALL,mom_down,5,2020,1322,-145.63324,-156.52292,-0.5314995883474412,0.4236006051437216
ALL,mom_down,5,2021,1427,-27.539,-38.96821,-0.8116206405209946,0.47372109320252276
ALL,mom_down,5,2022,2054,-4.675034,-15.577842,-0.0024023066257915014,0.5126582278481012
ALL,mom_down,5,2023,1944,-56.891617,-67.40287,-0.5085305179144939,0.4279835390946502
ALL,mom_down,5,2024,1383,-6.0236683,-16.255579,0.22369909048208708,0.45480838756326825
ALL,mom_down,5,2025,1880,29.42155,19.33086,0.6509450314857723,0.526595744680851
ALL,mom_down,5,2026Q1,534,8.492634,-1.5719576,1.1709694792995935,0.5074906367041199
ALL,mom_down,20,2020-23,6747,-123.13354,-134.03229,-1.245831887144978,0.4422706388024307
ALL,mom_down,20,2024-01..2025-06,2372,-84.230194,-94.475784,-0.6869773409706232,0.4266441821247892
ALL,mom_down,20,2025-07..2026-03,1425,118.72575,108.76564,0.6940438896417618,0.5501754385964912
ALL,mom_down,20,full 2020-01..2026-03,10544,-81.69498,-92.31993,-1.2122232867610288,0.4533383915022762
ALL,mom_down,20,2020,1322,-359.76364,-370.65332,-0.4673041718337082,0.37367624810892586
ALL,mom_down,20,2021,1427,-91.433525,-102.86273,-1.3619875394721288,0.44849334267694463
ALL,mom_down,20,2022,2054,-15.275852,-26.178667,0.16031841751501785,0.49269717624148
ALL,mom_down,20,2023,1944,-99.44559,-109.95683,-1.3047903357782507,0.43106995884773663
ALL,mom_down,20,2024,1383,-13.185495,-23.417408,-0.002778629286845829,0.44468546637744033
ALL,mom_down,20,2025,1880,-30.974436,-41.065125,-0.5062252588949039,0.4664893617021277
ALL,mom_down,20,2026Q1,534,85.87581,75.81121,0.8364490322527982,0.5692883895131086
ALL,mom_down,60,2020-23,6747,-96.65547,-107.55421,-0.9620242994766515,0.45042240995998223
ALL,mom_down,60,2024-01..2025-06,2372,-159.55975,-169.80536,-0.9388816156014747,0.4245362563237774
ALL,mom_down,60,2025-07..2026-03,1425,-3.204165,-13.164256,0.06788102723658085,0.40982456140350876
ALL,mom_down,60,full 2020-01..2026-03,10544,-98.176796,-108.80175,-1.0720204854291113,0.4391122913505311
ALL,mom_down,60,2020,1322,-138.5464,-149.43607,0.15438701739042873,0.4016641452344932
ALL,mom_down,60,2021,1427,-226.83652,-238.26573,-2.572958545980235,0.4470918009810792
ALL,mom_down,60,2022,2054,35.475708,24.572899,0.6359139002537371,0.5097370983446933
ALL,mom_down,60,2023,1944,-112.215775,-122.727036,-1.646871902329077,0.42335390946502055
ALL,mom_down,60,2024,1383,60.116188,49.88428,1.0947708584852418,0.47360809833694867
ALL,mom_down,60,2025,1880,-161.59926,-171.68996,-0.8247655568840261,0.4026595744680851
ALL,mom_down,60,2026Q1,534,-304.0745,-314.139,-0.46782691882964156,0.3352059925093633
ALL,mom_up,1,2020-23,5866,7.0011773,-4.328094,0.22690422590931072,0.4822707125809751
ALL,mom_up,1,2024-01..2025-06,2220,-2.1715953,-12.680566,-0.11953414166473231,0.48333333333333334
ALL,mom_up,1,2025-07..2026-03,1337,30.817026,20.444983,2.26728218793869,0.5108451757666418
ALL,mom_up,1,full 2020-01..2026-03,9423,8.219286,-2.7809098,0.9137750537239518,0.48657540061551524
ALL,mom_up,1,2020,1551,20.642927,9.091632,0.1465101049137137,0.4771115409413282
ALL,mom_up,1,2021,1444,7.7615814,-3.7191846,1.0150082460063081,0.49238227146814406
ALL,mom_up,1,2022,1446,7.9998245,-3.2873602,0.7793928520399993,0.5152143845089903
ALL,mom_up,1,2023,1425,-9.630696,-20.607502,-1.1466006011214385,0.4442105263157895
ALL,mom_up,1,2024,1454,-2.8400176,-13.353387,-0.10148127385265907,0.4786795048143054
ALL,mom_up,1,2025,1610,17.880848,7.4171615,1.3245693435718495,0.49130434782608695
ALL,mom_up,1,2026Q1,493,23.778183,13.505622,1.7188262944972716,0.5456389452332657
ALL,mom_up,5,2020-23,5866,28.478653,17.149382,0.5347305849620808,0.49266962154790317
ALL,mom_up,5,2024-01..2025-06,2220,-11.706581,-22.215551,-0.6683083944227227,0.4756756756756757
ALL,mom_up,5,2025-07..2026-03,1337,84.82033,74.448265,2.1001816391944885,0.5190725504861631
ALL,mom_up,5,full 2020-01..2026-03,9423,27.005405,16.005209,0.8659260498513467,0.49241218295659556
ALL,mom_up,5,2020,1551,63.970898,52.419598,0.062289237943664984,0.48484848484848486
ALL,mom_up,5,2021,1444,33.625015,22.14425,0.9914364705348976,0.5034626038781164
ALL,mom_up,5,2022,1446,15.187204,3.9000185,0.49858572992243977,0.5179806362378977
ALL,mom_up,5,2023,1425,-1.8795139,-12.856314,-0.06642517609371323,0.46456140350877195
ALL,mom_up,5,2024,1454,-18.60894,-29.122305,-0.6187001054514395,0.468363136176066
ALL,mom_up,5,2025,1610,39.800114,29.336426,0.973443175151422,0.4956521739130435
ALL,mom_up,5,2026Q1,493,102.221855,91.949295,1.5386754046679638,0.5496957403651116
ALL,mom_up,20,2020-23,5866,52.988674,41.6594,0.5955861917213076,0.478690760313672
ALL,mom_up,20,2024-01..2025-06,2220,-16.809376,-27.318348,-0.13003830852287132,0.436036036036036
ALL,mom_up,20,2025-07..2026-03,1337,331.8485,321.4765,2.3739370107650757,0.4973821989528796
ALL,mom_up,20,full 2020-01..2026-03,9423,76.111244,65.111046,1.3573473920485641,0.471293643213414
ALL,mom_up,20,2020,1551,251.06754,239.51622,0.7066918922997513,0.5099935525467441
ALL,mom_up,20,2021,1444,-11.751506,-23.232273,0.23497505857729392,0.43005540166204986
ALL,mom_up,20,2022,1446,7.7719607,-3.5152297,0.6995444485561044,0.520746887966805
ALL,mom_up,20,2023,1425,-51.118065,-62.094856,-0.643579909843256,0.4512280701754386
ALL,mom_up,20,2024,1454,-41.037415,-51.550785,-0.20507771925452947,0.42778541953232463
ALL,mom_up,20,2025,1610,233.3464,222.88272,1.8451933476568039,0.4763975155279503
ALL,mom_up,20,2026Q1,493,183.25636,172.98378,0.90923454413873,0.4949290060851927
ALL,mom_up,60,2020-23,5866,177.21085,165.88159,1.344744270142856,0.4672690078418002
ALL,mom_up,60,2024-01..2025-06,2220,125.98781,115.47882,0.9861481260946839,0.4648648648648649
ALL,mom_up,60,2025-07..2026-03,1337,263.41177,253.03969,1.2072865962982178,0.4412864622288706
ALL,mom_up,60,full 2020-01..2026-03,9423,177.37381,166.37363,1.9471441620803884,0.46301602462060915
ALL,mom_up,60,2020,1551,914.24585,902.6945,2.5950253139061306,0.5544809800128949
ALL,mom_up,60,2021,1444,-196.76595,-208.2467,-0.4053896242975411,0.40166204986149584
ALL,mom_up,60,2022,1446,252.36996,241.08273,2.765513411086406,0.5511756569847857
ALL,mom_up,60,2023,1425,-322.297,-333.27383,-2.012706324282363,0.35368421052631577
ALL,mom_up,60,2024,1454,205.25508,194.74171,1.2527362563745685,0.4938101788170564
ALL,mom_up,60,2025,1610,377.48672,367.02304,1.8896101693300305,0.4577639751552795
ALL,mom_up,60,2026Q1,493,-556.43024,-566.70276,-1.4008563363479902,0.33874239350912777
ALL,cluster_opp,1,2020-23,7048,-9.79538,-21.175835,0.767897167090029,0.47375141884222477
ALL,cluster_opp,1,2024-01..2025-06,2208,3.6149733,-7.0136037,0.3244027862385171,0.48641304347826086
ALL,cluster_opp,1,2025-07..2026-03,1227,29.185728,18.963993,2.4032732248306274,0.4963325183374083
ALL,cluster_opp,1,full 2020-01..2026-03,10483,-2.4081933,-13.49466,1.7074259242829577,0.47906133740341506
ALL,cluster_opp,1,2020,1973,-32.68041,-44.24236,0.7530286361381546,0.45514445007602633
ALL,cluster_opp,1,2021,1335,10.038702,-1.4250745,0.7231141592620526,0.501123595505618
ALL,cluster_opp,1,2022,1881,-4.0043902,-15.258315,-0.8100804803434826,0.4965443912812334
ALL,cluster_opp,1,2023,1859,-5.609895,-16.86592,0.742178448490855,0.4507799892415277
ALL,cluster_opp,1,2024,1296,-1.325658,-12.037874,0.20920393364972842,0.47530864197530864
ALL,cluster_opp,1,2025,1675,23.853905,13.450816,1.8683015832819143,0.5038805970149254
ALL,cluster_opp,1,2026Q1,464,11.97308,1.83998,2.5139952451481262,0.48060344827586204
ALL,cluster_opp,5,2020-23,7048,-12.797686,-24.178144,0.8572799348111971,0.4788592508513053
ALL,cluster_opp,5,2024-01..2025-06,2208,7.233735,-3.3948407,0.4250233505098795,0.48867753623188404
ALL,cluster_opp,5,2025-07..2026-03,1227,100.768814,90.54707,3.566364884376526,0.534637326813366
ALL,cluster_opp,5,full 2020-01..2026-03,10483,4.7140427,-6.3724217,1.8858448888424366,0.4874558809501097
ALL,cluster_opp,5,2020,1973,-27.192297,-38.75425,1.204018528243243,0.4728839330968069
ALL,cluster_opp,5,2021,1335,19.379148,7.915368,0.6798219637170377,0.4951310861423221
ALL,cluster_opp,5,2022,1881,-18.458736,-29.712664,-1.00094234100879,0.49760765550239233
ALL,cluster_opp,5,2023,1859,-14.899392,-26.155413,-0.027814526519783563,0.45454545454545453
ALL,cluster_opp,5,2024,1296,8.324834,-2.3873858,0.5572119061736818,0.4853395061728395
ALL,cluster_opp,5,2025,1675,73.76276,63.359657,2.1620320208092574,0.5265671641791044
ALL,cluster_opp,5,2026Q1,464,11.365999,1.2329041,0.9844343346606643,0.4827586206896552
ALL,cluster_opp,20,2020-23,7048,-27.318468,-38.698925,0.7825185456160586,0.46055618615209987
ALL,cluster_opp,20,2024-01..2025-06,2208,-94.7378,-105.36638,-0.7253435750232415,0.411231884057971
ALL,cluster_opp,20,2025-07..2026-03,1227,254.33188,244.11015,1.6714316010475159,0.5207823960880196
ALL,cluster_opp,20,full 2020-01..2026-03,10483,-8.552555,-19.639017,1.223249134330039,0.4572164456739483
ALL,cluster_opp,20,2020,1973,-48.195087,-59.75705,0.8121360575995366,0.4576786619361379
ALL,cluster_opp,20,2021,1335,-28.936892,-40.400677,0.4239228558494242,0.42921348314606744
ALL,cluster_opp,20,2022,1881,11.705863,0.4519382,0.4827665293325577,0.49282296650717705
ALL,cluster_opp,20,2023,1859,-43.48555,-54.741573,-0.2817224326470244,0.45346960731576114
ALL,cluster_opp,20,2024,1296,-83.09441,-93.806625,-0.3721829047012721,0.4027777777777778
ALL,cluster_opp,20,2025,1675,137.47432,127.07124,1.402240348637411,0.4746268656716418
ALL,cluster_opp,20,2026Q1,464,-42.446068,-52.579147,-1.5337822202369866,0.4956896551724138
ALL,cluster_opp,60,2020-23,7048,229.05777,217.67728,0.7398668919366048,0.4702043132803632
ALL,cluster_opp,60,2024-01..2025-06,2208,-70.20411,-80.83268,-0.358352546866088,0.4316123188405797
ALL,cluster_opp,60,2025-07..2026-03,1227,-7.2084255,-17.430182,0.40673643350601196,0.3830480847595762
ALL,cluster_opp,60,full 2020-01..2026-03,10483,138.37103,127.28458,0.7223651655905811,0.4518744634169608
ALL,cluster_opp,60,2020,1973,1097.4589,1085.8969,2.1373611706822317,0.5529650278763305
ALL,cluster_opp,60,2021,1335,-393.66208,-405.1258,-0.9868879986978616,0.3790262172284644
ALL,cluster_opp,60,2022,1881,237.14116,225.88722,1.6996746656894113,0.5332270069112174
ALL,cluster_opp,60,2023,1859,-253.58293,-264.83896,-1.6149883102506573,0.3840774610005379
ALL,cluster_opp,60,2024,1296,120.42433,109.71211,0.6636263047642306,0.4837962962962963
ALL,cluster_opp,60,2025,1675,26.579103,16.176012,0.5264662063415696,0.4017910447761194
ALL,cluster_opp,60,2026Q1,464,-785.44244,-795.5756,-2.745207681623359,0.2650862068965517
ALL,officer_opp,1,2020-23,5421,-14.483189,-26.013048,-0.3686660671179367,0.47666482198856297
ALL,officer_opp,1,2024-01..2025-06,1668,17.11031,6.5700436,1.3361286018991436,0.4904076738609113
ALL,officer_opp,1,2025-07..2026-03,1109,17.654888,7.5694804,3.5411964654922485,0.4995491433724076
ALL,officer_opp,1,full 2020-01..2026-03,8198,-3.7075016,-14.840612,0.8375415899924228,0.4825567211515004
ALL,officer_opp,1,2020,1551,-50.3381,-61.88445,0.10335300955385798,0.4571244358478401
ALL,officer_opp,1,2021,1010,-6.0797334,-18.421804,-1.1776424915591264,0.4861386138613861
ALL,officer_opp,1,2022,1456,6.806861,-4.739535,0.1207014915882222,0.5123626373626373
ALL,officer_opp,1,2023,1404,-2.9980257,-13.908234,0.27956733369568465,0.4544159544159544
ALL,officer_opp,1,2024,977,20.040485,9.511988,1.231847230668404,0.4841351074718526
ALL,officer_opp,1,2025,1394,17.82495,7.517642,2.498417415640794,0.4971305595408895
ALL,officer_opp,1,2026Q1,406,9.092939,-1.0330591,1.0504301234193032,0.5073891625615764
ALL,officer_opp,5,2020-23,5421,-39.072327,-50.60219,0.1332872178449097,0.47389780483305666
ALL,officer_opp,5,2024-01..2025-06,1668,-0.48075718,-11.021024,-0.747481734039195,0.47601918465227816
ALL,officer_opp,5,2025-07..2026-03,1109,62.65211,52.56671,1.9285404682159424,0.5383228133453561
ALL,officer_opp,5,full 2020-01..2026-03,8198,-17.459354,-28.592464,0.18863661775977622,0.4830446450353745
ALL,officer_opp,5,2020,1551,-100.00889,-111.555244,0.8305241877585521,0.46486137975499675
ALL,officer_opp,5,2021,1010,-3.8588748,-16.200945,-0.32041254988168666,0.4782178217821782
ALL,officer_opp,5,2022,1456,-0.35038608,-11.89678,-0.8819224460322517,0.4945054945054945
ALL,officer_opp,5,2023,1404,-37.24336,-48.153564,-0.210998447122635,0.4594017094017094
ALL,officer_opp,5,2024,977,-11.664367,-22.192865,-0.6584502990840464,0.4616171954964176
ALL,officer_opp,5,2025,1394,43.74023,33.432926,0.5411986692494742,0.5215208034433285
ALL,officer_opp,5,2026Q1,406,47.04801,36.922016,1.571960972495327,0.5246305418719212
ALL,officer_opp,20,2020-23,5421,-67.813324,-79.343185,0.16825839567182388,0.4548976203652463
ALL,officer_opp,20,2024-01..2025-06,1668,-67.74652,-78.28678,-0.9491949915789389,0.4304556354916067
ALL,officer_opp,20,2025-07..2026-03,1109,147.32025,137.23483,1.2339042127132416,0.5338142470694319
ALL,officer_opp,20,full 2020-01..2026-03,8198,-38.697132,-49.830242,0.07068256761969283,0.4606001463771652
ALL,officer_opp,20,2020,1551,-141.44812,-152.99445,0.5660648461892391,0.4571244358478401
ALL,officer_opp,20,2021,1010,-42.592533,-54.9346,-0.21105833822582762,0.4524752475247525
ALL,officer_opp,20,2022,1456,-36.699566,-48.245964,0.2539972524002324,0.4690934065934066
ALL,officer_opp,20,2023,1404,-36.87821,-47.78841,-0.6232444993766874,0.43945868945868943
ALL,officer_opp,20,2024,977,-52.26903,-62.79752,-0.8010992151544394,0.4165813715455476
ALL,officer_opp,20,2025,1394,54.14722,43.83991,0.6957005263139627,0.4935437589670014
ALL,officer_opp,20,2026Q1,406,63.947266,53.821266,0.2106555928176099,0.5295566502463054
ALL,officer_opp,60,2020-23,5421,186.06647,174.5366,0.7145952982983053,0.4834901309721454
ALL,officer_opp,60,2024-01..2025-06,1668,-138.16406,-148.70433,-1.945443062010228,0.4196642685851319
ALL,officer_opp,60,2025-07..2026-03,1109,-174.20583,-184.29123,-1.3450023829936981,0.38773669972948605
ALL,officer_opp,60,full 2020-01..2026-03,8198,71.36063,60.227505,-0.1482000089801874,0.45755062210295194
ALL,officer_opp,60,2020,1551,881.9165,870.3702,2.6016748910776655,0.5751128304319794
ALL,officer_opp,60,2021,1010,-249.24658,-261.58868,-1.698905850269501,0.4079207920792079
ALL,officer_opp,60,2022,1456,91.691826,80.14544,0.20320052482963943,0.5226648351648352
ALL,officer_opp,60,2023,1404,-171.61708,-182.5273,-1.2570129018384846,0.396011396011396
ALL,officer_opp,60,2024,977,-117.9076,-128.43611,-1.519686789093357,0.43807574206755373
ALL,officer_opp,60,2025,1394,-78.45168,-88.759,-0.9524058992850601,0.4103299856527977
ALL,officer_opp,60,2026Q1,406,-490.38065,-500.50662,-10.561419047654883,0.32019704433497537
ALL,cluster_down,1,2020-23,4571,-17.829687,-29.152998,0.5254806421672479,0.476044629183986
ALL,cluster_down,1,2024-01..2025-06,1379,9.145773,-1.4099965,0.6484533723374528,0.4749818709209572
ALL,cluster_down,1,2025-07..2026-03,761,13.294606,3.26992,3.1980206966400146,0.49934296977660975
ALL,cluster_down,1,full 2020-01..2026-03,6711,-8.757306,-19.775642,1.0878042623865296,0.4784681865593801
ALL,cluster_down,1,2020,1376,-49.06507,-60.422604,0.34591271305666965,0.45276162790697677
ALL,cluster_down,1,2021,744,16.58535,4.817816,1.1426334640003302,0.5174731182795699
ALL,cluster_down,1,2022,1204,-12.503252,-23.735203,-1.200268294733956,0.4983388704318937
ALL,cluster_down,1,2023,1247,-9.038924,-20.147654,0.8127064490585139,0.45549318364073776
ALL,cluster_down,1,2024,769,11.137533,0.42430794,0.8223204616234977,0.4577373211963589
ALL,cluster_down,1,2025,1072,10.304592,0.1275884,0.5309086008529768,0.5046641791044776
ALL,cluster_down,1,2026Q1,299,10.427866,0.27076456,4.04568781949893,0.47491638795986624
ALL,cluster_down,5,2020-23,4571,-38.627296,-49.950607,0.6682202530605751,0.46663749726536863
ALL,cluster_down,5,2024-01..2025-06,1379,2.7130253,-7.842742,0.2139368340588432,0.4757070340826686
ALL,cluster_down,5,2025-07..2026-03,761,79.30009,69.275406,2.2403944730758667,0.5348226018396847
ALL,cluster_down,5,full 2020-01..2026-03,6711,-16.760057,-27.77839,1.2512553549658265,0.47623305021606316
ALL,cluster_down,5,2020,1376,-63.053566,-74.41109,1.4564249562834308,0.45276162790697677
ALL,cluster_down,5,2021,744,9.792652,-1.9748845,0.58520506716792,0.5013440860215054
ALL,cluster_down,5,2022,1204,-44.702682,-55.93464,-1.0285895505498097,0.48421926910299
ALL,cluster_down,5,2023,1247,-34.697166,-45.805893,-0.3694381087338819,0.4442662389735365
ALL,cluster_down,5,2024,769,17.484198,6.7709737,0.6056394315192722,0.4798439531859558
ALL,cluster_down,5,2025,1072,34.91455,24.73755,0.4618529845365278,0.5093283582089553
ALL,cluster_down,5,2026Q1,299,44.19694,34.039837,1.4022275470915444,0.49498327759197325
ALL,cluster_down,20,2020-23,4571,-97.59103,-108.91434,0.24474893560820107,0.44147888864581053
ALL,cluster_down,20,2024-01..2025-06,1379,-105.084984,-115.64076,-0.6533915710635045,0.4176939811457578
ALL,cluster_down,20,2025-07..2026-03,761,130.38672,120.36204,0.9246388077735901,0.5479632063074902
ALL,cluster_down,20,full 2020-01..2026-03,6711,-73.27917,-84.29751,0.21204959018375893,0.4486663686484876
ALL,cluster_down,20,2020,1376,-196.46097,-207.81851,1.1411220556818817,0.42950581395348836
ALL,cluster_down,20,2021,744,-109.80378,-121.57133,-1.466223300785067,0.4314516129032258
ALL,cluster_down,20,2022,1204,-21.366518,-32.598473,0.09022228845338016,0.4676079734219269
ALL,cluster_down,20,2023,1247,-54.802742,-65.91147,-0.8045947598439442,0.43544506816359263
ALL,cluster_down,20,2024,769,-24.49594,-35.20917,0.07172589360782404,0.43693107932379716
ALL,cluster_down,20,2025,1072,-57.475086,-67.6521,-0.48566984766832066,0.45149253731343286
ALL,cluster_down,20,2026Q1,299,116.26342,106.10632,0.8718815948270612,0.5785953177257525
ALL,cluster_down,60,2020-23,4571,253.05495,241.73166,0.06735995349005287,0.4705753664406038
ALL,cluster_down,60,2024-01..2025-06,1379,-76.943146,-87.49891,0.004229629366245181,0.43582306018854244
ALL,cluster_down,60,2025-07..2026-03,761,-177.28856,-187.31322,-0.4288240671157837,0.3797634691195795
ALL,cluster_down,60,full 2020-01..2026-03,6711,136.4466,125.428246,-0.04133587462962288,0.45313664133512144
ALL,cluster_down,60,2020,1376,1085.563,1074.2054,1.6710097332519938,0.5290697674418605
ALL,cluster_down,60,2021,744,-482.03644,-493.80396,-4.253162473359578,0.3844086021505376
ALL,cluster_down,60,2022,1204,168.5054,157.27344,0.8241965591417358,0.5091362126245847
ALL,cluster_down,60,2023,1247,-145.36159,-156.4703,-1.8947287229112244,0.4202085004009623
ALL,cluster_down,60,2024,769,253.26128,242.54805,1.8900105273531824,0.5162548764629389
ALL,cluster_down,60,2025,1072,-295.53558,-305.7126,-1.7669187084083209,0.375
ALL,cluster_down,60,2026Q1,299,-397.87613,-408.0332,-0.40911355785675135,0.30434782608695654
L,any,1,2020-23,3452,-15.752255,-24.53561,-0.43775495196789793,0.47016222479721903
L,any,1,2024-01..2025-06,1320,8.916974,0.034547664,1.2607324839196419,0.5068181818181818
L,any,1,2025-07..2026-03,1031,7.1109324,-1.700913,0.6268998384475708,0.481086323957323
L,any,1,full 2020-01..2026-03,5803,-6.0787535,-14.889706,0.14022456202417324,0.48044115112872654
L,any,1,2020,967,-50.612827,-59.39827,0.05219307683365147,0.4301964839710445
L,any,1,2021,715,15.635147,6.8956666,1.7486537931282717,0.4937062937062937
L,any,1,2022,928,-2.2719982,-11.121916,-0.5288889505159678,0.5193965517241379
L,any,1,2023,842,-17.226717,-25.971567,-2.5971439697470595,0.4418052256532066
L,any,1,2024,726,5.4141197,-3.4052503,1.2202698842443973,0.48760330578512395
L,any,1,2025,1205,4.9702153,-3.9224942,0.03892061281037857,0.49377593360995853
L,any,1,2026Q1,420,21.861942,13.073283,1.5134745292467502,0.5142857142857142
L,any,5,2020-23,3452,-33.00833,-41.791683,-0.6368328757418975,0.47479721900347627
L,any,5,2024-01..2025-06,1320,43.0427,34.160282,1.1417975756103254,0.5037878787878788
L,any,5,2025-07..2026-03,1031,7.32578,-1.4860634,0.08030305802822113,0.501454898157129
L,any,5,full 2020-01..2026-03,5803,-8.543083,-17.354036,-0.040551783978036174,0.48612786489746684
L,any,5,2020,967,-59.331944,-68.117386,0.5424408837707675,0.452947259565667
L,any,5,2021,715,-6.6526732,-15.392154,-0.35421869670124756,0.4909090909090909
L,any,5,2022,928,-1.304867,-10.154784,-0.23417697510695465,0.5247844827586207
L,any,5,2023,842,-60.0988,-68.84365,-2.3328703022119495,0.4311163895486936
L,any,5,2024,726,30.063885,21.24451,0.7979384721846565,0.4807162534435262
L,any,5,2025,1205,23.185276,14.2925625,-0.027032344969700528,0.5161825726141079
L,any,5,2026Q1,420,34.772892,25.984236,0.7284445061605482,0.5023809523809524
L,any,20,2020-23,3452,-71.114136,-79.897484,-1.0329999928156868,0.45538818076477405
L,any,20,2024-01..2025-06,1320,32.29573,23.413305,0.5668873982778656,0.4818181818181818
L,any,20,2025-07..2026-03,1031,65.62193,56.81007,0.5447060465812683,0.47041707080504364
L,any,20,full 2020-01..2026-03,5803,-23.298193,-32.109146,-0.20576049202618793,0.4640703084611408
L,any,20,2020,967,-92.950966,-101.73642,0.17980997124190354,0.421923474663909
L,any,20,2021,715,-117.88976,-126.62924,-1.671267828934789,0.4433566433566434
L,any,20,2022,928,-27.94017,-36.79009,0.061610013987644985,0.5161637931034483
L,any,20,2023,842,-53.898758,-62.643616,-1.722924750701786,0.43705463182897863
L,any,20,2024,726,121.15014,112.330765,0.8361602231837504,0.49586776859504134
L,any,20,2025,1205,-20.45904,-29.351753,-0.7632288356179029,0.46721991701244814
L,any,20,2026Q1,420,111.86836,103.07972,0.8769408896394854,0.4714285714285714
L,any,60,2020-23,3452,31.429813,22.646444,-1.650488339036403,0.45220162224797217
L,any,60,2024-01..2025-06,1320,31.732616,22.850199,0.39757465697141703,0.46515151515151515
L,any,60,2025-07..2026-03,1031,-37.882034,-46.693893,0.20619253814220428,0.41416100872938894
L,any,60,full 2020-01..2026-03,5803,19.18427,10.373329,-0.9501428647191755,0.4483887644321902
L,any,60,2020,967,798.05597,789.27057,1.98210959727836,0.5294725956566702
L,any,60,2021,715,-339.90207,-348.6415,-4.1298517892757065,0.4111888111888112
L,any,60,2022,928,-140.06772,-148.91765,-1.2162666137276978,0.4730603448275862
L,any,60,2023,842,-344.66943,-353.41434,-2.509075734957504,0.3752969121140142
L,any,60,2024,726,372.45398,363.63464,1.2510626607290514,0.5303030303030303
L,any,60,2025,1205,-36.28905,-45.181755,-0.3563240864240809,0.4323651452282158
L,any,60,2026Q1,420,-532.9586,-541.7473,-0.4063904677362843,0.32142857142857145
L,nb1,1,2020-23,2014,-9.113224,-17.739094,0.4784483820828481,0.4741807348560079
L,nb1,1,2024-01..2025-06,813,5.6077285,-3.1019843,0.5716121653630581,0.4932349323493235
L,nb1,1,2025-07..2026-03,649,-1.5966321,-10.415927,-0.02575495094060898,0.4946070878274268
L,nb1,1,full 2020-01..2026-03,3476,-4.266733,-12.948328,0.6034330618605454,0.4824510932105869
L,nb1,1,2020,524,-39.05147,-47.76167,0.016619744034697972,0.44274809160305345
L,nb1,1,2021,439,18.197851,9.623784,4.028279781885761,0.49430523917995445
L,nb1,1,2022,558,1.702361,-6.951507,0.5549727712680239,0.5268817204301075
L,nb1,1,2023,493,-13.85362,-22.4043,-1.639981779981177,0.4300202839756592
L,nb1,1,2024,466,3.462737,-5.1902304,0.3625777706277764,0.48068669527896996
L,nb1,1,2025,738,-6.214768,-15.012148,-0.590502016485062,0.489159891598916
L,nb1,1,2026Q1,258,25.177256,16.340166,1.4268654642094454,0.5310077519379846
L,nb1,5,2020-23,2014,-34.643867,-43.269737,-0.7734949011159005,0.48361469712015887
L,nb1,5,2024-01..2025-06,813,28.89208,20.182367,0.7298895551770508,0.4993849938499385
L,nb1,5,2025-07..2026-03,649,16.040583,7.221295,0.4310835599899292,0.5177195685670262
L,nb1,5,full 2020-01..2026-03,3476,-10.320238,-19.001831,-0.34760787904887636,0.4936708860759494
L,nb1,5,2020,524,-109.03059,-117.74077,-0.15495386003376765,0.4484732824427481
L,nb1,5,2021,439,-9.872354,-18.44642,-0.17673095427007776,0.4874715261958998
L,nb1,5,2022,558,32.096485,23.442614,0.10434239999667709,0.5501792114695341
L,nb1,5,2023,493,-53.17768,-61.728355,-1.2991337043175653,0.4421906693711968
L,nb1,5,2024,466,-12.446641,-21.099604,-0.43796519671110284,0.44849785407725323
L,nb1,5,2025,738,22.905731,14.108355,0.8763478889986952,0.5311653116531165
L,nb1,5,2026Q1,258,88.35388,79.51681,0.9659888556409316,0.5465116279069767
L,nb1,20,2020-23,2014,-54.62723,-63.2531,-0.8061927850735389,0.464746772591857
L,nb1,20,2024-01..2025-06,813,36.29453,27.584833,0.8958563635473408,0.47601476014760147
L,nb1,20,2025-07..2026-03,649,198.09149,189.27222,1.3322494626045227,0.4884437596302003
L,nb1,20,full 2020-01..2026-03,3476,13.823245,5.1416473,0.3627843246027174,0.4718066743383199
L,nb1,20,2020,524,-80.79863,-89.50882,0.2235981234509776,0.4179389312977099
L,nb1,20,2021,439,-84.08638,-92.660446,-1.0161519195959101,0.45785876993166286
L,nb1,20,2022,558,-8.725116,-17.378988,-0.01054354094037464,0.525089605734767
L,nb1,20,2023,493,-52.53192,-61.082607,-1.3413496924844608,0.45233265720081134
L,nb1,20,2024,466,-0.70980173,-9.362767,0.10854062953976795,0.45493562231759654
L,nb1,20,2025,738,78.62704,69.82965,1.2572577830223206,0.4823848238482385
L,nb1,20,2026Q1,258,389.04205,380.20496,1.3395130836056903,0.5271317829457365
L,nb1,60,2020-23,2014,60.965935,52.340065,-0.5092125615658485,0.4771598808341609
L,nb1,60,2024-01..2025-06,813,73.092735,64.383,0.7038275667115816,0.4661746617466175
L,nb1,60,2025-07..2026-03,649,309.58972,300.77036,1.2478564381599426,0.4776579352850539
L,nb1,60,full 2020-01..2026-03,3476,110.22253,101.54095,0.5744345278483309,0.47468354430379744
L,nb1,60,2020,524,540.2495,531.5393,2.2060329987183644,0.49427480916030536
L,nb1,60,2021,439,-104.8957,-113.46979,-0.8731902431771059,0.45785876993166286
L,nb1,60,2022,558,-63.260715,-71.91458,-1.1705884268335147,0.514336917562724
L,nb1,60,2023,493,-160.15553,-168.70618,-1.7032668414025547,0.4340770791075051
L,nb1,60,2024,466,18.233816,9.580855,0.09775688217361188,0.45493562231759654
L,nb1,60,2025,738,368.32703,359.52963,1.6319224841902147,0.5040650406504065
L,nb1,60,2026Q1,258,-77.41945,-86.2565,0.33403388506558984,0.4069767441860465
L,nb2,1,2020-23,767,-18.767996,-27.9553,-0.5139642063243808,0.47327249022164275
L,nb2,1,2024-01..2025-06,320,16.443527,7.106047,0.791991524538428,0.534375
L,nb2,1,2025-07..2026-03,238,29.479853,20.601257,1.5613859295845032,0.4831932773109244
L,nb2,1,full 2020-01..2026-03,1325,-1.5976748,-10.765797,0.17078334896280517,0.489811320754717
L,nb2,1,2020,179,-22.466282,-31.61716,0.6438773393081091,0.4301675977653631
L,nb2,1,2021,135,9.606543,0.71998286,-0.00019238561835808478,0.4888888888888889
L,nb2,1,2022,261,-12.112806,-21.424786,-1.210221290168723,0.5095785440613027
L,nb2,1,2023,192,-44.317863,-53.58111,-1.2454231668217037,0.453125
L,nb2,1,2024,184,12.718119,3.4232984,0.5206903346754328,0.5
L,nb2,1,2025,271,24.169542,14.970323,1.1745030156736058,0.5202952029520295
L,nb2,1,2026Q1,103,32.893726,24.176601,1.8642308981728688,0.5145631067961165
L,nb2,5,2020-23,767,-33.69244,-42.879734,-0.4529739768570081,0.4498044328552803
L,nb2,5,2024-01..2025-06,320,67.92087,58.583385,1.1314470261124745,0.53125
L,nb2,5,2025-07..2026-03,238,-58.348854,-67.227455,-0.17648933082818985,0.46638655462184875
L,nb2,5,full 2020-01..2026-03,1325,-13.580712,-22.748838,0.11325708779124526,0.47245283018867923
L,nb2,5,2020,179,-23.38388,-32.534767,0.6266553886822352,0.44692737430167595
L,nb2,5,2021,135,25.587229,16.700666,-0.12393242367894122,0.4962962962962963
L,nb2,5,2022,261,-13.726427,-23.038408,-0.597822797289274,0.4904214559386973
L,nb2,5,2023,192,-112.12531,-121.38856,-2.6113189975992634,0.3645833333333333
L,nb2,5,2024,184,129.16948,119.87466,1.3401437662161686,0.5815217391304348
L,nb2,5,2025,271,-43.71867,-52.91789,-0.5238281587485835,0.47232472324723246
L,nb2,5,2026Q1,103,-39.53178,-48.24892,0.39065313509698485,0.44660194174757284
L,nb2,20,2020-23,767,-105.30105,-114.48835,-0.8464108029407803,0.43546284224250326
L,nb2,20,2024-01..2025-06,320,82.79877,73.46131,0.3395587718896103,0.484375
L,nb2,20,2025-07..2026-03,238,-277.07434,-285.9529,-0.7189352363348007,0.40336134453781514
L,nb2,20,full 2020-01..2026-03,1325,-90.72752,-99.89566,-0.652721078212575,0.44150943396226416
L,nb2,20,2020,179,44.609802,35.45891,0.7481107261407656,0.43575418994413406
L,nb2,20,2021,135,-287.4177,-296.30423,-0.9833152317800644,0.3851851851851852
L,nb2,20,2022,261,-30.76947,-40.08147,-0.5017810060945807,0.5134099616858238
L,nb2,20,2023,192,-218.32726,-227.59048,-1.815212127237131,0.3645833333333333
L,nb2,20,2024,184,523.04285,513.7481,1.1092450708529418,0.5978260869565217
L,nb2,20,2025,271,-327.9163,-337.11554,-1.3090801957411258,0.39114391143911437
L,nb2,20,2026Q1,103,-454.58875,-463.30585,-0.8679462550940734,0.33980582524271846
L,nb2,60,2020-23,767,-193.24579,-202.43307,-1.7093581059930671,0.38461538461538464
L,nb2,60,2024-01..2025-06,320,71.062904,61.725407,0.3420736111199826,0.484375
L,nb2,60,2025-07..2026-03,238,-889.0807,-897.9592,-1.7697808742523193,0.24789915966386555
L,nb2,60,full 2020-01..2026-03,1325,-254.4004,-263.5685,-1.5573981300701554,0.3841509433962264
L,nb2,60,2020,179,1599.5397,1590.3887,1.894584189328859,0.6033519553072626
L,nb2,60,2021,135,-906.84906,-915.7356,-3.272535153258416,0.31851851851851853
L,nb2,60,2022,261,-405.05804,-414.36996,-1.129419687709129,0.3831417624521073
L,nb2,60,2023,192,-1074.96,-1084.2233,-4.107527132143562,0.22916666666666666
L,nb2,60,2024,184,1250.9459,1241.6511,1.739019391004347,0.6793478260869565
L,nb2,60,2025,271,-977.1277,-986.32684,-2.200482289725898,0.2730627306273063
L,nb2,60,2026Q1,103,-1497.4127,-1506.13,-2.0710774503798666,0.14563106796116504
L,nb3p,1,2020-23,671,-32.232044,-41.026337,-0.16725033845874662,0.45454545454545453
L,nb3p,1,2024-01..2025-06,187,10.424568,1.5699481,-0.36524580091730235,0.5187165775401069
L,nb3p,1,2025-07..2026-03,144,9.38459,0.71664137,0.3830905705690384,0.4166666666666667
L,nb3p,1,full 2020-01..2026-03,1002,-18.290342,-27.07774,-0.21462706271999296,0.46107784431137727
L,nb3p,1,2020,264,-92.64458,-101.33158,-0.3364371946350737,0.4053030303030303
L,nb3p,1,2021,141,13.428297,4.31463,1.3053072498117528,0.49645390070921985
L,nb3p,1,2022,109,0.94596946,-7.8011684,-0.5205113711289826,0.5045871559633027
L,nb3p,1,2023,157,5.3119054,-3.4087129,-1.177977190040575,0.46496815286624205
L,nb3p,1,2024,76,-0.3041876,-8.9928,-0.2907885855061389,0.5
L,nb3p,1,2025,196,20.539097,11.711225,0.21412783146695827,0.4744897959183674
L,nb3p,1,2026Q1,59,-11.894401,-20.596115,0.0137768959043159,0.4406779661016949
L,nb3p,5,2020-23,671,-27.317314,-36.111614,-0.353718739554105,0.47690014903129657
L,nb3p,5,2024-01..2025-06,187,61.991634,53.137005,-0.0038720977326453312,0.47593582887700536
L,nb3p,5,2025-07..2026-03,144,76.594185,67.92625,-0.00443298916798085,0.4861111111111111
L,nb3p,5,full 2020-01..2026-03,1002,4.283514,-4.5038843,-0.2913676038133137,0.4780439121756487
L,nb3p,5,2020,264,14.938448,6.2514358,0.6576246509947846,0.4659090909090909
L,nb3p,5,2021,141,-27.496275,-36.60994,0.8504139702192066,0.49645390070921985
L,nb3p,5,2022,109,-142.5519,-151.29906,-1.7523749134445394,0.47706422018348627
L,nb3p,5,2023,157,-18.207241,-26.927858,-1.3221879463258348,0.47770700636942676
L,nb3p,5,2024,76,50.78064,42.092033,0.16084981071632484,0.4342105263157895
L,nb3p,5,2025,196,116.74277,107.91492,0.07070407989485379,0.5204081632653061
L,nb3p,5,2026Q1,59,-69.81214,-78.513855,-0.5876422130814183,0.4067796610169492
L,nb3p,20,2020-23,671,-81.521385,-90.31567,-1.1388871535454217,0.45007451564828616
L,nb3p,20,2024-01..2025-06,187,-71.51178,-80.366394,-0.9183845284259898,0.5026737967914439
L,nb3p,20,2025-07..2026-03,144,34.989674,26.321735,-1.1426165699958801,0.5
L,nb3p,20,full 2020-01..2026-03,1002,-62.909214,-71.69662,-1.7766951922056244,0.46706586826347307
L,nb3p,20,2020,264,-210.34189,-219.02888,-0.9294340414187386,0.42045454545454547
L,nb3p,20,2021,141,-60.82183,-69.935486,0.12892937547918626,0.45390070921985815
L,nb3p,20,2022,109,-119.53236,-128.27948,-0.6579030329982475,0.47706422018348627
L,nb3p,20,2023,157,142.89372,134.17311,-0.8038526831367715,0.47770700636942676
L,nb3p,20,2024,76,-104.65957,-113.34819,-0.7249591304409456,0.5
L,nb3p,20,2025,196,31.558336,22.73047,-1.0434622626517454,0.5153061224489796
L,nb3p,20,2026Q1,59,-111.279564,-119.98129,-1.7452048088999432,0.4576271186440678
L,nb3p,60,2020-23,671,199.59729,190.80304,-1.2959266073631523,0.45454545454545453
L,nb3p,60,2024-01..2025-06,187,-215.38734,-224.242,-0.11932696092834291,0.42780748663101603
L,nb3p,60,2025-07..2026-03,144,-197.07578,-205.7437,-1.214190423488617,0.4027777777777778
L,nb3p,60,full 2020-01..2026-03,1002,65.14316,56.355778,-1.5358975982627445,0.4421157684630739
L,nb3p,60,2020,264,766.33276,757.64575,-0.08723387597099963,0.5492424242424242
L,nb3p,60,2021,141,-528.7669,-537.88055,-1.1213070177309648,0.3546099290780142
L,nb3p,60,2022,109,101.25475,92.50761,-0.15301698098223124,0.47706422018348627
L,nb3p,60,2023,157,-30.972486,-39.693127,-1.2855908044116635,0.36942675159235666
L,nb3p,60,2024,76,417.5076,408.81903,0.859479271362568,0.631578947368421
L,nb3p,60,2025,196,-258.93887,-267.76672,-1.5604309092004083,0.3826530612244898
L,nb3p,60,2026Q1,59,-841.2696,-849.97125,-1.8272205966896788,0.2542372881355932
L,cluster2p,1,2020-23,1438,-25.050594,-34.05451,-0.7392007469793105,0.46453407510431155
L,cluster2p,1,2024-01..2025-06,507,14.223518,5.0641317,0.4956622377941232,0.5285996055226825
L,cluster2p,1,2025-07..2026-03,382,21.904675,13.105483,1.0609439313411713,0.4581151832460733
L,cluster2p,1,full 2020-01..2026-03,2327,-8.785494,-17.789679,-0.18358176541929214,0.47743876235496346
L,cluster2p,1,2020,443,-64.28811,-73.162544,-0.07181291056727844,0.4153498871331828
L,cluster2p,1,2021,276,11.55896,2.5563812,0.618805873062249,0.4927536231884058
L,cluster2p,1,2022,370,-8.26576,-17.41134,-0.9852920382337292,0.5081081081081081
L,cluster2p,1,2023,349,-21.99158,-31.010717,-1.5513621495748975,0.4584527220630373
L,cluster2p,1,2024,260,8.911598,-0.20602575,0.35364448542616483,0.5
L,cluster2p,1,2025,467,22.645844,13.60248,0.607535247547676,0.5010706638115632
L,cluster2p,1,2026Q1,162,16.582003,7.8704824,1.3836330952437024,0.4876543209876543
L,cluster2p,5,2020-23,1438,-30.71767,-39.721592,-0.4700304365310737,0.4624478442280946
L,cluster2p,5,2024-01..2025-06,507,65.73395,56.57456,0.973894709606839,0.5108481262327417
L,cluster2p,5,2025-07..2026-03,382,-7.4802704,-16.279455,0.031066032126545906,0.4738219895287958
L,cluster2p,5,full 2020-01..2026-03,2327,-5.8884254,-14.892611,0.11617754529344383,0.4748603351955307
L,cluster2p,5,2020,443,-0.54620457,-9.420631,0.7969900221695209,0.4582392776523702
L,cluster2p,5,2021,276,-1.5315132,-10.534085,0.15486751412308852,0.4963768115942029
L,cluster2p,5,2022,370,-51.67771,-60.8233,-0.9887869634935953,0.4864864864864865
L,cluster2p,5,2023,349,-69.87563,-78.894775,-1.9303133038426536,0.4154727793696275
L,cluster2p,5,2024,260,106.25582,97.1382,1.2337021127215164,0.5384615384615384
L,cluster2p,5,2025,467,23.627037,14.583674,-0.2430092416583202,0.4925053533190578
L,cluster2p,5,2026Q1,162,-50.55981,-59.271328,0.21944946763615963,0.43209876543209874
L,cluster2p,20,2020-23,1438,-94.20497,-103.208885,-1.2642832507462785,0.4422809457579972
L,cluster2p,20,2024-01..2025-06,507,25.88345,16.724043,0.19973877778577373,0.4911242603550296
L,cluster2p,20,2025-07..2026-03,382,-159.43762,-168.23683,-0.8703346252441406,0.4397905759162304
L,cluster2p,20,full 2020-01..2026-03,2327,-78.74904,-87.75323,-1.0228377075917414,0.45251396648044695
L,cluster2p,20,2020,443,-107.32531,-116.19974,0.1335629414628398,0.42663656884875845
L,cluster2p,20,2021,276,-171.65674,-180.65933,-1.4816724954040938,0.42028985507246375
L,cluster2p,20,2022,370,-56.918552,-66.06414,-0.4676000527244646,0.5027027027027027
L,cluster2p,20,2023,349,-55.829563,-64.84871,-1.5956323729002964,0.4154727793696275
L,cluster2p,20,2024,260,339.5606,330.44302,0.7742898874380462,0.5692307692307692
L,cluster2p,20,2025,467,-177.04474,-186.0881,-1.4089933705586104,0.44325481798715205
L,cluster2p,20,2026Q1,162,-329.5564,-338.26788,-1.1995142423871017,0.38271604938271603
L,cluster2p,60,2020-23,1438,-9.937207,-18.94114,-2.2777970195109294,0.4172461752433936
L,cluster2p,60,2024-01..2025-06,507,-34.590424,-43.74976,0.18420140003414937,0.4635108481262327
L,cluster2p,60,2025-07..2026-03,382,-628.22015,-637.0193,-1.5767117142677307,0.306282722513089
L,cluster2p,60,full 2020-01..2026-03,2327,-116.80582,-125.80998,-1.9931534599260294,0.4091104426299957
L,cluster2p,60,2020,443,1103.001,1094.1266,1.3981732768679247,0.5711060948081265
L,cluster2p,60,2021,276,-713.69836,-722.70105,-3.7378796045726603,0.33695652173913043
L,cluster2p,60,2022,370,-255.901,-265.0466,-1.0093331348947345,0.41081081081081083
L,cluster2p,60,2023,349,-605.3152,-614.3344,-3.3982291961154916,0.2922636103151863
L,cluster2p,60,2024,260,1007.32556,998.2078,1.5001814659617942,0.6653846153846154
L,cluster2p,60,2025,467,-675.70374,-684.74695,-2.11624873735304,0.31905781584582443
L,cluster2p,60,2026Q1,162,-1258.447,-1267.1586,-2.0596710665361435,0.18518518518518517
L,ceo_cfo,1,2020-23,747,-12.855027,-21.546246,0.2927349366692339,0.47523427041499333
L,ceo_cfo,1,2024-01..2025-06,241,28.037815,19.268555,0.716340059877223,0.5020746887966805
L,ceo_cfo,1,2025-07..2026-03,200,4.249316,-4.4131904,0.6832537651062012,0.465
L,ceo_cfo,1,full 2020-01..2026-03,1188,-1.6799062,-10.382122,0.7887307925578814,0.47895622895622897
L,ceo_cfo,1,2020,182,-23.382895,-32.100018,0.38079746754419985,0.43956043956043955
L,ceo_cfo,1,2021,119,64.03796,55.365223,2.8137033851655517,0.6050420168067226
L,ceo_cfo,1,2022,199,-18.787346,-27.49972,-0.9361738488409789,0.5376884422110553
L,ceo_cfo,1,2023,247,-37.363777,-46.027775,-3.2031381795919023,0.38866396761133604
L,ceo_cfo,1,2024,137,24.20938,15.513436,0.32685348250325,0.48175182481751827
L,ceo_cfo,1,2025,230,9.725913,0.9768829,0.5625941303044193,0.4652173913043478
L,ceo_cfo,1,2026Q1,74,27.747726,19.068384,1.3715374926886428,0.5540540540540541
L,ceo_cfo,5,2020-23,747,-45.10274,-53.793945,0.6922128277332149,0.4899598393574297
L,ceo_cfo,5,2024-01..2025-06,241,60.734447,51.965187,0.06070279013831372,0.4896265560165975
L,ceo_cfo,5,2025-07..2026-03,200,-1.7516524,-10.414162,-0.10015616565942764,0.495
L,ceo_cfo,5,full 2020-01..2026-03,1188,-16.334234,-25.036455,0.6453610926741463,0.49074074074074076
L,ceo_cfo,5,2020,182,-123.07661,-131.79373,0.545435671216513,0.4340659340659341
L,ceo_cfo,5,2021,119,81.58335,72.91061,1.822811290044806,0.6134453781512605
L,ceo_cfo,5,2022,199,-22.543268,-31.255638,-0.6757054924338644,0.5326633165829145
L,ceo_cfo,5,2023,247,-66.85874,-75.52274,-1.2920552753594978,0.43724696356275305
L,ceo_cfo,5,2024,137,10.54056,1.8446072,-0.5242556684375654,0.4233576642335766
L,ceo_cfo,5,2025,230,63.40278,54.653748,0.5993681709995785,0.5434782608695652
L,ceo_cfo,5,2026Q1,74,-23.513845,-32.19319,0.2179000676332036,0.4594594594594595
L,ceo_cfo,20,2020-23,747,-95.22539,-103.9166,-0.20154928027025246,0.4779116465863454
L,ceo_cfo,20,2024-01..2025-06,241,-17.505058,-26.274311,-0.28511132349396334,0.46887966804979253
L,ceo_cfo,20,2025-07..2026-03,200,55.754864,47.092358,0.3400005027651787,0.495
L,ceo_cfo,20,full 2020-01..2026-03,1188,-54.04134,-62.74355,-0.21317512932544852,0.47895622895622897
L,ceo_cfo,20,2020,182,-363.75266,-372.46976,-0.3902739925389587,0.41208791208791207
L,ceo_cfo,20,2021,119,82.23386,73.56111,0.7464610301554754,0.5798319327731093
L,ceo_cfo,20,2022,199,-136.33545,-145.04782,-0.6555134283095201,0.5125628140703518
L,ceo_cfo,20,2023,247,50.26133,41.59734,-0.3343899538695741,0.4493927125506073
L,ceo_cfo,20,2024,137,-20.725927,-29.421864,-0.23594727920481506,0.40875912408759124
L,ceo_cfo,20,2025,230,71.7461,62.997074,0.7964408977948058,0.5347826086956522
L,ceo_cfo,20,2026Q1,74,-90.944565,-99.6239,-1.758232859537805,0.44594594594594594
L,ceo_cfo,60,2020-23,747,118.68787,109.99666,0.31038602298689133,0.4966532797858099
L,ceo_cfo,60,2024-01..2025-06,241,-80.608536,-89.377815,-0.6457676487097932,0.48132780082987553
L,ceo_cfo,60,2025-07..2026-03,200,-115.707306,-124.36978,0.041701692156493664,0.415
L,ceo_cfo,60,full 2020-01..2026-03,1188,38.797745,30.095512,0.08120620938292396,0.4797979797979798
L,ceo_cfo,60,2020,182,685.1438,676.4266,0.5513193752589216,0.5824175824175825
L,ceo_cfo,60,2021,119,217.54631,208.87358,0.6212298560959247,0.5546218487394958
L,ceo_cfo,60,2022,199,-298.11697,-306.8293,-0.5118721859579162,0.457286432160804
L,ceo_cfo,60,2023,247,-10.522503,-19.18648,-0.8431146629758031,0.43724696356275305
L,ceo_cfo,60,2024,137,88.14207,79.44612,-0.09147505908809968,0.5620437956204379
L,ceo_cfo,60,2025,230,-45.56582,-54.314857,-0.3018733821290993,0.4391304347826087
L,ceo_cfo,60,2026Q1,74,-596.8033,-605.4826,-1.2888926741007989,0.28378378378378377
L,officer,1,2020-23,1121,-24.682304,-33.353798,-0.3828199827432877,0.4745762711864407
L,officer,1,2024-01..2025-06,376,11.63989,2.9089532,-0.03186534872179415,0.4867021276595745
L,officer,1,2025-07..2026-03,315,-2.5265653,-11.155083,0.26982222497463226,0.46984126984126984
L,officer,1,full 2020-01..2026-03,1812,-13.293668,-21.97003,-0.2438664483971958,0.4762693156732892
L,officer,1,2020,316,-71.97517,-80.66067,0.3557913511252234,0.4240506329113924
L,officer,1,2021,182,40.459522,31.780764,2.1993231303953285,0.5604395604395604
L,officer,1,2022,280,-5.7121134,-14.431317,-1.3269680848477479,0.5392857142857143
L,officer,1,2023,343,-31.163115,-39.77891,-3.1867664477642923,0.4227405247813411
L,officer,1,2024,202,1.5753654,-7.113944,-0.3472071919537289,0.4603960396039604
L,officer,1,2025,363,2.1692545,-6.5215077,-0.1295538766980616,0.46831955922865015
L,officer,1,2026Q1,126,19.643393,10.986034,1.4135679616787453,0.5396825396825397
L,officer,5,2020-23,1121,-55.300247,-63.97174,-0.2707010243237584,0.47992863514719003
L,officer,5,2024-01..2025-06,376,64.94356,56.21262,0.14751167278488525,0.4867021276595745
L,officer,5,2025-07..2026-03,315,7.9693394,-0.6591763,0.7699356079101562,0.5206349206349207
L,officer,5,full 2020-01..2026-03,1812,-19.35014,-28.026503,-0.047152702047874175,0.48841059602649006
L,officer,5,2020,316,-147.73991,-156.42543,0.2773925678533159,0.4240506329113924
L,officer,5,2021,182,34.82229,26.143526,1.1805185033716497,0.532967032967033
L,officer,5,2022,280,-4.103169,-12.822369,-0.8617175287429043,0.5464285714285714
L,officer,5,2023,343,-59.750824,-68.366615,-1.7680768353561593,0.4489795918367347
L,officer,5,2024,202,25.998825,17.309519,0.057159650772031514,0.43564356435643564
L,officer,5,2025,363,68.37313,59.682358,0.3729291367489378,0.5482093663911846
L,officer,5,2026Q1,126,-24.937199,-33.594555,0.3466907941115923,0.47619047619047616
L,officer,20,2020-23,1121,-77.29826,-85.96976,-0.7253209805882245,0.46743978590544155
L,officer,20,2024-01..2025-06,376,-18.720903,-27.451845,-0.4005490443645278,0.48404255319148937
L,officer,20,2025-07..2026-03,315,64.39798,55.769466,0.4534110724925995,0.48253968253968255
L,officer,20,full 2020-01..2026-03,1812,-40.510506,-49.18687,-0.7117014262645327,0.4735099337748344
L,officer,20,2020,316,-306.736,-315.42148,-0.6354789574090906,0.39556962025316456
L,officer,20,2021,182,78.92398,70.24523,0.5189400846121256,0.5494505494505495
L,officer,20,2022,280,-65.45789,-74.17709,-0.20991298701428746,0.525
L,officer,20,2023,343,41.51978,32.903984,-0.7305917073839945,0.44314868804664725
L,officer,20,2024,202,-15.802283,-24.49158,-0.1946093454555729,0.4504950495049505
L,officer,20,2025,363,79.97429,71.28354,0.43747718939407376,0.5289256198347108
L,officer,20,2026Q1,126,-99.9389,-108.59625,-3.4165463499617386,0.40476190476190477
L,officer,60,2020-23,1121,178.53659,169.86508,-0.01019891706682436,0.5004460303300624
L,officer,60,2024-01..2025-06,376,-96.419975,-105.15093,-1.217384998135218,0.45478723404255317
L,officer,60,2025-07..2026-03,315,-215.09363,-223.72214,-0.7626922130584717,0.3873015873015873
L,officer,60,full 2020-01..2026-03,1812,53.052483,44.37613,-0.6011322033723471,0.47130242825607066
L,officer,60,2020,316,693.1606,684.4751,0.6299348040469673,0.5854430379746836
L,officer,60,2021,182,187.71677,179.03798,0.3046310312614927,0.5439560439560439
L,officer,60,2022,280,-111.454185,-120.17337,-0.21088376230598496,0.48928571428571427
L,officer,60,2023,343,-63.721626,-72.33744,-1.1721812901494535,0.40816326530612246
L,officer,60,2024,202,-5.6430373,-14.332344,-0.5801541346556183,0.5148514851485149
L,officer,60,2025,363,-58.42036,-67.11114,-0.834432943636212,0.42699724517906334
L,officer,60,2026Q1,126,-648.11053,-656.7679,-2.238931113306715,0.2698412698412698
L,director_only,1,2020-23,1898,-7.0016136,-15.708802,-0.07327321594053356,0.46944151738672285
L,director_only,1,2024-01..2025-06,692,15.973004,7.199937,1.0795323082843926,0.5173410404624278
L,director_only,1,2025-07..2026-03,479,-1.7923415,-10.389787,0.6935135275125504,0.48434237995824636
L,director_only,1,full 2020-01..2026-03,3069,-1.0082364,-9.713152,0.4701991665837011,0.48256761159986966
L,director_only,1,2020,528,-39.636703,-48.320892,-0.3669377035685305,0.42424242424242425
L,director_only,1,2021,443,1.7226576,-6.8974338,0.5847017289673327,0.46952595936794583
L,director_only,1,2022,530,14.607116,5.764954,0.7477809830964265,0.5339622641509434
L,director_only,1,2023,397,-2.1808424,-10.835609,-0.6993612006213198,0.4433249370277078
L,director_only,1,2024,373,8.117321,-0.57096773,0.661286822257102,0.4879356568364611
L,director_only,1,2025,597,14.316953,5.582289,1.0336447158313091,0.525963149078727
L,director_only,1,2026Q1,201,-6.866642,-15.492575,0.3771188813964567,0.46766169154228854
L,director_only,5,2020-23,1898,-22.610392,-31.31758,-0.8983279367751713,0.47049525816649107
L,director_only,5,2024-01..2025-06,692,52.38976,43.616688,1.0632524558443321,0.5158959537572254
L,director_only,5,2025-07..2026-03,479,-39.794106,-48.391552,-1.7485072016716003,0.48434237995824636
L,director_only,5,full 2020-01..2026-03,3069,-8.381293,-17.086208,-0.6126311403279207,0.48289345063538613
L,director_only,5,2020,528,-48.145863,-56.83005,0.012979728673650574,0.45265151515151514
L,director_only,5,2021,443,-26.145414,-34.765503,-1.1618986549086205,0.47404063205417607
L,director_only,5,2022,530,11.665731,2.8235674,0.31203899678735303,0.5150943396226415
L,director_only,5,2023,397,-30.4633,-39.11807,-0.9843094163501914,0.43073047858942065
L,director_only,5,2024,373,40.42382,31.735521,0.6374034736774211,0.4932975871313673
L,director_only,5,2025,597,22.964035,14.229371,-0.24270917961750252,0.5276381909547738
L,director_only,5,2026Q1,201,-57.687943,-66.31387,-1.0319717396154309,0.44776119402985076
L,director_only,20,2020-23,1898,-44.550144,-53.25733,-0.28220940758132235,0.46206533192834565
L,director_only,20,2024-01..2025-06,692,72.89199,64.11893,0.9034730787899568,0.46965317919075145
L,director_only,20,2025-07..2026-03,479,0.048893232,-8.548543,-0.5120846182107925,0.46555323590814196
L,director_only,20,full 2020-01..2026-03,3069,-11.108336,-19.813255,0.3205900680923133,0.46432062561094817
L,director_only,20,2020,528,-27.664215,-36.34841,0.5629675947574239,0.42992424242424243
L,director_only,20,2021,443,-107.96804,-116.58813,-1.03150056013692,0.43340857787810383
L,director_only,20,2022,530,-47.765522,-56.607685,0.0033221245543916377,0.5037735849056604
L,director_only,20,2023,397,8.050648,-0.60412085,-0.37181914464594057,0.4811083123425693
L,director_only,20,2024,373,190.69038,182.00208,1.114983776740756,0.5040214477211796
L,director_only,20,2025,597,5.437789,-3.2968776,-0.4248435863882277,0.4455611390284757
L,director_only,20,2026Q1,201,-118.951195,-127.57712,-3.3226616708647105,0.46766169154228854
L,director_only,60,2020-23,1898,56.10761,47.40042,-0.3950521437241141,0.458377239199157
L,director_only,60,2024-01..2025-06,692,70.883194,62.110123,0.880623691705382,0.4523121387283237
L,director_only,60,2025-07..2026-03,479,-152.78107,-161.3785,-0.6561765968799591,0.4384133611691023
L,director_only,60,full 2020-01..2026-03,3069,26.836514,18.1316,0.11840479005361491,0.45389377647442164
L,director_only,60,2020,528,663.7752,655.091,2.1814703423015667,0.49053030303030304
L,director_only,60,2021,443,-253.243,-261.86313,-1.415487883843922,0.4221218961625282
L,director_only,60,2022,530,-129.18724,-138.0294,-1.9645851068931137,0.4830188679245283
L,director_only,60,2023,397,-159.50928,-168.16403,-1.1278548019652053,0.42317380352644834
L,director_only,60,2024,373,431.0222,422.3339,1.4763252690479434,0.5201072386058981
L,director_only,60,2025,597,-184.49997,-193.23466,-0.8123387143296673,0.4321608040201005
L,director_only,60,2026Q1,201,-371.91925,-380.5452,-1.0893154384188637,0.35323383084577115
L,tenpct_only,1,2020-23,417,-22.376617,-31.777292,0.09378847634998135,0.4628297362110312
L,tenpct_only,1,2024-01..2025-06,250,-17.378054,-26.794855,0.258407860994339,0.504
L,tenpct_only,1,2025-07..2026-03,233,39.02559,29.54148,0.7386860847473145,0.49356223175965663
L,tenpct_only,1,full 2020-01..2026-03,900,-5.091779,-14.518535,0.3355118032114977,0.4822222222222222
L,tenpct_only,1,2020,117,-21.885067,-31.35175,0.3591200404949464,0.4700854700854701
L,tenpct_only,1,2021,85,37.595264,28.153446,1.3918175870409302,0.4823529411764706
L,tenpct_only,1,2022,116,-62.122353,-71.32256,-1.4851323196511,0.4051724137931034
L,tenpct_only,1,2023,99,-27.87779,-37.400024,-1.096582799480441,0.5050505050505051
L,tenpct_only,1,2024,149,-0.6734005,-10.002804,1.365456627961634,0.5167785234899329
L,tenpct_only,1,2025,243,-13.841943,-23.417728,-1.1616128913686297,0.45267489711934156
L,tenpct_only,1,2026Q1,91,90.2459,80.93821,1.0774866035615411,0.5934065934065934
L,tenpct_only,5,2020-23,417,-34.335636,-43.736305,0.05854980671648893,0.4748201438848921
L,tenpct_only,5,2024-01..2025-06,250,-21.203499,-30.620298,0.5333967804908752,0.492
L,tenpct_only,5,2025-07..2026-03,233,96.293846,86.80973,0.5395877659320831,0.5021459227467812
L,tenpct_only,5,full 2020-01..2026-03,900,3.1307013,-6.2960534,0.38855792031645325,0.4866666666666667
L,tenpct_only,5,2020,117,113.02506,103.55839,1.0988954182605826,0.5213675213675214
L,tenpct_only,5,2021,85,-29.122135,-38.563953,0.09613401410645199,0.47058823529411764
L,tenpct_only,5,2022,116,-66.81929,-76.01951,-0.9195356590304511,0.5172413793103449
L,tenpct_only,5,2023,99,-174.90378,-184.426,-2.090763556757799,0.37373737373737376
L,tenpct_only,5,2024,149,0.3474911,-8.981904,1.2695264560461808,0.5033557046979866
L,tenpct_only,5,2025,243,-45.76253,-55.338306,-1.0879811869770857,0.43621399176954734
L,tenpct_only,5,2026Q1,91,309.93524,300.6276,0.9057096797796597,0.6483516483516484
L,tenpct_only,20,2020-23,417,-160.31218,-169.71284,-1.2660600582155401,0.39568345323741005
L,tenpct_only,20,2024-01..2025-06,250,-17.025652,-26.442442,-0.40568453073501587,0.508
L,tenpct_only,20,2025-07..2026-03,233,197.11723,187.63313,0.29171186685562134,0.463519313304721
L,tenpct_only,20,full 2020-01..2026-03,900,-27.97585,-37.40261,-1.0306025338602383,0.4444444444444444
L,tenpct_only,20,2020,117,199.42091,189.95422,0.7672158097121314,0.452991452991453
L,tenpct_only,20,2021,85,-542.7265,-552.1684,-3.8889075752631483,0.2823529411764706
L,tenpct_only,20,2022,116,147.67328,138.47308,-0.009298210720260703,0.5517241379310345
L,tenpct_only,20,2023,99,-617.9877,-627.5099,-1.5173933769233594,0.24242424242424243
L,tenpct_only,20,2024,149,110.97293,101.64355,0.2893869251820799,0.5302013422818792
L,tenpct_only,20,2025,243,-233.62651,-243.20232,-1.496948662677375,0.4279835390946502
L,tenpct_only,20,2026Q1,91,900.0899,890.78235,0.7221682385846082,0.5714285714285714
L,tenpct_only,60,2020-23,417,-432.31308,-441.71387,-2.14643262800107,0.2997601918465228
L,tenpct_only,60,2024-01..2025-06,250,115.10904,105.69223,0.05661941319704056,0.512
L,tenpct_only,60,2025-07..2026-03,233,429.94986,420.46588,0.5772727578878403,0.39914163090128757
L,tenpct_only,60,full 2020-01..2026-03,900,-57.021057,-66.44783,-1.3543212628055221,0.3844444444444444
L,tenpct_only,60,2020,117,1711.8658,1702.3993,1.530699599695559,0.5470085470085471
L,tenpct_only,60,2021,85,-1817.8927,-1827.3344,-5.618143214379114,0.08235294117647059
L,tenpct_only,60,2022,116,-231.7,-240.90025,-0.5870051296980067,0.39655172413793105
L,tenpct_only,60,2023,99,-2011.7657,-2021.2878,-3.2142215063166226,0.08080808080808081
L,tenpct_only,60,2024,149,741.3266,731.99725,1.2639841066207205,0.5704697986577181
L,tenpct_only,60,2025,243,358.97025,349.3945,0.08295426885912345,0.4403292181069959
L,tenpct_only,60,2026Q1,91,-755.295,-764.6027,-0.5155090638433196,0.31868131868131866
L,val_lt50k,1,2020-23,823,-8.025235,-17.044237,0.9192747759142817,0.49696233292831105
L,val_lt50k,1,2024-01..2025-06,449,16.398365,6.991838,1.1288422244339558,0.5389755011135857
L,val_lt50k,1,2025-07..2026-03,336,1.3312076,-7.835953,-0.1035151518881321,0.49702380952380953
L,val_lt50k,1,full 2020-01..2026-03,1608,0.74961656,-8.408552,1.2133480677466502,0.5087064676616916
L,val_lt50k,1,2020,167,-52.541584,-61.13185,0.44731202862525715,0.47305389221556887
L,val_lt50k,1,2021,226,-0.1083143,-9.02136,-0.041215748026810904,0.42920353982300885
L,val_lt50k,1,2022,210,22.269043,12.938385,2.0545184443248203,0.5714285714285714
L,val_lt50k,1,2023,220,-11.283381,-20.43919,-0.4976091990970159,0.5136363636363637
L,val_lt50k,1,2024,234,24.766602,15.43162,1.0873541177061665,0.5299145299145299
L,val_lt50k,1,2025,417,-16.224768,-25.589891,-1.536486030609949,0.48201438848920863
L,val_lt50k,1,2026Q1,134,65.526085,56.46598,2.073367688230718,0.6268656716417911
L,val_lt50k,5,2020-23,823,-23.502224,-32.521225,0.017643262792272688,0.46780072904009723
L,val_lt50k,5,2024-01..2025-06,449,61.129013,51.722492,1.1263303565564036,0.534521158129176
L,val_lt50k,5,2025-07..2026-03,336,25.300234,16.133064,0.26557639986276627,0.5297619047619048
L,val_lt50k,5,full 2020-01..2026-03,1608,10.326788,1.1686208,0.657272595578668,0.4993781094527363
L,val_lt50k,5,2020,167,-36.255024,-44.845314,0.773857009358862,0.47305389221556887
L,val_lt50k,5,2021,226,-10.554086,-19.467129,-0.3136650770176675,0.47345132743362833
L,val_lt50k,5,2022,210,73.55796,64.22729,1.7484848953134504,0.5380952380952381
L,val_lt50k,5,2023,220,-119.771286,-128.92708,-3.26521473378816,0.39090909090909093
L,val_lt50k,5,2024,234,110.51217,101.17719,1.2497763118460001,0.5598290598290598
L,val_lt50k,5,2025,417,-42.428043,-51.79317,-1.2652168344500851,0.47961630695443647
L,val_lt50k,5,2026Q1,134,207.3168,198.25671,1.373437696343654,0.6492537313432836
L,val_lt50k,20,2020-23,823,-94.72862,-103.74762,-0.4273225696119071,0.44106925880923453
L,val_lt50k,20,2024-01..2025-06,449,128.14001,118.733505,0.22848326564499155,0.5211581291759465
L,val_lt50k,20,2025-07..2026-03,336,147.07715,137.90997,0.6967670023441315,0.47023809523809523
L,val_lt50k,20,full 2020-01..2026-03,1608,18.029316,8.871138,0.22237511124848441,0.4695273631840796
L,val_lt50k,20,2020,167,-64.11905,-72.70931,0.27213557174787056,0.46706586826347307
L,val_lt50k,20,2021,226,-170.51454,-179.42763,-1.214360422252846,0.3672566371681416
L,val_lt50k,20,2022,210,219.18678,209.85606,1.1210846424906684,0.5904761904761905
L,val_lt50k,20,2023,220,-339.75775,-348.91348,-2.042125722019727,0.35454545454545455
L,val_lt50k,20,2024,234,523.4262,514.09125,0.8137445615138527,0.6111111111111112
L,val_lt50k,20,2025,417,-220.96786,-230.33301,-1.365426612826238,0.41007194244604317
L,val_lt50k,20,2026Q1,134,571.75116,562.6911,1.2037679689543854,0.582089552238806
L,val_lt50k,60,2020-23,823,-368.3313,-377.35034,-1.1057720321069766,0.36573511543134873
L,val_lt50k,60,2024-01..2025-06,449,148.09691,138.69041,0.1799746506476737,0.49888641425389757
L,val_lt50k,60,2025-07..2026-03,336,344.904,335.7368,0.8215089440345764,0.4375
L,val_lt50k,60,full 2020-01..2026-03,1608,-75.095436,-84.25359,-0.030978511010032548,0.417910447761194
L,val_lt50k,60,2020,167,511.6665,503.07623,2.207485767697682,0.5029940119760479
L,val_lt50k,60,2021,226,-491.51935,-500.4324,-0.7111232919350714,0.3185840707964602
L,val_lt50k,60,2022,210,-220.10979,-229.44046,-0.050715843609801026,0.4523809523809524
L,val_lt50k,60,2023,220,-1051.2661,-1060.4219,-2.8320339599873043,0.22727272727272727
L,val_lt50k,60,2024,234,1422.5513,1413.2164,1.328717044432641,0.6794871794871795
L,val_lt50k,60,2025,417,-260.6903,-270.05554,-0.07475705318766752,0.38369304556354916
L,val_lt50k,60,2026Q1,134,-311.83496,-320.89514,-0.007401727675826774,0.3880597014925373
L,val_50_250k,1,2020-23,1062,-22.162556,-30.899076,-0.3096912035992384,0.4585687382297552
L,val_50_250k,1,2024-01..2025-06,367,-2.4669046,-11.097927,0.03736653583063122,0.44141689373297005
L,val_50_250k,1,2025-07..2026-03,259,-18.80266,-27.469479,-2.790662169456482,0.4594594594594595
L,val_50_250k,1,full 2020-01..2026-03,1688,-17.364857,-26.067747,-0.7570168338669789,0.4549763033175355
L,val_50_250k,1,2020,327,-64.1889,-73.02502,-0.42655122485430547,0.40672782874617736
L,val_50_250k,1,2021,204,-8.630271,-17.303751,-0.7387113459455943,0.47549019607843135
L,val_50_250k,1,2022,246,20.625425,11.79125,1.520924822464589,0.556910569105691
L,val_50_250k,1,2023,285,-20.561901,-29.144981,-2.2806738572296377,0.42105263157894735
L,val_50_250k,1,2024,220,11.596896,2.9907866,1.2039510104126239,0.45454545454545453
L,val_50_250k,1,2025,312,-18.575611,-27.240883,-3.419577219183939,0.4391025641025641
L,val_50_250k,1,2026Q1,94,-26.925205,-35.59948,-2.0109642816617685,0.46808510638297873
L,val_50_250k,5,2020-23,1062,-67.57035,-76.30688,-1.7455106006649188,0.4500941619585687
L,val_50_250k,5,2024-01..2025-06,367,43.860058,35.22904,0.5296444304216232,0.4904632152588556
L,val_50_250k,5,2025-07..2026-03,259,-27.836802,-36.50362,-1.2902569770812988,0.47876447876447875
L,val_50_250k,5,full 2020-01..2026-03,1688,-37.246918,-45.949806,-1.409099318836398,0.46327014218009477
L,val_50_250k,5,2020,327,-161.17703,-170.01312,-0.8509249480520046,0.40978593272171254
L,val_50_250k,5,2021,204,-25.117268,-33.79075,-1.2202676130023888,0.4803921568627451
L,val_50_250k,5,2022,246,8.339092,-0.4950941,0.18814639727226712,0.5365853658536586
L,val_50_250k,5,2023,285,-56.07833,-64.66141,-1.8895847727148434,0.4
L,val_50_250k,5,2024,220,28.926777,20.320662,0.3623382062150059,0.45454545454545453
L,val_50_250k,5,2025,312,41.590324,32.925053,0.3620053918320415,0.5288461538461539
L,val_50_250k,5,2026Q1,94,-111.203835,-119.87812,-1.7049946371414586,0.4148936170212766
L,val_50_250k,20,2020-23,1062,-59.342304,-68.078835,-1.2935093864363658,0.448210922787194
L,val_50_250k,20,2024-01..2025-06,367,51.014023,42.382996,0.48283010292937517,0.47411444141689374
L,val_50_250k,20,2025-07..2026-03,259,169.8501,161.18326,1.1390187442302704,0.5135135135135135
L,val_50_250k,20,full 2020-01..2026-03,1688,-0.18258514,-8.885482,-0.6111962573794208,0.46386255924170616
L,val_50_250k,20,2020,327,-126.31565,-135.15175,-0.2378027290684296,0.3944954128440367
L,val_50_250k,20,2021,204,-25.327118,-34.0006,-0.9843970656440687,0.5
L,val_50_250k,20,2022,246,-103.969666,-112.80388,-0.32098807744475166,0.491869918699187
L,val_50_250k,20,2023,285,31.67355,23.09046,-0.9792843966444424,0.43508771929824563
L,val_50_250k,20,2024,220,2.4961042,-6.1100044,0.5806505558919065,0.44545454545454544
L,val_50_250k,20,2025,312,207.32056,198.65527,0.931752256841605,0.5384615384615384
L,val_50_250k,20,2026Q1,94,-26.806784,-35.48104,-1.7670186430566992,0.43617021276595747
L,val_50_250k,60,2020-23,1062,211.5573,202.82077,-0.3200367367579686,0.4858757062146893
L,val_50_250k,60,2024-01..2025-06,367,105.53657,96.90554,0.9993665368260344,0.4713896457765668
L,val_50_250k,60,2025-07..2026-03,259,197.63252,188.9657,1.505774438381195,0.4942084942084942
L,val_50_250k,60,full 2020-01..2026-03,1688,186.37004,177.66716,0.38678912655832964,0.4840047393364929
L,val_50_250k,60,2020,327,749.7544,740.9183,1.0687149636860642,0.5168195718654435
L,val_50_250k,60,2021,204,-9.747159,-18.420639,-0.9960668103225162,0.47058823529411764
L,val_50_250k,60,2022,246,-198.20811,-207.04227,-0.794722548357892,0.44308943089430897
L,val_50_250k,60,2023,285,106.14664,97.563545,-0.629397190739705,0.4982456140350877
L,val_50_250k,60,2024,220,81.13362,72.52753,0.4749772532449357,0.4909090909090909
L,val_50_250k,60,2025,312,214.32693,205.66167,1.5751582618137936,0.5032051282051282
L,val_50_250k,60,2026Q1,94,55.312183,46.63794,0.9122885387341088,0.3829787234042553
L,val_250k_1m,1,2020-23,784,-15.048247,-23.678751,0.41102235609799964,0.4732142857142857
L,val_250k_1m,1,2024-01..2025-06,254,23.500702,14.8888035,0.6519268205637812,0.547244094488189
L,val_250k_1m,1,2025-07..2026-03,216,-16.65134,-25.24776,0.10824939608573914,0.42592592592592593
L,val_250k_1m,1,full 2020-01..2026-03,1254,-7.5162187,-16.137085,0.6239868987034636,0.4800637958532695
L,val_250k_1m,1,2020,231,-53.569714,-62.214245,-0.055678097671690276,0.4329004329004329
L,val_250k_1m,1,2021,117,69.5803,60.97264,3.0207533167705924,0.6239316239316239
L,val_250k_1m,1,2022,251,-21.13683,-29.788069,-1.6105831331367093,0.4701195219123506
L,val_250k_1m,1,2023,185,-12.209593,-20.808882,-1.1495073779393508,0.43243243243243246
L,val_250k_1m,1,2024,121,-5.6097627,-14.128338,-0.5645294865914272,0.48760330578512395
L,val_250k_1m,1,2025,259,25.373749,16.763956,1.2048994604277596,0.525096525096525
L,val_250k_1m,1,2026Q1,90,-39.117004,-47.8233,0.11538620457281759,0.4
L,val_250k_1m,5,2020-23,784,-38.32398,-46.954487,0.44463733144531414,0.5063775510204082
L,val_250k_1m,5,2024-01..2025-06,254,27.298649,18.686749,-0.3003911576594058,0.48031496062992124
L,val_250k_1m,5,2025-07..2026-03,216,-24.4109,-33.007324,-0.8869419693946838,0.4675925925925926
L,val_250k_1m,5,full 2020-01..2026-03,1254,-22.635483,-31.25635,0.003296694215374165,0.4944178628389155
L,val_250k_1m,5,2020,231,-125.660065,-134.30461,0.5155327054078637,0.4458874458874459
L,val_250k_1m,5,2021,117,64.586075,55.97841,2.0344291022822287,0.5811965811965812
L,val_250k_1m,5,2022,251,-42.569847,-51.22109,-2.5215483636859903,0.5298804780876494
L,val_250k_1m,5,2023,185,11.405065,2.8057742,0.037345225798361116,0.5027027027027027
L,val_250k_1m,5,2024,121,-30.521313,-39.03989,-1.0726609369611833,0.4380165289256198
L,val_250k_1m,5,2025,259,53.593056,44.983257,0.3797350424755418,0.525096525096525
L,val_250k_1m,5,2026Q1,90,-94.738,-103.44429,-0.6898455741306175,0.37777777777777777
L,val_250k_1m,20,2020-23,784,-32.371655,-41.00216,0.2356211236904668,0.48341836734693877
L,val_250k_1m,20,2024-01..2025-06,254,-46.7286,-55.340492,-0.7785709353747708,0.44881889763779526
L,val_250k_1m,20,2025-07..2026-03,216,4.111992,-4.4844165,0.2193552553653717,0.4722222222222222
L,val_250k_1m,20,full 2020-01..2026-03,1254,-28.995415,-37.61628,0.03459539938480348,0.474481658692185
L,val_250k_1m,20,2020,231,-226.66074,-235.3053,0.11790181157388564,0.4025974025974026
L,val_250k_1m,20,2021,117,56.25357,47.645912,0.6701589645914594,0.5299145299145299
L,val_250k_1m,20,2022,251,-34.556255,-43.207497,-0.5120897606185125,0.5179282868525896
L,val_250k_1m,20,2023,185,157.14166,148.54237,0.45866550285400737,0.5081081081081081
L,val_250k_1m,20,2024,121,-104.17781,-112.696396,-1.5333238423043425,0.4297520661157025
L,val_250k_1m,20,2025,259,61.619213,53.009422,1.2557434840322248,0.4826254826254826
L,val_250k_1m,20,2026Q1,90,-159.27478,-167.98111,-14.248911767696445,0.43333333333333335
L,val_250k_1m,60,2020-23,784,148.09982,139.46931,0.00956798119995732,0.48596938775510207
L,val_250k_1m,60,2024-01..2025-06,254,-40.375343,-48.987255,0.2191352948428057,0.452755905511811
L,val_250k_1m,60,2025-07..2026-03,216,-289.4141,-298.01056,-0.47222234308719635,0.4398148148148148
L,val_250k_1m,60,full 2020-01..2026-03,1254,34.562584,25.941721,-0.04542510230037926,0.47129186602870815
L,val_250k_1m,60,2020,231,346.94153,338.297,0.9665727713136875,0.48484848484848486
L,val_250k_1m,60,2021,117,-131.44862,-140.05626,-1.0532264352849794,0.5042735042735043
L,val_250k_1m,60,2022,251,218.38367,209.73242,0.10738663857524622,0.5338645418326693
L,val_250k_1m,60,2023,185,-18.746193,-27.345495,-0.2981687541269622,0.41081081081081083
L,val_250k_1m,60,2024,121,-45.199707,-53.718277,-0.07455359636092009,0.48760330578512395
L,val_250k_1m,60,2025,259,47.55616,38.946365,0.9921780310507047,0.47104247104247104
L,val_250k_1m,60,2026Q1,90,-884.62964,-893.336,-1.5650314131270957,0.32222222222222224
L,val_gt1m,1,2020-23,783,-15.884489,-24.636726,0.4526290577865206,0.454661558109834
L,val_gt1m,1,2024-01..2025-06,250,-2.6251388,-11.210198,-0.11756312322069609,0.504
L,val_gt1m,1,2025-07..2026-03,220,69.77574,61.124313,1.7849253416061401,0.5363636363636364
L,val_gt1m,1,full 2020-01..2026-03,1253,1.8011391,-6.9000454,1.1271885021505015,0.4788507581803671
L,val_gt1m,1,2020,242,-28.114813,-37.10096,-0.16809142066983954,0.4297520661157025
L,val_gt1m,1,2021,168,28.710049,20.032116,2.2512441356649613,0.5119047619047619
L,val_gt1m,1,2022,221,-29.653502,-38.289776,0.1683063756592555,0.4841628959276018
L,val_gt1m,1,2023,152,-25.681808,-34.31234,-1.6944244833099917,0.3881578947368421
L,val_gt1m,1,2024,151,-24.75013,-33.322216,-0.542966418200075,0.47019867549668876
L,val_gt1m,1,2025,217,55.201054,46.551464,1.4503659020341313,0.5576036866359447
L,val_gt1m,1,2026Q1,102,63.264904,54.654778,2.676814390448099,0.5098039215686274
L,val_gt1m,5,2020-23,783,9.199585,0.44735,0.25592984706343447,0.4840357598978289
L,val_gt1m,5,2024-01..2025-06,250,25.355778,16.77072,0.7948904901461286,0.492
L,val_gt1m,5,2025-07..2026-03,220,52.429485,43.778057,0.2414160892367363,0.5181818181818182
L,val_gt1m,5,full 2020-01..2026-03,1253,20.01334,11.312157,0.6331869128884599,0.49162011173184356
L,val_gt1m,5,2020,242,125.67337,116.68721,1.0130343302242906,0.5041322314049587
L,val_gt1m,5,2021,168,-28.595749,-37.27369,-0.3313804033507726,0.4642857142857143
L,val_gt1m,5,2022,221,-36.309822,-44.946114,0.12691496448453815,0.49321266968325794
L,val_gt1m,5,2023,152,-68.29686,-76.92739,-0.8188709612038035,0.4605263157894737
L,val_gt1m,5,2024,151,-44.39921,-52.971306,0.23178427327003367,0.4304635761589404
L,val_gt1m,5,2025,217,86.51599,77.86642,0.7717520842082577,0.5576036866359447
L,val_gt1m,5,2026Q1,102,56.899437,48.289303,0.6751436697515558,0.5
L,val_gt1m,20,2020-23,783,-101.05165,-109.80388,-1.0896447685101103,0.4521072796934866
L,val_gt1m,20,2024-01..2025-06,250,-87.03035,-95.61544,0.03202642409863516,0.456
L,val_gt1m,20,2025-07..2026-03,220,-121.095764,-129.7472,-0.9295509159564972,0.41818181818181815
L,val_gt1m,20,full 2020-01..2026-03,1253,-101.773415,-110.47461,-1.189341039715774,0.44692737430167595
L,val_gt1m,20,2020,242,59.868366,50.882217,0.23300922119014789,0.4462809917355372
L,val_gt1m,20,2021,168,-280.77277,-289.45068,-1.185170626434896,0.4166666666666667
L,val_gt1m,20,2022,221,-170.62231,-179.2586,-0.48158847739800736,0.47058823529411764
L,val_gt1m,20,2023,152,-57.462013,-66.09253,-0.9338813397481189,0.47368421052631576
L,val_gt1m,20,2024,151,-148.81042,-157.38249,-0.2644711107324484,0.44370860927152317
L,val_gt1m,20,2025,217,-60.61255,-69.262115,-0.36456312004854174,0.45622119815668205
L,val_gt1m,20,2026Q1,102,-125.24876,-133.85887,-0.20550770666206625,0.39215686274509803
L,val_gt1m,60,2020-23,783,90.48306,81.73085,-1.1212976230481109,0.46360153256704983
L,val_gt1m,60,2024-01..2025-06,250,-212.34015,-220.92525,-0.42291422737998524,0.408
L,val_gt1m,60,2025-07..2026-03,220,-652.8068,-661.4583,-1.9073140025138855,0.2590909090909091
L,val_gt1m,60,full 2020-01..2026-03,1253,-100.442375,-109.14356,-1.5821538936768205,0.4166001596169194
L,val_gt1m,60,2020,242,1491.565,1482.579,1.6735446458101348,0.6074380165289256
L,val_gt1m,60,2021,168,-682.01587,-690.69385,-0.8579780320140215,0.39880952380952384
L,val_gt1m,60,2022,221,-406.40228,-415.03857,-0.7873280038075371,0.45701357466063347
L,val_gt1m,60,2023,152,-563.9268,-572.5573,-2.939311327302847,0.3157894736842105
L,val_gt1m,60,2024,151,-495.7329,-504.305,-0.6972007848989146,0.39072847682119205
L,val_gt1m,60,2025,217,-65.47217,-74.121735,-0.33182649592891583,0.3778801843317972
L,val_gt1m,60,2026Q1,102,-1055.2887,-1063.8986,-2.193968780598333,0.17647058823529413
L,rel_lt5,1,2020-23,1322,-14.13628,-23.112654,-0.2623494867911672,0.4742813918305598
L,rel_lt5,1,2024-01..2025-06,684,8.715498,-0.43015862,0.8966251852844522,0.5131578947368421
L,rel_lt5,1,2025-07..2026-03,465,20.237782,11.170295,0.46381017565727234,0.4881720430107527
L,rel_lt5,1,full 2020-01..2026-03,2471,-1.3420447,-10.382422,0.24278397897257262,0.4876568191015783
L,rel_lt5,1,2020,316,-32.01558,-40.869522,0.684016534753825,0.4620253164556962
L,rel_lt5,1,2021,291,0.70497954,-8.236508,0.32724524594016485,0.4570446735395189
L,rel_lt5,1,2022,351,0.590682,-8.545326,-0.23813378840075097,0.50997150997151
L,rel_lt5,1,2023,364,-24.680542,-33.637146,-2.452912256092357,0.4642857142857143
L,rel_lt5,1,2024,386,12.619923,3.5678167,1.1058401693672346,0.5129533678756477
L,rel_lt5,1,2025,573,-4.0371695,-13.23186,-1.1227117809132823,0.47294938917975565
L,rel_lt5,1,2026Q1,190,67.44198,58.44548,2.3962804884203464,0.5736842105263158
L,rel_lt5,5,2020-23,1322,-56.901215,-65.87759,-0.702620123188838,0.4636913767019667
L,rel_lt5,5,2024-01..2025-06,684,52.411507,43.265846,1.1148317269051158,0.5190058479532164
L,rel_lt5,5,2025-07..2026-03,465,42.37893,33.31145,0.5070785880088806,0.4924731182795699
L,rel_lt5,5,full 2020-01..2026-03,2471,-7.959423,-16.9998,0.022424344976525852,0.48441926345609065
L,rel_lt5,5,2020,316,-101.11227,-109.96622,0.3838859437228001,0.4588607594936709
L,rel_lt5,5,2021,291,-30.205658,-39.147152,-0.6346149046822289,0.47766323024054985
L,rel_lt5,5,2022,351,-4.759826,-13.895833,-0.015607720213595744,0.5327635327635327
L,rel_lt5,5,2023,364,-90.141174,-99.09778,-2.771335017307534,0.3901098901098901
L,rel_lt5,5,2024,386,69.00447,59.952374,1.0506872899576405,0.5259067357512953
L,rel_lt5,5,2025,573,2.2452164,-6.949471,-0.4435811006730431,0.48342059336823734
L,rel_lt5,5,2026Q1,190,145.43912,136.44263,1.2985967620590781,0.5473684210526316
L,rel_lt5,20,2020-23,1322,-98.22974,-107.206116,-0.8491202397996275,0.4394856278366112
L,rel_lt5,20,2024-01..2025-06,684,19.111942,9.966272,0.1723805050424353,0.489766081871345
L,rel_lt5,20,2025-07..2026-03,465,115.17572,106.10824,0.6282791644334793,0.4666666666666667
L,rel_lt5,20,full 2020-01..2026-03,2471,-25.589,-34.629395,-0.22455387434774043,0.4585188182921894
L,rel_lt5,20,2020,316,-100.21715,-109.07111,0.23780373564159252,0.41455696202531644
L,rel_lt5,20,2021,291,-111.1271,-120.06858,-0.6981081460813493,0.4261168384879725
L,rel_lt5,20,2022,351,-19.128708,-28.264727,-0.150550941257044,0.50997150997151
L,rel_lt5,20,2023,364,-162.46962,-171.42624,-1.7328172485085058,0.40384615384615385
L,rel_lt5,20,2024,386,230.38939,221.33728,0.8085241633762277,0.5362694300518135
L,rel_lt5,20,2025,573,-161.20436,-170.39905,-1.5553861709844936,0.43106457242582896
L,rel_lt5,20,2026Q1,190,368.78458,359.7881,0.9924173373677924,0.5157894736842106
L,rel_lt5,60,2020-23,1322,-242.63171,-251.60808,-1.6421982024667487,0.4069591527987897
L,rel_lt5,60,2024-01..2025-06,684,-32.251984,-41.397694,0.011538691547886263,0.4444444444444444
L,rel_lt5,60,2025-07..2026-03,465,248.62119,239.55368,0.737392857670784,0.4172043010752688
L,rel_lt5,60,full 2020-01..2026-03,2471,-91.9509,-100.99128,-0.7699097456053293,0.4192634560906516
L,rel_lt5,60,2020,316,653.2756,644.42163,1.5670175110253413,0.5379746835443038
L,rel_lt5,60,2021,291,-489.50482,-498.44635,-2.0824326280401233,0.3436426116838488
L,rel_lt5,60,2022,351,-349.59033,-358.72626,-1.0109233140155722,0.42165242165242167
L,rel_lt5,60,2023,364,-719.89594,-728.8526,-2.6726904343901245,0.32967032967032966
L,rel_lt5,60,2024,386,635.8708,626.81866,1.2071042169884691,0.5440414507772021
L,rel_lt5,60,2025,573,-106.085205,-115.27983,-0.10337371528001023,0.3961605584642234
L,rel_lt5,60,2026Q1,190,-479.5308,-488.52722,-0.23841087992579987,0.32105263157894737
L,rel_5_25,1,2020-23,894,-27.264301,-35.934166,-1.0816339947075135,0.4597315436241611
L,rel_5_25,1,2024-01..2025-06,246,8.372425,-0.27576962,-0.29879013586173464,0.5121951219512195
L,rel_5_25,1,2025-07..2026-03,218,-37.51231,-46.151768,-2.121472656726837,0.45871559633027525
L,rel_5_25,1,full 2020-01..2026-03,1358,-22.453865,-31.11493,-1.659893861908825,0.4690721649484536
L,rel_5_25,1,2020,266,-55.559593,-64.408714,0.44725039537620565,0.42857142857142855
L,rel_5_25,1,2021,176,16.726587,8.207999,0.5486105578297131,0.5170454545454546
L,rel_5_25,1,2022,256,-40.32758,-48.939587,-2.9563332537745546,0.47265625
L,rel_5_25,1,2023,196,-11.303315,-19.941347,-0.40915013001500344,0.4336734693877551
L,rel_5_25,1,2024,144,-7.3633757,-15.921323,-0.8749657349981904,0.4513888888888889
L,rel_5_25,1,2025,230,1.6177297,-7.0709405,-0.24570980002567924,0.5391304347826087
L,rel_5_25,1,2026Q1,90,-60.331318,-68.99931,-1.8632687174674083,0.4111111111111111
L,rel_5_25,5,2020-23,894,-34.738785,-43.408657,-0.22616924683341488,0.46868008948545864
L,rel_5_25,5,2024-01..2025-06,246,12.668156,4.019962,-0.7045896238795071,0.491869918699187
L,rel_5_25,5,2025-07..2026-03,218,-17.120224,-25.75968,-0.7064795047044754,0.5
L,rel_5_25,5,full 2020-01..2026-03,1358,-23.322767,-31.983828,-0.5784566264450903,0.47790868924889546
L,rel_5_25,5,2020,266,-35.131714,-43.98082,0.9086273998545226,0.4398496240601504
L,rel_5_25,5,2021,176,4.698678,-3.8199077,0.7940884588844008,0.5397727272727273
L,rel_5_25,5,2022,256,-67.191284,-75.80328,-2.134422596476199,0.453125
L,rel_5_25,5,2023,196,-27.23181,-35.869846,-0.6641961800318423,0.4642857142857143
L,rel_5_25,5,2024,144,-47.857513,-56.415466,-1.5979336572463714,0.4375
L,rel_5_25,5,2025,230,49.30889,40.62023,0.3503399315419285,0.5521739130434783
L,rel_5_25,5,2026Q1,90,-56.282288,-64.95027,-0.3351618664376779,0.4444444444444444
L,rel_5_25,20,2020-23,894,-75.03359,-83.70346,-0.5389671223568906,0.465324384787472
L,rel_5_25,20,2024-01..2025-06,246,-111.60323,-120.25141,-0.6189677532205953,0.4146341463414634
L,rel_5_25,20,2025-07..2026-03,218,22.218128,13.578666,-0.606748178601265,0.4954128440366973
L,rel_5_25,20,full 2020-01..2026-03,1358,-66.0463,-74.70735,-0.8773689800437537,0.46097201767304863
L,rel_5_25,20,2020,266,-167.10284,-175.95198,-0.12473372044053127,0.40225563909774437
L,rel_5_25,20,2021,176,23.690327,15.171746,0.9681181450239918,0.5397727272727273
L,rel_5_25,20,2022,256,-58.791595,-67.403595,-0.23088060285586293,0.51171875
L,rel_5_25,20,2023,196,-59.946518,-68.58453,-1.4168455703736977,0.42346938775510207
L,rel_5_25,20,2024,144,-98.82493,-107.38288,0.08571141470493536,0.4375
L,rel_5_25,20,2025,230,-12.772363,-21.461035,-1.4186160035193995,0.45217391304347826
L,rel_5_25,20,2026Q1,90,-60.471222,-69.139206,0.12514718972436914,0.4777777777777778
L,rel_5_25,60,2020-23,894,249.7009,241.03105,-0.15280246475547601,0.4753914988814318
L,rel_5_25,60,2024-01..2025-06,246,-164.88405,-173.53227,-0.1434733198112533,0.46747967479674796
L,rel_5_25,60,2025-07..2026-03,218,-78.82217,-87.461624,-0.6560528576374054,0.44954128440366975
L,rel_5_25,60,full 2020-01..2026-03,1358,121.86149,113.200424,-0.3165736476005754,0.4698085419734904
L,rel_5_25,60,2020,266,1094.4038,1085.5547,1.0133008914454813,0.5037593984962406
L,rel_5_25,60,2021,176,53.131638,44.61306,0.10680967212874967,0.5056818181818182
L,rel_5_25,60,2022,256,-136.3582,-144.97021,-0.9623331883898207,0.5
L,rel_5_25,60,2023,196,-215.92987,-224.56787,-1.7978854413831789,0.37755102040816324
L,rel_5_25,60,2024,144,-181.9219,-190.47984,0.12170766470281506,0.4652777777777778
L,rel_5_25,60,2025,230,63.132782,54.444126,-0.1612863150398522,0.508695652173913
L,rel_5_25,60,2026Q1,90,-511.87216,-520.5402,-4.095422651097015,0.32222222222222224
L,rel_gt25,1,2020-23,1236,-9.153996,-17.812983,1.0526764850040795,0.4733009708737864
L,rel_gt25,1,2024-01..2025-06,390,9.613818,1.0453073,0.4147213541815132,0.49230769230769234
L,rel_gt25,1,2025-07..2026-03,348,17.524387,8.946129,1.8123502135276794,0.48563218390804597
L,rel_gt25,1,full 2020-01..2026-03,1974,-0.74289006,-9.369769,1.739113363642453,0.47922998986828774
L,rel_gt25,1,2020,385,-62.4593,-71.144516,-0.6104344879716508,0.4051948051948052
L,rel_gt25,1,2021,248,32.37944,23.720236,2.581159794396735,0.5201612903225806
L,rel_gt25,1,2022,321,24.947403,16.22058,1.2188106112538735,0.5669781931464174
L,rel_gt25,1,2023,282,-11.72244,-20.26821,-1.6140123988548722,0.41843971631205673
L,rel_gt25,1,2024,196,0.61064655,-7.9424405,0.07372115390280873,0.4642857142857143
L,rel_gt25,1,2025,402,19.72719,11.1481695,1.6771339308516309,0.4975124378109453
L,rel_gt25,1,2026Q1,140,12.841846,4.2576914,1.0000173260816523,0.5
L,rel_gt25,5,2020-23,1236,-6.2013626,-14.860346,-0.2340627677673178,0.4911003236245955
L,rel_gt25,5,2024-01..2025-06,390,45.770603,37.20208,0.698104994061318,0.4846153846153846
L,rel_gt25,5,2025-07..2026-03,348,-24.198608,-32.776863,-1.1898667216300964,0.514367816091954
L,rel_gt25,5,full 2020-01..2026-03,1974,0.89388794,-7.7329907,-0.16329709011156893,0.4939209726443769
L,rel_gt25,5,2020,385,-41.75969,-50.4449,0.218499365808654,0.45714285714285713
L,rel_gt25,5,2021,248,12.928297,4.269095,-0.32553802042717955,0.4717741935483871
L,rel_gt25,5,2022,321,55.017918,46.2911,0.2520866732987728,0.573208722741433
L,rel_gt25,5,2023,282,-44.16444,-52.710197,-0.8846218171594699,0.46099290780141844
L,rel_gt25,5,2024,196,10.623129,2.070042,0.3463795823372779,0.42346938775510207
L,rel_gt25,5,2025,402,38.086327,29.507303,-0.021326615644657432,0.5422885572139303
L,rel_gt25,5,2026Q1,140,-56.881546,-65.4657,-0.483133593012629,0.4785714285714286
L,rel_gt25,20,2020-23,1236,-39.2769,-47.93589,-1.0452090542329031,0.465210355987055
L,rel_gt25,20,2024-01..2025-06,390,146.1851,137.61658,1.0454137811386721,0.5102564102564102
L,rel_gt25,20,2025-07..2026-03,348,26.597548,18.019295,-0.0726675633341074,0.45977011494252873
L,rel_gt25,20,full 2020-01..2026-03,1974,8.97765,0.35077003,-0.6077506800141051,0.47315096251266464
L,rel_gt25,20,2020,385,-35.75483,-44.440037,0.46904626607343913,0.44155844155844154
L,rel_gt25,20,2021,248,-226.30118,-234.96039,-2.6670734464263166,0.3951612903225806
L,rel_gt25,20,2022,321,-12.970885,-21.697708,-0.13884381141894367,0.5264797507788161
L,rel_gt25,20,2023,282,90.445755,81.899994,0.06455276934373905,0.48936170212765956
L,rel_gt25,20,2024,196,67.629974,59.07689,-0.16078768708547603,0.45918367346938777
L,rel_gt25,20,2025,402,175.75772,167.1787,1.6202267234669414,0.527363184079602
L,rel_gt25,20,2026Q1,140,-126.01389,-134.59804,-6.307152750679126,0.40714285714285714
L,rel_gt25,60,2020-23,1236,166.68465,158.02567,-0.24408906237599864,0.48381877022653724
L,rel_gt25,60,2024-01..2025-06,390,267.97156,259.40308,1.6030438348753624,0.5
L,rel_gt25,60,2025-07..2026-03,348,-395.06323,-403.6415,-1.6725617051124573,0.3879310344827586
L,rel_gt25,60,full 2020-01..2026-03,1974,87.6642,79.03733,0.011603955685628442,0.47011144883485306
L,rel_gt25,60,2020,385,712.13947,703.4542,1.8180072002435297,0.5402597402597402
L,rel_gt25,60,2021,248,-443.28726,-451.94644,-2.4240751222153785,0.42338709677419356
L,rel_gt25,60,2022,321,86.078094,77.351265,-0.22288162402596992,0.5077881619937694
L,rel_gt25,60,2023,282,50.186863,41.64109,-0.16736630084902648,0.4326241134751773
L,rel_gt25,60,2024,196,260.98068,252.42758,0.9228272048922745,0.5510204081632653
L,rel_gt25,60,2025,402,6.3133907,-2.2656436,0.24767168854887853,0.44029850746268656
L,rel_gt25,60,2026Q1,140,-619.02344,-627.6076,-1.9659945157977217,0.32142857142857145
L,opportunistic,1,2020-23,3407,-15.184189,-23.97373,-0.3378971902935095,0.47020839448194895
L,opportunistic,1,2024-01..2025-06,1150,9.820429,1.0770295,0.6766288777417736,0.5043478260869565
L,opportunistic,1,2025-07..2026-03,853,4.9863396,-3.657636,0.8240627646446228,0.48182883939038684
L,opportunistic,1,full 2020-01..2026-03,5410,-6.688667,-15.445452,0.13731069402737603,0.47929759704251385
L,opportunistic,1,2020,958,-48.984913,-57.77407,0.10505183405236827,0.430062630480167
L,opportunistic,1,2021,707,15.345136,6.600955,1.6861222678623826,0.49646393210749645
L,opportunistic,1,2022,913,-2.078622,-10.938294,-0.47499981080761206,0.5191675794085433
L,opportunistic,1,2023,829,-16.593737,-25.345194,-2.5693373603123457,0.44028950542822676
L,opportunistic,1,2024,620,3.0515213,-5.578813,0.6546973297605218,0.482258064516129
L,opportunistic,1,2025,1010,10.349436,1.5940127,0.3964828197129844,0.500990099009901
L,opportunistic,1,2026Q1,373,8.58436,-0.087058336,1.0770144949385723,0.49865951742627346
L,opportunistic,5,2020-23,3407,-31.965372,-40.754917,-0.5397746521292202,0.47607866157910184
L,opportunistic,5,2024-01..2025-06,1150,42.518642,33.775238,0.913376028756622,0.5026086956521739
L,opportunistic,5,2025-07..2026-03,853,-10.46107,-19.105042,-0.23954766243696213,0.49941383352872215
L,opportunistic,5,full 2020-01..2026-03,5410,-12.741753,-21.498537,-0.18523406171858653,0.48539741219963034
L,opportunistic,5,2020,958,-59.00983,-67.79899,0.55593861693218,0.45407098121085593
L,opportunistic,5,2021,707,-5.4653583,-14.209541,-0.28083966798316,0.49363507779349364
L,opportunistic,5,2022,913,-0.081754334,-8.94143,-0.17630852906604688,0.5257393209200438
L,opportunistic,5,2023,829,-58.426975,-67.17843,-2.2001205428168924,0.43184559710494574
L,opportunistic,5,2024,620,20.955685,12.325356,0.6963716267083667,0.47419354838709676
L,opportunistic,5,2025,1010,41.553196,32.79777,0.12605071818591437,0.5297029702970297
L,opportunistic,5,2026Q1,373,-40.18259,-48.85402,0.09371245830029074,0.4691689008042895
L,opportunistic,20,2020-23,3407,-70.96499,-79.75453,-0.9866366135028191,0.45377164660992075
L,opportunistic,20,2024-01..2025-06,1150,-4.91044,-13.653838,0.047030366969358875,0.46
L,opportunistic,20,2025-07..2026-03,853,-29.561953,-38.20592,-0.30483292043209076,0.4618991793669402
L,opportunistic,20,full 2020-01..2026-03,5410,-50.395767,-59.15255,-0.8801176345416017,0.45637707948243994
L,opportunistic,20,2020,958,-94.38957,-103.17873,0.18074367108876752,0.42171189979123175
L,opportunistic,20,2021,707,-118.82743,-127.57161,-1.6774340445115852,0.44130127298444133
L,opportunistic,20,2022,913,-24.801208,-33.660885,0.15494249091894052,0.5136911281489595
L,opportunistic,20,2023,829,-53.918007,-62.66946,-1.7144571475406416,0.43546441495778043
L,opportunistic,20,2024,620,35.85448,27.22414,0.46023255660166656,0.4596774193548387
L,opportunistic,20,2025,1010,17.133009,8.377595,-0.40163830678638635,0.4762376237623762
L,opportunistic,20,2026Q1,373,-188.73315,-197.40454,-2.012155857810097,0.42091152815013405
L,opportunistic,60,2020-23,3407,36.825603,28.036064,-1.5836133731438904,0.4528911065453478
L,opportunistic,60,2024-01..2025-06,1150,-175.04572,-183.78915,-1.3800531623333787,0.42695652173913046
L,opportunistic,60,2025-07..2026-03,853,-285.2766,-293.9206,-0.9950384795665741,0.3974208675263775
L,opportunistic,60,full 2020-01..2026-03,5410,-58.997902,-67.75469,-2.1775246271221307,0.43863216266173755
L,opportunistic,60,2020,958,814.92926,806.14014,2.068007763566974,0.5313152400835073
L,opportunistic,60,2021,707,-349.48615,-358.23035,-4.267980056223669,0.4101838755304102
L,opportunistic,60,2022,913,-135.98322,-144.84288,-1.1848265332705936,0.47316538882803943
L,opportunistic,60,2023,829,-342.57907,-351.33054,-2.483148887999724,0.376357056694813
L,opportunistic,60,2024,620,-30.0119,-38.64224,-0.20379375775654415,0.47419354838709676
L,opportunistic,60,2025,1010,-169.45879,-178.2142,-1.3965741160173257,0.42277227722772276
L,opportunistic,60,2026Q1,373,-683.33185,-692.0033,-2.1793770830758246,0.29222520107238603
L,routine,1,2020-23,45,-58.76129,-67.07577,-1.4915859943123941,0.4666666666666667
L,routine,1,2024-01..2025-06,170,2.8053732,-7.017539,-0.36341449991814645,0.5235294117647059
L,routine,1,2025-07..2026-03,178,17.292269,7.6759763,0.606648713350296,0.47752808988764045
L,routine,1,full 2020-01..2026-03,393,2.3172495,-7.239357,-1.4222222344692814,0.4961832061068702
L,routine,1,2022,15,-14.042179,-22.298363,-0.6647752636228466,0.5333333333333333
L,routine,1,2023,13,-57.59134,-65.91495,-1.1812771260738373,0.5384615384615384
L,routine,1,2024,106,19.233091,9.308029,0.06799617223441601,0.5188679245283019
L,routine,1,2025,195,-22.891388,-32.495182,-1.2712821708025595,0.4564102564102564
L,routine,1,2026Q1,47,127.2351,117.516,1.3466002878169727,0.6382978723404256
L,routine,5,2020-23,45,-111.972,-120.286514,-2.754495133381108,0.37777777777777777
L,routine,5,2024-01..2025-06,170,46.587875,36.764957,0.14196490422587354,0.5117647058823529
L,routine,5,2025-07..2026-03,178,92.562744,82.94646,0.5909730345010757,0.5112359550561798
L,routine,5,full 2020-01..2026-03,393,49.255386,39.698784,-1.603217009504846,0.4961832061068702
L,routine,5,2022,15,-75.751625,-84.00781,-0.8913082529284827,0.4666666666666667
L,routine,5,2023,13,-166.7103,-175.03392,-1.6811692714691162,0.38461538461538464
L,routine,5,2024,106,83.338234,73.41318,0.5274411141872406,0.5188679245283019
L,routine,5,2025,195,-71.95113,-81.55493,-1.2624209838264076,0.4461538461538462
L,routine,5,2026Q1,47,629.6324,619.9134,1.2723622650474062,0.7659574468085106
L,routine,20,2020-23,45,-82.40628,-90.72079,-1.0412554284983386,0.5777777777777777
L,routine,20,2024-01..2025-06,170,283.98453,274.16165,0.4057130609022223,0.6294117647058823
L,routine,20,2025-07..2026-03,178,521.75586,512.1396,0.9259873330593109,0.5112359550561798
L,routine,20,full 2020-01..2026-03,393,349.7243,340.16766,0.1639066896263743,0.5699745547073791
L,routine,20,2022,15,-218.99812,-227.25429,-0.556811128040068,0.6666666666666666
L,routine,20,2023,13,-52.67166,-60.995277,-0.8041058778762817,0.5384615384615384
L,routine,20,2024,106,620.04913,610.12415,1.1124640703201294,0.7075471698113207
L,routine,20,2025,195,-215.16653,-224.77032,-1.36184372113056,0.4205128205128205
L,routine,20,2026Q1,47,2497.4934,2487.774,1.5164153746947915,0.8723404255319149
L,routine,60,2020-23,45,-377.09222,-385.40674,-2.73387394004156,0.4
L,routine,60,2024-01..2025-06,170,1430.5272,1420.7042,0.8366450741653939,0.7235294117647059
L,routine,60,2025-07..2026-03,178,1147.666,1138.0499,0.8903021514415741,0.4943820224719101
L,routine,60,full 2020-01..2026-03,393,1095.4327,1085.8762,-0.014323212526856968,0.5826972010178118
L,routine,60,2022,15,-388.6777,-396.93393,-1.0435312185442085,0.4666666666666667
L,routine,60,2023,13,-477.9716,-486.29523,-2.8556079268455505,0.3076923076923077
L,routine,60,2024,106,2726.4998,2716.5747,1.8204143643379211,0.8584905660377359
L,routine,60,2025,195,653.46204,643.85834,0.2438630305404397,0.48205128205128206
L,routine,60,2026Q1,47,660.42865,650.7094,0.026366988817336717,0.5531914893617021
L,noplan,1,2020-23,3242,-14.281853,-23.073175,-0.13626973284093838,0.472856261566934
L,noplan,1,2024-01..2025-06,1138,7.768216,-0.9630408,0.6550272059605153,0.4973637961335677
L,noplan,1,2025-07..2026-03,985,8.679789,-0.15574118,0.7562236189842224,0.4862944162436548
L,noplan,1,full 2020-01..2026-03,5365,-5.3889923,-14.175689,0.2972041473220835,0.48052190121155636
L,noplan,1,2020,938,-52.246395,-61.03891,0.15155973404281722,0.43070362473347545
L,noplan,1,2021,690,11.735214,2.9921265,0.9956052320034052,0.4927536231884058
L,noplan,1,2022,869,7.525785,-1.3507549,0.2847779500069317,0.5281933256616801
L,noplan,1,2023,745,-16.015905,-24.750994,-2.5021678556266274,0.4429530201342282
L,noplan,1,2024,646,-2.0533504,-10.756477,0.051666684236198634,0.47058823529411764
L,noplan,1,2025,1082,7.599267,-1.2096605,0.2962301200247828,0.4953789279112754
L,noplan,1,2026Q1,395,26.566782,17.742264,1.5601595990186539,0.5189873417721519
L,noplan,5,2020-23,3242,-33.690475,-42.481796,-0.7871963750093115,0.47655768044417024
L,noplan,5,2024-01..2025-06,1138,35.2961,26.56484,0.796592506329544,0.5017574692442882
L,noplan,5,2025-07..2026-03,985,8.131207,-0.7043218,0.20343084633350372,0.49949238578680205
L,noplan,5,full 2020-01..2026-03,5365,-11.378995,-20.165693,-0.3549962873743729,0.48611369990680336
L,noplan,5,2020,938,-59.28932,-68.08185,0.5991503382432993,0.4541577825159915
L,noplan,5,2021,690,-14.007267,-22.750357,-1.049912280241343,0.48695652173913045
L,noplan,5,2022,869,9.950372,1.0738322,0.0845393505902259,0.5350978135788262
L,noplan,5,2023,745,-70.59461,-79.3297,-2.9372343797242575,0.4268456375838926
L,noplan,5,2024,646,-10.334565,-19.03769,-0.08936535271497154,0.4535603715170279
L,noplan,5,2025,1082,36.34908,27.54015,0.40368005011384245,0.5286506469500925
L,noplan,5,2026Q1,395,39.2978,30.473278,0.8447384461545406,0.5012658227848101
L,noplan,20,2020-23,3242,-74.93758,-83.728905,-1.1663682527049943,0.45311536088834053
L,noplan,20,2024-01..2025-06,1138,15.13116,6.3999004,0.35685760868611865,0.484182776801406
L,noplan,20,2025-07..2026-03,985,59.89845,51.062916,0.5854930579662323,0.4730964467005076
L,noplan,20,full 2020-01..2026-03,5365,-31.077057,-39.86375,-0.6154316720580104,0.46337371854613235
L,noplan,20,2020,938,-98.260056,-107.052574,0.1829888841477552,0.4232409381663113
L,noplan,20,2021,690,-133.46715,-142.21024,-2.0553596297741867,0.4391304347826087
L,noplan,20,2022,869,-10.822585,-19.699125,0.24010654275219592,0.5166858457997698
L,noplan,20,2023,745,-66.151024,-74.886116,-1.8884724835602693,0.42953020134228187
L,noplan,20,2024,646,-15.553896,-24.257027,-0.25525972743262504,0.46904024767801855
L,noplan,20,2025,1082,35.475094,26.666172,0.3008829915655094,0.48706099815157117
L,noplan,20,2026Q1,395,121.222755,112.39823,0.9156051714962999,0.47341772151898737
L,noplan,60,2020-23,3242,40.376823,31.585512,-1.6450349837354872,0.45342381246144353
L,noplan,60,2024-01..2025-06,1138,93.46064,84.72939,0.8773335822700761,0.4771528998242531
L,noplan,60,2025-07..2026-03,985,5.5717626,-3.2637978,0.4355853796005249,0.42741116751269037
L,noplan,60,full 2020-01..2026-03,5365,45.246616,36.459927,-0.8800381410713009,0.45368126747437093
L,noplan,60,2020,938,793.3396,784.5471,1.7823891701116101,0.5277185501066098
L,noplan,60,2021,690,-385.1535,-393.89664,-3.1871482228982826,0.41304347826086957
L,noplan,60,2022,869,-99.19338,-108.069916,-0.848817700040255,0.4798619102416571
L,noplan,60,2023,745,-350.7327,-359.4678,-2.3623086957915675,0.36644295302013424
L,noplan,60,2024,646,109.3083,100.60519,0.5127285990525672,0.4984520123839009
L,noplan,60,2025,1082,223.12941,214.32048,0.9694899751971848,0.4704251386321627
L,noplan,60,2026Q1,395,-506.8172,-515.6417,-0.1574351919281605,0.3367088607594937
L,mom_down20,1,2020-23,617,-71.60474,-80.63347,1.549956979535844,0.44084278768233387
L,mom_down20,1,2024-01..2025-06,160,71.84188,62.93335,0.615203700006396,0.56875
L,mom_down20,1,2025-07..2026-03,136,-26.272928,-35.032333,0.6907226574432711,0.47794117647058826
L,mom_down20,1,full 2020-01..2026-03,913,-39.713623,-48.681175,1.8269175734068852,0.4687842278203724
L,mom_down20,1,2020,329,-135.16084,-144.30971,-0.0021351931233674383,0.3890577507598784
L,mom_down20,1,2021,55,36.633503,27.730072,1.974642813205719,0.509090909090909
L,mom_down20,1,2022,155,-9.713942,-18.510698,-1.1658153743207504,0.4967741935483871
L,mom_down20,1,2023,78,-2.838228,-11.909629,1.544638752937317,0.5
L,mom_down20,1,2024,63,57.975018,49.058456,0.7940020484606919,0.5555555555555556
L,mom_down20,1,2025,168,21.911491,13.069184,0.5946721200511202,0.5119047619047619
L,mom_down20,1,2026Q1,65,9.046564,0.28665915,,0.5384615384615384
L,mom_down20,5,2020-23,617,-79.8973,-88.92604,0.01780672718144255,0.43111831442463533
L,mom_down20,5,2024-01..2025-06,160,266.6081,257.69955,0.8049830629739005,0.6375
L,mom_down20,5,2025-07..2026-03,136,-60.097694,-68.85711,0.133473590143695,0.45588235294117646
L,mom_down20,5,full 2020-01..2026-03,913,-16.224125,-25.19169,0.39442042775579206,0.4709748083242059
L,mom_down20,5,2020,329,-87.9716,-97.12049,-0.07245665677660992,0.43465045592705165
L,mom_down20,5,2021,55,101.77276,92.86932,0.6943378150463104,0.41818181818181815
L,mom_down20,5,2022,155,-119.76427,-128.56102,-1.2055233248876116,0.44516129032258067
L,mom_down20,5,2023,78,-94.718056,-103.789444,-0.10745256766676903,0.3974358974358974
L,mom_down20,5,2024,63,183.01376,174.0972,0.22701895185270504,0.6031746031746031
L,mom_down20,5,2025,168,144.83371,135.99141,0.8721347350727467,0.5595238095238095
L,mom_down20,5,2026Q1,65,-21.198841,-29.95875,,0.49230769230769234
L,mom_down20,20,2020-23,617,-71.53684,-80.56559,-0.08857638626383878,0.4359805510534846
L,mom_down20,20,2024-01..2025-06,160,-44.85051,-53.759056,0.5232759956798049,0.48125
L,mom_down20,20,2025-07..2026-03,136,57.489723,48.730335,-0.08314132842651534,0.47794117647058826
L,mom_down20,20,full 2020-01..2026-03,913,-47.640423,-56.607983,0.07702689771415436,0.45016429353778753
L,mom_down20,20,2020,329,44.13772,34.988853,-0.016676745902380274,0.46200607902735563
L,mom_down20,20,2021,55,-514.9707,-523.874,-0.1901993528008461,0.3090909090909091
L,mom_down20,20,2022,155,-224.74632,-233.54308,-0.3874000212024841,0.4064516129032258
L,mom_down20,20,2023,78,57.686234,48.614857,0.3536769971251488,0.47435897435897434
L,mom_down20,20,2024,63,243.8488,234.93224,0.5966176234490138,0.5714285714285714
L,mom_down20,20,2025,168,-42.731083,-51.573418,0.01003772340813463,0.4642857142857143
L,mom_down20,20,2026Q1,65,-116.01739,-124.77728,,0.4307692307692308
L,mom_down20,60,2020-23,617,1075.0896,1066.0609,-0.5959836770206717,0.5494327390599676
L,mom_down20,60,2024-01..2025-06,160,423.17734,414.2688,1.424957383231266,0.48125
L,mom_down20,60,2025-07..2026-03,136,-159.00572,-167.76512,-1.2135198792456783,0.4117647058823529
L,mom_down20,60,full 2020-01..2026-03,913,777.01404,768.0465,-0.07267201174377845,0.5169769989047097
L,mom_down20,60,2020,329,2398.9102,2389.7615,2.656841190701541,0.6960486322188449
L,mom_down20,60,2021,55,-2038.053,-2046.9563,-2.32858943939209,0.2
L,mom_down20,60,2022,155,-40.93702,-49.73378,-0.010078728821481982,0.44516129032258067
L,mom_down20,60,2023,78,-95.80895,-104.8803,-1.2015259265899658,0.38461538461538464
L,mom_down20,60,2024,63,367.617,358.70044,1.0622774025068422,0.5555555555555556
L,mom_down20,60,2025,168,190.35896,181.51663,0.24581009600801346,0.44047619047619047
L,mom_down20,60,2026Q1,65,-139.33209,-148.09201,,0.36923076923076925
L,mom_down,1,2020-23,1610,-8.369357,-17.066105,-0.48376732115216425,0.4751552795031056
L,mom_down,1,2024-01..2025-06,609,-7.3504596,-16.139389,-0.47235042602439903,0.46469622331691296
L,mom_down,1,2025-07..2026-03,506,-5.4393187,-14.218177,-0.2282840833067894,0.46047430830039526
L,mom_down,1,full 2020-01..2026-03,2725,-7.5975738,-16.33017,-0.6684670441524639,0.47009174311926605
L,mom_down,1,2020,333,-17.326199,-25.851412,0.23514436934520755,0.44144144144144143
L,mom_down,1,2021,334,10.592327,1.9378244,1.343489408933106,0.48502994011976047
L,mom_down,1,2022,469,-10.610915,-19.37824,-0.8527955223226309,0.5223880597014925
L,mom_down,1,2023,474,-13.220163,-21.99736,-1.9859967247378016,0.4451476793248945
L,mom_down,1,2024,325,-16.202494,-24.844019,-0.673155145753892,0.4338461538461538
L,mom_down,1,2025,615,-0.18622527,-9.06838,-0.40216634474381696,0.4878048780487805
L,mom_down,1,2026Q1,175,-10.562205,-19.268139,0.369761012242627,0.42857142857142855
L,mom_down,5,2020-23,1610,-49.54507,-58.24182,-0.9211423562749876,0.468944099378882
L,mom_down,5,2024-01..2025-06,609,-1.1199517,-9.908882,0.7842217530154447,0.451559934318555
L,mom_down,5,2025-07..2026-03,506,-2.7609568,-11.539813,-0.2533683478832245,0.5296442687747036
L,mom_down,5,full 2020-01..2026-03,2725,-30.03547,-38.76807,-0.4205122310919512,0.4763302752293578
L,mom_down,5,2020,333,-151.21944,-159.74466,-0.5990483388294586,0.4264264264264264
L,mom_down,5,2021,334,-18.718899,-27.3734,0.4995532790181023,0.4880239520958084
L,mom_down,5,2022,469,4.976819,-3.790506,-0.29766409963839274,0.535181236673774
L,mom_down,5,2023,474,-53.783764,-62.560966,-2.217732579257743,0.41983122362869196
L,mom_down,5,2024,325,-19.82377,-28.4653,0.45626423224041757,0.4123076923076923
L,mom_down,5,2025,615,23.201944,14.319793,0.35148551503958314,0.5333333333333333
L,mom_down,5,2026Q1,175,-56.603233,-65.30917,-0.07416905960312356,0.46285714285714286
L,mom_down,20,2020-23,1610,-107.005226,-115.70199,-1.1360686454510251,0.45217391304347826
L,mom_down,20,2024-01..2025-06,609,-47.651684,-56.44063,-0.35719315028382603,0.4614121510673235
L,mom_down,20,2025-07..2026-03,506,-33.18455,-41.963406,-0.8124885857105255,0.4841897233201581
L,mom_down,20,full 2020-01..2026-03,2725,-80.03293,-88.76551,-1.3940100128374606,0.4601834862385321
L,mom_down,20,2020,333,-370.6716,-379.1968,-0.45934692707572317,0.34534534534534533
L,mom_down,20,2021,334,2.926001,-5.728512,0.44264839449455795,0.49101796407185627
L,mom_down,20,2022,469,-91.93162,-100.69894,-1.3539335088330955,0.5031982942430704
L,mom_down,20,2023,474,-14.147977,-22.925167,-1.2250414539896415,0.44936708860759494
L,mom_down,20,2024,325,-64.87946,-73.52098,-0.26398429065556017,0.4553846153846154
L,mom_down,20,2025,615,-16.139626,-25.021778,-0.750934860721047,0.48292682926829267
L,mom_down,20,2026Q1,175,-84.56896,-93.27489,-0.39896407417867236,0.46285714285714286
L,mom_down,60,2020-23,1610,-237.23439,-245.9311,-1.8876036302537076,0.43850931677018634
L,mom_down,60,2024-01..2025-06,609,-348.37186,-357.16083,-1.9259540220840026,0.41050903119868637
L,mom_down,60,2025-07..2026-03,506,88.88608,80.10719,0.029471078887581825,0.4150197628458498
L,mom_down,60,full 2020-01..2026-03,2725,-201.51541,-210.24799,-2.161894352572055,0.4278899082568807
L,mom_down,60,2020,333,-492.89862,-501.42386,-1.1745480275606852,0.37537537537537535
L,mom_down,60,2021,334,21.000893,12.34642,0.21410362209191208,0.5119760479041916
L,mom_down,60,2022,469,-215.62383,-224.39113,-1.3013545660488812,0.48187633262260127
L,mom_down,60,2023,474,-260.96796,-269.74515,-1.8140174539406086,0.3881856540084388
L,mom_down,60,2024,325,-86.93702,-95.578514,-0.7734404945459672,0.4584615384615385
L,mom_down,60,2025,615,-56.25777,-65.13986,-0.4342537291733716,0.42276422764227645
L,mom_down,60,2026Q1,175,-596.1662,-604.87213,-1.383076744189869,0.2914285714285714
L,mom_up,1,2020-23,1219,2.7251072,-6.0473633,-0.8954665847974308,0.4782608695652174
L,mom_up,1,2024-01..2025-06,547,9.063233,0.08364591,0.8397466645198485,0.5374771480804388
L,mom_up,1,2025-07..2026-03,388,33.87375,24.999527,1.187100738286972,0.5077319587628866
L,mom_up,1,full 2020-01..2026-03,2154,9.945454,1.1020583,-0.03764301740371921,0.4986072423398329
L,mom_up,1,2020,305,4.245705,-4.431825,-0.8493393630343207,0.46229508196721314
L,mom_up,1,2021,320,17.719858,8.924745,0.5961482208801624,0.5
L,mom_up,1,2022,304,14.387389,5.38293,0.7805168587385723,0.5263157894736842
L,mom_up,1,2023,290,-27.645365,-36.24952,-3.178445855904068,0.4206896551724138
L,mom_up,1,2024,338,16.402472,7.4302125,1.1982349137066224,0.5266272189349113
L,mom_up,1,2025,417,5.0700054,-3.8607028,0.2137843448275103,0.49640287769784175
L,mom_up,1,2026Q1,180,58.0132,49.13374,1.6849391572524497,0.5888888888888889
L,mom_up,5,2020-23,1219,13.521117,4.748645,-0.28554472647094786,0.5045118949958983
L,mom_up,5,2024-01..2025-06,547,27.1034,18.123817,0.24949898032811502,0.5228519195612431
L,mom_up,5,2025-07..2026-03,388,42.42774,33.553528,0.31348422914743423,0.4793814432989691
L,mom_up,5,full 2020-01..2026-03,2154,22.177235,13.333843,-0.02600769905988611,0.5046425255338904
L,mom_up,5,2020,305,71.884415,63.206882,-0.008391875468165083,0.5016393442622951
L,mom_up,5,2021,320,-8.560132,-17.35524,0.005806735473779495,0.50625
L,mom_up,5,2022,304,49.40268,40.39823,1.0301936668375182,0.5493421052631579
L,mom_up,5,2023,290,-61.10924,-69.71339,-1.6824846673090674,0.4586206896551724
L,mom_up,5,2024,338,49.52437,40.55211,0.5124675094598515,0.5236686390532544
L,mom_up,5,2025,417,-27.193802,-36.12451,-0.8326992633157402,0.4724220623501199
L,mom_up,5,2026Q1,180,143.82278,134.94334,1.0891551093807113,0.5444444444444444
L,mom_up,20,2020-23,1219,-16.819393,-25.591867,-0.8780323246628896,0.4716981132075472
L,mom_up,20,2024-01..2025-06,547,129.48085,120.50127,0.8408965148409226,0.5009140767824497
L,mom_up,20,2025-07..2026-03,388,194.91974,186.04558,0.9111899435520172,0.4484536082474227
L,mom_up,20,full 2020-01..2026-03,2154,58.47357,49.630177,0.22653942056646392,0.47493036211699163
L,mom_up,20,2020,305,62.389355,53.711823,-0.4822566355016275,0.46229508196721314
L,mom_up,20,2021,320,-151.18306,-159.97818,-1.30603590554342,0.425
L,mom_up,20,2022,304,171.1287,162.12424,1.0422731642219714,0.5921052631578947
L,mom_up,20,2023,290,-148.88326,-157.48738,-1.8050722705280202,0.4068965517241379
L,mom_up,20,2024,338,277.15488,268.1826,1.025854768694912,0.5207100591715976
L,mom_up,20,2025,417,-39.685474,-48.61618,-0.18352217435233073,0.43884892086330934
L,mom_up,20,2026Q1,180,385.14114,376.26172,0.9179970990461725,0.49444444444444446
L,mom_up,60,2020-23,1219,-123.946976,-132.71945,-1.6979786673386277,0.4224774405250205
L,mom_up,60,2024-01..2025-06,547,322.31458,313.335,0.7482270378348373,0.5173674588665448
L,mom_up,60,2025-07..2026-03,388,-173.60239,-182.47661,-0.10123663768172264,0.41237113402061853
L,mom_up,60,full 2020-01..2026-03,2154,-19.565012,-28.408405,-0.7828427912223543,0.4447539461467038
L,mom_up,60,2020,305,480.70126,472.02374,1.752614839191266,0.5180327868852459
L,mom_up,60,2021,320,-362.9858,-371.78088,-2.207330497334912,0.346875
L,mom_up,60,2022,304,-74.04616,-83.05064,-0.027863225948930977,0.47368421052631576
L,mom_up,60,2023,290,-548.413,-557.01715,-2.6561087159149923,0.35172413793103446
L,mom_up,60,2024,338,815.07764,806.1054,1.5220451642044663,0.5946745562130178
L,mom_up,60,2025,417,-134.51068,-143.44139,-0.9043317585483528,0.4364508393285372
L,mom_up,60,2026Q1,180,-613.64984,-622.52924,-0.4919765705348305,0.3333333333333333
L,cluster_opp,1,2020-23,1423,-25.41852,-34.42937,-0.7725654469430184,0.4631061138439916
L,cluster_opp,1,2024-01..2025-06,421,21.834436,12.86533,1.0949787910888473,0.5391923990498813
L,cluster_opp,1,2025-07..2026-03,334,27.128286,18.427671,1.7097392678260803,0.46407185628742514
L,cluster_opp,1,full 2020-01..2026-03,2178,-8.226541,-17.18175,0.1427148788745234,0.47796143250688705
L,cluster_opp,1,2020,442,-64.55174,-73.427376,-0.10154527512960021,0.41402714932126694
L,cluster_opp,1,2021,275,11.892518,2.8867824,0.6247761940158035,0.49454545454545457
L,cluster_opp,1,2022,361,-8.576408,-17.742487,-0.9939632272694623,0.5069252077562327
L,cluster_opp,1,2023,345,-22.646488,-31.672232,-1.5767078682932958,0.45507246376811594
L,cluster_opp,1,2024,195,6.854528,-1.9126931,0.5613529481658572,0.49743589743589745
L,cluster_opp,1,2025,400,36.406345,27.456032,1.7483956974454764,0.52
L,cluster_opp,1,2026Q1,160,14.712345,6.0106797,1.27135651779069,0.48125
L,cluster_opp,5,2020-23,1423,-31.33816,-40.349014,-0.483667386503786,0.4624033731553057
L,cluster_opp,5,2024-01..2025-06,421,90.713974,81.744865,1.6545012172502525,0.5273159144893111
L,cluster_opp,5,2025-07..2026-03,334,6.1710477,-2.5295727,-0.028369632549583912,0.4880239520958084
L,cluster_opp,5,full 2020-01..2026-03,2178,-1.9937993,-10.949006,0.3708393940768739,0.4788797061524334
L,cluster_opp,5,2020,442,0.15672785,-8.718898,0.8164626187685052,0.4592760180995475
L,cluster_opp,5,2021,275,-2.3653464,-11.371078,0.14901368465596349,0.49454545454545457
L,cluster_opp,5,2022,361,-55.063293,-64.22937,-1.000319710983615,0.48476454293628807
L,cluster_opp,5,2023,345,-69.957,-78.98275,-1.9250578563113052,0.41739130434782606
L,cluster_opp,5,2024,195,125.13171,116.36448,1.8613222630660402,0.5487179487179488
L,cluster_opp,5,2025,400,59.64993,50.69962,-0.074808988491438,0.52
L,cluster_opp,5,2026Q1,160,-50.05588,-58.75755,0.21199935508529885,0.4375
L,cluster_opp,20,2020-23,1423,-96.29031,-105.301186,-1.2696668169745666,0.4399156711173577
L,cluster_opp,20,2024-01..2025-06,421,-24.549257,-33.518337,0.17135336527080056,0.4750593824228028
L,cluster_opp,20,2025-07..2026-03,334,-110.21664,-118.91728,-0.7379838824272156,0.46107784431137727
L,cluster_opp,20,full 2020-01..2026-03,2178,-84.55865,-93.513855,-1.0530476136911548,0.44995408631772266
L,cluster_opp,20,2020,442,-106.92561,-115.80122,0.13357793682201022,0.4276018099547511
L,cluster_opp,20,2021,275,-174.68042,-183.68614,-1.4964088297472404,0.41818181818181815
L,cluster_opp,20,2022,361,-65.76155,-74.927635,-0.48734612750893874,0.49584487534626037
L,cluster_opp,20,2023,345,-52.124596,-61.15033,-1.5702264662686702,0.4144927536231884
L,cluster_opp,20,2024,195,181.06184,172.29463,0.6470777773939059,0.5230769230769231
L,cluster_opp,20,2025,400,-75.53679,-84.48711,-1.155323822246823,0.475
L,cluster_opp,20,2026Q1,160,-326.4996,-335.20126,-1.1994982404547683,0.3875
L,cluster_opp,60,2020-23,1423,-14.325475,-23.336317,-2.3035111956260863,0.4160224877020379
L,cluster_opp,60,2024-01..2025-06,421,-326.873,-335.8421,-0.3391795766935578,0.4323040380047506
L,cluster_opp,60,2025-07..2026-03,334,-579.54346,-588.2441,-1.416795015335083,0.3383233532934132
L,cluster_opp,60,full 2020-01..2026-03,2178,-161.417,-170.37218,-2.473187168930879,0.40725436179981633
L,cluster_opp,60,2020,442,1106.866,1097.9904,1.3982796122892363,0.5723981900452488
L,cluster_opp,60,2021,275,-721.0884,-730.0941,-3.7639175359123156,0.33454545454545453
L,cluster_opp,60,2022,361,-274.77844,-283.94458,-1.0455808152544013,0.407202216066482
L,cluster_opp,60,2023,345,-614.85675,-623.88245,-3.355894070981418,0.2898550724637681
L,cluster_opp,60,2024,195,408.04535,399.27814,1.2208620589790027,0.6153846153846154
L,cluster_opp,60,2025,400,-529.68823,-538.6386,-1.8695466368557183,0.3625
L,cluster_opp,60,2026Q1,160,-1242.9663,-1251.6681,-2.0691378097045243,0.1875
L,officer_opp,1,2020-23,1101,-24.76375,-33.44081,-0.17780532916884925,0.4732061762034514
L,officer_opp,1,2024-01..2025-06,364,13.582564,4.850232,-0.034457324587475455,0.49175824175824173
L,officer_opp,1,2025-07..2026-03,310,-2.5343683,-11.168366,0.25414346158504486,0.47419354838709676
L,officer_opp,1,full 2020-01..2026-03,1775,-13.017742,-21.698616,-0.07758824023248133,0.4771830985915493
L,officer_opp,1,2020,313,-72.09695,-80.782,0.48131241825568966,0.4249201277955272
L,officer_opp,1,2021,181,40.946598,32.265568,2.2130121124576925,0.56353591160221
L,officer_opp,1,2022,270,-6.346784,-15.081675,-1.359726414814297,0.5370370370370371
L,officer_opp,1,2023,337,-30.849401,-39.470577,-2.962644828839901,0.41839762611275966
L,officer_opp,1,2024,194,3.3129952,-5.370015,-0.3734563746097518,0.4639175257731959
L,officer_opp,1,2025,356,2.5051181,-6.190858,-0.10289857403276845,0.47191011235955055
L,officer_opp,1,2026Q1,124,21.160128,12.492085,1.4740324502402642,0.5483870967741935
L,officer_opp,5,2020-23,1101,-53.95853,-62.635582,-0.12235853039568793,0.48138056312443234
L,officer_opp,5,2024-01..2025-06,364,68.94387,60.211536,0.20603861474666685,0.489010989010989
L,officer_opp,5,2025-07..2026-03,310,7.661339,-0.9726565,0.6624894440174103,0.5193548387096775
L,officer_opp,5,full 2020-01..2026-03,1775,-17.9931,-26.673975,0.09573009226477774,0.4895774647887324
L,officer_opp,5,2020,313,-148.73285,-157.41788,0.29367125618727824,0.4217252396166134
L,officer_opp,5,2021,181,37.908722,29.227694,1.2158232053446558,0.5359116022099447
L,officer_opp,5,2022,270,-5.9784207,-14.713313,-0.8272798734066802,0.5481481481481482
L,officer_opp,5,2023,337,-53.71592,-62.33709,-1.2193879196771498,0.4540059347181009
L,officer_opp,5,2024,194,27.13837,18.455362,0.05021858678873973,0.4381443298969072
L,officer_opp,5,2025,356,71.434166,62.738186,0.425296983074194,0.547752808988764
L,officer_opp,5,2026Q1,124,-26.006645,-34.674686,0.32109588401145517,0.47580645161290325
L,officer_opp,20,2020-23,1101,-79.70319,-88.38026,-0.7539852419768667,0.4641235240690282
L,officer_opp,20,2024-01..2025-06,364,-16.211115,-24.943455,-0.3425634101832398,0.4835164835164835
L,officer_opp,20,2025-07..2026-03,310,72.113205,63.479206,0.48164476454257965,0.4838709677419355
L,officer_opp,20,full 2020-01..2026-03,1775,-40.168438,-48.8493,-0.7028658431836432,0.4715492957746479
L,officer_opp,20,2020,313,-312.1762,-320.86127,-0.6840946345074388,0.3961661341853035
L,officer_opp,20,2021,181,78.342896,69.66187,0.5123635485188216,0.5469613259668509
L,officer_opp,20,2022,270,-73.56917,-82.30405,-0.14565045271824367,0.5185185185185185
L,officer_opp,20,2023,337,46.414078,37.792904,-0.7428171320675,0.4391691394658754
L,officer_opp,20,2024,194,-16.034344,-24.717339,-0.167625261152359,0.44329896907216493
L,officer_opp,20,2025,356,86.815384,78.119415,0.4884369947218409,0.5308988764044944
L,officer_opp,20,2026Q1,124,-91.46264,-100.13067,-2.884543836366803,0.4112903225806452
L,officer_opp,60,2020-23,1101,188.32932,179.65227,0.08484727164458468,0.5031789282470481
L,officer_opp,60,2024-01..2025-06,364,-103.44244,-112.17476,-1.2882091524288035,0.45879120879120877
L,officer_opp,60,2025-07..2026-03,310,-208.81586,-217.44987,-0.7685243189334869,0.3903225806451613
L,officer_opp,60,full 2020-01..2026-03,1775,59.135,50.454098,-0.5203496096597908,0.4743661971830986
L,officer_opp,60,2020,313,718.61035,709.9253,0.7975375979701391,0.5910543130990416
L,officer_opp,60,2021,181,181.0632,172.38214,0.29714512083942823,0.5414364640883977
L,officer_opp,60,2022,270,-124.50918,-133.24406,-0.15622944632684624,0.4888888888888889
L,officer_opp,60,2023,337,-49.642227,-58.263424,-1.0873059054326204,0.4124629080118694
L,officer_opp,60,2024,194,-37.612125,-46.29512,-0.6859010978104588,0.5154639175257731
L,officer_opp,60,2025,356,-46.681908,-55.37789,-0.7884492746918724,0.43258426966292135
L,officer_opp,60,2026Q1,124,-632.8263,-641.4943,-2.2372954061074326,0.27419354838709675
L,cluster_down,1,2020-23,1001,-36.60579,-45.558758,-1.1570397455843184,0.46153846153846156
L,cluster_down,1,2024-01..2025-06,297,5.7676644,-3.259862,0.2919391593235953,0.4781144781144781
L,cluster_down,1,2025-07..2026-03,259,-8.084155,-16.851664,-0.8719568252563477,0.44787644787644787
L,cluster_down,1,full 2020-01..2026-03,1557,-23.778543,-32.714886,-0.9351662009732719,0.4624277456647399
L,cluster_down,1,2020,352,-81.01144,-89.95824,-0.02393309813563766,0.40625
L,cluster_down,1,2021,157,30.25705,21.468294,0.8254513171132128,0.5222929936305732
L,cluster_down,1,2022,226,-32.18337,-41.12931,-1.5655390357160173,0.5088495575221239
L,cluster_down,1,2023,266,-21.064976,-30.129005,-1.7093281668938627,0.45864661654135336
L,cluster_down,1,2024,124,-20.879309,-29.650629,0.26391009586121494,0.4032258064516129
L,cluster_down,1,2025,337,10.180895,1.1612418,-0.22318086016060265,0.4896142433234421
L,cluster_down,1,2026Q1,95,-12.870807,-21.551777,-0.7450313349301998,0.45263157894736844
L,cluster_down,5,2020-23,1001,-35.07395,-44.026924,0.03254261036867275,0.4565434565434565
L,cluster_down,5,2024-01..2025-06,297,57.538696,48.51117,1.026569305225951,0.4882154882154882
L,cluster_down,5,2025-07..2026-03,259,-20.304247,-29.071749,-0.4333370625972748,0.4749034749034749
L,cluster_down,5,full 2020-01..2026-03,1557,-14.951079,-23.887423,0.44024442622339005,0.46563904945407836
L,cluster_down,5,2020,352,-1.8698418,-10.8166485,0.6408277323393379,0.4431818181818182
L,cluster_down,5,2021,157,79.66721,70.878456,2.0798273069797157,0.554140127388535
L,cluster_down,5,2022,226,-132.71848,-141.66441,-1.8263659902648075,0.4646017699115044
L,cluster_down,5,2023,266,-63.775253,-72.83929,-1.4236175881371507,0.40977443609022557
L,cluster_down,5,2024,124,82.49541,73.72409,1.5211374173035646,0.5080645161290323
L,cluster_down,5,2025,337,23.959444,14.939785,-0.5599894286736503,0.49258160237388726
L,cluster_down,5,2026Q1,95,-68.142845,-76.82381,-0.6311962208870605,0.4105263157894737
L,cluster_down,20,2020-23,1001,-140.8016,-149.75458,-1.1424860397463177,0.43756243756243757
L,cluster_down,20,2024-01..2025-06,297,-119.36939,-128.39693,-0.5016081589660463,0.4612794612794613
L,cluster_down,20,2025-07..2026-03,259,-62.51269,-71.280205,-0.7133464515209198,0.4749034749034749
L,cluster_down,20,full 2020-01..2026-03,1557,-123.69037,-132.62671,-1.4175964470912479,0.4482980089916506
L,cluster_down,20,2020,352,-129.23108,-138.1779,0.3786619064360477,0.4403409090909091
L,cluster_down,20,2021,157,-99.48743,-108.27618,-0.33852727928391735,0.4585987261146497
L,cluster_down,20,2022,226,-292.31775,-301.26367,-1.6249843560453145,0.4469026548672566
L,cluster_down,20,2023,266,-51.765907,-60.82994,-1.422786416800277,0.41353383458646614
L,cluster_down,20,2024,124,102.05117,93.27986,0.4483990024817212,0.5483870967741935
L,cluster_down,20,2025,337,-154.63948,-163.65913,-1.272571012835651,0.44510385756676557
L,cluster_down,20,2026Q1,95,-128.25623,-136.9372,-2.6376203930119155,0.4421052631578947
L,cluster_down,60,2020-23,1001,150.8119,141.85893,-1.7243300300754691,0.44555444555444557
L,cluster_down,60,2024-01..2025-06,297,-401.98978,-411.01727,-0.1969471203633065,0.41414141414141414
L,cluster_down,60,2025-07..2026-03,259,-427.55362,-436.32114,-1.6787846088409424,0.3436293436293436
L,cluster_down,60,full 2020-01..2026-03,1557,-50.844337,-59.780716,-1.966172080145902,0.4226075786769428
L,cluster_down,60,2020,352,1279.2018,1270.2551,0.5676360294678231,0.5653409090909091
L,cluster_down,60,2021,157,-533.63153,-542.4203,-1.711506287980108,0.42038216560509556
L,cluster_down,60,2022,226,-381.0343,-389.98022,-0.7289226026033581,0.41150442477876104
L,cluster_down,60,2023,266,-486.55063,-495.61462,-2.6630723439133526,0.3308270676691729
L,cluster_down,60,2024,124,464.97247,456.20114,1.8764698388141092,0.6532258064516129
L,cluster_down,60,2025,337,-598.28503,-607.3048,-2.429757150291251,0.3293768545994065
L,cluster_down,60,2026Q1,95,-906.9671,-915.64813,-8.85948821274475,0.21052631578947367
M,any,1,2020-23,6260,-10.255325,-20.970192,-0.10857859541470713,0.47635782747603833
M,any,1,2024-01..2025-06,1989,-3.242414,-13.069461,-0.00910672718039332,0.4725992961287079
M,any,1,2025-07..2026-03,1143,23.172546,13.294194,2.082951843738556,0.5039370078740157
M,any,1,full 2020-01..2026-03,9392,-4.7020097,-15.127056,0.5720998588256865,0.47891822827938674
M,any,1,2020,1797,-32.635925,-43.444206,0.17331898096266207,0.434613244296049
M,any,1,2021,1454,3.4121208,-8.074049,-0.11565641784792001,0.5013755158184319
M,any,1,2022,1667,1.118511,-9.463278,-0.18652897615211042,0.5146970605878824
M,any,1,2023,1342,-9.223073,-19.142487,-0.32193110745054865,0.45752608047690013
M,any,1,2024,1237,5.0355086,-4.823406,0.9171498225386925,0.47776879547291834
M,any,1,2025,1458,8.940548,-0.8763453,0.8446984413237074,0.4842249657064472
M,any,1,2026Q1,437,1.7684548,-8.136447,0.9163280458846726,0.5011441647597255
M,any,5,2020-23,6260,-21.22204,-31.936905,0.5749003905557762,0.4862619808306709
M,any,5,2024-01..2025-06,1989,-15.322751,-25.149801,-0.15999435759191738,0.4695827048768225
M,any,5,2025-07..2026-03,1143,106.4773,96.59893,2.8559142351150513,0.5406824146981627
M,any,5,full 2020-01..2026-03,9392,-4.4317923,-14.856836,1.2828906589973972,0.4893526405451448
M,any,5,2020,1797,-77.97203,-88.78032,0.33163997017895974,0.4574290484140234
M,any,5,2021,1454,13.487295,2.0011272,0.3046747526701582,0.5048143053645117
M,any,5,2022,1667,10.859912,0.27812734,0.4584526771539745,0.5122975404919016
M,any,5,2023,1342,-22.68869,-32.60811,0.1851111920425958,0.47242921013412814
M,any,5,2024,1237,-0.118750565,-9.977664,0.1653215119925134,0.48181083265966046
M,any,5,2025,1458,43.001183,33.18429,1.299346065445369,0.5020576131687243
M,any,5,2026Q1,437,65.624146,55.719246,1.4410507126506877,0.5125858123569794
M,any,20,2020-23,6260,-39.673977,-50.38885,0.6151367848356327,0.4667731629392971
M,any,20,2024-01..2025-06,1989,-103.314606,-113.141655,-1.080616662402881,0.4167923579688286
M,any,20,2025-07..2026-03,1143,380.71335,370.83496,1.7587746977806091,0.5573053368328958
M,any,20,full 2020-01..2026-03,9392,-1.9906833,-12.415729,1.2069398100385287,0.467206132879046
M,any,20,2020,1797,-125.889786,-136.69806,0.3570285585902704,0.44741235392320533
M,any,20,2021,1454,-25.853447,-37.33963,0.28766080135504896,0.4442916093535076
M,any,20,2022,1667,64.601074,54.019283,1.6480965147248035,0.5188962207558488
M,any,20,2023,1342,-68.728935,-78.64835,-0.31153416163180564,0.4523099850968703
M,any,20,2024,1237,-62.15336,-72.01227,-0.3354982683506331,0.4373484236054972
M,any,20,2025,1458,193.43369,183.61679,1.3040288502757318,0.4739368998628258
M,any,20,2026Q1,437,56.10978,46.204872,0.24773391541800044,0.5354691075514875
M,any,60,2020-23,6260,230.67532,219.96048,1.1312957336082305,0.4849840255591054
M,any,60,2024-01..2025-06,1989,-21.984955,-31.811981,-0.2578272081305798,0.4590246354952237
M,any,60,2025-07..2026-03,1143,176.40128,166.52287,0.8363791108131409,0.41294838145231844
M,any,60,full 2020-01..2026-03,9392,170.56282,160.13779,1.2249439196311134,0.47071976149914824
M,any,60,2020,1797,732.3598,721.5516,1.2943337440472136,0.5125208681135225
M,any,60,2021,1454,-304.43796,-315.9241,-0.4660475039541785,0.4050894085281981
M,any,60,2022,1667,387.5204,376.93863,3.863929819471993,0.5596880623875224
M,any,60,2023,1342,-56.160053,-66.07949,-0.5602568674201627,0.44187779433681074
M,any,60,2024,1237,136.55795,126.69906,0.8496910958308339,0.4931285367825384
M,any,60,2025,1458,121.77974,111.962875,0.4339502086504045,0.4348422496570645
M,any,60,2026Q1,437,-431.52982,-441.43472,-1.5356184161626647,0.32265446224256294
M,nb1,1,2020-23,3220,-14.419904,-25.26198,-1.3554935423781829,0.462111801242236
M,nb1,1,2024-01..2025-06,1088,-14.964331,-24.798616,-0.9383923539105359,0.46047794117647056
M,nb1,1,2025-07..2026-03,680,4.4418354,-5.403948,-0.1411811001598835,0.5014705882352941
M,nb1,1,full 2020-01..2026-03,4988,-11.967289,-22.45372,-1.61605501970765,0.46712109061748197
M,nb1,1,2020,921,-20.881414,-31.570927,-0.17820777776703178,0.42671009771986973
M,nb1,1,2021,767,-19.65892,-31.950037,-1.19466957994449,0.4706649282920469
M,nb1,1,2022,839,9.085207,-1.4440002,0.1672812712263296,0.5172824791418356
M,nb1,1,2023,693,-28.491207,-38.31105,-1.330994893690718,0.4329004329004329
M,nb1,1,2024,666,1.0360048,-8.804064,0.042288025898159685,0.46546546546546547
M,nb1,1,2025,830,-15.448947,-25.24826,-1.3599339237432642,0.4674698795180723
M,nb1,1,2026Q1,272,-4.147416,-14.103002,0.14143123354374948,0.5294117647058824
M,nb1,5,2020-23,3220,-47.191807,-58.033875,-0.4950940566681769,0.4652173913043478
M,nb1,5,2024-01..2025-06,1088,-32.37218,-42.206467,-0.9290773524805976,0.4540441176470588
M,nb1,5,2025-07..2026-03,680,30.468987,20.623205,0.3849504142999649,0.5161764705882353
M,nb1,5,full 2020-01..2026-03,4988,-33.37202,-43.858448,-0.6527712132989579,0.46972734562951085
M,nb1,5,2020,921,-100.632935,-111.32247,-0.49466066239762724,0.44082519001085774
M,nb1,5,2021,767,-39.500088,-51.7912,-0.3860741821598107,0.4784876140808344
M,nb1,5,2022,839,22.12405,11.594839,0.9523782314278645,0.5053635280095352
M,nb1,5,2023,693,-68.60056,-78.4204,-0.41201029475260303,0.43434343434343436
M,nb1,5,2024,666,-20.542776,-30.38284,-0.5333077034628311,0.4624624624624625
M,nb1,5,2025,830,-13.557842,-23.357159,-0.8840236546050239,0.4771084337349398
M,nb1,5,2026Q1,272,38.354694,28.399109,1.0548440757864666,0.5183823529411765
M,nb1,20,2020-23,3220,-115.195305,-126.03738,-0.6459727149184501,0.4472049689440994
M,nb1,20,2024-01..2025-06,1088,-104.009705,-113.84399,-1.1399055192869743,0.41911764705882354
M,nb1,20,2025-07..2026-03,680,170.81905,160.97328,1.5224760174751282,0.5485294117647059
M,nb1,20,full 2020-01..2026-03,4988,-73.76393,-84.25036,-0.5429607917141901,0.4548917401764234
M,nb1,20,2020,921,-183.65564,-194.34515,-0.12309687762024425,0.42888165038002174
M,nb1,20,2021,767,-134.76816,-147.05928,-0.5515921307764995,0.4380704041720991
M,nb1,20,2022,839,19.27783,8.748621,1.0774617231377197,0.5089392133492253
M,nb1,20,2023,693,-165.352,-175.17186,-1.7662806958804511,0.4069264069264069
M,nb1,20,2024,666,-62.672268,-72.51232,-0.33168823407164244,0.44894894894894893
M,nb1,20,2025,830,45.718994,35.919674,0.3856659522183336,0.4602409638554217
M,nb1,20,2026Q1,272,24.953533,14.997953,0.38282986780793876,0.5441176470588235
M,nb1,60,2020-23,3220,1.7078085,-9.134252,-0.2020071807258835,0.45372670807453414
M,nb1,60,2024-01..2025-06,1088,-141.61623,-151.4505,-1.1385331336057627,0.4365808823529412
M,nb1,60,2025-07..2026-03,680,78.62345,68.777664,0.4032933712005615,0.41323529411764703
M,nb1,60,full 2020-01..2026-03,4988,-19.068827,-29.555252,-0.386051489096901,0.44446672012830796
M,nb1,60,2020,921,242.629,231.93947,0.54941137711429,0.46362649294245384
M,nb1,60,2021,767,-346.64114,-358.93225,-0.864428669033258,0.409387222946545
M,nb1,60,2022,839,143.58986,133.06067,0.7898413395665965,0.5160905840286055
M,nb1,60,2023,693,-104.70457,-114.52442,-1.170968963108228,0.41414141414141414
M,nb1,60,2024,666,-50.548687,-60.388733,-0.2803873552990615,0.4594594594594595
M,nb1,60,2025,830,40.28242,30.48312,-0.05757832713626978,0.42650602409638555
M,nb1,60,2026Q1,272,-369.05695,-379.0125,-1.237163279066073,0.35294117647058826
M,nb2,1,2020-23,1673,11.446071,1.0207984,1.2088479114214332,0.49611476389719067
M,nb2,1,2024-01..2025-06,475,-1.5149205,-11.352847,0.3060870513545621,0.4842105263157895
M,nb2,1,2025-07..2026-03,232,28.262516,18.170574,0.8240427374839783,0.5043103448275862
M,nb2,1,full 2020-01..2026-03,2380,10.49857,0.22301078,1.4298351131356868,0.49453781512605044
M,nb2,1,2020,424,8.249524,-2.3467612,0.49481717161967426,0.4481132075471698
M,nb2,1,2021,406,37.438175,26.683626,1.4350233525512353,0.541871921182266
M,nb2,1,2022,478,-2.3059902,-12.6848755,-0.5250018230565263,0.5104602510460251
M,nb2,1,2023,365,4.2571006,-5.6640034,0.9199812354172288,0.4821917808219178
M,nb2,1,2024,321,2.9708405,-6.9195375,0.542184233423796,0.48909657320872274
M,nb2,1,2025,307,18.503166,8.560489,0.7693767264012206,0.498371335504886
M,nb2,1,2026Q1,79,-10.086019,-20.049734,-1.487764172947699,0.46835443037974683
M,nb2,5,2020-23,1673,26.601578,16.176306,1.469301866089448,0.5271966527196653
M,nb2,5,2024-01..2025-06,475,1.4394435,-8.398481,0.9177888037957126,0.45473684210526316
M,nb2,5,2025-07..2026-03,232,187.04303,176.95108,3.4029664993286133,0.5732758620689655
M,nb2,5,full 2020-01..2026-03,2380,37.21939,26.943834,2.5890891648209786,0.5172268907563026
M,nb2,5,2020,424,-39.290535,-49.886814,0.9431682418447283,0.5094339622641509
M,nb2,5,2021,406,110.91178,100.15723,0.7680334416105448,0.5566502463054187
M,nb2,5,2022,478,27.47389,17.095001,0.3090523393556155,0.5418410041841004
M,nb2,5,2023,365,8.221708,-1.6994003,0.8136528859273238,0.4958904109589041
M,nb2,5,2024,321,13.106385,3.2160187,1.0384050326047836,0.45482866043613707
M,nb2,5,2025,307,119.41322,109.47055,2.01547352295502,0.5439739413680782
M,nb2,5,2026Q1,79,40.64188,30.678164,1.0805112784873545,0.45569620253164556
M,nb2,20,2020-23,1673,160.12631,149.70107,1.5318110918883434,0.5044829647340108
M,nb2,20,2024-01..2025-06,475,-60.928303,-70.766235,-0.7805745754795546,0.4336842105263158
M,nb2,20,2025-07..2026-03,232,853.8964,843.8045,1.784977376461029,0.5775862068965517
M,nb2,20,full 2020-01..2026-03,2380,183.63629,173.3607,1.9549302635911119,0.49747899159663866
M,nb2,20,2020,424,164.71907,154.12279,0.9227701141272403,0.5165094339622641
M,nb2,20,2021,406,160.25627,149.50172,0.8725577022777115,0.43349753694581283
M,nb2,20,2022,478,260.69278,250.3139,2.4395660250967452,0.5564853556485355
M,nb2,20,2023,365,22.945868,13.024751,-0.07669337088109388,0.5013698630136987
M,nb2,20,2024,321,-31.224583,-41.114944,0.14989198426451547,0.4423676012461059
M,nb2,20,2025,307,600.71515,590.77246,1.3023899426899823,0.5276872964169381
M,nb2,20,2026Q1,79,-66.24612,-76.20983,0.17113431715085814,0.45569620253164556
M,nb2,60,2020-23,1673,649.2598,638.83466,2.323200386122072,0.5397489539748954
M,nb2,60,2024-01..2025-06,475,209.24545,199.40755,-0.2784422485299784,0.4863157894736842
M,nb2,60,2025-07..2026-03,232,446.7429,436.65097,1.4109881222248077,0.4353448275862069
M,nb2,60,full 2020-01..2026-03,2380,541.7007,531.4252,2.358450991239965,0.5189075630252101
M,nb2,60,2020,424,1459.31,1448.7137,1.7647038344968458,0.5943396226415094
M,nb2,60,2021,406,-68.72565,-79.48022,0.14266551162279673,0.3768472906403941
M,nb2,60,2022,478,945.3151,934.9363,5.485097353321859,0.6589958158995816
M,nb2,60,2023,365,119.195404,109.274315,-0.018453705819621795,0.5013698630136987
M,nb2,60,2024,321,341.3498,331.4594,0.6331112392342642,0.4953271028037383
M,nb2,60,2025,307,552.09454,542.1519,0.9842560421629895,0.504885993485342
M,nb2,60,2026Q1,79,-962.40967,-972.3734,-12.310797366983898,0.22784810126582278
M,nb3p,1,2020-23,1367,-27.004768,-37.77441,1.5899703882908736,0.4857351865398683
M,nb3p,1,2024-01..2025-06,426,24.769054,14.972627,1.1867231658435426,0.49061032863849763
M,nb3p,1,2025-07..2026-03,231,73.19856,63.43885,1.6793811321258545,0.5108225108225108
M,nb3p,1,full 2020-01..2026-03,2024,-4.6714597,-15.121001,2.5428306595033607,0.48962450592885376
M,nb3p,1,2020,452,-94.93976,-106.18889,0.855575212826335,0.43805309734513276
M,nb3p,1,2021,281,17.22319,6.8770704,1.0140409709099272,0.5266903914590747
M,nb3p,1,2022,350,-13.301906,-24.286846,0.020343953433669192,0.5142857142857142
M,nb3p,1,2023,284,20.469015,10.308804,1.4886169210836542,0.4859154929577465
M,nb3p,1,2024,250,18.341223,8.472486,1.0947904737571343,0.496
M,nb3p,1,2025,321,62.85817,53.11612,1.3926297945545767,0.514018691588785
M,nb3p,1,2026Q1,86,31.36869,21.678125,1.4572852408133237,0.4418604651162791
M,nb3p,5,2020-23,1367,-18.578482,-29.348127,0.6308823990404678,0.4857351865398683
M,nb3p,5,2024-01..2025-06,426,9.531092,-0.26533163,1.2146906765504621,0.5258215962441315
M,nb3p,5,2025-07..2026-03,231,249.31015,239.55043,2.153331220149994,0.5800865800865801
M,nb3p,5,full 2020-01..2026-03,2024,17.91211,7.4625626,2.0016616628694184,0.5049407114624506
M,nb3p,5,2020,452,-68.08324,-79.33238,1.3363613223656687,0.4424778761061947
M,nb3p,5,2021,281,17.355562,7.0094466,0.45540717746396436,0.501779359430605
M,nb3p,5,2022,350,-38.831776,-49.81671,-1.2721028272670607,0.48857142857142855
M,nb3p,5,2023,284,49.61634,39.456123,0.6594548074814852,0.5352112676056338
M,nb3p,5,2024,250,37.30978,27.441042,1.2169176342779804,0.568
M,nb3p,5,2025,321,116.16472,106.422676,1.7996638238759108,0.5264797507788161
M,nb3p,5,2026Q1,86,174.82054,165.12997,1.3038948469972245,0.5465116279069767
M,nb3p,20,2020-23,1367,-106.30692,-117.07656,0.37087292988051557,0.4667154352596928
M,nb3p,20,2024-01..2025-06,426,-148.80107,-158.59749,0.020699382170169464,0.392018779342723
M,nb3p,20,2025-07..2026-03,231,523.3524,513.59265,1.0797945857048035,0.5627705627705628
M,nb3p,20,full 2020-01..2026-03,2024,-43.387554,-53.837105,1.0513704440213183,0.46195652173913043
M,nb3p,20,2020,452,-280.79202,-292.04117,0.8119837811466873,0.42035398230088494
M,nb3p,20,2021,281,2.5345547,-7.81156,0.22908432829260042,0.47686832740213525
M,nb3p,20,2022,350,-94.55784,-105.542786,-0.5354530980164977,0.49142857142857144
M,nb3p,20,2023,284,49.223454,39.063244,-0.17230030311223776,0.5
M,nb3p,20,2024,250,-100.48354,-110.35229,-0.4261231989739579,0.4
M,nb3p,20,2025,321,185.85667,176.1146,1.3491832061721138,0.45794392523364486
M,nb3p,20,2026Q1,86,267.0471,257.35663,-0.6432290545720643,0.5813953488372093
M,nb3p,60,2020-23,1367,257.7297,246.96007,0.10306533446152354,0.49158741770299924
M,nb3p,60,2024-01..2025-06,426,25.724815,15.928407,0.38583983638107433,0.4859154929577465
M,nb3p,60,2025-07..2026-03,231,192.72003,182.96036,0.2535974755883217,0.38961038961038963
M,nb3p,60,full 2020-01..2026-03,2024,201.47905,191.0295,0.28590198542192186,0.47875494071146246
M,nb3p,60,2020,452,1048.3226,1037.0736,1.5122766555637612,0.5353982300884956
M,nb3p,60,2021,281,-529.8094,-540.15546,-1.2493509579046846,0.43416370106761565
M,nb3p,60,2022,350,210.46857,199.48363,-0.28197737956248947,0.5285714285714286
M,nb3p,60,2023,284,-163.07355,-173.23373,-1.3196133902708165,0.43309859154929575
M,nb3p,60,2024,250,372.05734,362.18863,0.9912527064087474,0.58
M,nb3p,60,2025,321,-79.04227,-88.78429,0.050561292688747234,0.3894080996884735
M,nb3p,60,2026Q1,86,-141.44969,-151.14027,-0.3492957022189075,0.313953488372093
M,cluster2p,1,2020-23,3040,-5.8441586,-16.424284,1.7363069086164429,0.49144736842105263
M,cluster2p,1,2024-01..2025-06,901,10.912352,1.0940478,1.1493370988998937,0.4872364039955605
M,cluster2p,1,2025-07..2026-03,463,50.68201,40.75582,1.6324054598808289,0.5075593952483801
M,cluster2p,1,full 2020-01..2026-03,4404,3.5266936,-6.828823,2.600381367134633,0.49227974568574023
M,cluster2p,1,2020,876,-44.994255,-55.927402,0.48700755759224806,0.4429223744292237
M,cluster2p,1,2021,687,29.169746,18.582253,1.930639743262253,0.5356622998544396
M,cluster2p,1,2022,828,-6.9540215,-17.58909,-0.7504024609465771,0.5120772946859904
M,cluster2p,1,2023,649,11.351376,1.3256378,2.0801366088459776,0.48382126348228044
M,cluster2p,1,2024,571,9.70043,-0.18047367,1.3285507275746478,0.4921190893169877
M,cluster2p,1,2025,628,41.17507,31.334946,1.4186821792524682,0.5063694267515924
M,cluster2p,1,2026Q1,165,11.520678,1.6993302,0.7879708169151067,0.45454545454545453
M,cluster2p,5,2020-23,3040,6.28541,-4.2947154,1.2876212947673498,0.5085526315789474
M,cluster2p,5,2024-01..2025-06,901,5.26524,-4.55306,1.0494744192584542,0.48834628190899
M,cluster2p,5,2025-07..2026-03,463,218.10934,208.18317,3.244144320487976,0.5766738660907127
M,cluster2p,5,full 2020-01..2026-03,4404,28.34611,17.99059,2.741904779551493,0.5115803814713896
M,cluster2p,5,2020,876,-54.147038,-65.080185,1.205432273155322,0.4748858447488584
M,cluster2p,5,2021,687,72.644966,62.057484,0.5734614555050566,0.5342066957787481
M,cluster2p,5,2022,828,-0.5538654,-11.188931,-0.41199116986250794,0.5193236714975845
M,cluster2p,5,2023,649,26.335844,16.310108,0.8415153472677944,0.5130970724191063
M,cluster2p,5,2024,571,23.703318,13.822423,1.1381040912438212,0.5043782837127846
M,cluster2p,5,2025,628,117.75277,107.912636,2.1492166410140188,0.535031847133758
M,cluster2p,5,2026Q1,165,110.57743,100.75607,1.33620078685097,0.503030303030303
M,cluster2p,20,2020-23,3040,40.319,29.738869,1.5605153581078188,0.4875
M,cluster2p,20,2024-01..2025-06,901,-102.47525,-112.29355,-0.744579354536765,0.413984461709212
M,cluster2p,20,2025-07..2026-03,463,688.9814,679.05524,1.596381962299347,0.5701943844492441
M,cluster2p,20,full 2020-01..2026-03,4404,79.30018,68.94466,1.9430619917134584,0.4811534968210718
M,cluster2p,20,2020,876,-65.15652,-76.08965,0.9408372248759953,0.4668949771689498
M,cluster2p,20,2021,687,95.7442,85.15668,0.8319109358622107,0.4512372634643377
M,cluster2p,20,2022,828,110.526436,99.891365,1.569470865347719,0.5289855072463768
M,cluster2p,20,2023,649,34.444828,24.419106,0.30431073451914387,0.5007704160246533
M,cluster2p,20,2024,571,-61.54811,-71.429016,-0.05240259245655253,0.4238178633975482
M,cluster2p,20,2025,628,388.6617,378.82156,1.3343301093420705,0.49203821656050956
M,cluster2p,20,2026Q1,165,107.47037,97.64902,-0.14171262236191692,0.5212121212121212
M,cluster2p,60,2020-23,3040,473.20016,462.61993,2.0162436804724804,0.5180921052631579
M,cluster2p,60,2024-01..2025-06,901,122.47546,112.657135,0.11138131850905773,0.48612652608213097
M,cluster2p,60,2025-07..2026-03,463,320.00574,310.0796,0.9566260278224945,0.41252699784017277
M,cluster2p,60,full 2020-01..2026-03,4404,385.3409,374.98538,2.157989752034888,0.5004541326067211
M,cluster2p,60,2020,876,1247.248,1236.3148,1.8904513547793964,0.5639269406392694
M,cluster2p,60,2021,687,-257.32028,-267.90778,-0.051959648645739445,0.4002911208151383
M,cluster2p,60,2022,828,634.69165,624.05646,5.337787074362776,0.6038647342995169
M,cluster2p,60,2023,649,-4.3244133,-14.350146,-0.2378793576766515,0.4714946070878274
M,cluster2p,60,2024,571,354.79446,344.9135,1.204387398593094,0.532399299474606
M,cluster2p,60,2025,628,229.49118,219.65105,0.6484386126910118,0.445859872611465
M,cluster2p,60,2026Q1,165,-534.5154,-544.33673,-2.275707683339566,0.2727272727272727
M,ceo_cfo,1,2020-23,1452,-27.878614,-38.514503,-0.5313432856019403,0.4662534435261708
M,ceo_cfo,1,2024-01..2025-06,414,6.097126,-3.7495167,-0.27008007144103807,0.4758454106280193
M,ceo_cfo,1,2025-07..2026-03,277,30.406822,20.41729,0.5271446853876114,0.5234657039711191
M,ceo_cfo,1,full 2020-01..2026-03,2143,-13.781077,-24.180948,-0.41269702929299246,0.4755016332244517
M,ceo_cfo,1,2020,430,-90.243835,-100.99706,-0.7430236086137361,0.41627906976744183
M,ceo_cfo,1,2021,308,-11.933936,-23.236021,-1.100742882870303,0.474025974025974
M,ceo_cfo,1,2022,407,8.308942,-2.2717643,1.566502352042482,0.515970515970516
M,ceo_cfo,1,2023,307,-4.498322,-14.374674,0.7598130424943818,0.46254071661237783
M,ceo_cfo,1,2024,247,18.118383,8.305106,0.2897651070760146,0.5020242914979757
M,ceo_cfo,1,2025,352,12.037117,2.1028807,-0.024845098587970633,0.4744318181818182
M,ceo_cfo,1,2026Q1,92,24.289068,14.257771,-0.08925802362528117,0.5543478260869565
M,ceo_cfo,5,2020-23,1452,-28.375134,-39.011024,1.017139083963465,0.4855371900826446
M,ceo_cfo,5,2024-01..2025-06,414,-61.97834,-71.82498,-1.4733777910261416,0.4444444444444444
M,ceo_cfo,5,2025-07..2026-03,277,120.21491,110.225395,1.8585866689682007,0.5631768953068592
M,ceo_cfo,5,full 2020-01..2026-03,2143,-15.660381,-26.06025,0.7808228053609578,0.4876341577228185
M,ceo_cfo,5,2020,430,-73.67699,-84.43019,0.4592905589786007,0.47674418604651164
M,ceo_cfo,5,2021,308,40.489994,29.18791,0.5311852794249332,0.5032467532467533
M,ceo_cfo,5,2022,407,-6.398689,-16.979399,0.3692167400667485,0.48157248157248156
M,ceo_cfo,5,2023,307,-63.147377,-73.023735,0.6389170499996052,0.48534201954397393
M,ceo_cfo,5,2024,247,-48.3182,-58.131477,-1.5569612773174561,0.4574898785425101
M,ceo_cfo,5,2025,352,8.444835,-1.489399,0.5552552311832749,0.4943181818181818
M,ceo_cfo,5,2026Q1,92,180.46213,170.43086,3.2235673820295987,0.5760869565217391
M,ceo_cfo,20,2020-23,1452,-70.52343,-81.159325,0.1439825738921005,0.4628099173553719
M,ceo_cfo,20,2024-01..2025-06,414,-180.88503,-190.73164,-1.9503255636759724,0.38164251207729466
M,ceo_cfo,20,2025-07..2026-03,277,288.28506,278.29556,2.2222371697425842,0.5848375451263538
M,ceo_cfo,20,full 2020-01..2026-03,2143,-45.46498,-55.864845,-0.06042814385008733,0.46290247316845545
M,ceo_cfo,20,2020,430,-146.10478,-156.85799,0.14503259746320027,0.5
M,ceo_cfo,20,2021,308,50.163403,38.861317,0.6665608526776118,0.474025974025974
M,ceo_cfo,20,2022,407,-15.606017,-26.186714,0.4215988590832633,0.4520884520884521
M,ceo_cfo,20,2023,307,-158.54608,-168.42245,-0.7629337806333314,0.41368078175895767
M,ceo_cfo,20,2024,247,-160.07619,-169.88945,-1.6955852944529313,0.3643724696356275
M,ceo_cfo,20,2025,352,121.806206,111.87195,1.3113578385226567,0.5142045454545454
M,ceo_cfo,20,2026Q1,92,17.734844,7.7035313,-0.17774702535410583,0.532608695652174
M,ceo_cfo,60,2020-23,1452,135.70325,125.06735,-0.23836225469916128,0.4724517906336088
M,ceo_cfo,60,2024-01..2025-06,414,-266.81543,-276.66208,-2.8235949042707187,0.39855072463768115
M,ceo_cfo,60,2025-07..2026-03,277,-169.7779,-179.76741,-0.25954916328191757,0.3935018050541516
M,ceo_cfo,60,full 2020-01..2026-03,2143,18.455936,8.05606,-1.214862444165451,0.44797013532431174
M,ceo_cfo,60,2020,430,727.10956,716.35626,1.3563762296133424,0.5488372093023256
M,ceo_cfo,60,2021,308,-167.06662,-178.36871,-0.45585948659065817,0.38961038961038963
M,ceo_cfo,60,2022,407,102.47247,91.89175,0.490507180193541,0.5184275184275184
M,ceo_cfo,60,2023,307,-344.83948,-354.71585,-2.2762116925889284,0.38762214983713356
M,ceo_cfo,60,2024,247,-306.82544,-316.63873,-2.44621560226828,0.3522267206477733
M,ceo_cfo,60,2025,352,-42.26288,-52.1971,-0.20597043350696556,0.45454545454545453
M,ceo_cfo,60,2026Q1,92,-726.38745,-736.41876,-3.5802801863615374,0.29347826086956524
M,officer,1,2020-23,2202,-28.415773,-39.074562,-0.502404307168531,0.4677565849227975
M,officer,1,2024-01..2025-06,653,7.571652,-2.204479,0.5331600781800231,0.4885145482388974
M,officer,1,2025-07..2026-03,444,17.199678,7.3710604,0.27188725769519806,0.5067567567567568
M,officer,1,full 2020-01..2026-03,3299,-15.153255,-25.525602,-0.11988782397793618,0.4771142770536526
M,officer,1,2020,706,-86.50723,-97.55147,-0.6141196297497369,0.43201133144475923
M,officer,1,2021,455,-5.3717623,-16.333109,-0.8527867986885523,0.48131868131868133
M,officer,1,2022,558,6.38395,-4.261727,1.1038988768795224,0.5125448028673835
M,officer,1,2023,483,-5.41515,-15.240664,0.321191250366248,0.4554865424430642
M,officer,1,2024,391,19.650944,9.915116,1.1474019365973809,0.5089514066496164
M,officer,1,2025,548,6.80573,-3.027959,-0.3653137139132467,0.48175182481751827
M,officer,1,2026Q1,158,7.391689,-2.4320421,-0.01223978528860598,0.5126582278481012
M,officer,5,2020-23,2202,-51.42422,-62.08301,0.5183914248096396,0.47638510445049953
M,officer,5,2024-01..2025-06,653,-61.629982,-71.40612,-1.7040641409314263,0.445635528330781
M,officer,5,2025-07..2026-03,444,87.87242,78.04381,1.5069850087165833,0.5495495495495496
M,officer,5,full 2020-01..2026-03,3299,-34.696926,-45.069275,0.13658315455953676,0.4801454986359503
M,officer,5,2020,706,-132.93202,-143.97627,0.36717166730498435,0.4688385269121813
M,officer,5,2021,455,11.695862,0.7345179,0.11062063555219843,0.4857142857142857
M,officer,5,2022,558,-3.9587471,-14.604426,0.5444235231868635,0.478494623655914
M,officer,5,2023,483,-46.58128,-56.40679,0.20759666859468973,0.47619047619047616
M,officer,5,2024,391,-49.678154,-59.413986,-1.280477103029306,0.45524296675191817
M,officer,5,2025,548,-4.011198,-13.844886,-0.47327098268597684,0.48905109489051096
M,officer,5,2026Q1,158,129.07133,119.24761,2.407885709178095,0.5632911392405063
M,officer,20,2020-23,2202,-84.73817,-95.39696,0.2726949167116243,0.4645776566757493
M,officer,20,2024-01..2025-06,653,-159.30708,-169.08322,-1.4667247424013028,0.3889739663093415
M,officer,20,2025-07..2026-03,444,156.61113,146.78249,0.7427487373352051,0.5427927927927928
M,officer,20,full 2020-01..2026-03,3299,-67.01595,-77.3883,-0.13324811473586826,0.4601394361927857
M,officer,20,2020,706,-243.317,-254.36125,-0.05725352662425619,0.4660056657223796
M,officer,20,2021,455,31.311533,20.350178,0.6252203250667575,0.46373626373626375
M,officer,20,2022,558,7.78688,-2.8587947,0.891327452713308,0.4731182795698925
M,officer,20,2023,483,-69.1583,-78.98382,-0.662930685279961,0.453416149068323
M,officer,20,2024,391,-122.4242,-132.16003,-1.1210850554437608,0.38618925831202044
M,officer,20,2025,548,24.641912,14.808218,0.26121420131125606,0.4762773722627737
M,officer,20,2026Q1,158,-0.81068355,-10.634423,-0.7426683140968002,0.5253164556962026
M,officer,60,2020-23,2202,139.69437,129.03558,-0.19276150941460082,0.47774750227066304
M,officer,60,2024-01..2025-06,653,-241.37306,-251.14922,-2.660126750740973,0.4058192955589586
M,officer,60,2025-07..2026-03,444,-330.6553,-340.4839,-2.6282204389572144,0.3738738738738739
M,officer,60,full 2020-01..2026-03,3299,0.9637719,-9.408577,-1.4738108750965848,0.4495301606547439
M,officer,60,2020,706,672.29517,661.25085,1.4246175540505723,0.5509915014164306
M,officer,60,2021,455,-328.6061,-339.5675,-1.0786753922764958,0.378021978021978
M,officer,60,2022,558,165.9991,155.35342,0.6531550531984108,0.532258064516129
M,officer,60,2023,483,-228.0436,-237.86908,-1.917039752591317,0.40165631469979296
M,officer,60,2024,391,-171.92117,-181.657,-2.1330266085470964,0.39641943734015345
M,officer,60,2025,548,-258.13913,-267.97284,-2.2410559634440315,0.41605839416058393
M,officer,60,2026Q1,158,-605.9881,-615.81177,-2.6767844513488948,0.3037974683544304
M,director_only,1,2020-23,2798,1.4561515,-9.008043,0.21338907128930948,0.4821300929235168
M,director_only,1,2024-01..2025-06,982,-23.002544,-32.828102,-1.5132580241709683,0.4470468431771894
M,director_only,1,2025-07..2026-03,540,2.6020222,-7.117695,-0.0910156387835741,0.48703703703703705
M,director_only,1,full 2020-01..2026-03,4320,-3.9604387,-14.186402,-0.3906866939881403,0.47476851851851853
M,director_only,1,2020,782,2.839249,-7.628141,0.6848002164850643,0.4373401534526854
M,director_only,1,2021,663,19.459631,8.559798,0.8742715608497446,0.5294117647058824
M,director_only,1,2022,737,-4.0083637,-14.47544,-1.4590702305555352,0.5210312075983717
M,director_only,1,2023,616,-13.13888,-23.12669,-0.41678620050531817,0.44155844155844154
M,director_only,1,2024,597,-18.277847,-28.1046,-0.8098834500992368,0.4489112227805695
M,director_only,1,2025,722,-8.91884,-18.682034,-0.9047873490476228,0.4667590027700831
M,director_only,1,2026Q1,203,-18.877487,-28.639818,-0.5940456702098398,0.47783251231527096
M,director_only,5,2020-23,2798,-14.789657,-25.253855,0.14036212379690702,0.48355968548963546
M,director_only,5,2024-01..2025-06,982,-7.128202,-16.953764,0.24369507479693747,0.4684317718940937
M,director_only,5,2025-07..2026-03,540,67.546646,57.826927,1.5318793058395386,0.5296296296296297
M,director_only,5,full 2020-01..2026-03,4320,-2.7560585,-12.98202,0.7701853272706338,0.4858796296296296
M,director_only,5,2020,782,-39.598545,-50.065933,0.3124772690663075,0.4411764705882353
M,director_only,5,2021,663,8.381163,-2.5186703,0.2015773739853247,0.5098039215686274
M,director_only,5,2022,737,0.19234589,-10.274732,-0.7527448857444896,0.5332428765264586
M,director_only,5,2023,616,-26.15889,-36.1467,0.06970815963125997,0.4496753246753247
M,director_only,5,2024,597,10.611039,0.78428334,0.5317114332838794,0.48408710217755446
M,director_only,5,2025,722,29.476114,19.712923,0.6127130598976397,0.4986149584487535
M,director_only,5,2026Q1,203,9.156395,-0.6059377,0.8249216531529806,0.47783251231527096
M,director_only,20,2020-23,2798,-42.646748,-53.110947,0.43796937786116413,0.4660471765546819
M,director_only,20,2024-01..2025-06,982,-117.86803,-127.69359,-0.6688492438562388,0.40427698574338083
M,director_only,20,2025-07..2026-03,540,202.68314,192.96342,1.777996838092804,0.5425925925925926
M,director_only,20,full 2020-01..2026-03,4320,-29.079426,-39.30539,0.5529666451447937,0.4615740740740741
M,director_only,20,2020,782,-120.637215,-131.1046,0.23886817385657638,0.42710997442455245
M,director_only,20,2021,663,-41.477135,-52.37697,0.5270796481604372,0.45852187028657615
M,director_only,20,2022,737,59.878532,49.41145,0.4207978075125719,0.5223880597014925
M,director_only,20,2023,616,-67.56242,-77.55024,-0.3000316629558095,0.45616883116883117
M,director_only,20,2024,597,-87.246216,-97.07296,-0.11064585150040752,0.4355108877721943
M,director_only,20,2025,722,52.541588,42.778385,0.6207760722664342,0.45013850415512463
M,director_only,20,2026Q1,203,38.686985,28.924648,0.2698641232627268,0.5172413793103449
M,director_only,60,2020-23,2798,204.25076,193.78654,1.2415938527952082,0.4896354538956397
M,director_only,60,2024-01..2025-06,982,-24.118454,-33.943996,-0.3192626935713861,0.4694501018329939
M,director_only,60,2025-07..2026-03,540,127.09141,117.371735,0.5168395489454269,0.40370370370370373
M,director_only,60,full 2020-01..2026-03,4320,142.69412,132.46817,1.1656273374283943,0.47430555555555554
M,director_only,60,2020,782,569.0262,558.55884,1.2381115226046624,0.49232736572890023
M,director_only,60,2021,663,-285.92383,-296.82367,-0.3897586270795533,0.4253393665158371
M,director_only,60,2022,737,477.46603,466.999,3.034785669329347,0.5739484396200815
M,director_only,60,2023,616,-58.132984,-68.120804,-0.5249838595970038,0.45454545454545453
M,director_only,60,2024,597,129.61137,119.78463,0.6681583100967042,0.509212730318258
M,director_only,60,2025,722,11.77198,2.0087855,-0.29339101589489924,0.4307479224376731
M,director_only,60,2026Q1,203,-201.63704,-211.39937,-0.5370145768974085,0.31527093596059114
M,tenpct_only,1,2020-23,1216,-5.1607146,-16.55574,-0.6116108880938312,0.4777960526315789
M,tenpct_only,1,2024-01..2025-06,347,28.76155,18.838137,1.7975678094366636,0.515850144092219
M,tenpct_only,1,2025-07..2026-03,150,113.948715,103.379944,1.6980772018432617,0.5666666666666667
M,tenpct_only,1,full 2020-01..2026-03,1713,12.14077,1.1161963,1.4790761560734478,0.493286631640397
M,tenpct_only,1,2020,303,4.9187737,-6.2239122,0.4652778626280833,0.4389438943894389
M,tenpct_only,1,2021,330,-18.968176,-32.356277,-0.7446978236888918,0.4666666666666667
M,tenpct_only,1,2022,345,2.932787,-7.8001194,-0.683053011950814,0.5072463768115942
M,tenpct_only,1,2023,238,-10.580375,-20.492949,0.06037820717476051,0.5
M,tenpct_only,1,2024,244,32.757206,22.630278,1.1734804405783712,0.4959016393442623
M,tenpct_only,1,2025,180,90.56711,80.5933,1.8543714366135466,0.5722222222222222
M,tenpct_only,1,2026Q1,73,38.051083,27.606066,2.1434545000382066,0.547945205479452
M,tenpct_only,5,2020-23,1216,16.837,5.4419804,0.8317725965762324,0.5082236842105263
M,tenpct_only,5,2024-01..2025-06,347,40.050816,30.127396,1.292887705494604,0.515850144092219
M,tenpct_only,5,2025-07..2026-03,150,291.53635,280.96756,2.023766577243805,0.5466666666666666
M,tenpct_only,5,full 2020-01..2026-03,1713,45.593624,34.569054,2.2589362645375797,0.5131348511383538
M,tenpct_only,5,2020,303,-37.91498,-49.057674,0.2902977907557356,0.47854785478547857
M,tenpct_only,5,2021,330,21.183817,7.795724,0.4358669304291146,0.5151515151515151
M,tenpct_only,5,2022,345,56.273426,45.540527,0.5243967951569178,0.518840579710145
M,tenpct_only,5,2023,238,23.34891,13.436334,0.4399910929636353,0.5210084033613446
M,tenpct_only,5,2024,244,39.16611,29.039173,0.8483355773047936,0.5122950819672131
M,tenpct_only,5,2025,180,225.8561,215.88226,2.102932858409725,0.55
M,tenpct_only,5,2026Q1,73,101.60896,91.16395,0.903361422019316,0.5068493150684932
M,tenpct_only,20,2020-23,1216,61.815426,50.420383,0.9777394358872306,0.4769736842105263
M,tenpct_only,20,2024-01..2025-06,347,14.455827,4.532409,-0.023313692572839013,0.49855907780979825
M,tenpct_only,20,2025-07..2026-03,150,1714.9419,1704.3732,1.7633085250854492,0.6533333333333333
M,tenpct_only,20,full 2020-01..2026-03,1713,196.979,185.95442,1.8606769464303476,0.4967892586106246
M,tenpct_only,20,2020,303,127.55453,116.41182,0.8422452418587393,0.45544554455445546
M,tenpct_only,20,2021,330,-69.76188,-83.149994,0.13327022224419766,0.3939393939393939
M,tenpct_only,20,2022,345,229.26599,218.53311,2.1117679898231696,0.6028985507246377
M,tenpct_only,20,2023,238,-82.1715,-92.08408,-0.2934595919178179,0.4369747899159664
M,tenpct_only,20,2024,244,50.248302,40.12137,0.5012198028419108,0.5122950819672131
M,tenpct_only,20,2025,180,1260.3273,1250.3535,1.5232212546118273,0.5611111111111111
M,tenpct_only,20,2026Q1,73,316.95847,306.51343,1.2563009707070623,0.6164383561643836
M,tenpct_only,60,2020-23,1216,428.91394,417.51892,1.8510917631531318,0.48519736842105265
M,tenpct_only,60,2024-01..2025-06,347,377.0265,367.10303,0.8689383093683426,0.5244956772334294
M,tenpct_only,60,2025-07..2026-03,150,1736.1108,1725.5421,2.533206582069397,0.56
M,tenpct_only,60,full 2020-01..2026-03,1713,532.8688,521.8442,2.8135255572401063,0.4997081144191477
M,tenpct_only,60,2020,303,1202.2455,1191.103,1.446577057410698,0.46864686468646866
M,tenpct_only,60,2021,330,-326.25845,-339.64664,-0.3137009781271443,0.4
M,tenpct_only,60,2022,345,581.5764,570.84344,3.0241634834082287,0.5768115942028985
M,tenpct_only,60,2023,238,270.16956,260.25693,0.5208997018933162,0.49159663865546216
M,tenpct_only,60,2024,244,610.0775,599.95056,1.351997894450405,0.5983606557377049
M,tenpct_only,60,2025,180,1608.2104,1598.2367,2.431726317112705,0.5111111111111111
M,tenpct_only,60,2026Q1,73,-645.09564,-655.54065,-1.2905590430671976,0.3835616438356164
M,val_lt50k,1,2020-23,2074,-2.4307234,-13.452184,-0.872353600211757,0.48553519768563164
M,val_lt50k,1,2024-01..2025-06,641,-3.8310862,-13.550822,0.013886801138271985,0.48517940717628705
M,val_lt50k,1,2025-07..2026-03,309,-3.4583464,-13.086,-0.36062170565128326,0.4854368932038835
M,val_lt50k,1,full 2020-01..2026-03,3024,-2.832564,-13.435675,-0.8233651038996113,0.48544973544973546
M,val_lt50k,1,2020,627,4.9549,-6.198193,-0.18924322649544179,0.4688995215311005
M,val_lt50k,1,2021,502,-0.6876892,-12.481438,-0.3113635087663415,0.48804780876494025
M,val_lt50k,1,2022,512,-6.84772,-17.78402,-0.7497637773699322,0.51171875
M,val_lt50k,1,2023,433,-9.923304,-19.959503,-0.5879585867693886,0.47575057736720555
M,val_lt50k,1,2024,460,-0.56168824,-10.28699,0.5197343482663594,0.4782608695652174
M,val_lt50k,1,2025,363,-2.2830417,-11.945425,-0.6623189985117365,0.4793388429752066
M,val_lt50k,1,2026Q1,127,-19.190823,-28.830292,-0.5534598659946152,0.5275590551181102
M,val_lt50k,5,2020-23,2074,6.2608175,-4.7606444,0.45286841572274483,0.5072324011571842
M,val_lt50k,5,2024-01..2025-06,641,4.6612597,-5.058473,0.6729693722526939,0.48985959438377535
M,val_lt50k,5,2025-07..2026-03,309,30.48867,20.861021,-0.011071495246142149,0.5372168284789643
M,val_lt50k,5,full 2020-01..2026-03,3024,8.39742,-2.205691,0.6514091133330064,0.5066137566137566
M,val_lt50k,5,2020,627,-19.447268,-30.60037,0.2857227092538034,0.4784688995215311
M,val_lt50k,5,2021,502,27.301388,15.507647,0.09829444386173768,0.5219123505976095
M,val_lt50k,5,2022,512,33.74201,22.80571,0.6701147269914283,0.541015625
M,val_lt50k,5,2023,433,-13.401472,-23.437674,-0.041047701927742965,0.49191685912240185
M,val_lt50k,5,2024,460,10.014415,0.28911364,0.8230332702802414,0.4934782608695652
M,val_lt50k,5,2025,363,6.7037377,-2.9586463,-0.5646795434214044,0.5068870523415978
M,val_lt50k,5,2026Q1,127,42.273853,32.634384,18.816280338243967,0.5433070866141733
M,val_lt50k,20,2020-23,2074,75.94652,64.92504,1.1113020934448192,0.4792671166827387
M,val_lt50k,20,2024-01..2025-06,641,16.017027,6.297293,0.8645632768320934,0.48205928237129486
M,val_lt50k,20,2025-07..2026-03,309,74.583496,64.95584,0.39500369131565094,0.5436893203883495
M,val_lt50k,20,full 2020-01..2026-03,3024,63.10392,52.500805,1.3459156890183588,0.48644179894179895
M,val_lt50k,20,2020,627,48.392838,37.23974,0.3826207844953064,0.4704944178628389
M,val_lt50k,20,2021,502,19.63778,7.8440285,0.13853969727590612,0.4123505976095618
M,val_lt50k,20,2022,512,223.01149,212.0752,2.4725867867535603,0.576171875
M,val_lt50k,20,2023,433,7.230244,-2.805939,0.37453996352439906,0.45496535796766746
M,val_lt50k,20,2024,460,71.088326,61.363014,1.36909291361948,0.5
M,val_lt50k,20,2025,363,-13.906464,-23.568846,-0.20583339760418548,0.4820936639118457
M,val_lt50k,20,2026Q1,127,44.571873,34.932404,0.28972621205661736,0.5669291338582677
M,val_lt50k,60,2020-23,2074,617.1042,606.08276,1.9590577297503722,0.5212150433944069
M,val_lt50k,60,2024-01..2025-06,641,524.6729,514.9532,2.632941274808173,0.5678627145085804
M,val_lt50k,60,2025-07..2026-03,309,-103.62183,-113.24947,-1.1180305480957031,0.42718446601941745
M,val_lt50k,60,full 2020-01..2026-03,3024,523.86584,513.2627,2.23769808699173,0.521494708994709
M,val_lt50k,60,2020,627,1266.4253,1255.272,1.532778744222279,0.5566188197767146
M,val_lt50k,60,2021,502,-243.8629,-255.65663,-0.3758381589992905,0.3784860557768924
M,val_lt50k,60,2022,512,1010.8754,999.9391,4.938283864112313,0.662109375
M,val_lt50k,60,2023,433,209.4144,199.37819,0.10819736228165036,0.46882217090069284
M,val_lt50k,60,2024,460,706.04236,696.317,2.760876773764127,0.6108695652173913
M,val_lt50k,60,2025,363,71.965,62.3026,-0.43777993562999246,0.4738292011019284
M,val_lt50k,60,2026Q1,127,-366.9806,-376.62012,-2.773258139859178,0.33858267716535434
M,val_50_250k,1,2020-23,1966,-27.23558,-37.96841,-0.5251016544666315,0.45422177009155645
M,val_50_250k,1,2024-01..2025-06,639,-14.316604,-24.208832,-0.8410358523220997,0.4475743348982786
M,val_50_250k,1,2025-07..2026-03,374,-6.8804445,-16.663473,-1.4042353928089142,0.4732620320855615
M,val_50_250k,1,full 2020-01..2026-03,2979,-21.908947,-32.34222,-1.2151303474841924,0.4551863041289023
M,val_50_250k,1,2020,675,-77.98528,-88.66661,0.14332888205150102,0.38814814814814813
M,val_50_250k,1,2021,398,-6.1263213,-18.099226,-1.1847666550721851,0.5150753768844221
M,val_50_250k,1,2022,439,19.024302,8.392625,1.367881928675805,0.5148063781321185
M,val_50_250k,1,2023,454,-15.018672,-24.838772,-0.8355820888542892,0.44052863436123346
M,val_50_250k,1,2024,347,-9.007147,-18.9916,-0.9407232498224729,0.4553314121037464
M,val_50_250k,1,2025,541,-3.018376,-12.771144,-0.3979654503628013,0.46395563770794823
M,val_50_250k,1,2026Q1,125,-55.7054,-65.61848,-2.2884532740621766,0.432
M,val_50_250k,5,2020-23,1966,-55.85092,-66.58375,-0.4195741500708717,0.4582909460834181
M,val_50_250k,5,2024-01..2025-06,639,-63.593826,-73.48605,-1.3193921726491646,0.41784037558685444
M,val_50_250k,5,2025-07..2026-03,374,49.82665,40.043617,0.7677525579929352,0.5026737967914439
M,val_50_250k,5,full 2020-01..2026-03,2979,-44.244446,-54.677727,-0.7111169040669223,0.4551863041289023
M,val_50_250k,5,2020,675,-130.16957,-140.85089,-0.15810764732489918,0.4162962962962963
M,val_50_250k,5,2021,398,-32.378902,-44.35181,-0.8966713754447188,0.4748743718592965
M,val_50_250k,5,2022,439,25.209354,14.577678,0.9048818120675258,0.5170842824601367
M,val_50_250k,5,2023,454,-44.313988,-54.13409,-0.002363876783535056,0.44933920704845814
M,val_50_250k,5,2024,347,-59.769394,-69.753845,-1.1888546842111145,0.414985590778098
M,val_50_250k,5,2025,541,1.6220782,-8.130689,0.028605170382066242,0.46950092421441775
M,val_50_250k,5,2026Q1,125,-17.11081,-27.023884,0.5021150851463907,0.456
M,val_50_250k,20,2020-23,1966,-105.3527,-116.085526,-0.39752015788127476,0.4598168870803662
M,val_50_250k,20,2024-01..2025-06,639,-185.05476,-194.94699,-1.4290553221951152,0.3568075117370892
M,val_50_250k,20,2025-07..2026-03,374,66.12394,56.340904,-0.24477942287921906,0.5294117647058824
M,val_50_250k,20,full 2020-01..2026-03,2979,-100.92081,-111.35408,-0.8228124565188262,0.4464585431352803
M,val_50_250k,20,2020,675,-232.0802,-242.7615,-0.03952460510105982,0.4414814814814815
M,val_50_250k,20,2021,398,-30.898252,-42.871147,-0.01661821481777741,0.4824120603015075
M,val_50_250k,20,2022,439,33.920933,23.289248,0.11748972310195072,0.4988610478359909
M,val_50_250k,20,2023,454,-116.87898,-126.6991,-0.9914749784107706,0.42951541850220265
M,val_50_250k,20,2024,347,-139.26756,-149.252,-0.9589263253769243,0.36023054755043227
M,val_50_250k,20,2025,541,-51.194138,-60.946903,-0.3974711713206802,0.4491682070240296
M,val_50_250k,20,2026Q1,125,-139.98216,-149.89522,-3.465427607517683,0.464
M,val_50_250k,60,2020-23,1966,39.798607,29.065777,-0.519963846947501,0.4669379450661241
M,val_50_250k,60,2024-01..2025-06,639,-280.1349,-290.0271,-2.265879566386067,0.38967136150234744
M,val_50_250k,60,2025-07..2026-03,374,-258.37903,-268.16205,-2.1177240014076233,0.3716577540106952
M,val_50_250k,60,full 2020-01..2026-03,2979,-66.262474,-76.69574,-1.4729138635510302,0.4384021483719369
M,val_50_250k,60,2020,675,355.8,345.11865,0.6211460266181529,0.49037037037037035
M,val_50_250k,60,2021,398,-311.14938,-323.12228,-0.7131153260340212,0.41959798994974873
M,val_50_250k,60,2022,439,119.491516,108.85984,0.2006375701755626,0.5125284738041003
M,val_50_250k,60,2023,454,-199.42781,-209.24791,-1.3544639470803763,0.42951541850220265
M,val_50_250k,60,2024,347,-165.3154,-175.29985,-1.148478402071183,0.3976945244956772
M,val_50_250k,60,2025,541,-234.84436,-244.59714,-2.3221779142651107,0.4029574861367837
M,val_50_250k,60,2026Q1,125,-729.7978,-739.71075,-3.2390840944792445,0.256
M,val_250k_1m,1,2020-23,1103,-17.815811,-28.223282,0.6661123856191868,0.46781504986400724
M,val_250k_1m,1,2024-01..2025-06,352,-23.243261,-33.127483,-1.5427610288628366,0.4403409090909091
M,val_250k_1m,1,2025-07..2026-03,219,43.687756,33.621037,2.58681857585907,0.5844748858447488
M,val_250k_1m,1,full 2020-01..2026-03,1674,-10.9109,-21.163765,0.4888748734048792,0.477299880525687
M,val_250k_1m,1,2020,272,-60.489494,-71.08266,0.3301770322297401,0.41911764705882354
M,val_250k_1m,1,2021,282,3.8632135,-7.0772824,0.16306695586980854,0.48226950354609927
M,val_250k_1m,1,2022,343,-12.628417,-22.749138,-1.3333665865390596,0.5189504373177842
M,val_250k_1m,1,2023,206,0.21564728,-9.694411,1.5986703655633419,0.42718446601941745
M,val_250k_1m,1,2024,207,-19.220217,-29.114481,-0.9964317576179885,0.4396135265700483
M,val_250k_1m,1,2025,267,5.662526,-4.3036957,0.25179394117534654,0.5205992509363296
M,val_250k_1m,1,2026Q1,97,39.71836,29.669239,3.851336814917051,0.5463917525773195
M,val_250k_1m,5,2020-23,1103,-51.56053,-61.968,0.8133864279444061,0.4587488667271079
M,val_250k_1m,5,2024-01..2025-06,352,-48.014282,-57.89851,-1.227827849231308,0.46875
M,val_250k_1m,5,2025-07..2026-03,219,146.94165,136.87494,1.7952598929405212,0.5981735159817352
M,val_250k_1m,5,full 2020-01..2026-03,1674,-24.84592,-35.09879,0.88617010735099,0.47909199522102747
M,val_250k_1m,5,2020,272,-158.66196,-169.2551,0.2175007678023512,0.43014705882352944
M,val_250k_1m,5,2021,282,-4.126108,-15.066603,0.7430900424424876,0.48936170212765956
M,val_250k_1m,5,2022,343,-18.904728,-29.025448,-0.35170528351348324,0.4518950437317784
M,val_250k_1m,5,2023,206,-29.453085,-39.36314,0.7986533972259992,0.46601941747572817
M,val_250k_1m,5,2024,207,-9.8198595,-19.714117,-0.8256185631156642,0.4975845410628019
M,val_250k_1m,5,2025,267,17.550718,7.5845037,0.42669893301356915,0.5168539325842697
M,val_250k_1m,5,2026Q1,97,130.16351,120.11439,1.526550585681612,0.5670103092783505
M,val_250k_1m,20,2020-23,1103,-119.935036,-130.3425,0.4769629381900887,0.43245693563009974
M,val_250k_1m,20,2024-01..2025-06,352,-137.76793,-147.65215,-1.072010486671199,0.4147727272727273
M,val_250k_1m,20,2025-07..2026-03,219,429.69318,419.62646,2.32730233669281,0.6118721461187214
M,val_250k_1m,20,full 2020-01..2026-03,1674,-51.780083,-62.032948,0.8365420499368778,0.45221027479091996
M,val_250k_1m,20,2020,272,-381.90216,-392.49533,-0.10374208234327964,0.3897058823529412
M,val_250k_1m,20,2021,282,-84.889244,-95.82974,0.014424603151270577,0.42907801418439717
M,val_250k_1m,20,2022,343,26.502113,16.38142,0.9709319041578249,0.46355685131195334
M,val_250k_1m,20,2023,206,-65.83696,-75.74703,0.601543556271586,0.441747572815534
M,val_250k_1m,20,2024,207,-15.612714,-25.50698,0.012805654427291348,0.48792270531400966
M,val_250k_1m,20,2025,267,119.00071,109.0345,0.6621880407622862,0.47191011235955055
M,val_250k_1m,20,2026Q1,97,175.94972,165.9006,0.7783943830815379,0.5463917525773195
M,val_250k_1m,60,2020-23,1103,95.73021,85.32272,0.35398241010364856,0.46237533998186764
M,val_250k_1m,60,2024-01..2025-06,352,-194.58418,-204.46838,-0.7791937815020649,0.4715909090909091
M,val_250k_1m,60,2025-07..2026-03,219,296.96387,286.89716,0.7776204943656921,0.4429223744292237
M,val_250k_1m,60,full 2020-01..2026-03,1674,61.010674,50.757816,0.41709036626749235,0.46176821983273597
M,val_250k_1m,60,2020,272,522.6701,512.07697,0.29003621078122266,0.47058823529411764
M,val_250k_1m,60,2021,282,-136.35754,-147.29802,-0.7438525603277376,0.4326241134751773
M,val_250k_1m,60,2022,343,153.07242,142.95168,0.5225228140232786,0.5189504373177842
M,val_250k_1m,60,2023,206,-245.76155,-255.67163,0.39527777097001365,0.39805825242718446
M,val_250k_1m,60,2024,207,100.077324,90.18308,0.4364751070960532,0.5265700483091788
M,val_250k_1m,60,2025,267,-110.214874,-120.18111,-0.057329322873901065,0.42696629213483145
M,val_250k_1m,60,2026Q1,97,54.15273,44.10358,0.3658186006879306,0.41237113402061853
M,val_gt1m,1,2020-23,1117,12.568469,2.1509454,0.5334659161163845,0.5067144136078783
M,val_gt1m,1,2024-01..2025-06,357,37.357147,27.510473,1.6475804939905212,0.5266106442577031
M,val_gt1m,1,2025-07..2026-03,241,85.31335,75.1368,2.1372554898262024,0.5020746887966805
M,val_gt1m,1,full 2020-01..2026-03,1715,27.951021,17.68619,2.236578209824082,0.5102040816326531
M,val_gt1m,1,2020,223,32.913616,22.428175,1.2741441576414243,0.4977578475336323
M,val_gt1m,1,2021,272,24.46799,13.695953,0.618988243471712,0.5257352941176471
M,val_gt1m,1,2022,373,3.6205602,-6.8398747,-0.4104422602413492,0.514745308310992
M,val_gt1m,1,2023,249,-5.247066,-15.152219,-0.4381740993567573,0.4819277108433735
M,val_gt1m,1,2024,223,60.94783,51.041447,1.5897319958767793,0.547085201793722
M,val_gt1m,1,2025,287,48.728603,38.73433,1.474990707891346,0.49477351916376305
M,val_gt1m,1,2026Q1,88,71.824356,61.706974,3.7857218721479446,0.5113636363636364
M,val_gt1m,5,2020-23,1117,18.656477,8.238954,0.3340411633638447,0.5237242614145031
M,val_gt1m,5,2024-01..2025-06,357,67.43042,57.583748,1.2026701003272156,0.5266106442577031
M,val_gt1m,5,2025-07..2026-03,241,255.05042,244.87389,2.137376368045807,0.5518672199170125
M,val_gt1m,5,full 2020-01..2026-03,1715,62.02862,51.763798,1.7328267980487695,0.5282798833819242
M,val_gt1m,5,2020,223,13.893282,3.40783,0.873164949800192,0.5560538116591929
M,val_gt1m,5,2021,272,73.366165,62.59413,0.09815493024040274,0.5330882352941176
M,val_gt1m,5,2022,373,-10.0670805,-20.527506,-0.9819007642000738,0.5227882037533512
M,val_gt1m,5,2023,249,6.1867466,-3.7184057,0.262386033139851,0.4859437751004016
M,val_gt1m,5,2024,223,80.80344,70.897064,1.034195388780121,0.547085201793722
M,val_gt1m,5,2025,287,190.58774,180.59348,1.700053756628301,0.5435540069686411
M,val_gt1m,5,2026Q1,88,145.70412,135.58675,2.8412851416414147,0.48863636363636365
M,val_gt1m,20,2020-23,1117,-59.49901,-69.91655,-0.27598135227892845,0.4897045658012534
M,val_gt1m,20,2024-01..2025-06,357,-137.29796,-147.14462,-1.6998108074202525,0.40896358543417366
M,val_gt1m,20,2025-07..2026-03,241,1216.9125,1206.7358,1.8786553144454956,0.5684647302904564
M,val_gt1m,20,full 2020-01..2026-03,1715,103.673546,93.4087,0.764696793528153,0.4839650145772595
M,val_gt1m,20,2020,223,17.78145,7.296015,1.0852142980192483,0.47085201793721976
M,val_gt1m,20,2021,272,-41.223557,-51.995598,-0.4213939053015556,0.4632352941176471
M,val_gt1m,20,2022,373,-81.69815,-92.15856,-0.34426650136309717,0.514745308310992
M,val_gt1m,20,2023,249,-115.4195,-125.32466,-2.5296765194051227,0.4979919678714859
M,val_gt1m,20,2024,223,-260.20923,-270.11563,-2.1275624132275035,0.3811659192825112
M,val_gt1m,20,2025,287,986.05286,976.0587,1.634374496415042,0.5121951219512195
M,val_gt1m,20,2026Q1,88,219.20444,209.08705,0.5678376538152227,0.5795454545454546
M,val_gt1m,60,2020-23,1117,-17.619574,-28.037098,0.12105487619710535,0.4717994628469114
M,val_gt1m,60,2024-01..2025-06,357,-371.27048,-381.11716,-2.1224052034403127,0.3753501400560224
M,val_gt1m,60,2025-07..2026-03,241,1100.5995,1090.4229,1.813576340675354,0.4315352697095436
M,val_gt1m,60,full 2020-01..2026-03,1715,65.90076,55.63595,0.27484557641722,0.446064139941691
M,val_gt1m,60,2020,223,626.32605,615.8405,1.131391435487411,0.5067264573991032
M,val_gt1m,60,2021,272,-580.67395,-591.4461,-2.541678588084737,0.40441176470588236
M,val_gt1m,60,2022,373,62.91607,52.45564,0.21060845164114736,0.5120643431635389
M,val_gt1m,60,2023,249,-99.904144,-109.8093,-1.4430853325372985,0.4538152610441767
M,val_gt1m,60,2024,223,-534.5686,-544.475,-2.4062440141589714,0.36771300448430494
M,val_gt1m,60,2025,287,1072.8564,1062.8622,1.5758531586301514,0.4529616724738676
M,val_gt1m,60,2026Q1,88,-636.36475,-646.48206,-5.134177661447668,0.29545454545454547
M,rel_lt5,1,2020-23,3010,3.0184245,-7.670173,0.506669028611902,0.48604651162790696
M,rel_lt5,1,2024-01..2025-06,898,2.3024092,-7.5137134,0.4567152307057369,0.48775055679287305
M,rel_lt5,1,2025-07..2026-03,440,27.66045,17.693838,1.3358928859233856,0.49318181818181817
M,rel_lt5,1,full 2020-01..2026-03,4348,5.364218,-5.071123,1.2751825023828778,0.4871205151793928
M,rel_lt5,1,2020,786,-2.3448422,-12.85784,0.09047197021691622,0.4402035623409669
M,rel_lt5,1,2021,735,0.8226852,-11.15288,0.06346610909046652,0.49523809523809526
M,rel_lt5,1,2022,849,15.760244,5.3721223,2.192905839338309,0.5206124852767963
M,rel_lt5,1,2023,640,-4.775963,-14.600822,-0.28841193722068775,0.4859375
M,rel_lt5,1,2024,606,3.8626318,-6.0127497,0.6090702974306685,0.4834983498349835
M,rel_lt5,1,2025,551,28.43445,18.63596,1.5377777478832022,0.49909255898366606
M,rel_lt5,1,2026Q1,181,-20.828583,-30.865824,-1.7068846202074313,0.48066298342541436
M,rel_lt5,5,2020-23,3010,0.40849736,-10.280096,1.013457916858894,0.5053156146179402
M,rel_lt5,5,2024-01..2025-06,898,15.519972,5.7038474,1.0849951720541322,0.49665924276169265
M,rel_lt5,5,2025-07..2026-03,440,90.902115,80.9355,2.1623706221580505,0.5068181818181818
M,rel_lt5,5,full 2020-01..2026-03,4348,12.687084,2.2517407,1.8557048621491399,0.5036798528058878
M,rel_lt5,5,2020,786,-77.555595,-88.06859,-0.34382221545473357,0.44656488549618323
M,rel_lt5,5,2021,735,25.955765,13.980201,0.8820714188603611,0.5129251700680272
M,rel_lt5,5,2022,849,48.224342,37.836224,1.4867811381110685,0.5465253239104829
M,rel_lt5,5,2023,640,3.3880043,-6.4368515,0.547377583133864,0.5140625
M,rel_lt5,5,2024,606,15.359514,5.484139,0.7415239178392864,0.4900990099009901
M,rel_lt5,5,2025,551,68.94923,59.150745,1.9379502518582898,0.5099818511796733
M,rel_lt5,5,2026Q1,181,36.657295,26.62006,1.2429932475873235,0.5027624309392266
M,rel_lt5,20,2020-23,3010,3.9643893,-6.724209,0.7376969782930727,0.4677740863787375
M,rel_lt5,20,2024-01..2025-06,898,-18.135746,-27.951876,0.059059430514224305,0.45879732739420936
M,rel_lt5,20,2025-07..2026-03,440,439.39334,429.42673,1.8490852117538452,0.5454545454545454
M,rel_lt5,20,full 2020-01..2026-03,4348,43.46365,33.02832,1.4919877797488008,0.47378104875804966
M,rel_lt5,20,2020,786,-112.26302,-122.776,0.11367122328456433,0.43256997455470736
M,rel_lt5,20,2021,735,4.2025247,-7.7730494,0.4446869374355474,0.41768707482993195
M,rel_lt5,20,2022,849,168.18216,157.79402,2.8042248728340358,0.558303886925795
M,rel_lt5,20,2023,640,-71.41246,-81.23731,-0.1499743684064637,0.4484375
M,rel_lt5,20,2024,606,19.087288,9.211915,0.3943467682230349,0.4636963696369637
M,rel_lt5,20,2025,551,306.74298,296.94446,1.6239427851078263,0.5009074410163339
M,rel_lt5,20,2026Q1,181,-19.53104,-29.568264,-0.2345715775963802,0.5248618784530387
M,rel_lt5,60,2020-23,3010,341.00336,330.31476,1.6055586296223259,0.49102990033222593
M,rel_lt5,60,2024-01..2025-06,898,256.1148,246.29866,0.667417873660536,0.5044543429844098
M,rel_lt5,60,2025-07..2026-03,440,262.83502,252.86844,0.8763643205165863,0.4318181818181818
M,rel_lt5,60,full 2020-01..2026-03,4348,315.56085,305.1255,1.9149998933623458,0.4878104875804968
M,rel_lt5,60,2020,786,736.29767,725.7846,1.2004150995583298,0.4872773536895674
M,rel_lt5,60,2021,735,-153.58783,-165.56335,0.023117375438477375,0.4204081632653061
M,rel_lt5,60,2022,849,601.50256,591.11444,5.285505561043415,0.5877502944640753
M,rel_lt5,60,2023,640,77.971085,68.146225,-0.008099277231874242,0.4484375
M,rel_lt5,60,2024,606,430.18954,420.31418,1.236101060473961,0.5379537953795379
M,rel_lt5,60,2025,551,321.96167,312.16318,0.8065943303368316,0.4646098003629764
M,rel_lt5,60,2026Q1,181,-510.81366,-520.8509,-1.4497541120276336,0.3370165745856354
M,rel_5_25,1,2020-23,1463,-37.77623,-48.2056,-0.011419878215188379,0.45659603554340394
M,rel_5_25,1,2024-01..2025-06,517,-12.752879,-22.572226,-0.2775555525942941,0.46421663442940037
M,rel_5_25,1,2025-07..2026-03,345,8.632817,-1.2308445,1.1027820110321045,0.47246376811594204
M,rel_5_25,1,full 2020-01..2026-03,2325,-25.325394,-35.535175,0.09411273566854175,0.46064516129032257
M,rel_5_25,1,2020,442,-75.41918,-85.9095,1.2681346577632213,0.4298642533936652
M,rel_5_25,1,2021,332,-5.2530255,-15.989264,-0.21801440402068187,0.49698795180722893
M,rel_5_25,1,2022,369,-41.444233,-51.807922,-2.5493780984938827,0.4742547425474255
M,rel_5_25,1,2023,320,-15.295058,-25.397636,-0.33849713370816686,0.43125
M,rel_5_25,1,2024,310,-7.3217635,-17.188177,0.28397787919983486,0.4645161290322581
M,rel_5_25,1,2025,433,-8.460044,-18.26368,-0.9087673909528707,0.46420323325635104
M,rel_5_25,1,2026Q1,119,19.479233,9.596861,1.6183762806595732,0.48739495798319327
M,rel_5_25,5,2020-23,1463,-68.44456,-78.87393,-0.04882829632183487,0.46206425153793573
M,rel_5_25,5,2024-01..2025-06,517,-28.942282,-38.761623,-0.12729789935926872,0.44680851063829785
M,rel_5_25,5,2025-07..2026-03,345,104.76941,94.905754,2.4628196954727173,0.5478260869565217
M,rel_5_25,5,full 2020-01..2026-03,2325,-33.95789,-44.16767,0.6734775201664874,0.47139784946236557
M,rel_5_25,5,2020,442,-128.87505,-139.36534,1.129085711895592,0.4819004524886878
M,rel_5_25,5,2021,332,-36.231236,-46.96747,-0.6101446465198718,0.46686746987951805
M,rel_5_25,5,2022,369,-22.046206,-32.409897,-0.6082197689175853,0.48509485094850946
M,rel_5_25,5,2023,320,-71.89937,-82.00194,-0.9351102881513165,0.403125
M,rel_5_25,5,2024,310,-2.6987944,-12.565207,0.4919112723270833,0.4774193548387097
M,rel_5_25,5,2025,433,38.667995,28.864353,0.7093253457895836,0.4942263279445728
M,rel_5_25,5,2026Q1,119,44.3334,34.451023,1.2566204931623628,0.48739495798319327
M,rel_5_25,20,2020-23,1463,-97.14628,-107.57564,-0.15001332794978164,0.4600136705399863
M,rel_5_25,20,2024-01..2025-06,517,-192.41698,-202.23633,-2.461247405148253,0.38684719535783363
M,rel_5_25,20,2025-07..2026-03,345,412.8665,403.0028,1.1892037689685822,0.5507246376811594
M,rel_5_25,20,full 2020-01..2026-03,2325,-42.651886,-52.861664,0.20620702981938394,0.4572043010752688
M,rel_5_25,20,2020,442,-179.39053,-189.88086,0.324400850848784,0.45248868778280543
M,rel_5_25,20,2021,332,-59.287273,-70.02351,-0.17817528352056786,0.49096385542168675
M,rel_5_25,20,2022,369,-16.602222,-26.965916,0.54567693906079,0.4796747967479675
M,rel_5_25,20,2023,320,-115.70243,-125.80499,-1.4520447628315774,0.415625
M,rel_5_25,20,2024,310,-152.31996,-162.18634,-1.448880200045689,0.4064516129032258
M,rel_5_25,20,2025,433,193.426,183.62236,0.9124114955173924,0.46882217090069284
M,rel_5_25,20,2026Q1,119,53.992348,44.109974,-0.5962910510310212,0.5126050420168067
M,rel_5_25,60,2020-23,1463,126.14427,115.71489,0.284235690977379,0.4839371155160629
M,rel_5_25,60,2024-01..2025-06,517,-212.82701,-222.64635,-2.344014765903443,0.43907156673114117
M,rel_5_25,60,2025-07..2026-03,345,266.2204,256.35678,0.38404498994350433,0.4260869565217391
M,rel_5_25,60,full 2020-01..2026-03,2325,71.55422,61.344433,-0.17604058058056105,0.4653763440860215
M,rel_5_25,60,2020,442,641.30475,630.8145,1.4217293601218213,0.5271493212669683
M,rel_5_25,60,2021,332,-309.59024,-320.32648,-1.1315449507995377,0.42168674698795183
M,rel_5_25,60,2022,369,185.52356,175.15985,0.5815040266957736,0.5420054200542005
M,rel_5_25,60,2023,320,-201.8184,-211.92096,-0.830121868208211,0.421875
M,rel_5_25,60,2024,310,-229.69452,-239.56093,-1.7635985655448436,0.44193548387096776
M,rel_5_25,60,2025,433,255.40178,245.59818,0.4649348018465119,0.45958429561200925
M,rel_5_25,60,2026Q1,119,-483.77472,-493.65714,-3.141435141467786,0.31932773109243695
M,rel_gt25,1,2020-23,1786,-10.072721,-21.065853,-0.776824128947412,0.4764837625979843
M,rel_gt25,1,2024-01..2025-06,574,-3.351022,-13.20209,0.002398040023390656,0.4564459930313589
M,rel_gt25,1,2025-07..2026-03,358,31.668434,21.8844,1.425066500902176,0.547486033519553
M,rel_gt25,1,full 2020-01..2026-03,2718,-3.1552854,-13.747978,-0.2846489215227103,0.48160412067696834
M,rel_gt25,1,2020,569,-41.24504,-52.70822,-0.08955957616866699,0.4305799648506151
M,rel_gt25,1,2021,387,15.763708,4.5636535,-0.13177015723100793,0.5167958656330749
M,rel_gt25,1,2022,448,8.491786,-2.636883,-0.6996118631484505,0.5379464285714286
M,rel_gt25,1,2023,382,-11.587248,-21.511646,-0.8093369066813497,0.4319371727748691
M,rel_gt25,1,2024,321,19.18354,9.3629465,0.23914012927753767,0.4797507788161994
M,rel_gt25,1,2025,474,2.1753933,-7.6750026,0.25368598900678146,0.48523206751054854
M,rel_gt25,1,2026Q1,137,16.23912,6.489493,0.7088008953621439,0.5401459854014599
M,rel_gt25,5,2020-23,1786,-18.637907,-29.63104,0.38567903766945133,0.4742441209406495
M,rel_gt25,5,2024-01..2025-06,574,-51.30789,-61.158962,-1.5096549743854688,0.44773519163763065
M,rel_gt25,5,2025-07..2026-03,358,127.265816,117.48178,1.950254201889038,0.5754189944134078
M,rel_gt25,5,full 2020-01..2026-03,2718,-6.3196716,-16.912363,0.3007418325841967,0.481972038263429
M,rel_gt25,5,2020,569,-39.00576,-50.468945,0.7550266064378086,0.45342706502636204
M,rel_gt25,5,2021,387,32.459476,21.259422,-0.018351819322642363,0.5219638242894057
M,rel_gt25,5,2022,448,-31.352888,-42.481556,-1.254837877900433,0.47098214285714285
M,rel_gt25,5,2023,382,-25.153786,-35.078186,0.5575550185743897,0.4607329842931937
M,rel_gt25,5,2024,321,-26.847767,-36.66836,-1.288635714039008,0.470404984423676
M,rel_gt25,5,2025,474,16.796331,6.945932,0.35395974930269913,0.5
M,rel_gt25,5,2026Q1,137,122.387634,112.63801,1.4957558476697688,0.5474452554744526
M,rel_gt25,20,2020-23,1786,-65.852554,-76.845695,-0.08260485892375534,0.4708846584546473
M,rel_gt25,20,2024-01..2025-06,574,-156.31929,-166.17038,-1.5217664613609534,0.3780487804878049
M,rel_gt25,20,2025-07..2026-03,358,277.60703,267.823,3.2831153869628906,0.5782122905027933
M,rel_gt25,20,full 2020-01..2026-03,2718,-39.71914,-50.311825,0.1807205650727653,0.46541574687270054
M,rel_gt25,20,2020,569,-103.15397,-114.61714,0.4446136382616335,0.46397188049209137
M,rel_gt25,20,2021,387,-54.25421,-65.45427,-0.437409619944318,0.45478036175710596
M,rel_gt25,20,2022,448,-63.429005,-74.55767,-0.03181418692311992,0.47767857142857145
M,rel_gt25,20,2023,382,-24.883482,-34.807884,-0.3576632158742637,0.4895287958115183
M,rel_gt25,20,2024,321,-128.44678,-138.26735,-0.7811906949472139,0.4174454828660436
M,rel_gt25,20,2025,474,61.7246,51.874203,0.7754066674575009,0.4472573839662447
M,rel_gt25,20,2026Q1,137,157.88321,148.13359,1.1686654075201444,0.5693430656934306
M,rel_gt25,60,2020-23,1786,130.6086,119.61547,-0.3610964562659417,0.47592385218365063
M,rel_gt25,60,2024-01..2025-06,574,-285.16998,-295.02106,-1.5784290216737875,0.4059233449477352
M,rel_gt25,60,2025-07..2026-03,358,-16.387787,-26.171827,0.8684269487857819,0.3770949720670391
M,rel_gt25,60,full 2020-01..2026-03,2718,23.440977,12.848281,-0.5049580736163004,0.4481236203090508
M,rel_gt25,60,2020,569,797.65186,786.1887,1.9273926930961436,0.5360281195079086
M,rel_gt25,60,2021,387,-586.51624,-597.7164,-3.87269185818807,0.36175710594315247
M,rel_gt25,60,2022,448,149.71269,138.58403,0.5716651611719387,0.5223214285714286
M,rel_gt25,60,2023,382,-158.865,-168.78941,-0.9029394871970824,0.4476439790575916
M,rel_gt25,60,2024,321,-64.07277,-73.89337,-0.10549733301044102,0.45794392523364486
M,rel_gt25,60,2025,474,-232.98517,-242.8356,-0.1952506487033982,0.37763713080168776
M,rel_gt25,60,2026Q1,137,-281.4019,-291.1515,-0.5600006300262836,0.30656934306569344
M,opportunistic,1,2020-23,6137,-10.627945,-21.352764,-0.09206224612363492,0.4756395633045462
M,opportunistic,1,2024-01..2025-06,1889,-2.6299584,-12.439669,0.09365631385383145,0.47750132345156165
M,opportunistic,1,2025-07..2026-03,1124,25.038177,15.155221,2.183410406112671,0.5071174377224199
M,opportunistic,1,full 2020-01..2026-03,9150,-4.5954947,-15.027972,0.664690975265329,0.4798907103825137
M,opportunistic,1,2020,1774,-33.937996,-44.7468,0.20009345285709382,0.4317925591882751
M,opportunistic,1,2021,1416,3.5756261,-7.9360795,-0.08616514691528929,0.5028248587570622
M,opportunistic,1,2022,1637,0.22524366,-10.371697,-0.33306383244180415,0.5131337813072694
M,opportunistic,1,2023,1310,-7.9767203,-17.89703,-0.2689652792378243,0.4587786259541985
M,opportunistic,1,2024,1147,5.5884786,-4.240961,0.8705653068448058,0.48299912816041846
M,opportunistic,1,2025,1438,9.777862,-0.042990368,0.884637612615257,0.48678720445062584
M,opportunistic,1,2026Q1,428,6.3186164,-3.593143,1.4500036389337598,0.5093457943925234
M,opportunistic,5,2020-23,6137,-20.66245,-31.38727,0.6254931838226085,0.4859051653902558
M,opportunistic,5,2024-01..2025-06,1889,-19.663668,-29.473377,-0.41581996447151026,0.471148755955532
M,opportunistic,5,2025-07..2026-03,1124,110.90851,101.02554,2.938870131969452,0.5409252669039146
M,opportunistic,5,full 2020-01..2026-03,9150,-4.293876,-14.726356,1.259032681223335,0.4896174863387978
M,opportunistic,5,2020,1774,-75.34956,-86.15836,0.4023004512605974,0.4599774520856821
M,opportunistic,5,2021,1416,14.000157,2.4884534,0.3369994044609065,0.5042372881355932
M,opportunistic,5,2022,1637,9.944693,-0.6522445,0.3480949894834077,0.5100794135613927
M,opportunistic,5,2023,1310,-22.319864,-32.240177,0.20013642578827923,0.47099236641221376
M,opportunistic,5,2024,1147,-6.087451,-15.916889,-0.120151889736494,0.48299912816041846
M,opportunistic,5,2025,1438,44.290585,34.46973,1.3116836585126173,0.5034770514603616
M,opportunistic,5,2026Q1,428,71.98348,62.071728,1.5721852060245394,0.514018691588785
M,opportunistic,20,2020-23,6137,-38.901043,-49.625862,0.6593782046828316,0.46716636793221444
M,opportunistic,20,2024-01..2025-06,1889,-129.70583,-139.51553,-1.5312926185019313,0.4049761778718899
M,opportunistic,20,2025-07..2026-03,1124,391.83713,381.9542,1.7467512488365173,0.5604982206405694
M,opportunistic,20,full 2020-01..2026-03,9150,-4.7349753,-15.167456,1.1696445967311013,0.46579234972677597
M,opportunistic,20,2020,1774,-122.49348,-133.30229,0.38328140620498896,0.447576099210823
M,opportunistic,20,2021,1416,-25.34154,-36.853256,0.31973048042076385,0.4456214689265537
M,opportunistic,20,2022,1637,64.85417,54.25723,1.620503608515444,0.5198533903481979
M,opportunistic,20,2023,1310,-70.01137,-79.93167,-0.28208931566011775,0.45114503816793894
M,opportunistic,20,2024,1147,-101.31196,-111.14139,-0.8134693798968564,0.4210985178727114
M,opportunistic,20,2025,1438,198.00156,188.1807,1.2983744900570549,0.47357440890125174
M,opportunistic,20,2026Q1,428,62.82534,52.913578,0.310514064255126,0.5397196261682243
M,opportunistic,60,2020-23,6137,236.28654,225.56172,1.1551724749384318,0.4859051653902558
M,opportunistic,60,2024-01..2025-06,1889,-101.85748,-111.66719,-0.8371362362370535,0.43779777660137636
M,opportunistic,60,2025-07..2026-03,1124,191.12238,181.23944,0.8925528824329376,0.41725978647686834
M,opportunistic,60,full 2020-01..2026-03,9150,160.92934,150.49684,1.1198863300450188,0.4675409836065574
M,opportunistic,60,2020,1774,738.19275,727.38385,1.304813461151429,0.5129650507328072
M,opportunistic,60,2021,1416,-307.84113,-319.35284,-0.4186633304062875,0.4025423728813559
M,opportunistic,60,2022,1637,393.98065,383.3837,3.8674518963976894,0.5626145387904704
M,opportunistic,60,2023,1310,-52.295277,-62.215584,-0.5480834232071722,0.4435114503816794
M,opportunistic,60,2024,1147,19.383823,9.55438,0.10173407212156488,0.46207497820401044
M,opportunistic,60,2025,1438,124.67581,114.854965,0.47236026625966576,0.43463143254520165
M,opportunistic,60,2026Q1,428,-418.46793,-428.37973,-1.5012421359798094,0.3294392523364486
M,routine,1,2020-23,123,8.336325,-1.8821663,0.08452235299637008,0.5121951219512195
M,routine,1,2024-01..2025-06,100,-14.811707,-24.966227,-1.5415848190808168,0.38
M,routine,1,2025-07..2026-03,19,-87.19422,-96.800255,-1.1412075918716784,0.3157894736842105
M,routine,1,full 2020-01..2026-03,242,-8.72931,-18.873283,-0.8836318200503044,0.44214876033057854
M,routine,1,2020,23,67.793755,57.02575,0.16060196522983533,0.6521739130434783
M,routine,1,2021,38,-2.6805778,-13.215205,-0.48112492207190755,0.4473684210526316
M,routine,1,2022,30,49.861115,40.106266,2.0007236643980946,0.6
M,routine,1,2023,32,-60.245617,-70.12839,-0.9254739759254527,0.40625
M,routine,1,2024,90,-2.0117826,-12.246354,-0.6741747269392061,0.4111111111111111
M,routine,1,2025,20,-51.26238,-60.79467,-1.1079793274402618,0.3
M,routine,5,2020-23,123,-49.142307,-59.360798,-0.9647940660845634,0.5040650406504065
M,routine,5,2024-01..2025-06,100,66.67716,56.522644,0.8190688279803177,0.44
M,routine,5,2025-07..2026-03,19,-155.66406,-165.27008,-0.6509442164458392,0.5263157894736842
M,routine,5,full 2020-01..2026-03,242,-9.6463,-19.790268,-0.26100357809037233,0.4793388429752066
M,routine,5,2020,23,-280.24448,-291.0125,-1.7273596336123318,0.2608695652173913
M,routine,5,2021,38,-5.623463,-16.158092,-0.46143028189991775,0.5263157894736842
M,routine,5,2022,30,60.800297,51.045444,1.6339350110863782,0.6333333333333333
M,routine,5,2023,32,-37.787426,-47.670208,-0.2606229443104375,0.53125
M,routine,5,2024,90,75.94902,65.714455,0.7206941509018919,0.4666666666666667
M,routine,5,2025,20,-49.706696,-59.23898,0.13850394263863564,0.4
M,routine,20,2020-23,123,-78.239006,-88.4575,-1.468028612888186,0.44715447154471544
M,routine,20,2024-01..2025-06,100,395.21536,385.06088,1.5392591048450324,0.64
M,routine,20,2025-07..2026-03,19,-277.3489,-286.95496,-0.4945813335810099,0.3684210526315789
M,routine,20,full 2020-01..2026-03,242,101.77072,91.62675,-0.517445367299972,0.5206611570247934
M,routine,20,2020,23,-387.8478,-398.61578,-1.2733062688028494,0.43478260869565216
M,routine,20,2021,38,-44.92854,-55.463165,-1.6160767294713376,0.39473684210526316
M,routine,20,2022,30,50.791145,41.036293,1.2705076927091132,0.4666666666666667
M,routine,20,2023,32,-16.229656,-26.11244,-0.5153025011622027,0.5
M,routine,20,2024,90,436.90128,426.6667,1.3990298448199854,0.6444444444444445
M,routine,20,2025,20,-134.99666,-144.52895,-0.15484226122498512,0.5
M,routine,60,2020-23,123,-49.292366,-59.510857,-1.0485157712657946,0.43902439024390244
M,routine,60,2024-01..2025-06,100,1486.8074,1476.653,1.8157132552550177,0.86
M,routine,60,2025-07..2026-03,19,-694.4714,-704.07745,-1.2007763643657325,0.15789473684210525
M,routine,60,full 2020-01..2026-03,242,534.80505,524.6611,-0.32284961198064577,0.5909090909090909
M,routine,60,2020,23,282.46307,271.69507,-0.42985929292712743,0.4782608695652174
M,routine,60,2021,38,-177.62553,-188.16014,-2.333905128861261,0.5
M,routine,60,2022,30,35.005768,25.250916,1.1523049286643043,0.4
M,routine,60,2023,32,-214.37543,-224.2582,-0.7862973754246226,0.375
M,routine,60,2024,90,1629.8774,1619.643,1.9154569033878708,0.8888888888888888
M,routine,60,2025,20,-86.447,-95.97929,-0.01903059147298336,0.45
M,noplan,1,2020-23,5869,-10.336471,-21.097569,-0.29167922208832847,0.4765718180269211
M,noplan,1,2024-01..2025-06,1848,-2.5666924,-12.404517,0.07569522099249339,0.47294372294372294
M,noplan,1,2025-07..2026-03,1110,24.992914,15.097413,2.045310080051422,0.5054054054054054
M,noplan,1,full 2020-01..2026-03,8827,-4.267119,-14.726072,0.5285603753545935,0.4794380876855104
M,noplan,1,2020,1735,-30.671654,-41.516693,0.22255459098630015,0.43515850144092216
M,noplan,1,2021,1344,3.9905007,-7.564195,-0.23463594665966933,0.5044642857142857
M,noplan,1,2022,1549,1.2347789,-9.42535,-0.5213618996420659,0.5177533892834086
M,noplan,1,2023,1241,-11.865703,-21.775993,-0.5147865507889028,0.4528605962933118
M,noplan,1,2024,1115,6.764793,-3.108772,1.0913826815997798,0.47713004484304933
M,noplan,1,2025,1419,9.518451,-0.31645447,0.8908032087624145,0.485553206483439
M,noplan,1,2026Q1,424,4.59779,-5.3068037,1.3555139835562602,0.5047169811320755
M,noplan,5,2020-23,5869,-24.303522,-35.06462,0.36364218303319196,0.48577270403816664
M,noplan,5,2024-01..2025-06,1848,-17.51673,-27.354553,-0.31388707377806413,0.4680735930735931
M,noplan,5,2025-07..2026-03,1110,108.871506,98.976006,2.7967121601104736,0.5405405405405406
M,noplan,5,full 2020-01..2026-03,8827,-6.135824,-16.59478,1.08172210857362,0.4889543446244477
M,noplan,5,2020,1735,-73.514015,-84.35907,0.3698904472275487,0.45763688760806914
M,noplan,5,2021,1344,11.880917,0.32622367,0.16283201136976008,0.5066964285714286
M,noplan,5,2022,1549,9.824096,-0.8360334,-0.0015262057706559467,0.5158166559070368
M,noplan,5,2023,1241,-37.28931,-47.199608,0.06822862612963661,0.4649476228847704
M,noplan,5,2024,1115,0.47105044,-9.402514,0.11766740907477105,0.48251121076233183
M,noplan,5,2025,1419,42.61116,32.776253,1.232977689759047,0.5010570824524313
M,noplan,5,2026Q1,424,64.82547,54.920864,1.4095948367377962,0.5094339622641509
M,noplan,20,2020-23,5869,-53.750412,-64.511505,0.14565824720786408,0.46294087578803883
M,noplan,20,2024-01..2025-06,1848,-129.21364,-139.05147,-1.600154289088304,0.40313852813852813
M,noplan,20,2025-07..2026-03,1110,398.03677,388.14124,1.6929845809936523,0.5603603603603604
M,noplan,20,full 2020-01..2026-03,8827,-12.736735,-23.195688,0.8032463518539651,0.46267134926928744
M,noplan,20,2020,1735,-117.669754,-128.51477,0.3248173398521106,0.4484149855907781
M,noplan,20,2021,1344,-39.30673,-50.861443,0.16038579339301154,0.44494047619047616
M,noplan,20,2022,1549,59.641266,48.981136,1.2338901096168646,0.5145255003227889
M,noplan,20,2023,1241,-121.563416,-131.47371,-1.3889560606056701,0.4383561643835616
M,noplan,20,2024,1115,-84.45358,-94.32714,-0.6203739591926394,0.4233183856502242
M,noplan,20,2025,1419,189.53456,179.69966,1.1923296844842688,0.4700493305144468
M,noplan,20,2026Q1,424,66.62781,56.723213,0.4600274221529809,0.5377358490566038
M,noplan,60,2020-23,5869,225.22623,214.46509,0.9081962768259815,0.4840688362583064
M,noplan,60,2024-01..2025-06,1848,-130.65657,-140.49438,-1.1757553336024011,0.43398268398268397
M,noplan,60,2025-07..2026-03,1110,222.22217,212.32666,1.0486738085746765,0.42162162162162165
M,noplan,60,full 2020-01..2026-03,8827,150.34166,139.88272,0.860791171718216,0.4657301461425173
M,noplan,60,2020,1735,778.9683,768.12317,1.304670889096253,0.5170028818443804
M,noplan,60,2021,1344,-384.31787,-395.87256,-0.5874851360488691,0.390625
M,noplan,60,2022,1549,411.1751,400.51498,4.017648717473154,0.566171723692705
M,noplan,60,2023,1241,-120.906105,-130.81639,-1.152680715978454,0.43674456083803387
M,noplan,60,2024,1115,-9.29801,-19.171566,-0.1188578366973114,0.4556053811659193
M,noplan,60,2025,1419,126.40524,116.57035,0.42640922060963155,0.4390415785764623
M,noplan,60,2026Q1,424,-386.2936,-396.19818,-1.1096782586469451,0.3278301886792453
M,mom_down20,1,2020-23,1075,-59.713722,-71.54058,0.7126187199966493,0.466046511627907
M,mom_down20,1,2024-01..2025-06,252,23.510435,13.28427,-0.9937378462808287,0.4722222222222222
M,mom_down20,1,2025-07..2026-03,168,52.63726,42.64539,1.387607753276825,0.5416666666666666
M,mom_down20,1,full 2020-01..2026-03,1495,-33.059906,-44.41074,0.2997682501444172,0.47558528428093644
M,mom_down20,1,2020,538,-111.840034,-123.08172,1.4353031282713853,0.44981412639405205
M,mom_down20,1,2021,141,-2.8017902,-19.011074,-0.16677298218186365,0.46808510638297873
M,mom_down20,1,2022,227,-2.2062225,-13.725604,-0.6192525334508943,0.5066079295154186
M,mom_down20,1,2023,169,-18.499687,-28.946037,0.8231290900064863,0.46153846153846156
M,mom_down20,1,2024,131,49.92356,39.577682,-0.7831450470764756,0.48091603053435117
M,mom_down20,1,2025,222,28.266024,18.24846,0.09685576045430871,0.5045045045045045
M,mom_down20,1,2026Q1,67,29.143967,19.0482,0.7854514417170699,0.5223880597014925
M,mom_down20,5,2020-23,1075,-95.99441,-107.82124,0.25042623528206925,0.46511627906976744
M,mom_down20,5,2024-01..2025-06,252,-19.955547,-30.181715,-2.331565935552477,0.4880952380952381
M,mom_down20,5,2025-07..2026-03,168,202.43909,192.4472,2.216119945049286,0.5297619047619048
M,mom_down20,5,full 2020-01..2026-03,1495,-49.640816,-60.991642,-0.21776485988672836,0.4762541806020067
M,mom_down20,5,2020,538,-173.21838,-184.46008,1.2651319725895822,0.45724907063197023
M,mom_down20,5,2021,141,-12.495847,-28.705132,-0.48859780798866614,0.48936170212765956
M,mom_down20,5,2022,227,10.800411,-0.7189738,-0.28584811794607357,0.45374449339207046
M,mom_down20,5,2023,169,-63.26791,-73.71427,-0.17943584857641395,0.48520710059171596
M,mom_down20,5,2024,131,-46.868702,-57.214596,-2.317988918095072,0.46564885496183206
M,mom_down20,5,2025,222,110.17082,100.15327,0.8224320105776017,0.536036036036036
M,mom_down20,5,2026Q1,67,159.14699,149.05122,1.3216114638087435,0.47761194029850745
M,mom_down20,20,2020-23,1075,-183.4954,-195.3223,-0.040167547424008826,0.4306976744186046
M,mom_down20,20,2024-01..2025-06,252,-262.42685,-272.65298,-2.686949342308094,0.3531746031746032
M,mom_down20,20,2025-07..2026-03,168,316.0847,306.09283,1.7760053873062134,0.5773809523809523
M,mom_down20,20,full 2020-01..2026-03,1495,-140.66014,-152.01099,-0.6531322841283408,0.43411371237458196
M,mom_down20,20,2020,538,-292.5947,-303.8364,1.2223516840218234,0.42193308550185876
M,mom_down20,20,2021,141,-205.91672,-222.126,-1.1542218669441284,0.40425531914893614
M,mom_down20,20,2022,227,57.202866,45.68349,0.024543826723639854,0.4933920704845815
M,mom_down20,20,2023,169,-140.7837,-151.23003,-1.0707714861307043,0.39644970414201186
M,mom_down20,20,2024,131,-422.526,-432.87192,-3.0447857414166557,0.29770992366412213
M,mom_down20,20,2025,222,162.63882,152.62125,0.8573948390091775,0.4864864864864865
M,mom_down20,20,2026Q1,67,92.77243,82.67666,0.36999812474641086,0.582089552238806
M,mom_down20,60,2020-23,1075,564.57764,552.7508,-1.0513002674668228,0.5088372093023256
M,mom_down20,60,2024-01..2025-06,252,-352.03848,-362.2647,-1.3276238314849789,0.44047619047619047
M,mom_down20,60,2025-07..2026-03,168,70.81135,60.819508,0.6169412434101105,0.44047619047619047
M,mom_down20,60,full 2020-01..2026-03,1495,354.58435,343.2335,-1.2602192347141146,0.48963210702341137
M,mom_down20,60,2020,538,1323.0669,1311.8253,0.9670145278843597,0.5780669144981413
M,mom_down20,60,2021,141,-1491.035,-1507.2444,-3.4569911160850495,0.2198581560283688
M,mom_down20,60,2022,227,308.36343,296.8441,0.34332447793046306,0.5110132158590308
M,mom_down20,60,2023,169,209.16203,198.7157,-0.6438382937104938,0.5266272189349113
M,mom_down20,60,2024,131,-489.7666,-500.11243,-0.9979926170692607,0.3969465648854962
M,mom_down20,60,2025,222,-23.911777,-33.929348,-0.10910223284074612,0.4774774774774775
M,mom_down20,60,2026Q1,67,-109.694855,-119.79064,0.37674087445943494,0.40298507462686567
M,mom_down,1,2020-23,2713,-2.3731785,-12.638707,0.22597182944564487,0.4821231109472908
M,mom_down,1,2024-01..2025-06,932,-6.797073,-16.533876,0.03982608102993524,0.4721030042918455
M,mom_down,1,2025-07..2026-03,516,15.36798,5.676741,1.6427639722824097,0.5155038759689923
M,mom_down,1,full 2020-01..2026-03,4161,-1.1640053,-11.239891,0.6772792695740605,0.4840182648401826
M,mom_down,1,2020,595,-25.673826,-36.05824,-0.6890798042397642,0.4117647058823529
M,mom_down,1,2021,618,6.9520597,-3.7277946,0.8656722256521017,0.511326860841424
M,mom_down,1,2022,841,9.254812,-1.0294939,0.7844635546816031,0.5267538644470868
M,mom_down,1,2023,659,-4.9198422,-14.665519,0.21352353914004576,0.4613050075872534
M,mom_down,1,2024,548,5.488573,-4.224832,0.5922265085992262,0.4744525547445255
M,mom_down,1,2025,697,-1.182557,-10.919075,0.8214568218497285,0.4964131994261119
M,mom_down,1,2026Q1,203,-2.8989644,-12.584082,-0.11242098198753621,0.49261083743842365
M,mom_down,5,2020-23,2713,-34.274952,-44.540474,0.932465736547124,0.4813859196461482
M,mom_down,5,2024-01..2025-06,932,-19.97294,-29.709743,0.2553878855160269,0.4688841201716738
M,mom_down,5,2025-07..2026-03,516,69.37475,59.68351,2.3266364336013794,0.5562015503875969
M,mom_down,5,full 2020-01..2026-03,4161,-18.218058,-28.293943,1.3006606758056865,0.4878634943523191
M,mom_down,5,2020,595,-150.59042,-160.97484,-0.25552657255906697,0.426890756302521
M,mom_down,5,2021,618,-8.3417,-19.021555,0.8414075665106592,0.5016181229773463
M,mom_down,5,2022,841,30.974688,20.690384,1.5133495076980041,0.5291319857312723
M,mom_down,5,2023,659,-36.84549,-46.591167,0.5584213425432599,0.45068285280728376
M,mom_down,5,2024,548,8.021626,-1.6917799,0.5297482542822661,0.48905109489051096
M,mom_down,5,2025,697,16.89091,7.1543903,1.0964958667907716,0.5121951219512195
M,mom_down,5,2026Q1,203,4.993959,-4.6911645,0.49105072970150765,0.4876847290640394
M,mom_down,20,2020-23,2713,-110.00149,-120.26701,-0.3157439603138778,0.44968669369701436
M,mom_down,20,2024-01..2025-06,932,-124.78934,-134.52614,-0.4023014787154744,0.41094420600858367
M,mom_down,20,2025-07..2026-03,516,184.32211,174.63087,1.793509840965271,0.5697674418604651
M,mom_down,20,full 2020-01..2026-03,4161,-76.81506,-86.89095,-0.14924224774025485,0.4559000240326844
M,mom_down,20,2020,595,-420.5613,-430.9457,-0.3564981719621263,0.3831932773109244
M,mom_down,20,2021,618,-99.65275,-110.3326,-0.6602281653854127,0.43851132686084143
M,mom_down,20,2022,841,93.87129,83.586975,1.6382784517130018,0.5172413793103449
M,mom_down,20,2023,659,-99.48469,-109.23036,-0.7080806019305991,0.4339908952959029
M,mom_down,20,2024,548,4.099079,-5.614318,0.7169692107695187,0.45985401459854014
M,mom_down,20,2025,697,-57.873436,-67.60996,-0.1989426300170784,0.44763271162123386
M,mom_down,20,2026Q1,203,83.24155,73.55643,-0.09136147763049358,0.5566502463054187
M,mom_down,60,2020-23,2713,22.098936,11.833401,0.41343160186818784,0.46332473276815334
M,mom_down,60,2024-01..2025-06,932,-22.360449,-32.097244,0.28093761591633865,0.453862660944206
M,mom_down,60,2025-07..2026-03,516,-77.06273,-86.753975,-0.3821966350078583,0.40310077519379844
M,mom_down,60,full 2020-01..2026-03,4161,-0.15618165,-10.23208,0.405572427017273,0.45373708243210764
M,mom_down,60,2020,595,-20.296707,-30.68112,0.7129010033790281,0.40336134453781514
M,mom_down,60,2021,618,-329.39233,-340.0722,-2.6778345910630517,0.4255663430420712
M,mom_down,60,2022,841,318.53958,308.25525,3.521612766420185,0.539833531510107
M,mom_down,60,2023,659,11.689858,1.9441895,-0.6439674663205412,0.4552352048558422
M,mom_down,60,2024,548,200.10774,190.39433,1.9884897225570568,0.5054744525547445
M,mom_down,60,2025,697,-158.88551,-168.62202,-1.5014232159108585,0.4146341463414634
M,mom_down,60,2026Q1,203,-293.20267,-302.8878,-0.2154600955719787,0.32019704433497537
M,mom_up,1,2020-23,2450,2.1610339,-8.455451,-0.27584577461675613,0.4746938775510204
M,mom_up,1,2024-01..2025-06,800,-9.003711,-18.804287,-0.32556550188509925,0.47125
M,mom_up,1,2025-07..2026-03,454,22.076012,12.018242,0.9927295446395874,0.4801762114537445
M,mom_up,1,full 2020-01..2026-03,3704,2.1906242,-8.181156,0.1282480674005277,0.474622030237581
M,mom_up,1,2020,657,20.173502,9.367835,0.2498282328360419,0.4383561643835616
M,mom_up,1,2021,687,6.385714,-4.533301,0.8452654259196719,0.5036390101892285
M,mom_up,1,2022,593,-9.159901,-19.780544,-0.3806292149685857,0.5025295109612141
M,mom_up,1,2023,513,-13.478796,-23.443052,-1.0232147595747367,0.4502923976608187
M,mom_up,1,2024,554,-6.581492,-16.467484,-0.13454056919491553,0.47833935018050544
M,mom_up,1,2025,534,12.761876,2.9195986,0.7844828086195396,0.4606741573033708
M,mom_up,1,2026Q1,166,-2.1033437,-12.188117,0.054804263118450644,0.5060240963855421
M,mom_up,5,2020-23,2450,21.842346,11.225859,0.15639738918764107,0.4983673469387755
M,mom_up,5,2024-01..2025-06,800,-10.460406,-20.260986,0.18427166936732914,0.46125
M,mom_up,5,2025-07..2026-03,454,111.47454,101.416756,1.8202112317085266,0.5242290748898678
M,mom_up,5,full 2020-01..2026-03,3704,25.851744,15.4799595,1.0152753750380012,0.49352051835853133
M,mom_up,5,2020,657,49.811977,39.00631,0.05739160136215954,0.4809741248097412
M,mom_up,5,2021,687,44.393627,33.474606,0.9738983526975996,0.5109170305676856
M,mom_up,5,2022,593,-22.779484,-33.400124,-1.2341618327517112,0.5059021922428331
M,mom_up,5,2023,513,7.401735,-2.5625117,0.35319498598500876,0.4951267056530214
M,mom_up,5,2024,554,0.4537463,-9.43224,0.42346455534548477,0.4747292418772563
M,mom_up,5,2025,534,48.90433,39.06204,0.9475307815518785,0.47191011235955055
M,mom_up,5,2026Q1,166,95.63146,85.54669,1.1863687065944313,0.5542168674698795
M,mom_up,20,2020-23,2450,96.2145,85.598,0.6400973215570275,0.49918367346938775
M,mom_up,20,2024-01..2025-06,800,-25.254684,-35.05526,-0.15939446042363756,0.44625
M,mom_up,20,2025-07..2026-03,454,622.042,611.98425,1.686939775943756,0.5308370044052864
M,mom_up,20,full 2020-01..2026-03,3704,134.43001,124.05824,1.5325711320550388,0.4916306695464363
M,mom_up,20,2020,657,247.55098,236.74527,0.6956793624679735,0.5220700152207002
M,mom_up,20,2021,687,97.85269,86.9337,0.4668527624844995,0.4585152838427948
M,mom_up,20,2022,593,15.141695,4.5210514,-0.12551464054796463,0.5261382799325464
M,mom_up,20,2023,513,-6.080566,-16.04481,-0.1278056139715119,0.49317738791423
M,mom_up,20,2024,554,-39.860554,-49.746544,-0.5069394096491981,0.45126353790613716
M,mom_up,20,2025,534,536.891,527.04865,1.6741194765148564,0.5
M,mom_up,20,2026Q1,166,-14.540467,-24.625229,-0.042075974485175166,0.4879518072289157
M,mom_up,60,2020-23,2450,317.1142,306.49768,1.4420396320688857,0.4995918367346939
M,mom_up,60,2024-01..2025-06,800,92.814384,83.0138,-0.24664159785482653,0.47375
M,mom_up,60,2025-07..2026-03,454,490.3163,480.25854,1.169909656047821,0.41629955947136565
M,mom_up,60,full 2020-01..2026-03,3704,289.8987,279.52692,1.6621680720177747,0.4838012958963283
M,mom_up,60,2020,657,880.84296,870.03735,1.476866031122536,0.5525114155251142
M,mom_up,60,2021,687,3.3238811,-7.595121,0.17085352195276113,0.4294032023289665
M,mom_up,60,2022,593,538.63837,528.01764,1.9842908155127987,0.612141652613828
M,mom_up,60,2023,513,-240.7021,-250.66635,-0.7186215909499101,0.39571150097465885
M,mom_up,60,2024,554,232.45119,222.56523,0.7310122484895409,0.5072202166064982
M,mom_up,60,2025,534,562.3604,552.51807,1.0683215226272114,0.44756554307116103
M,mom_up,60,2026Q1,166,-796.52576,-806.6106,-3.000170082829404,0.2891566265060241
M,cluster_opp,1,2020-23,3016,-7.0523705,-17.63341,1.8222653660565575,0.4910477453580902
M,cluster_opp,1,2024-01..2025-06,829,10.920131,1.1422338,1.035839007607937,0.4957780458383595
M,cluster_opp,1,2025-07..2026-03,455,54.14445,44.213177,1.7794665098190308,0.512087912087912
M,cluster_opp,1,full 2020-01..2026-03,4300,2.8880386,-7.4694085,2.674360365076946,0.4941860465116279
M,cluster_opp,1,2020,869,-49.47124,-60.40305,0.5637376490366116,0.4407364787111623
M,cluster_opp,1,2021,683,29.025915,18.437656,1.918205932124459,0.5358711566617862
M,cluster_opp,1,2022,825,-7.4402733,-18.082397,-0.7907879312928161,0.5115151515151515
M,cluster_opp,1,2023,639,12.572903,2.5554616,1.9607570317258955,0.48513302034428796
M,cluster_opp,1,2024,500,9.487895,-0.33303976,1.165322242521762,0.506
M,cluster_opp,1,2025,625,41.198776,31.35762,1.4081241042989563,0.5072
M,cluster_opp,1,2026Q1,159,20.09643,10.263612,2.3211378919017194,0.46540880503144655
M,cluster_opp,5,2020-23,3016,5.79753,-4.7835054,1.3526886617358378,0.508289124668435
M,cluster_opp,5,2024-01..2025-06,829,-2.233091,-12.010988,0.6853280504946949,0.4969843184559711
M,cluster_opp,5,2025-07..2026-03,455,225.71048,215.7792,3.3346813917160034,0.5802197802197803
M,cluster_opp,5,full 2020-01..2026-03,4300,27.519161,17.161715,2.679063126513157,0.5137209302325582
M,cluster_opp,5,2020,869,-54.426292,-65.3581,1.2507820591027166,0.476409666283084
M,cluster_opp,5,2021,683,72.19597,61.607716,0.5976407882137669,0.5329428989751098
M,cluster_opp,5,2022,825,-1.5093514,-12.151487,-0.4522521348513665,0.5175757575757576
M,cluster_opp,5,2023,639,26.161459,16.144024,0.9191995152131787,0.513302034428795
M,cluster_opp,5,2024,500,13.266935,3.4459999,0.6858570150678374,0.52
M,cluster_opp,5,2025,625,118.77805,108.9369,2.120024986907153,0.536
M,cluster_opp,5,2026Q1,159,125.643326,115.8105,1.732899632650454,0.5094339622641509
M,cluster_opp,20,2020-23,3016,40.58734,30.0063,1.6071592358087483,0.4870689655172414
M,cluster_opp,20,2024-01..2025-06,829,-151.77611,-161.554,-1.2680033210499533,0.39203860072376356
M,cluster_opp,20,2025-07..2026-03,455,707.4994,697.56824,1.5837934613227844,0.5758241758241758
M,cluster_opp,20,full 2020-01..2026-03,4300,74.07006,63.71262,1.8563205494004478,0.4781395348837209
M,cluster_opp,20,2020,869,-62.065002,-72.99681,0.9871707683279319,0.46835443037974683
M,cluster_opp,20,2021,683,92.49729,81.90903,0.855377253437631,0.4494875549048316
M,cluster_opp,20,2022,825,110.307526,99.66539,1.53666618139654,0.5284848484848484
M,cluster_opp,20,2023,639,34.689434,24.672,0.33676825396739507,0.49921752738654146
M,cluster_opp,20,2024,500,-136.28279,-146.10373,-0.8036924057177557,0.39
M,cluster_opp,20,2025,625,389.54404,379.70288,1.321896917633915,0.4912
M,cluster_opp,20,2026Q1,159,130.60521,120.77234,-0.07402220961200517,0.5345911949685535
M,cluster_opp,60,2020-23,3016,476.367,465.78598,1.991854464354521,0.5179045092838196
M,cluster_opp,60,2024-01..2025-06,829,-23.7689,-33.546783,-0.6104215735277685,0.44632086851628466
M,cluster_opp,60,2025-07..2026-03,455,341.82553,331.89432,0.9883841872215271,0.4175824175824176
M,cluster_opp,60,full 2020-01..2026-03,4300,365.7091,355.35165,1.9403295327197059,0.49348837209302326
M,cluster_opp,60,2020,869,1251.7783,1240.8467,1.9121483232109828,0.5638665132336018
M,cluster_opp,60,2021,683,-260.6261,-271.2143,0.01563986280469185,0.39824304538799415
M,cluster_opp,60,2022,825,635.892,625.2499,5.371753292124806,0.6036363636363636
M,cluster_opp,60,2023,639,3.6372154,-6.3802156,-0.2946317592708005,0.4726134585289515
M,cluster_opp,60,2024,500,147.59395,137.77298,0.246612360628414,0.474
M,cluster_opp,60,2025,625,228.49194,218.65077,0.668612300402741,0.4448
M,cluster_opp,60,2026Q1,159,-508.03912,-517.87195,-2.2578090574525396,0.2830188679245283
M,officer_opp,1,2020-23,2159,-28.492922,-39.16859,-0.5426250092308735,0.4659564613246874
M,officer_opp,1,2024-01..2025-06,647,9.347433,-0.42749152,0.6058543513623097,0.49149922720247297
M,officer_opp,1,2025-07..2026-03,441,17.40261,7.5681624,0.28475846350193024,0.5079365079365079
M,officer_opp,1,full 2020-01..2026-03,3247,-14.719395,-25.10133,-0.12003400292027931,0.4767477671696951
M,officer_opp,1,2020,696,-87.43393,-98.49144,-0.5145844618692742,0.4281609195402299
M,officer_opp,1,2021,442,-5.981017,-16.971954,-0.9774811337278891,0.4796380090497738
M,officer_opp,1,2022,546,5.8016467,-4.867669,0.9471152475025783,0.5091575091575091
M,officer_opp,1,2023,475,-2.497446,-12.327574,0.3826281144126978,0.4589473684210526
M,officer_opp,1,2024,386,22.723478,12.992497,1.2330229081226727,0.5129533678756477
M,officer_opp,1,2025,545,7.03825,-2.8018453,-0.35964015137576993,0.48440366972477067
M,officer_opp,1,2026Q1,157,7.1033893,-2.7205372,-0.018611849109960485,0.5095541401273885
M,officer_opp,5,2020-23,2159,-49.15539,-59.831062,0.5730153629269134,0.475683186660491
M,officer_opp,5,2024-01..2025-06,647,-58.296253,-68.07118,-1.6294202177572985,0.446676970633694
M,officer_opp,5,2025-07..2026-03,441,88.04258,78.20813,1.5116064548492432,0.5487528344671202
M,officer_opp,5,full 2020-01..2026-03,3247,-32.34289,-42.724834,0.21950055445037292,0.47982753310748383
M,officer_opp,5,2020,696,-124.49884,-135.55634,0.5736320051322475,0.47270114942528735
M,officer_opp,5,2021,442,11.076159,0.08522385,0.0927249584083481,0.4819004524886878
M,officer_opp,5,2022,546,-6.349617,-17.018936,0.16483777615903453,0.4725274725274725
M,officer_opp,5,2023,475,-44.008568,-53.838696,0.1957235832325521,0.47789473684210526
M,officer_opp,5,2024,386,-44.568317,-54.2993,-1.2251326133848048,0.45595854922279794
M,officer_opp,5,2025,545,-3.7270217,-13.567116,-0.43586171689632214,0.48990825688073397
M,officer_opp,5,2026Q1,157,129.57765,119.75373,2.412833713132098,0.5605095541401274
M,officer_opp,20,2020-23,2159,-81.158516,-91.83419,0.3227773515752975,0.4650301065308013
M,officer_opp,20,2024-01..2025-06,647,-154.84145,-164.61636,-1.4594551696764468,0.3894899536321484
M,officer_opp,20,2025-07..2026-03,441,158.61806,148.78362,0.7597691416740417,0.54421768707483
M,officer_opp,20,full 2020-01..2026-03,3247,-63.274746,-73.65668,-0.06900685720267487,0.4607329842931937
M,officer_opp,20,2020,696,-231.15227,-242.2098,0.025829391641054536,0.46695402298850575
M,officer_opp,20,2021,442,27.220135,16.229206,0.6179893099410215,0.45701357466063347
M,officer_opp,20,2022,546,7.3397193,-3.329595,0.8695409766989283,0.47619047619047616
M,officer_opp,20,2023,475,-63.953785,-73.78391,-0.6858096803196128,0.4568421052631579
M,officer_opp,20,2024,386,-112.7668,-122.49779,-1.0961421724670692,0.38860103626943004
M,officer_opp,20,2025,545,25.659643,15.819546,0.26717117871801016,0.47706422018348627
M,officer_opp,20,2026Q1,157,-4.3845024,-14.208438,-0.7720707807573732,0.5222929936305732
M,officer_opp,60,2020-23,2159,142.11842,131.44275,-0.1560045933679951,0.4775358962482631
M,officer_opp,60,2024-01..2025-06,647,-246.0433,-255.81822,-2.686752853700336,0.4034003091190108
M,officer_opp,60,2025-07..2026-03,441,-322.71307,-332.54752,-2.6174333095550537,0.3764172335600907
M,officer_opp,60,full 2020-01..2026-03,3247,1.6406547,-8.74129,-1.4212263316360536,0.4490298737295966
M,officer_opp,60,2020,696,676.82733,665.7699,1.4929069875230756,0.5517241379310345
M,officer_opp,60,2021,442,-354.699,-365.69,-1.0026732338958877,0.3665158371040724
M,officer_opp,60,2022,546,173.2065,162.53717,0.601620107451103,0.5366300366300366
M,officer_opp,60,2023,475,-214.80414,-224.63428,-1.9133621988263052,0.40421052631578946
M,officer_opp,60,2024,386,-174.94937,-184.68036,-2.1211969477835892,0.39378238341968913
M,officer_opp,60,2025,545,-257.53302,-267.3731,-2.2752606616169646,0.41651376146788993
M,officer_opp,60,2026Q1,157,-596.30896,-606.133,-2.65841340712408,0.3057324840764331
M,cluster_down,1,2020-23,1875,-15.4632635,-26.040802,1.3203482828164899,0.4938666666666667
M,cluster_down,1,2024-01..2025-06,547,14.492072,4.6204977,0.6873031782564609,0.47714808043875684
M,cluster_down,1,2025-07..2026-03,290,40.95531,31.177336,3.768281579017639,0.5482758620689655
M,cluster_down,1,full 2020-01..2026-03,2712,-3.3884277,-13.738078,2.400235507340398,0.4963126843657817
M,cluster_down,1,2020,604,-73.69266,-84.49764,0.03831175218988061,0.44039735099337746
M,cluster_down,1,2021,348,45.16804,34.31049,1.793836989456471,0.5660919540229885
M,cluster_down,1,2022,514,-9.684099,-20.225761,-0.5019752489054523,0.5116731517509727
M,cluster_down,1,2023,409,11.677,1.6285268,1.5856060782916155,0.4889975550122249
M,cluster_down,1,2024,313,21.466558,11.538234,1.4160357693593597,0.4792332268370607
M,cluster_down,1,2025,408,24.01407,14.212364,1.2897745354297734,0.5196078431372549
M,cluster_down,1,2026Q1,116,28.339901,18.609713,1.557335412819236,0.5
M,cluster_down,5,2020-23,1875,-23.599625,-34.17716,1.4346394245481229,0.5002666666666666
M,cluster_down,5,2024-01..2025-06,547,-14.465294,-24.33687,0.6219011106566806,0.4789762340036563
M,cluster_down,5,2025-07..2026-03,290,171.04956,161.27158,4.479641318321228,0.5862068965517241
M,cluster_down,5,full 2020-01..2026-03,2712,-0.9430105,-11.292661,2.40574719029531,0.5051622418879056
M,cluster_down,5,2020,604,-114.19038,-124.99536,1.9008086312916939,0.4586092715231788
M,cluster_down,5,2021,348,63.924454,53.066906,0.15579351298517213,0.5459770114942529
M,cluster_down,5,2022,514,11.2281475,0.68647385,0.7310832248023096,0.5252918287937743
M,cluster_down,5,2023,409,-8.056959,-18.10543,0.3485591229497783,0.49144254278728605
M,cluster_down,5,2024,313,9.346389,-0.5819294,0.730076341924589,0.4984025559105431
M,cluster_down,5,2025,408,64.01295,54.211235,2.0057331983628757,0.5269607843137255
M,cluster_down,5,2026Q1,116,109.04442,99.31422,1.6662272202497992,0.5258620689655172
M,cluster_down,20,2020-23,1875,-73.8863,-84.463844,1.3506390205828083,0.4554666666666667
M,cluster_down,20,2024-01..2025-06,547,-160.75235,-170.62392,-0.10699494583638117,0.3857404021937843
M,cluster_down,20,2025-07..2026-03,290,288.9627,279.18472,2.6838709115982056,0.593103448275862
M,cluster_down,20,full 2020-01..2026-03,2712,-52.606625,-62.956276,1.8329151786751885,0.45612094395280234
M,cluster_down,20,2020,604,-273.9658,-284.77078,1.4345855190349415,0.43543046357615894
M,cluster_down,20,2021,348,-62.583492,-73.44104,0.03949312430938603,0.42528735632183906
M,cluster_down,20,2022,514,120.53603,109.99434,1.3786180896504459,0.5038910505836576
M,cluster_down,20,2023,409,-32.366596,-42.415066,-0.17377304869740362,0.44987775061124696
M,cluster_down,20,2024,313,-104.58798,-114.5163,0.6827998717051285,0.3993610223642173
M,cluster_down,20,2025,408,14.18033,4.378636,1.0139512925661252,0.46568627450980393
M,cluster_down,20,2026Q1,116,196.70784,186.97765,0.4561608907290264,0.5862068965517241
M,cluster_down,60,2020-23,1875,422.81723,412.23972,1.5127381040866947,0.4997333333333333
M,cluster_down,60,2024-01..2025-06,547,36.35526,26.48369,0.2835385611582187,0.46983546617915906
M,cluster_down,60,2025-07..2026-03,290,-92.23318,-102.01114,0.22168569266796112,0.41724137931034483
M,cluster_down,60,full 2020-01..2026-03,2712,289.7939,279.44427,1.5348529578116714,0.48488200589970504
M,cluster_down,60,2020,604,1149.4241,1138.619,2.095705146908729,0.5347682119205298
M,cluster_down,60,2021,348,-581.87396,-592.7315,-2.6993145077392238,0.3620689655172414
M,cluster_down,60,2022,514,565.454,554.9123,4.228509999645167,0.5525291828793775
M,cluster_down,60,2023,409,25.376715,15.328233,-0.5714473284156595,0.49877750611246946
M,cluster_down,60,2024,313,289.54092,279.61258,1.5450285847573768,0.5271565495207667
M,cluster_down,60,2025,408,-169.65672,-179.4584,-0.449414321199897,0.43137254901960786
M,cluster_down,60,2026Q1,116,-243.68666,-253.41684,-0.01613284330290883,0.31896551724137934
S,any,1,2020-23,5509,5.349275,-8.418787,1.449131894955551,0.48302777273552366
S,any,1,2024-01..2025-06,1909,7.730335,-4.3771067,0.5162831102636846,0.4709271870089052
S,any,1,2025-07..2026-03,980,24.431118,12.545555,1.9377422332763672,0.5306122448979592
S,any,1,full 2020-01..2026-03,8398,8.117273,-5.0536265,1.9834757751561,0.48582995951417
S,any,1,2020,1346,16.485119,2.3470335,1.7104595551289636,0.5096582466567607
S,any,1,2021,1026,-11.014632,-25.987877,-0.7110792091924499,0.46296296296296297
S,any,1,2022,1517,10.508129,-3.1015167,0.7506191064627153,0.5042847725774555
S,any,1,2023,1620,1.6298574,-11.215831,1.1977862401716513,0.4537037037037037
S,any,1,2024,1195,5.9285283,-6.150459,0.41981410162716637,0.4610878661087866
S,any,1,2025,1358,19.459396,7.5233474,1.2651219584770896,0.5132547864506627
S,any,1,2026Q1,336,15.444206,3.190006,1.5698487174273312,0.5089285714285714
S,any,5,2020-23,5509,-19.432095,-33.200157,0.14941906264014573,0.4581593755672536
S,any,5,2024-01..2025-06,1909,-13.350653,-25.458094,-0.5034500587049813,0.4677841801990571
S,any,5,2025-07..2026-03,980,95.97816,84.09259,2.132633686065674,0.5581632653061225
S,any,5,full 2020-01..2026-03,8398,-4.5819507,-17.752851,0.5362354311977944,0.47201714693974756
S,any,5,2020,1346,-12.531312,-26.6694,0.9022594566920537,0.4650817236255572
S,any,5,2021,1026,-32.334515,-47.30776,-0.5675814164213436,0.4473684210526316
S,any,5,2022,1517,-15.859737,-29.469381,-0.9810759936361335,0.4871456822676335
S,any,5,2023,1620,-20.339397,-33.18509,0.4093511349327643,0.43209876543209874
S,any,5,2024,1195,-34.096222,-46.17521,-0.6148405426109204,0.4426778242677824
S,any,5,2025,1358,58.713524,46.77747,1.1650909887899774,0.5331369661266568
S,any,5,2026Q1,336,88.04827,75.79405,2.9422505209385186,0.5565476190476191
S,any,20,2020-23,5509,-70.65886,-84.42693,-0.31625274433337197,0.43565075331276093
S,any,20,2024-01..2025-06,1909,-49.371742,-61.47919,-0.9355613500960591,0.40597171293871137
S,any,20,2025-07..2026-03,980,197.97896,186.0934,2.01558780670166,0.5469387755102041
S,any,20,full 2020-01..2026-03,8398,-34.471413,-47.64232,-0.18438908871507545,0.44189092641105027
S,any,20,2020,1346,31.590475,17.452396,0.979771061863921,0.4509658246656761
S,any,20,2021,1026,-193.45999,-208.43323,-1.473991980837202,0.39473684210526316
S,any,20,2022,1517,-56.11044,-69.72008,-0.4158066241508373,0.46077785102175345
S,any,20,2023,1620,-91.46357,-104.30924,-0.3989801019205739,0.42530864197530865
S,any,20,2024,1195,-85.4443,-97.52328,-1.1079255824842196,0.39246861924686194
S,any,20,2025,1358,73.883286,61.947243,0.44706084990676087,0.4698085419734904
S,any,20,2026Q1,336,302.20584,289.9516,3.7571393238524755,0.6071428571428571
S,any,60,2020-23,5509,32.03152,18.263456,0.019014975209310347,0.4489017970593574
S,any,60,2024-01..2025-06,1909,-23.041868,-35.149326,-0.7291956494631674,0.4148768988999476
S,any,60,2025-07..2026-03,980,207.34575,195.4602,0.9006885588169098,0.4479591836734694
S,any,60,full 2020-01..2026-03,8398,39.97066,26.799755,0.0852102170854174,0.4410573946177661
S,any,60,2020,1346,818.71765,804.57947,2.9506208736463857,0.5230312035661219
S,any,60,2021,1026,-484.1106,-499.08383,-3.821946530372706,0.3908382066276803
S,any,60,2022,1517,-19.212803,-32.822445,-0.24743950567263598,0.5062623599208965
S,any,60,2023,1620,-246.72159,-259.56726,-1.6594290832032472,0.37037037037037035
S,any,60,2024,1195,-68.674706,-80.75368,-1.3181583500494902,0.43179916317991635
S,any,60,2025,1358,179.10503,167.16893,1.2412035088845488,0.42488954344624447
S,any,60,2026Q1,336,-5.792918,-18.047123,-0.6446450707261516,0.4107142857142857
S,nb1,1,2020-23,2810,15.059885,1.114097,1.8689538426914742,0.50355871886121
S,nb1,1,2024-01..2025-06,916,27.613049,15.477603,1.6284554763948842,0.490174672489083
S,nb1,1,2025-07..2026-03,521,41.705997,29.676527,2.335289239883423,0.5566218809980806
S,nb1,1,full 2020-01..2026-03,4247,21.03618,7.7159324,3.071384566294162,0.5071815399105251
S,nb1,1,2020,663,23.334133,9.234894,1.2479041890012772,0.5158371040723982
S,nb1,1,2021,631,-2.4860227,-17.590916,-0.10919899291222604,0.4722662440570523
S,nb1,1,2022,805,18.639368,4.5523252,1.7984375596678144,0.5304347826086957
S,nb1,1,2023,711,18.8632,6.249122,1.526221049113819,0.48945147679324896
S,nb1,1,2024,572,25.19032,13.122216,1.7572304159058285,0.4825174825174825
S,nb1,1,2025,683,39.73319,27.690357,1.6253143055662,0.5373352855051244
S,nb1,1,2026Q1,182,30.086529,17.695227,1.5022371464561213,0.5274725274725275
S,nb1,5,2020-23,2810,-13.31262,-27.258408,0.57686325984257,0.4637010676156584
S,nb1,5,2024-01..2025-06,916,-5.099795,-17.235243,-0.5863321840131547,0.46943231441048033
S,nb1,5,2025-07..2026-03,521,139.7713,127.74182,3.018298029899597,0.5873320537428023
S,nb1,5,full 2020-01..2026-03,4247,7.2382793,-6.081968,1.1456264705858648,0.4801036025429715
S,nb1,5,2020,663,-16.481964,-30.581211,0.5985808243096435,0.4539969834087481
S,nb1,5,2021,631,-10.753657,-25.858545,0.2157032991338766,0.4659270998415214
S,nb1,5,2022,805,-10.928429,-25.015472,-0.7679609683428159,0.4906832298136646
S,nb1,5,2023,711,-15.3276825,-27.941757,0.5242068367343805,0.44022503516174405
S,nb1,5,2024,572,-34.59819,-46.666294,-1.2123874356152864,0.44755244755244755
S,nb1,5,2025,683,79.56606,67.52324,1.9792893341333206,0.5461200585651538
S,nb1,5,2026Q1,182,184.59326,172.20195,2.8744576635597134,0.5879120879120879
S,nb1,20,2020-23,2810,-69.42276,-83.36855,0.10594374820818771,0.4309608540925267
S,nb1,20,2024-01..2025-06,916,-19.108643,-31.244093,-0.3661575320810021,0.4148471615720524
S,nb1,20,2025-07..2026-03,521,317.0072,304.97775,2.66234689950943,0.5796545105566219
S,nb1,20,full 2020-01..2026-03,4247,-11.165698,-24.485943,0.6618761837487649,0.44572639510242523
S,nb1,20,2020,663,69.88009,55.780846,1.0230737360936575,0.4434389140271493
S,nb1,20,2021,631,-224.4266,-239.53151,-1.5064737354700675,0.38827258320126784
S,nb1,20,2022,805,-47.755,-61.84205,-0.3322961784524665,0.4683229813664596
S,nb1,20,2023,711,-86.290405,-98.90448,0.07553873467736515,0.4149085794655415
S,nb1,20,2024,572,-47.498207,-59.5663,-0.4243892863673716,0.41083916083916083
S,nb1,20,2025,683,132.40952,120.3667,1.4133688150499004,0.4890190336749634
S,nb1,20,2026Q1,182,463.68408,451.29276,2.236875226335842,0.6208791208791209
S,nb1,60,2020-23,2810,0.70520145,-13.240588,0.79894876192539,0.45480427046263344
S,nb1,60,2024-01..2025-06,916,-38.22074,-50.356197,-0.5853289415046256,0.4126637554585153
S,nb1,60,2025-07..2026-03,521,320.44632,308.41687,1.344539612531662,0.4932821497120921
S,nb1,60,full 2020-01..2026-03,4247,31.533772,18.213531,0.889226799046254,0.4504356016011302
S,nb1,60,2020,663,791.1115,777.01227,2.870523872400822,0.5279034690799397
S,nb1,60,2021,631,-545.6952,-560.80005,-3.355679335373332,0.39619651347068147
S,nb1,60,2022,805,-60.43054,-74.517586,-0.46345730730078266,0.4993788819875776
S,nb1,60,2023,711,-182.20131,-194.81534,-0.10803151644827826,0.3881856540084388
S,nb1,60,2024,572,-136.88799,-148.9561,-1.4469999213773896,0.4160839160839161
S,nb1,60,2025,683,193.40953,181.36667,1.1405702471120656,0.4582723279648609
S,nb1,60,2026Q1,182,429.36038,416.96906,1.3254857897223185,0.46153846153846156
S,nb2,1,2020-23,1282,-7.1769686,-20.180794,-1.6019685186746448,0.437597503900156
S,nb2,1,2024-01..2025-06,507,4.368507,-7.5970387,0.17321858458836228,0.47928994082840237
S,nb2,1,2025-07..2026-03,216,-3.1251485,-14.755367,-0.47696882486343384,0.49074074074074076
S,nb2,1,full 2020-01..2026-03,2005,-3.8209844,-16.41428,-1.4098573458567674,0.4538653366583541
S,nb2,1,2020,327,32.02964,18.350475,0.13761947002368405,0.4831804281345566
S,nb2,1,2021,193,-38.253826,-52.288925,-1.781611785915031,0.41450777202072536
S,nb2,1,2022,324,7.000404,-6.281758,-0.03874951795605761,0.46296296296296297
S,nb2,1,2023,438,-33.241344,-45.080654,-2.529723389581118,0.3949771689497717
S,nb2,1,2024,323,-9.859166,-21.81589,-0.6372172834518527,0.4551083591331269
S,nb2,1,2025,327,11.533798,-0.24376205,-0.026304757108920745,0.5045871559633027
S,nb2,1,2026Q1,73,13.051498,1.1970246,1.403251980475695,0.5068493150684932
S,nb2,5,2020-23,1282,-46.761242,-59.765076,-1.94508339710111,0.44305772230889234
S,nb2,5,2024-01..2025-06,507,-11.428955,-23.394503,-1.039079552349394,0.48520710059171596
S,nb2,5,2025-07..2026-03,216,47.687115,36.0569,0.15595144405961037,0.5231481481481481
S,nb2,5,full 2020-01..2026-03,2005,-27.651857,-40.245148,-2.0169484623534895,0.46234413965087284
S,nb2,5,2020,327,-31.780998,-45.46016,0.25414656075272946,0.4740061162079511
S,nb2,5,2021,193,-74.22797,-88.26306,-1.5250154325603462,0.44041450777202074
S,nb2,5,2022,324,0.6575901,-12.624576,-0.5806058021005098,0.49382716049382713
S,nb2,5,2023,438,-80.91915,-92.75846,-2.122877047440313,0.3835616438356164
S,nb2,5,2024,323,-46.32593,-58.282646,-1.6566917203915217,0.43343653250773995
S,nb2,5,2025,327,57.88394,46.106384,0.11302594536322397,0.5535168195718655
S,nb2,5,2026Q1,73,7.4132013,-4.4412775,0.5578910075342525,0.5205479452054794
S,nb2,20,2020-23,1282,-41.321796,-54.325607,-0.24318141728831286,0.4469578783151326
S,nb2,20,2024-01..2025-06,507,-2.2125292,-14.17808,-0.3143716571688181,0.41420118343195267
S,nb2,20,2025-07..2026-03,216,18.796501,7.1662664,-0.04725746065378189,0.5138888888888888
S,nb2,20,full 2020-01..2026-03,2005,-24.955736,-37.54903,-0.36822020682590806,0.4458852867830424
S,nb2,20,2020,327,50.497196,36.818027,0.7732578144216848,0.4740061162079511
S,nb2,20,2021,193,-148.45245,-162.48756,-0.5836033253604931,0.39378238341968913
S,nb2,20,2022,324,7.734678,-5.547493,-0.3851439795094486,0.47530864197530864
S,nb2,20,2023,438,-98.95395,-110.79325,-0.7811751059679731,0.4292237442922374
S,nb2,20,2024,323,-103.14193,-115.09865,-1.3136819385270908,0.38080495356037153
S,nb2,20,2025,327,90.64202,78.86446,0.5134772313900828,0.4801223241590214
S,nb2,20,2026Q1,73,90.591576,78.737114,0.10835556203041967,0.5616438356164384
S,nb2,60,2020-23,1282,3.209564,-9.794242,-1.1726144779434569,0.4251170046801872
S,nb2,60,2024-01..2025-06,507,137.73976,125.77422,0.4758139802780394,0.44970414201183434
S,nb2,60,2025-07..2026-03,216,-155.13148,-166.76167,-1.3187726140022278,0.3472222222222222
S,nb2,60,full 2020-01..2026-03,2005,20.16975,7.5764475,-1.1048775498991135,0.4229426433915212
S,nb2,60,2020,327,727.7318,714.0526,1.4114319618079323,0.5443425076452599
S,nb2,60,2021,193,-473.46603,-487.50116,-4.001300730448362,0.3316062176165803
S,nb2,60,2022,324,-114.006905,-127.28905,-0.8210115035586336,0.46296296296296297
S,nb2,60,2023,438,-240.95082,-252.79012,-2.221311437233654,0.3493150684931507
S,nb2,60,2024,323,113.53931,101.582565,0.057449685795572594,0.47368421052631576
S,nb2,60,2025,327,109.826324,98.048744,0.4779321390981212,0.382262996941896
S,nb2,60,2026Q1,73,-496.72232,-508.57678,-6.642234452597728,0.3424657534246575
S,nb3p,1,2020-23,1417,-2.5746262,-16.681679,1.0525512569787872,0.48341566690190546
S,nb3p,1,2024-01..2025-06,486,-26.236986,-38.439674,-1.1557772216460553,0.42592592592592593
S,nb3p,1,2025-07..2026-03,243,11.8876705,0.08368443,-0.43102535605430603,0.5102880658436214
S,nb3p,1,full 2020-01..2026-03,2146,-6.295767,-19.710758,0.19622230797280932,0.47343895619757687
S,nb3p,1,2020,356,-10.548463,-25.180433,0.9621598513292555,0.5224719101123596
S,nb3p,1,2021,202,-11.63041,-27.088764,-0.48997101222210226,0.4801980198019802
S,nb3p,1,2022,388,-3.4329693,-16.325602,-0.9073506521308714,0.4845360824742268
S,nb3p,1,2023,471,8.04319,-6.087987,1.5103952412744575,0.4543524416135881
S,nb3p,1,2024,300,-13.799203,-26.030584,-0.5815006714518973,0.4266666666666667
S,nb3p,1,2025,348,-12.883494,-24.758905,-0.6639149589758687,0.47413793103448276
S,nb3p,1,2026Q1,81,-15.2994375,-27.605843,-1.4204795575874538,0.4691358024691358
S,nb3p,5,2020-23,1417,-6.841945,-20.948996,0.4200464135512503,0.460832745236415
S,nb3p,5,2024-01..2025-06,486,-30.906387,-43.109074,-0.6031956227911213,0.44650205761316875
S,nb3p,5,2025-07..2026-03,243,45.009583,33.20558,-0.1411522999405861,0.5267489711934157
S,nb3p,5,full 2020-01..2026-03,2146,-6.420412,-19.83541,0.10802862577663097,0.46505125815470644
S,nb3p,5,2020,356,12.507807,-2.1241505,0.9324531414778036,0.47752808988764045
S,nb3p,5,2021,202,-59.721077,-75.17943,-0.4045800813788858,0.39603960396039606
S,nb3p,5,2022,388,-39.883755,-52.77638,-1.2726131340510831,0.4742268041237113
S,nb3p,5,2023,471,28.430452,14.2992735,0.8227637151491302,0.46496815286624205
S,nb3p,5,2024,300,-19.971817,-32.203197,-0.25800749150036734,0.44333333333333336
S,nb3p,5,2025,348,18.566904,6.691497,-0.04668891862377339,0.4885057471264368
S,nb3p,5,2026Q1,81,-56.20885,-68.51525,-2.2920251118355157,0.5185185185185185
S,nb3p,20,2020-23,1417,-99.65223,-113.759285,-0.5688009185225509,0.4347212420606916
S,nb3p,20,2024-01..2025-06,486,-155.60777,-167.81046,-1.6137216125050518,0.38065843621399176
S,nb3p,20,2025-07..2026-03,243,102.05177,90.247795,-0.04080928768962622,0.5061728395061729
S,nb3p,20,full 2020-01..2026-03,2146,-89.48463,-102.89963,-1.025280325133715,0.43056849953401677
S,nb3p,20,2020,356,-57.085125,-71.7171,0.6562039374992703,0.4438202247191011
S,nb3p,20,2021,202,-139.72992,-155.18828,-1.5621431159600714,0.4158415841584158
S,nb3p,20,2022,388,-126.75978,-139.65242,-0.240021784129966,0.4329896907216495
S,nb3p,20,2023,471,-92.30716,-106.43833,-0.6948890734872547,0.43736730360934184
S,nb3p,20,2024,300,-138.7404,-150.9718,-2.4088162989719812,0.37
S,nb3p,20,2025,348,-56.73029,-68.60572,-0.6073790996595849,0.4224137931034483
S,nb3p,20,2026Q1,81,130.09216,117.785736,1.727176928694973,0.6172839506172839
S,nb3p,60,2020-23,1417,120.22965,106.122604,-0.2377553685106367,0.45871559633027525
S,nb3p,60,2024-01..2025-06,486,-162.1622,-174.36484,-0.757864968418066,0.38271604938271603
S,nb3p,60,2025-07..2026-03,243,287.05634,275.2523,0.6155238300561905,0.4403292181069959
S,nb3p,60,full 2020-01..2026-03,2146,75.167435,61.75244,-0.17387146380744947,0.43942218080149115
S,nb3p,60,2020,356,953.7041,939.07227,1.8056995462754857,0.4943820224719101
S,nb3p,60,2021,202,-301.90527,-317.36362,-2.1551086557374135,0.4306930693069307
S,nb3p,60,2022,388,145.46133,132.5687,0.5245097378277089,0.5567010309278351
S,nb3p,60,2023,471,-349.4849,-363.61606,-2.8463634322960925,0.3630573248407643
S,nb3p,60,2024,300,-134.79854,-147.02989,-1.4091414142422616,0.4166666666666667
S,nb3p,60,2025,348,216.12845,204.25304,0.9226746187246061,0.3994252873563218
S,nb3p,60,2026Q1,81,-541.1024,-553.4087,-1.7442005069790505,0.35802469135802467
S,cluster2p,1,2020-23,2699,-4.760696,-18.343727,-0.14757294293546425,0.46165246387550946
S,cluster2p,1,2024-01..2025-06,993,-10.610617,-22.692226,-0.48476258861716026,0.45317220543806647
S,cluster2p,1,2025-07..2026-03,459,4.8228145,-6.899401,-0.2844575196504593,0.5010893246187363
S,cluster2p,1,full 2020-01..2026-03,4151,-5.1004066,-18.118505,-0.475905339510699,0.4639845820284269
S,cluster2p,1,2020,683,9.836661,-4.339136,1.1794475095263226,0.5036603221083455
S,cluster2p,1,2021,395,-24.638811,-39.401756,-1.9199178291693026,0.4481012658227848
S,cluster2p,1,2022,712,1.3148015,-11.755087,-0.4097656365993334,0.4747191011235955
S,cluster2p,1,2023,909,-11.849688,-24.876535,0.5621636267055169,0.42574257425742573
S,cluster2p,1,2024,623,-11.756455,-23.845436,-0.34962926507935194,0.44141252006420545
S,cluster2p,1,2025,675,-1.0546728,-12.882681,-0.4007032519371877,0.4888888888888889
S,cluster2p,1,2026Q1,154,-1.8603578,-13.9525385,-0.7404449230277929,0.487012987012987
S,cluster2p,5,2020-23,2699,-25.80324,-39.386265,-0.6456438493994324,0.4523897739903668
S,cluster2p,5,2024-01..2025-06,993,-20.961718,-33.043327,-0.45565227664958,0.4662638469284995
S,cluster2p,5,2025-07..2026-03,459,46.269596,34.54737,0.19356118887662888,0.5250544662309368
S,cluster2p,5,full 2020-01..2026-03,4151,-16.675545,-29.693645,-0.6871134248516845,0.463743676222597
S,cluster2p,5,2020,683,-8.696343,-22.872147,1.2817925651053765,0.47584187408491946
S,cluster2p,5,2021,395,-66.80925,-81.5722,-1.1337879055213007,0.4177215189873418
S,cluster2p,5,2022,712,-21.435162,-34.505047,-0.8101370032980147,0.48314606741573035
S,cluster2p,5,2023,909,-24.259457,-37.2863,-0.32305400433768566,0.42574257425742573
S,cluster2p,5,2024,623,-33.63535,-45.72433,-0.3636293298681888,0.43820224719101125
S,cluster2p,5,2025,675,37.613827,25.785822,0.2643354040224347,0.52
S,cluster2p,5,2026Q1,154,-26.05035,-38.142536,-1.2379635821592843,0.5194805194805194
S,cluster2p,20,2020-23,2699,-71.94581,-85.52885,-0.49292791122161356,0.44053353093738423
S,cluster2p,20,2024-01..2025-06,993,-77.28816,-89.369774,-1.2594171229244655,0.39778449144008055
S,cluster2p,20,2025-07..2026-03,459,62.872818,51.1506,-0.2937915623188019,0.5098039215686274
S,cluster2p,20,full 2020-01..2026-03,4151,-58.31613,-71.334236,-0.9314001498063518,0.43796675499879545
S,cluster2p,20,2020,683,-5.5779195,-19.753716,0.719156674919481,0.4582723279648609
S,cluster2p,20,2021,395,-143.99182,-158.75476,-1.1572909243028147,0.4050632911392405
S,cluster2p,20,2022,712,-65.55725,-78.627144,-0.3368295000729224,0.45224719101123595
S,cluster2p,20,2023,909,-95.5099,-108.536736,-0.8048619921139103,0.43344334433443343
S,cluster2p,20,2024,623,-120.284065,-132.37305,-1.746649112340865,0.3756019261637239
S,cluster2p,20,2025,675,14.663413,2.835408,-0.46439403977191945,0.45037037037037037
S,cluster2p,20,2026Q1,154,111.36786,99.27568,1.9404153753438032,0.5909090909090909
S,cluster2p,60,2020-23,2699,64.6462,51.063164,-0.6459457181100297,0.4427565765098185
S,cluster2p,60,2024-01..2025-06,993,-9.04004,-21.12164,-0.31376976856194616,0.4169184290030212
S,cluster2p,60,2025-07..2026-03,459,78.96795,67.245735,0.2886152118444443,0.39651416122004357
S,cluster2p,60,full 2020-01..2026-03,4151,48.602654,35.584564,-0.5807873595085722,0.4314622982413876
S,cluster2p,60,2020,683,845.5154,831.3396,1.7490942076013933,0.5183016105417276
S,cluster2p,60,2021,395,-385.73117,-400.4941,-3.5163558735530125,0.3822784810126582
S,cluster2p,60,2022,712,27.388702,14.318817,-0.03037763603127006,0.5140449438202247
S,cluster2p,60,2023,909,-297.18793,-310.21478,-2.7580546523301717,0.3564356435643564
S,cluster2p,60,2024,623,-6.0455375,-18.134493,-0.4040010179049665,0.4462279293739968
S,cluster2p,60,2025,675,164.63097,152.80296,0.8916801146542793,0.39111111111111113
S,cluster2p,60,2026Q1,154,-520.06506,-532.1572,-3.688944250161602,0.35064935064935066
S,ceo_cfo,1,2020-23,1409,14.674209,0.60226136,0.8203027728136781,0.49396735273243436
S,ceo_cfo,1,2024-01..2025-06,415,21.454567,9.036238,0.6926003416912798,0.4578313253012048
S,ceo_cfo,1,2025-07..2026-03,252,24.387722,12.72095,1.7701944708824158,0.503968253968254
S,ceo_cfo,1,full 2020-01..2026-03,2076,17.208723,3.759298,1.5448234503086915,0.48795761078998073
S,ceo_cfo,1,2020,345,24.681543,10.947487,0.9757430141616733,0.5420289855072464
S,ceo_cfo,1,2021,244,-24.49858,-41.093727,-1.585136137672382,0.4672131147540984
S,ceo_cfo,1,2022,418,16.465136,2.6879013,0.6300616838846295,0.4880382775119617
S,ceo_cfo,1,2023,402,28.000134,14.863252,1.883493508124331,0.47512437810945274
S,ceo_cfo,1,2024,259,23.980011,11.508948,0.4477523398601057,0.44015444015444016
S,ceo_cfo,1,2025,321,26.550337,14.640615,2.1180205125962925,0.5077881619937694
S,ceo_cfo,1,2026Q1,87,3.6306903,-8.3303,0.47987136682037107,0.45977011494252873
S,ceo_cfo,5,2020-23,1409,-12.594202,-26.66615,0.3541276663539257,0.46202980837473384
S,ceo_cfo,5,2024-01..2025-06,415,11.282306,-1.1360185,-0.15436451327673376,0.4819277108433735
S,ceo_cfo,5,2025-07..2026-03,252,49.819805,38.153027,1.2959643602371216,0.5198412698412699
S,ceo_cfo,5,full 2020-01..2026-03,2076,-0.24493201,-13.694361,0.5002233728393435,0.4730250481695568
S,ceo_cfo,5,2020,345,32.366066,18.632015,1.5432688883920793,0.48695652173913045
S,ceo_cfo,5,2021,244,-41.672527,-58.267685,-0.83965824559181,0.45491803278688525
S,ceo_cfo,5,2022,418,-3.697199,-17.474432,-0.8047531789740439,0.48086124401913877
S,ceo_cfo,5,2023,402,-42.781086,-55.917973,0.09689204870730972,0.4253731343283582
S,ceo_cfo,5,2024,259,-14.760195,-27.23127,-0.23840045286021497,0.47104247104247104
S,ceo_cfo,5,2025,321,57.65172,45.741997,0.6683263820053404,0.514018691588785
S,ceo_cfo,5,2026Q1,87,29.349855,17.38887,1.2116441200488364,0.5057471264367817
S,ceo_cfo,20,2020-23,1409,-74.675095,-88.74704,-0.13850738369642016,0.42867281760113557
S,ceo_cfo,20,2024-01..2025-06,415,21.38409,8.965756,-0.15484829060900998,0.44096385542168676
S,ceo_cfo,20,2025-07..2026-03,252,188.14186,176.47507,1.6182408928871155,0.5436507936507936
S,ceo_cfo,20,full 2020-01..2026-03,2076,-23.569883,-37.019302,0.25304155634880227,0.44508670520231214
S,ceo_cfo,20,2020,345,209.10246,195.3684,1.5016989653383568,0.47246376811594204
S,ceo_cfo,20,2021,244,-221.55492,-238.15005,-1.9136876058631733,0.38524590163934425
S,ceo_cfo,20,2022,418,-186.39145,-200.1687,-2.472201914471376,0.42105263157894735
S,ceo_cfo,20,2023,402,-112.90186,-126.03873,-0.33611795608502437,0.4253731343283582
S,ceo_cfo,20,2024,259,4.11797,-8.353096,-0.3501757568781025,0.42084942084942084
S,ceo_cfo,20,2025,321,68.478195,56.568474,0.8988063429328005,0.48909657320872274
S,ceo_cfo,20,2026Q1,87,382.04703,370.08603,1.2359594175632431,0.6206896551724138
S,ceo_cfo,60,2020-23,1409,272.73923,258.6673,1.216606783837622,0.47764371894960966
S,ceo_cfo,60,2024-01..2025-06,415,-60.925434,-73.34376,-1.3544921945295827,0.40963855421686746
S,ceo_cfo,60,2025-07..2026-03,252,7.781424,-3.8853712,0.02196975750848651,0.40476190476190477
S,ceo_cfo,60,full 2020-01..2026-03,2076,173.87595,160.4265,0.9857778130231024,0.4552023121387283
S,ceo_cfo,60,2020,345,1509.0476,1495.3135,2.518369450780139,0.6086956521739131
S,ceo_cfo,60,2021,244,-475.75638,-492.35156,-2.421055609203221,0.36065573770491804
S,ceo_cfo,60,2022,418,55.280624,41.503395,-0.3364237220404318,0.5047846889952153
S,ceo_cfo,60,2023,402,-107.84718,-120.98404,-0.44533036997275577,0.4079601990049751
S,ceo_cfo,60,2024,259,-181.96046,-194.4315,-1.9261866635895781,0.4247104247104247
S,ceo_cfo,60,2025,321,102.68199,90.77224,0.2955431725554551,0.3925233644859813
S,ceo_cfo,60,2026Q1,87,-105.24471,-117.2057,-0.1478219794597933,0.41379310344827586
S,officer,1,2020-23,2209,3.8092098,-9.979815,0.06915406046225907,0.48800362154821186
S,officer,1,2024-01..2025-06,673,24.977682,12.699005,1.2251141822430853,0.4799405646359584
S,officer,1,2025-07..2026-03,364,35.016914,23.376717,2.049578905105591,0.5137362637362637
S,officer,1,full 2020-01..2026-03,3246,11.697684,-1.5372316,1.3657948637464503,0.48921749845964263
S,officer,1,2020,557,6.8259125,-6.954768,0.5687055779773263,0.5098743267504489
S,officer,1,2021,405,-28.54912,-43.962128,-1.9053556577929063,0.454320987654321
S,officer,1,2022,647,12.253549,-1.2053708,0.025354705287453677,0.5038639876352395
S,officer,1,2023,600,13.744766,0.6882131,1.4250977152588447,0.47333333333333333
S,officer,1,2024,405,25.851227,13.644522,0.9579009628483157,0.4617283950617284
S,officer,1,2025,503,37.734493,25.770441,2.5936008322136472,0.5208747514910537
S,officer,1,2026Q1,129,0.82125497,-11.108586,0.34095038479227163,0.4728682170542636
S,officer,5,2020-23,2209,-21.999168,-35.788193,0.07042984032709979,0.46808510638297873
S,officer,5,2024-01..2025-06,673,17.767649,5.488966,0.22233926665646747,0.5007429420505201
S,officer,5,2025-07..2026-03,364,82.421135,70.78095,1.9271795153617859,0.5467032967032966
S,officer,5,full 2020-01..2026-03,3246,-2.0447464,-15.279661,0.5265253231577138,0.4836722119531731
S,officer,5,2020,557,-41.84938,-55.630074,0.9901172918809948,0.4757630161579892
S,officer,5,2021,405,-44.323048,-59.73605,-1.1760645977927897,0.4469135802469136
S,officer,5,2022,647,6.8514256,-6.6074963,-0.7397047562286729,0.49149922720247297
S,officer,5,2023,600,-19.613491,-32.670036,0.4840311981782541,0.45
S,officer,5,2024,405,2.0906205,-10.116083,0.1274688636293849,0.48148148148148145
S,officer,5,2025,503,75.02536,63.061306,1.2570685472676952,0.5407554671968191
S,officer,5,2026Q1,129,26.158625,14.228789,1.3808555727437337,0.5348837209302325
S,officer,20,2020-23,2209,-51.772926,-65.56194,0.1345097267608215,0.43775464010864645
S,officer,20,2024-01..2025-06,673,-13.972508,-26.251184,-0.1837710122222243,0.4398216939078752
S,officer,20,2025-07..2026-03,364,197.3386,185.6984,1.720822513103485,0.5631868131868132
S,officer,20,full 2020-01..2026-03,3246,-16.000814,-29.235737,0.40606009880991445,0.452248921749846
S,officer,20,2020,557,68.72622,54.945507,1.1926370248233413,0.473967684021544
S,officer,20,2021,405,-192.86975,-208.28275,-1.8854469827282712,0.3950617283950617
S,officer,20,2022,647,-58.257183,-71.71612,-0.09925295315611034,0.4435857805255023
S,officer,20,2023,600,-61.403713,-74.46026,-0.23720730232822113,0.4266666666666667
S,officer,20,2024,405,-7.2787986,-19.4855,-0.30043849918059956,0.4345679012345679
S,officer,20,2025,503,53.037304,41.073254,0.9164383043603628,0.47912524850894633
S,officer,20,2026Q1,129,299.98373,288.05383,1.1824936580129446,0.6511627906976745
S,officer,60,2020-23,2209,221.13158,207.34256,1.276327234164779,0.4766862833861476
S,officer,60,2024-01..2025-06,673,-61.20662,-73.48529,-0.6806333762593392,0.4115898959881129
S,officer,60,2025-07..2026-03,364,34.477592,22.837397,0.06263232417404652,0.3983516483516483
S,officer,60,full 2020-01..2026-03,3246,141.66278,128.42789,0.9962794037364346,0.45440542205791745
S,officer,60,2020,557,1227.9835,1214.2029,3.0611108095448163,0.5906642728904847
S,officer,60,2021,405,-337.1956,-352.6086,-3.67668202103373,0.39753086419753086
S,officer,60,2022,647,105.35659,91.897675,0.4273278347638361,0.5208655332302936
S,officer,60,2023,600,-211.84785,-224.90437,-0.7118095683556238,0.37666666666666665
S,officer,60,2024,405,-110.498405,-122.705124,-0.9680930581236242,0.43950617283950616
S,officer,60,2025,503,86.74405,74.77999,0.5295535468991655,0.38767395626242546
S,officer,60,2026Q1,129,-213.35356,-225.28339,-1.0699561974437628,0.3798449612403101
S,director_only,1,2020-23,2356,9.625659,-4.2428007,2.261129406792563,0.4732597623089983
S,director_only,1,2024-01..2025-06,775,-8.010369,-20.131851,-0.7865751276691718,0.4645161290322581
S,director_only,1,2025-07..2026-03,391,26.582233,14.632392,2.2959179878234863,0.5549872122762148
S,director_only,1,full 2020-01..2026-03,3522,7.62739,-5.643657,2.1781004385904468,0.4804088586030664
S,director_only,1,2020,575,28.31631,13.804118,2.1285535006494367,0.4956521739130435
S,director_only,1,2021,512,5.341967,-9.076415,0.8216372823511389,0.46875
S,director_only,1,2022,577,1.4908744,-12.1906,0.4080612759484271,0.48700173310225303
S,director_only,1,2023,692,4.047475,-9.035122,1.1119990550266394,0.44653179190751446
S,director_only,1,2024,484,0.5176171,-11.598305,0.19488337854678067,0.4669421487603306
S,director_only,1,2025,554,3.4720287,-8.496506,-0.19082219135886197,0.5126353790613718
S,director_only,1,2026Q1,128,15.715519,3.435351,1.1799212699616615,0.5234375
S,director_only,5,2020-23,2356,-2.2636042,-16.132063,0.7909336004961858,0.4524617996604414
S,director_only,5,2024-01..2025-06,775,-32.124966,-44.246445,-0.7196538136945436,0.4335483870967742
S,director_only,5,2025-07..2026-03,391,142.72456,130.77472,5.397460341453552,0.5652173913043478
S,director_only,5,full 2020-01..2026-03,3522,7.261615,-6.009432,1.4441938793044724,0.4608177172061329
S,director_only,5,2020,575,52.097687,37.585487,1.6216278733096998,0.46608695652173915
S,director_only,5,2021,512,-30.432081,-44.850464,-0.18533579981054832,0.44140625
S,director_only,5,2022,577,-28.240746,-41.922222,-1.151948756622047,0.4852686308492201
S,director_only,5,2023,692,-4.9322004,-18.014793,0.5138136333030381,0.42196531791907516
S,director_only,5,2024,484,-26.603893,-38.719814,-0.29985608046280393,0.4152892561983471
S,director_only,5,2025,554,47.552826,35.584297,1.655948921016437,0.516245487364621
S,director_only,5,2026Q1,128,136.25371,123.97353,3.8880215028868266,0.546875
S,director_only,20,2020-23,2356,-45.346817,-59.215282,0.11373892178216151,0.4333616298811545
S,director_only,20,2024-01..2025-06,775,-16.28378,-28.40526,0.0014378801551183271,0.39483870967741935
S,director_only,20,2025-07..2026-03,391,151.02986,139.08003,1.8416159749031067,0.5421994884910486
S,director_only,20,full 2020-01..2026-03,3522,-17.150581,-30.42163,0.5061974813470431,0.43696763202725725
S,director_only,20,2020,575,127.88862,113.376434,1.267211810839819,0.45565217391304347
S,director_only,20,2021,512,-180.20407,-194.62247,-0.9247955458075438,0.390625
S,director_only,20,2022,577,-76.62643,-90.307884,-0.8138198738340923,0.45233968804159447
S,director_only,20,2023,692,-63.43228,-76.51486,-0.07641391778054739,0.430635838150289
S,director_only,20,2024,484,-69.4103,-81.52623,-0.2461461107774445,0.38636363636363635
S,director_only,20,2025,554,96.820045,84.851524,1.202263684076782,0.4602888086642599
S,director_only,20,2026Q1,128,206.16423,193.88411,2.4129629674500417,0.59375
S,director_only,60,2020-23,2356,-6.5082445,-20.376698,-0.34909154853381646,0.4295415959252971
S,director_only,60,2024-01..2025-06,775,61.332924,49.21145,0.06040297589725344,0.41161290322580646
S,director_only,60,2025-07..2026-03,391,144.22722,132.27736,0.710449755191803,0.4629156010230179
S,director_only,60,full 2020-01..2026-03,3522,25.154016,11.882977,-0.0794700642486815,0.4293015332197615
S,director_only,60,2020,575,677.8213,663.3091,2.452025852279365,0.46956521739130436
S,director_only,60,2021,512,-586.1077,-600.5261,-2.799096408378622,0.390625
S,director_only,60,2022,577,32.429844,18.748352,-0.1564367358744832,0.48873483535528595
S,director_only,60,2023,692,-178.76526,-191.84787,-1.689277126250598,0.37572254335260113
S,director_only,60,2024,484,69.07492,56.958984,-0.21119378684015852,0.42768595041322316
S,director_only,60,2025,554,176.01949,164.05092,1.7585782947996582,0.43862815884476536
S,director_only,60,2026Q1,128,-211.10309,-223.38327,-1.5449516722439038,0.390625
S,tenpct_only,1,2020-23,906,2.1471264,-11.259554,-0.1822272695973949,0.4988962472406181
S,tenpct_only,1,2024-01..2025-06,446,2.026014,-9.766348,0.14385602373244435,0.4663677130044843
S,tenpct_only,1,2025-07..2026-03,213,10.25248,-1.8378925,-0.45766349136829376,0.5211267605633803
S,tenpct_only,1,full 2020-01..2026-03,1565,3.215768,-9.551705,-0.30866588623737423,0.4926517571884984
S,tenpct_only,1,2020,208,18.031605,4.061363,1.015168058853095,0.5528846153846154
S,tenpct_only,1,2021,107,-19.298279,-34.802242,-0.8673349812789414,0.4766355140186916
S,tenpct_only,1,2022,283,25.750334,11.949935,0.9396367702361783,0.5371024734982333
S,tenpct_only,1,2023,308,-22.817226,-34.752968,-0.21643448420323533,0.43506493506493504
S,tenpct_only,1,2024,294,-18.959082,-30.765472,-1.0009931342391643,0.4489795918367347
S,tenpct_only,1,2025,292,10.8326645,-0.9497133,-0.2646830589071598,0.4965753424657534
S,tenpct_only,1,2026Q1,73,75.31798,62.672646,0.7406237317168334,0.5753424657534246
S,tenpct_only,5,2020-23,906,-57.680477,-71.08715,-1.1050068300266256,0.45364238410596025
S,tenpct_only,5,2024-01..2025-06,446,-25.115255,-36.907616,-0.6117878900627947,0.4798206278026906
S,tenpct_only,5,2025-07..2026-03,213,44.755085,32.66471,-0.032647510059177876,0.5633802816901409
S,tenpct_only,5,full 2020-01..2026-03,1565,-34.458202,-47.225674,-1.1677820492362099,0.476038338658147
S,tenpct_only,5,2020,208,-104.38151,-118.35174,-1.8075555639496024,0.4375
S,tenpct_only,5,2021,107,13.462562,-2.041402,-0.3905459221503517,0.48598130841121495
S,tenpct_only,5,2022,283,-42.87883,-56.679234,-0.4198774383077243,0.48056537102473496
S,tenpct_only,5,2023,308,-64.457596,-76.39335,-0.29157533857600343,0.42857142857142855
S,tenpct_only,5,2024,294,-96.72793,-108.53433,-2.3935909249290743,0.43537414965986393
S,tenpct_only,5,2025,292,54.693554,42.911186,0.13034870816279764,0.5513698630136986
S,tenpct_only,5,2026Q1,73,147.93044,135.28506,3.7772695482512217,0.6164383561643836
S,tenpct_only,20,2020-23,906,-175.73372,-189.1404,-2.432298876575418,0.44150110375275936
S,tenpct_only,20,2024-01..2025-06,446,-137.4783,-149.27068,-1.5600726361544437,0.3834080717488789
S,tenpct_only,20,2025-07..2026-03,213,248.94562,236.85524,0.8245958089828491,0.5211267605633803
S,tenpct_only,20,full 2020-01..2026-03,1565,-107.03172,-119.7992,-2.016335485106851,0.43578274760383384
S,tenpct_only,20,2020,208,-297.61505,-311.5853,-1.676692483995778,0.3894230769230769
S,tenpct_only,20,2021,107,-245.23387,-260.73782,-2.579104113902408,0.4205607476635514
S,tenpct_only,20,2022,283,-11.192328,-24.992737,0.02119500136431405,0.5159010600706714
S,tenpct_only,20,2023,308,-220.46542,-232.40115,-0.9579965614892231,0.4155844155844156
S,tenpct_only,20,2024,294,-203.80157,-215.60799,-1.8284968282219645,0.35374149659863946
S,tenpct_only,20,2025,292,68.18844,56.40604,-0.07840913290878758,0.4726027397260274
S,tenpct_only,20,2026Q1,73,434.47592,421.83063,1.1061462708470298,0.547945205479452
S,tenpct_only,60,2020-23,906,-340.41913,-353.8258,-2.702386304222899,0.434878587196468
S,tenpct_only,60,2024-01..2025-06,446,-75.7477,-87.54009,-0.9604626775738111,0.4282511210762332
S,tenpct_only,60,2025-07..2026-03,213,441.0967,429.00626,1.4334887266159058,0.49765258215962443
S,tenpct_only,60,full 2020-01..2026-03,1565,-158.62593,-171.39342,-2.1503117926152555,0.4415335463258786
S,tenpct_only,60,2020,208,164.36714,150.39691,1.0432945004579284,0.5
S,tenpct_only,60,2021,107,-555.5804,-571.08435,-2.5742271378803103,0.37383177570093457
S,tenpct_only,60,2022,283,-406.60004,-420.40045,-0.9802342919954018,0.5053003533568905
S,tenpct_only,60,2023,308,-545.757,-557.69275,-2.2091381994972097,0.3474025974025974
S,tenpct_only,60,2024,294,-213.39912,-225.20552,-1.9169045104535325,0.42857142857142855
S,tenpct_only,60,2025,292,260.8866,249.10426,0.7858909270457335,0.4657534246575342
S,tenpct_only,60,2026Q1,73,640.1449,627.49945,1.6712463553739805,0.4794520547945205
S,val_lt50k,1,2020-23,2470,5.4360723,-8.039091,0.9852314373674089,0.4813765182186235
S,val_lt50k,1,2024-01..2025-06,849,0.9111886,-11.123206,-0.009480627678601654,0.4534746760895171
S,val_lt50k,1,2025-07..2026-03,395,48.643475,36.839657,4.450559377670288,0.5417721518987342
S,val_lt50k,1,full 2020-01..2026-03,3714,8.997004,-3.9710543,1.7182101942928716,0.481421647819063
S,val_lt50k,1,2020,676,18.553131,4.5660367,1.5070955395890577,0.5103550295857988
S,val_lt50k,1,2021,482,-17.702606,-31.544413,-0.5782672487378393,0.4460580912863071
S,val_lt50k,1,2022,629,3.8289788,-9.576932,-0.29764045807384876,0.48012718600953896
S,val_lt50k,1,2023,683,10.262678,-2.5108328,1.170285938693279,0.4787701317715959
S,val_lt50k,1,2024,541,-5.4194517,-17.423094,-0.1254870372146897,0.43622920517560076
S,val_lt50k,1,2025,564,33.72138,21.882797,2.303223573797179,0.5141843971631206
S,val_lt50k,1,2026Q1,139,28.063578,15.7702055,1.6554974600480918,0.5251798561151079
S,val_lt50k,5,2020-23,2470,-5.848089,-19.323248,0.6819979684186839,0.4659919028340081
S,val_lt50k,5,2024-01..2025-06,849,-2.3711667,-14.405565,0.2311099099277511,0.46760895170789163
S,val_lt50k,5,2025-07..2026-03,395,111.57036,99.76654,5.2041192054748535,0.579746835443038
S,val_lt50k,5,full 2020-01..2026-03,3714,7.4346795,-5.5333767,1.4259938750886463,0.47845988152934843
S,val_lt50k,5,2020,676,23.270401,9.283314,1.1733615100877393,0.46893491124260356
S,val_lt50k,5,2021,482,-18.455742,-32.29755,-0.1522676259768037,0.45435684647302904
S,val_lt50k,5,2022,629,-5.3510723,-18.75698,-0.7453026967310906,0.4960254372019078
S,val_lt50k,5,2023,683,-26.228514,-39.002026,0.28259773834565594,0.44363103953147875
S,val_lt50k,5,2024,541,-19.221087,-31.224731,-0.12725192130321142,0.4454713493530499
S,val_lt50k,5,2025,564,63.262234,51.423653,2.842964415391953,0.5460992907801419
S,val_lt50k,5,2026Q1,139,120.689804,108.39642,14.999558077444128,0.5539568345323741
S,val_lt50k,20,2020-23,2470,-10.943308,-24.418468,0.72105151018429,0.4473684210526316
S,val_lt50k,20,2024-01..2025-06,849,40.109753,28.075352,0.5957489700822467,0.4193168433451119
S,val_lt50k,20,2025-07..2026-03,395,245.48259,233.67874,5.486557960510254,0.589873417721519
S,val_lt50k,20,full 2020-01..2026-03,3714,27.99914,15.031083,1.4592746681458775,0.4561120086160474
S,val_lt50k,20,2020,676,69.81637,55.82926,1.2437470934576318,0.4511834319526627
S,val_lt50k,20,2021,482,-126.924416,-140.76624,-0.5186236076858821,0.4170124481327801
S,val_lt50k,20,2022,629,23.21271,9.80681,0.430490332784262,0.4435612082670906
S,val_lt50k,20,2023,683,-40.481808,-53.25532,-0.0783046364192159,0.4685212298682284
S,val_lt50k,20,2024,541,-1.1067061,-13.110352,0.26481280360690096,0.41035120147874304
S,val_lt50k,20,2025,564,147.37067,135.53207,1.9910295905523077,0.4875886524822695
S,val_lt50k,20,2026Q1,139,348.92432,336.63095,6.559716926800639,0.6618705035971223
S,val_lt50k,60,2020-23,2470,73.974594,60.499416,0.17494338357103836,0.44534412955465585
S,val_lt50k,60,2024-01..2025-06,849,-42.822002,-54.856407,-0.8304551178111065,0.4122497055359246
S,val_lt50k,60,2025-07..2026-03,395,96.445595,84.64177,0.8565880358219147,0.43544303797468353
S,val_lt50k,60,full 2020-01..2026-03,3714,49.66542,36.69736,0.22756144720837246,0.436725901992461
S,val_lt50k,60,2020,676,776.7462,762.7591,2.1850318562475937,0.4881656804733728
S,val_lt50k,60,2021,482,-451.2308,-465.07263,-3.3014573554724436,0.4211618257261411
S,val_lt50k,60,2022,629,12.665672,-0.7402271,-0.22652978069271149,0.49920508744038156
S,val_lt50k,60,2023,683,-194.48996,-207.26346,-2.023487290667537,0.37042459736456806
S,val_lt50k,60,2024,541,-52.09168,-64.09534,-1.0826203331688835,0.43253234750462105
S,val_lt50k,60,2025,564,147.74312,135.90454,1.2686978225430803,0.4237588652482269
S,val_lt50k,60,2026Q1,139,-384.21143,-396.50482,-6.442409754775129,0.35251798561151076
S,val_50_250k,1,2020-23,1763,-0.8023306,-14.736644,1.8727932740687354,0.4826999432785026
S,val_50_250k,1,2024-01..2025-06,534,16.352512,4.1961565,1.224457323609043,0.50187265917603
S,val_50_250k,1,2025-07..2026-03,296,16.698618,4.733543,1.285649299621582,0.5304054054054054
S,val_50_250k,1,full 2020-01..2026-03,2593,4.728317,-8.615051,2.590315893601304,0.49209409949865024
S,val_50_250k,1,2020,390,-42.26029,-56.37739,-0.36180085100342635,0.49743589743589745
S,val_50_250k,1,2021,338,16.561775,1.2836177,2.422381188630057,0.4940828402366864
S,val_50_250k,1,2022,492,19.893412,5.9870143,1.4792754059405655,0.5060975609756098
S,val_50_250k,1,2023,543,-0.58643067,-13.578254,0.9111285534973541,0.4438305709023941
S,val_50_250k,1,2024,318,28.197435,15.98564,1.2506824341691576,0.5125786163522013
S,val_50_250k,1,2025,404,11.948908,-0.028296715,1.1899905116919596,0.5148514851485149
S,val_50_250k,1,2026Q1,108,-1.102879,-13.24191,0.3534804140006119,0.5
S,val_50_250k,5,2020-23,1763,-17.462942,-31.397255,0.5977885738017354,0.45207033465683494
S,val_50_250k,5,2024-01..2025-06,534,1.4370981,-10.719263,0.22305412989077286,0.4868913857677903
S,val_50_250k,5,2025-07..2026-03,296,133.71373,121.74865,2.0778762102127075,0.5743243243243243
S,val_50_250k,5,full 2020-01..2026-03,2593,3.6866593,-9.656708,1.5648644510298957,0.47319706903200925
S,val_50_250k,5,2020,390,-63.0671,-77.18419,-0.2588806033856952,0.44871794871794873
S,val_50_250k,5,2021,338,-5.482949,-20.761099,0.8905976613606363,0.4526627218934911
S,val_50_250k,5,2022,492,18.387333,4.480934,-0.39098582043210783,0.491869918699187
S,val_50_250k,5,2023,543,-24.648872,-37.640697,0.6129129808135328,0.4180478821362799
S,val_50_250k,5,2024,318,-12.2841,-24.495892,0.18443820754970738,0.46226415094339623
S,val_50_250k,5,2025,404,59.596527,47.619324,1.4147404387465472,0.5346534653465347
S,val_50_250k,5,2026Q1,108,186.81503,174.67598,1.3085534740716773,0.6203703703703703
S,val_50_250k,20,2020-23,1763,-64.74232,-78.67663,0.1907299866761834,0.44129325014180376
S,val_50_250k,20,2024-01..2025-06,534,-33.0418,-45.198162,-0.5764610970639636,0.4044943820224719
S,val_50_250k,20,2025-07..2026-03,296,183.93617,171.97112,1.8361600041389465,0.5472972972972973
S,val_50_250k,20,full 2020-01..2026-03,2593,-29.826422,-43.169785,0.532204363776058,0.4458156575395295
S,val_50_250k,20,2020,390,-15.334857,-29.451963,0.9092034694185214,0.45384615384615384
S,val_50_250k,20,2021,338,-130.57051,-145.84865,-0.6131673082993593,0.40828402366863903
S,val_50_250k,20,2022,492,-75.075066,-88.98147,-0.42016276308505435,0.4898373983739837
S,val_50_250k,20,2023,543,-49.89014,-62.88197,0.1823132154597657,0.4088397790055249
S,val_50_250k,20,2024,318,-9.446894,-21.6587,-0.31465882282513374,0.41509433962264153
S,val_50_250k,20,2025,404,14.99192,3.0147145,0.35797205316829644,0.4405940594059406
S,val_50_250k,20,2026Q1,108,312.48306,300.344,1.692576311744632,0.6296296296296297
S,val_50_250k,60,2020-23,1763,101.66685,87.73256,1.3622457383931972,0.4560408394781622
S,val_50_250k,60,2024-01..2025-06,534,21.216406,9.060058,0.0931012161513407,0.41385767790262173
S,val_50_250k,60,2025-07..2026-03,296,171.73462,159.7695,0.27840547263622284,0.4594594594594595
S,val_50_250k,60,full 2020-01..2026-03,2593,93.097466,79.7541,1.3427487259426205,0.44774392595449286
S,val_50_250k,60,2020,390,729.15686,715.03973,3.1830955012487596,0.5025641025641026
S,val_50_250k,60,2021,338,-212.88031,-228.15846,-1.4865895278761614,0.3905325443786982
S,val_50_250k,60,2022,492,213.51512,199.60873,0.8411059042766083,0.5447154471544715
S,val_50_250k,60,2023,543,-254.56427,-267.5561,-0.8230037957532662,0.3830570902394107
S,val_50_250k,60,2024,318,113.78266,101.57085,0.24328220365244438,0.449685534591195
S,val_50_250k,60,2025,404,-11.86511,-23.842335,-0.03726835199924057,0.4207920792079208
S,val_50_250k,60,2026Q1,108,284.94098,272.80197,0.3881600598490248,0.4074074074074074
S,val_250k_1m,1,2020-23,777,-0.43856668,-14.652543,-0.7140515939329289,0.48133848133848134
S,val_250k_1m,1,2024-01..2025-06,307,11.865003,-0.29281995,0.9950358849212673,0.46905537459283386
S,val_250k_1m,1,2025-07..2026-03,186,-16.146944,-28.115667,-0.8612811863422394,0.510752688172043
S,val_250k_1m,1,full 2020-01..2026-03,1270,0.23500657,-13.1531,-0.5391471376432483,0.4826771653543307
S,val_250k_1m,1,2020,167,91.27414,77.217674,1.2901524907476587,0.5209580838323353
S,val_250k_1m,1,2021,132,-39.433918,-55.962265,-1.9959493072194763,0.42424242424242425
S,val_250k_1m,1,2022,258,-18.662905,-32.232544,-0.81120397085069,0.5271317829457365
S,val_250k_1m,1,2023,220,-25.287464,-38.988014,-0.4935551869690789,0.4318181818181818
S,val_250k_1m,1,2024,181,-1.9794241,-13.881313,0.10585438903041194,0.44751381215469616
S,val_250k_1m,1,2025,259,3.096712,-9.057631,0.09955093107428944,0.4980694980694981
S,val_250k_1m,1,2026Q1,53,3.6877732,-8.697461,0.28522502334866945,0.5471698113207547
S,val_250k_1m,5,2020-23,777,-69.17795,-83.391914,-1.751728435378274,0.44015444015444016
S,val_250k_1m,5,2024-01..2025-06,307,-59.994568,-72.15238,-2.4849585477709057,0.4364820846905538
S,val_250k_1m,5,2025-07..2026-03,186,71.07343,59.104702,0.29003405570983887,0.5376344086021505
S,val_250k_1m,5,full 2020-01..2026-03,1270,-46.417267,-59.805378,-2.353026336178976,0.45354330708661417
S,val_250k_1m,5,2020,167,-28.783728,-42.840183,0.490212538162062,0.47305389221556887
S,val_250k_1m,5,2021,132,-120.64457,-137.17291,-1.9266786971992589,0.4318181818181818
S,val_250k_1m,5,2022,258,-48.53106,-62.1007,-1.318099504233813,0.45348837209302323
S,val_250k_1m,5,2023,220,-93.17401,-106.874565,-0.642158215584147,0.40454545454545454
S,val_250k_1m,5,2024,181,-96.61873,-108.52062,-2.443192166201744,0.40331491712707185
S,val_250k_1m,5,2025,259,38.73489,26.580547,-0.2715450746352035,0.5212355212355212
S,val_250k_1m,5,2026Q1,53,42.584515,30.199278,1.628296859276581,0.49056603773584906
S,val_250k_1m,20,2020-23,777,-203.00845,-217.22244,-2.874773985628547,0.39768339768339767
S,val_250k_1m,20,2024-01..2025-06,307,-172.69312,-184.85094,-1.8073883201676415,0.3941368078175896
S,val_250k_1m,20,2025-07..2026-03,186,119.49484,107.5261,0.2315799593925476,0.5053763440860215
S,val_250k_1m,20,full 2020-01..2026-03,1270,-148.4475,-161.8356,-3.1862242403538765,0.4125984251968504
S,val_250k_1m,20,2020,167,-7.4977503,-21.554224,-0.25881964118541895,0.41916167664670656
S,val_250k_1m,20,2021,132,-349.08173,-365.61002,-3.2784682568145116,0.32575757575757575
S,val_250k_1m,20,2022,258,-137.60756,-151.1772,-1.1065573656505858,0.45348837209302323
S,val_250k_1m,20,2023,220,-340.47235,-354.17288,-2.0523345418952808,0.35909090909090907
S,val_250k_1m,20,2024,181,-286.63602,-298.5379,-2.11725592994558,0.3314917127071823
S,val_250k_1m,20,2025,259,33.030296,20.87594,-0.14767960097637936,0.4864864864864865
S,val_250k_1m,20,2026Q1,53,236.51923,224.13397,2.1357529248635987,0.5471698113207547
S,val_250k_1m,60,2020-23,777,-156.51837,-170.73236,-1.9412425203880252,0.462033462033462
S,val_250k_1m,60,2024-01..2025-06,307,-21.026297,-33.184097,-0.5492644311428843,0.44299674267100975
S,val_250k_1m,60,2025-07..2026-03,186,382.92612,370.9574,1.0381439924240112,0.4838709677419355
S,val_250k_1m,60,full 2020-01..2026-03,1270,-44.760303,-58.14842,-1.6356177691286349,0.46062992125984253
S,val_250k_1m,60,2020,167,947.359,933.3026,1.0166691433442316,0.688622754491018
S,val_250k_1m,60,2021,132,-1023.55695,-1040.0853,-3.2950303600177513,0.3333333333333333
S,val_250k_1m,60,2022,258,-274.3253,-287.8949,-0.9638833110606886,0.4728682170542636
S,val_250k_1m,60,2023,220,-336.08313,-349.78366,-1.6294085290015163,0.35454545454545455
S,val_250k_1m,60,2024,181,-156.82857,-168.73042,-1.2036675181146417,0.4419889502762431
S,val_250k_1m,60,2025,259,150.673,138.51865,0.47463971571097624,0.4362934362934363
S,val_250k_1m,60,2026Q1,53,1021.3369,1008.9516,1.864526779063625,0.6226415094339622
S,val_gt1m,1,2020-23,499,35.665997,21.729828,0.2480223889626606,0.49498997995991983
S,val_gt1m,1,2024-01..2025-06,219,7.346183,-4.8545523,-0.5885321862851506,0.4657534246575342
S,val_gt1m,1,2025-07..2026-03,103,27.076342,15.255968,-0.6845976412296295,0.5242718446601942
S,val_gt1m,1,full 2020-01..2026-03,821,27.034117,13.826312,-0.4188941324706271,0.49086479902557856
S,val_gt1m,1,2020,113,96.33436,81.09998,1.0413563051184098,0.5309734513274337
S,val_gt1m,1,2021,74,-42.715645,-60.89187,-1.8173681553329288,0.5
S,val_gt1m,1,2022,138,62.028076,48.47301,1.0505285094935848,0.5652173913043478
S,val_gt1m,1,2023,174,8.693299,-2.8988035,0.8912144068042437,0.41379310344827586
S,val_gt1m,1,2024,155,9.083909,-3.192394,-0.22920489082574694,0.45806451612903226
S,val_gt1m,1,2025,131,13.569439,1.7722553,-0.8765263879729164,0.5343511450381679
S,val_gt1m,1,2026Q1,36,33.668743,21.413176,-0.10446989926397791,0.4166666666666667
S,val_gt1m,5,2020-23,499,-16.168737,-30.10491,-0.41027122023236084,0.46893787575150303
S,val_gt1m,5,2024-01..2025-06,219,-26.586105,-38.78684,-0.47054308486655483,0.4657534246575342
S,val_gt1m,5,2025-07..2026-03,103,-27.287653,-39.108032,-0.7012191563844681,0.46601941747572817
S,val_gt1m,5,full 2020-01..2026-03,821,-20.342487,-33.55029,-0.8752081384634718,0.46772228989037756
S,val_gt1m,5,2020,113,-28.273401,-43.507797,-0.6533189439569858,0.48672566371681414
S,val_gt1m,5,2021,74,-87.85436,-106.03058,-1.0202847541453728,0.40540540540540543
S,val_gt1m,5,2022,138,-124.774994,-138.33006,-0.5041428913069759,0.4927536231884058
S,val_gt1m,5,2023,174,108.31536,96.72324,1.3550211240403944,0.46551724137931033
S,val_gt1m,5,2024,155,-57.755135,-70.03144,-0.44400427435455414,0.43870967741935485
S,val_gt1m,5,2025,131,75.90631,64.109116,-0.3881170869178394,0.4961832061068702
S,val_gt1m,5,2026Q1,36,-267.3518,-279.60733,-1.0196250615801483,0.4722222222222222
S,val_gt1m,20,2020-23,499,-181.06502,-195.00117,-2.451798315125413,0.4168336673346693
S,val_gt1m,20,2024-01..2025-06,219,-263.2088,-275.40952,-2.572112498520037,0.3744292237442922
S,val_gt1m,20,2025-07..2026-03,103,197.88945,186.06903,0.21297293901443481,0.4563106796116505
S,val_gt1m,20,full 2020-01..2026-03,821,-155.4343,-168.6421,-2.7606956938330787,0.4104750304506699
S,val_gt1m,20,2020,113,22.634005,7.3995976,-0.4556330850577102,0.48672566371681414
S,val_gt1m,20,2021,74,-636.4972,-654.67334,-4.328739496531486,0.3108108108108108
S,val_gt1m,20,2022,138,-197.68587,-211.24097,-0.4872617818398013,0.4492753623188406
S,val_gt1m,20,2023,174,-106.480675,-118.07276,-0.46688827645045206,0.39080459770114945
S,val_gt1m,20,2024,155,-300.78696,-313.06326,-1.9863937791362138,0.3548387096774194
S,val_gt1m,20,2025,131,19.884583,8.087395,-0.8656523006653899,0.45038167938931295
S,val_gt1m,20,2026Q1,36,187.69398,175.43843,0.9291108023856061,0.4166666666666667
S,val_gt1m,60,2020-23,499,-128.0149,-141.95108,-1.5036138288281506,0.42084168336673344
S,val_gt1m,60,2024-01..2025-06,219,-57.103058,-69.303764,0.009878915397029602,0.3881278538812785
S,val_gt1m,60,2025-07..2026-03,103,417.9138,406.09354,0.4449044466018677,0.39805825242718446
S,val_gt1m,60,full 2020-01..2026-03,821,-40.608864,-53.816685,-0.9780372654003922,0.4092570036540804
S,val_gt1m,60,2020,113,1188.791,1173.5566,1.7923756147468675,0.5575221238938053
S,val_gt1m,60,2021,74,-974.88043,-993.05646,-3.138886601457593,0.2972972972972973
S,val_gt1m,60,2022,138,-517.2901,-530.8452,-0.4759323621286876,0.463768115942029
S,val_gt1m,60,2023,174,-314.28528,-325.87738,-1.891028869679219,0.3505747126436782
S,val_gt1m,60,2024,155,-397.9458,-410.22208,-1.879157500653372,0.38064516129032255
S,val_gt1m,60,2025,131,959.2877,947.49023,1.1365119505957941,0.4198473282442748
S,val_gt1m,60,2026Q1,36,-929.0421,-941.2977,-0.749335132059946,0.3333333333333333
S,rel_lt5,1,2020-23,2224,-3.2478793,-16.875008,0.8812255876887047,0.4658273381294964
S,rel_lt5,1,2024-01..2025-06,909,21.81066,9.582068,1.7105341036463337,0.47964796479647964
S,rel_lt5,1,2025-07..2026-03,435,32.480537,20.466116,1.4454211592674255,0.5149425287356322
S,rel_lt5,1,full 2020-01..2026-03,3568,7.4920516,-5.582163,1.9089977492111023,0.47533632286995514
S,rel_lt5,1,2020,483,3.9718006,-10.129135,0.9102430788288204,0.5093167701863354
S,rel_lt5,1,2021,342,4.2993927,-10.817267,0.3989909935583879,0.4473684210526316
S,rel_lt5,1,2022,639,-5.9905176,-19.691118,-0.2834358266468284,0.48826291079812206
S,rel_lt5,1,2023,760,-8.926466,-21.520416,0.4706637517175165,0.4276315789473684
S,rel_lt5,1,2024,581,20.764929,8.5419035,1.1860945057410297,0.47160068846815834
S,rel_lt5,1,2025,603,26.59551,14.597478,1.3623597134467194,0.5008291873963516
S,rel_lt5,1,2026Q1,160,36.583786,24.048336,1.7238195168149002,0.525
S,rel_lt5,5,2020-23,2224,-37.340553,-50.967686,-0.19119051970777898,0.44694244604316546
S,rel_lt5,5,2024-01..2025-06,909,3.0910168,-9.137572,0.021531313544569938,0.46974697469746973
S,rel_lt5,5,2025-07..2026-03,435,96.58029,84.56588,1.2772803604602814,0.5517241379310345
S,rel_lt5,5,full 2020-01..2026-03,3568,-10.712785,-23.787003,0.29293353484475276,0.46552690582959644
S,rel_lt5,5,2020,483,6.710703,-7.39023,0.8917374118958599,0.4616977225672878
S,rel_lt5,5,2021,342,1.2917145,-13.824949,0.1660761450546541,0.4590643274853801
S,rel_lt5,5,2022,639,-73.56008,-87.26069,-1.7691885050810947,0.4647887323943662
S,rel_lt5,5,2023,760,-52.267796,-64.86175,-0.140307368797802,0.41710526315789476
S,rel_lt5,5,2024,581,-29.088638,-41.31167,-0.8460666065382046,0.4509466437177281
S,rel_lt5,5,2025,603,65.31211,53.31408,1.1713608555929842,0.527363184079602
S,rel_lt5,5,2026Q1,160,139.62163,127.086174,1.288097326444697,0.54375
S,rel_lt5,20,2020-23,2224,-122.326324,-135.95346,-0.7240190427259324,0.4199640287769784
S,rel_lt5,20,2024-01..2025-06,909,-92.645744,-104.874344,-1.5403643483222647,0.38063806380638066
S,rel_lt5,20,2025-07..2026-03,435,228.90063,216.8862,1.2032576501369476,0.5494252873563218
S,rel_lt5,20,full 2020-01..2026-03,3568,-71.94421,-85.018425,-0.7117953085691494,0.4257286995515695
S,rel_lt5,20,2020,483,37.94542,23.844494,0.6859384700653276,0.42650103519668736
S,rel_lt5,20,2021,342,-116.93713,-132.05377,-0.474109690416788,0.4444444444444444
S,rel_lt5,20,2022,639,-160.79625,-174.49686,-1.606937686474637,0.4444444444444444
S,rel_lt5,20,2023,760,-194.26326,-206.85718,-1.0090104120529675,0.38421052631578945
S,rel_lt5,20,2024,581,-99.96394,-112.18699,-1.2530317243122324,0.35972461273666095
S,rel_lt5,20,2025,603,27.096998,15.098968,-0.20686495442918124,0.46102819237147596
S,rel_lt5,20,2026Q1,160,356.85223,344.31677,1.7058600835850075,0.6125
S,rel_lt5,60,2020-23,2224,-75.23981,-88.86695,-0.2917675166214127,0.43210431654676257
S,rel_lt5,60,2024-01..2025-06,909,-129.57999,-141.80858,-1.5376714175835096,0.39823982398239827
S,rel_lt5,60,2025-07..2026-03,435,256.17236,244.15794,0.8954626321792603,0.4735632183908046
S,rel_lt5,60,full 2020-01..2026-03,3568,-48.678963,-61.753178,-0.4183995243565105,0.4285313901345291
S,rel_lt5,60,2020,483,630.7463,616.6454,1.9582801390772469,0.4720496894409938
S,rel_lt5,60,2021,342,-332.1993,-347.31598,-1.624498619970294,0.4269005847953216
S,rel_lt5,60,2022,639,-292.35355,-306.05417,-1.4587189107121143,0.4757433489827856
S,rel_lt5,60,2023,760,-225.7338,-238.32776,-1.3979844540663917,0.37236842105263157
S,rel_lt5,60,2024,581,-19.03122,-31.254238,-0.41943279106540476,0.43717728055077454
S,rel_lt5,60,2025,603,-87.595955,-99.59398,-0.7206863047931349,0.3963515754560531
S,rel_lt5,60,2026Q1,160,359.52658,346.99112,1.0064556777463878,0.46875
S,rel_5_25,1,2020-23,1515,18.867617,5.258704,1.4324600494679867,0.4976897689768977
S,rel_5_25,1,2024-01..2025-06,460,-6.7751617,-18.850561,-1.585040471359146,0.4543478260869565
S,rel_5_25,1,2025-07..2026-03,250,41.40911,29.42563,1.6365053057670593,0.564
S,rel_5_25,1,full 2020-01..2026-03,2225,16.09894,2.9897032,0.8093728336003949,0.49617977528089885
S,rel_5_25,1,2020,394,60.187817,46.45465,2.7391533763346225,0.49746192893401014
S,rel_5_25,1,2021,289,-10.971387,-26.035713,-0.08110821367836266,0.48788927335640137
S,rel_5_25,1,2022,405,14.272033,0.7943822,-0.0335018939500938,0.5135802469135803
S,rel_5_25,1,2023,427,5.295076,-7.3386426,1.222969668324708,0.4894613583138173
S,rel_5_25,1,2024,276,-4.7516584,-16.785946,-1.2413504169471958,0.4528985507246377
S,rel_5_25,1,2025,356,9.888836,-2.1056616,0.6622668115646753,0.5112359550561798
S,rel_5_25,1,2026Q1,78,64.44532,52.149837,0.5443432554295141,0.5512820512820513
S,rel_5_25,5,2020-23,1515,6.2201977,-7.388716,1.73099106669532,0.48250825082508253
S,rel_5_25,5,2024-01..2025-06,460,-12.949216,-25.024612,-1.2569692339629528,0.4608695652173913
S,rel_5_25,5,2025-07..2026-03,250,112.30809,100.3246,2.1818591952323914,0.556
S,rel_5_25,5,full 2020-01..2026-03,2225,14.177074,1.0678285,1.6948059487291633,0.48629213483146067
S,rel_5_25,5,2020,394,-2.6184292,-16.351597,0.7579009148188255,0.46954314720812185
S,rel_5_25,5,2021,289,-39.908436,-54.972763,0.8852470281414729,0.4532871972318339
S,rel_5_25,5,2022,405,42.288868,28.811214,0.2608720696741428,0.5358024691358024
S,rel_5_25,5,2023,427,11.385969,-1.2477443,1.472767058726656,0.4637002341920375
S,rel_5_25,5,2024,276,-23.981155,-36.015446,-1.2817078064831466,0.427536231884058
S,rel_5_25,5,2025,356,48.334064,36.339565,0.7471806009191083,0.5196629213483146
S,rel_5_25,5,2026Q1,78,147.84941,135.55394,1.2061050769812325,0.6153846153846154
S,rel_5_25,20,2020-23,1515,-12.49353,-26.102444,0.2832343829664068,0.464026402640264
S,rel_5_25,20,2024-01..2025-06,460,82.54077,70.46538,0.9805641955025969,0.4543478260869565
S,rel_5_25,20,2025-07..2026-03,250,244.8,232.81653,2.086172103881836,0.604
S,rel_5_25,20,full 2020-01..2026-03,2225,36.0634,22.95416,1.1037944513662636,0.47775280898876404
S,rel_5_25,20,2020,394,25.695017,11.961835,0.5376833544306674,0.4847715736040609
S,rel_5_25,20,2021,289,-214.80264,-229.86693,-1.1310409415501752,0.36678200692041524
S,rel_5_25,20,2022,405,60.359123,46.881477,0.09178196711690349,0.4839506172839506
S,rel_5_25,20,2023,427,20.095968,7.462242,0.7505201525779317,0.4918032786885246
S,rel_5_25,20,2024,276,28.630388,16.5961,0.4911065816072645,0.45652173913043476
S,rel_5_25,20,2025,356,167.17851,155.18402,1.6070611594492863,0.5028089887640449
S,rel_5_25,20,2026Q1,78,407.0669,394.7714,1.6863683879054963,0.7051282051282052
S,rel_5_25,60,2020-23,1515,119.24659,105.63767,0.16849900537210968,0.46864686468646866
S,rel_5_25,60,2024-01..2025-06,460,142.83372,130.75832,1.0115704518403033,0.4543478260869565
S,rel_5_25,60,2025-07..2026-03,250,302.96234,290.97888,0.9741573929786682,0.448
S,rel_5_25,60,full 2020-01..2026-03,2225,144.76524,131.65602,0.810434058524128,0.4633707865168539
S,rel_5_25,60,2020,394,834.4233,820.6901,2.0225412151326827,0.5228426395939086
S,rel_5_25,60,2021,289,-592.47253,-607.53687,-1.8666683538011863,0.3806228373702422
S,rel_5_25,60,2022,405,296.747,283.26935,0.964959157104852,0.5654320987654321
S,rel_5_25,60,2023,427,-227.3119,-239.94562,-1.2555099590584318,0.3864168618266979
S,rel_5_25,60,2024,276,-13.826646,-25.860909,0.10491937289556572,0.4492753623188406
S,rel_5_25,60,2025,356,418.28598,406.29153,2.1589848399399045,0.46348314606741575
S,rel_5_25,60,2026Q1,78,-46.78941,-59.084854,-0.6334484670534044,0.41025641025641024
S,rel_gt25,1,2020-23,1767,4.5622964,-9.524097,1.0911689783744254,0.4917940011318619
S,rel_gt25,1,2024-01..2025-06,537,-4.7623444,-16.696215,-0.41650969764739104,0.46741154562383613
S,rel_gt25,1,2025-07..2026-03,295,-1.8264883,-13.439063,-0.351914718747139,0.5254237288135594
S,rel_gt25,1,full 2020-01..2026-03,2599,1.9104979,-11.450355,0.47102071740399853,0.49057329742208544
S,rel_gt25,1,2020,469,-7.342026,-21.858541,0.5121732287623285,0.5202558635394456
S,rel_gt25,1,2021,393,-24.312256,-39.111275,-1.1943974438565506,0.4580152671755725
S,rel_gt25,1,2022,472,29.44114,15.834393,1.967657064948015,0.5169491525423728
S,rel_gt25,1,2023,433,16.543846,3.0472682,1.2059130537932328,0.46420323325635104
S,rel_gt25,1,2024,336,-11.423028,-23.29456,-0.30641602100370413,0.44642857142857145
S,rel_gt25,1,2025,398,16.162893,4.3722644,0.118209139008174,0.5326633165829145
S,rel_gt25,1,2026Q1,98,-58.070282,-69.83245,-6.781258414803263,0.4489795918367347
S,rel_gt25,5,2020-23,1767,-19.139557,-33.22595,-0.1486889099535182,0.45161290322580644
S,rel_gt25,5,2024-01..2025-06,537,-42.70665,-54.640522,-0.6611882112024136,0.4692737430167598
S,rel_gt25,5,2025-07..2026-03,295,81.25131,69.63874,0.5856377631425858,0.5694915254237288
S,rel_gt25,5,full 2020-01..2026-03,2599,-12.614053,-25.974909,-0.1923065125354012,0.46864178530203926
S,rel_gt25,5,2020,469,-40.675392,-55.19191,0.6024416776285766,0.464818763326226
S,rel_gt25,5,2021,393,-58.01289,-72.8119,-1.1880364176583806,0.43256997455470736
S,rel_gt25,5,2022,472,13.01765,-0.589101,-0.2404843690222398,0.4766949152542373
S,rel_gt25,5,2023,433,4.4154625,-9.081114,0.43309235021992987,0.42725173210161665
S,rel_gt25,5,2024,336,-51.053127,-62.924664,-0.4147795581907222,0.44047619047619047
S,rel_gt25,5,2025,398,56.474922,44.684284,0.7140137571058311,0.5527638190954773
S,rel_gt25,5,2026Q1,98,-43.749985,-55.512154,-1.0853341576543383,0.5306122448979592
S,rel_gt25,20,2020-23,1767,-56.816216,-70.9026,0.12474479274532319,0.43067345783814376
S,rel_gt25,20,2024-01..2025-06,537,-92.08024,-104.01411,-0.507677882836094,0.4059590316573557
S,rel_gt25,20,2025-07..2026-03,295,112.70375,101.09117,0.7866034805774689,0.49491525423728816
S,rel_gt25,20,full 2020-01..2026-03,2599,-44.86099,-58.22185,0.05360806221810578,0.43285879184301657
S,rel_gt25,20,2020,469,29.998554,15.482052,1.3636338802135426,0.44776119402985076
S,rel_gt25,20,2021,393,-250.84085,-265.6399,-2.259178616383724,0.36895674300254455
S,rel_gt25,20,2022,472,-14.345799,-27.952555,0.6802903041430378,0.4639830508474576
S,rel_gt25,20,2023,433,-21.043617,-34.540188,-0.5591089094422264,0.43187066974595845
S,rel_gt25,20,2024,336,-158.8535,-170.72502,-0.5189907746042266,0.39285714285714285
S,rel_gt25,20,2025,398,61.511864,49.721226,0.3652879301545354,0.4547738693467337
S,rel_gt25,20,2026Q1,98,129.52625,117.76408,1.0707390532688172,0.5204081632653061
S,rel_gt25,60,2020-23,1767,91.250946,77.164536,0.3891617033843846,0.4533106960950764
S,rel_gt25,60,2024-01..2025-06,537,7.517147,-4.4167376,0.1492820142780929,0.4059590316573557
S,rel_gt25,60,2025-07..2026-03,295,54.31618,42.70363,-0.10591444373130798,0.4101694915254237
S,rel_gt25,60,full 2020-01..2026-03,2599,69.75775,56.396896,0.36169338641350257,0.4386302424009234
S,rel_gt25,60,2020,469,999.1059,984.58936,2.964845455869686,0.5756929637526652
S,rel_gt25,60,2021,393,-544.7748,-559.5738,-3.9120561987748985,0.366412213740458
S,rel_gt25,60,2022,472,80.13835,66.531586,0.8142941504607967,0.4978813559322034
S,rel_gt25,60,2023,433,-302.69992,-316.1965,-2.2629170807298755,0.3510392609699769
S,rel_gt25,60,2024,336,-204.25334,-216.12491,-1.159565366697879,0.40476190476190477
S,rel_gt25,60,2025,398,363.091,351.30035,1.8356537182676016,0.4321608040201005
S,rel_gt25,60,2026Q1,98,-569.60315,-581.36536,-1.6642950127301213,0.3163265306122449
S,opportunistic,1,2020-23,5334,6.1247654,-7.6627016,1.6349557278926967,0.4844394450693663
S,opportunistic,1,2024-01..2025-06,1859,7.499808,-4.607117,0.43866786587967505,0.47283485745024206
S,opportunistic,1,2025-07..2026-03,947,25.685638,13.828794,1.9792436957359314,0.5332629355860612
S,opportunistic,1,full 2020-01..2026-03,8140,8.714488,-4.46457,2.1217101452392595,0.48746928746928747
S,opportunistic,1,2020,1300,17.888184,3.7433157,1.8554855840570368,0.5092307692307693
S,opportunistic,1,2021,982,-10.567723,-25.637941,-0.6401130653936781,0.4663951120162933
S,opportunistic,1,2022,1484,11.823386,-1.8022712,0.8085216856576728,0.5060646900269542
S,opportunistic,1,2023,1568,1.4326904,-11.408248,1.2353234698008357,0.45471938775510207
S,opportunistic,1,2024,1162,4.7871537,-7.28196,0.3021745797909213,0.4629948364888124
S,opportunistic,1,2025,1322,20.326036,8.3886795,1.325527394746385,0.5143721633888049
S,opportunistic,1,2026Q1,322,18.114134,5.9100723,1.642847261489842,0.515527950310559
S,opportunistic,5,2020-23,5334,-18.304417,-32.09188,0.23215657629246572,0.45913010873640797
S,opportunistic,5,2024-01..2025-06,1859,-13.898273,-26.0052,-0.5273193784500955,0.46637977407208175
S,opportunistic,5,2025-07..2026-03,947,96.46939,84.61255,2.0860769748687744,0.5575501583949314
S,opportunistic,5,full 2020-01..2026-03,8140,-3.9454713,-17.124533,0.6075393641738166,0.4722358722358722
S,opportunistic,5,2020,1300,-13.107427,-27.252295,1.0032113117753791,0.46615384615384614
S,opportunistic,5,2021,982,-31.628996,-46.699207,-0.5527896947446692,0.4480651731160896
S,opportunistic,5,2022,1484,-12.474499,-26.100155,-0.9267165003554517,0.4871967654986523
S,opportunistic,5,2023,1568,-19.785892,-32.62682,0.4326022781374384,0.4336734693877551
S,opportunistic,5,2024,1162,-35.798237,-47.867348,-0.6597314860534417,0.4406196213425129
S,opportunistic,5,2025,1322,60.23658,48.29923,1.2086157285451908,0.5332829046898638
S,opportunistic,5,2026Q1,322,85.355316,73.15126,2.479481658062024,0.5527950310559007
S,opportunistic,20,2020-23,5334,-69.19193,-82.979385,-0.2968361803071224,0.4360704911886014
S,opportunistic,20,2024-01..2025-06,1859,-48.19492,-60.301846,-0.9140402209423052,0.40774610005379236
S,opportunistic,20,2025-07..2026-03,947,200.68082,188.82397,2.0558531284332275,0.5469904963041182
S,opportunistic,20,full 2020-01..2026-03,8140,-32.999924,-46.178986,-0.15211940162617446,0.4425061425061425
S,opportunistic,20,2020,1300,38.84,24.695133,1.0200800326497796,0.4553846153846154
S,opportunistic,20,2021,982,-198.18573,-213.25594,-1.5736514992176354,0.3910386965376782
S,opportunistic,20,2022,1484,-54.70783,-68.333496,-0.35754351109658333,0.45956873315363883
S,opportunistic,20,2023,1568,-91.68173,-104.52267,-0.3650836216120348,0.4260204081632653
S,opportunistic,20,2024,1162,-87.0978,-99.16689,-1.122104636629075,0.39328743545611017
S,opportunistic,20,2025,1322,79.95177,68.01441,0.5225707682011419,0.4735249621785174
S,opportunistic,20,2026Q1,322,298.01785,285.8138,3.475615986215159,0.5993788819875776
S,opportunistic,60,2020-23,5334,35.66328,21.875835,0.015905854602282544,0.44844394450693664
S,opportunistic,60,2024-01..2025-06,1859,-16.19292,-28.299845,-0.6518895838231218,0.41581495427649273
S,opportunistic,60,2025-07..2026-03,947,207.3722,195.51532,0.9451197981834412,0.4424498416050686
S,opportunistic,60,full 2020-01..2026-03,8140,43.796906,30.617851,0.11510334299616022,0.4402948402948403
S,opportunistic,60,2020,1300,834.734,820.58905,3.067581371550765,0.5238461538461539
S,opportunistic,60,2021,982,-497.3258,-512.396,-3.899958737930923,0.3859470468431772
S,opportunistic,60,2022,1484,-15.206138,-28.831772,-0.24175523216432326,0.5067385444743935
S,opportunistic,60,2023,1568,-244.88924,-257.7302,-1.6105256294185826,0.36989795918367346
S,opportunistic,60,2024,1162,-63.212063,-75.281166,-1.2605221772183142,0.43373493975903615
S,opportunistic,60,2025,1322,183.91632,171.97894,1.2867281804666053,0.42133131618759456
S,opportunistic,60,2026Q1,322,-10.578084,-22.782125,-0.7314716071857799,0.40683229813664595
S,routine,1,2020-23,175,-18.287668,-31.464329,-2.019067873534536,0.44
S,routine,1,2024-01..2025-06,50,16.301357,4.1746187,0.4771965128130301,0.4
S,routine,1,2025-07..2026-03,33,-11.569803,-24.279476,-0.7964554026313382,0.45454545454545453
S,routine,1,full 2020-01..2026-03,258,-10.725107,-23.63856,-1.6018070552543442,0.43410852713178294
S,routine,1,2020,46,-23.166744,-37.113182,-1.326240771213631,0.5217391304347826
S,routine,1,2021,44,-20.988813,-33.797832,-1.3009184026874279,0.38636363636363635
S,routine,1,2022,33,-48.6386,-61.52819,-0.7464044039626702,0.42424242424242425
S,routine,1,2023,52,7.5751886,-5.413785,-0.5073912319514994,0.4230769230769231
S,routine,1,2024,33,46.118767,33.692093,0.881129679332978,0.3939393939393939
S,routine,1,2025,36,-12.36548,-24.253561,-0.6389213426443506,0.4722222222222222
S,routine,1,2026Q1,14,-45.964123,-59.37163,-2.134539668677915,0.35714285714285715
S,routine,5,2020-23,175,-53.803665,-66.98033,-0.9900540883603947,0.42857142857142855
S,routine,5,2024-01..2025-06,50,7.009864,-5.11687,0.12724359314496245,0.52
S,routine,5,2025-07..2026-03,33,81.88105,69.17139,-0.11092828203441416,0.5757575757575758
S,routine,5,full 2020-01..2026-03,258,-24.663074,-37.576534,-0.8813814862984386,0.46511627906976744
S,routine,5,2020,46,3.7502205,-10.196203,-0.010629649725645198,0.43478260869565216
S,routine,5,2021,44,-48.080414,-60.889427,-1.036729420959631,0.4318181818181818
S,routine,5,2022,33,-168.0928,-180.9824,-1.6009209599173158,0.48484848484848486
S,routine,5,2023,52,-37.02982,-50.0188,-0.5384505180382078,0.38461538461538464
S,routine,5,2024,33,25.835272,13.408596,0.3982126802173508,0.5151515151515151
S,routine,5,2025,36,2.783338,-9.10474,0.1949974130552638,0.5277777777777778
S,routine,5,2026Q1,14,149.98598,136.57846,-0.5650596151238885,0.6428571428571429
S,routine,20,2020-23,175,-115.37112,-128.54778,-1.1332016805697154,0.4228571428571429
S,routine,20,2024-01..2025-06,50,-93.12597,-105.25272,-0.39679647863393613,0.34
S,routine,20,2025-07..2026-03,33,120.44397,107.734314,0.6577370586589476,0.5454545454545454
S,routine,20,full 2020-01..2026-03,258,-80.89766,-93.81111,-0.9708975777844715,0.42248062015503873
S,routine,20,2020,46,-173.28752,-187.23395,-0.4279691509164456,0.32608695652173914
S,routine,20,2021,44,-87.99062,-100.79966,-0.02567170533537754,0.4772727272727273
S,routine,20,2022,33,-119.185234,-132.07483,-0.7444313657059741,0.5151515151515151
S,routine,20,2023,52,-84.885,-97.87396,-1.10969663505956,0.40384615384615385
S,routine,20,2024,33,-27.221441,-39.648106,-0.26939222111630406,0.36363636363636365
S,routine,20,2025,36,-148.96504,-160.8531,-0.01928691693014115,0.3333333333333333
S,routine,20,2026Q1,14,398.52866,385.12115,1.0502553410229145,0.7857142857142857
S,routine,60,2020-23,175,-78.66454,-91.84117,-0.9031398541718886,0.46285714285714286
S,routine,60,2024-01..2025-06,50,-277.68604,-289.8128,-1.1555453296855485,0.38
S,routine,60,2025-07..2026-03,33,206.58788,193.87819,-0.23017030389211746,0.6060606060606061
S,routine,60,full 2020-01..2026-03,258,-80.748825,-93.66226,-1.2438038007871968,0.46511627906976744
S,routine,60,2020,46,366.0823,352.13586,0.3479511269498177,0.5
S,routine,60,2021,44,-189.17154,-201.9806,-0.7513726411808653,0.5
S,routine,60,2022,33,-199.39163,-212.28123,-0.3537703845002323,0.48484848484848486
S,routine,60,2023,52,-301.97324,-314.9622,-1.909157303962206,0.38461538461538464
S,routine,60,2024,33,-261.02628,-273.45294,-1.3570933226584203,0.36363636363636365
S,routine,60,2025,36,2.4236906,-9.464382,0.3511013181519136,0.5555555555555556
S,routine,60,2026Q1,14,104.265045,90.85754,-0.9832808534351162,0.5
S,noplan,1,2020-23,5344,6.053605,-7.7684774,1.8060071963293776,0.4839071856287425
S,noplan,1,2024-01..2025-06,1872,6.961025,-5.159616,0.38790160752666664,0.4706196581196581
S,noplan,1,2025-07..2026-03,938,26.330235,14.393493,2.11179918050766,0.5330490405117271
S,noplan,1,full 2020-01..2026-03,8154,8.594464,-4.620119,2.233883432800017,0.48650968849644344
S,noplan,1,2020,1278,16.094307,1.8710822,2.519367351928098,0.5093896713615024
S,noplan,1,2021,1001,-11.427866,-26.482206,-0.6763424209598663,0.4645354645354645
S,noplan,1,2022,1473,13.507909,-0.15963191,1.076937375948553,0.506449422946368
S,noplan,1,2023,1592,2.0879927,-10.78025,1.249150997625724,0.4547738693467337
S,noplan,1,2024,1163,4.246448,-7.8522043,0.26814489630049154,0.4591573516766982
S,noplan,1,2025,1326,20.75671,8.793531,1.4048356555853263,0.5158371040723982
S,noplan,1,2026Q1,321,16.407421,4.0940275,1.902572353949643,0.5077881619937694
S,noplan,5,2020-23,5344,-25.596539,-39.418625,-0.32055992251656273,0.4567739520958084
S,noplan,5,2024-01..2025-06,1872,-15.029768,-27.150408,-0.5415978983253283,0.4668803418803419
S,noplan,5,2025-07..2026-03,938,105.827,93.89025,2.647555947303772,0.5650319829424307
S,noplan,5,full 2020-01..2026-03,8154,-8.052233,-21.266817,0.20038852074644944,0.4715477066470444
S,noplan,5,2020,1278,-36.5415,-50.764736,0.19872203563699337,0.4616588419405321
S,noplan,5,2021,1001,-36.278233,-51.332577,-0.6531510785248958,0.44555444555444557
S,noplan,5,2022,1473,-12.698836,-26.366375,-0.841419645388614,0.4860828241683639
S,noplan,5,2023,1592,-22.027617,-34.895855,0.3806425585153862,0.43278894472361806
S,noplan,5,2024,1163,-36.85201,-48.95066,-0.6329402766539807,0.4402407566638005
S,noplan,5,2025,1326,62.72234,50.759163,1.4451358511179697,0.5369532428355958
S,noplan,5,2026Q1,321,96.00956,83.696175,2.9889383781437964,0.5607476635514018
S,noplan,20,2020-23,5344,-93.05535,-106.87744,-0.8949689763210017,0.43319610778443113
S,noplan,20,2024-01..2025-06,1872,-63.711475,-75.83212,-1.1539335920516434,0.4043803418803419
S,noplan,20,2025-07..2026-03,938,220.1435,208.20671,2.718046724796295,0.5501066098081023
S,noplan,20,full 2020-01..2026-03,8154,-50.289562,-63.504143,-0.6285992621267755,0.44002943340691686
S,noplan,20,2020,1278,-38.857086,-53.08031,0.36068329669692323,0.44679186228482004
S,noplan,20,2021,1001,-206.87247,-221.92677,-1.6949822796996488,0.3886113886113886
S,noplan,20,2022,1473,-53.06833,-66.735886,-0.39438556000415903,0.461642905634759
S,noplan,20,2023,1592,-101.997154,-114.86539,-0.49426314342698613,0.4239949748743719
S,noplan,20,2024,1163,-102.39172,-114.49037,-1.2810125999519695,0.3903697334479794
S,noplan,20,2025,1326,78.035385,66.07221,0.807872575015443,0.4698340874811463
S,noplan,20,2026Q1,321,320.35318,308.0398,2.6811243818742323,0.6105919003115264
S,noplan,60,2020-23,5344,-12.290835,-26.112913,-0.5198207587009593,0.44479790419161674
S,noplan,60,2024-01..2025-06,1872,-32.84917,-44.96981,-0.8666094009601761,0.41185897435897434
S,noplan,60,2025-07..2026-03,938,255.77919,243.84251,1.3244614005088806,0.4616204690831556
S,noplan,60,full 2020-01..2026-03,8154,13.826968,0.6123913,-0.3466329871310383,0.4391709590385087
S,noplan,60,2020,1278,685.044,670.8207,2.5409012038881578,0.5156494522691706
S,noplan,60,2021,1001,-510.77667,-525.83105,-3.7428350416823277,0.3836163836163836
S,noplan,60,2022,1473,-1.0450714,-14.712604,-0.21169921561577634,0.5098438560760353
S,noplan,60,2023,1592,-269.0588,-281.92703,-1.787774284913995,0.36620603015075376
S,noplan,60,2024,1163,-77.3053,-89.403946,-1.3784599286160288,0.4282029234737747
S,noplan,60,2025,1326,192.8592,180.89601,1.4579644454121676,0.4298642533936652
S,noplan,60,2026Q1,321,39.258675,26.94531,0.4305351898139318,0.4236760124610592
S,mom_down20,1,2020-23,870,7.9924345,-8.271706,1.0841244999085409,0.4885057471264368
S,mom_down20,1,2024-01..2025-06,205,36.99805,24.022089,0.43069313423238326,0.5463414634146342
S,mom_down20,1,2025-07..2026-03,72,-70.025536,-82.82311,-1.2804130017757416,0.4583333333333333
S,mom_down20,1,full 2020-01..2026-03,1147,8.279144,-7.179703,-0.08720199535438544,0.4969485614646905
S,mom_down20,1,2020,356,11.313029,-3.717448,1.1333104183303704,0.5196629213483146
S,mom_down20,1,2021,107,-45.37764,-65.9201,-0.5525057670368119,0.4392523364485981
S,mom_down20,1,2022,222,13.98444,-2.6968231,0.1525084550584199,0.4954954954954955
S,mom_down20,1,2023,185,25.280218,9.617165,1.4197468122986214,0.4486486486486487
S,mom_down20,1,2024,123,68.488106,55.170036,0.3324455900432366,0.5772357723577236
S,mom_down20,1,2025,123,-42.39466,-54.866955,-0.9997693477496227,0.4878048780487805
S,mom_down20,1,2026Q1,31,-21.50749,-34.71015,-1.200708089777439,0.45161290322580644
S,mom_down20,5,2020-23,870,-26.544006,-42.80814,-0.34991809185831557,0.46091954022988507
S,mom_down20,5,2024-01..2025-06,205,41.020508,28.044546,0.20966334908572504,0.4926829268292683
S,mom_down20,5,2025-07..2026-03,72,151.37326,138.5757,0.48872530460357666,0.5416666666666666
S,mom_down20,5,full 2020-01..2026-03,1147,-3.3000934,-18.758936,-0.06803907019760823,0.47166521360069746
S,mom_down20,5,2020,356,-16.803621,-31.834105,-0.1926060315153647,0.49719101123595505
S,mom_down20,5,2021,107,-237.21985,-257.76227,-0.757647251938817,0.3644859813084112
S,mom_down20,5,2022,222,-33.788,-50.46926,-0.7689803946707203,0.44144144144144143
S,mom_down20,5,2023,185,85.25546,69.59242,1.253351237864437,0.4702702702702703
S,mom_down20,5,2024,123,77.94214,64.62407,0.4294362700157265,0.4959349593495935
S,mom_down20,5,2025,123,23.786238,11.313939,0.16615941962670794,0.5284552845528455
S,mom_down20,5,2026Q1,31,219.20932,206.00668,0.36526387563689894,0.45161290322580644
S,mom_down20,20,2020-23,870,-136.71931,-152.98343,0.36609675865385455,0.3954022988505747
S,mom_down20,20,2024-01..2025-06,205,234.92137,221.94548,1.0059164099657183,0.43902439024390244
S,mom_down20,20,2025-07..2026-03,72,88.30417,75.506584,-0.4215182662010193,0.5
S,mom_down20,20,full 2020-01..2026-03,1147,-56.171772,-71.6306,0.6219206482797502,0.4097646033129904
S,mom_down20,20,2020,356,-153.79715,-168.82767,1.0887518477415954,0.41292134831460675
S,mom_down20,20,2021,107,-853.8872,-874.4298,-2.353182107424446,0.24299065420560748
S,mom_down20,20,2022,222,133.33649,116.65522,0.6383300371786558,0.42792792792792794
S,mom_down20,20,2023,185,-13.128487,-28.79152,-0.3246911033473349,0.41081081081081083
S,mom_down20,20,2024,123,232.14694,218.82886,0.5322407359101557,0.4715447154471545
S,mom_down20,20,2025,123,77.31366,64.84138,0.04683298763390966,0.4065040650406504
S,mom_down20,20,2026Q1,31,530.74615,517.54346,9.392740322397506,0.5806451612903226
S,mom_down20,60,2020-23,870,74.52887,58.26474,0.2397407534582954,0.44022988505747124
S,mom_down20,60,2024-01..2025-06,205,352.95126,339.97528,0.6372043363230467,0.4292682926829268
S,mom_down20,60,2025-07..2026-03,72,214.44997,201.65242,-0.714923545718193,0.4166666666666667
S,mom_down20,60,full 2020-01..2026-03,1147,133.0737,117.61485,0.307470211832653,0.43679163034001744
S,mom_down20,60,2020,356,1107.8376,1092.8073,1.399523101056208,0.547752808988764
S,mom_down20,60,2021,107,-1805.9451,-1826.4878,-3.726855768677637,0.17757009345794392
S,mom_down20,60,2022,222,-25.29712,-41.978325,-0.39057493210509786,0.49099099099099097
S,mom_down20,60,2023,185,-706.4758,-722.1388,-1.0974454885150955,0.32432432432432434
S,mom_down20,60,2024,123,179.11269,165.79462,-0.7175504422471735,0.4146341463414634
S,mom_down20,60,2025,123,346.0816,333.6093,0.6629929379586512,0.43089430894308944
S,mom_down20,60,2026Q1,31,748.2748,735.07214,1.315987971833729,0.45161290322580644
S,mom_down,1,2020-23,2424,-2.870194,-15.940213,0.23363688408113747,0.4735973597359736
S,mom_down,1,2024-01..2025-06,831,11.730653,-0.15311651,1.0915509878994563,0.46329723225030084
S,mom_down,1,2025-07..2026-03,403,23.852886,12.065353,1.8957359790802002,0.5260545905707196
S,mom_down,1,full 2020-01..2026-03,3658,3.3907971,-9.268445,1.229896130544746,0.47703663203936575
S,mom_down,1,2020,394,7.4905186,-6.1605616,0.18236024049317098,0.47715736040609136
S,mom_down,1,2021,475,-14.606087,-28.96131,-0.7027460222629055,0.4673684210526316
S,mom_down,1,2022,744,0.5391216,-12.408985,0.14963844397052165,0.4932795698924731
S,mom_down,1,2023,811,-4.15762,-16.304443,0.9946518265511599,0.45745992601726265
S,mom_down,1,2024,510,9.191823,-2.6107101,0.776546108277905,0.44509803921568625
S,mom_down,1,2025,568,21.653269,9.8194275,1.6953371096443555,0.5176056338028169
S,mom_down,1,2026Q1,156,15.217948,3.1354258,1.2359734579683872,0.48717948717948717
S,mom_down,5,2020-23,2424,-73.95612,-87.02613,-2.333897316552928,0.4372937293729373
S,mom_down,5,2024-01..2025-06,831,-1.7445915,-13.62836,0.2877606954647824,0.470517448856799
S,mom_down,5,2025-07..2026-03,403,93.953125,82.16559,1.5317494869232178,0.575682382133995
S,mom_down,5,full 2020-01..2026-03,3658,-39.05311,-51.712353,-1.2737740742418644,0.4600874794969929
S,mom_down,5,2020,394,-133.4258,-147.07687,-0.9493338379918856,0.41624365482233505
S,mom_down,5,2021,475,-58.717617,-73.07284,-2.6678675552231406,0.42736842105263156
S,mom_down,5,2022,744,-51.056934,-64.00504,-2.144902726533507,0.4798387096774194
S,mom_down,5,2023,811,-74.99708,-87.1439,-0.42651320736022974,0.41430332922318125
S,mom_down,5,2024,510,-12.321292,-24.123823,0.2941754977227552,0.44509803921568625
S,mom_down,5,2025,568,51.532307,39.698467,0.6333671669133238,0.5369718309859155
S,mom_down,5,2026Q1,156,86.06961,73.98709,2.0889444853553187,0.5833333333333334
S,mom_down,20,2020-23,2424,-148.54353,-161.61356,-1.8770314116567783,0.4273927392739274
S,mom_down,20,2024-01..2025-06,831,-65.54808,-77.43184,-1.0941478238236064,0.4187725631768953
S,mom_down,20,2025-07..2026-03,403,225.4724,213.68484,2.8309773802757263,0.607940446650124
S,mom_down,20,full 2020-01..2026-03,3658,-88.484024,-101.14327,-1.5746491164603438,0.44532531437944234
S,mom_down,20,2020,394,-258.73068,-272.3818,-0.5453776513070206,0.383248730964467
S,mom_down,20,2021,475,-147.08952,-161.44473,-2.264690507785498,0.43157894736842106
S,mom_down,20,2022,744,-90.33122,-103.27933,-1.0718076726338623,0.4583333333333333
S,mom_down,20,2023,811,-149.26718,-161.41399,-0.7479397119413456,0.41800246609124536
S,mom_down,20,2024,510,1.1842859,-10.618239,-0.664159582064022,0.4215686274509804
S,mom_down,20,2025,568,-14.028654,-25.862507,0.3597798327592987,0.47183098591549294
S,mom_down,20,2026Q1,156,280.50775,268.42526,6.109145872369591,0.7051282051282052
S,mom_down,60,2020-23,2424,-136.19699,-149.267,-2.40500102535063,0.4438943894389439
S,mom_down,60,2024-01..2025-06,831,-175.06296,-186.94673,-1.4953741469702801,0.4019253910950662
S,mom_down,60,2025-07..2026-03,403,-24.2628,-36.05031,0.360917329788208,0.4119106699751861
S,mom_down,60,full 2020-01..2026-03,3658,-132.69456,-145.35382,-2.3602635972202357,0.4308365226899945
S,mom_down,60,2020,394,-17.630873,-31.281921,-0.14306370164221313,0.4213197969543147
S,mom_down,60,2021,475,-267.67484,-282.0301,-3.049789906991235,0.42947368421052634
S,mom_down,60,2022,744,-126.20577,-139.15388,-0.8004003952837032,0.4932795698924731
S,mom_down,60,2023,811,-125.95843,-138.10526,-2.247440424730199,0.41800246609124536
S,mom_down,60,2024,510,3.4042854,-8.398257,0.02605283152604239,0.44901960784313727
S,mom_down,60,2025,568,-278.98743,-290.82126,-0.8659236108471442,0.36619718309859156
S,mom_down,60,2026Q1,156,9.445272,-2.6372762,0.6496287951226535,0.40384615384615385
S,mom_up,1,2020-23,2197,14.771265,1.2284927,0.4610154124267209,0.4929449248975876
S,mom_up,1,2024-01..2025-06,873,-2.9502428,-15.066649,-0.21495016020087848,0.46048109965635736
S,mom_up,1,2025-07..2026-03,495,36.438065,24.60372,4.047562837600708,0.5414141414141415
S,mom_up,1,full 2020-01..2026-03,3565,13.440041,0.48377356,0.7742841448091041,0.4917251051893408
S,mom_up,1,2020,589,29.657469,15.78635,-0.1117379446678029,0.5280135823429541
S,mom_up,1,2021,437,2.6324575,-11.698037,0.3343720420291881,0.4691075514874142
S,mom_up,1,2022,549,22.997816,9.72664,1.0187300889904876,0.5227686703096539
S,mom_up,1,2023,622,1.9421791,-10.975956,-0.11097987893308105,0.45016077170418006
S,mom_up,1,2024,562,-10.724689,-22.783363,-0.7369432356610376,0.4501779359430605
S,mom_up,1,2025,659,30.135252,18.197994,1.8565844522361057,0.5128983308042488
S,mom_up,1,2026Q1,147,11.0845175,-1.1059338,3.6212525662904524,0.5374149659863946
S,mom_up,5,2020-23,2197,44.178326,30.635555,0.25772167634124,0.4797451069640419
S,mom_up,5,2024-01..2025-06,873,-37.165916,-49.282326,-1.7278334462050242,0.45933562428407787
S,mom_up,5,2025-07..2026-03,495,93.60276,81.76842,2.994215726852417,0.5454545454545454
S,mom_up,5,full 2020-01..2026-03,3565,31.121264,18.164997,0.2011706958441404,0.4838709677419355
S,mom_up,5,2020,589,75.66661,61.795506,-0.23075501349661479,0.48047538200339557
S,mom_up,5,2021,437,47.5866,33.256115,0.8066194688563358,0.4897025171624714
S,mom_up,5,2022,549,37.250484,23.979298,0.5348926690508762,0.5136612021857924
S,mom_up,5,2023,622,18.080841,5.1627116,0.10695990317331268,0.44212218649517687
S,mom_up,5,2024,562,-78.37725,-90.43592,-2.4797178672309177,0.4288256227758007
S,mom_up,5,2025,659,74.814995,62.877747,1.7551997190735962,0.5295902883156297
S,mom_up,5,2026Q1,147,58.72412,46.533646,1.4510868148953147,0.5510204081632653
S,mom_up,20,2020-23,2197,43.517933,29.975168,0.2553246643064163,0.4597177969959035
S,mom_up,20,2024-01..2025-06,873,-100.73207,-112.84848,-1.8339279377938602,0.38602520045819017
S,mom_up,20,2025-07..2026-03,495,173.0213,161.18694,1.5998404026031494,0.5050505050505051
S,mom_up,20,full 2020-01..2026-03,3565,26.175417,13.219149,0.006904499083980786,0.4479663394109397
S,mom_up,20,2020,589,352.6927,338.82153,0.6121553151271193,0.5212224108658744
S,mom_up,20,2021,437,-81.957436,-96.28793,-0.30955281269412366,0.3890160183066362
S,mom_up,20,2022,549,-90.64462,-103.91578,0.06881689071464751,0.47540983606557374
S,mom_up,20,2023,622,-42.681293,-55.59944,-0.22549618491182163,0.43729903536977494
S,mom_up,20,2024,562,-233.56583,-245.62453,-2.582536373530491,0.3487544483985765
S,mom_up,20,2025,659,160.14687,148.20958,1.0704269639691812,0.48103186646433993
S,mom_up,20,2026Q1,147,159.4128,147.22234,1.1528889475753332,0.5034013605442177
S,mom_up,60,2020-23,2197,188.29344,174.75069,1.347186268255191,0.45607646791078743
S,mom_up,60,2024-01..2025-06,873,33.373833,21.257433,0.17313453323571945,0.4238258877434135
S,mom_up,60,2025-07..2026-03,495,397.84973,386.01535,1.3483644425868988,0.4868686868686869
S,mom_up,60,full 2020-01..2026-03,3565,179.4535,166.49722,1.6248280791093823,0.45245441795231417
S,mom_up,60,2020,589,1176.0061,1162.135,3.2597755221306612,0.5755517826825127
S,mom_up,60,2021,437,-389.60666,-403.93716,-2.293882574845456,0.39816933638443935
S,mom_up,60,2022,549,123.906166,110.63497,0.9980695295827336,0.5282331511839709
S,mom_up,60,2023,622,-284.16925,-297.0874,-0.7155698675965398,0.319935691318328
S,mom_up,60,2024,562,-188.3155,-200.3742,-3.0121453095580075,0.4199288256227758
S,mom_up,60,2025,659,551.6603,539.723,3.111085773366174,0.4795144157814871
S,mom_up,60,2026Q1,147,-215.23698,-227.42744,-0.9263690003281363,0.4013605442176871
S,cluster_opp,1,2020-23,2609,-4.4451256,-18.042135,-0.09011085564233334,0.459563050977386
S,cluster_opp,1,2024-01..2025-06,958,-10.713179,-22.807152,-0.4683207658382724,0.4551148225469729
S,cluster_opp,1,2025-07..2026-03,438,4.8271976,-6.856201,-0.22253304719924927,0.5045662100456622
S,cluster_opp,1,full 2020-01..2026-03,4005,-4.9303985,-17.958597,-0.3998208292501031,0.4634207240948814
S,cluster_opp,1,2020,662,10.640386,-3.5423355,1.3011422049210772,0.5015105740181269
S,cluster_opp,1,2021,377,-25.71214,-40.555065,-1.8247957361306815,0.44297082228116713
S,cluster_opp,1,2022,695,2.4489937,-10.615645,-0.36545158862699584,0.47338129496402875
S,cluster_opp,1,2023,875,-12.1712475,-25.211159,0.5399156756102994,0.424
S,cluster_opp,1,2024,601,-12.976095,-25.06088,-0.368581514972253,0.4425956738768719
S,cluster_opp,1,2025,650,-0.54843056,-12.385855,-0.28478628649748594,0.4907692307692308
S,cluster_opp,1,2026Q1,145,0.042763248,-11.999118,-0.5938611317966411,0.496551724137931
S,cluster_opp,5,2020-23,2609,-24.18139,-37.778397,-0.5395530511759722,0.45381372173246454
S,cluster_opp,5,2024-01..2025-06,958,-21.26019,-33.354164,-0.3864224744148889,0.46450939457202506
S,cluster_opp,5,2025-07..2026-03,438,43.113983,31.430586,0.18856150656938553,0.5228310502283106
S,cluster_opp,5,full 2020-01..2026-03,4005,-16.122993,-29.151194,-0.5661070706429445,0.46392009987515603
S,cluster_opp,5,2020,662,-9.702757,-23.885477,1.2953968917837835,0.4773413897280967
S,cluster_opp,5,2021,377,-60.446217,-75.28915,-1.0331825180825596,0.4270557029177719
S,cluster_opp,5,2022,695,-19.565216,-32.629856,-0.7605651849331835,0.4805755395683453
S,cluster_opp,5,2023,875,-23.177114,-36.217026,-0.33733686456616113,0.42628571428571427
S,cluster_opp,5,2024,601,-33.6858,-45.77059,-0.29404482387855596,0.43594009983361065
S,cluster_opp,5,2025,650,39.16362,27.326195,0.3477054198597967,0.5215384615384615
S,cluster_opp,5,2026Q1,145,-46.16913,-58.211018,-1.591955232088377,0.503448275862069
S,cluster_opp,20,2020-23,2609,-68.19886,-81.79586,-0.4604364005719382,0.4411651973936374
S,cluster_opp,20,2024-01..2025-06,958,-76.224884,-88.31886,-1.1691447690008616,0.39979123173277664
S,cluster_opp,20,2025-07..2026-03,438,61.564697,49.881325,-0.19438156485557556,0.5091324200913242
S,cluster_opp,20,full 2020-01..2026-03,4005,-55.92732,-68.95552,-0.8493577265421517,0.4387016229712859
S,cluster_opp,20,2020,662,9.224646,-4.958091,0.769592649249447,0.4637462235649547
S,cluster_opp,20,2021,377,-142.62411,-157.46704,-1.2294989729080605,0.4005305039787798
S,cluster_opp,20,2022,695,-65.10078,-78.16542,-0.2816570828201406,0.4489208633093525
S,cluster_opp,20,2023,875,-97.16938,-110.20929,-0.7888479809026544,0.43542857142857144
S,cluster_opp,20,2024,601,-124.55247,-136.63725,-1.7391519489470306,0.37437603993344426
S,cluster_opp,20,2025,650,26.183374,14.345936,-0.3026836993348031,0.4584615384615385
S,cluster_opp,20,2026Q1,145,81.23268,69.19082,2.406813889426583,0.5724137931034483
S,cluster_opp,60,2020-23,2609,75.91463,62.317608,-0.6401983402072735,0.44461479494059025
S,cluster_opp,60,2024-01..2025-06,958,2.4084756,-9.685509,-0.14751053481997545,0.418580375782881
S,cluster_opp,60,2025-07..2026-03,438,66.64877,54.96537,0.29466526955366135,0.3812785388127854
S,cluster_opp,60,full 2020-01..2026-03,4005,57.318527,44.29033,-0.5246594204189461,0.4314606741573034
S,cluster_opp,60,2020,662,888.60406,874.4214,1.8120431252054987,0.525679758308157
S,cluster_opp,60,2021,377,-395.84073,-410.68362,-3.384742354591893,0.376657824933687
S,cluster_opp,60,2022,695,29.707296,16.642647,-0.03940243873580475,0.5151079136690647
S,cluster_opp,60,2023,875,-298.98203,-312.02197,-2.7150841988633294,0.3565714285714286
S,cluster_opp,60,2024,601,4.499359,-7.585436,-0.23933290094301737,0.4492512479201331
S,cluster_opp,60,2025,650,174.75053,162.91313,0.9604961665579578,0.38461538461538464
S,cluster_opp,60,2026Q1,145,-584.7758,-596.8176,-3.320705512065669,0.3310344827586207
S,officer_opp,1,2020-23,2161,4.751383,-9.085331,0.1396399978860144,0.4891254049051365
S,officer_opp,1,2024-01..2025-06,657,26.709517,14.413901,1.280280065818449,0.4885844748858447
S,officer_opp,1,2025-07..2026-03,358,35.447964,23.796612,1.9941365718841553,0.5111731843575419
S,officer_opp,1,full 2020-01..2026-03,3176,12.7538595,-0.5177202,1.4455113287173005,0.49149874055415615
S,officer_opp,1,2020,542,9.863401,-3.9630547,0.7564441711659929,0.5129151291512916
S,officer_opp,1,2021,387,-28.186707,-43.784203,-1.869399625554798,0.4573643410852713
S,officer_opp,1,2022,640,13.213629,-0.26712847,-0.0072551019053328164,0.5046875
S,officer_opp,1,2023,592,12.454908,-0.6249647,1.4067666242457266,0.47128378378378377
S,officer_opp,1,2024,397,25.605968,13.400232,0.9593585840264698,0.4659949622166247
S,officer_opp,1,2025,493,40.81199,28.824635,2.7568329306060924,0.5294117647058824
S,officer_opp,1,2026Q1,125,-0.3788376,-12.330528,0.2960321348265106,0.464
S,officer_opp,5,2020-23,2161,-21.41428,-35.25099,0.01157242647505348,0.46830171217029154
S,officer_opp,5,2024-01..2025-06,657,17.99118,5.695562,0.2750104624634031,0.4977168949771689
S,officer_opp,5,2025-07..2026-03,358,78.992744,67.34139,1.705195963382721,0.5418994413407822
S,officer_opp,5,full 2020-01..2026-03,3176,-1.9447886,-15.216373,0.4677447089022793,0.48268261964735515
S,officer_opp,5,2020,542,-40.42292,-54.24937,1.0124696168703347,0.4797047970479705
S,officer_opp,5,2021,387,-40.451176,-56.04867,-1.209630147816849,0.4470284237726098
S,officer_opp,5,2022,640,7.142041,-6.3387117,-0.8139816482080683,0.490625
S,officer_opp,5,2023,592,-22.43807,-35.51794,0.48507545331084334,0.44763513513513514
S,officer_opp,5,2024,397,1.3663411,-10.839398,0.14239833097196716,0.47858942065491183
S,officer_opp,5,2025,493,76.21611,64.22875,1.2785852616744173,0.537525354969574
S,officer_opp,5,2026Q1,125,15.861011,3.909312,1.0619107355813984,0.528
S,officer_opp,20,2020-23,2161,-48.42277,-62.259487,0.1824913143856785,0.44007403979639054
S,officer_opp,20,2024-01..2025-06,657,-10.529558,-22.825182,-0.16961487098999894,0.441400304414003
S,officer_opp,20,2025-07..2026-03,358,198.52655,186.87517,1.6363838911056519,0.5642458100558659
S,officer_opp,20,full 2020-01..2026-03,3176,-12.747803,-26.019379,0.45210104563865827,0.45434508816120905
S,officer_opp,20,2020,542,72.33785,58.511375,1.2145072270772197,0.4797047970479705
S,officer_opp,20,2021,387,-178.88843,-194.48593,-1.7881271533315124,0.40310077519379844
S,officer_opp,20,2022,640,-58.716217,-72.19698,-0.06394815439722307,0.4421875
S,officer_opp,20,2023,592,-62.568413,-75.648285,-0.22295512967642997,0.42567567567567566
S,officer_opp,20,2024,397,-11.1541395,-23.35988,-0.3450912719270375,0.43073047858942065
S,officer_opp,20,2025,493,62.049572,50.06223,0.9412327307003105,0.4847870182555781
S,officer_opp,20,2026Q1,125,303.9386,291.9869,1.1737067388730462,0.656
S,officer_opp,60,2020-23,2161,228.82092,214.98424,1.328671516354196,0.47940768162887554
S,officer_opp,60,2024-01..2025-06,657,-51.163765,-63.459347,-0.6574570771442896,0.4140030441400304
S,officer_opp,60,2025-07..2026-03,358,38.70141,27.05008,0.043078028596937656,0.3994413407821229
S,officer_opp,60,full 2020-01..2026-03,3176,149.47185,136.20026,1.0428724494926378,0.4568639798488665
S,officer_opp,60,2020,542,1239.5859,1225.7594,3.067355692685729,0.5959409594095941
S,officer_opp,60,2021,387,-330.06335,-345.66086,-3.6550321292546855,0.39276485788113696
S,officer_opp,60,2022,640,113.35942,99.87866,0.47584682921940924,0.525
S,officer_opp,60,2023,592,-206.40028,-219.4802,-0.705260648500379,0.38006756756756754
S,officer_opp,60,2024,397,-101.68391,-113.889656,-0.9660570961394627,0.4433249370277078
S,officer_opp,60,2025,493,96.57732,84.58996,0.5241485587292054,0.38742393509127787
S,officer_opp,60,2026Q1,125,-216.02856,-227.98026,-1.0316272334980359,0.384
S,cluster_down,1,2020-23,1695,-9.358987,-22.907099,-0.7713384084478736,0.4648967551622419
S,cluster_down,1,2024-01..2025-06,535,5.554882,-6.548818,0.5185297058767092,0.47102803738317756
S,cluster_down,1,2025-07..2026-03,212,1.5752467,-10.322819,-0.6813160926103592,0.49528301886792453
S,cluster_down,1,full 2020-01..2026-03,2442,-5.1423707,-18.23079,-0.3927969488145944,0.4688779688779689
S,cluster_down,1,2020,420,13.125824,-1.0467256,0.3344576007480347,0.5095238095238095
S,cluster_down,1,2021,239,-34.013954,-49.06325,-1.5832258166666053,0.4435146443514644
S,cluster_down,1,2022,464,-6.0406175,-19.150684,-0.7310375934855915,0.47844827586206895
S,cluster_down,1,2023,572,-18.259005,-31.076702,0.5700541795390677,0.43006993006993005
S,cluster_down,1,2024,332,13.357722,1.1792243,0.5418819517601062,0.4578313253012048
S,cluster_down,1,2025,327,-6.6733327,-18.51134,-0.8248050971426303,0.5015290519877675
S,cluster_down,1,2026Q1,88,11.968524,-0.3448789,3.6390434114203436,0.4659090909090909
S,cluster_down,5,2020-23,1695,-57.349293,-70.8974,-1.6012381078923346,0.4353982300884956
S,cluster_down,5,2024-01..2025-06,535,-10.159274,-22.262976,-0.009423446917518022,0.4654205607476635
S,cluster_down,5,2025-07..2026-03,212,75.480194,63.582138,0.8546330630779266,0.5377358490566038
S,cluster_down,5,full 2020-01..2026-03,2442,-35.479305,-48.567722,-1.0977597871589881,0.45085995085995084
S,cluster_down,5,2020,420,-40.79177,-54.96431,-0.08414089602273463,0.4523809523809524
S,cluster_down,5,2021,239,-114.92774,-129.97705,-1.5411154412531096,0.401673640167364
S,cluster_down,5,2022,464,-63.790783,-76.900856,-1.3079355930070657,0.4482758620689655
S,cluster_down,5,2023,572,-40.22352,-53.041218,0.05598708982313266,0.42657342657342656
S,cluster_down,5,2024,332,0.8749908,-11.303504,0.2174294301556266,0.45180722891566266
S,cluster_down,5,2025,327,9.898428,-1.9395716,-0.20112866173600114,0.5045871559633027
S,cluster_down,5,2026Q1,88,79.99212,67.67871,1.0575763799228093,0.5454545454545454
S,cluster_down,20,2020-23,1695,-98.294624,-111.84274,-0.16586431302299995,0.4283185840707965
S,cluster_down,20,2024-01..2025-06,535,-40.23917,-52.342876,-0.3175948795555372,0.4261682242990654
S,cluster_down,20,2025-07..2026-03,212,149.13159,137.23354,0.5393321514129639,0.5754716981132075
S,cluster_down,20,full 2020-01..2026-03,2442,-64.0956,-77.18402,-0.13380563367266618,0.4406224406224406
S,cluster_down,20,2020,420,-141.34674,-155.51924,0.8889744459924009,0.4119047619047619
S,cluster_down,20,2021,239,-185.33658,-200.38586,-2.25371772468887,0.4225941422594142
S,cluster_down,20,2022,464,-46.588284,-59.698345,-0.06084419247765513,0.4375
S,cluster_down,20,2023,572,-72.257614,-85.0753,-0.12846053176660466,0.4353146853146853
S,cluster_down,20,2024,332,3.7479258,-8.430571,-0.5892829789560837,0.4307228915662651
S,cluster_down,20,2025,327,-46.74423,-58.58223,0.1966172395342304,0.44036697247706424
S,cluster_down,20,2026Q1,88,274.1931,261.87967,0.5517044023985155,0.7159090909090909
S,cluster_down,60,2020-23,1695,125.64552,112.09741,-0.7166423067776904,0.45309734513274336
S,cluster_down,60,2024-01..2025-06,535,-12.336374,-24.440084,0.04152060561102786,0.4130841121495327
S,cluster_down,60,2025-07..2026-03,212,12.110494,0.21243995,0.34385789930820465,0.37264150943396224
S,cluster_down,60,full 2020-01..2026-03,2442,85.55962,72.47122,-0.5350376413959024,0.43734643734643736
S,cluster_down,60,2020,420,831.437,817.2644,1.1296020064994554,0.49047619047619045
S,cluster_down,60,2021,239,-302.77316,-317.8225,-2.120783168784932,0.39330543933054396
S,cluster_down,60,2022,464,-3.554076,-16.664118,-0.5215830876422214,0.5086206896551724
S,cluster_down,60,2023,572,-108.78064,-121.59831,-1.8921205111791695,0.40559440559440557
S,cluster_down,60,2024,332,139.98503,127.80653,0.36843863320225756,0.45481927710843373
S,cluster_down,60,2025,327,-140.58757,-152.42558,0.15382884676203173,0.3516819571865443
S,cluster_down,60,2026Q1,88,-51.539,-63.852413,-0.004931058359329404,0.38636363636363635
