section,subset,period,delay,n,quoted_share,traded_share,med_spread_bp,mean_spread_bp,med_ask_vs_close_bp,med_dvol_usd,med_ask_size,spread_filter,n_quoted,ref_close_on_xs_bp,ref_close_on_t,ref_lastpre_on_xs_bp,ref_lastpre_on_t,ref_close_on_xs_same_bp,g_on_bp,g_on_t,n_on_bp,n_on_t,x_on_bp,x_on_t,s_on_bp,s_on_t,n_cc_bp,n_cc_t,x_cc_bp,x_cc_t,s_cc_bp,s_cc_t,mid_on_bp,mid_on_t,last_on_bp,last_on_t,mid_cc_bp,mid_cc_t,hit_n_on,exit,days,nights_active,avg_names,ann_ret,sharpe,maxdd,t,spy_ann,spy_sharpe,corr_spy
coverage,all,2020-23,5,5844.0,0.9644079397672827,0.5444900752908967,341.32669201240697,1053.5520583265686,255.0305862052815,481.92999999999995,1.0,,,,,,,,,,,,,,,,,,,,,,,,,,,,,,,,,,,,,,,
coverage,all,2020-23,15,5844.0,0.9644079397672827,0.6570841889117043,321.09062215416526,1024.8806021867242,249.85666779935855,6706.01,2.0,,,,,,,,,,,,,,,,,,,,,,,,,,,,,,,,,,,,,,,
coverage,all,2020-23,30,5844.0,0.9640657084188912,0.7248459958932238,305.34443522387573,1010.2175003850815,248.0189541755895,14939.57,2.0,,,,,,,,,,,,,,,,,,,,,,,,,,,,,,,,,,,,,,,
coverage,all,2024-26,5,3371.0,0.9994067042420647,0.7956096113912785,277.1206488678609,888.8683631006147,254.23718613608816,42408.63,3.0,,,,,,,,,,,,,,,,,,,,,,,,,,,,,,,,,,,,,,,
coverage,all,2024-26,15,3371.0,0.9994067042420647,0.851972708395135,253.59900848507928,868.1830070873567,239.31640623885642,60610.87999999999,3.0,,,,,,,,,,,,,,,,,,,,,,,,,,,,,,,,,,,,,,,
coverage,all,2024-26,30,3371.0,0.9994067042420647,0.8875704538712548,245.700245700247,853.4125980929743,232.3122774739006,86202.36240000001,3.0,,,,,,,,,,,,,,,,,,,,,,,,,,,,,,,,,,,,,,,
coverage,all,all,5,9215.0,0.9772110689093869,0.636353771025502,313.88329979879177,991.9396908400346,254.9528484730912,7625.3099999999995,2.0,,,,,,,,,,,,,,,,,,,,,,,,,,,,,,,,,,,,,,,
coverage,all,all,15,9215.0,0.9772110689093869,0.7283776451437873,288.87000849617664,966.2560382900258,245.18438984827418,19951.0,2.0,,,,,,,,,,,,,,,,,,,,,,,,,,,,,,,,,,,,,,,
coverage,all,all,30,9215.0,0.9769940314704286,0.7843733043950082,279.2696025778742,951.5397578745731,241.6815346333756,35649.75999999999,2.0,,,,,,,,,,,,,,,,,,,,,,,,,,,,,,,,,,,,,,,
events,all,2020-23,5,5844.0,0.9644079397672827,,341.32669201240697,,255.0305862052815,,,any,5636.0,95.27850828742888,22.096054751254275,83.87277498704215,16.115716554410575,96.61410043426129,-454.85794170914784,-20.94557691310812,-459.70741936565173,-21.168095661158972,-453.2993273374488,-31.896459264456315,-452.046122072252,-30.686646868952845,-445.52024283306815,-15.26654960007357,-434.8924809284194,-25.266607519090016,-442.4206842317497,-21.313182950972518,-5.966538332525387,-0.6540458047627141,36.07158967356756,7.552970277507664,12.317038232738241,1.0076563971006574,0.214513839602555,,,,,,,,,,,
events,all,2020-23,5,5844.0,0.11550308008213553,,24.721878862793922,,31.645297144613505,,,le50,675.0,95.27850828742888,22.096054751254275,83.87277498704215,16.115716554410575,66.84170757552558,-1.8588812500075573,-0.1384324995363317,-6.199454714510586,-0.4616110231892707,-4.748938772124352,-0.7101807129601144,-1.9174473204970046,-0.2676189926522395,2.3329840750403585,0.10469891787885856,12.541366835616088,0.8980867691847928,2.999792274039834,0.17769873046892082,7.635727100016308,1.1340212977145985,5.037365969173498,0.7418098448456557,24.94406789722225,1.7786002132509908,0.49777777777777776,,,,,,,,,,,
events,all,2020-23,5,5844.0,0.22279260780287474,,48.03138993851125,,52.09863253051172,,,le100,1302.0,95.27850828742888,22.096054751254275,83.87277498704215,16.115716554410575,78.63160631200651,-5.576861796911623,-0.5364680546970351,-10.03364325473226,-0.9653318403241773,-11.727267883442574,-1.972788011351927,-8.672318489566429,-1.3961216672654366,2.1924851283975344,0.13083584309320703,8.656879984723492,0.7917162670817433,4.62628652156951,0.36327596903710346,12.345270270264262,2.0600023145085333,12.26414076823758,1.978590611659333,32.77697537055305,2.977007074357315,0.4715821812596006,,,,,,,,,,,
events,all,2020-23,15,5844.0,0.9644079397672827,,321.09062215416526,,249.85666779935855,,,any,5636.0,95.27850828742888,22.096054751254275,83.87277498704215,16.115716554410575,96.45327212354192,-447.800484200228,-20.453546246577606,-452.6499819358962,-20.67439181745657,-446.0062723227425,-31.44054358164845,-444.79470060692745,-30.202951913241144,-438.9420720615516,-14.939925990927529,-427.91054391502115,-24.80688850807178,-435.5368448513666,-21.03464964486404,-11.53879341513328,-1.2966076971168266,29.615705735625983,6.26549311778203,6.471399800238773,0.5479087197542717,0.21682044002838893,,,,,,,,,,,
events,all,2020-23,15,5844.0,0.13295687885010268,,23.95209580838273,,34.14128434729102,,,le50,777.0,95.27850828742888,22.096054751254275,83.87277498704215,16.115716554410575,77.80888363029106,9.94952627720065,0.7363623401931971,5.688585595060674,0.42100101493082437,6.756546631307091,0.7926278877431123,9.07339222314676,1.033664203815024,9.503987479035622,0.47606321561030734,26.730719015795326,2.1433284864955953,14.81263412543461,1.0221670407965222,19.04883655191784,2.2297823921008786,16.041387289230546,1.8683193010802703,39.03822830875195,3.115640514306849,0.5057915057915058,,,,,,,,,,,
events,all,2020-23,15,5844.0,0.24383983572895276,,45.21204448865178,,54.06537899189212,,,le100,1425.0,95.27850828742888,22.096054751254275,83.87277498704215,16.115716554410575,94.16203523186084,7.074029590925007,0.6253342585298719,2.6433139116522604,0.23370449491954187,-1.8746188626368352,-0.23991887016528404,1.186524945122012,0.14922238713240352,14.74382515830666,0.9558215774625328,17.693968270055848,1.925379804396893,12.55360250178896,1.1782095601162839,21.62559089235446,2.7593027672567114,21.620580228280392,2.4174705276490056,41.24695651950039,4.460487026619708,0.4617543859649123,,,,,,,,,,,
events,all,2020-23,30,5844.0,0.9640657084188912,,305.34443522387573,,248.0189541755895,,,any,5634.0,95.27850828742888,22.096054751254275,83.87277498704215,16.115716554410575,96.43609208450269,-446.5984483851811,-20.743536258941155,-451.44800371175506,-20.9681412774471,-444.78125689878885,-31.388614547646423,-443.57144414346567,-30.078028105832736,-437.9698687092243,-15.123975119740717,-426.9440555556551,-24.77597012269472,-434.5811155027661,-21.09386525411697,-17.587889169155734,-2.0585138781893173,28.34903419644782,6.501052402653519,0.27709906143161045,0.02463689362403549,0.21955981540646077,,,,,,,,,,,
events,all,2020-23,30,5844.0,0.1367214236824093,,24.301336573511023,,30.864062558342287,,,le50,799.0,95.27850828742888,22.096054751254275,83.87277498704215,16.115716554410575,66.54623792721566,-0.08677681356833326,-0.00754561570646277,-4.476116370907833,-0.3890750430930929,-4.334067814887398,-0.7510423697815165,-1.5370434146268794,-0.24880826878460516,17.47276741419002,0.7841261661734158,27.459325565369998,2.1691640340624647,18.278473759434274,1.140363090566834,8.197466692545643,1.4160556700742053,7.51931426134291,1.2977561450357824,40.03098380197258,3.1437386863314187,0.5118898623279099,,,,,,,,,,,
events,all,2020-23,30,5844.0,0.2529089664613279,,45.51923657182505,,53.73785837583522,,,le100,1478.0,95.27850828742888,22.096054751254275,83.87277498704215,16.115716554410575,86.76819492265454,-4.605533294464036,-0.4385624332728837,-9.120348821170024,-0.8684012627773725,-8.88324710236359,-1.4393950639251125,-6.034619184101458,-0.9379955522932757,9.381238643936383,0.5447718386531326,15.111084017700996,1.5162834987520144,9.854232149437518,0.8120331183813577,14.93463514933639,2.4060943539418638,16.735631426197482,2.368419430876455,38.97877051447979,3.884202944993572,0.4742895805142084,,,,,,,,,,,
events,all,2024-26,5,3371.0,0.9994067042420647,,277.1206488678609,,254.23718613608816,,,any,3369.0,115.6660711790586,36.65528371731503,104.36118798952081,26.368528549236075,115.69570473192391,-400.1977599816363,-26.40101041534359,-404.85842550479344,-26.70290904777547,-411.1589948535756,-28.708071226095043,-410.26487144367826,-28.42853319097945,-383.0141204087565,-22.5262253795371,-389.73533528736414,-25.26573295622254,-390.99412400347177,-24.889014453737104,-44.288611714084226,-3.940470700172059,27.20514237488345,8.130086398399497,-22.64808363718421,-1.82044599219168,0.19887206886316414,,,,,,,,,,,
events,all,2024-26,5,3371.0,0.10530999703352122,,30.627871362940706,,58.45071083341313,,,le50,355.0,115.6660711790586,36.65528371731503,104.36118798952081,26.368528549236075,92.45190275239833,12.24879578758219,1.0007352889693646,7.982075184663722,0.6521085054204774,5.362140084003109,0.5170119867961733,5.103832369619157,0.46963783037145285,57.49811370280631,2.935130957279685,56.72103838394896,3.1384027802043004,54.61708709900012,3.0322006228108593,19.62105431060149,1.888305371900544,26.057308721372856,2.44722966991205,71.05954839014741,3.925698158078763,0.4704225352112676,,,,,,,,,,,
events,all,2024-26,5,3371.0,0.22456244437852269,,52.90338833606089,,85.64369557425566,,,le100,757.0,115.6660711790586,36.65528371731503,104.36118798952081,26.368528549236075,107.23722303966593,-2.777368421332559,-0.33093937062573625,-7.130168661608308,-0.849656149917563,-11.385183598989245,-1.773668763960122,-11.354882892910425,-1.6557411643434603,37.115974207448424,2.5765396684110877,37.24925579753226,2.978178108786616,34.08204897083842,2.707549720072499,15.021647811517552,2.350478883109821,21.204933687106557,3.277906807960542,63.77092623557636,5.099669676798102,0.4187582562747688,,,,,,,,,,,
events,all,2024-26,15,3371.0,0.9994067042420647,,253.59900848507928,,239.31640623885642,,,any,3369.0,115.6660711790586,36.65528371731503,104.36118798952081,26.368528549236075,115.69570473192391,-383.7914873591147,-24.64370042472801,-388.45215288227183,-24.93807925576031,-394.75272223105395,-27.23189833704595,-393.85859882115665,-26.84760155548056,-366.4767395599154,-21.021320136187146,-373.197954438523,-23.90294556976581,-374.45674315463066,-23.427373279478196,-36.29367748680209,-3.1910927391215482,20.963432165309047,6.2742783788785825,-14.526972408109932,-1.1502652788991123,0.21015138023152272,,,,,,,,,,,
events,all,2024-26,15,3371.0,0.11687926431326016,,25.840871645319076,,59.279935694981354,,,le50,394.0,115.6660711790586,36.65528371731503,104.36118798952081,26.368528549236075,113.60829293193719,22.385019212896335,2.500916623895928,18.110818340564947,2.0237595698837416,12.092409657145499,1.6980550858005503,13.353609770559018,1.8474523787205372,68.51553450225308,3.125968602714424,66.61506814720352,3.338663550710667,62.24664170574151,3.11617255808664,25.07860284489581,3.498620651146397,30.989930453121985,4.377446377006545,79.67714379817757,3.9799211217939514,0.5329949238578681,,,,,,,,,,,
events,all,2024-26,15,3371.0,0.24621773954316226,,52.597180293175214,,85.15347223153057,,,le100,830.0,115.6660711790586,36.65528371731503,104.36118798952081,26.368528549236075,117.5680491367779,2.7029912268750027,0.335059323528361,-1.6682137641167814,-0.20682134105887373,-5.628901801706455,-0.9540296786253174,-4.622686024419589,-0.7229493625482255,51.05603210152296,3.2098419107342453,48.57183071126981,3.705720694500638,45.92785169534319,3.4204932165518174,20.036582958909488,3.392000955036647,25.36860396951977,4.236924517571567,74.37634687139354,5.667529580232914,0.4457831325301205,,,,,,,,,,,
events,all,2024-26,30,3371.0,0.9994067042420647,,245.700245700247,,232.3122774739006,,,any,3369.0,115.6660711790586,36.65528371731503,104.36118798952081,26.368528549236075,115.69570473192391,-374.04276423098764,-24.59100223019585,-378.7034297541448,-24.892406348244926,-385.003999102927,-27.114239130766553,-384.1098756930296,-26.75077567955817,-356.6852276626305,-20.66685457110748,-363.4064425412381,-23.66645538917708,-364.6652312573457,-23.14605973362141,-32.08963863751349,-2.834935792908988,19.598776409084604,5.917272342587917,-10.271419397768174,-0.8102084341668745,0.2205402196497477,,,,,,,,,,,
events,all,2024-26,30,3371.0,0.12370216552951646,,29.368575624082904,,58.00461493653097,,,le50,417.0,115.6660711790586,36.65528371731503,104.36118798952081,26.368528549236075,114.0994256087964,25.201526489148875,2.152506705040646,20.936296776605857,1.7883055425153498,14.216892935175283,1.4839015908343816,14.635837113818509,1.4516196216212183,60.81636524040725,2.6811752544508605,58.7017790497384,2.849696859860735,56.735178037917045,2.7046202678169107,27.929710988833413,2.910026435558722,30.364950875755454,3.0628129223585097,72.48078803644735,3.511309701989217,0.5155875299760192,,,,,,,,,,,
events,all,2024-26,30,3371.0,0.2554138237911599,,51.413881748070885,,85.34806859118449,,,le100,861.0,115.6660711790586,36.65528371731503,104.36118798952081,26.368528549236075,118.13639708552003,0.5557953392941637,0.07197687232773481,-3.8139705519515554,-0.4940006577872334,-8.190236371053455,-1.4635590183685212,-7.406532867446035,-1.21455255515004,41.72643660853605,2.7127455171377632,43.88595052566781,3.3066073438515797,40.984713916770815,2.9941130977952146,17.55300996994932,3.1432671931682954,18.522312944576843,3.2014704798386022,69.7536001234876,5.256561026670494,0.45063879210220675,,,,,,,,,,,
events,all,all,5,9215.0,0.9772110689093869,,313.88329979879177,,254.9528484730912,,,any,9005.0,102.73661729531644,34.313689874159564,91.95794235136434,25.92311071508268,103.75301491275381,-434.40817466417434,-29.159260966954758,-439.1870128895572,-29.47686665934844,-437.53355497341005,-41.592553978123185,-436.41469138178394,-40.322726297247534,-422.13510941302314,-21.619995665123966,-417.9980418762578,-33.77806110146389,-423.18069740120353,-29.307253199365604,-20.30380265484318,-2.8481475475507576,32.48604487159391,10.301639930176355,-0.764304974343239,-0.0854491803351401,0.20866185452526373,,,,,,,,,,,
events,all,all,5,9215.0,0.11177428106348346,,26.092906405953684,,38.28888080631088,,,le50,1030.0,102.73661729531644,34.313689874159564,91.95794235136434,25.92311071508268,75.66852241803997,3.0034734571228894,0.30760449745691193,-1.3116458657660435,-0.13431559670694757,-1.2640523702551794,-0.22341013020505104,0.5025083008537111,0.08364791221910232,21.34620836422183,1.321470719686632,27.7683410100415,2.495349965649015,20.79021913118634,1.6270889169643061,11.7665923036646,2.068633182915835,12.33682867615616,2.1342522586159873,40.83823835837607,3.655824154716202,0.4883495145631068,,,,,,,,,,,
events,all,all,5,9215.0,0.2234400434074878,,49.95539696699396,,63.52045311124543,,,le100,2059.0,102.73661729531644,34.313689874159564,91.95794235136434,25.92311071508268,89.14858147608528,-4.5476162965166,-0.6265697963887495,-8.966168622874642,-1.2355263312416749,-11.601499159143803,-2.615041004679705,-9.658574562092609,-2.0697624537176287,15.03225260427977,1.2682174105080601,19.168987070831427,2.302753099697417,15.455821331718397,1.6602134817350664,13.329251716951363,2.9907849593663096,15.609059770614042,3.4148990806225634,44.17203161378892,5.278803223083512,0.45216124332200097,,,,,,,,,,,
events,all,all,15,9215.0,0.9772110689093869,,288.87000849617664,,245.18438984827418,,,any,9005.0,102.73661729531644,34.313689874159564,91.95794235136434,25.92311071508268,103.65235657191937,-423.8530871588387,-28.07147223023161,-428.63193795125875,-28.385032727248174,-426.8310129936033,-40.34426772290439,-425.7382067794692,-39.033133912891344,-411.8309443327329,-20.8678433556336,-407.44116979549625,-32.668421260914194,-412.6852221288454,-28.466025412605898,-20.80022644538894,-2.9604841957702743,26.15022069065265,8.333677223849497,-1.3846264040840233,-0.15805757227752767,0.21432537479178235,,,,,,,,,,,
events,all,all,15,9215.0,0.12707542051003798,,24.901829326693335,,40.782846806459716,,,le50,1171.0,102.73661729531644,34.313689874159564,91.95794235136434,25.92311071508268,89.85411613656653,14.133628938741301,1.4939939413602785,9.868226672540333,1.0431176372200028,8.55187543760968,1.3924977270843353,10.51353373781835,1.6659314551264433,29.359281695216392,1.9289035512125186,40.150389005355386,3.7557262336036072,30.772496624700985,2.609559141969158,21.07763921582332,3.4220080728710514,21.115543738404863,3.424280338458075,52.71178313610779,4.9096258558083035,0.5149444918872759,,,,,,,,,,,
events,all,all,15,9215.0,0.24470971242539338,,47.928791509757126,,65.00343514738604,,,le100,2255.0,102.73661729531644,34.313689874159564,91.95794235136434,25.92311071508268,102.77710908599883,5.46517733276026,0.7061571425037859,1.056365809262768,0.13651635547642188,-3.2564613634917285,-0.6039421496420836,-0.9516768751527243,-0.17158968840099753,28.10929378929093,2.470655184971558,29.059212538884047,3.837672808209318,24.83769422269806,2.964626677887851,21.040723227272718,3.89152991834793,23.021806654392737,3.818046976217032,53.44092281310185,7.025011435454076,0.4558758314855876,,,,,,,,,,,
events,all,all,30,9215.0,0.9769940314704286,,279.2696025778742,,241.6815346333756,,,any,9003.0,102.73661729531644,34.313689874159564,91.95794235136434,25.92311071508268,103.64320471464397,-419.44748760372187,-28.202265187911678,-424.2263587419463,-28.52055057582007,-422.41209311846467,-40.0381928124644,-421.32041403022356,-38.6690717519406,-407.5524572146142,-20.90041211566325,-403.1677345242688,-32.36706987117777,-408.417990541884,-28.277794515608463,-23.014568493702807,-3.3724862341154926,24.875748480554265,8.445722640911619,-3.6702472330306875,-0.43301188655892,0.21992669110296567,,,,,,,,,,,
events,all,all,30,9215.0,0.13195876288659794,,25.800932849896864,,39.82887292718451,,,le50,1216.0,102.73661729531644,34.313689874159564,91.95794235136434,25.92311071508268,82.85353995288929,8.585281144682552,1.0035514009631514,4.23850228247474,0.4953051865203244,2.0275692186456085,0.4048319229857589,4.009084200802172,0.752763458099531,32.33648476084511,1.9456796779058334,38.17322614347988,3.4893876608229593,31.466340275986344,2.456975454445124,14.964198494808798,2.9798167067398467,15.40172689438584,3.0192393443550993,51.15891831330152,4.655636022476418,0.5131578947368421,,,,,,,,,,,
events,all,all,30,9215.0,0.25382528486163863,,47.778308647874546,,65.94463531906625,,,le100,2339.0,102.73661729531644,34.313689874159564,91.95794235136434,25.92311071508268,98.31501923314075,-2.7056171107676654,-0.374971894776343,-7.167038992270024,-0.9932258677907007,-8.62814567454913,-1.9571995316700632,-6.539628881134242,-1.4086150038806708,21.2877009985838,1.7348326092452397,25.703285840428407,3.2217890490329695,21.31355014929813,2.3190079987401067,15.898474704936106,3.5923749454860014,17.402596419883235,3.5337286907845056,50.30717081091234,6.277352071392683,0.46558358272766137,,,,,,,,,,,
events,ceo_cfo,2020-23,5,1467.0,0.9815950920245399,,294.97214668396526,,251.8117788247909,,,any,1440.0,133.45682769343995,11.878798673967648,109.97917883464275,8.707355817547919,133.3270831772442,-440.26217207632607,-15.860930970376076,-445.09707880777864,-16.03379516283283,-441.0696293477734,-17.852172404816717,-439.9243799457557,-17.560442112136606,-423.3591872330149,-12.735469424897955,-417.1998511875416,-15.720685974155908,-424.6319988908674,-14.59145254148406,-29.325332444248108,-1.6983045154562637,55.60543661163134,4.878252343903736,-4.6970271888027915,-0.2392742286615287,0.24166666666666667,,,,,,,,,,,
events,ceo_cfo,2020-23,5,1467.0,0.1274710293115201,,24.125452352233236,,41.66626764670056,,,le50,187.0,133.45682769343995,11.878798673967648,109.97917883464275,8.707355817547919,81.86262066333032,-13.743285453802653,-0.5752039895698914,-18.325612819787462,-0.7669594650314631,-2.7787586816943484,-0.2998148325060809,0.06909772608388418,0.0069434575528029225,11.217364442685225,0.2892374942457586,40.925891347698965,1.5831652167551742,32.4448096371132,1.1631527176986793,9.29547442646594,1.001200619943158,7.428794499957788,0.7797968782170565,53.049477008410996,2.049230686297556,0.5187165775401069,,,,,,,,,,,
events,ceo_cfo,2020-23,5,1467.0,0.25698704839809133,,50.25125628140707,,61.38678873697234,,,le100,377.0,133.45682769343995,11.878798673967648,109.97917883464275,8.707355817547919,108.97341488296134,2.331020483068627,0.16089817994056407,-2.3375802786174864,-0.1613875619898327,1.3329739756643433,0.17474878634451024,4.772045939940504,0.5986350088862137,22.652690618903204,0.9083510141614362,33.99700235961354,1.897059220650635,33.26440434200241,1.7245049744457999,25.740845604690232,3.345218367562018,27.521903610504356,3.437313040008419,58.48304539574026,3.2522732860792387,0.5172413793103449,,,,,,,,,,,
events,ceo_cfo,2020-23,15,1467.0,0.9802317655078391,,260.16746340009576,,237.3039010622091,,,any,1438.0,133.45682769343995,11.878798673967648,109.97917883464275,8.707355817547919,133.02467724334554,-428.76053667362015,-15.643329158694343,-433.595290396251,-15.818687559020338,-429.1679684607591,-18.396415633139878,-428.13901074904993,-18.043746483270883,-412.4313615081929,-12.349215224130294,-405.6373163426705,-15.774704427339948,-413.35107692795685,-14.62640686634551,-33.09667454059871,-1.9257783901461976,44.91211546875032,4.109586548911195,-8.782372864477841,-0.4474854658836643,0.2426981919332406,,,,,,,,,,,
events,ceo_cfo,2020-23,15,1467.0,0.14587593728698023,,23.85596771399822,,48.240906804698504,,,le50,214.0,133.45682769343995,11.878798673967648,109.97917883464275,8.707355817547919,121.27352495803977,40.120549254782894,1.4072072291570725,35.79687543834159,1.2557908615322149,33.05034523887798,1.5027575792396173,36.99226887142225,1.6828003996115017,35.22489598725087,1.0012174281855275,37.64180556231435,1.5316240379150619,31.271921516274514,1.1689542667147899,45.54669875309744,2.0647013720642593,37.620677492308424,1.7460475734745502,50.15012574293026,2.0343175344135873,0.5467289719626168,,,,,,,,,,,
events,ceo_cfo,2020-23,15,1467.0,0.2822085889570552,,48.159180902544065,,65.64691196671136,,,le100,414.0,133.45682769343995,11.878798673967648,109.97917883464275,8.707355817547919,140.19442314390758,38.7717042364769,1.4806832568772146,34.22497776318584,1.3071276320188296,23.718029610343624,1.033635611389776,28.160749373611708,1.2319934094828444,51.965417913212896,2.212894954137525,39.79767883102048,2.274882859516932,40.4838198216267,2.108615221912135,48.150563358678085,2.0909054373213136,49.068944844919024,1.8109256368096431,64.30556855470954,3.6530618900816214,0.49516908212560384,,,,,,,,,,,
events,ceo_cfo,2020-23,30,1467.0,0.9802317655078391,,254.35803859841243,,247.72755378120627,,,any,1438.0,133.45682769343995,11.878798673967648,109.97917883464275,8.707355817547919,133.02467724334554,-431.73889908117104,-15.68818793370385,-436.57365280380196,-15.862938782669442,-432.14633086831,-17.96810811574306,-431.11737315660076,-17.5894043412995,-416.21665356890963,-12.552970757206085,-409.4226084033873,-15.547266457884307,-417.1363689886736,-14.404712703078923,-46.076357605676485,-2.726438758883709,37.368435696009264,3.9619134301751853,-22.301724303279876,-1.1555914048941844,0.24200278164116829,,,,,,,,,,,
events,ceo_cfo,2020-23,30,1467.0,0.14860259032038173,,26.127617454818072,,39.05913429263164,,,le50,218.0,133.45682769343995,11.878798673967648,109.97917883464275,8.707355817547919,84.20795093410177,17.856476965843402,1.0511505577137783,13.341171996879764,0.7847903868152416,9.706247869810992,1.0299944944960941,12.982748488244408,1.3835135719589668,43.5757977778289,1.318268371439768,40.0668033968967,1.8622305698246657,34.69983498673601,1.4191123736061337,22.5240133107473,2.3827122042604096,17.891993617354473,1.9109112318504622,52.949696559035154,2.4507511110546374,0.555045871559633,,,,,,,,,,,
events,ceo_cfo,2020-23,30,1467.0,0.2883435582822086,,48.28585224529282,,63.694186008607105,,,le100,423.0,133.45682769343995,11.878798673967648,109.97917883464275,8.707355817547919,123.9012611504469,19.115943352553796,1.1165969386248047,14.41171959341168,0.8416954454428675,9.550640871260223,0.7061525898531326,13.01602258590551,0.9611097543969662,40.0746153482789,1.7436533136879526,33.40447310179885,2.0081998206665728,31.723756614833423,1.6977513423822173,34.538341424718205,2.5412813497925053,36.945652062917034,2.15158216342172,58.45693970037377,3.5013056382313477,0.49645390070921985,,,,,,,,,,,
events,ceo_cfo,2024-26,5,721.0,1.0,,217.11366538952737,,284.16758197030714,,,any,721.0,178.47907316975918,23.2994756762522,159.8175716030085,17.39990314654633,178.47907316975918,-360.2785106882659,-11.929444528707613,-364.9772232180555,-12.082907648446911,-371.084249209535,-12.802549592085636,-370.6743624765791,-12.62392935010958,-325.90020222767026,-9.921768762236088,-330.4373197621005,-10.661852385197843,-332.2292672846814,-10.484099580499086,-61.89316724699555,-2.702411800404759,54.16369830209555,7.9918017541542286,-20.769621395797653,-0.8232934009665659,0.26768377253814146,,,,,,,,,,,
events,ceo_cfo,2024-26,5,721.0,0.1317614424410541,,31.421838177533832,,75.79121378121113,,,le50,95.0,178.47907316975918,23.2994756762522,159.8175716030085,17.39990314654633,101.93996230675418,16.75480904877876,1.0377642817372457,12.461976223421374,0.7718744878974302,-7.437606580631288,-0.5827120037863501,-6.07671840925942,-0.4647249105068711,96.444988965016,3.2165091883175014,83.5177613746576,2.9174854728929303,79.37760675483662,2.8543031161510246,6.869079560826095,0.5427821119607731,17.8106884446255,1.3168767590666088,97.9240003546019,3.4325699340414797,0.5052631578947369,,,,,,,,,,,
events,ceo_cfo,2024-26,5,721.0,0.2815533980582524,,53.42831700801469,,107.39107840383788,,,le100,203.0,178.47907316975918,23.2994756762522,159.8175716030085,17.39990314654633,136.60397061655715,8.147909468770875,0.6558204631363437,3.739817525814525,0.3010178156355412,-8.24261175010876,-0.8951251923334826,-8.226029254671182,-0.8466461228082284,73.22587180906993,2.962790983747507,69.46702205143474,3.050824364547721,67.0213747583007,2.960662145722143,18.1719957112696,1.986597299166246,28.172610053339387,2.8405951569276753,96.0446027923369,4.206613713718224,0.46798029556650245,,,,,,,,,,,
events,ceo_cfo,2024-26,15,721.0,1.0,,199.0599321437831,,282.85337058336466,,,any,721.0,178.47907316975918,23.2994756762522,159.8175716030085,17.39990314654633,178.47907316975918,-347.9467558201872,-11.285792896008196,-352.64546834997685,-11.435849053050298,-358.75249434145627,-12.18230609741925,-358.34260760850043,-11.983272364138402,-313.028790325035,-9.21159791632497,-317.5659078594653,-9.947758314104881,-319.3578553820461,-9.750966901329175,-66.67000173300298,-3.0395379750491127,42.05319884564767,6.501101287018047,-25.349064108808268,-1.0259257202314123,0.27184466019417475,,,,,,,,,,,
events,ceo_cfo,2024-26,15,721.0,0.1553398058252427,,24.095951822797907,,87.42657937278797,,,le50,112.0,178.47907316975918,23.2994756762522,159.8175716030085,17.39990314654633,153.61154356206325,40.00269670669917,2.645012940523201,35.687496999459405,2.359768730189826,13.635646210187986,1.0690323428213915,20.02953775963593,1.5996050977835534,100.32595394230141,2.5314749136613957,99.99685878236848,2.5877095865245257,92.0789807853724,2.3872726380325355,26.23180281971828,2.044502415893805,41.19763172512939,3.3149932511494393,112.66869909014285,2.910129249709999,0.5982142857142857,,,,,,,,,,,
events,ceo_cfo,2024-26,15,721.0,0.31345353675450766,,50.45644862895587,,114.27888317372847,,,le100,226.0,178.47907316975918,23.2994756762522,159.8175716030085,17.39990314654633,162.7806763694716,21.019958367914448,1.822767323194954,16.593001803019714,1.4389519552668546,3.9168799153532774,0.4685869955111463,6.800343722977776,0.7613750356329487,88.3611648578316,3.1837780287264827,84.41472141483946,3.422064151246626,83.4688393510305,3.3129603169349213,29.04413353922575,3.464315887820325,41.488759390368706,5.051671275671591,109.71769020992876,4.427155046095057,0.4911504424778761,,,,,,,,,,,
events,ceo_cfo,2024-26,30,721.0,1.0,,184.94055482166522,,282.8663229511186,,,any,721.0,178.47907316975918,23.2994756762522,159.8175716030085,17.39990314654633,178.47907316975918,-329.8254284707781,-10.869199535570793,-334.5241410005677,-11.021809839186378,-340.63116699204704,-11.710218802367718,-340.22128025909126,-11.517993660156147,-294.7432696207881,-8.715564933589084,-299.2803871552183,-9.456286158383561,-301.0723346777993,-9.245343232599708,-54.711194082485065,-2.4399093932731324,40.47287694461837,6.368719966535014,-13.101970095171188,-0.5160504123211948,0.2871012482662968,,,,,,,,,,,
events,ceo_cfo,2024-26,30,721.0,0.15672676837725383,,28.647431962349206,,85.34806859118449,,,le50,113.0,178.47907316975918,23.2994756762522,159.8175716030085,17.39990314654633,155.7227749619362,36.98976509553967,2.552688423406751,32.69964061836803,2.257191525408083,18.219684839645257,1.6088767724899948,20.376301189846146,1.7867874335043332,102.09895258506289,2.6212370487990855,95.9347119182442,2.6777052751754526,90.05593960314171,2.495853003368593,32.211036704628256,2.8152464026454247,34.45528245149915,2.905071059978467,110.0202514283827,3.0580718728702907,0.5929203539823009,,,,,,,,,,,
events,ceo_cfo,2024-26,30,721.0,0.3342579750346741,,53.380782918148334,,116.33775418315784,,,le100,241.0,178.47907316975918,23.2994756762522,159.8175716030085,17.39990314654633,170.31709608985076,18.70466374451157,1.6710504767988736,14.275089727233865,1.2757455636645483,2.744874749174368,0.3330990794071882,6.030414502486464,0.6933199926935838,72.5889711994757,2.8495993114901146,67.30817393558932,2.913583937003325,64.69136813284531,2.763248246784723,29.035968220030394,3.513343164601906,32.29271169592038,3.828392542595632,93.73228874121325,4.0447135056900745,0.4979253112033195,,,,,,,,,,,
events,ceo_cfo,all,5,2188.0,0.9876599634369287,,265.17953678939256,,263.79763331468854,,,any,2161.0,148.2927687301978,18.6641916545274,127.59191239342755,14.503900001799124,148.39167585868947,-413.576276721957,-19.520376482696708,-418.36574337039286,-19.744180886707987,-417.719578871295,-21.753268265223728,-416.819677217724,-21.410036514838072,-390.8427928837073,-15.702722848589785,-388.25224121172334,-18.791233883755787,-393.80258219116354,-17.662953839865057,-40.19132452790425,-2.9059423402933917,55.08150981197208,7.1891659973933715,-10.059516972811718,-0.6471035287339217,0.25034706154558073,,,,,,,,,,,
events,ceo_cfo,all,5,2188.0,0.12888482632541134,,25.823208546165326,,58.19124133141895,,,le50,282.0,148.2927687301978,18.6641916545274,127.59191239342755,14.503900001799124,88.62626412476745,-3.469104681656431,-0.20619514554023216,-7.953907291046898,-0.47271294940115016,-4.348228718570268,-0.5811806928926073,-2.00130132660269,-0.25293438004861823,39.92879823566899,1.434118481054,55.27421635678077,2.8065721213860106,48.255503701594506,2.32250239004542,8.478071900807128,1.1347021728795657,10.951892084068852,1.4050648524196163,68.16678097255331,3.4593482842596504,0.5141843971631206,,,,,,,,,,,
events,ceo_cfo,all,5,2188.0,0.26508226691042047,,50.6695886190567,,78.47500448438404,,,le100,580.0,148.2927687301978,18.6641916545274,127.59191239342755,14.503900001799124,118.64410938971987,4.366931628064414,0.4212764997531465,-0.2104910470662823,-0.020309593126921804,-2.0184810283562435,-0.34115156893687426,0.2227196218264137,0.03589011334588824,40.35330403546155,2.19232398003225,46.41150925175096,3.2808511118521544,45.07934398770681,3.0337783209658102,23.091748141993012,3.8886522032338897,27.75662272024127,4.449497983081739,71.62959048454907,5.0453984382430885,0.5,,,,,,,,,,,
events,ceo_cfo,all,15,2188.0,0.9867458866544789,,233.2037756801767,,256.6737523168716,,,any,2159.0,148.2927687301978,18.6641916545274,127.59191239342755,14.503900001799124,148.20421381719652,-401.77270156693874,-19.04721655611854,-406.5620242103484,-19.272135861026978,-405.6526572796488,-21.91442413052927,-404.83043888043653,-21.51028971699127,-379.2357830815803,-15.072440512317062,-376.225789933967,-18.473203334858834,-381.96195569840546,-17.36465297577401,-44.3085174797944,-3.255287743792254,43.88898579790582,5.938549150582124,-14.314834368489995,-0.9265529071089165,0.2524316813339509,,,,,,,,,,,
events,ceo_cfo,all,15,2188.0,0.1489945155393053,,23.85596771399822,,60.12405300085843,,,le50,326.0,148.2927687301978,18.6641916545274,127.59191239342755,14.503900001799124,132.38351907966745,40.080060035809346,2.0657202816796785,35.75929756976857,1.8433534748914238,26.380264590984485,1.747549884859212,31.16458210909075,2.0694169329793657,57.590903628249826,2.1544435665408237,59.064400533621296,2.834972862770932,52.162690344921636,2.3758214819667427,38.910906285188034,2.5693318025213236,38.87261147379576,2.653605964172135,71.62889940823028,3.429024636099615,0.5644171779141104,,,,,,,,,,,
events,ceo_cfo,all,15,2188.0,0.29250457038391225,,49.04330412837329,,85.22708936074652,,,le100,640.0,148.2927687301978,18.6641916545274,127.59191239342755,14.503900001799124,148.1701938141849,32.503118976640785,1.8653666729181124,27.99868625225218,1.6069682621759498,16.72574862430016,1.104885655929926,20.6178561282316,1.3634350267285615,64.81766605303139,3.5879101862022873,55.553071993431544,3.8765214645503554,55.66290484294742,3.6336560425417526,41.40360532868398,2.7254267346560543,46.32794978455364,2.6407901048018454,80.34172401420884,5.574764257585418,0.49375,,,,,,,,,,,
events,ceo_cfo,all,30,2188.0,0.9867458866544789,,222.13612294976275,,258.23728369086086,,,any,2159.0,148.2927687301978,18.6641916545274,127.59191239342755,14.503900001799124,148.20421381719652,-397.7048035229991,-18.80144029354335,-402.49412616640876,-19.02584406941179,-401.58475923570893,-21.216319812200428,-400.7625408364969,-20.795407153126384,-375.65050728516917,-14.978955468308353,-372.640514137556,-17.949915697625745,-378.3766799019944,-16.845622557354034,-48.95996904605582,-3.6225641518620577,38.47268952056497,5.938862143527597,-19.229458076301473,-1.2489150982499764,0.2570634553033812,,,,,,,,,,,
events,ceo_cfo,all,30,2188.0,0.15127970749542963,,26.631158455392242,,56.15377627478768,,,le50,331.0,148.2927687301978,18.6641916545274,127.59191239342755,14.503900001799124,108.62237726384585,24.388384998035782,1.9979396076544849,19.949954335937694,1.6334225633879056,12.612647802110907,1.7286212171544035,15.506831434712673,2.1273163486159663,63.55500168483024,2.496149051440231,59.139533496329534,3.164680011692021,53.59784049022195,2.647243694018007,25.831063593250462,3.522233218034914,23.633256311398487,3.2121818449640043,72.4329977682082,3.8597217637778516,0.56797583081571,,,,,,,,,,,
events,ceo_cfo,all,30,2188.0,0.30347349177330896,,50.18397986769099,,84.44109532644629,,,le100,664.0,148.2927687301978,18.6641916545274,127.59191239342755,14.503900001799124,140.7479723257426,18.96666867553847,1.6307613114799857,14.362129536561,1.2347676209814855,7.080475757671834,0.776542663389718,10.480583507435648,1.1412307347998447,51.87575956535484,2.999536188839328,45.70988259117159,3.385913665833402,43.689410795316654,2.988654107095908,32.541245126028805,3.552627027819006,35.225776865913666,3.1286521397663933,71.26019138537725,5.260055356276854,0.49698795180722893,,,,,,,,,,,
events,value_gt_250k,2020-23,5,2582.0,0.9473276529821844,,282.02706073464253,,262.2979937475267,,,any,2446.0,129.66391567719714,23.289323969160197,125.23885954514145,16.033299685735997,133.782303287133,-440.73804072001883,-17.379749080529166,-445.49873888843933,-17.56483001818482,-437.47940781949194,-22.578536596910165,-436.4452351427279,-22.051448524198673,-428.8005644721463,-13.613882799651579,-414.793159104642,-19.157659426453396,-425.00299074858333,-17.47577405666781,-41.882007049286365,-3.467149970123912,53.53797876561536,8.45025117509651,-19.18492198431575,-1.3443303950853942,0.25511038430089944,,,,,,,,,,,
events,value_gt_250k,2020-23,5,2582.0,0.13787761425251743,,25.061413744798553,,36.75614215604139,,,le50,356.0,129.66391567719714,23.289323969160197,125.23885954514145,16.033299685735997,84.70612635336155,17.481600611193205,1.4341356754817158,13.192240532085933,1.0822262059789325,7.7238874878512815,0.9102653709997436,12.437379517473326,1.401343494778678,24.40922908376293,1.0843035281050257,21.9171422970263,1.1912502192580865,18.924185316969687,0.9496835051618225,20.30761812783213,2.3874056313923964,15.156246467397864,1.6745729599122279,34.524117266205145,1.8713642030105517,0.5168539325842697,,,,,,,,,,,
events,value_gt_250k,2020-23,5,2582.0,0.2629744384198296,,47.61904761904801,,61.75056633287879,,,le100,679.0,129.66391567719714,23.289323969160197,125.23885954514145,16.033299685735997,111.02965817379275,13.608252121535763,1.3348346398868265,9.186565340472944,0.900976961609978,7.9940176302770265,1.1691305002230659,12.053453070718858,1.7085186128843097,20.77619367099549,1.1080620622133128,28.342650770150478,2.0617001848385805,28.506202422720026,1.9008451979463499,31.72028367847887,4.607565765159292,29.54888629401583,4.081410606514255,52.11429650192554,3.769521954733499,0.5198821796759941,,,,,,,,,,,
events,value_gt_250k,2020-23,15,2582.0,0.9465530596436871,,242.90840294595625,,257.9867743068098,,,any,2444.0,129.66391567719714,23.289323969160197,125.23885954514145,16.033299685735997,133.6047462933824,-427.663237543369,-16.758062900699716,-432.4237849573658,-16.942083203720248,-424.16591036019906,-22.038995826427694,-423.2002522514033,-21.483373141874246,-415.9292105907128,-13.091329207434086,-401.54193294281794,-18.527333787378588,-411.9197329550654,-16.840554507761727,-48.22186228329109,-4.268608254394145,40.86982362076342,6.752010362265606,-25.66349322495047,-1.8916612838439468,0.2590016366612111,,,,,,,,,,,
events,value_gt_250k,2020-23,15,2582.0,0.16924864446165763,,24.125452352233236,,43.56352717329814,,,le50,437.0,129.66391567719714,23.289323969160197,125.23885954514145,16.033299685735997,101.12186655905249,24.06629397604755,1.7387824790127147,19.809414540072837,1.431499342614471,16.842356256590346,1.777693689943035,21.137948878039722,2.16136822923816,42.56686427147414,1.8820765299280806,51.10456380612123,2.987773371287017,44.095360599081665,2.406981884523887,29.074578357365432,3.0708595763664692,24.8213601829938,2.6445015291255753,63.389637009928855,3.6920873294042678,0.5354691075514875,,,,,,,,,,,
events,value_gt_250k,2020-23,15,2582.0,0.296281951975213,,42.76550249465424,,69.9937265296291,,,le100,765.0,129.66391567719714,23.289323969160197,125.23885954514145,16.033299685735997,125.89820108419414,19.466197429980785,1.6214200180559997,15.06596756666051,1.2549909644026978,10.410073307750826,1.1455344511379308,14.518434624879673,1.5717184015069166,33.64101318609284,1.8246683956605352,36.033488789543796,2.688727112103621,34.111879750924544,2.331279524735227,32.91331099778854,3.611975126112705,34.6454063428931,3.201365687705366,58.59864906151332,4.34961203018108,0.5058823529411764,,,,,,,,,,,
events,value_gt_250k,2020-23,30,2582.0,0.9461657629744384,,227.96352583586682,,257.09725435095976,,,any,2443.0,129.66391567719714,23.289323969160197,125.23885954514145,16.033299685735997,133.56015885312743,-424.95035217419667,-17.15407179443558,-429.71099850969046,-17.343678580866186,-421.42955527359715,-22.534047842584275,-420.47029866081743,-21.897071686344884,-413.55656525082725,-13.399029663854781,-399.0664935325326,-19.02201879885191,-409.46365555930515,-17.39734166285181,-55.85980586150761,-4.787975585375593,36.32673568136905,7.228376186256786,-33.47371003284846,-2.4692704505325556,0.26197298403602126,,,,,,,,,,,
events,value_gt_250k,2020-23,30,2582.0,0.1723470178156468,,23.25452632744518,,41.667122689525996,,,le50,445.0,129.66391567719714,23.289323969160197,125.23885954514145,16.033299685735997,97.61337639599384,18.690200211702486,1.5217877800136794,14.41888426467396,1.1739214032618552,8.68606650582354,1.1187014142472793,14.079334685696526,1.745507698465721,45.173465670389106,1.854239016942507,44.3945285558559,2.7062015373933,42.42979154214602,2.19716955464339,21.001832233785468,2.698858930574545,21.212051335055964,2.7021478646745396,56.76441881720722,3.44532978479198,0.5595505617977528,,,,,,,,,,,
events,value_gt_250k,2020-23,30,2582.0,0.3024786986831913,,41.79282698622499,,73.2280652668571,,,le100,781.0,129.66391567719714,23.289323969160197,125.23885954514145,16.033299685735997,125.93388565991047,12.445071929279537,1.01155654213114,8.031656557303764,0.6528696851499481,6.192457933307749,0.7336492207986893,10.28450683340579,1.189477593643548,41.8708909318012,2.1344833354259634,41.339540218037314,3.163826688028009,40.296244588916785,2.6729683713593753,29.12012746852519,3.4279256819968005,34.021290241033235,3.26797630490965,64.36240346195659,4.897777942152082,0.5198463508322664,,,,,,,,,,,
events,value_gt_250k,2024-26,5,1432.0,1.0,,204.50656274646065,,267.50505270901397,,,any,1432.0,168.80675182126498,27.534175850820432,153.47270356461624,19.93377167988913,168.80675182126498,-310.5139709734711,-16.076668922384044,-315.1491765699881,-16.312965057997854,-319.39159404632926,-17.28709717801648,-318.8506320865102,-17.18605287643078,-282.00576416968846,-12.70507602753085,-287.96339388295087,-13.78085806994832,-288.53798994833744,-13.691298799974597,-55.140011122942845,-4.00034141966897,45.07362259401261,7.707782357395177,-23.380732912922227,-1.3980287085068128,0.25,,,,,,,,,,,
events,value_gt_250k,2024-26,5,1432.0,0.1319832402234637,,30.937303620630654,,71.55607570706657,,,le50,189.0,168.80675182126498,27.534175850820432,153.47270356461624,19.93377167988913,115.01192496143109,11.469742851265133,0.8917955000889823,7.2140831701165045,0.5609413550604956,8.2621582064027,0.7310790495359845,6.126418242992158,0.5322386081505478,78.29065406562192,2.80009259791134,82.48703650188,3.185956078524568,79.04787904169227,3.071598500337185,22.513570941626057,1.9917640753992647,29.55671865785189,2.6094830146412225,96.83633850300477,3.730246624320207,0.49206349206349204,,,,,,,,,,,
events,value_gt_250k,2024-26,5,1432.0,0.2814245810055866,,53.13223069671819,,108.57142857142898,,,le100,403.0,168.80675182126498,27.534175850820432,153.47270356461624,19.93377167988913,137.62563527324534,1.889139861921195,0.19825481236776687,-2.4657266996280005,-0.2587547705487128,-7.311864184822756,-0.9190075595824575,-8.030821588282004,-0.9855420417387485,53.55729403517577,2.6799808256913367,57.9666370086589,3.2350626647925993,54.20824774924832,2.9895190420250715,19.194941231567807,2.413572508920373,27.847024427172048,3.434112655737055,84.59838778735266,4.721062823135453,0.456575682382134,,,,,,,,,,,
events,value_gt_250k,2024-26,15,1432.0,1.0,,178.16838533826368,,255.4404194368165,,,any,1432.0,168.80675182126498,27.534175850820432,153.47270356461624,19.93377167988913,168.80675182126498,-284.47751779884624,-14.426041541406326,-289.1127233953632,-14.657858497874177,-293.35514087170435,-15.776579354201704,-292.8141789118854,-15.63952445948881,-255.9700713781503,-11.318410535074912,-261.92770109141264,-12.4580853557168,-262.5022971567993,-12.362408834885866,-46.92663020318755,-3.1380804660437356,30.103244147444645,5.191048157031768,-15.093733027256857,-0.8409490642937112,0.26187150837988826,,,,,,,,,,,
events,value_gt_250k,2024-26,15,1432.0,0.15921787709497207,,25.840871645319076,,75.82294398364553,,,le50,228.0,168.80675182126498,27.534175850820432,153.47270356461624,19.93377167988913,151.2566434338899,38.97816804143813,3.3682171463646453,34.703913062133815,2.999644535637275,28.29521500349372,2.6985450488449803,28.354120456181604,2.71786514766825,102.97815768395203,3.289773039871716,106.06514678332762,3.606056829719526,100.1167818124945,3.390058204935638,41.395120878416385,3.9208810058512786,46.28931003004,4.484646266436064,119.26948502405325,4.03845241578849,0.5701754385964912,,,,,,,,,,,
events,value_gt_250k,2024-26,15,1432.0,0.32192737430167595,,50.83464999656585,,106.11941390770596,,,le100,461.0,168.80675182126498,27.534175850820432,153.47270356461624,19.93377167988913,150.749573368665,7.362803009416937,0.7481655439205451,2.989866774721621,0.3038589507503392,-0.7857020892712123,-0.10331096450900666,0.19101883977530043,0.023984408034815552,95.94601269331743,4.583480496457263,91.38100167589862,4.955415317053303,90.95565712306835,4.828683087446217,24.17935045675665,3.1933929993932857,29.222340050793978,3.867589365370751,116.6086955221342,6.307775133785359,0.4685466377440347,,,,,,,,,,,
events,value_gt_250k,2024-26,30,1432.0,1.0,,171.54693531682523,,248.45349002713957,,,any,1432.0,168.80675182126498,27.534175850820432,153.47270356461624,19.93377167988913,168.80675182126498,-271.7423635143926,-14.43658354509392,-276.3775691109095,-14.679648529028967,-280.61998658725076,-15.655716716710497,-280.0790246274317,-15.554591066117002,-243.18179622727038,-11.141219960601612,-249.13942594053273,-12.230385632346692,-249.71402200591936,-12.160709271442903,-40.972409255609286,-2.8524964971653075,26.50283070964649,4.6883278825118575,-9.062241166658103,-0.5205361085790486,0.27583798882681565,,,,,,,,,,,
events,value_gt_250k,2024-26,30,1432.0,0.16410614525139663,,29.476787030213078,,75.93906425264363,,,le50,235.0,168.80675182126498,27.534175850820432,153.47270356461624,19.93377167988913,139.48216928945448,25.73578259095865,1.8902080375297374,21.476054952060192,1.5776162242790135,16.731825139383343,1.490288635541416,15.586027946438465,1.33140335669066,109.40170011971851,3.6426289063704678,106.23849526103236,3.8160993900680547,103.76526678212139,3.6666989647705606,30.65649935219289,2.7315710255054233,33.17158008880749,3.0707668529674113,120.30068857287354,4.311790394744658,0.5276595744680851,,,,,,,,,,,
events,value_gt_250k,2024-26,30,1432.0,0.33379888268156427,,50.46569528048165,,109.08252034428355,,,le100,478.0,168.80675182126498,27.534175850820432,153.47270356461624,19.93377167988913,154.0730034622737,3.8298394155465054,0.40793412137843715,-0.5486715985868748,-0.05844743540615295,-4.539930224371467,-0.627264644261514,-4.4691957887473945,-0.5874480272962426,71.74925842692855,3.471300349311458,72.74195503199775,3.85109102442772,71.01305751769307,3.700031005872084,21.14038481631113,2.9260136537908332,22.851010282172133,3.219823753902244,98.59414093056358,5.225534827268201,0.4665271966527197,,,,,,,,,,,
events,value_gt_250k,all,5,4014.0,0.9661185849526657,,244.56925586504417,,265.4683151808701,,,any,3878.0,143.62817610527514,33.66029390048659,136.24032290445405,24.08594392176035,146.7155189397573,-392.65117432572896,-21.87127186303553,-397.3655327925079,-22.129649335575003,-393.874005724812,-27.44754955782827,-393.0219572735934,-26.914132952201243,-374.59474857912943,-17.033714279295793,-367.9596821068438,-22.86520007932727,-374.6115825108443,-21.178309740602767,-46.77769086400428,-5.102212273258488,50.1808287639488,11.216606026335592,-20.734277644389106,-1.9003791432019557,0.25322331098504386,,,,,,,,,,,
events,value_gt_250k,all,5,4014.0,0.13577478824115596,,26.25820568927734,,47.35712613388232,,,le50,545.0,143.62817610527514,33.66029390048659,136.24032290445405,24.08594392176035,95.21584366882054,15.396754525640167,1.6877909338133725,11.119081373531397,1.2188725780303038,7.910553847128745,1.1666395526480882,10.248807625956003,1.4568434225395357,43.094714077471835,2.4391470395146597,42.9221147827462,2.845954791927878,39.774420388478994,2.5047401809195553,21.072618277936808,3.1028315468434235,20.17214127530882,2.8465210444982194,56.1333095850219,3.7104133376347486,0.5082568807339449,,,,,,,,,,,
events,value_gt_250k,all,5,4014.0,0.26955655206776286,,49.7673689652668,,79.82136077415382,,,le100,1082.0,143.62817610527514,33.66029390048659,136.24032290445405,24.08594392176035,120.9355535259918,9.243370198592446,1.262026285414244,4.846571170268988,0.6616450101557553,2.2932132204016,0.43781365588347654,4.572896058170477,0.8466035004505447,32.98579020220127,2.3680260885031537,39.376353592811206,3.6072426834838858,38.07914536781328,3.285630195268525,27.05511454159794,5.148085215976493,28.905420426266325,5.307951953578959,64.21326950379905,5.860028930300154,0.49630314232902034,,,,,,,,,,,
events,value_gt_250k,all,15,4014.0,0.9656203288490284,,212.26931824685633,,257.19163819336364,,,any,3876.0,143.62817610527514,33.66029390048659,136.24032290445405,24.08594392176035,146.61023440378693,-374.7628374726372,-20.590516465589623,-379.47707697057854,-20.845570512083594,-375.8374733355539,-26.09515585207257,-375.0287205119323,-25.54075687509653,-356.831819632924,-16.0019211026899,-349.9610299471491,-21.566461378345036,-356.7170064165935,-19.93376591969697,-47.74333484812385,-5.298532360714745,36.640644815371864,8.456075063817954,-21.758463141592046,-2.0097765350306473,0.26006191950464397,,,,,,,,,,,
events,value_gt_250k,all,15,4014.0,0.16567015445939212,,25.02085070892505,,53.691532562345486,,,le50,665.0,143.62817610527514,33.66029390048659,136.24032290445405,24.08594392176035,118.31093291613959,29.178936512752887,2.9397166713242613,24.9160997476366,2.5107594813125624,20.769050684100076,2.8892855082088755,23.612064847688366,3.211372830291289,63.279307727180836,3.446848368443748,69.94819225544911,4.618082607558201,63.30270501510892,4.0137314986272035,33.2987643645829,4.6263587682316345,32.25257359158671,4.536333102281219,82.54844204334293,5.428368926530094,0.5473684210526316,,,,,,,,,,,
events,value_gt_250k,all,15,4014.0,0.30543099152964626,,45.65735246418876,,84.79461805415812,,,le100,1226.0,143.62817610527514,33.66029390048659,136.24032290445405,24.08594392176035,135.24280355005146,14.915084193537117,1.7849492688718933,10.525117268875984,1.2596911847442451,6.200242591578594,0.976134569569324,9.13104581824581,1.405049607943719,57.06891267453537,4.0843525933342075,56.84523710977998,5.211903872208988,55.486252808476166,4.783917158474908,29.629170859602812,4.659720113272244,32.57774896062119,4.470527943750646,80.41156212704858,7.339580665779207,0.49184339314845027,,,,,,,,,,,
events,value_gt_250k,all,30,4014.0,0.9653712007972097,,203.8330876225883,,253.32491394131296,,,any,3875.0,143.62817610527514,33.66029390048659,136.24032290445405,24.08594392176035,146.58548043515913,-368.3325870746253,-20.839470040434524,-373.0468769873539,-21.102185900918162,-369.39360627776546,-26.360389572055595,-368.5889297793185,-25.75207734153672,-350.5948441561864,-16.152730118553066,-343.66118752176004,-21.795100198075005,-350.4284361403507,-20.245688222125384,-50.35819245772789,-5.555033231353453,32.49577077650051,8.593635251061476,-24.452491086684688,-2.282486344370285,0.2670967741935484,,,,,,,,,,,
events,value_gt_250k,all,30,4014.0,0.16940707523667164,,25.250568003288393,,51.65830517410708,,,le50,680.0,143.62817610527514,33.66029390048659,136.24032290445405,24.08594392176035,112.0827386459398,21.12507059276895,2.270036668661503,16.857759428697143,1.8114620311110472,11.466586033597881,1.796373433442151,14.600030150805873,2.197761349343179,67.36998786978971,3.533890292606276,65.76707587308599,4.551272407675384,63.62661019125514,3.970080410118378,24.338371605588037,3.808073139670655,25.353261291578885,3.9990708978594203,78.72180615923897,5.428287079479646,0.5485294117647059,,,,,,,,,,,
events,value_gt_250k,all,30,4014.0,0.3136522172396612,,45.84063637589368,,86.97767955067937,,,le100,1259.0,143.62817610527514,33.66029390048659,136.24032290445405,24.08594392176035,136.6173632687505,9.174157599204564,1.088585855595884,4.773994239181664,0.5665147902318245,2.1177307376201675,0.35756492208683804,4.683021644057718,0.7667667562590533,53.214703213509594,3.679966509517131,53.261982061621964,4.927432842441399,51.95838643161342,4.385173966824035,26.090487287621045,4.3873953256445395,29.737542101469998,4.261749055893649,77.35904405766281,7.136946124983829,0.4996028594122319,,,,,,,,,,,
events,buy_gt_5pct_adv,2020-23,5,1157.0,0.9265341400172861,,442.0079590785949,,411.6557848573366,,,any,1072.0,152.0506331140475,22.03326430294013,163.72099893879562,17.40074757256175,160.9044560181838,-578.719831977206,-18.594718547472596,-583.7837787741433,-18.755429699368317,-573.866170933853,-19.766584438289254,-572.6784437484984,-19.683167227453687,-578.5301341629121,-14.912668480100159,-559.9775479037717,-17.635827080649733,-569.059719514607,-16.80163982877724,-60.96291987253613,-2.6996636690558518,60.142147149089666,8.912538978746005,-48.116499399129665,-1.9650562157895508,0.1912313432835821,,,,,,,,,,,
events,buy_gt_5pct_adv,2020-23,5,1157.0,0.06395851339671564,,30.430811862576377,,75.74003681475872,,,le50,74.0,152.0506331140475,22.03326430294013,163.72099893879562,17.40074757256175,151.45368333700463,35.69142259149226,1.3558646993830725,30.96961361033558,1.1762107776338377,20.167209926202798,0.8286987448460666,24.689007752898853,1.0229520029049757,40.91388509962908,0.7497651822167134,30.352763475166142,0.6108811920370897,33.569022200364294,0.6518764430542029,35.161055669682426,1.446170295562409,35.06144145827291,1.4272623753287679,45.3591361460319,0.9121270303672337,0.4594594594594595,,,,,,,,,,,
events,buy_gt_5pct_adv,2020-23,5,1157.0,0.15038893690579083,,54.3182160316682,,94.49091928065423,,,le100,174.0,152.0506331140475,22.03326430294013,163.72099893879562,17.40074757256175,174.25279279383227,37.09929398119382,1.878849452905485,32.34372352663606,1.637587968514241,24.62799410445608,1.3803438316373586,28.664188356925,1.617994795533317,28.301332599375908,0.7596098693269937,35.69848102681255,1.122118454837252,35.457901296505085,1.07206592529115,52.01900614295577,2.9164935649915438,46.3703338256891,2.5928667031693227,63.081049321917945,1.9749885841519312,0.4942528735632184,,,,,,,,,,,
events,buy_gt_5pct_adv,2020-23,15,1157.0,0.9256698357821953,,394.73684210526255,,410.6414383327417,,,any,1071.0,152.0506331140475,22.03326430294013,163.72099893879562,17.40074757256175,160.8314727160294,-569.9798983865453,-17.824037643984152,-575.0439517618471,-17.980432657946345,-564.947777125639,-19.407227376264263,-563.7779548591391,-19.309677894222304,-569.8689216303434,-14.281678532727573,-551.0185980697578,-17.146115548727867,-560.1975971889306,-16.207099569529387,-72.21004227174366,-3.260756712748217,36.2688261226895,5.3254495193884095,-59.393203103260824,-2.451486976926451,0.19607843137254902,,,,,,,,,,,
events,buy_gt_5pct_adv,2020-23,15,1157.0,0.0881590319792567,,28.858598833968248,,89.98950921277117,,,le50,102.0,152.0506331140475,22.03326430294013,163.72099893879562,17.40074757256175,215.61524634099212,94.92943329910302,2.7927046054927946,90.39171817333796,2.6600367404111664,62.344730397879864,2.133510212251851,68.78341576710173,2.330712340706878,128.6064976319709,2.4218079275388193,109.07011445475071,2.4258281292927797,107.80842103038148,2.284622916938182,75.78882605141007,2.602455906709709,63.845086507969086,2.3990862535128437,122.58809299451426,2.723874036163194,0.5294117647058824,,,,,,,,,,,
events,buy_gt_5pct_adv,2020-23,15,1157.0,0.17286084701815038,,49.18774262096434,,112.42944537603327,,,le100,200.0,152.0506331140475,22.03326430294013,163.72099893879562,17.40074757256175,208.37822471129275,47.34185713710912,2.332115667230338,42.554085021730955,2.096659348614346,30.143882570141862,1.7602402501807506,33.69826531958252,1.9388731902272527,70.68554293216216,2.0215173572229257,67.17840563836619,2.3110770633680646,67.30006765426147,2.184534647930094,54.50534229909308,3.2043826407732015,48.23771578162519,2.97907589739198,91.6087299180976,3.1494226986634875,0.5,,,,,,,,,,,
events,buy_gt_5pct_adv,2020-23,30,1157.0,0.9256698357821953,,376.9740193581245,,410.6414383327417,,,any,1071.0,152.0506331140475,22.03326430294013,163.72099893879562,17.40074757256175,160.8314727160294,-567.9292721323852,-18.3777749575467,-572.9933255076869,-18.539821786772965,-562.8971508714787,-19.570967086538676,-561.7273286049789,-19.439958828353465,-568.187568398708,-14.958978124500659,-549.3372448381224,-17.705785786173163,-558.516243957295,-16.926856378955843,-80.35243112036218,-3.500366472758138,34.54057731546312,5.645534047388325,-67.907747950569,-2.7999567601227118,0.19607843137254902,,,,,,,,,,,
events,buy_gt_5pct_adv,2020-23,30,1157.0,0.08383751080380294,,26.00780234070258,,79.65781417777818,,,le50,97.0,152.0506331140475,22.03326430294013,163.72099893879562,17.40074757256175,145.62282872967737,16.034095425783317,0.9920767781664436,11.501646679380118,0.7109771711622275,6.1761888192343095,0.40145744434845726,12.020969045209743,0.7893812530774198,66.20939480593609,1.673432655509301,63.1329250108483,1.750790677945863,65.82533811489415,1.7407052659313438,19.23433257727703,1.2601150975241657,20.106546809785243,1.2806341315563607,76.25949233262939,2.115881247991613,0.4536082474226804,,,,,,,,,,,
events,buy_gt_5pct_adv,2020-23,30,1157.0,0.17286084701815038,,50.431186744231915,,130.24803794108863,,,le100,200.0,152.0506331140475,22.03326430294013,163.72099893879562,17.40074757256175,186.84668370698262,8.532365771265537,0.6538989241621498,3.7170496845141288,0.2849322590909739,0.8907281617069468,0.08334561658710976,4.555242981900298,0.4174161753110594,66.58982234111396,2.108010671368138,68.08320586868128,2.4687761960017123,71.16575734725562,2.4398176646605303,26.564117599736115,2.4775646687835926,30.352587243596684,2.5177562902780943,93.91784980641296,3.3965914265479955,0.49,,,,,,,,,,,
events,buy_gt_5pct_adv,2024-26,5,566.0,1.0,,253.7748206377306,,324.09693924313365,,,any,566.0,211.01718449317679,17.998678123490766,201.78602048402666,12.053719871223564,211.01718449317679,-277.78062673752333,-11.137767480783994,-282.6272996594083,-11.328163727501368,-285.4747974187335,-11.81417916884734,-285.3844578293063,-11.78106003401991,-249.31865393364808,-7.917444317295169,-253.8078025000015,-8.535194630837266,-257.44769440404093,-8.691269139459067,-36.24577918559976,-1.8964267270172805,52.469597121296765,4.6936770881185295,-3.6107349559994275,-0.14244363727007148,0.22968197879858657,,,,,,,,,,,
events,buy_gt_5pct_adv,2024-26,5,566.0,0.08303886925795052,,34.82298316889279,,121.21212121212199,,,le50,47.0,211.01718449317679,17.998678123490766,201.78602048402666,12.053719871223564,200.51098388868633,57.889337021619355,1.7795662308832754,53.372858324345394,1.6399712772577728,43.83314260627451,1.3730821764697476,42.994294666625365,1.315439733732995,127.93523018226345,1.5640565278628493,141.7448652744206,1.743028565921746,124.73078302442394,1.5537883768066554,60.199402463370085,1.8800618169956296,45.22491379265324,1.5390964437230596,158.2228311832423,1.940181728274595,0.574468085106383,,,,,,,,,,,
events,buy_gt_5pct_adv,2024-26,5,566.0,0.21024734982332155,,58.60805860805866,,161.60507668296242,,,le100,119.0,211.01718449317679,17.998678123490766,201.78602048402666,12.053719871223564,207.63105918715723,28.89156680269406,1.3679966558990286,24.312312903924884,1.1508195121751803,16.125796054992332,0.7743231430630539,15.15378875932747,0.7210129826341312,47.55619545793235,0.9975754467161678,69.42430453661484,1.5062486812769307,54.71651646118105,1.1928743680533729,45.93265914098822,2.2275083175165014,50.04084222403138,2.4608772590169465,99.21790950610979,2.160193979326085,0.46218487394957986,,,,,,,,,,,
events,buy_gt_5pct_adv,2024-26,15,566.0,1.0,,231.7009594587094,,315.0003716946392,,,any,566.0,211.01718449317679,17.998678123490766,201.78602048402666,12.053719871223564,211.01718449317679,-257.1781962023572,-10.472500265499038,-262.0248691242422,-10.666845831311944,-264.87236688356734,-11.280116857299609,-264.78202729414016,-11.21611713104569,-228.33645801144218,-7.367005290926081,-232.82560657779558,-8.010132418674328,-236.46549848183506,-8.185853258259089,-33.77148963938455,-1.615714127203722,33.09332227813476,3.0388767225817834,-0.7103259971251201,-0.02629362112926667,0.24381625441696114,,,,,,,,,,,
events,buy_gt_5pct_adv,2024-26,15,566.0,0.10424028268551237,,31.796502384737007,,122.69941611582347,,,le50,59.0,211.01718449317679,17.998678123490766,201.78602048402666,12.053719871223564,269.9881766504675,108.26061808008986,3.5939222158365314,103.73140477814192,3.44279383958043,85.59225723092312,2.7431726774726233,88.4375196925996,2.858383254419407,207.59960319992246,2.398159824909127,211.63297776437,2.404602998833459,196.39449572115026,2.259804499976762,100.70922271925475,3.2096237514196644,101.52073462710293,3.3360645963551274,227.00387348593833,2.5659837987675385,0.711864406779661,,,,,,,,,,,
events,buy_gt_5pct_adv,2024-26,15,566.0,0.24911660777385158,,53.715308863025456,,161.60507668296242,,,le100,141.0,211.01718449317679,17.998678123490766,201.78602048402666,12.053719871223564,222.06740158147616,35.36961143944669,1.8742432416777302,30.780560732993834,1.630906373672195,20.322574768845524,1.1422806245861588,24.297820066989896,1.3579646799243836,149.3509407564903,3.4314618529735763,142.69741092599094,3.3978358992532613,137.0271943120046,3.2803483823564035,47.517371007653296,2.7010063516506473,48.01500075756646,2.752681654313936,170.26036157339863,4.055003665472778,0.48936170212765956,,,,,,,,,,,
events,buy_gt_5pct_adv,2024-26,30,566.0,1.0,,230.63495439186087,,304.4154753905526,,,any,566.0,211.01718449317679,17.998678123490766,201.78602048402666,12.053719871223564,211.01718449317679,-253.39170924025433,-10.660666455146679,-258.23838216213926,-10.861522028723407,-261.0858799214644,-11.28845644891885,-260.9955403320373,-11.265265015306118,-224.7335803723261,-7.366752568850703,-229.2227289386795,-8.05710591336811,-232.86262084271897,-8.197751344793193,-31.364015637389492,-1.569383750052288,23.02196098886268,2.230809046938101,1.6007634067981922,0.06204039369646194,0.26148409893992935,,,,,,,,,,,
events,buy_gt_5pct_adv,2024-26,30,566.0,0.10247349823321555,,33.3433391144506,,146.0764220209565,,,le50,58.0,211.01718449317679,17.998678123490766,201.78602048402666,12.053719871223564,262.329523157339,95.89507142942865,3.037171290120478,91.3739319946731,2.8936278835773246,74.34317999121494,2.361175930614142,78.32838671263806,2.4641041132395887,229.24090379984733,2.61983193149045,222.7455197555224,2.507234184364328,214.46353528720041,2.447048158173765,90.09933865526041,2.859313846362328,83.5814661298453,2.750356454639969,238.70211676081522,2.6835221681929187,0.6896551724137931,,,,,,,,,,,
events,buy_gt_5pct_adv,2024-26,30,566.0,0.254416961130742,,58.59380587940756,,160.84251250037318,,,le100,144.0,211.01718449317679,17.998678123490766,201.78602048402666,12.053719871223564,230.34341282412396,25.250266287305525,1.466524631134334,20.6588649483208,1.1999685633446526,12.163101608436898,0.7651490639168214,11.15456078433502,0.6857561927029135,79.92153343262092,1.7844377102157307,89.73630781778958,2.0557098578369284,79.19131444595074,1.8108255180330934,40.92715136098746,2.6131205126902275,38.53340035965758,2.50300194257744,118.58492095649622,2.7274612792602424,0.5138888888888888,,,,,,,,,,,
events,buy_gt_5pct_adv,all,5,1723.0,0.950667440510737,,345.77895721217004,,375.0323821360902,,,any,1638.0,171.42095701456245,27.93191084166196,177.6901436379417,20.659515641704857,178.22057586973813,-474.73229219353055,-20.433817900865275,-479.7211614487831,-20.644638143389333,-474.2144509035981,-21.999010314791303,-473.40591869949793,-21.903142275246108,-464.7732978932152,-16.089677893713166,-454.18262977279863,-18.788641777328724,-461.38425784636496,-18.096889939063814,-52.422076387306596,-3.2436778909651505,57.2473755268821,9.621551938006146,-32.73782865748639,-1.7916941100185553,0.2045177045177045,,,,,,,,,,,
events,buy_gt_5pct_adv,all,5,1723.0,0.0702263493905978,,33.23047709470699,,92.64593977726277,,,le50,121.0,171.42095701456245,27.93191084166196,177.6901436379417,20.659515641704857,170.5089984273273,44.313752989971384,2.1675068621019364,39.671700400074926,1.9397494662714567,29.359762289536427,1.5161859159488107,31.799325810296754,1.6359706286651097,74.71556459453664,1.6161424281361987,73.62076995917408,1.6647694666412878,68.97896235516433,1.5491574778926918,44.88669450689995,2.315565078007682,38.88360199427919,2.065599139961802,89.19875322660121,2.0127219926179074,0.5041322314049587,,,,,,,,,,,
events,buy_gt_5pct_adv,all,5,1723.0,0.17005223447475334,,55.47850208044429,,121.21212121212199,,,le100,293.0,171.42095701456245,27.93191084166196,177.6901436379417,20.659515641704857,187.80915354743524,33.765780212451595,2.328285812446051,29.08181955358954,2.0047636728210376,21.1748829512609,1.5644391607699655,23.177029475989485,1.7128521011810023,36.12156700268039,1.2308342414468671,49.395999790179374,1.8591826581199418,43.27965967396734,1.601615868383997,49.547076814511605,3.675769286836464,47.85415636969981,3.5630627004458226,77.75779458443955,2.9254047979044273,0.4812286689419795,,,,,,,,,,,
events,buy_gt_5pct_adv,all,15,1723.0,0.9500870574579222,,308.74785591766874,,366.4417730323155,,,any,1637.0,171.42095701456245,27.93191084166196,177.6901436379417,20.659515641704857,178.1834048271262,-461.8273245097888,-19.37774347996457,-466.8162176305799,-19.583518216302778,-461.19537505049385,-21.29160550604945,-460.39878870044066,-21.176859823023648,-451.78255974378385,-15.259220402473254,-441.0019620377171,-18.043723576760183,-448.26579030547543,-17.281505117830015,-58.91974246116625,-3.6447504808656506,35.079701278771125,5.952590078128361,-39.10333844713816,-2.1218947637918006,0.2125839951130116,,,,,,,,,,,
events,buy_gt_5pct_adv,all,15,1723.0,0.0934416715031921,,29.49127549766465,,99.76731234467628,,,le50,161.0,171.42095701456245,27.93191084166196,177.6901436379417,20.659515641704857,235.54073011899862,99.81477430580007,4.131913758992324,95.28017475522263,3.944983666700464,70.86401041744232,3.2591966899208322,75.98585136712889,3.4789062210562074,157.55428165997796,3.399115998371752,146.6552631210087,3.389778919219712,140.2716409481166,3.2002379458770647,84.92114532720407,3.9081666566514177,77.36967814047867,3.8171215551355595,160.8522610006883,3.7046631108901944,0.5962732919254659,,,,,,,,,,,
events,buy_gt_5pct_adv,all,15,1723.0,0.1979106210098665,,51.56115726152957,,134.680308241244,,,le100,341.0,171.42095701456245,27.93191084166196,177.6901436379417,20.659515641704857,214.03855884236566,42.391456423412926,2.9842516444682197,37.68585357096281,2.653244239079872,26.082872599517863,2.0987193497597714,29.81127769314392,2.3710850253377846,103.21287751641515,3.7640269872747916,98.40473920304387,4.01990155953318,96.13151885291771,3.8290994728071834,51.61588789412824,4.187868153733283,48.145534638736834,4.044289610444242,124.13037233275286,5.067235154838671,0.49560117302052786,,,,,,,,,,,
events,buy_gt_5pct_adv,all,30,1723.0,0.9500870574579222,,304.87804878048746,,367.8328433471778,,,any,1637.0,171.42095701456245,27.93191084166196,177.6901436379417,20.659515641704857,178.1834048271262,-459.17651672801986,-19.95301174584465,-464.16540984881095,-20.16628434261802,-458.54456726872485,-21.52557452394395,-457.74798091867166,-21.390953774920334,-449.4368309381509,-15.849592481560787,-438.65623323208416,-18.563681131946904,-445.92006149984246,-17.917133057452006,-63.41446950560192,-3.8443706465182177,30.265873122384715,5.5785880194521615,-43.87487230715433,-2.4062362157856647,0.21869273060476482,,,,,,,,,,,
events,buy_gt_5pct_adv,all,30,1723.0,0.08995937318630295,,29.29329915781832,,93.16761218389979,,,le50,155.0,171.42095701456245,27.93191084166196,177.6901436379417,20.659515641704857,189.2937208380927,45.91755741424415,2.882750605789724,41.3893405392962,2.597290983065157,31.68383712874964,2.044898769649299,36.832776946570014,2.3734339156713067,127.21473365527062,3.0555118552396117,122.85892820562958,3.013931321898036,121.44479254066037,2.967819600676193,45.75156065807082,2.955801365808049,43.07444524796486,2.8598343132598663,137.04447437672476,3.3577968961941638,0.5419354838709678,,,,,,,,,,,
events,buy_gt_5pct_adv,all,30,1723.0,0.1996517701683111,,54.306325170180756,,140.54469394752965,,,le100,344.0,171.42095701456245,27.93191084166196,177.6901436379417,20.659515641704857,205.05461682578596,15.530556684956697,1.4824653233873664,10.808972353084366,1.031887947774836,5.609396116152042,0.6161831847394997,7.317748108500879,0.7869171798138327,72.17053861197734,2.7532845937289325,77.1472950566801,3.1754158863960575,74.52529287694195,2.9906991597750308,32.57655033700412,3.598892970877258,33.775420031028695,3.5508471174850915,104.2436005204013,4.294541188502861,0.5,,,,,,,,,,,
events,first12,2020-23,5,2933.0,0.9757927037163314,,349.376572977269,,273.8595697773194,,,any,2862.0,119.48359916772962,17.266238520326024,103.81653801043355,13.415300433921699,119.20516671867641,-441.54934357790705,-17.858777140174375,-446.35483684654406,-18.05165852216363,-439.83585134578067,-24.94137165864328,-438.5199581139708,-24.28030967928072,-428.5248464299843,-12.92828187799562,-416.9738320020191,-19.180758274177624,-424.3293856549542,-16.803221166969323,-11.40402041866757,-0.9162603336547032,52.85596424932219,7.43442156176667,11.644603911035729,0.7195807418726576,0.22886093640810623,,,,,,,,,,,
events,first12,2020-23,5,2933.0,0.11694510739856802,,24.421778480101636,,31.141710729793992,,,le50,343.0,119.48359916772962,17.266238520326024,103.81653801043355,13.415300433921699,88.895001495234,23.061087952923483,1.470504108852482,18.72643765437418,1.1939679974578175,13.063252029388572,1.3375466270854266,16.638177629327522,1.6063358559917618,32.24482001389428,1.1737270307202323,39.34999549432029,2.0926659819028175,26.21089585272285,1.2261290882609999,25.183787753836377,2.5741092893057322,23.4496671482289,2.4091802256220287,51.493617122073104,2.7351664371683864,0.521865889212828,,,,,,,,,,,
events,first12,2020-23,5,2933.0,0.22025230139788612,,45.74914885304429,,57.57814501524794,,,le100,646.0,119.48359916772962,17.266238520326024,103.81653801043355,13.415300433921699,100.01066083072142,11.299373088258708,0.9533014410110259,6.856108817800765,0.5788497707660094,0.25240903062391895,0.036630254007221016,3.749895795858059,0.5084060959918022,20.283209158014497,1.009861910766503,23.476451642793467,1.7426241817469905,19.384262239444272,1.2627447387996424,23.985922609621834,3.493768177501822,24.997394028085694,3.5148592868290565,47.242171800301584,3.5034912232192164,0.4953560371517028,,,,,,,,,,,
events,first12,2020-23,15,2933.0,0.9754517558813501,,323.67331576966484,,268.4560753898269,,,any,2861.0,119.48359916772962,17.266238520326024,103.81653801043355,13.415300433921699,118.94025815353635,-436.9329759289901,-17.54483605954512,-441.7386668126506,-17.73644490739988,-435.0138682923801,-24.05779770294219,-433.7528140054633,-23.419264483685517,-424.37998228850444,-12.690740262638782,-412.4201885003741,-18.42492630230546,-419.9153241843269,-16.218419743290134,-23.015164447090235,-1.9086499309857923,44.57473985970393,6.232165670457827,-0.09057204017708193,-0.005632419877153941,0.23348479552603985,,,,,,,,,,,
events,first12,2020-23,15,2933.0,0.13365155131264916,,24.42401101198176,,36.403561233452336,,,le50,392.0,119.48359916772962,17.266238520326024,103.81653801043355,13.415300433921699,98.52761183278687,18.198871405952975,0.9380305301529095,13.923122333279311,0.7176199488362603,13.866662986368333,0.977162668890713,16.746299374118994,1.151390965748954,33.180927997966734,1.2551981732271877,50.675254578466415,2.972470802766265,36.75257972188682,1.8468463365837273,26.151580116390956,1.8382220938075737,23.276610080808293,1.656004874805407,62.987853762443656,3.6833105584872348,0.5102040816326531,,,,,,,,,,,
events,first12,2020-23,15,2933.0,0.2458233890214797,,44.79283314669558,,61.75056633287879,,,le100,721.0,119.48359916772962,17.266238520326024,103.81653801043355,13.415300433921699,123.88805862803174,20.80624642211471,1.145589057784578,16.36027212476725,0.9010034675518069,9.670773287318129,0.6758976339206529,12.75871147920746,0.8804825407533432,35.370340804802794,1.703271006717827,34.9672498138193,2.6938136381038067,27.53136113135104,1.8108494569860782,33.28175182126411,2.3193147854014695,35.331028814658396,2.1223605361246043,58.63679523347317,4.5030951596951985,0.4868238557558946,,,,,,,,,,,
events,first12,2020-23,30,2933.0,0.9747698602113877,,303.23005932762084,,262.3425235676358,,,any,2859.0,119.48359916772962,17.266238520326024,103.81653801043355,13.415300433921699,118.92213350579685,-434.39863916667565,-17.56554237442043,-439.20441289519755,-17.75828751069504,-432.4341601036582,-23.694234576801325,-431.1765374425788,-23.01676607205298,-421.8873191407504,-12.714116177733823,-409.9381380630294,-18.15685990216076,-417.45438390303264,-16.081830513275726,-33.77304764658321,-2.947120684292189,43.55374531107318,6.594491452545429,-10.898642081315577,-0.7211309180879473,0.23749562784190276,,,,,,,,,,,
events,first12,2020-23,30,2933.0,0.13433344698261165,,23.585200842725676,,33.895265175099,,,le50,394.0,119.48359916772962,17.266238520326024,103.81653801043355,13.415300433921699,82.79392175853849,1.3188961105556243,0.08604616228581283,-3.016796083043434,-0.1968083328580044,-1.9693215734687564,-0.21663396409983415,0.839718228035407,0.08637223057767426,40.916982179909255,1.6156700548784493,53.41379495917812,3.670805127495207,41.26142592472359,2.3459466412600203,10.234266450006062,1.1206375947985232,10.61227855306005,1.152271156764414,65.68086805968441,4.495816532965216,0.5304568527918782,,,,,,,,,,,
events,first12,2020-23,30,2933.0,0.2557108762359359,,46.359395008552426,,64.54403694038601,,,le100,750.0,119.48359916772962,17.266238520326024,103.81653801043355,13.415300433921699,118.56564548353126,10.296175938117418,0.7549880106110896,5.795726927403151,0.4251046036982837,4.204441046743867,0.4524889784601096,7.121018719954827,0.7311248238271256,32.242103922597785,1.5855243510311956,35.13189736093763,2.801160882522617,28.732308256856818,1.9566079352566244,28.35539880405807,3.031083023496157,33.61441646130693,2.9827936217973012,59.326630013411716,4.724844771203147,0.5026666666666667,,,,,,,,,,,
events,first12,2024-26,5,1815.0,0.9994490358126722,,257.7731569353599,,253.29400765807142,,,any,1814.0,136.14817048593582,29.491826301682003,123.15215245225873,23.073895405707443,136.1371476198119,-345.8649805025317,-17.602647607345414,-350.52913647365716,-17.83604491311513,-355.7179829169737,-19.014662034185378,-354.6355380165016,-18.809842631177705,-310.9507535315594,-14.359189308090256,-319.52675499582267,-15.962510751998261,-320.71933839175864,-15.901861489884112,-54.253385843013646,-4.188462905528107,37.14536334368471,8.369695073268161,-16.93885093998201,-1.1337222483945162,0.21885336273428888,,,,,,,,,,,
events,first12,2024-26,5,1815.0,0.11515151515151516,,30.72196620583626,,60.60606060606099,,,le50,209.0,136.14817048593582,29.491826301682003,123.15215245225873,23.073895405707443,109.20354325426977,27.75459253984522,1.716331900892594,23.484352769087423,1.4522405967772072,22.817752955639403,1.5708847968916058,20.06223336836943,1.3290258932374455,65.1451090412751,2.3937797286641227,70.25512398283998,2.7256247695962097,64.55610677881283,2.530676308632609,36.93234207386828,2.5387172287179114,42.200608875652534,2.861926783823724,84.43511196822422,3.272532511645703,0.507177033492823,,,,,,,,,,,
events,first12,2024-26,5,1815.0,0.24683195592286503,,52.87177342826825,,89.9485001775835,,,le100,448.0,136.14817048593582,29.491826301682003,123.15215245225873,23.073895405707443,123.62727767624189,8.999575390521787,0.8592077018235208,4.652315593567578,0.4442196835038977,1.935947672127174,0.21714799581733438,0.9663710129615264,0.10357313257159223,67.84414694847602,3.749594235789864,68.74754160734982,4.083845957743059,64.70660368316737,3.8936444712064233,28.12804644452961,3.174396160876019,33.01753090974862,3.7017657966193487,95.1314529465294,5.64583387361159,0.4375,,,,,,,,,,,
events,first12,2024-26,15,1815.0,0.9994490358126722,,230.1110680614754,,233.82209591632176,,,any,1814.0,136.14817048593582,29.491826301682003,123.15215245225873,23.073895405707443,136.1371476198119,-316.44017331973214,-16.185320057235543,-321.10432929085755,-16.420219802159135,-326.2931757341742,-17.768532952921824,-325.210730833702,-17.499644903302297,-281.204703914991,-13.152739493099212,-289.7807053792542,-14.862569737358292,-290.9732887751902,-14.72715625117579,-44.32486210571561,-3.4688847214077527,30.51269787805688,6.9386841904400685,-6.821566417754136,-0.4616850887368547,0.23373759647188533,,,,,,,,,,,
events,first12,2024-26,15,1815.0,0.13553719008264462,,26.80291281125409,,62.03000526228575,,,le50,246.0,136.14817048593582,29.491826301682003,123.15215245225873,23.073895405707443,132.31227508061357,30.684265073782722,2.657822310001175,26.4067337379255,2.2877303192367218,23.08925845625205,2.261037857601488,22.008511845855505,2.1564295577245236,85.0377348606581,2.9679727005165195,87.0287177059445,3.1987839064611516,79.99410612151046,2.986700531295227,36.31886233285704,3.538108083439264,41.32020786485862,4.0817244517952345,100.36097846580851,3.6774235431152755,0.5447154471544715,,,,,,,,,,,
events,first12,2024-26,15,1815.0,0.27548209366391185,,51.22984604969453,,89.19078013205683,,,le100,500.0,136.14817048593582,29.491826301682003,123.15215245225873,23.073895405707443,130.94426871113495,10.442412135762769,1.1093189445487408,6.086732538406412,0.6466930629275677,2.865695857840989,0.37149724469654855,3.4778324682159822,0.4305739953862789,73.91504090037353,3.8107496946787256,71.29505834794399,4.1740092709505445,68.36096446719178,4.026812897104666,28.256767071082187,3.6754766912342376,33.93178172244401,4.37493419972287,96.88425519393152,5.671353586552282,0.458,,,,,,,,,,,
events,first12,2024-26,30,1815.0,0.9994490358126722,,218.0187974036589,,230.18772712205094,,,any,1814.0,136.14817048593582,29.491826301682003,123.15215245225873,23.073895405707443,136.1371476198119,-307.56652148157644,-16.599084781828637,-312.23067745270185,-16.846893072840224,-317.4195238960184,-18.215448923514845,-316.3370789955463,-17.960479607457255,-272.28101531923363,-13.19122180273341,-280.8570167834968,-15.008370015322733,-282.04960017943284,-14.865741031285665,-35.32583400484816,-2.7896681418408025,29.81393297019705,6.58775987185188,2.2474875185855967,0.1530694364298007,0.2414553472987872,,,,,,,,,,,
events,first12,2024-26,30,1815.0,0.13663911845730028,,28.098521056267913,,67.62027782105773,,,le50,248.0,136.14817048593582,29.491826301682003,123.15215245225873,23.073895405707443,133.1858982127085,35.86763535974203,2.495450712194248,31.59558158483012,2.198312795443464,27.224782434809697,2.079486968725905,26.435619503690035,1.9831995697571232,80.09855220758713,2.600096297877104,86.99847552528513,2.9753252466302125,81.57856437831724,2.771243328751197,40.68692850428741,3.105780184660055,40.991984045309394,3.1356391400568304,100.54070190935644,3.433821468460011,0.5040322580645161,,,,,,,,,,,
events,first12,2024-26,30,1815.0,0.2793388429752066,,50.82284607937893,,90.98790164130399,,,le100,507.0,136.14817048593582,29.491826301682003,123.15215245225873,23.073895405707443,134.14742154280003,11.740789319367154,1.282838404677506,7.368977633518607,0.8052965415150583,3.08692169125727,0.4090051852352693,3.9966526391887367,0.5063298254943182,70.8574764179853,3.680656969465736,74.86393522789588,4.173001174118462,71.34687287441595,3.9371075236704187,28.228263069397435,3.7593248388874176,27.575432103215192,3.611135046565737,100.18456747244879,5.586734000231539,0.4536489151873767,,,,,,,,,,,
events,first12,all,5,4748.0,0.9848357203032856,,307.48702998954207,,264.66048952554445,,,any,4676.0,125.85390180937753,27.18274545992906,111.87393572747527,22.149350792524718,125.77373244892874,-404.42970401017163,-23.41810176636677,-409.18036711249425,-23.689792225038847,-407.20329930774477,-30.62664143838989,-405.97796965015357,-29.961058872277476,-382.913339903521,-17.115120989334862,-379.17036799662117,-24.02576772995328,-384.13506877397964,-21.660784780481354,-28.026935063612772,-3.046855237386988,46.22709932439976,10.200805386194634,0.5559839153671743,0.0484694883765981,0.2249786142001711,,,,,,,,,,,
events,first12,all,5,4748.0,0.11625947767481044,,25.99883415129257,,39.51019682866597,,,le50,552.0,125.85390180937753,27.18274545992906,111.87393572747527,22.149350792524718,96.5842863279124,24.838157624421022,2.1610282034394657,20.527894645271044,1.7858695078120976,16.756532271392967,2.0498290266722488,17.934604530522737,2.086589441785465,44.70163234491348,2.242235405265856,51.05139378073445,3.356100069974155,40.72928187365185,2.4778038361961774,29.63206284964556,3.619029675545742,30.59454271351114,3.724856745201689,63.96603093157597,4.199934547634267,0.5163043478260869,,,,,,,,,,,
events,first12,all,5,4748.0,0.23041280539174389,,49.33506634216705,,72.7503473820057,,,le100,1094.0,125.85390180937753,27.18274545992906,111.87393572747527,22.149350792524718,109.68181654077001,10.357591215693681,1.262115277906564,5.953641391423737,0.7258898060634169,0.9418288765045947,0.1724540851703394,2.610024586774287,0.4505860401499307,39.75971750365139,2.841064344460044,42.01525265204507,3.9843141312208106,37.94405105734916,3.3418336989411834,25.682148823551163,4.7267520862615,28.34479771240582,5.098278281005892,66.85313885104205,6.3324182947574785,0.4716636197440585,,,,,,,,,,,
events,first12,all,15,4748.0,0.9846251053074979,,275.715800636267,,255.20132660465043,,,any,4675.0,125.85390180937753,27.18274545992906,111.87393572747527,22.149350792524718,125.61301911435429,-390.179191130446,-22.313766890409862,-394.9299634405581,-22.582250462991475,-392.8279140034848,-28.904403587078658,-391.63616397903013,-28.236536889022002,-368.8249117067818,-16.292692309307863,-364.8334457449278,-22.557419770205982,-369.88305632717737,-20.366616875788647,-31.283782961046693,-3.511865124758436,38.707706075973675,8.468722145191382,-2.7023418371663412,-0.23745631373971807,0.23358288770053476,,,,,,,,,,,
events,first12,all,15,4748.0,0.13437236731255264,,25.284450063211487,,46.67447260202961,,,le50,638.0,125.85390180937753,27.18274545992906,111.87393572747527,22.149350792524718,111.5543001697232,23.012988713611467,1.809311809669362,18.736552436011227,1.4730810734251865,17.422710769426942,1.82289681905906,18.77530292905188,1.9244485690470134,53.17587233687281,2.70473490723443,64.69242061194542,4.3678189946507855,53.425644759986206,3.336797760099511,30.071880155968785,3.1369386538665966,30.303203448635585,3.2102748742402216,77.39818084242447,5.2092230750138775,0.5235109717868338,,,,,,,,,,,
events,first12,all,15,4748.0,0.2571609098567818,,47.37563894776332,,76.77535808090718,,,le100,1221.0,125.85390180937753,27.18274545992906,111.87393572747527,22.149350792524718,126.77757954658341,16.562252037859214,1.4534006168744003,12.153253457133822,1.066734998320542,6.884091293265247,0.7634697588720073,8.958187723682697,0.9767701999601606,51.154411278009476,3.501359704670553,49.84350228479584,4.802436822962546,44.2511004171171,3.8931352172364315,31.2240185083313,3.455587376588546,34.747518022201675,3.398356715142262,74.29914574963139,7.145037947401381,0.475020475020475,,,,,,,,,,,
events,first12,all,30,4748.0,0.9842038753159225,,263.7889688249387,,251.50304070358897,,,any,4673.0,125.85390180937753,27.18274545992906,111.87393572747527,22.149350792524718,125.60478610644385,-385.164001571818,-22.309297772010815,-389.91480106282285,-22.581009068824134,-387.78692062566574,-28.65452856314025,-386.5972997745033,-27.95391130565703,-363.8120280788562,-16.219726550028504,-359.83046547559684,-22.236695595078924,-364.8919448543251,-20.141537081593164,-34.375819838728006,-4.015862946288425,37.87677814152531,8.775938520111023,-5.795479424730783,-0.5328966595383899,0.23903274127969185,,,,,,,,,,,
events,first12,all,30,4748.0,0.13521482729570344,,25.328249364522378,,45.38297920784529,,,le50,642.0,125.85390180937753,27.18274545992906,111.87393572747527,22.149350792524718,102.25998119877863,14.664826537032617,1.3439493715882083,10.353717408596195,0.9488152457835983,9.308151625990831,1.241695156577819,10.727231493397317,1.3660980656991988,56.05254194137983,2.8631541162647984,66.38731642396712,4.61482421356597,56.83564763265385,3.6211545712589284,21.997911604930945,2.9258675258730666,22.407885281429444,2.9742219002114103,79.14697210130228,5.48824755539147,0.5202492211838006,,,,,,,,,,,
events,first12,all,30,4748.0,0.264743049705139,,48.53060124022678,,77.51967785028401,,,le100,1257.0,125.85390180937753,27.18274545992906,111.87393572747527,22.149350792524718,124.85041912080194,10.878848161103589,1.2182306736437807,6.430283894786233,0.7202679940711063,3.753699349662159,0.5937460677728814,5.860832878309315,0.8847025676601709,47.817278031715894,3.3168474708949782,51.157468720164225,4.9104219637160025,45.92052167062172,4.017758809340583,28.304119712989703,4.459442544911205,31.140556147812276,4.235539968951157,75.80632316514743,7.273067408610457,0.48289578361177404,,,,,,,,,,,
events,ceo_and_250k,2020-23,5,734.0,0.9863760217983651,,210.56846664736082,,236.6164897839207,,,any,724.0,171.29367933393803,12.400556152423881,144.7113052860934,8.587392184921562,172.78228678908587,-412.2120454160224,-10.979379803315712,-416.99590989559476,-11.105867767387807,-408.68020283049145,-12.293790237117987,-409.3852867111062,-12.163562578954105,-396.32195061688714,-8.579935656830859,-383.45626455219315,-9.761476712650964,-394.97391583458284,-9.477188996817077,-21.35770542684175,-0.9858936409341321,78.45182699095731,5.3382684584281215,2.9466767335922577,0.10438751411764434,0.3080110497237569,,,,,,,,,,,
events,ceo_and_250k,2020-23,5,734.0,0.15122615803814715,,25.91792656587571,,53.12655917180997,,,le50,111.0,171.29367933393803,12.400556152423881,144.7113052860934,8.587392184921562,100.44619281272284,13.686053079284052,0.644689555381051,9.209232467104618,0.43388847054832663,20.564681092560335,1.719290882718031,23.66315477319978,1.9156933112598193,36.7603826242222,0.8715634959421729,62.35033978024147,1.9144239516058847,55.180500019640384,1.558072241338568,33.315412381808606,2.788847317934149,31.311703907785446,2.529414606781436,75.14707361097692,2.304524825726904,0.5495495495495496,,,,,,,,,,,
events,ceo_and_250k,2020-23,5,734.0,0.31607629427792916,,51.13022412771498,,70.61765800053243,,,le100,232.0,171.29367933393803,12.400556152423881,144.7113052860934,8.587392184921562,134.28238191552154,21.064323755831364,1.3610756699341768,16.44479281704284,1.0625904864136475,20.30234985578306,1.9360808130088376,23.21394845090346,2.179663697012224,38.78197074053395,1.2932781081383657,55.17300422581014,2.291103041982002,54.90027419568942,2.123074846193094,45.03366196395381,4.278422976452828,45.086251124199784,4.150971246779379,79.98856230031939,3.310036920533728,0.5818965517241379,,,,,,,,,,,
events,ceo_and_250k,2020-23,15,734.0,0.9836512261580381,,180.64591355186428,,228.92819728380977,,,any,722.0,171.29367933393803,12.400556152423881,144.7113052860934,8.587392184921562,172.28928218282203,-401.54782145111795,-10.725959871176515,-406.33123979330924,-10.853149775290968,-397.20723198726364,-12.025122114307127,-398.14905841251687,-11.87159201113071,-386.9866288465781,-8.392784528182364,-372.8382219859436,-9.492704436980954,-384.92807594342656,-9.235288585511157,-31.11964282061224,-1.4829738907945347,59.850341851140826,4.283995900300775,-7.631286680970916,-0.2764614131568019,0.31301939058171746,,,,,,,,,,,
events,ceo_and_250k,2020-23,15,734.0,0.18119891008174388,,25.284450063211487,,55.61760862605291,,,le50,133.0,171.29367933393803,12.400556152423881,144.7113052860934,8.587392184921562,126.61798336806856,44.28907892870163,1.658050502989698,39.96905983324477,1.4970080133226904,37.24440766888537,2.3383617419696288,42.34135606617099,2.5891969342187817,83.48307389387529,1.899490535964169,81.10202012584917,2.508757294071387,76.58825507163122,2.2368775713081934,49.880111432800284,3.127344456921587,38.77144052774076,3.0841451493932843,93.81444393636335,2.8957354646418527,0.5864661654135338,,,,,,,,,,,
events,ceo_and_250k,2020-23,15,734.0,0.3528610354223433,,48.27031375703897,,79.68099405030182,,,le100,259.0,171.29367933393803,12.400556152423881,144.7113052860934,8.587392184921562,171.00275693406127,55.4568723698094,2.1253994135357,50.93681613004503,1.9526067619036258,39.4986439753739,1.790587606848876,43.83953688701765,1.9885791195472984,83.25362581544434,2.717435400341504,76.17494663230354,3.1827198202537144,76.10895512647645,2.93932881912035,63.63806896879898,2.873621745712481,65.16669670312875,2.3527189497762446,100.3965869822366,4.180288331399537,0.5637065637065637,,,,,,,,,,,
events,ceo_and_250k,2020-23,30,734.0,0.9836512261580381,,166.29737044882063,,233.78028577972555,,,any,722.0,171.29367933393803,12.400556152423881,144.7113052860934,8.587392184921562,172.28928218282203,-399.0883844831442,-10.757058881430865,-403.8718028253354,-10.885209162406102,-394.7477950192898,-12.032561278645638,-395.68962144454304,-11.886069315467221,-385.41044881136264,-8.45277950848002,-371.2620419507281,-9.54842070518429,-383.3518959082111,-9.291120956559432,-41.932929454101966,-1.9922005559450946,47.17082400619482,4.349042781778297,-18.949719994684443,-0.690033550203194,0.31301939058171746,,,,,,,,,,,
events,ceo_and_250k,2020-23,30,734.0,0.1893732970027248,,28.83733123607273,,52.81636128942058,,,le50,139.0,171.29367933393803,12.400556152423881,144.7113052860934,8.587392184921562,113.00772665503555,39.9013257091292,1.92296459696745,35.59120817339054,1.7154053441569466,27.464721109522774,2.2988710079330725,30.93762484574724,2.547107991906522,83.28890729876159,1.966956138285179,71.3416281269978,2.39769302409358,69.37876551853951,2.0500620264375407,41.06284859444649,3.4109201335593724,33.28747554368605,2.806854098531766,85.03032298445717,2.846663763326987,0.6187050359712231,,,,,,,,,,,
events,ceo_and_250k,2020-23,30,734.0,0.3542234332425068,,46.98761673771226,,80.48433422804813,,,le100,260.0,171.29367933393803,12.400556152423881,144.7113052860934,8.587392184921562,165.18194301705725,41.84755754852054,1.619259432858249,37.347535924437196,1.4453268413914442,31.440233264666716,1.484920464144237,34.49897951592185,1.6281741621102044,74.23712534474608,2.417463357063026,70.55441548794458,3.054805736285893,66.20872356645158,2.5516295618952016,56.25592371636469,2.6415617507254834,60.6373501187983,2.2334326545617977,95.45388422772753,4.120380492420868,0.5653846153846154,,,,,,,,,,,
events,ceo_and_250k,2024-26,5,359.0,1.0,,148.64059707109064,,267.5971213793793,,,any,359.0,235.1696532701909,18.57453844065459,209.85415522351505,13.905305014029775,235.1696532701909,-242.45106670716743,-6.556740783102819,-247.02277712722903,-6.678797760619049,-256.19909376460885,-7.21568127181754,-253.39182397336907,-7.068137739780565,-196.19045774509894,-4.8316188497290655,-201.53751383916898,-5.186253401877967,-201.60576220267578,-5.076815487450289,-28.997713539406355,-1.0316900695764089,79.06855060959819,7.291946452984688,25.743560610336424,0.8024105301357795,0.3398328690807799,,,,,,,,,,,
events,ceo_and_250k,2024-26,5,359.0,0.1532033426183844,,31.595576619273007,,85.64369557425566,,,le50,55.0,235.1696532701909,18.57453844065459,209.85415522351505,13.905305014029775,114.84328448979444,31.25349869748597,1.5826097333841447,27.00082900498082,1.3678323587138081,0.9174330855525568,0.05245504958900201,5.584869299974825,0.3166984367123509,112.19818158329458,2.904290910881735,101.03116202024682,3.1090547226246015,99.44166053171433,3.0154834188085635,15.493721728966738,0.8886460102088167,27.068664776303414,1.4605695920671695,115.68914632164018,3.5791149143592262,0.5454545454545454,,,,,,,,,,,
events,ceo_and_250k,2024-26,5,359.0,0.34540389972144847,,56.45395827994486,,131.6977396604857,,,le100,124.0,235.1696532701909,18.57453844065459,209.85415522351505,13.905305014029775,159.95126496828144,22.28536598136566,1.5401068541344858,17.926632472400687,1.2388120744287625,-1.9097449135361244,-0.15897935862976256,-0.48195442960244633,-0.03896375435389523,90.45164060463804,2.971214348541118,90.16916500662327,3.3252292721035563,84.54517120570881,3.075594115824896,25.839030277567527,2.157314419521362,36.16000452235982,2.7346447149801527,118.08246374054046,4.355486303012232,0.532258064516129,,,,,,,,,,,
events,ceo_and_250k,2024-26,15,359.0,1.0,,129.87012987012986,,266.6666666666662,,,any,359.0,235.1696532701909,18.57453844065459,209.85415522351505,13.905305014029775,235.1696532701909,-223.22523083215384,-5.85236786482714,-227.79694125221545,-5.970703498683654,-236.97325788959532,-6.481520471087028,-234.16598809835548,-6.339707173405562,-176.85502929581793,-4.236343355998729,-182.20208538988797,-4.552439008984252,-182.27033375339474,-4.471632670224231,-30.730514925946284,-1.072462474871475,58.561801984495084,6.1499193400064405,24.224566391017984,0.7350948565960143,0.34540389972144847,,,,,,,,,,,
events,ceo_and_250k,2024-26,15,359.0,0.19498607242339833,,23.52195949283435,,90.35786392718626,,,le50,70.0,235.1696532701909,18.57453844065459,209.85415522351505,13.905305014029775,181.4382910720321,61.81795973767891,3.702092531415907,57.5062812098578,3.4446025077213225,27.40078187905071,1.6986087738347548,35.619132080262716,2.2275130788883355,155.51095553246944,2.7853023231440446,156.0034277727182,3.094548403045727,148.51400034208334,2.833906283372005,40.279778276517824,2.484808581541216,50.4179802898828,3.0607813290447297,169.0181785455155,3.3453671211812646,0.6714285714285714,,,,,,,,,,,
events,ceo_and_250k,2024-26,15,359.0,0.403899721448468,,52.712896482775975,,131.84751982023846,,,le100,145.0,235.1696532701909,18.57453844065459,209.85415522351505,13.905305014029775,185.9215995864883,27.618584969471044,1.8932670795458282,23.245710907380186,1.593800173095527,7.230244503083985,0.65841808694414,11.405359210708077,0.973902544122891,129.73430222567322,3.4192982811807497,127.42530615932607,3.901065848065419,127.69845831072044,3.7451658528167435,32.60309672736086,3.0021635475089434,41.65834940417345,3.849052350522509,153.07700646322897,4.678422622302094,0.5172413793103449,,,,,,,,,,,
events,ceo_and_250k,2024-26,30,359.0,1.0,,113.96011396011357,,269.0582081315074,,,any,359.0,235.1696532701909,18.57453844065459,209.85415522351505,13.905305014029775,235.1696532701909,-198.46997296876253,-5.4652278364187,-203.04168338882417,-5.589666065829706,-212.21800002620407,-6.091003747782011,-209.4107302349642,-5.944559903858831,-151.99553819529774,-3.7737049561069065,-157.34259428936775,-4.089956230217715,-157.41084265287458,-4.010906985304228,-18.42258829142007,-0.661832690025916,56.81791689988006,5.713153851135945,36.64688201944526,1.1336708666594268,0.3649025069637883,,,,,,,,,,,
events,ceo_and_250k,2024-26,30,359.0,0.20055710306406685,,29.63283081989902,,91.17983694498899,,,le50,72.0,235.1696532701909,18.57453844065459,209.85415522351505,13.905305014029775,181.08377219376385,49.9684493663344,3.203394986966801,45.68737747043276,2.9306724982251535,27.328027375114818,2.0638521153609584,30.01818559338554,2.245339494761662,152.02704698183183,2.827434093848518,155.63583438538222,3.390055643251347,146.4451299475767,3.038753840742169,41.76941826774489,3.15597730614931,47.2815780316799,3.4225722448572866,170.23457877636466,3.699199720626496,0.6111111111111112,,,,,,,,,,,
events,ceo_and_250k,2024-26,30,359.0,0.4456824512534819,,56.18621898682826,,144.34636255585053,,,le100,160.0,235.1696532701909,18.57453844065459,209.85415522351505,13.905305014029775,201.65304365858108,28.394891735497577,2.0136902143153,23.995894870149854,1.7025291736287786,9.172846568082056,0.8565680873663739,13.398539206373455,1.1933087731176442,104.06375028503275,3.0437623411115067,100.59934697573256,3.2783756233525474,98.93729634893276,3.147173218905009,36.1184678466248,3.3986555286269584,42.58100926151193,3.905083343132066,127.73094316145779,4.17155809935688,0.51875,,,,,,,,,,,
events,ceo_and_250k,all,5,1093.0,0.9908508691674291,,175.32029669588775,,251.1770666236557,,,any,1083.0,192.273985503302,18.841601498899124,167.8116066823422,13.788199838880177,193.46286348965532,-355.93855385879334,-12.527490324633925,-360.65209210811247,-12.691634103365084,-358.1347567043125,-13.992635321840359,-357.6755423686799,-13.801576075851068,-329.9810402374117,-9.615233495238673,-323.15263435276967,-10.813534831201588,-330.8749618605712,-10.494770723878505,-23.890265826112937,-1.38817541014014,78.67437557505404,7.736540025447068,10.503538517296006,0.48456466819792743,0.3185595567867036,,,,,,,,,,,
events,ceo_and_250k,all,5,1093.0,0.15187557182067704,,27.90748155302122,,65.46622849677108,,,le50,166.0,192.273985503302,18.841601498899124,167.8116066823422,13.788199838880177,105.216313549102,19.506592290134083,1.2485052539574557,15.10403854893107,0.9669083183472068,14.055050728792699,1.4257849447666,17.67336139351681,1.7510462732983587,61.75483408656546,1.9872111107009602,75.16627485976132,3.0934195203994874,69.84534235797814,2.676770171009024,27.410635358276664,2.7867369555766657,29.871165931047717,2.9054459348525796,88.5796880633051,3.6448923022340938,0.5481927710843374,,,,,,,,,,,
events,ceo_and_250k,all,5,1093.0,0.32570905763952424,,52.2883858267717,,92.15345494715922,,,le100,356.0,192.273985503302,18.841601498899124,167.8116066823422,13.788199838880177,143.22322882153904,21.489630598433198,1.9083305705175921,16.960939213852875,1.5061538492417117,12.565552801301102,1.5622312624180767,14.960319357693539,1.8230687306534508,56.77927147971627,2.550260134026783,67.36267820564392,3.671445910601235,65.22602483962875,3.36367232875872,38.34789137656084,4.764374292952024,41.840343268985244,4.971908239588461,93.25722459972222,5.067651309036014,0.5646067415730337,,,,,,,,,,,
events,ceo_and_250k,all,15,1093.0,0.9890210430009149,,155.52099533437053,,237.93560448441607,,,any,1081.0,192.273985503302,18.841601498899124,167.8116066823422,13.788199838880177,193.1718476040666,-342.3269056026369,-11.975523987370195,-347.0400157634732,-12.138920464012008,-343.9935440121823,-13.384694326516234,-343.69029593075555,-13.177519601268479,-317.2019440744015,-9.195924174593934,-309.52797865755883,-10.275563137120812,-317.62545850936414,-10.0019537620876,-30.99041348279071,-1.8306425309007648,59.39336717315957,6.171196754181422,2.9480391773491723,0.13728573990033738,0.32377428307123035,,,,,,,,,,,
events,ceo_and_250k,all,15,1093.0,0.18572735590118938,,24.620434961017413,,75.3768361375462,,,le50,203.0,192.273985503302,18.841601498899124,167.8116066823422,13.788199838880177,145.52153774874563,50.333520586969655,2.7342222883696987,46.01637754931822,2.500789966710587,33.85005394825273,2.8662901404138093,40.023347795168135,3.3271921958796242,108.32027445890773,3.1348870681860577,106.9300917282178,3.906796885201318,101.3902361993733,3.524662485249484,46.569651723737366,3.9349719399408865,42.88890408001321,4.301409956098207,119.74676621538137,4.365513573940504,0.6157635467980296,,,,,,,,,,,
events,ceo_and_250k,all,15,1093.0,0.3696248856358646,,49.47579494792126,,101.14721458798326,,,le100,404.0,192.273985503302,18.841601498899124,167.8116066823422,13.788199838880177,176.35729204446207,45.465407832559244,2.59651555416338,40.998176879336114,2.341924054908575,27.917163966755002,1.9017698049677143,32.1985572754709,2.184213959615517,99.9360468042641,4.182372805994124,94.56925883878439,4.883784127935641,94.62498968517787,4.579224916210079,52.49927942669867,3.5665562887950317,56.53705022629706,3.1473049366335957,119.30416328110763,6.142789280982921,0.5470297029702971,,,,,,,,,,,
events,ceo_and_250k,all,30,1093.0,0.9890210430009149,,141.67650531286804,,248.09130463079532,,,any,1081.0,192.273985503302,18.841601498899124,167.8116066823422,13.788199838880177,193.1718476040666,-332.463028577813,-11.775069882395563,-337.17613873864946,-11.940364147576076,-334.1296669873584,-13.144563898012734,-333.8264189059318,-12.942999301237084,-307.89337858826616,-9.025119662158096,-300.21941317142347,-10.074508239192674,-308.31689302322883,-9.808344030304582,-34.12514732884499,-2.028446700562519,50.567822097344134,6.450082030482732,-0.48609360886339315,-0.02278120988796103,0.33024976873265494,,,,,,,,,,,
events,ceo_and_250k,all,30,1093.0,0.19304666056724612,,28.957528957528346,,71.47001824382659,,,le50,211.0,192.273985503302,18.841601498899124,167.8116066823422,13.788199838880177,136.23746731280067,43.336552739076005,2.9586347069576555,39.036346511717745,2.6654707007640486,27.418076802047082,3.0278219508177946,30.623882541623818,3.3318131170467478,106.74457581620734,3.202902461022086,100.10552789289198,3.9821927612991956,95.67629271707352,3.453513674265156,41.30395293794168,4.536002026500355,38.131587943376225,4.197097324875738,114.1047609798,4.523581416984392,0.6161137440758294,,,,,,,,,,,
events,ceo_and_250k,all,30,1093.0,0.38426349496797807,,49.30532962798417,,101.5311615311243,,,le100,420.0,192.273985503302,18.841601498899124,167.8116066823422,13.788199838880177,179.0756956423997,36.722732476892745,2.177677367328426,32.261196475184875,1.9134320019049587,22.957419285015423,1.6710207879958268,26.460716540855795,1.9166011009047998,85.59964913152194,3.721534574787842,82.00010367376856,4.449061159271006,78.67675129311107,3.9330666756062884,48.58451195646378,3.5208693079252242,53.642157534861695,3.1259605846638108,107.7499066786724,5.840428306135885,0.5476190476190477,,,,,,,,,,,
events,u5_liquid,2020-23,5,5844.0,0.9644079397672827,,341.32669201240697,,255.0305862052815,,,any,5636.0,95.27850828742888,22.096054751254275,83.87277498704215,16.115716554410575,96.61410043426129,-454.85794170914784,-20.94557691310812,-459.70741936565173,-21.168095661158972,-453.2993273374488,-31.896459264456315,-452.046122072252,-30.686646868952845,-445.52024283306815,-15.26654960007357,-434.8924809284194,-25.266607519090016,-442.4206842317497,-21.313182950972518,-5.966538332525387,-0.6540458047627141,36.07158967356756,7.552970277507664,12.317038232738241,1.0076563971006574,0.214513839602555,,,,,,,,,,,
events,u5_liquid,2020-23,5,5844.0,0.11550308008213553,,24.721878862793922,,31.645297144613505,,,le50,675.0,95.27850828742888,22.096054751254275,83.87277498704215,16.115716554410575,66.84170757552558,-1.8588812500075573,-0.1384324995363317,-6.199454714510586,-0.4616110231892707,-4.748938772124352,-0.7101807129601144,-1.9174473204970046,-0.2676189926522395,2.3329840750403585,0.10469891787885856,12.541366835616088,0.8980867691847928,2.999792274039834,0.17769873046892082,7.635727100016308,1.1340212977145985,5.037365969173498,0.7418098448456557,24.94406789722225,1.7786002132509908,0.49777777777777776,,,,,,,,,,,
events,u5_liquid,2020-23,5,5844.0,0.22279260780287474,,48.03138993851125,,52.09863253051172,,,le100,1302.0,95.27850828742888,22.096054751254275,83.87277498704215,16.115716554410575,78.63160631200651,-5.576861796911623,-0.5364680546970351,-10.03364325473226,-0.9653318403241773,-11.727267883442574,-1.972788011351927,-8.672318489566429,-1.3961216672654366,2.1924851283975344,0.13083584309320703,8.656879984723492,0.7917162670817433,4.62628652156951,0.36327596903710346,12.345270270264262,2.0600023145085333,12.26414076823758,1.978590611659333,32.77697537055305,2.977007074357315,0.4715821812596006,,,,,,,,,,,
events,u5_liquid,2020-23,15,5844.0,0.9644079397672827,,321.09062215416526,,249.85666779935855,,,any,5636.0,95.27850828742888,22.096054751254275,83.87277498704215,16.115716554410575,96.45327212354192,-447.800484200228,-20.453546246577606,-452.6499819358962,-20.67439181745657,-446.0062723227425,-31.44054358164845,-444.79470060692745,-30.202951913241144,-438.9420720615516,-14.939925990927529,-427.91054391502115,-24.80688850807178,-435.5368448513666,-21.03464964486404,-11.53879341513328,-1.2966076971168266,29.615705735625983,6.26549311778203,6.471399800238773,0.5479087197542717,0.21682044002838893,,,,,,,,,,,
events,u5_liquid,2020-23,15,5844.0,0.13295687885010268,,23.95209580838273,,34.14128434729102,,,le50,777.0,95.27850828742888,22.096054751254275,83.87277498704215,16.115716554410575,77.80888363029106,9.94952627720065,0.7363623401931971,5.688585595060674,0.42100101493082437,6.756546631307091,0.7926278877431123,9.07339222314676,1.033664203815024,9.503987479035622,0.47606321561030734,26.730719015795326,2.1433284864955953,14.81263412543461,1.0221670407965222,19.04883655191784,2.2297823921008786,16.041387289230546,1.8683193010802703,39.03822830875195,3.115640514306849,0.5057915057915058,,,,,,,,,,,
events,u5_liquid,2020-23,15,5844.0,0.24383983572895276,,45.21204448865178,,54.06537899189212,,,le100,1425.0,95.27850828742888,22.096054751254275,83.87277498704215,16.115716554410575,94.16203523186084,7.074029590925007,0.6253342585298719,2.6433139116522604,0.23370449491954187,-1.8746188626368352,-0.23991887016528404,1.186524945122012,0.14922238713240352,14.74382515830666,0.9558215774625328,17.693968270055848,1.925379804396893,12.55360250178896,1.1782095601162839,21.62559089235446,2.7593027672567114,21.620580228280392,2.4174705276490056,41.24695651950039,4.460487026619708,0.4617543859649123,,,,,,,,,,,
events,u5_liquid,2020-23,30,5844.0,0.9640657084188912,,305.34443522387573,,248.0189541755895,,,any,5634.0,95.27850828742888,22.096054751254275,83.87277498704215,16.115716554410575,96.43609208450269,-446.5984483851811,-20.743536258941155,-451.44800371175506,-20.9681412774471,-444.78125689878885,-31.388614547646423,-443.57144414346567,-30.078028105832736,-437.9698687092243,-15.123975119740717,-426.9440555556551,-24.77597012269472,-434.5811155027661,-21.09386525411697,-17.587889169155734,-2.0585138781893173,28.34903419644782,6.501052402653519,0.27709906143161045,0.02463689362403549,0.21955981540646077,,,,,,,,,,,
events,u5_liquid,2020-23,30,5844.0,0.1367214236824093,,24.301336573511023,,30.864062558342287,,,le50,799.0,95.27850828742888,22.096054751254275,83.87277498704215,16.115716554410575,66.54623792721566,-0.08677681356833326,-0.00754561570646277,-4.476116370907833,-0.3890750430930929,-4.334067814887398,-0.7510423697815165,-1.5370434146268794,-0.24880826878460516,17.47276741419002,0.7841261661734158,27.459325565369998,2.1691640340624647,18.278473759434274,1.140363090566834,8.197466692545643,1.4160556700742053,7.51931426134291,1.2977561450357824,40.03098380197258,3.1437386863314187,0.5118898623279099,,,,,,,,,,,
events,u5_liquid,2020-23,30,5844.0,0.2529089664613279,,45.51923657182505,,53.73785837583522,,,le100,1478.0,95.27850828742888,22.096054751254275,83.87277498704215,16.115716554410575,86.76819492265454,-4.605533294464036,-0.4385624332728837,-9.120348821170024,-0.8684012627773725,-8.88324710236359,-1.4393950639251125,-6.034619184101458,-0.9379955522932757,9.381238643936383,0.5447718386531326,15.111084017700996,1.5162834987520144,9.854232149437518,0.8120331183813577,14.93463514933639,2.4060943539418638,16.735631426197482,2.368419430876455,38.97877051447979,3.884202944993572,0.4742895805142084,,,,,,,,,,,
events,u5_liquid,2024-26,5,3371.0,0.9994067042420647,,277.1206488678609,,254.23718613608816,,,any,3369.0,115.6660711790586,36.65528371731503,104.36118798952081,26.368528549236075,115.69570473192391,-400.1977599816363,-26.40101041534359,-404.85842550479344,-26.70290904777547,-411.1589948535756,-28.708071226095043,-410.26487144367826,-28.42853319097945,-383.0141204087565,-22.5262253795371,-389.73533528736414,-25.26573295622254,-390.99412400347177,-24.889014453737104,-44.288611714084226,-3.940470700172059,27.20514237488345,8.130086398399497,-22.64808363718421,-1.82044599219168,0.19887206886316414,,,,,,,,,,,
events,u5_liquid,2024-26,5,3371.0,0.10530999703352122,,30.627871362940706,,58.45071083341313,,,le50,355.0,115.6660711790586,36.65528371731503,104.36118798952081,26.368528549236075,92.45190275239833,12.24879578758219,1.0007352889693646,7.982075184663722,0.6521085054204774,5.362140084003109,0.5170119867961733,5.103832369619157,0.46963783037145285,57.49811370280631,2.935130957279685,56.72103838394896,3.1384027802043004,54.61708709900012,3.0322006228108593,19.62105431060149,1.888305371900544,26.057308721372856,2.44722966991205,71.05954839014741,3.925698158078763,0.4704225352112676,,,,,,,,,,,
events,u5_liquid,2024-26,5,3371.0,0.22456244437852269,,52.90338833606089,,85.64369557425566,,,le100,757.0,115.6660711790586,36.65528371731503,104.36118798952081,26.368528549236075,107.23722303966593,-2.777368421332559,-0.33093937062573625,-7.130168661608308,-0.849656149917563,-11.385183598989245,-1.773668763960122,-11.354882892910425,-1.6557411643434603,37.115974207448424,2.5765396684110877,37.24925579753226,2.978178108786616,34.08204897083842,2.707549720072499,15.021647811517552,2.350478883109821,21.204933687106557,3.277906807960542,63.77092623557636,5.099669676798102,0.4187582562747688,,,,,,,,,,,
events,u5_liquid,2024-26,15,3371.0,0.9994067042420647,,253.59900848507928,,239.31640623885642,,,any,3369.0,115.6660711790586,36.65528371731503,104.36118798952081,26.368528549236075,115.69570473192391,-383.7914873591147,-24.64370042472801,-388.45215288227183,-24.93807925576031,-394.75272223105395,-27.23189833704595,-393.85859882115665,-26.84760155548056,-366.4767395599154,-21.021320136187146,-373.197954438523,-23.90294556976581,-374.45674315463066,-23.427373279478196,-36.29367748680209,-3.1910927391215482,20.963432165309047,6.2742783788785825,-14.526972408109932,-1.1502652788991123,0.21015138023152272,,,,,,,,,,,
events,u5_liquid,2024-26,15,3371.0,0.11687926431326016,,25.840871645319076,,59.279935694981354,,,le50,394.0,115.6660711790586,36.65528371731503,104.36118798952081,26.368528549236075,113.60829293193719,22.385019212896335,2.500916623895928,18.110818340564947,2.0237595698837416,12.092409657145499,1.6980550858005503,13.353609770559018,1.8474523787205372,68.51553450225308,3.125968602714424,66.61506814720352,3.338663550710667,62.24664170574151,3.11617255808664,25.07860284489581,3.498620651146397,30.989930453121985,4.377446377006545,79.67714379817757,3.9799211217939514,0.5329949238578681,,,,,,,,,,,
events,u5_liquid,2024-26,15,3371.0,0.24621773954316226,,52.597180293175214,,85.15347223153057,,,le100,830.0,115.6660711790586,36.65528371731503,104.36118798952081,26.368528549236075,117.5680491367779,2.7029912268750027,0.335059323528361,-1.6682137641167814,-0.20682134105887373,-5.628901801706455,-0.9540296786253174,-4.622686024419589,-0.7229493625482255,51.05603210152296,3.2098419107342453,48.57183071126981,3.705720694500638,45.92785169534319,3.4204932165518174,20.036582958909488,3.392000955036647,25.36860396951977,4.236924517571567,74.37634687139354,5.667529580232914,0.4457831325301205,,,,,,,,,,,
events,u5_liquid,2024-26,30,3371.0,0.9994067042420647,,245.700245700247,,232.3122774739006,,,any,3369.0,115.6660711790586,36.65528371731503,104.36118798952081,26.368528549236075,115.69570473192391,-374.04276423098764,-24.59100223019585,-378.7034297541448,-24.892406348244926,-385.003999102927,-27.114239130766553,-384.1098756930296,-26.75077567955817,-356.6852276626305,-20.66685457110748,-363.4064425412381,-23.66645538917708,-364.6652312573457,-23.14605973362141,-32.08963863751349,-2.834935792908988,19.598776409084604,5.917272342587917,-10.271419397768174,-0.8102084341668745,0.2205402196497477,,,,,,,,,,,
events,u5_liquid,2024-26,30,3371.0,0.12370216552951646,,29.368575624082904,,58.00461493653097,,,le50,417.0,115.6660711790586,36.65528371731503,104.36118798952081,26.368528549236075,114.0994256087964,25.201526489148875,2.152506705040646,20.936296776605857,1.7883055425153498,14.216892935175283,1.4839015908343816,14.635837113818509,1.4516196216212183,60.81636524040725,2.6811752544508605,58.7017790497384,2.849696859860735,56.735178037917045,2.7046202678169107,27.929710988833413,2.910026435558722,30.364950875755454,3.0628129223585097,72.48078803644735,3.511309701989217,0.5155875299760192,,,,,,,,,,,
events,u5_liquid,2024-26,30,3371.0,0.2554138237911599,,51.413881748070885,,85.34806859118449,,,le100,861.0,115.6660711790586,36.65528371731503,104.36118798952081,26.368528549236075,118.13639708552003,0.5557953392941637,0.07197687232773481,-3.8139705519515554,-0.4940006577872334,-8.190236371053455,-1.4635590183685212,-7.406532867446035,-1.21455255515004,41.72643660853605,2.7127455171377632,43.88595052566781,3.3066073438515797,40.984713916770815,2.9941130977952146,17.55300996994932,3.1432671931682954,18.522312944576843,3.2014704798386022,69.7536001234876,5.256561026670494,0.45063879210220675,,,,,,,,,,,
events,u5_liquid,all,5,9215.0,0.9772110689093869,,313.88329979879177,,254.9528484730912,,,any,9005.0,102.73661729531644,34.313689874159564,91.95794235136434,25.92311071508268,103.75301491275381,-434.40817466417434,-29.159260966954758,-439.1870128895572,-29.47686665934844,-437.53355497341005,-41.592553978123185,-436.41469138178394,-40.322726297247534,-422.13510941302314,-21.619995665123966,-417.9980418762578,-33.77806110146389,-423.18069740120353,-29.307253199365604,-20.30380265484318,-2.8481475475507576,32.48604487159391,10.301639930176355,-0.764304974343239,-0.0854491803351401,0.20866185452526373,,,,,,,,,,,
events,u5_liquid,all,5,9215.0,0.11177428106348346,,26.092906405953684,,38.28888080631088,,,le50,1030.0,102.73661729531644,34.313689874159564,91.95794235136434,25.92311071508268,75.66852241803997,3.0034734571228894,0.30760449745691193,-1.3116458657660435,-0.13431559670694757,-1.2640523702551794,-0.22341013020505104,0.5025083008537111,0.08364791221910232,21.34620836422183,1.321470719686632,27.7683410100415,2.495349965649015,20.79021913118634,1.6270889169643061,11.7665923036646,2.068633182915835,12.33682867615616,2.1342522586159873,40.83823835837607,3.655824154716202,0.4883495145631068,,,,,,,,,,,
events,u5_liquid,all,5,9215.0,0.2234400434074878,,49.95539696699396,,63.52045311124543,,,le100,2059.0,102.73661729531644,34.313689874159564,91.95794235136434,25.92311071508268,89.14858147608528,-4.5476162965166,-0.6265697963887495,-8.966168622874642,-1.2355263312416749,-11.601499159143803,-2.615041004679705,-9.658574562092609,-2.0697624537176287,15.03225260427977,1.2682174105080601,19.168987070831427,2.302753099697417,15.455821331718397,1.6602134817350664,13.329251716951363,2.9907849593663096,15.609059770614042,3.4148990806225634,44.17203161378892,5.278803223083512,0.45216124332200097,,,,,,,,,,,
events,u5_liquid,all,15,9215.0,0.9772110689093869,,288.87000849617664,,245.18438984827418,,,any,9005.0,102.73661729531644,34.313689874159564,91.95794235136434,25.92311071508268,103.65235657191937,-423.8530871588387,-28.07147223023161,-428.63193795125875,-28.385032727248174,-426.8310129936033,-40.34426772290439,-425.7382067794692,-39.033133912891344,-411.8309443327329,-20.8678433556336,-407.44116979549625,-32.668421260914194,-412.6852221288454,-28.466025412605898,-20.80022644538894,-2.9604841957702743,26.15022069065265,8.333677223849497,-1.3846264040840233,-0.15805757227752767,0.21432537479178235,,,,,,,,,,,
events,u5_liquid,all,15,9215.0,0.12707542051003798,,24.901829326693335,,40.782846806459716,,,le50,1171.0,102.73661729531644,34.313689874159564,91.95794235136434,25.92311071508268,89.85411613656653,14.133628938741301,1.4939939413602785,9.868226672540333,1.0431176372200028,8.55187543760968,1.3924977270843353,10.51353373781835,1.6659314551264433,29.359281695216392,1.9289035512125186,40.150389005355386,3.7557262336036072,30.772496624700985,2.609559141969158,21.07763921582332,3.4220080728710514,21.115543738404863,3.424280338458075,52.71178313610779,4.9096258558083035,0.5149444918872759,,,,,,,,,,,
events,u5_liquid,all,15,9215.0,0.24470971242539338,,47.928791509757126,,65.00343514738604,,,le100,2255.0,102.73661729531644,34.313689874159564,91.95794235136434,25.92311071508268,102.77710908599883,5.46517733276026,0.7061571425037859,1.056365809262768,0.13651635547642188,-3.2564613634917285,-0.6039421496420836,-0.9516768751527243,-0.17158968840099753,28.10929378929093,2.470655184971558,29.059212538884047,3.837672808209318,24.83769422269806,2.964626677887851,21.040723227272718,3.89152991834793,23.021806654392737,3.818046976217032,53.44092281310185,7.025011435454076,0.4558758314855876,,,,,,,,,,,
events,u5_liquid,all,30,9215.0,0.9769940314704286,,279.2696025778742,,241.6815346333756,,,any,9003.0,102.73661729531644,34.313689874159564,91.95794235136434,25.92311071508268,103.64320471464397,-419.44748760372187,-28.202265187911678,-424.2263587419463,-28.52055057582007,-422.41209311846467,-40.0381928124644,-421.32041403022356,-38.6690717519406,-407.5524572146142,-20.90041211566325,-403.1677345242688,-32.36706987117777,-408.417990541884,-28.277794515608463,-23.014568493702807,-3.3724862341154926,24.875748480554265,8.445722640911619,-3.6702472330306875,-0.43301188655892,0.21992669110296567,,,,,,,,,,,
events,u5_liquid,all,30,9215.0,0.13195876288659794,,25.800932849896864,,39.82887292718451,,,le50,1216.0,102.73661729531644,34.313689874159564,91.95794235136434,25.92311071508268,82.85353995288929,8.585281144682552,1.0035514009631514,4.23850228247474,0.4953051865203244,2.0275692186456085,0.4048319229857589,4.009084200802172,0.752763458099531,32.33648476084511,1.9456796779058334,38.17322614347988,3.4893876608229593,31.466340275986344,2.456975454445124,14.964198494808798,2.9798167067398467,15.40172689438584,3.0192393443550993,51.15891831330152,4.655636022476418,0.5131578947368421,,,,,,,,,,,
events,u5_liquid,all,30,9215.0,0.25382528486163863,,47.778308647874546,,65.94463531906625,,,le100,2339.0,102.73661729531644,34.313689874159564,91.95794235136434,25.92311071508268,98.31501923314075,-2.7056171107676654,-0.374971894776343,-7.167038992270024,-0.9932258677907007,-8.62814567454913,-1.9571995316700632,-6.539628881134242,-1.4086150038806708,21.2877009985838,1.7348326092452397,25.703285840428407,3.2217890490329695,21.31355014929813,2.3190079987401067,15.898474704936106,3.5923749454860014,17.402596419883235,3.5337286907845056,50.30717081091234,6.277352071392683,0.46558358272766137,,,,,,,,,,,
events,u5_value_gt_250k,2020-23,5,2582.0,0.9473276529821844,,282.02706073464253,,262.2979937475267,,,any,2446.0,129.66391567719714,23.289323969160197,125.23885954514145,16.033299685735997,133.782303287133,-440.73804072001883,-17.379749080529166,-445.49873888843933,-17.56483001818482,-437.47940781949194,-22.578536596910165,-436.4452351427279,-22.051448524198673,-428.8005644721463,-13.613882799651579,-414.793159104642,-19.157659426453396,-425.00299074858333,-17.47577405666781,-41.882007049286365,-3.467149970123912,53.53797876561536,8.45025117509651,-19.18492198431575,-1.3443303950853942,0.25511038430089944,,,,,,,,,,,
events,u5_value_gt_250k,2020-23,5,2582.0,0.13787761425251743,,25.061413744798553,,36.75614215604139,,,le50,356.0,129.66391567719714,23.289323969160197,125.23885954514145,16.033299685735997,84.70612635336155,17.481600611193205,1.4341356754817158,13.192240532085933,1.0822262059789325,7.7238874878512815,0.9102653709997436,12.437379517473326,1.401343494778678,24.40922908376293,1.0843035281050257,21.9171422970263,1.1912502192580865,18.924185316969687,0.9496835051618225,20.30761812783213,2.3874056313923964,15.156246467397864,1.6745729599122279,34.524117266205145,1.8713642030105517,0.5168539325842697,,,,,,,,,,,
events,u5_value_gt_250k,2020-23,5,2582.0,0.2629744384198296,,47.61904761904801,,61.75056633287879,,,le100,679.0,129.66391567719714,23.289323969160197,125.23885954514145,16.033299685735997,111.02965817379275,13.608252121535763,1.3348346398868265,9.186565340472944,0.900976961609978,7.9940176302770265,1.1691305002230659,12.053453070718858,1.7085186128843097,20.77619367099549,1.1080620622133128,28.342650770150478,2.0617001848385805,28.506202422720026,1.9008451979463499,31.72028367847887,4.607565765159292,29.54888629401583,4.081410606514255,52.11429650192554,3.769521954733499,0.5198821796759941,,,,,,,,,,,
events,u5_value_gt_250k,2020-23,15,2582.0,0.9465530596436871,,242.90840294595625,,257.9867743068098,,,any,2444.0,129.66391567719714,23.289323969160197,125.23885954514145,16.033299685735997,133.6047462933824,-427.663237543369,-16.758062900699716,-432.4237849573658,-16.942083203720248,-424.16591036019906,-22.038995826427694,-423.2002522514033,-21.483373141874246,-415.9292105907128,-13.091329207434086,-401.54193294281794,-18.527333787378588,-411.9197329550654,-16.840554507761727,-48.22186228329109,-4.268608254394145,40.86982362076342,6.752010362265606,-25.66349322495047,-1.8916612838439468,0.2590016366612111,,,,,,,,,,,
events,u5_value_gt_250k,2020-23,15,2582.0,0.16924864446165763,,24.125452352233236,,43.56352717329814,,,le50,437.0,129.66391567719714,23.289323969160197,125.23885954514145,16.033299685735997,101.12186655905249,24.06629397604755,1.7387824790127147,19.809414540072837,1.431499342614471,16.842356256590346,1.777693689943035,21.137948878039722,2.16136822923816,42.56686427147414,1.8820765299280806,51.10456380612123,2.987773371287017,44.095360599081665,2.406981884523887,29.074578357365432,3.0708595763664692,24.8213601829938,2.6445015291255753,63.389637009928855,3.6920873294042678,0.5354691075514875,,,,,,,,,,,
events,u5_value_gt_250k,2020-23,15,2582.0,0.296281951975213,,42.76550249465424,,69.9937265296291,,,le100,765.0,129.66391567719714,23.289323969160197,125.23885954514145,16.033299685735997,125.89820108419414,19.466197429980785,1.6214200180559997,15.06596756666051,1.2549909644026978,10.410073307750826,1.1455344511379308,14.518434624879673,1.5717184015069166,33.64101318609284,1.8246683956605352,36.033488789543796,2.688727112103621,34.111879750924544,2.331279524735227,32.91331099778854,3.611975126112705,34.6454063428931,3.201365687705366,58.59864906151332,4.34961203018108,0.5058823529411764,,,,,,,,,,,
events,u5_value_gt_250k,2020-23,30,2582.0,0.9461657629744384,,227.96352583586682,,257.09725435095976,,,any,2443.0,129.66391567719714,23.289323969160197,125.23885954514145,16.033299685735997,133.56015885312743,-424.95035217419667,-17.15407179443558,-429.71099850969046,-17.343678580866186,-421.42955527359715,-22.534047842584275,-420.47029866081743,-21.897071686344884,-413.55656525082725,-13.399029663854781,-399.0664935325326,-19.02201879885191,-409.46365555930515,-17.39734166285181,-55.85980586150761,-4.787975585375593,36.32673568136905,7.228376186256786,-33.47371003284846,-2.4692704505325556,0.26197298403602126,,,,,,,,,,,
events,u5_value_gt_250k,2020-23,30,2582.0,0.1723470178156468,,23.25452632744518,,41.667122689525996,,,le50,445.0,129.66391567719714,23.289323969160197,125.23885954514145,16.033299685735997,97.61337639599384,18.690200211702486,1.5217877800136794,14.41888426467396,1.1739214032618552,8.68606650582354,1.1187014142472793,14.079334685696526,1.745507698465721,45.173465670389106,1.854239016942507,44.3945285558559,2.7062015373933,42.42979154214602,2.19716955464339,21.001832233785468,2.698858930574545,21.212051335055964,2.7021478646745396,56.76441881720722,3.44532978479198,0.5595505617977528,,,,,,,,,,,
events,u5_value_gt_250k,2020-23,30,2582.0,0.3024786986831913,,41.79282698622499,,73.2280652668571,,,le100,781.0,129.66391567719714,23.289323969160197,125.23885954514145,16.033299685735997,125.93388565991047,12.445071929279537,1.01155654213114,8.031656557303764,0.6528696851499481,6.192457933307749,0.7336492207986893,10.28450683340579,1.189477593643548,41.8708909318012,2.1344833354259634,41.339540218037314,3.163826688028009,40.296244588916785,2.6729683713593753,29.12012746852519,3.4279256819968005,34.021290241033235,3.26797630490965,64.36240346195659,4.897777942152082,0.5198463508322664,,,,,,,,,,,
events,u5_value_gt_250k,2024-26,5,1432.0,1.0,,204.50656274646065,,267.50505270901397,,,any,1432.0,168.80675182126498,27.534175850820432,153.47270356461624,19.93377167988913,168.80675182126498,-310.5139709734711,-16.076668922384044,-315.1491765699881,-16.312965057997854,-319.39159404632926,-17.28709717801648,-318.8506320865102,-17.18605287643078,-282.00576416968846,-12.70507602753085,-287.96339388295087,-13.78085806994832,-288.53798994833744,-13.691298799974597,-55.140011122942845,-4.00034141966897,45.07362259401261,7.707782357395177,-23.380732912922227,-1.3980287085068128,0.25,,,,,,,,,,,
events,u5_value_gt_250k,2024-26,5,1432.0,0.1319832402234637,,30.937303620630654,,71.55607570706657,,,le50,189.0,168.80675182126498,27.534175850820432,153.47270356461624,19.93377167988913,115.01192496143109,11.469742851265133,0.8917955000889823,7.2140831701165045,0.5609413550604956,8.2621582064027,0.7310790495359845,6.126418242992158,0.5322386081505478,78.29065406562192,2.80009259791134,82.48703650188,3.185956078524568,79.04787904169227,3.071598500337185,22.513570941626057,1.9917640753992647,29.55671865785189,2.6094830146412225,96.83633850300477,3.730246624320207,0.49206349206349204,,,,,,,,,,,
events,u5_value_gt_250k,2024-26,5,1432.0,0.2814245810055866,,53.13223069671819,,108.57142857142898,,,le100,403.0,168.80675182126498,27.534175850820432,153.47270356461624,19.93377167988913,137.62563527324534,1.889139861921195,0.19825481236776687,-2.4657266996280005,-0.2587547705487128,-7.311864184822756,-0.9190075595824575,-8.030821588282004,-0.9855420417387485,53.55729403517577,2.6799808256913367,57.9666370086589,3.2350626647925993,54.20824774924832,2.9895190420250715,19.194941231567807,2.413572508920373,27.847024427172048,3.434112655737055,84.59838778735266,4.721062823135453,0.456575682382134,,,,,,,,,,,
events,u5_value_gt_250k,2024-26,15,1432.0,1.0,,178.16838533826368,,255.4404194368165,,,any,1432.0,168.80675182126498,27.534175850820432,153.47270356461624,19.93377167988913,168.80675182126498,-284.47751779884624,-14.426041541406326,-289.1127233953632,-14.657858497874177,-293.35514087170435,-15.776579354201704,-292.8141789118854,-15.63952445948881,-255.9700713781503,-11.318410535074912,-261.92770109141264,-12.4580853557168,-262.5022971567993,-12.362408834885866,-46.92663020318755,-3.1380804660437356,30.103244147444645,5.191048157031768,-15.093733027256857,-0.8409490642937112,0.26187150837988826,,,,,,,,,,,
events,u5_value_gt_250k,2024-26,15,1432.0,0.15921787709497207,,25.840871645319076,,75.82294398364553,,,le50,228.0,168.80675182126498,27.534175850820432,153.47270356461624,19.93377167988913,151.2566434338899,38.97816804143813,3.3682171463646453,34.703913062133815,2.999644535637275,28.29521500349372,2.6985450488449803,28.354120456181604,2.71786514766825,102.97815768395203,3.289773039871716,106.06514678332762,3.606056829719526,100.1167818124945,3.390058204935638,41.395120878416385,3.9208810058512786,46.28931003004,4.484646266436064,119.26948502405325,4.03845241578849,0.5701754385964912,,,,,,,,,,,
events,u5_value_gt_250k,2024-26,15,1432.0,0.32192737430167595,,50.83464999656585,,106.11941390770596,,,le100,461.0,168.80675182126498,27.534175850820432,153.47270356461624,19.93377167988913,150.749573368665,7.362803009416937,0.7481655439205451,2.989866774721621,0.3038589507503392,-0.7857020892712123,-0.10331096450900666,0.19101883977530043,0.023984408034815552,95.94601269331743,4.583480496457263,91.38100167589862,4.955415317053303,90.95565712306835,4.828683087446217,24.17935045675665,3.1933929993932857,29.222340050793978,3.867589365370751,116.6086955221342,6.307775133785359,0.4685466377440347,,,,,,,,,,,
events,u5_value_gt_250k,2024-26,30,1432.0,1.0,,171.54693531682523,,248.45349002713957,,,any,1432.0,168.80675182126498,27.534175850820432,153.47270356461624,19.93377167988913,168.80675182126498,-271.7423635143926,-14.43658354509392,-276.3775691109095,-14.679648529028967,-280.61998658725076,-15.655716716710497,-280.0790246274317,-15.554591066117002,-243.18179622727038,-11.141219960601612,-249.13942594053273,-12.230385632346692,-249.71402200591936,-12.160709271442903,-40.972409255609286,-2.8524964971653075,26.50283070964649,4.6883278825118575,-9.062241166658103,-0.5205361085790486,0.27583798882681565,,,,,,,,,,,
events,u5_value_gt_250k,2024-26,30,1432.0,0.16410614525139663,,29.476787030213078,,75.93906425264363,,,le50,235.0,168.80675182126498,27.534175850820432,153.47270356461624,19.93377167988913,139.48216928945448,25.73578259095865,1.8902080375297374,21.476054952060192,1.5776162242790135,16.731825139383343,1.490288635541416,15.586027946438465,1.33140335669066,109.40170011971851,3.6426289063704678,106.23849526103236,3.8160993900680547,103.76526678212139,3.6666989647705606,30.65649935219289,2.7315710255054233,33.17158008880749,3.0707668529674113,120.30068857287354,4.311790394744658,0.5276595744680851,,,,,,,,,,,
events,u5_value_gt_250k,2024-26,30,1432.0,0.33379888268156427,,50.46569528048165,,109.08252034428355,,,le100,478.0,168.80675182126498,27.534175850820432,153.47270356461624,19.93377167988913,154.0730034622737,3.8298394155465054,0.40793412137843715,-0.5486715985868748,-0.05844743540615295,-4.539930224371467,-0.627264644261514,-4.4691957887473945,-0.5874480272962426,71.74925842692855,3.471300349311458,72.74195503199775,3.85109102442772,71.01305751769307,3.700031005872084,21.14038481631113,2.9260136537908332,22.851010282172133,3.219823753902244,98.59414093056358,5.225534827268201,0.4665271966527197,,,,,,,,,,,
events,u5_value_gt_250k,all,5,4014.0,0.9661185849526657,,244.56925586504417,,265.4683151808701,,,any,3878.0,143.62817610527514,33.66029390048659,136.24032290445405,24.08594392176035,146.7155189397573,-392.65117432572896,-21.87127186303553,-397.3655327925079,-22.129649335575003,-393.874005724812,-27.44754955782827,-393.0219572735934,-26.914132952201243,-374.59474857912943,-17.033714279295793,-367.9596821068438,-22.86520007932727,-374.6115825108443,-21.178309740602767,-46.77769086400428,-5.102212273258488,50.1808287639488,11.216606026335592,-20.734277644389106,-1.9003791432019557,0.25322331098504386,,,,,,,,,,,
events,u5_value_gt_250k,all,5,4014.0,0.13577478824115596,,26.25820568927734,,47.35712613388232,,,le50,545.0,143.62817610527514,33.66029390048659,136.24032290445405,24.08594392176035,95.21584366882054,15.396754525640167,1.6877909338133725,11.119081373531397,1.2188725780303038,7.910553847128745,1.1666395526480882,10.248807625956003,1.4568434225395357,43.094714077471835,2.4391470395146597,42.9221147827462,2.845954791927878,39.774420388478994,2.5047401809195553,21.072618277936808,3.1028315468434235,20.17214127530882,2.8465210444982194,56.1333095850219,3.7104133376347486,0.5082568807339449,,,,,,,,,,,
events,u5_value_gt_250k,all,5,4014.0,0.26955655206776286,,49.7673689652668,,79.82136077415382,,,le100,1082.0,143.62817610527514,33.66029390048659,136.24032290445405,24.08594392176035,120.9355535259918,9.243370198592446,1.262026285414244,4.846571170268988,0.6616450101557553,2.2932132204016,0.43781365588347654,4.572896058170477,0.8466035004505447,32.98579020220127,2.3680260885031537,39.376353592811206,3.6072426834838858,38.07914536781328,3.285630195268525,27.05511454159794,5.148085215976493,28.905420426266325,5.307951953578959,64.21326950379905,5.860028930300154,0.49630314232902034,,,,,,,,,,,
events,u5_value_gt_250k,all,15,4014.0,0.9656203288490284,,212.26931824685633,,257.19163819336364,,,any,3876.0,143.62817610527514,33.66029390048659,136.24032290445405,24.08594392176035,146.61023440378693,-374.7628374726372,-20.590516465589623,-379.47707697057854,-20.845570512083594,-375.8374733355539,-26.09515585207257,-375.0287205119323,-25.54075687509653,-356.831819632924,-16.0019211026899,-349.9610299471491,-21.566461378345036,-356.7170064165935,-19.93376591969697,-47.74333484812385,-5.298532360714745,36.640644815371864,8.456075063817954,-21.758463141592046,-2.0097765350306473,0.26006191950464397,,,,,,,,,,,
events,u5_value_gt_250k,all,15,4014.0,0.16567015445939212,,25.02085070892505,,53.691532562345486,,,le50,665.0,143.62817610527514,33.66029390048659,136.24032290445405,24.08594392176035,118.31093291613959,29.178936512752887,2.9397166713242613,24.9160997476366,2.5107594813125624,20.769050684100076,2.8892855082088755,23.612064847688366,3.211372830291289,63.279307727180836,3.446848368443748,69.94819225544911,4.618082607558201,63.30270501510892,4.0137314986272035,33.2987643645829,4.6263587682316345,32.25257359158671,4.536333102281219,82.54844204334293,5.428368926530094,0.5473684210526316,,,,,,,,,,,
events,u5_value_gt_250k,all,15,4014.0,0.30543099152964626,,45.65735246418876,,84.79461805415812,,,le100,1226.0,143.62817610527514,33.66029390048659,136.24032290445405,24.08594392176035,135.24280355005146,14.915084193537117,1.7849492688718933,10.525117268875984,1.2596911847442451,6.200242591578594,0.976134569569324,9.13104581824581,1.405049607943719,57.06891267453537,4.0843525933342075,56.84523710977998,5.211903872208988,55.486252808476166,4.783917158474908,29.629170859602812,4.659720113272244,32.57774896062119,4.470527943750646,80.41156212704858,7.339580665779207,0.49184339314845027,,,,,,,,,,,
events,u5_value_gt_250k,all,30,4014.0,0.9653712007972097,,203.8330876225883,,253.32491394131296,,,any,3875.0,143.62817610527514,33.66029390048659,136.24032290445405,24.08594392176035,146.58548043515913,-368.3325870746253,-20.839470040434524,-373.0468769873539,-21.102185900918162,-369.39360627776546,-26.360389572055595,-368.5889297793185,-25.75207734153672,-350.5948441561864,-16.152730118553066,-343.66118752176004,-21.795100198075005,-350.4284361403507,-20.245688222125384,-50.35819245772789,-5.555033231353453,32.49577077650051,8.593635251061476,-24.452491086684688,-2.282486344370285,0.2670967741935484,,,,,,,,,,,
events,u5_value_gt_250k,all,30,4014.0,0.16940707523667164,,25.250568003288393,,51.65830517410708,,,le50,680.0,143.62817610527514,33.66029390048659,136.24032290445405,24.08594392176035,112.0827386459398,21.12507059276895,2.270036668661503,16.857759428697143,1.8114620311110472,11.466586033597881,1.796373433442151,14.600030150805873,2.197761349343179,67.36998786978971,3.533890292606276,65.76707587308599,4.551272407675384,63.62661019125514,3.970080410118378,24.338371605588037,3.808073139670655,25.353261291578885,3.9990708978594203,78.72180615923897,5.428287079479646,0.5485294117647059,,,,,,,,,,,
events,u5_value_gt_250k,all,30,4014.0,0.3136522172396612,,45.84063637589368,,86.97767955067937,,,le100,1259.0,143.62817610527514,33.66029390048659,136.24032290445405,24.08594392176035,136.6173632687505,9.174157599204564,1.088585855595884,4.773994239181664,0.5665147902318245,2.1177307376201675,0.35756492208683804,4.683021644057718,0.7667667562590533,53.214703213509594,3.679966509517131,53.261982061621964,4.927432842441399,51.95838643161342,4.385173966824035,26.090487287621045,4.3873953256445395,29.737542101469998,4.261749055893649,77.35904405766281,7.136946124983829,0.4996028594122319,,,,,,,,,,,
events,accepted_16_17,2020-23,5,3122.0,0.9609224855861627,,369.82971709793605,,256.9384469608782,,,any,3000.0,90.15043877869884,14.438438907062528,83.66554699948196,13.338812870446374,91.41964217702505,-488.757275216465,-20.081157816002598,-493.5863650576884,-20.278208360356803,-487.5838843495554,-26.86261611508543,-486.086251411499,-26.387831981681373,-486.8232299241479,-15.331598209080573,-476.1472738541124,-22.745347405512014,-482.274986043876,-19.99320816807664,2.6386524592104785,0.17861823521306638,36.7286149391425,6.112099650953134,14.21543749089764,0.8175977703725841,0.20166666666666666,,,,,,,,,,,
events,accepted_16_17,2020-23,5,3122.0,0.1079436258808456,,24.976923494597816,,26.78244342783076,,,le50,337.0,90.15043877869884,14.438438907062528,83.66554699948196,13.338812870446374,65.79704676693032,-0.5062340387771207,-0.035463835932484575,-4.788398277985681,-0.33541660685106084,-2.6627868978769724,-0.3194378493161272,-1.2557689394863336,-0.14379457019759326,4.256670315443066,0.17092183122751994,17.41064785041496,1.005184791066529,9.158538614932977,0.4771237507693628,9.805045589160784,1.1700592117658277,8.764422904975838,0.9856437210051879,29.90042130482357,1.7229854591949803,0.5074183976261127,,,,,,,,,,,
events,accepted_16_17,2020-23,5,3122.0,0.2110826393337604,,49.140049140048085,,50.37764060882522,,,le100,659.0,90.15043877869884,14.438438907062528,83.66554699948196,13.338812870446374,73.86256496795555,-7.336592243210927,-0.5202982764364414,-11.814049620467836,-0.8381118949709399,-14.284028952655037,-1.5256874543945358,-11.633989324980806,-1.2271586500276914,-2.1122792447619876,-0.09704492182364532,3.2151380208836198,0.21563070232655845,1.0337452580631346,0.06327033857267148,10.20880089491701,1.082668595730533,14.115903997166559,1.465459543681184,27.757671588674153,1.8547159411374294,0.46889226100151743,,,,,,,,,,,
events,accepted_16_17,2020-23,15,3122.0,0.9612427930813581,,338.00791082344523,,247.65126827007043,,,any,3001.0,90.15043877869884,14.438438907062528,83.66554699948196,13.338812870446374,91.24123375492702,-475.12067862865223,-19.649766059606037,-479.9498431500184,-19.84833626600155,-473.63536512837936,-26.30356424358424,-472.16671928231364,-25.838881458749523,-474.07581215356896,-15.03023103523901,-462.84508047399544,-22.419265331394683,-469.0565232897001,-19.82964324937491,-1.1276038781058977,-0.07785796971928777,30.875433890285965,5.21402534899766,10.003116053644975,0.5957369511206756,0.20859713428857046,,,,,,,,,,,
events,accepted_16_17,2020-23,15,3122.0,0.12812299807815503,,23.97124982342342,,28.969138995437184,,,le50,400.0,90.15043877869884,14.438438907062528,83.66554699948196,13.338812870446374,84.02338375551332,17.449570025715445,0.889847880800783,13.198656056707195,0.6731116360104957,17.436863246753195,1.3512214225207941,18.23168865281849,1.3905692770346862,6.2447121603727425,0.24712278402145435,24.910839236025286,1.6358496269511236,14.468625770354278,0.8284336221692211,29.627911277321143,2.2895927775878717,24.80458935074538,1.9573780946669683,37.08661139364931,2.4304206523074003,0.5175,,,,,,,,,,,
events,accepted_16_17,2020-23,15,3122.0,0.23830877642536835,,45.88910804910719,,53.117100456527844,,,le100,744.0,90.15043877869884,14.438438907062528,83.66554699948196,13.338812870446374,102.97220710888939,18.71765229539523,1.077297584197547,14.277730386969788,0.8220138864017105,8.763627510831219,0.6497609987568321,11.3433985315035,0.8388889869712971,11.62768740545939,0.617401659259736,11.74338915134867,1.0027285675353101,8.82261190742195,0.6700146440295236,32.53316281886793,2.4028779012308537,32.826341100971156,2.1263708191090207,35.5144758549752,3.0222320816514943,0.46774193548387094,,,,,,,,,,,
events,accepted_16_17,2020-23,30,3122.0,0.9606021780909674,,321.78087250092284,,243.90258565623714,,,any,2999.0,90.15043877869884,14.438438907062528,83.66554699948196,13.338812870446374,91.16426600333465,-470.19617241114867,-19.689655952325403,-475.0255376143335,-19.890685559458266,-468.7009252493422,-26.19799137842463,-467.2400460907307,-25.689070254533185,-469.19736597011774,-15.026564353314798,-457.92114956482425,-22.244600252676552,-464.12681295021156,-19.742285437623103,-10.496465416103499,-0.7312997576229454,30.808687935602425,5.646787452589523,0.6636540019213489,0.04037770410515922,0.21473824608202735,,,,,,,,,,,
events,accepted_16_17,2020-23,30,3122.0,0.13324791800128122,,23.916466111546747,,26.980921352570686,,,le50,416.0,90.15043877869884,14.438438907062528,83.66554699948196,13.338812870446374,65.53353778364291,3.5047640975673353,0.2736837092782107,-0.9216679299779653,-0.07193632929805217,1.99616924331544,0.3071967426690298,3.4937066058027213,0.5125549601218095,23.377143390407166,1.0242963145978803,36.99912123120946,2.4889418725170085,29.13681472085913,1.7691475365585771,14.398380957475803,2.2066082091657364,14.98494252913544,2.2881236436261148,49.43026140087866,3.3144686883578314,0.53125,,,,,,,,,,,
events,accepted_16_17,2020-23,30,3122.0,0.2498398462524023,,46.26066326270507,,51.20959097598133,,,le100,780.0,90.15043877869884,14.438438907062528,83.66554699948196,13.338812870446374,87.5482093583902,-0.5917536266384331,-0.04069548890717171,-5.117232833152309,-0.35199129408818636,-4.0707427010214605,-0.4029312017391243,-1.8272222647291605,-0.17803395898423935,8.467296644913917,0.42414239109863233,14.302485911629464,1.0888636395512152,10.553793150895755,0.7294582686548526,19.95584970458014,1.9650542726991067,25.070628108397088,2.1474116995174346,38.349084990457825,2.9121939944505724,0.4807692307692308,,,,,,,,,,,
events,accepted_16_17,2024-26,5,1930.0,0.9994818652849741,,294.8088015381334,,253.96825396825307,,,any,1929.0,103.8934091855204,27.165980353446916,98.17559792063963,23.409344348000165,103.96004493257344,-414.11221298447856,-20.6541406775344,-418.76061582570475,-20.881587384843858,-425.99523826922075,-22.318989952458175,-424.48281189447584,-22.04430638529147,-398.9571731054192,-18.56498098554078,-405.77063879912225,-20.518979960423334,-405.88139555917587,-20.27415881972413,-60.658174064293,-4.372970453244232,26.002522382225,7.274382581895016,-39.86962652718094,-2.640616859018195,0.18766200103680664,,,,,,,,,,,
events,accepted_16_17,2024-26,5,1930.0,0.10518134715025906,,27.088036117382515,,55.67979990255046,,,le50,203.0,103.8934091855204,27.165980353446916,98.17559792063963,23.409344348000165,79.13122329420544,0.9441002799460899,0.08134011958390068,-3.298251926311582,-0.2841802622558289,-5.68235678257804,-0.5459813283296842,-5.671594369881123,-0.5409575029757678,42.27888145865777,1.895735054943662,42.75252764615431,2.1359162807294756,43.06521059652567,2.147334070185863,7.67184273929999,0.7380647577564419,21.651757344936176,1.9347583904198835,56.16215515898004,2.804507805831232,0.458128078817734,,,,,,,,,,,
events,accepted_16_17,2024-26,5,1930.0,0.21606217616580312,,51.639555899818156,,80.00000000000007,,,le100,417.0,103.8934091855204,27.165980353446916,98.17559792063963,23.409344348000165,100.13926395792306,-5.588526348684852,-0.685391738946398,-9.929707154344458,-1.2180731112347956,-13.850951743561398,-2.0618829104093765,-13.52264226594146,-1.9739527498222058,19.565818786550015,1.2087746604600682,18.36819358194672,1.2742793930969887,17.18455891178991,1.1656432470623723,11.808624803883456,1.7506298773384903,24.253750471995225,3.3743419433835538,44.07656320475661,3.0522416283942824,0.4052757793764988,,,,,,,,,,,
events,accepted_16_17,2024-26,15,1930.0,0.9994818652849741,,273.97260273972546,,236.2010802332204,,,any,1929.0,103.8934091855204,27.165980353446916,98.17559792063963,23.409344348000165,103.96004493257344,-396.7281295399759,-19.855549432708088,-401.3765323812022,-20.084142937592834,-408.6111548247181,-21.593485233327197,-407.09872844997335,-21.265985440694518,-381.38973295936756,-17.74680104068075,-388.20319865307056,-19.844769531814556,-388.31395541312423,-19.429863190619134,-50.6679020124123,-3.586787212586587,17.561801886556474,5.004330042832474,-29.686504880403447,-1.9326705639092632,0.20010368066355624,,,,,,,,,,,
events,accepted_16_17,2024-26,15,1930.0,0.10673575129533679,,22.247538477541553,,51.71452543797472,,,le50,206.0,103.8934091855204,27.165980353446916,98.17559792063963,23.409344348000165,90.83994310566644,9.750878013886545,1.0550516880498628,5.503876227091147,0.595627372994075,-3.259955211593863,-0.41212036757686005,-0.9355376120824017,-0.12371643566212544,36.53016516231707,1.3715144787341136,35.39990284524049,1.4155152514376363,35.419377631769855,1.4256112858638723,8.830213686139132,1.111376385120634,19.428554946346196,2.275063430292746,47.52746107773838,1.894486851800187,0.5048543689320388,,,,,,,,,,,
events,accepted_16_17,2024-26,15,1930.0,0.23730569948186528,,54.448650539391,,80.3587453040011,,,le100,458.0,103.8934091855204,27.165980353446916,98.17559792063963,23.409344348000165,101.36750169209668,-6.758264510853495,-0.8666486019234104,-11.123638259756124,-1.42678005199186,-14.627009479106404,-2.4344534180180264,-14.13629256217826,-2.2522863063770466,22.502313055456874,1.1614424791725781,21.781938778503456,1.3151207547373356,19.440600746714797,1.1454687319181283,11.035108883168956,1.8369214399453675,19.69805445135234,3.097424021862103,47.53645270141181,2.862787368117772,0.4279475982532751,,,,,,,,,,,
events,accepted_16_17,2024-26,30,1930.0,0.9994818652849741,,254.6171776940998,,224.6881498146447,,,any,1929.0,103.8934091855204,27.165980353446916,98.17559792063963,23.409344348000165,103.96004493257344,-383.55711503273494,-19.32608691023465,-388.20551787396124,-19.556425806228404,-395.44014031747713,-20.96183983767486,-393.9277139427324,-20.651851939326676,-368.1510699412661,-17.188163646741422,-374.964535634969,-19.245386262784752,-375.0752923950227,-18.832030000914553,-40.834267894754724,-2.800402216610858,17.13748908210549,4.896791935719542,-19.83138924749684,-1.2572390662555188,0.21513737687921203,,,,,,,,,,,
events,accepted_16_17,2024-26,30,1930.0,0.11398963730569948,,27.128239184729768,,51.55107439344219,,,le50,220.0,103.8934091855204,27.165980353446916,98.17559792063963,23.409344348000165,82.88509292345542,1.2623684169111002,0.10734778621623393,-2.980664040872125,-0.2534390035342243,-7.591305203638808,-0.8061567630435023,-6.920948293038873,-0.7112958189769869,23.481601216533843,0.7963516729882139,24.837825603289563,0.9209809218195025,24.511285001538887,0.8914093705485345,5.606077753542449,0.5971754175260142,14.752818573547454,1.4321582388652074,38.08135966087421,1.4099254815735205,0.4954545454545455,,,,,,,,,,,
events,accepted_16_17,2024-26,30,1930.0,0.24663212435233162,,54.292507099754005,,83.45420320244324,,,le100,476.0,103.8934091855204,27.165980353446916,98.17559792063963,23.409344348000165,103.441518157543,-9.913196781640686,-1.2777671788543328,-14.28016865684507,-1.841047536710381,-18.5804440793085,-3.043876956875434,-16.81817450173063,-2.630306506544721,15.265215166111702,0.8019225779310476,17.591762494632793,1.0320362738943225,16.148728805064902,0.9217896339586449,7.552094618921898,1.238206037211513,12.825918460005724,1.9620593281642231,43.808092254111386,2.5612308385115505,0.43907563025210083,,,,,,,,,,,
events,accepted_16_17,all,5,5052.0,0.9756532066508313,,333.239197966676,,255.97246257336838,,,any,4929.0,95.40062343530327,23.12586645006493,89.46000030140361,21.627167615886403,96.32742000527678,-459.54438719749527,-27.047853002918636,-464.3027638670825,-27.32418974304522,-463.4807197545127,-34.27896004462442,-461.97729729741144,-33.720834935830865,-452.4362095136533,-21.19544719195504,-448.6048658563287,-29.61411625306243,-452.37779877567016,-26.74506021694708,-22.133020976342014,-2.092694719564824,32.407623145911494,8.374336863906686,-6.9511456884234395,-0.5735087080024946,0.19618583891255834,,,,,,,,,,,
events,accepted_16_17,all,5,5052.0,0.10688836104513064,,25.689839848624253,,37.04136968024962,,,le50,540.0,95.40062343530327,23.12586645006493,89.46000030140361,21.627167615886403,70.80970942440597,0.03898423289104918,0.0039337981209860194,-4.2282136309674545,-0.4266313667895154,-3.7979215026812656,-0.5840173064304758,-2.9157922031347447,-0.43392849750049833,18.55020524520711,1.0515099400283625,26.937317477331796,2.048476992018308,21.90493567467986,1.5471663250332792,9.00311933263904,1.3804996313983213,13.61809431742843,1.9576428112844213,39.77288792036758,3.0199744045916246,0.4888888888888889,,,,,,,,,,,
events,accepted_16_17,all,5,5052.0,0.21298495645288995,,49.87531172069896,,61.68532951020045,,,le100,1076.0,95.40062343530327,23.12586645006493,89.46000030140361,21.627167615886403,84.04600686276638,-6.659135479254261,-0.7245604094756483,-11.083779352462773,-1.2063878753071338,-14.116191409725626,-2.2428250053373846,-12.365930102286189,-1.9377577913106734,6.288991088934205,0.4271963869570529,9.087651189065136,0.8494227653539027,7.292936051375463,0.6331514370904636,10.828807000901218,1.7091995786718346,18.06051719319952,2.7725000531739092,34.08200040271355,3.175274038085442,0.44423791821561337,,,,,,,,,,,
events,accepted_16_17,all,15,5052.0,0.9758511480601741,,310.30713392369665,,242.05794462391793,,,any,4930.0,95.40062343530327,23.12586645006493,89.46000030140361,21.627167615886403,96.21782336175866,-444.447407392941,-26.28540115396739,-449.20584386542487,-26.5633948262992,-448.19282929151075,-33.38593725551928,-446.70705309254,-32.811969424963756,-437.8097986108479,-20.599172120122507,-433.6393624146518,-28.954419144730664,-437.4637416601028,-26.22300949408266,-20.51162722518035,-1.9637745238828614,25.54436352254786,6.672507180690583,-5.526555098845777,-0.46669715591431143,0.2052738336713996,,,,,,,,,,,
events,accepted_16_17,all,15,5052.0,0.11995249406175772,,23.528830256013357,,37.52882252737732,,,le50,606.0,95.40062343530327,23.12586645006493,89.46000030140361,21.627167615886403,86.34056399665448,14.83252290618285,1.1141286257160075,10.58293882089712,0.7949793325322477,10.401311097546111,1.163659692147095,11.716096886202017,1.297286693976559,16.539767141231703,0.8718274821337468,28.476428515725498,2.1659638723324073,21.590498515323933,1.511630274004516,22.55806688163881,2.5163259044382875,22.971041192953606,2.598883139384471,40.63581112124393,3.083098075144736,0.5132013201320133,,,,,,,,,,,
events,accepted_16_17,all,15,5052.0,0.2379255740300871,,49.501847797762224,,62.864965840295774,,,le100,1202.0,95.40062343530327,23.12586645006493,89.46000030140361,21.627167615886403,102.36076361397173,9.010522597174004,0.805827574818447,4.599005894290532,0.4114281324662678,-0.1489446533879421,-0.017173485043999476,1.634830710450052,0.18745680435684084,15.771263568270411,1.1444175093914648,15.568393917768711,1.621733407081757,12.86840133204435,1.2380382077407965,24.341724630390278,2.797321523047759,27.795669914226465,2.827131269106935,40.095229095963525,4.164374568271864,0.4525790349417637,,,,,,,,,,,
events,accepted_16_17,all,30,5052.0,0.9754552652414885,,292.45806556458166,,238.03617032439382,,,any,4928.0,95.40062343530327,23.12586645006493,89.46000030140361,21.627167615886403,96.17300333176436,-436.282466712496,-26.04181872940961,-441.04099660800676,-26.322376456841692,-440.02396621249807,-32.88089983624262,-438.5429095823117,-32.27988375095235,-429.64413848642147,-20.366071043624725,-425.4488873345703,-28.433442754592768,-429.26878065496817,-25.817890504387943,-22.37179434900086,-2.1422682813617855,25.35740487074893,7.091177854443182,-7.358857854435739,-0.6270202421347825,0.2148944805194805,,,,,,,,,,,
events,accepted_16_17,all,30,5052.0,0.12589073634204276,,25.007301135517437,,34.729958141062056,,,le50,636.0,95.40062343530327,23.12586645006493,89.46000030140361,21.627167615886403,71.5356480521315,2.7290926357051157,0.29321938908369233,-1.6338992890922974,-0.17548005165788302,-1.320252735190744,-0.24611455653465325,-0.10884697555757877,-0.019457413518421014,23.413276600702556,1.2962507045517897,32.79238374985352,2.434313217709669,27.536788717320686,1.9182151441452906,11.357018213976845,2.1144052430860003,14.904648079089283,2.677754430979881,45.504540673204154,3.370078732489648,0.5188679245283019,,,,,,,,,,,
events,accepted_16_17,all,30,5052.0,0.24861441013460014,,49.32189989661258,,62.198511518394284,,,le100,1256.0,95.40062343530327,23.12586645006493,89.46000030140361,21.627167615886403,93.5714696994704,-4.124402465636102,-0.4342755797590316,-8.589810422386188,-0.9046575509730894,-9.569642267951899,-1.4295593532936282,-7.5085067112360875,-1.1004256853351446,11.043577867915625,0.7705171147025164,15.549058884168941,1.4956527685524146,12.674166854227375,1.1353681521529888,15.255063541544052,2.2694369975111015,20.41626373523148,2.6671582695227154,40.41794443114182,3.8771162156745262,0.46496815286624205,,,,,,,,,,,
events,accepted_17_1945,2020-23,5,2722.0,0.9684055841293167,,316.5205914375192,,252.06893537197072,,,any,2636.0,101.1601515667291,24.540963292826127,84.2747296286333,12.326461410189088,102.52585110638144,-416.27751662494785,-17.379946130168346,-421.1501974096163,-17.58265447641938,-414.28048400045344,-24.839693226754978,-413.3054589395735,-23.873986031348725,-398.5138083591534,-12.705578204870434,-387.9408956563862,-19.25442936343421,-397.062981107175,-17.182537991981693,-15.760002814774092,-1.3502932583487488,35.06086460730249,5.8685274398929375,10.156492794772308,0.664157490967872,0.2291350531107739,,,,,,,,,,,
events,accepted_17_1945,2020-23,5,2722.0,0.12417340191036003,,24.017298800145475,,34.41790210509388,,,le50,338.0,101.1601515667291,24.540963292826127,84.2747296286333,12.326461410189088,67.88327767166935,-3.2075265464118683,-0.18088596998550252,-7.606336427850507,-0.4288835264024685,-6.828918599406504,-0.727393479310242,-2.5771680731614905,-0.25531736207100447,0.4149892140471265,0.013901122073981281,7.686491977665735,0.35982504773561164,-3.1407329238329167,-0.12729718449705177,5.472826712910723,0.5801887697338406,1.1239561865810368,0.11592434109873001,20.00237825709903,0.933871589217445,0.4881656804733728,,,,,,,,,,,
events,accepted_17_1945,2020-23,5,2722.0,0.23622336517266715,,47.09912224363067,,53.46060019115528,,,le100,643.0,101.1601515667291,24.540963292826127,84.2747296286333,12.326461410189088,83.5193174251163,-3.773343345727731,-0.3170541850988974,-8.208934397780865,-0.6897029602973707,-9.106886010019537,-1.3085883311487376,-5.636951334763822,-0.7514925651608296,6.604366499956049,0.31905791644566794,14.23403076881443,0.8891391601166597,8.308222279968733,0.4622624483082403,14.534902180612383,2.080940563679069,10.23438343467293,1.394546694981087,37.921176291638886,2.3603999830529814,0.47433903576982894,,,,,,,,,,,
events,accepted_17_1945,2020-23,15,2722.0,0.9680382072005878,,296.15004935834054,,251.992179007976,,,any,2635.0,101.1601515667291,24.540963292826127,84.2747296286333,12.326461410189088,102.38925965455266,-416.6855303179885,-16.920605058542304,-421.55818553985034,-17.117708340190003,-414.539514254539,-24.392463794319287,-413.62072411932434,-23.443620816019372,-398.92827547098454,-12.428959420669793,-388.1236201148384,-18.76943311300084,-397.36130215935947,-16.8295819192759,-23.396091252180412,-1.991870398545361,27.750073940136843,4.665835509761744,2.449130169699114,0.15837122535844297,0.22618595825426946,,,,,,,,,,,
events,accepted_17_1945,2020-23,15,2722.0,0.13850110213078617,,23.668639053253933,,37.291849504397234,,,le50,377.0,101.1601515667291,24.540963292826127,84.2747296286333,12.326461410189088,71.2152495451746,1.9919201779807083,0.13601535915468724,-2.2796589265801956,-0.1556454855618719,-4.57535428693811,-0.4450444939368616,-0.6436331664253707,-0.059640123923583095,12.962104528014807,0.49310069816901503,28.661625943933295,1.4710067244971898,15.177629727641857,0.7015819043018494,7.824354084646443,0.7611862890231312,6.32619391741187,0.5856184272057999,41.10890938578394,2.1019763412403982,0.493368700265252,,,,,,,,,,,
events,accepted_17_1945,2020-23,15,2722.0,0.25018368846436445,,44.150110375275,,55.530533827028435,,,le100,681.0,101.1601515667291,24.540963292826127,84.2747296286333,12.326461410189088,84.5368254278825,-5.646756447438938,-0.5481179142468222,-10.06741421997218,-0.977036446648803,-13.497020186954357,-2.0878958256681543,-9.909971307841024,-1.4365498259149587,18.14823997199002,0.9406339957363407,24.19504149225576,1.7699715391791822,16.629750816339705,1.0919737539197032,9.708948435194378,1.50288473846195,8.688145510426596,1.2700328116804964,47.50975477854112,3.460220093538728,0.4552129221732746,,,,,,,,,,,
events,accepted_17_1945,2020-23,30,2722.0,0.9680382072005878,,288.29251142622854,,252.12693718727587,,,any,2635.0,101.1601515667291,24.540963292826127,84.2747296286333,12.326461410189088,102.4361704212856,-419.7409249112241,-17.42611944214884,-424.6134594332607,-17.627853341248827,-417.55731557684965,-24.71036684438197,-416.63325164257463,-23.682874732009292,-402.4285919405642,-12.854262364649864,-391.6877728484453,-19.335083222239252,-400.95396307586327,-17.267114983000354,-25.658925159821266,-2.2901454263152234,24.84292737542626,4.304169150021832,-0.16285473990755173,-0.011142961778157108,0.22504743833017077,,,,,,,,,,,
events,accepted_17_1945,2020-23,30,2722.0,0.14070536370315945,,25.155474809585996,,37.23605853653389,,,le50,383.0,101.1601515667291,24.540963292826127,84.2747296286333,12.326461410189088,67.64619421892912,-3.9877716413292688,-0.2816206462513174,-8.336822771500064,-0.5885840273321369,-11.209729998209543,-1.2724683133589494,-7.001252314101328,-0.7639086632767846,11.059659304251811,0.3600425777633694,17.097563171142287,0.8468201948766951,6.484557728226069,0.26678949262560253,1.4622699974778948,0.165672894447742,-0.9200916065964705,-0.1008078056317793,29.821846775484527,1.4699376543789717,0.4908616187989556,,,,,,,,,,,
events,accepted_17_1945,2020-23,30,2722.0,0.25642909625275534,,44.734838725277555,,57.28099755594629,,,le100,698.0,101.1601515667291,24.540963292826127,84.2747296286333,12.326461410189088,85.89654555320784,-9.090845817249093,-0.8590650115516082,-13.59374491093194,-1.284342689109226,-14.261117350281728,-2.3436827543521863,-10.736294824660758,-1.6562274700376922,10.40254918725662,0.47884603041097584,16.0146750244858,1.0922622277227707,9.072487763853816,0.5305177502300394,9.32353578960842,1.5251273870914557,6.884022197848407,1.0267864224424612,39.68243055565047,2.6904893445445874,0.4670487106017192,,,,,,,,,,,
events,accepted_17_1945,2024-26,5,1441.0,0.9993060374739764,,255.46280571959278,,255.73254134808042,,,any,1440.0,131.43375865132006,24.350722155146713,117.08963323884934,13.168953013552409,131.4165990048038,-381.5581906465788,-18.275082136954165,-386.23528305407245,-18.494337976099818,-391.28461044470123,-18.92490595992904,-391.21875538146384,-18.92482332897524,-361.65707273385203,-15.320734855259156,-368.2547099580716,-16.09931435271198,-371.0513831486432,-16.12179689902282,-22.360218815783718,-1.2942882705445569,29.025401868563783,4.565635408433098,0.4216081925405969,0.021960209539786973,0.21388888888888888,,,,,,,,,,,
events,accepted_17_1945,2024-26,5,1441.0,0.1054823039555864,,34.63938656787292,,63.22190742431233,,,le50,152.0,131.43375865132006,24.350722155146713,117.08963323884934,13.168953013552409,110.2420207130112,27.346514130017244,1.2857753164955557,23.047248892084685,1.0834899120419828,20.112356293976624,1.0710524984045362,19.494698344083346,0.9955413488172717,77.82379887097837,2.3214391576865734,75.37635206666155,2.3411610455581457,70.04492216480482,2.16477366795263,35.57954081701073,1.8963481336504584,32.18283563518551,1.6948606823387131,90.95540908703539,2.8188276113728747,0.4868421052631579,,,,,,,,,,,
events,accepted_17_1945,2024-26,5,1441.0,0.2359472588480222,,53.86162025871905,,92.15292722736245,,,le100,340.0,131.43375865132006,24.350722155146713,117.08963323884934,13.168953013552409,115.94266108992115,0.6704340954495184,0.05060774451485596,-3.6966170396348548,-0.2790331756940736,-8.360991492263981,-0.7329230461957009,-8.696189779516482,-0.7235540797700712,58.64072365013852,2.480860129788893,60.40632327958863,2.833117353063246,54.80632354325968,2.5529688702320867,18.962326029704073,1.6774547865162146,17.368428675118988,1.5533867085128563,87.92548324690529,4.122286916402347,0.43529411764705883,,,,,,,,,,,
events,accepted_17_1945,2024-26,15,1441.0,0.9993060374739764,,235.13704547239428,,243.32582561904292,,,any,1440.0,131.43375865132006,24.350722155146713,117.08963323884934,13.168953013552409,131.4165990048038,-366.4617771043358,-17.18655528175023,-371.13886951182957,-17.401618393381316,-376.18819690245823,-18.11982546434295,-376.1223418392208,-18.051950128759884,-346.49954215189933,-14.445008369747923,-353.0971793761189,-15.411059404658376,-355.89385256669044,-15.41997234025471,-17.038205882703423,-0.9685332436156165,25.9956178777583,4.1268853091742255,5.780484632899936,0.2988376116114751,0.22361111111111112,,,,,,,,,,,
events,accepted_17_1945,2024-26,15,1441.0,0.1304649548924358,,29.225718632397182,,67.90789840420919,,,le50,188.0,131.43375865132006,24.350722155146713,117.08963323884934,13.168953013552409,138.55659114582963,36.22881222883259,2.44796308970924,31.924808103201137,2.1573630825705337,28.914681800551403,2.3366051464898625,29.010867008985255,2.252545764595059,103.56333282154468,2.9896806721623808,100.81891948871623,3.2010266592462946,91.64247361658278,2.8682695025353966,42.882688838001535,3.452126560040882,44.004375012661946,3.732152221252474,114.90498763014818,3.6384964074168566,0.5638297872340425,,,,,,,,,,,
events,accepted_17_1945,2024-26,15,1441.0,0.25815405968077726,,49.628190682130096,,91.46576754807123,,,le100,372.0,131.43375865132006,24.350722155146713,117.08963323884934,13.168953013552409,137.5138844315736,14.351526516874069,1.1168895732362123,9.973142200944562,0.77623056433651,5.449413564554777,0.5170130585835555,7.090302669917701,0.6364291535343668,86.21087974426025,3.8682839944505303,81.55508475752517,4.06670353376617,78.5384993686545,3.859556795638382,31.1190429768911,2.9556061689868716,32.51161662223896,3.0664218207314473,107.4211628118549,5.360467632267679,0.46774193548387094,,,,,,,,,,,
events,accepted_17_1945,2024-26,30,1441.0,0.9993060374739764,,235.6305014787465,,237.87094133723485,,,any,1440.0,131.43375865132006,24.350722155146713,117.08963323884934,13.168953013552409,131.4165990048038,-361.2974984694803,-17.073379764669543,-365.97459087697405,-17.290074971386186,-371.02391826760277,-17.944026460070372,-370.9580632043653,-17.899803797887795,-341.3257764435416,-14.25445271608054,-347.9234136677611,-15.274187430001009,-350.72008685833265,-15.2900494927101,-20.37547902833409,-1.1872487612055835,23.172340146423743,3.747002246622925,2.534956880097533,0.13326495634596544,0.22777777777777777,,,,,,,,,,,
events,accepted_17_1945,2024-26,30,1441.0,0.13671061762664816,,31.397174254316443,,71.5680645803185,,,le50,197.0,131.43375865132006,24.350722155146713,117.08963323884934,13.168953013552409,148.9580712472482,51.93561164596264,2.8883117283750765,47.64559312099751,2.649940260262654,38.571225882074266,2.4210034804437757,38.709404573253146,2.325024563001611,102.51001034321006,2.9796149522601074,96.51939203562031,3.015249308583864,92.72125147955764,2.8532626966784327,52.8596567338284,3.3100805534391644,48.16116386272832,2.983143679631974,110.89639332896559,3.4575431620370436,0.5380710659898477,,,,,,,,,,,
events,accepted_17_1945,2024-26,30,1441.0,0.26717557251908397,,48.979591836733654,,88.15871647627426,,,le100,385.0,131.43375865132006,24.350722155146713,117.08963323884934,13.168953013552409,136.30461103283713,13.499276506995432,1.116262634033578,9.12605619591679,0.7547580949754014,4.655838613698241,0.47749117034599,4.229678607669467,0.40573130675985924,74.44212857371521,3.3749410173671737,76.39512845494745,3.8621411909291874,71.69102278215266,3.5399600644594647,29.917778040310502,3.081274041372645,25.703405991615973,2.6170631102764217,101.83168258017093,5.141461902226316,0.4649350649350649,,,,,,,,,,,
events,accepted_17_1945,all,5,4163.0,0.9791016094162863,,289.1054556683541,,253.22079818379083,,,any,4076.0,111.63919740119839,33.32407635435249,96.91677146450624,17.690712021320103,112.73259226774752,-404.01161147066637,-23.43732092761321,-408.8151933193359,-23.71333790277005,-406.15632847535943,-31.070814442622336,-405.5025018434798,-30.23052856172365,-385.49278301557297,-17.51430760153684,-380.9860116020258,-24.792392860763456,-387.87340773615296,-22.72380479592124,-18.091776868123908,-1.864434664561399,32.60589405860175,7.427120876314805,6.717279392609973,0.5604620158207752,0.2237487733071639,,,,,,,,,,,
events,accepted_17_1945,all,5,4163.0,0.1177035791496517,,26.50570547604741,,41.204519068165354,,,le50,490.0,111.63919740119839,33.32407635435249,96.91677146450624,17.690712021320103,81.02313265592234,6.27046158178655,0.45048454812237,1.9025308550681646,0.13665969172023462,1.5283748369082615,0.17506376746542315,4.269614978718541,0.461634375840046,24.427517923952333,1.0538723541759556,28.68416286241545,1.6030998304019273,19.561756001622058,0.9842804924096701,14.812052312549909,1.6913476622890569,10.854849747731793,1.2138698644654944,42.01229802475276,2.3408611000535613,0.48775510204081635,,,,,,,,,,,
events,accepted_17_1945,all,5,4163.0,0.23612779245736248,,50.209205020920926,,66.54525637337815,,,le100,983.0,111.63919740119839,33.32407635435249,96.91677146450624,17.690712021320103,94.7339022125361,-2.236329785198469,-0.24768503512901743,-6.648214253559458,-0.7362773979298249,-8.848896044570006,-1.4700312764302714,-6.6950806035490755,-1.0419859859793794,24.602699593610208,1.5517833998311483,30.20410142360917,2.3491693231596806,24.390983652826232,1.7477064764307328,16.066259361376545,2.6730364445332877,12.78004599878004,2.068767973006196,55.21666394656318,4.2812039788991605,0.46083418107833163,,,,,,,,,,,
events,accepted_17_1945,all,15,4163.0,0.9788613980302666,,268.2427824505569,,248.9623502333327,,,any,4075.0,111.63919740119839,33.32407635435249,96.91677146450624,17.690712021320103,112.64677343721809,-398.9377500412621,-22.483231048014986,-403.7412984035682,-22.751378040387888,-400.9871468957669,-30.147374566024137,-400.36976203752084,-29.291098220738547,-380.4013120404366,-16.877629801484012,-375.7461784795608,-23.92755300514758,-382.7077739597414,-21.98441159147455,-21.149378385420437,-2.155806715995906,27.047086080039506,6.19498412856293,3.6263449984130234,0.29947310387846987,0.2252760736196319,,,,,,,,,,,
events,accepted_17_1945,all,15,4163.0,0.135719433101129,,26.064291920069262,,44.376147249527435,,,le50,565.0,111.63919740119839,33.32407635435249,96.91677146450624,17.690712021320103,93.62263400698548,13.384018771892485,1.2163240994758053,9.101650456780673,0.8270956741292895,6.568232942173444,0.8132213098059969,9.223704945038696,1.092652312056815,43.10906190710085,2.0311251748650507,52.67148645086991,3.122230003995964,40.62079902166114,2.2411238409019134,19.489782285762825,2.4087834327954547,19.047793807505528,2.3030598581261845,65.66406462461664,3.878004822129731,0.5168141592920354,,,,,,,,,,,
events,accepted_17_1945,all,15,4163.0,0.2529425894787413,,46.47808317974183,,67.89100569370987,,,le100,1053.0,111.63919740119839,33.32407635435249,96.91677146450624,17.690712021320103,103.25236764001272,1.41816402998218,0.175477266981836,-2.987559529961706,-0.3696294370807421,-6.803693163629192,-1.2090266397373188,-3.904176512279538,-0.6537681594198511,42.19316114509974,2.8416290676088978,44.458988400783994,3.8920307304528237,38.50064774080419,3.1305347417932863,17.272628558186952,3.0681435067144722,17.32952481150483,2.9608581660316884,68.67503852820182,5.993462518482937,0.45963912630579296,,,,,,,,,,,
events,accepted_17_1945,all,30,4163.0,0.9788613980302666,,269.05829596412553,,247.42288191142325,,,any,4075.0,111.63919740119839,33.32407635435249,96.91677146450624,17.690712021320103,112.67710714773128,-399.0885239109515,-22.89178534471104,-403.8919942256404,-23.164847867954332,-401.11361198781515,-30.256250924378254,-400.4928169552075,-29.350868600531843,-380.83643137229114,-17.240182652874672,-376.22257598459623,-24.315442637914863,-383.20260559040463,-22.29079529593853,-23.791891434829477,-2.519253428301294,24.184146740268737,5.675282752427913,0.7904823724377982,0.06818231916118318,0.2260122699386503,,,,,,,,,,,
events,accepted_17_1945,all,30,4163.0,0.13932260389142445,,26.385270196654183,,46.57158400724559,,,le50,580.0,111.63919740119839,33.32407635435249,96.91677146450624,17.690712021320103,95.26419383027198,15.006894751078502,1.3335032867316872,10.677894350606872,0.9486364709215388,5.698629154231681,0.7114897554413466,8.524608732120795,1.023095879805945,42.12124405369107,1.7848327779099191,44.07359814752534,2.5389713051079115,35.77529681273007,1.8189170812245143,18.919658251031425,2.354972703779308,15.965260096754125,1.9443596419017497,57.35923586347723,3.290929487296781,0.506896551724138,,,,,,,,,,,
events,accepted_17_1945,all,30,4163.0,0.26014893105933223,,46.768309793284075,,71.42857142857117,,,le100,1083.0,111.63919740119839,33.32407635435249,96.91677146450624,17.690712021320103,103.81631028973348,-1.0601929134317865,-0.13135761397360807,-5.516991978211016,-0.6834811302349434,-7.536253041756994,-1.4368583727943431,-5.415981092945951,-0.9690768847998605,33.16823530340304,2.0582904868202356,37.47956382478843,3.1604811326333127,31.33300113600992,2.365368026387766,16.644665306247663,3.1697315456588835,13.754010844893656,2.4673040499971757,61.77611664008296,5.18575958839718,0.4662973222530009,,,,,,,,,,,
book,all,2020-23,5,,,,,,,,,any,,,,,,,,,,,,,,,,,,,,,,,,,,,,on,1006.0,953.0,5.093389296956978,-0.9952432573691385,-11.761112300709495,-0.9999999994658384,-23.498877474473453,0.12009978294372559,0.6151378941992911,0.24384612769355335
book,all,2024-26,5,,,,,,,,,any,,,,,,,,,,,,,,,,,,,,,,,,,,,,on,565.0,532.0,5.434210526315789,-0.9949304795780028,-13.544360807589738,-0.9999928486172659,-20.280677915617485,0.16847145557403564,1.044989989865308,0.03952120182454572
book,all,2020-23,5,,,,,,,,,any,,,,,,,,,,,,,,,,,,,,,,,,,,,,cc,1006.0,953.0,5.093389296956978,-0.9941877888445257,-9.783219070723865,-0.9999999988111998,-19.54701735438778,0.12009978294372559,0.6151378941992911,0.4094849869077925
book,all,2024-26,5,,,,,,,,,any,,,,,,,,,,,,,,,,,,,,,,,,,,,,cc,565.0,532.0,5.434210526315789,-0.9933642458610819,-12.189991452899534,-0.9999869220482744,-18.25271003647896,0.16847145557403564,1.044989989865308,0.20712998133077398
book,all,2020-23,5,,,,,,,,,le50,,,,,,,,,,,,,,,,,,,,,,,,,,,,on,1006.0,477.0,1.4150943396226414,-0.011456857771987128,-0.23092001338257317,-0.09536241755904595,-0.46138162464051197,0.12009978294372559,0.6151378941992911,0.4217729431160558
book,all,2024-26,5,,,,,,,,,le50,,,,,,,,,,,,,,,,,,,,,,,,,,,,on,565.0,248.0,1.4314516129032258,0.01229506352573484,0.43548110228593495,-0.03182237550734224,0.6520685692934354,0.16847145557403564,1.044989989865308,0.1602935188391445
book,all,2020-23,5,,,,,,,,,le50,,,,,,,,,,,,,,,,,,,,,,,,,,,,cc,1006.0,477.0,1.4150943396226414,0.0010810654520936325,0.052442551193609584,-0.16190750653809527,0.10478099804157906,0.12009978294372559,0.6151378941992911,0.44074332740191385
book,all,2024-26,5,,,,,,,,,le50,,,,,,,,,,,,,,,,,,,,,,,,,,,,cc,565.0,248.0,1.4314516129032258,0.09407624893714761,1.9243730744085368,-0.03379962498595379,2.8814641802584418,0.16847145557403564,1.044989989865308,0.22760075497794666
book,all,2020-23,15,,,,,,,,,any,,,,,,,,,,,,,,,,,,,,,,,,,,,,on,1006.0,953.0,5.093389296956978,-0.9947083462451924,-11.579332002278143,-0.9999999991826042,-23.1356777318901,0.12009978294372559,0.6151378941992911,0.24038561914278078
book,all,2024-26,15,,,,,,,,,any,,,,,,,,,,,,,,,,,,,,,,,,,,,,on,565.0,532.0,5.434210526315789,-0.9935920146325172,-13.270442282074905,-0.999987907102474,-19.87052541968174,0.16847145557403564,1.044989989865308,0.053341728242771065
book,all,2020-23,15,,,,,,,,,any,,,,,,,,,,,,,,,,,,,,,,,,,,,,cc,1006.0,953.0,5.093389296956978,-0.993561654055352,-9.635617540353543,-0.9999999982115042,-19.252107299238684,0.12009978294372559,0.6151378941992911,0.4094068840990058
book,all,2024-26,15,,,,,,,,,any,,,,,,,,,,,,,,,,,,,,,,,,,,,,cc,565.0,532.0,5.434210526315789,-0.9915955685950082,-11.853651653881698,-0.9999777865551398,-17.74909091181256,0.16847145557403564,1.044989989865308,0.2236833957133558
book,all,2020-23,15,,,,,,,,,le50,,,,,,,,,,,,,,,,,,,,,,,,,,,,on,1006.0,513.0,1.5146198830409356,0.009750777400967303,0.21091824687353852,-0.05286292103424528,0.42141779737219504,0.12009978294372559,0.6151378941992911,0.48611580154893025
book,all,2024-26,15,,,,,,,,,le50,,,,,,,,,,,,,,,,,,,,,,,,,,,,on,565.0,257.0,1.5330739299610896,0.03204854396734724,1.3457678060882645,-0.022660738397862756,2.015088331757174,0.16847145557403564,1.044989989865308,0.17164959608964953
book,all,2020-23,15,,,,,,,,,le50,,,,,,,,,,,,,,,,,,,,,,,,,,,,cc,1006.0,513.0,1.5146198830409356,0.015603274248280119,0.23870620027601366,-0.1632697109300928,0.4769385419731755,0.12009978294372559,0.6151378941992911,0.5111872388361463
book,all,2024-26,15,,,,,,,,,le50,,,,,,,,,,,,,,,,,,,,,,,,,,,,cc,565.0,257.0,1.5330739299610896,0.126033565865304,2.068835439435061,-0.04040633444518449,3.097775214618185,0.16847145557403564,1.044989989865308,0.27708669875569764
book,all,2020-23,30,,,,,,,,,any,,,,,,,,,,,,,,,,,,,,,,,,,,,,on,1006.0,953.0,5.093389296956978,-0.9945967859838168,-11.701666519318366,-0.999999999111645,-23.380103918234198,0.12009978294372559,0.6151378941992911,0.24076032099777692
book,all,2024-26,30,,,,,,,,,any,,,,,,,,,,,,,,,,,,,,,,,,,,,,on,565.0,532.0,5.434210526315789,-0.9925298657341332,-13.175761865623633,-0.9999829443897365,-19.728755493566897,0.16847145557403564,1.044989989865308,0.05373917998129913
book,all,2020-23,30,,,,,,,,,any,,,,,,,,,,,,,,,,,,,,,,,,,,,,cc,1006.0,953.0,5.093389296956978,-0.9934130637310845,-9.704913293063665,-0.9999999980409484,-19.390561244818162,0.12009978294372559,0.6151378941992911,0.4118459929378801
book,all,2024-26,30,,,,,,,,,any,,,,,,,,,,,,,,,,,,,,,,,,,,,,cc,565.0,532.0,5.434210526315789,-0.9902170846446199,-11.66252040407771,-0.9999687750084086,-17.462900122010797,0.16847145557403564,1.044989989865308,0.2266791465888472
book,all,2020-23,30,,,,,,,,,le50,,,,,,,,,,,,,,,,,,,,,,,,,,,,on,1006.0,515.0,1.5514563106796118,-0.009965105944216512,-0.19479761089874664,-0.09475358346449281,-0.38920852669297784,0.12009978294372559,0.6151378941992911,0.44694978901119364
book,all,2024-26,30,,,,,,,,,le50,,,,,,,,,,,,,,,,,,,,,,,,,,,,on,565.0,266.0,1.5676691729323309,0.039158346305518066,1.1989622668052349,-0.035821139982221806,1.7952687403624086,0.16847145557403564,1.044989989865308,0.08077353900908259
book,all,2020-23,30,,,,,,,,,le50,,,,,,,,,,,,,,,,,,,,,,,,,,,,cc,1006.0,515.0,1.5514563106796118,0.03139686882822157,0.39340410679092275,-0.18075630395050457,0.7860272623089297,0.12009978294372559,0.6151378941992911,0.440154275990348
book,all,2024-26,30,,,,,,,,,le50,,,,,,,,,,,,,,,,,,,,,,,,,,,,cc,565.0,266.0,1.5676691729323309,0.1174692198000784,1.7716515481829058,-0.041578989362507146,2.652786273034651,0.16847145557403564,1.044989989865308,0.17578292322691313
book,value_gt_250k,2020-23,5,,,,,,,,,any,,,,,,,,,,,,,,,,,,,,,,,,,,,,on,1006.0,811.0,2.917385943279901,-0.9249264293954236,-7.989998763507511,-0.9999675755219474,-15.964136483377589,0.12009978294372559,0.6151378941992911,0.18190115006950136
book,value_gt_250k,2024-26,5,,,,,,,,,any,,,,,,,,,,,,,,,,,,,,,,,,,,,,on,565.0,465.0,3.0623655913978496,-0.8683443045173898,-8.726653186903333,-0.9893896969012931,-13.066873001914509,0.16847145557403564,1.044989989865308,0.0738201166948948
book,value_gt_250k,2020-23,5,,,,,,,,,any,,,,,,,,,,,,,,,,,,,,,,,,,,,,cc,1006.0,811.0,2.917385943279901,-0.9146431588533156,-7.017864999332918,-0.9999458703058146,-14.021798749576734,0.12009978294372559,0.6151378941992911,0.33491067972873484
book,value_gt_250k,2024-26,5,,,,,,,,,any,,,,,,,,,,,,,,,,,,,,,,,,,,,,cc,565.0,465.0,3.0623655913978496,-0.8380197227283215,-7.370383950742523,-0.9834028168218851,-11.03606033115159,0.16847145557403564,1.044989989865308,0.23586578129784297
book,value_gt_250k,2020-23,5,,,,,,,,,le50,,,,,,,,,,,,,,,,,,,,,,,,,,,,on,1006.0,300.0,1.1866666666666668,0.01159451448204396,0.5406176013843119,-0.031211601324391602,1.0801620161986978,0.12009978294372559,0.6151378941992911,0.2936656819603975
book,value_gt_250k,2024-26,5,,,,,,,,,le50,,,,,,,,,,,,,,,,,,,,,,,,,,,,on,565.0,156.0,1.2115384615384615,0.005968296311825938,0.37570824988682505,-0.03213162818870663,0.5625675596241712,0.16847145557403564,1.044989989865308,0.16756816930116786
book,value_gt_250k,2020-23,5,,,,,,,,,le50,,,,,,,,,,,,,,,,,,,,,,,,,,,,cc,1006.0,300.0,1.1866666666666668,0.02118399600843701,0.5420397927855182,-0.062978523368171,1.0830035757916778,0.12009978294372559,0.6151378941992911,0.2946643438110198
book,value_gt_250k,2024-26,5,,,,,,,,,le50,,,,,,,,,,,,,,,,,,,,,,,,,,,,cc,565.0,156.0,1.2115384615384615,0.06750763237904844,1.810450214236363,-0.03653942375297492,2.7108815394679584,0.16847145557403564,1.044989989865308,0.1926120729604302
book,value_gt_250k,2020-23,15,,,,,,,,,any,,,,,,,,,,,,,,,,,,,,,,,,,,,,on,1006.0,811.0,2.9161528976572133,-0.9181549319250909,-7.774152124831034,-0.999954228293909,-15.532871685809972,0.12009978294372559,0.6151378941992911,0.2011187020169761
book,value_gt_250k,2024-26,15,,,,,,,,,any,,,,,,,,,,,,,,,,,,,,,,,,,,,,on,565.0,465.0,3.0623655913978496,-0.8441557802552148,-8.238959259066053,-0.984513214281777,-12.336623445484513,0.16847145557403564,1.044989989865308,0.10295310641524046
book,value_gt_250k,2020-23,15,,,,,,,,,any,,,,,,,,,,,,,,,,,,,,,,,,,,,,cc,1006.0,811.0,2.9161528976572133,-0.9071851169082159,-6.804732038540675,-0.9999243752418381,-13.595955920822643,0.12009978294372559,0.6151378941992911,0.3520360095919086
book,value_gt_250k,2024-26,15,,,,,,,,,any,,,,,,,,,,,,,,,,,,,,,,,,,,,,cc,565.0,465.0,3.0623655913978496,-0.8083557501535863,-6.818431721473457,-0.9758193466890369,-10.209593468253173,0.16847145557403564,1.044989989865308,0.2661525342111901
book,value_gt_250k,2020-23,15,,,,,,,,,le50,,,,,,,,,,,,,,,,,,,,,,,,,,,,on,1006.0,354.0,1.234463276836158,0.021453354452274587,0.715324962898874,-0.03760993921667122,1.4292299255214898,0.12009978294372559,0.6151378941992911,0.4181548158292148
book,value_gt_250k,2024-26,15,,,,,,,,,le50,,,,,,,,,,,,,,,,,,,,,,,,,,,,on,565.0,184.0,1.2391304347826086,0.03574959256958277,1.9481990996241851,-0.015831779494357212,2.9171401305873177,0.16847145557403564,1.044989989865308,0.09744817299210679
book,value_gt_250k,2020-23,15,,,,,,,,,le50,,,,,,,,,,,,,,,,,,,,,,,,,,,,cc,1006.0,354.0,1.234463276836158,0.046412190342237425,0.9388903881417197,-0.06553016778412146,1.8759169735648336,0.12009978294372559,0.6151378941992911,0.4342541569201868
book,value_gt_250k,2024-26,15,,,,,,,,,le50,,,,,,,,,,,,,,,,,,,,,,,,,,,,cc,565.0,184.0,1.2391304347826086,0.10907714009584679,2.151638323538107,-0.02857494868122834,3.2217602920119495,0.16847145557403564,1.044989989865308,0.15731255497635102
book,value_gt_250k,2020-23,30,,,,,,,,,any,,,,,,,,,,,,,,,,,,,,,,,,,,,,on,1006.0,811.0,2.9161528976572133,-0.9172409373616757,-7.91058568809889,-0.9999521865895036,-15.805467976421344,0.12009978294372559,0.6151378941992911,0.2042056521398712
book,value_gt_250k,2024-26,30,,,,,,,,,any,,,,,,,,,,,,,,,,,,,,,,,,,,,,on,565.0,465.0,3.0623655913978496,-0.8299707723712157,-8.288423944330054,-0.9811728312516991,-12.410689498824913,0.16847145557403564,1.044989989865308,0.0948435379023265
book,value_gt_250k,2020-23,30,,,,,,,,,any,,,,,,,,,,,,,,,,,,,,,,,,,,,,cc,1006.0,811.0,2.9161528976572133,-0.9061736503432896,-6.91762854487505,-0.9999210312191266,-13.821524821264784,0.12009978294372559,0.6151378941992911,0.35869958758412085
book,value_gt_250k,2024-26,30,,,,,,,,,any,,,,,,,,,,,,,,,,,,,,,,,,,,,,cc,565.0,465.0,3.0623655913978496,-0.7908729581497614,-6.76298493939079,-0.9705333607101169,-10.126570109318,0.16847145557403564,1.044989989865308,0.2652448212328187
book,value_gt_250k,2020-23,30,,,,,,,,,le50,,,,,,,,,,,,,,,,,,,,,,,,,,,,on,1006.0,351.0,1.2678062678062678,0.01582183392556069,0.5876026936394929,-0.03564389230691767,1.1740389300314757,0.12009978294372559,0.6151378941992911,0.33500279965848523
book,value_gt_250k,2024-26,30,,,,,,,,,le50,,,,,,,,,,,,,,,,,,,,,,,,,,,,on,565.0,183.0,1.284153005464481,0.022530622826978375,1.0532218461858867,-0.022851443451881948,1.5770440066997207,0.16847145557403564,1.044989989865308,0.053692214384740734
book,value_gt_250k,2020-23,30,,,,,,,,,le50,,,,,,,,,,,,,,,,,,,,,,,,,,,,cc,1006.0,351.0,1.2678062678062678,0.05008007118898128,0.9269479489989236,-0.09290009977534996,1.8520558023603046,0.12009978294372559,0.6151378941992911,0.34310338851968164
book,value_gt_250k,2024-26,30,,,,,,,,,le50,,,,,,,,,,,,,,,,,,,,,,,,,,,,cc,565.0,183.0,1.284153005464481,0.1201808727886764,2.3744226568404154,-0.026874046209093505,3.555346894771221,0.16847145557403564,1.044989989865308,0.1261441629122267
book,ceo_cfo,2020-23,5,,,,,,,,,any,,,,,,,,,,,,,,,,,,,,,,,,,,,,on,1006.0,687.0,2.0829694323144103,-0.8051723495386415,-6.378708214490495,-0.9985403791235127,-12.744753977792314,0.12009978294372559,0.6151378941992911,0.2266138611664418
book,ceo_cfo,2024-26,5,,,,,,,,,any,,,,,,,,,,,,,,,,,,,,,,,,,,,,on,565.0,328.0,2.192073170731707,-0.6965855281350661,-6.483254245039082,-0.9315248624487635,-9.707714749818123,0.16847145557403564,1.044989989865308,0.06263709473272441
book,ceo_cfo,2020-23,5,,,,,,,,,any,,,,,,,,,,,,,,,,,,,,,,,,,,,,cc,1006.0,687.0,2.0829694323144103,-0.7919576806149669,-5.352647102844083,-0.9981032144074395,-10.694668600880597,0.12009978294372559,0.6151378941992911,0.34213771393060766
book,ceo_cfo,2024-26,5,,,,,,,,,any,,,,,,,,,,,,,,,,,,,,,,,,,,,,cc,565.0,328.0,2.192073170731707,-0.6560750112685656,-5.692213364469157,-0.91186813447717,-8.523247978382495,0.16847145557403564,1.044989989865308,0.12233823271361359
book,ceo_cfo,2020-23,5,,,,,,,,,le50,,,,,,,,,,,,,,,,,,,,,,,,,,,,on,1006.0,172.0,1.0872093023255813,-0.00880256368668153,-0.38170257341750524,-0.05066823870930015,-0.7626474244181878,0.12009978294372559,0.6151378941992911,0.32973323689366985
book,ceo_cfo,2024-26,5,,,,,,,,,le50,,,,,,,,,,,,,,,,,,,,,,,,,,,,on,565.0,87.0,1.0919540229885059,0.0052413608161714365,0.5139455379276168,-0.013077217303476663,0.7695574615110686,0.16847145557403564,1.044989989865308,0.13562855135767446
book,ceo_cfo,2020-23,5,,,,,,,,,le50,,,,,,,,,,,,,,,,,,,,,,,,,,,,cc,1006.0,172.0,1.0872093023255813,0.004606232238286712,0.14529841017837944,-0.07024207184290754,0.2903083867170924,0.12009978294372559,0.6151378941992911,0.33579176735428445
book,ceo_cfo,2024-26,5,,,,,,,,,le50,,,,,,,,,,,,,,,,,,,,,,,,,,,,cc,565.0,87.0,1.0919540229885059,0.04149600942432796,2.0175898315458767,-0.009300838533129463,3.021042492937573,0.16847145557403564,1.044989989865308,0.1405570716052885
book,ceo_cfo,2020-23,15,,,,,,,,,any,,,,,,,,,,,,,,,,,,,,,,,,,,,,on,1006.0,687.0,2.0800582241630274,-0.7945737222887329,-6.202284185384106,-0.9982022913937929,-12.392256141063566,0.12009978294372559,0.6151378941992911,0.2579043844446428
book,ceo_cfo,2024-26,15,,,,,,,,,any,,,,,,,,,,,,,,,,,,,,,,,,,,,,on,565.0,328.0,2.192073170731707,-0.6840213485234315,-6.311095609387297,-0.9250819611395688,-9.44993264480439,0.16847145557403564,1.044989989865308,0.06865315925483521
book,ceo_cfo,2020-23,15,,,,,,,,,any,,,,,,,,,,,,,,,,,,,,,,,,,,,,cc,1006.0,687.0,2.0800582241630274,-0.7811528728747228,-5.202534415404194,-0.997681600364487,-10.39474121652078,0.12009978294372559,0.6151378941992911,0.36927569285980527
book,ceo_cfo,2024-26,15,,,,,,,,,any,,,,,,,,,,,,,,,,,,,,,,,,,,,,cc,565.0,328.0,2.192073170731707,-0.6413918993756753,-5.426570225125023,-0.9034895503892357,-8.125486649807065,0.16847145557403564,1.044989989865308,0.1273602726121404
book,ceo_cfo,2020-23,15,,,,,,,,,le50,,,,,,,,,,,,,,,,,,,,,,,,,,,,on,1006.0,187.0,1.1443850267379678,0.018904327879734506,0.6266712122370972,-0.019980702032166064,1.2520984118356677,0.12009978294372559,0.6151378941992911,0.3543781837078627
book,ceo_cfo,2024-26,15,,,,,,,,,le50,,,,,,,,,,,,,,,,,,,,,,,,,,,,on,565.0,95.0,1.1789473684210525,0.017922359040138502,1.5855449890619393,-0.008641421442457053,2.374119214682135,0.16847145557403564,1.044989989865308,0.08016764104395384
book,ceo_cfo,2020-23,15,,,,,,,,,le50,,,,,,,,,,,,,,,,,,,,,,,,,,,,cc,1006.0,187.0,1.1443850267379678,0.018341460957382205,0.5009018596674614,-0.0360184237638288,1.0008093729664922,0.12009978294372559,0.6151378941992911,0.38402163211595963
book,ceo_cfo,2024-26,15,,,,,,,,,le50,,,,,,,,,,,,,,,,,,,,,,,,,,,,cc,565.0,95.0,1.1789473684210525,0.050937702252211725,1.7020324771205908,-0.012059584871771944,2.548542006578894,0.16847145557403564,1.044989989865308,0.10457391427579023
book,ceo_cfo,2020-23,30,,,,,,,,,any,,,,,,,,,,,,,,,,,,,,,,,,,,,,on,1006.0,687.0,2.0800582241630274,-0.7947117574391002,-6.213006629960916,-0.998210240453962,-12.413679744962161,0.12009978294372559,0.6151378941992911,0.2509239938265802
book,ceo_cfo,2024-26,30,,,,,,,,,any,,,,,,,,,,,,,,,,,,,,,,,,,,,,on,565.0,328.0,2.192073170731707,-0.664692374199009,-6.151743831350649,-0.9146630657568368,-9.2113269157078,0.16847145557403564,1.044989989865308,0.06913478699202148
book,ceo_cfo,2020-23,30,,,,,,,,,any,,,,,,,,,,,,,,,,,,,,,,,,,,,,cc,1006.0,687.0,2.0800582241630274,-0.781627659346778,-5.224817049601002,-0.997701925886374,-10.439262251386479,0.12009978294372559,0.6151378941992911,0.3641036261671611
book,ceo_cfo,2024-26,30,,,,,,,,,any,,,,,,,,,,,,,,,,,,,,,,,,,,,,cc,565.0,328.0,2.192073170731707,-0.619377395396635,-5.196598223110922,-0.8900120806362793,-7.781137575774409,0.16847145557403564,1.044989989865308,0.1283349966281402
book,ceo_cfo,2020-23,30,,,,,,,,,le50,,,,,,,,,,,,,,,,,,,,,,,,,,,,on,1006.0,196.0,1.1122448979591837,0.007138446813455657,0.39203117590743547,-0.02305701616560052,0.7832841259637354,0.12009978294372559,0.6151378941992911,0.3084045193663155
book,ceo_cfo,2024-26,30,,,,,,,,,le50,,,,,,,,,,,,,,,,,,,,,,,,,,,,on,565.0,98.0,1.153061224489796,0.016555184522477395,1.4969861379328644,-0.010593458362238795,2.2415154276271223,0.16847145557403564,1.044989989865308,0.09016159039397155
book,ceo_cfo,2020-23,30,,,,,,,,,le50,,,,,,,,,,,,,,,,,,,,,,,,,,,,cc,1006.0,196.0,1.1122448979591837,0.023409600066121694,0.6570105639562264,-0.036120852508579326,1.3127168882581541,0.12009978294372559,0.6151378941992911,0.3387987252450825
book,ceo_cfo,2024-26,30,,,,,,,,,le50,,,,,,,,,,,,,,,,,,,,,,,,,,,,cc,565.0,98.0,1.153061224489796,0.052339188987444496,1.7309921362224774,-0.014580630347591383,2.5919048146977044,0.16847145557403564,1.044989989865308,0.14466218773761969
book,first12,2020-23,5,,,,,,,,,any,,,,,,,,,,,,,,,,,,,,,,,,,,,,on,1006.0,797.0,3.329987452948557,-0.9430700155433905,-8.033844422457902,-0.9999892613604439,-16.05174076272799,0.12009978294372559,0.6151378941992911,0.2685761122558963
book,first12,2024-26,5,,,,,,,,,any,,,,,,,,,,,,,,,,,,,,,,,,,,,,on,565.0,469.0,3.6695095948827294,-0.9348688335863122,-9.207946786332156,-0.9978100242799421,-13.787539012775246,0.16847145557403564,1.044989989865308,0.036140363802639894
book,first12,2020-23,5,,,,,,,,,any,,,,,,,,,,,,,,,,,,,,,,,,,,,,cc,1006.0,797.0,3.329987452948557,-0.9348829493259301,-6.661622529981694,-0.9999816634210138,-13.310020992129143,0.12009978294372559,0.6151378941992911,0.39675884886108953
book,first12,2024-26,5,,,,,,,,,any,,,,,,,,,,,,,,,,,,,,,,,,,,,,cc,565.0,469.0,3.6695095948827294,-0.9116679892896433,-7.908391451897914,-0.9956898004780389,-11.841647025283695,0.16847145557403564,1.044989989865308,0.19207207417553054
book,first12,2020-23,5,,,,,,,,,le50,,,,,,,,,,,,,,,,,,,,,,,,,,,,on,1006.0,287.0,1.1951219512195121,0.015850478947377233,0.5953073682895161,-0.028268174021450765,1.1894329846882497,0.12009978294372559,0.6151378941992911,0.3774979763638245
book,first12,2024-26,5,,,,,,,,,le50,,,,,,,,,,,,,,,,,,,,,,,,,,,,on,565.0,160.0,1.30625,0.021873543731085077,0.9696193806420722,-0.015147207004287955,1.4518616743082573,0.16847145557403564,1.044989989865308,0.13158696484052876
book,first12,2020-23,5,,,,,,,,,le50,,,,,,,,,,,,,,,,,,,,,,,,,,,,cc,1006.0,287.0,1.1951219512195121,0.026942741162397255,0.5858383729786368,-0.0427288721588408,1.170513791084147,0.12009978294372559,0.6151378941992911,0.3779351792899937
book,first12,2024-26,5,,,,,,,,,le50,,,,,,,,,,,,,,,,,,,,,,,,,,,,cc,565.0,160.0,1.30625,0.06180619595431325,1.56694494614842,-0.02032736014801062,2.346268400243231,0.16847145557403564,1.044989989865308,0.17928394802570183
book,first12,2020-23,15,,,,,,,,,any,,,,,,,,,,,,,,,,,,,,,,,,,,,,on,1006.0,797.0,3.329987452948557,-0.9399311937299474,-7.832663258443369,-0.9999866983151264,-15.649777801872299,0.12009978294372559,0.6151378941992911,0.28542242365645215
book,first12,2024-26,15,,,,,,,,,any,,,,,,,,,,,,,,,,,,,,,,,,,,,,on,565.0,469.0,3.6695095948827294,-0.9177270906003109,-8.756404701631158,-0.9963022546694276,-13.111421496765493,0.16847145557403564,1.044989989865308,0.05309655157471447
book,first12,2020-23,15,,,,,,,,,any,,,,,,,,,,,,,,,,,,,,,,,,,,,,cc,1006.0,797.0,3.329987452948557,-0.9314758931614728,-6.485770832504659,-0.9999775277106734,-12.95866668251663,0.12009978294372559,0.6151378941992911,0.4102004108805769
book,first12,2024-26,15,,,,,,,,,any,,,,,,,,,,,,,,,,,,,,,,,,,,,,cc,565.0,469.0,3.6695095948827294,-0.8881644217203088,-7.423414213136325,-0.9926848473142801,-11.115465309110144,0.16847145557403564,1.044989989865308,0.21540206835145043
book,first12,2020-23,15,,,,,,,,,le50,,,,,,,,,,,,,,,,,,,,,,,,,,,,on,1006.0,313.0,1.2523961661341854,0.013041693364768792,0.35965525660239517,-0.046587696212759155,0.7185965571844894,0.12009978294372559,0.6151378941992911,0.4368847676659544
book,first12,2024-26,15,,,,,,,,,le50,,,,,,,,,,,,,,,,,,,,,,,,,,,,on,565.0,184.0,1.3369565217391304,0.029209852958732574,1.521935916161841,-0.017456201944899274,2.27887403195819,0.16847145557403564,1.044989989865308,0.1525924380595997
book,first12,2020-23,15,,,,,,,,,le50,,,,,,,,,,,,,,,,,,,,,,,,,,,,cc,1006.0,313.0,1.2523961661341854,0.03172748805235548,0.6284956502702439,-0.08132933459392944,1.2557436661878514,0.12009978294372559,0.6151378941992911,0.4359353789092162
book,first12,2024-26,15,,,,,,,,,le50,,,,,,,,,,,,,,,,,,,,,,,,,,,,cc,565.0,184.0,1.3369565217391304,0.09654061151711613,1.9567744788451058,-0.030531917859723867,2.9299804931894657,0.16847145557403564,1.044989989865308,0.254768812884077
book,first12,2020-23,30,,,,,,,,,any,,,,,,,,,,,,,,,,,,,,,,,,,,,,on,1006.0,797.0,3.327478042659975,-0.9384567144093788,-7.807100598494588,-0.9999853472556454,-15.598703226721632,0.12009978294372559,0.6151378941992911,0.2754185119898359
book,first12,2024-26,30,,,,,,,,,any,,,,,,,,,,,,,,,,,,,,,,,,,,,,on,565.0,469.0,3.6695095948827294,-0.9110467375964564,-8.906765382822522,-0.9955949157743391,-13.336564387577004,0.16847145557403564,1.044989989865308,0.05638616452883321
book,first12,2020-23,30,,,,,,,,,any,,,,,,,,,,,,,,,,,,,,,,,,,,,,cc,1006.0,797.0,3.327478042659975,-0.9297653916094714,-6.469028896133975,-0.9999752050761906,-12.925216044396596,0.12009978294372559,0.6151378941992911,0.4025262292797626
book,first12,2024-26,30,,,,,,,,,any,,,,,,,,,,,,,,,,,,,,,,,,,,,,cc,565.0,469.0,3.6695095948827294,-0.8791422400235853,-7.4271230493023115,-0.991295001066518,-11.121018742955618,0.16847145557403564,1.044989989865308,0.2242754941199754
book,first12,2020-23,30,,,,,,,,,le50,,,,,,,,,,,,,,,,,,,,,,,,,,,,on,1006.0,310.0,1.270967741935484,-0.0034270049434403926,-0.09862400073646406,-0.05613781434839382,-0.1970522217706178,0.12009978294372559,0.6151378941992911,0.399250203522941
book,first12,2024-26,30,,,,,,,,,le50,,,,,,,,,,,,,,,,,,,,,,,,,,,,on,565.0,185.0,1.3405405405405406,0.035275463090687964,1.4749310051777402,-0.015906069122773592,2.2084911269497356,0.16847145557403564,1.044989989865308,0.048978297399516715
book,first12,2020-23,30,,,,,,,,,le50,,,,,,,,,,,,,,,,,,,,,,,,,,,,cc,1006.0,310.0,1.270967741935484,0.03990098877937642,0.8077573674878139,-0.062167648113985785,1.61391124600981,0.12009978294372559,0.6151378941992911,0.41301474908328767
book,first12,2024-26,30,,,,,,,,,le50,,,,,,,,,,,,,,,,,,,,,,,,,,,,cc,565.0,185.0,1.3405405405405406,0.09118185995374795,1.7177677095944597,-0.03651292490449354,2.572103190917034,0.16847145557403564,1.044989989865308,0.11139740554961793
book,u5_liquid,2020-23,5,,,,,,,,,any,,,,,,,,,,,,,,,,,,,,,,,,,,,,on,1006.0,953.0,5.093389296956978,-0.9952432573691385,-11.761112300709495,-0.9999999994658384,-23.498877474473453,0.12009978294372559,0.6151378941992911,0.24384612769355335
book,u5_liquid,2024-26,5,,,,,,,,,any,,,,,,,,,,,,,,,,,,,,,,,,,,,,on,565.0,532.0,5.434210526315789,-0.9949304795780028,-13.544360807589738,-0.9999928486172659,-20.280677915617485,0.16847145557403564,1.044989989865308,0.03952120182454572
book,u5_liquid,2020-23,5,,,,,,,,,any,,,,,,,,,,,,,,,,,,,,,,,,,,,,cc,1006.0,953.0,5.093389296956978,-0.9941877888445257,-9.783219070723865,-0.9999999988111998,-19.54701735438778,0.12009978294372559,0.6151378941992911,0.4094849869077925
book,u5_liquid,2024-26,5,,,,,,,,,any,,,,,,,,,,,,,,,,,,,,,,,,,,,,cc,565.0,532.0,5.434210526315789,-0.9933642458610819,-12.189991452899534,-0.9999869220482744,-18.25271003647896,0.16847145557403564,1.044989989865308,0.20712998133077398
book,u5_liquid,2020-23,5,,,,,,,,,le50,,,,,,,,,,,,,,,,,,,,,,,,,,,,on,1006.0,477.0,1.4150943396226414,-0.011456857771987128,-0.23092001338257317,-0.09536241755904595,-0.46138162464051197,0.12009978294372559,0.6151378941992911,0.4217729431160558
book,u5_liquid,2024-26,5,,,,,,,,,le50,,,,,,,,,,,,,,,,,,,,,,,,,,,,on,565.0,248.0,1.4314516129032258,0.01229506352573484,0.43548110228593495,-0.03182237550734224,0.6520685692934354,0.16847145557403564,1.044989989865308,0.1602935188391445
book,u5_liquid,2020-23,5,,,,,,,,,le50,,,,,,,,,,,,,,,,,,,,,,,,,,,,cc,1006.0,477.0,1.4150943396226414,0.0010810654520936325,0.052442551193609584,-0.16190750653809527,0.10478099804157906,0.12009978294372559,0.6151378941992911,0.44074332740191385
book,u5_liquid,2024-26,5,,,,,,,,,le50,,,,,,,,,,,,,,,,,,,,,,,,,,,,cc,565.0,248.0,1.4314516129032258,0.09407624893714761,1.9243730744085368,-0.03379962498595379,2.8814641802584418,0.16847145557403564,1.044989989865308,0.22760075497794666
book,u5_liquid,2020-23,15,,,,,,,,,any,,,,,,,,,,,,,,,,,,,,,,,,,,,,on,1006.0,953.0,5.093389296956978,-0.9947083462451924,-11.579332002278143,-0.9999999991826042,-23.1356777318901,0.12009978294372559,0.6151378941992911,0.24038561914278078
book,u5_liquid,2024-26,15,,,,,,,,,any,,,,,,,,,,,,,,,,,,,,,,,,,,,,on,565.0,532.0,5.434210526315789,-0.9935920146325172,-13.270442282074905,-0.999987907102474,-19.87052541968174,0.16847145557403564,1.044989989865308,0.053341728242771065
book,u5_liquid,2020-23,15,,,,,,,,,any,,,,,,,,,,,,,,,,,,,,,,,,,,,,cc,1006.0,953.0,5.093389296956978,-0.993561654055352,-9.635617540353543,-0.9999999982115042,-19.252107299238684,0.12009978294372559,0.6151378941992911,0.4094068840990058
book,u5_liquid,2024-26,15,,,,,,,,,any,,,,,,,,,,,,,,,,,,,,,,,,,,,,cc,565.0,532.0,5.434210526315789,-0.9915955685950082,-11.853651653881698,-0.9999777865551398,-17.74909091181256,0.16847145557403564,1.044989989865308,0.2236833957133558
book,u5_liquid,2020-23,15,,,,,,,,,le50,,,,,,,,,,,,,,,,,,,,,,,,,,,,on,1006.0,513.0,1.5146198830409356,0.009750777400967303,0.21091824687353852,-0.05286292103424528,0.42141779737219504,0.12009978294372559,0.6151378941992911,0.48611580154893025
book,u5_liquid,2024-26,15,,,,,,,,,le50,,,,,,,,,,,,,,,,,,,,,,,,,,,,on,565.0,257.0,1.5330739299610896,0.03204854396734724,1.3457678060882645,-0.022660738397862756,2.015088331757174,0.16847145557403564,1.044989989865308,0.17164959608964953
book,u5_liquid,2020-23,15,,,,,,,,,le50,,,,,,,,,,,,,,,,,,,,,,,,,,,,cc,1006.0,513.0,1.5146198830409356,0.015603274248280119,0.23870620027601366,-0.1632697109300928,0.4769385419731755,0.12009978294372559,0.6151378941992911,0.5111872388361463
book,u5_liquid,2024-26,15,,,,,,,,,le50,,,,,,,,,,,,,,,,,,,,,,,,,,,,cc,565.0,257.0,1.5330739299610896,0.126033565865304,2.068835439435061,-0.04040633444518449,3.097775214618185,0.16847145557403564,1.044989989865308,0.27708669875569764
book,u5_liquid,2020-23,30,,,,,,,,,any,,,,,,,,,,,,,,,,,,,,,,,,,,,,on,1006.0,953.0,5.093389296956978,-0.9945967859838168,-11.701666519318366,-0.999999999111645,-23.380103918234198,0.12009978294372559,0.6151378941992911,0.24076032099777692
book,u5_liquid,2024-26,30,,,,,,,,,any,,,,,,,,,,,,,,,,,,,,,,,,,,,,on,565.0,532.0,5.434210526315789,-0.9925298657341332,-13.175761865623633,-0.9999829443897365,-19.728755493566897,0.16847145557403564,1.044989989865308,0.05373917998129913
book,u5_liquid,2020-23,30,,,,,,,,,any,,,,,,,,,,,,,,,,,,,,,,,,,,,,cc,1006.0,953.0,5.093389296956978,-0.9934130637310845,-9.704913293063665,-0.9999999980409484,-19.390561244818162,0.12009978294372559,0.6151378941992911,0.4118459929378801
book,u5_liquid,2024-26,30,,,,,,,,,any,,,,,,,,,,,,,,,,,,,,,,,,,,,,cc,565.0,532.0,5.434210526315789,-0.9902170846446199,-11.66252040407771,-0.9999687750084086,-17.462900122010797,0.16847145557403564,1.044989989865308,0.2266791465888472
book,u5_liquid,2020-23,30,,,,,,,,,le50,,,,,,,,,,,,,,,,,,,,,,,,,,,,on,1006.0,515.0,1.5514563106796118,-0.009965105944216512,-0.19479761089874664,-0.09475358346449281,-0.38920852669297784,0.12009978294372559,0.6151378941992911,0.44694978901119364
book,u5_liquid,2024-26,30,,,,,,,,,le50,,,,,,,,,,,,,,,,,,,,,,,,,,,,on,565.0,266.0,1.5676691729323309,0.039158346305518066,1.1989622668052349,-0.035821139982221806,1.7952687403624086,0.16847145557403564,1.044989989865308,0.08077353900908259
book,u5_liquid,2020-23,30,,,,,,,,,le50,,,,,,,,,,,,,,,,,,,,,,,,,,,,cc,1006.0,515.0,1.5514563106796118,0.03139686882822157,0.39340410679092275,-0.18075630395050457,0.7860272623089297,0.12009978294372559,0.6151378941992911,0.440154275990348
book,u5_liquid,2024-26,30,,,,,,,,,le50,,,,,,,,,,,,,,,,,,,,,,,,,,,,cc,565.0,266.0,1.5676691729323309,0.1174692198000784,1.7716515481829058,-0.041578989362507146,2.652786273034651,0.16847145557403564,1.044989989865308,0.17578292322691313
