date,baseline_top10_equal,ls_dollar_k5,ls_beta_k5,ls_dollar_k10,ls_beta_k10,ls_dollar_k20,ls_beta_k20,hedge_spy_0.5xbeta,hedge_spy_1.0xbeta,hedge_spy_1.5xbeta,hedge_spy_1.0x_ovnbeta,w_invvol_cap20,w_rank_cap20,persist_lookahead,persist_hold_to_close,skip_low_dispersion,skip_high_vix,skip_spy_down1pct,skip_any_of_3,minscore_p25,minscore_p50,minscore_p75
2024-01-02,-0.0006889918,0.010850873698536306,0.004089429004873925,0.009705039711724966,0.0019095162421047017,0.007053674794379622,-0.00033276233605357376,7.225087854137186e-05,0.0008334935574990047,0.0015947362364566375,0.0008334935574990047,-0.0004379311070611357,0.0007136161005209115,-0.0008997482778676513,0.0019275472,-0.0006889918,-0.0006889918,-0.0006889918,-0.0006889918,-0.0006889918,-0.0006889918,-0.0006889918
2024-01-03,0.0039613876,0.0071070227629877625,0.007022763797445577,0.006165738774891943,0.004512475171365221,0.0034211563251540064,0.0029431850244716557,0.004006153098199811,0.004050918814976356,0.004095684531752903,0.004050918814976356,0.003608811423625331,0.005561705368613316,0.004426248258836196,0.00025058782,0.0039613876,0.0039613876,0.0039613876,0.0039613876,0.0039613876,0.0039613876,0.0039613876
2024-01-04,0.0039033182,0.021423310611564664,0.011678457619434448,0.015069612289946526,0.006694891486819529,0.006689975317269564,-0.000505755787776413,0.0035792130525086063,0.0032551079666897635,0.0029310028808709207,0.0032551079666897635,0.00025089000873546844,0.006121366410727866,0.006849033721306519,0.005701375,0.0039033182,0.0039033182,0.0039033182,0.0039033182,0.0039033182,0.0039033182,0.0039033182
2024-01-05,-5.183852e-05,-0.006955733476504683,-0.0028756408985494255,-0.0035612211787141856,-0.0014801725586802113,-0.004515374770611525,-0.0020559142195593558,-0.0007378748108878505,-0.001423911101327046,-0.002109947391766242,-0.001423911101327046,2.0449477351973887e-05,0.000804497450801798,0.001017265803322509,0.0014237557,-5.183852e-05,-5.183852e-05,-5.183852e-05,-5.183852e-05,-5.183852e-05,-5.183852e-05,-5.183852e-05
2024-01-08,-0.0040070973,0.001587015208378434,0.006061388018731139,0.0013597305651009083,0.0056703206726281576,0.00023682223483920128,0.0021945934961492717,0.0008527443882340689,0.0057125859937224785,0.010572427599210888,0.0057125859937224785,-0.002472090372310648,-0.003329295688308776,-0.021522266054882166,-0.013672813,-0.0040070973,-0.0040070973,-0.0040070973,-0.0040070973,-0.0040070973,-0.0040070973,-0.0040070973
2024-01-09,0.007336631,-0.0038688780231773854,-0.0011505565244631652,0.006418690273649991,0.005751091400879652,0.007003772428967058,0.006886949792491543,0.005860471214584922,0.004384311361141335,0.002908151507697746,0.004384311361141335,0.015774410770674912,0.003406058386264536,0.011893326229563073,0.01669922,0.007336631,0.007336631,0.007336631,0.007336631,0.007336631,0.007336631,0.007336631
2024-01-10,0.0011592262,0.001686914895772934,0.0026948906097942534,0.0026785139479860664,0.0028401478620514098,0.007930120647866279,0.007795269331316592,-0.0012590523621949603,-0.0036773308969935874,-0.006095609431792215,-0.0036773308969935874,-0.0031260284409889176,0.0005425916148603634,0.00034933258716529636,-0.030897062,0.0011592262,0.0011592262,0.0011592262,0.0011592262,0.0011592262,0.0011592262,0.0011592262
2024-01-11,-0.008012995,-0.01445811211399734,-0.017761754454659967,-0.018479976834878325,-0.029200878490672186,-0.014958602239862085,-0.021258754204439605,-0.013925530012476242,-0.0198380645518433,-0.025750599091210358,-0.0198380645518433,-0.004134110043571222,-0.005676673019347204,-0.04287812559599313,-0.07556294,-0.008012995,-0.008012995,-0.008012995,-0.008012995,-0.008012995,-0.008012995,-0.008012995
2024-01-12,-0.0066575143,0.00445128454791382,0.02562392746900305,0.005009833342246711,0.017465271605784077,0.006238348026201129,0.007103663977911408,-0.0043074381084533975,-0.0019573620778282376,0.0003927139527969228,-0.0019573620778282376,-0.005405398908470877,-0.004401214210189538,-0.006079213113543425,-0.031116981,-0.0066575143,-0.0066575143,-0.0066575143,-0.0066575143,-0.0066575143,-0.0066575143,-0.0066575143
2024-01-16,-0.0143805435,-0.00025015389576554304,-0.011995076579785362,0.003066642689164728,-0.010018746640210276,0.0023118562148697675,-0.0069082115003115535,-0.01325877006019653,-0.01213699680228161,-0.01101522354436669,-0.01213699680228161,-0.012602139139140498,-0.01496949396413666,-0.010577456050710587,0.001740918,-0.0143805435,-0.0143805435,-0.0143805435,-0.0143805435,-0.0143805435,-0.0143805435,-0.0143805435
2024-01-17,0.0015728098,-0.01382518270559609,-0.004567472285191019,-0.012807351115979254,-0.002022230382333641,-0.016082005316074937,-0.004634229572052184,0.0008352202821520389,9.763080012002018e-05,-0.0006399586819119984,9.763080012002018e-05,-0.0007238957114414965,0.0011535529703409842,0.0016753461750340648,0.0049686604,0.0015728098,0.0015728098,0.0015728098,0.0015728098,0.0015728098,0.0015728098,0.0015728098
2024-01-18,-2.4635345e-05,-0.009414832443352788,-0.013254863811598166,-0.004754936716407537,-0.009452932285814118,-0.004419827535506338,-0.008260312624983092,-0.0034186794592506948,-0.006812723573757661,-0.010206767688264628,-0.006812723573757661,0.00018910979320276337,-0.003815107798965817,-3.9705875090056963e-05,-9.245076e-05,-2.4635345e-05,-2.4635345e-05,-2.4635345e-05,-2.4635345e-05,-2.4635345e-05,-2.4635345e-05,-2.4635345e-05
2024-01-19,0.010122589,0.00965329357393086,0.006032357080682579,0.005844476077090949,0.0006474931386788486,0.002907479538358748,-0.003926797359166767,0.005219597791162788,0.00031660692129191655,-0.004586383948578954,0.00031660692129191655,0.013164562308534113,0.012147164187097752,0.00936899826400639,0.02818723,0.010122589,0.010122589,0.010122589,0.010122589,0.010122589,0.010122589,0.010122589
2024-01-22,0.014739528,0.006622006490007043,-0.0008221664780152858,0.008783335287235678,0.004213140565177664,0.00788588565858081,0.0015948814654838154,0.012790174110128323,0.010840819863670997,0.008891465617213667,0.010840819863670997,0.007610690677517688,0.012471846389499578,0.015543228325900937,0.0035627412,0.014739528,0.014739528,0.014739528,0.014739528,0.014739528,0.014739528,0.014739528
2024-01-23,0.032365862,0.0436343183272332,0.03027184781099436,0.03890435928676277,0.037089746204586126,0.027982717898245902,0.027906764847295006,0.02976442141460454,0.027162982178893205,0.024561542943181865,0.027162982178893205,0.02688140399137937,0.026931085926480587,0.025998742578651868,0.0025307722,0.032365862,0.032365862,0.032365862,0.032365862,0.032365862,0.032365862,0.032365862
2024-01-24,0.0015961848,-0.01246790362086147,-0.029230584507210684,-0.008314500853046775,-0.019941068906727498,0.004670816985592246,-0.007578446592185983,-0.004287090086157344,-0.010170364968968375,-0.016053639851779405,-0.010170364968968375,0.0032959752813113514,-0.0005973491225052959,0.008838713075017601,0.0033652806,0.0015961848,0.0015961848,0.0015961848,0.0015961848,0.0015961848,0.0015961848,0.0015961848
2024-01-25,0.0040718173,0.004316704044751823,0.003096636161874486,0.0006805736219324171,-0.00044204516235189176,0.0033610005056485532,0.0019518976534114705,0.004144015706096759,0.0042162142609227125,0.004288412815748665,0.0042162142609227125,0.005074631748992196,0.006785479745700616,0.011567737682383505,0.005521785,0.0040718173,0.0040718173,0.0040718173,0.0040718173,0.0040718173,0.0040718173,0.0040718173
2024-01-26,0.009641719,0.013410792990699411,0.013389061977657195,0.007790962073132396,0.0069653017968219245,0.003359113878943026,0.002228928550682872,0.008479003297287466,0.007316287893115465,0.006153572488943463,0.007316287893115465,0.009972071865476972,0.011898718815593215,0.02345927830570993,0.022298181,0.009641719,0.009641719,0.009641719,0.009641719,0.009641719,0.009641719,0.009641719
2024-01-29,0.009132951,0.015735766689404844,0.0361065894666505,0.016230844802539796,0.026341234137291954,0.00745661540620029,0.01450208663140012,0.009856800868517469,0.010580651112118235,0.011304501355719001,0.010580651112118235,0.004148748315638624,0.01119850164237009,0.009187972532118671,-0.02512532,0.009132951,0.009132951,0.009132951,0.009132951,0.009132951,0.009132951,0.009132951
2024-01-30,0.025400983,0.00594043110229075,0.005772368596695597,0.025568696696627886,0.025774406665567542,0.008571768134944141,0.007858739570538766,0.028323982778007392,0.031246981920678624,0.034169981063349855,0.031246981920678624,0.019796043930367546,0.013881529902573674,0.024213474495689002,0.040344864,0.025400983,0.025400983,0.025400983,0.025400983,0.025400983,0.025400983,0.025400983
2024-01-31,0.0031759022,0.004313545373380185,0.004394600296340262,-0.00121886645950377,-0.0002982493120059571,0.0035255134061537683,0.0029975474063710537,0.0009815856306292377,-0.0012127310355305155,-0.003407047701690269,-0.0012127310355305155,-0.00027345398262821827,0.0030144122355109594,-0.007821283356817865,0.0047160834,0.0031759022,0.0031759022,0.0,0.0,0.0031759022,0.0031759022,0.0031759022
2024-02-01,-0.023349453,-0.027144866599999366,-0.0195883362945147,-0.015004518648292869,-0.006661064840414949,0.01527986834662035,0.01830020732948052,-0.025255044301484838,-0.027160635024266567,-0.0290662257470483,-0.027160635024266567,-0.01812589658333191,-0.02973200746346265,-0.004768867332197946,-0.014169563,-0.023349453,-0.023349453,-0.023349453,-0.023349453,-0.023349453,-0.023349453,-0.023349453
2024-02-02,0.0011586966,0.021951437391974034,0.025399078187276748,0.004353762546926737,0.0028458562953313886,0.00416915039204061,0.0015132679525219606,0.001301782851975106,0.0014448691046455354,0.0015879553573159648,0.0014448691046455354,-0.005632025952600309,0.005218847355255009,0.007670901037591271,-0.0006684089,0.0011586966,0.0011586966,0.0011586966,0.0011586966,0.0011586966,0.0011586966,0.0011586966
2024-02-05,-0.013557573,-0.027218872842267157,-0.026562962674902442,-0.020030695187486708,-0.02101899130813683,-0.012965138651523739,-0.013570372407656052,-0.015020747420695429,-0.016483922341541956,-0.01794709726238848,-0.016483922341541956,-0.007978907415509625,-0.016818706756881015,-0.017753582704923332,-0.017184656,-0.013557573,-0.013557573,-0.013557573,-0.013557573,-0.013557573,-0.013557573,-0.013557573
2024-02-06,0.004831145,0.0008010823648609221,-0.0005809007099783011,-0.001273957171160728,-0.003565595331982905,0.0046594601016491655,0.0025903417417457086,0.0008854499007752313,-0.0030602452503163072,-0.007005940401407844,-0.0030602452503163072,-0.0020035117950089505,0.003578373318834399,0.00725176778947656,-0.00030570803,0.004831145,0.004831145,0.004831145,0.004831145,0.004831145,0.004831145,0.004831145
2024-02-07,0.11965504,0.22804497239382937,0.22789299010375316,0.12194139806058257,0.12312997392282933,0.06291864746512846,0.06401973264531517,0.11919341966887373,0.11873179645101345,0.11827017323315317,0.11873179645101345,0.0007636079260711753,0.12106639048910103,0.12180594688437507,0.07755802,0.11965504,0.11965504,0.11965504,0.11965504,0.11965504,0.11965504,0.11965504
2024-02-08,-0.012786886,-0.0024129057283326983,-0.0024398183762640224,-0.014962081176172943,-0.014313872958324151,-0.0011807531954720618,-0.0002091695503315203,-0.01375559963139549,-0.014724313073658051,-0.01569302651592061,-0.014724313073658051,-0.0161126131902618,-0.011505561920983549,-0.020862723618407575,-0.0028124726,-0.012786886,-0.012786886,-0.012786886,-0.012786886,-0.012786886,-0.012786886,-0.012786886
2024-02-09,0.006313529,0.007999479202199728,0.007122471914533453,0.0057715420980192726,0.005230949940501567,0.003417326894961298,0.001938110218957483,0.005404986295006263,0.004496443957267378,0.0035879016195284955,0.004496443957267378,0.0017656384236205817,0.0071715453068133105,-0.02095443273147035,0.0018446281,0.006313529,0.006313529,0.006313529,0.006313529,0.006313529,0.006313529,0.006313529
2024-02-12,-0.053883158,-0.0420112763068825,-0.021888648314145623,-0.03668588602252305,0.0029570002777580436,-0.022882994379941374,0.0013072856995815633,-0.03434783126586604,-0.014812506723879324,0.004722817818107383,-0.014812506723879324,-0.05884720202100934,-0.04859984211136841,-0.06461252533790995,-0.080378704,-0.053883158,-0.053883158,-0.053883158,-0.053883158,-0.053883158,-0.053883158,-0.053883158
2024-02-13,0.027063332,0.01854850801371038,-0.008792365889798462,0.015501983535587788,-0.019182064102961062,0.012767827436570078,-0.005257302915602667,0.01622649907029458,0.005389665642515586,-0.0054471677852634065,0.005389665642515586,0.0206912952391803,0.022733586250846694,0.031595118999433236,0.053444576,0.027063332,0.027063332,0.0,0.0,0.027063332,0.027063332,0.027063332
2024-02-14,-0.0076483837,-0.017066623620055614,-0.023503426622061306,-0.012989048450551927,-0.02824069439066438,-0.002511589696202427,-0.012459503685308765,-0.010012470215501022,-0.012376556698116924,-0.014740643180732826,-0.012376556698116924,-0.0007181577801472978,-0.01158688824560324,-0.021793109031500446,-0.037258714,-0.0076483837,-0.0076483837,-0.0076483837,-0.0076483837,-0.0076483837,-0.0076483837,-0.0076483837
2024-02-15,0.01687296,0.004586865938901901,0.007567527559310519,0.018207898629792035,0.019953575211772847,0.006700226307474077,0.008883998917283698,0.016682246915410887,0.01649153531784501,0.016300823720279124,0.01649153531784501,0.006043005208653977,0.0048206626776267185,0.010462688213451088,0.005626045,0.01687296,0.01687296,0.01687296,0.01687296,0.01687296,0.01687296,0.01687296
2024-02-16,0.022153597,0.04406617321271449,0.025925212241635506,0.023321715966649354,0.02376599688968654,0.011190980867464095,0.011900527471388624,0.024809869788732616,0.027466142950870572,0.03012241611300853,0.027466142950870572,0.001600458958919117,0.035657245165202765,0.022207290330698015,0.0002845112,0.022153597,0.022153597,0.022153597,0.022153597,0.022153597,0.022153597,0.022153597
2024-02-20,-0.008409842,-0.008002969364523887,-0.012323933824837095,0.005127026247438044,-0.002833860896768516,0.007079052636045963,-0.0027266626637031874,-0.007850236863273415,-0.007290631576260991,-0.006731026289248565,-0.007290631576260991,-0.00448404709278599,-0.012171457026323133,-0.008409842186665628,-0.01613546,-0.008409842,-0.008409842,-0.008409842,-0.008409842,-0.008409842,-0.008409842,-0.008409842
2024-02-21,0.022420641,0.01163725154671818,0.009037899417406885,0.01790556664770469,0.012593826393124402,0.020201660363450648,0.015320405623075326,0.004754202274373921,-0.012912236893547322,-0.03057867606146857,-0.012912236893547322,0.0218958014130299,0.018971252413889902,0.021348344307696276,0.025678033,0.022420641,0.022420641,0.022420641,0.022420641,0.022420641,0.022420641,0.022420641
2024-02-22,-0.017868437,-0.005530993764232844,-0.008487786329380635,-0.013702201617825777,-0.014939715345656312,-0.0031376490751467644,-0.003403803423164788,-0.01923191434298898,-0.02059539216226479,-0.0219588699815406,-0.02059539216226479,0.0005145410195811098,-0.015496860217006707,-0.04295065150319699,-0.038706936,-0.017868437,-0.017868437,-0.017868437,-0.017868437,-0.017868437,-0.017868437,-0.017868437
2024-02-23,0.03765401,0.11219134985655546,0.11240214468415995,0.038035507223885504,0.03795658760208446,0.01947875096540898,0.019209506402089443,0.03678914683245397,0.0359242865783776,0.03505942632430125,0.0359242865783776,-0.0010571021758697644,0.06692287427140399,0.014226651072025476,0.054648392,0.03765401,0.03765401,0.03765401,0.03765401,0.03765401,0.03765401,0.03765401
2024-02-26,-0.0088337995,-0.04920169046893716,-0.03685383028636809,-0.01898111637722701,-0.016477270939132448,-0.011213846070840954,-0.01305930495284214,-0.00960071210109791,-0.010367624341755626,-0.011134536582413344,-0.010367624341755626,0.007401885612197723,-0.025433761876245794,0.010038505783407814,0.026022336,-0.0088337995,-0.0088337995,-0.0088337995,-0.0088337995,-0.0088337995,-0.0088337995,-0.0088337995
2024-02-27,0.002007538,0.013867779059335589,0.014650353968286595,0.008957385215554387,0.0137870550653603,-0.01092040492137894,-0.004146684053104787,0.003889562972695985,0.005771587958308773,0.007653612943921561,0.005771587958308773,-0.0007700729081412158,0.0022162119826217262,0.004544356535506555,-0.022336578,0.002007538,0.002007538,0.002007538,0.002007538,0.002007538,0.002007538,0.002007538
2024-02-28,0.042355876,0.05735792558604851,0.03023310963723737,0.028366802901402116,0.013668672066537284,0.015241599235124886,0.0008824658583393525,0.039047669876284906,0.0357394640350938,0.0324312581939027,0.0357394640350938,0.024172573965208517,0.0646098430194384,0.006229230529874563,-0.024715854,0.042355876,0.042355876,0.042355876,0.042355876,0.042355876,0.042355876,0.042355876
2024-02-29,0.014772136,0.03283661052316427,0.03423392516111728,0.01736590751990676,0.017519110415511314,0.023538309855163097,0.02359814990336411,0.012238688511938395,0.009705241375931685,0.007171794239924975,0.009705241375931685,0.01835912432091127,0.016455684962089764,0.0181711601345782,0.013676035,0.014772136,0.014772136,0.014772136,0.014772136,0.014772136,0.014772136,0.014772136
2024-03-01,0.037235785,0.046332229058835654,0.04153041799445408,0.038417429314833135,0.039480574986846755,0.024199576072506605,0.023078648747690212,0.038108109806875685,0.03898043480371495,0.039852759800554215,0.03898043480371495,0.025288159397553158,0.03864994523729282,0.03824489399684072,0.031973787,0.037235785,0.037235785,0.037235785,0.037235785,0.037235785,0.037235785,0.037235785
2024-03-04,0.0051515084,-0.0060300018712319435,0.00030125288241892624,0.005787455652281642,0.007388338659591062,-0.022761548467408865,-0.036097117781234575,0.008503407018552608,0.011855305544687582,0.015207204070822558,0.011855305544687582,0.02059450770545784,-0.00715337096798149,0.0051244038774491685,0.04390511,0.0051515084,0.0051515084,0.0051515084,0.0051515084,0.0051515084,0.0051515084,0.0051515084
2024-03-05,0.01895456,-0.0014952963292039932,-0.0102943530888095,0.007833052789438516,0.0041110939937813035,0.00779596611475572,0.009887350904143662,0.01339815350929743,0.007841747614657552,0.002285341720017671,0.007841747614657552,0.02062285733769809,0.01675033586057411,0.011866525049963883,0.016807612,0.01895456,0.01895456,0.0,0.0,0.01895456,0.01895456,0.01895456
2024-03-06,0.00072762533,-0.00826230271289125,-0.008055861421559504,-0.005872017528489232,-0.014168803663800942,-0.007318611074928195,-0.018194170717613638,-0.0059512370073887145,-0.012630099345687516,-0.01930896168398632,-0.012630099345687516,-0.011551242532138645,0.0027670513817363166,-0.010013594551654847,-0.022539953,0.00072762533,0.00072762533,0.00072762533,0.00072762533,0.00072762533,0.00072762533,0.00072762533
2024-03-07,-0.005154969,0.00044764378532767286,-0.0021488196468849676,-0.007943280305862426,-0.009099287614542553,0.0035440781575255095,0.0019847644634225286,-0.0067221124987549286,-0.008289255710404952,-0.009856398922054976,-0.008289255710404952,-0.002174758579661285,-0.00039750849298963564,-0.004471843119817187,-0.012312896,-0.005154969,-0.005154969,-0.005154969,-0.005154969,-0.005154969,-0.005154969,-0.005154969
2024-03-08,0.015269319,0.01568985804175958,0.01683748990046226,0.01149533696204424,0.012059118514827296,0.0037338995097763836,0.004034270935132704,0.016167698817943735,0.017066079098566535,0.017964459379189328,0.017066079098566535,0.00680340371194101,0.01736869847571308,0.015024903138046053,-0.002188506,0.015269319,0.015269319,0.015269319,0.015269319,0.015269319,0.015269319,0.015269319
2024-03-11,-0.0013675368,-0.00965177834307775,-0.007902661321426157,0.0018244785997644066,0.0011042533868583966,-0.0009916352373734116,0.0007336856232182361,-0.004229823611992296,-0.007092110384886855,-0.009954397157781411,-0.007092110384886855,-0.005545026765036708,-0.007545781955757941,-0.0014247063185357511,-0.0059229103,-0.0013675368,-0.0013675368,-0.0013675368,-0.0013675368,-0.0013675368,-0.0013675368,-0.0013675368
2024-03-12,-0.021806676,-0.050778708497937766,-0.05425943649411219,-0.022467296020276844,-0.023354139613604292,-0.0018749703295528886,-0.003514564837742257,-0.023213643885864402,-0.02462061206380742,-0.026027580241750437,-0.02462061206380742,-0.013011925213074302,-0.02513093331468884,-0.02154795327395309,-0.019138044,-0.021806676,-0.021806676,-0.021806676,-0.021806676,-0.021806676,-0.021806676,-0.021806676
2024-03-13,-0.019440405,-0.04607816007494926,-0.03908193729847001,-0.037385984006486836,-0.04288556129440945,-0.022994601095914842,-0.027168863935718164,-0.021216817441226877,-0.02299323051016398,-0.024769643579101084,-0.02299323051016398,-0.007915007991604644,-0.014269499741071324,-0.031180690540583367,-0.07215981,-0.019440405,-0.019440405,-0.019440405,-0.019440405,-0.019440405,-0.019440405,-0.019440405
2024-03-14,-0.014668946,-0.010437842270247638,-0.007041580562011842,-0.01380693852936849,-0.014430411585503695,-0.007743361004125327,-0.010204640101117244,-0.013041237142075751,-0.011413528246151215,-0.009785819350226679,-0.011413528246151215,-0.01412549836270273,-0.005007308332080192,-0.014617651020671474,-0.014608105,-0.014668946,-0.014668946,-0.014668946,-0.014668946,-0.014668946,-0.014668946,-0.014668946
2024-03-15,0.033842526,0.05625962872261182,0.05677587643738248,0.029227997015342115,0.030579868840786964,0.012561837567724287,0.015907674128739807,0.029014839678330656,0.024187154843059052,0.01935947000778745,0.024187154843059052,0.005632525323463268,0.055710662474898115,0.01068157639586742,-0.015983146,0.033842526,0.033842526,0.0,0.0,0.033842526,0.033842526,0.033842526
2024-03-18,-0.021355335,0.0332672894974798,0.1310119179614906,-0.001953872767426074,0.04089247778484019,-0.0020785478727519515,0.007240289620082155,-0.02083197263854665,-0.020308611189818332,-0.019785249741090017,-0.020308611189818332,-0.03575010841101181,-0.009450153159824283,-0.042202321414985366,-0.039084144,-0.021355335,-0.021355335,-0.021355335,-0.021355335,-0.021355335,-0.021355335,-0.021355335
2024-03-19,0.0122307865,0.025349223268739878,0.02534922335066512,0.01445475473612547,0.014454755726091104,0.003399585109055042,0.0011964931662975546,0.011558255258007986,0.01088572390468993,0.010213192551371878,0.01088572390468993,0.008151015380257545,0.013716695891608567,0.013771168776278486,0.0058617387,0.0122307865,0.0122307865,0.0122307865,0.0122307865,0.0122307865,0.0122307865,0.0122307865
2024-03-20,0.01480275,0.018381432145424186,0.0010765989401323797,0.005978657948635518,-0.0022278991916473328,0.022133597716670485,0.016430290797430126,0.01037839379550021,0.005954037507382553,0.0015296812192648968,0.005954037507382553,0.01132847081609289,0.017630123811646956,0.009008918363543561,0.014419556,0.01480275,0.01480275,0.01480275,0.01480275,0.01480275,0.01480275,0.01480275
2024-03-21,-0.008300502,-0.021349418403524906,-0.021349418011215635,-0.010925626064799725,-0.0160118344437716,-0.011944943979941308,-0.02126241350232789,-0.008868567485365401,-0.00943663276825722,-0.010004698051149041,-0.00943663276825722,-0.0018279580803077728,-0.013056649342814291,-0.024463099448239767,-0.042137686,-0.008300502,-0.008300502,-0.008300502,-0.008300502,-0.008300502,-0.008300502,-0.008300502
2024-03-22,0.030038435,0.05404114648897201,0.048187679991390904,0.027471671522036195,0.026227393664880836,0.012526055339500308,0.012623176611285663,0.03125132915177063,0.032464223291439144,0.03367711743110765,0.032464223291439144,0.015546252719942184,0.040102710724088615,0.02495517185977203,0.043962788,0.030038435,0.030038435,0.030038435,0.030038435,0.030038435,0.030038435,0.030038435
2024-03-25,0.0050568706,0.002518639589715749,0.0013279027824814132,0.001633727063536644,-0.0020387992193657088,0.023759381962846965,0.020263043053150888,0.001994271612620981,-0.001068327293941614,-0.0041309262005042105,-0.001068327293941614,0.0014366616898494851,0.005771895721343091,0.004477107938500868,0.00420044,0.0050568706,0.0050568706,0.0050568706,0.0050568706,0.0050568706,0.0050568706,0.0050568706
2024-03-26,0.019930221,0.006398417884130031,0.00639841828905427,0.016475556231737135,0.01647555659499334,0.022151808500867336,0.013230115459130793,0.016133503688710794,0.012336786993736503,0.008540070298762213,0.012336786993736503,0.014403134718956436,0.015216637454630639,0.018643042386723874,0.029904086,0.019930221,0.019930221,0.019930221,0.019930221,0.019930221,0.019930221,0.019930221
2024-03-27,0.005989188,0.000885489035565406,-0.011253902772159714,0.003650638101063669,-0.002954898534050218,0.002281791408583522,-0.005423139728508764,0.005313392687727866,0.004637597629146988,0.00396180257056611,0.004637597629146988,0.002711442743385243,0.005815945896955037,-0.005946620049948059,-0.0028418894,0.005989188,0.005989188,0.005989188,0.005989188,0.005989188,0.005989188,0.005989188
2024-03-28,0.006817379,0.018475538489632307,0.01847553920271831,0.007388500659428537,0.008705950010450447,-0.0006884496598131952,-0.00010828048502856558,0.005177668602693714,0.003537958170331792,0.001898247737969868,0.003233154508502016,0.009539083495686015,0.011677162224342199,0.01345630791388075,-0.020645566,0.006817379,0.006817379,0.006817379,0.006817379,0.006817379,0.006817379,0.0072891703
2024-04-01,-0.018240293,-0.02366750875528902,-0.02604124857743805,-0.016579998688921332,-0.01411537949191221,-0.010120934269279241,-0.005446958988931586,-0.012780655391039841,-0.007321017876249837,-0.0018613803614598323,-0.007543772309186352,-0.015105855570078632,-0.019824304908979688,-0.018265901950926366,-0.020112844,0.0,-0.018240293,-0.018240293,0.0,-0.014721806,-0.011052785,-0.0032302924
2024-04-02,-0.0009081246,0.004685198028683663,0.007333511800822943,0.0036488821306824683,0.00934163716611338,0.0015795010458491744,0.0035159783094499296,0.00016319181151216175,0.0012345082328746705,0.002305824654237179,0.0013808350761842772,-0.002495290099657332,0.001315486208874394,-0.00020959704805445512,0.017120576,-0.0009081246,-0.0009081246,-0.0009081246,-0.0009081246,-0.0009081246,0.0013857856,0.00046708342
2024-04-03,0.01688656,0.006069516220185906,-0.02648989429162328,0.003679881655462086,-0.009096306039885434,0.0071586813174188135,-0.006341202074717281,0.010164141614974186,0.003441722168692739,-0.003280697277588707,0.002223879185143334,0.015482363968110504,0.01714463491331447,0.014408125567435093,-0.029875718,0.01688656,0.01688656,0.01688656,0.01688656,0.01688656,0.008983164,0.003181936
2024-04-04,0.013166586,0.024552080528400837,0.024552080738040653,0.018467882790919394,0.020750750514503702,0.015077169551700353,0.013748186103963677,0.011371504791332655,0.009576423936561239,0.007781343081789826,0.007291299379962571,0.003795259826553054,0.01856032280801711,0.02018010396680392,0.027704388,0.013166586,0.013166586,0.0,0.0,0.0014257325,0.0,0.0
2024-04-05,0.004324557,0.0014057220933586358,-0.002882433233878646,-0.004731106150783598,-0.007365510533031049,-0.00020547640545293686,0.0006264264459163804,0.003304210389849335,0.0022838638692657953,0.001263517348682255,0.0006476770364655959,0.0019192189049698537,0.0067815382435748505,0.00472716426152342,-0.013665313,0.004324557,0.004324557,0.004324557,0.004324557,0.0027329614,9.685053e-05,0.0
2024-04-08,-0.00048907707,0.010778127917610108,0.002897072810627028,0.003153711279965937,0.000637563455557222,0.004295641207974404,0.004371982987888634,-0.0011834243013343839,-0.0018777715084249283,-0.0025721187155154732,-0.0075977137198667034,-5.959068051477907e-06,-0.0007483285491947423,-0.00010020165041613183,0.0041805757,-0.00048907707,-0.00048907707,-0.00048907707,-0.00048907707,-0.0006386128,-0.0006386128,-0.0006386128
2024-04-09,-0.025831167,-0.006172458485644311,0.040632480652881206,-0.010157055602557957,0.02414160618234904,-0.015540473427772521,-0.0054134147695867624,-0.017707346293221855,-0.009583526048033818,-0.0014597058028457876,-0.008518229154645377,-0.02239412198968902,-0.0248686183095825,-0.025790639818296768,-0.013465015,0.0,-0.025831167,-0.025831167,0.0,-0.015343935,-0.004715165,-0.0012797146
2024-04-10,-0.0018443608,-0.008191471796482802,-0.007034273773969903,-0.006041233634259552,-0.003264059408771494,-0.011405741000026465,-0.0037388266173586752,-0.0024036054206893545,-0.0029628499990092118,-0.003522094577329069,-0.008602174551063834,-0.0008371668414924987,-0.0015684190407310701,-0.0018443608350935392,-0.008017331,-0.0018443608,-0.0018443608,-0.0018443608,-0.0018443608,-0.0018443608,-0.0016085741,0.0
2024-04-11,-0.00090465334,0.0044065768478251995,0.012723667834392001,0.0033143748886883258,0.009269354942102931,-0.0035696524419821796,0.004326735866340551,0.005129599487786893,0.011163852313357897,0.0171981051389289,0.00992640759783616,0.004069931212782341,0.001381336616098204,-0.0009046533741638996,-0.013128476,-0.00090465334,-0.00090465334,-0.00090465334,-0.00090465334,0.0026603767,-0.00056046434,-0.0005249836
2024-04-12,0.008225066,0.01111540813423693,0.008634301022987024,0.011448473961465061,0.009461745509732257,0.003301315605286509,0.004520458006513893,0.005888965339644219,0.003552864732243799,0.00121676412484338,-0.0074037537167817285,0.007412047767982929,0.007803252612409945,0.008225065968872514,-0.0061439928,0.008225066,0.008225066,0.0,0.0,0.0026184262,0.0,0.0
2024-04-15,-0.0065353652,-0.0032904849367961287,0.007905216117918765,-0.0061410295629501345,-0.005206757487676319,-0.004174157394189387,8.976844666744657e-05,-0.008239861605365733,-0.009944357789872158,-0.011648853974378582,-0.009446603751430104,-0.006021568320701236,-0.005673659314528446,-0.006524101360700918,-0.022579381,-0.0065353652,-0.0065353652,0.0,0.0,-0.0065353652,-0.0065353652,-0.0065353652
2024-04-16,0.00865907,-0.0004731061499379575,-0.005524636424143435,0.002243686668425798,-0.006751732783825279,0.007530803741198033,0.0029885447706778407,0.003978202943534719,-0.0007026642959878995,-0.005383531535510517,-0.0008810663775923326,0.008394731678904744,0.00814374363663691,0.008463573700528304,-0.008641701,0.00865907,0.0,0.00865907,0.0,0.00865907,0.0022427638,0.00057816424
2024-04-17,0.008170771,0.010100554371885955,0.010790680553636432,0.006246767020430416,0.006660169209035436,0.0025712916658632455,0.0035549007025086387,0.007162199990689309,0.006153628394204233,0.005145056797719157,0.002202188553587796,0.006432833573984886,0.01174855506132272,0.008412872880072086,0.0016463338,0.008170771,0.0,0.008170771,0.0,0.005739702,0.0,0.0
2024-04-18,0.0016312068,0.016127188037782906,0.020402565653386592,0.010123029714096338,0.011076622465838149,0.004527344737648964,0.003706956950555392,0.0012748705115352478,0.0009185342484520187,0.0005621979853687896,0.0005929177959073323,0.0007765453741694051,-0.0006491526421582836,0.00167167670224444,-0.009855753,0.0016312068,0.0,0.0016312068,0.0,-0.0011727442,-0.000659483,-0.00096516917
2024-04-19,0.0037889369,0.024149112999085336,0.016069112244559442,0.01231631987227127,0.007549344599385591,0.003093129567783326,0.0030022570043204038,0.0024165616019551995,0.001044186437114585,-0.00032818872772602905,-0.006325407396957717,0.003764403229319459,0.003746635282666168,0.0037889367013121955,-0.0021399318,0.0037889369,0.0037889369,0.0,0.0,0.0010421214,0.0007468677,0.0
2024-04-22,0.00031502417,-0.005139330737646669,-0.005139329847445737,0.0011452000735700128,0.0011452005596429317,-0.001446281423345208,-0.0006504387386882396,-0.004258999885575755,-0.008833023939382104,-0.013407047993188452,-0.007585418705714651,0.0029658042452457133,-0.0010327943251468243,0.018288718047703156,0.060784835,0.00031502417,0.0,0.00031502417,0.0,-0.00038501673,-0.00014785523,0.00034684708
2024-04-23,0.012248585,0.021867065762281417,0.033518205474377165,0.017845577108319848,0.03463655139797875,0.01588991965483874,0.0303235791100916,0.00912290556378827,0.005997225777696381,0.0028715459916044926,0.008137632477160853,0.008955619305788984,0.012515458858317948,0.012342311722022714,-0.0031716747,0.012248585,0.012248585,0.012248585,0.012248585,0.012248585,0.012248585,0.007216713
2024-04-24,-0.02365867,-0.022088869752250613,-0.022088868334830796,-0.028334386354871094,-0.04190362352873325,-0.022491214284971354,-0.03233550704784653,-0.011888252725963722,-0.00011783455945413388,0.011652583607055459,-0.005353418272757174,-0.016699388459882482,-0.018876336698039346,-0.022738869174646403,-0.0044966666,-0.02365867,-0.02365867,-0.02365867,-0.02365867,-0.02365867,-0.02365867,-0.005578026
2024-04-25,-0.004237487,-0.012470688482634724,-0.007156550436238812,-0.005764350048620253,-0.009378364482988254,-0.0011396949340030556,-0.0034683877504258394,-0.012058638558576263,-0.019879790310920045,-0.027700942063263827,-0.014922602190058313,-0.0021306476916850914,-0.009857821111059322,-0.005335648075741162,0.017031511,-0.004237487,-0.004237487,-0.004237487,-0.004237487,-0.004237487,-0.004237487,-0.004237487
2024-04-26,0.0026840032,-0.002931619540620595,-0.002205956362925761,0.0020001613182760777,0.00041084654169154,0.000497713511250913,-0.0013909910030360005,-0.0024542708567428673,-0.00759254497952597,-0.012730819102309075,-0.004345571972882608,0.004832677180243864,-0.0025464926042001357,-0.00536397699651836,0.0013732349,0.0026840032,0.0026840032,0.0026840032,0.0026840032,0.0026840032,0.0026840032,-0.002229195
2024-04-29,-0.0014913767,0.0034045438466593623,0.014953900917969241,0.003169624996073544,0.01088341094299567,-0.0042586795290187,0.0033003652021105284,0.0004923781930932123,0.0024761331088835937,0.004459888024673975,0.0019144714251754348,-0.00044372680358785465,-0.0022537579580040813,-0.0011533743823184395,-0.01083768,-0.0014913767,-0.0014913767,-0.0014913767,-0.0014913767,-0.0014913767,-0.0015536469,0.0002362472
2024-04-30,0.0012310005,-0.0062110300831869246,-0.0072181929318542734,-0.0035621406723558902,-0.0026653001505180245,-0.004168457117956131,-0.004258536175865374,0.0013903591122394576,0.0015497176403943753,0.0017090761685492923,0.0018646149164765076,0.0013919347587129393,-0.00018693489043719418,0.0014041616740563256,-0.0030227439,0.0012310005,0.0012310005,0.0,0.0,0.0008748343,-0.0011381826,0.0
2024-05-01,0.016992949,0.0146430098820664,0.013505898108693567,0.011372607389576734,0.01022501000811776,0.004856268643308431,0.0023064126267092985,0.013004695442855905,0.00901644100505223,0.005028186567248556,0.0036615482836602816,0.015109318459565523,0.016377038745717568,0.017033578500559088,0.021090647,0.016992949,0.016992949,0.016992949,0.016992949,0.016992949,0.013150099,0.0022635714
2024-05-02,0.024791712,0.022411498054564,0.02241149792905877,0.024267972073014826,0.022696753489323592,0.012740419764574617,0.00279034760720187,0.011476850213304307,-0.001838010699845561,-0.01515287161299543,0.004165421591720355,0.024295177961067057,0.022623280092904513,0.029609515433927758,0.03101228,0.024791712,0.024791712,0.024791712,0.024791712,0.024791712,0.024791712,0.02314618
2024-05-03,-0.025266225,-0.006652533470541239,-0.033834483207160225,-0.030562433380670846,-0.04645105999888233,-0.010122154404781758,-0.02365265483279775,-0.031051823773693872,-0.03683742221406218,-0.04262302065443048,-0.034276823691538554,-0.009321712822657712,-0.0049806645573963505,-0.05284416083943677,-0.03108319,-0.025266225,-0.025266225,-0.025266225,-0.025266225,-0.025266225,-0.025266225,-0.025266225
2024-05-06,-0.010237455,-0.02317352320563048,-0.02317352355671587,-0.012186422070115804,-0.018033321377610656,-0.006748746834117919,-0.013171335711417726,-0.012980554898997748,-0.015723654662784147,-0.018466754426570545,-0.014396076034783142,-0.01933949301732348,-0.013311848380941555,-0.012630037539892225,-0.0064844904,-0.010237455,-0.010237455,-0.010237455,-0.010237455,-0.010237455,-0.010237455,-0.011465457
2024-05-07,-0.00019173685,0.00880980163771659,0.006057626927062193,0.0022220878555066883,0.00245371801896171,-0.0003770025723986328,0.0043958896383092865,0.0016393922557970536,0.0034705213615503216,0.00530165046730359,0.004136766871613219,-0.005315742302128876,-0.0014130460288883616,-0.004681519333565642,-0.0035503025,-0.00019173685,-0.00019173685,-0.00019173685,-0.00019173685,-0.00019173685,-0.00019173685,0.0019453929
2024-05-08,0.0054284474,0.003824908358156681,0.0010048095567888795,-0.002801451410986483,-0.0072442234173152415,-0.0002775792827643454,-0.011593467247614755,0.004671766421121101,0.003915085570544978,0.0031584047199688554,0.003659957338038023,0.0025771897682746606,0.00638318902664733,0.0017194842630181562,0.033611428,0.0054284474,0.0054284474,0.0054284474,0.0054284474,0.0054284474,0.0054284474,0.0059262863
2024-05-09,-0.0035837907,-0.023740760535411538,-0.026486808447611483,-0.008311116226632147,-0.01241397561851924,-0.003342399185411632,-0.005921724016258997,-0.0066119348515864245,-0.009640078910554902,-0.012668222969523382,-0.009580307656799344,0.0017431052624367997,-0.010050800233148038,-0.0035368200624361634,-0.08304067,-0.0035837907,-0.0035837907,-0.0035837907,-0.0035837907,-0.0035837907,-0.0035837907,-0.003918289
2024-05-10,0.014680643,-0.001269135345071554,-0.0078032514436499854,0.009634391056280583,0.0005988448354158297,0.007593355730883777,0.003711289670714201,0.010697671328086578,0.0067147001379582755,0.0027317289478299717,0.008510549767669576,0.00725219560621819,0.009011131871110674,0.020054443869123695,0.07044794,0.014680643,0.014680643,0.014680643,0.014680643,0.014680643,0.0048302966,0.0014280074
2024-05-13,0.020412315,0.022396980649381875,0.015626691032406187,0.012860111627578736,0.009199523433230179,0.013701402142960579,0.011693222513185983,0.019822505881016438,0.019232697078833943,0.01864288827665145,0.018625540385574908,0.005197265700196817,0.020478430047461933,0.014256210491477628,0.016586151,0.0,0.020412315,0.020412315,0.0,0.015193377,-0.0017825,-0.0022695588
2024-05-14,-0.007073476,-0.03505709690310061,-0.03313213931412922,0.002248773830588907,0.001957049286634636,0.008955211631469428,0.009010195190604371,-0.00947749842084462,-0.011881520629590045,-0.014285542838335469,-0.01556787642250438,-0.00041731079238086486,-0.012729495069520036,-0.006849311022380178,-0.04361547,0.0,-0.007073476,-0.007073476,0.0,-0.007918415,0.0012173803,0.0022012044
2024-05-15,0.0040122466,0.003739302118420601,-0.007936431574081016,0.005734957651812584,0.007130819681911692,0.0014330878047272562,0.0010395356106046678,0.003277538002146299,0.0025428296209385314,0.0018081212397307624,0.0025605600949396307,0.0018003258360756874,0.007528323487547988,0.004510658359898834,-0.011615388,0.0040122466,0.0040122466,0.0040122466,0.0040122466,0.0040122466,0.0040122466,0.0054728705
2024-05-16,-0.00048695502,-0.010371585006602109,-0.006537906994633371,-0.005524899738729,-0.002966864357502611,-0.002922667797934264,-0.0010006731538343204,-0.0008779794819772169,-0.0012690039464045167,-0.0016600284108318167,-0.00199510295924825,0.0036373026511224453,-0.0016865106892179356,-0.00036659820267281873,-0.013113234,-0.00048695502,-0.00048695502,-0.00048695502,-0.00048695502,-0.00048695502,-0.0016671948,0.00072262646
2024-05-17,0.0076245326,-0.00030319106101989743,-0.0002555351880188933,-0.00890224600246176,-0.012612422973884653,-0.0031360614157654346,-0.0024120865958793493,0.006669324931339758,0.0057141173591379575,0.004758909786936159,0.00611490907394977,0.006195022353930634,0.005083256995898079,-0.005448995751953234,0.004433002,0.0076245326,0.0076245326,0.0076245326,0.0076245326,0.0076245326,0.0076245326,0.000758135
2024-05-20,-0.0027787886,-0.00010001276416704064,-4.711930383384088e-05,-0.003619987445771694,-0.004924641806660245,-0.004110639260970056,-0.007048264283509046,-0.002301784831543841,-0.0018247812166389391,-0.0013477776017340373,-0.0017845567833868936,-0.001060680643949147,-0.0012707374714822925,-0.000787314187380872,-0.010822432,0.0,-0.0027787886,-0.0027787886,0.0,-0.00245447,-0.00015244345,7.594467e-05
2024-05-21,-0.014703225,-0.02164310020901263,-0.02400024892953888,-0.010252061273586004,-0.012408589207886452,-0.015469834835156798,-0.016444682352128318,-0.014486996647904347,-0.014270767718558567,-0.01405453878921279,-0.013905576671092618,-0.005446402175193311,-0.022167851186399773,-0.010247958216042186,-0.0037784704,-0.014703225,-0.014703225,-0.014703225,-0.014703225,-0.0038911148,-0.0008515984,-0.0008515984
2024-05-22,0.002060565,-0.007788963485863059,-0.0034944103230781483,-0.003398095373157412,0.00021834055521374263,-0.002889465229604393,-0.00045212109661322197,0.0009330058794792657,-0.0001945531743861907,-0.0013221122282516468,-0.007969386376449122,-0.0003050436666372238,0.0009731661157936532,0.0013993273969084008,-0.0050140405,0.002060565,0.002060565,0.002060565,0.002060565,0.002060565,0.00055123004,-0.0006796806
2024-05-23,0.010896157,0.013679365466460586,0.01618468918433577,0.009717735217120499,0.010533857696134791,0.0039777963092736904,0.006724944732268612,0.009657888518269537,0.008419620785574223,0.0071813530528789075,0.004431817083857911,0.007206925417421826,0.013608534457373686,0.010978453039570013,0.016851703,0.010896157,0.010896157,0.010896157,0.010896157,0.010896157,0.010896157,0.0
2024-05-24,0.016087793,-0.0246490063591674,-0.01400546430513941,-0.008961231828816234,-0.0075338742533182495,-0.0018555189463123679,-0.0022292017528621837,0.013833199691663212,0.0115786065695485,0.00932401344743379,0.012597870847453362,0.01298402570628127,0.015490920936942777,0.014636619975831433,0.0034244123,0.016087793,0.016087793,0.016087793,0.016087793,0.016087793,0.009570237,0.0
2024-05-28,0.0019993,0.004057204073406756,0.004157478828402685,0.010414670105930418,0.0056732938914015405,0.0069730649774521584,-0.0016611414937180314,0.004425442134702619,0.006851584296155802,0.009277726457608985,0.012351457878280845,-0.0021724912831289924,0.004158597107214685,0.002039668743236689,-0.011563132,0.0019993,0.0019993,0.0019993,0.0019993,0.0010254842,0.0,0.0
2024-05-29,-0.0066217445,-0.027385628452003003,-0.02671755871303088,-0.008423520038314165,-0.007929111264909276,-0.0033368862732499837,-0.0018557395790223074,-0.005250170081006882,-0.003878595561889107,-0.0025070210427713324,-0.0034585502517593836,0.001288171798502888,-0.01631828869946978,-0.016158851586143275,0.014165542,-0.0066217445,-0.0066217445,-0.0066217445,-0.0066217445,-0.0066217445,-0.0054922057,-0.0054922057
2024-05-30,0.00986851,0.0022623959366418417,0.0029586854505973485,0.00849681797169149,0.008709330853171488,0.005893755258508026,0.006958338107113439,0.008305541632527728,0.00674257366325382,0.005179605693979912,0.006012145026942906,0.009806723813358306,0.01534777190853757,0.00376286795380798,0.0073548444,0.00986851,0.00986851,0.00986851,0.00986851,0.0081981635,0.002028284,0.0
2024-05-31,0.02028252,0.010893166744671761,0.015492925505098648,0.013088562468439341,0.01351743771218104,-0.025213399390056727,-0.02576863552215483,0.01797043079294866,0.015658341138970962,0.013346251484993268,0.014607921346081017,0.017437856032096778,0.018187778671695427,0.01811170242615212,0.0083340835,0.02028252,0.02028252,0.02028252,0.02028252,0.02028252,0.02028252,0.00934497
2024-06-03,0.0060667,0.009534144580420106,0.005146713059847231,0.009625354711599648,0.006956363469813129,0.0019676393657363954,-0.0012935110726021528,0.006371231463790098,0.006675763066031355,0.006980294668272612,0.008609388166348252,0.0019374036142036262,0.0056752636192620495,0.006634387114056395,-0.014026647,0.0060667,0.0060667,0.0060667,0.0060667,0.0060667,0.0008527976,0.0
2024-06-04,0.002507648,-0.0013018151958286762,0.0019799849055632127,-0.005632760106008499,0.0004725460193551801,-0.0071452535139583054,-0.001592375202973703,0.0014037069064746393,0.00029976590605355164,-0.0008041750943675356,-0.0051681566320923985,0.0016045829270989968,0.002460302673915232,0.00983549456025834,0.008912938,0.002507648,0.002507648,0.002507648,0.002507648,0.0018719712,0.000405611,0.0
2024-06-05,-0.011022428,-0.0020099929653294383,-0.002009992685098113,-0.009314928610436618,-0.006716922469267076,0.0006246507217362524,0.002817868038004702,-0.012073504330149087,-0.013124580493245608,-0.014175656656342127,-0.0129976337410927,-0.006870400230128235,-0.008790699633854355,-0.014339420157027938,-0.024633622,-0.011022428,-0.011022428,-0.011022428,-0.011022428,-0.011022428,-0.009714522,-0.0028698784
2024-06-06,-0.06766544,-0.1383835735478252,-0.13952347698315914,-0.06153079861458391,-0.06009213558155753,-0.03441985702291131,-0.030496618422041516,-0.06710992400530755,-0.06655440390568285,-0.06599888380605815,-0.06612089374801394,-0.0307968962077461,-0.07986112539656459,-0.06473554162194484,-0.05447545,0.0,-0.06766544,-0.06766544,0.0,-0.0729157,-0.0026971304,-0.0019719743
2024-06-07,0.008322183,0.0244730911680311,0.01920413568220257,0.018890820515453814,0.013147670642450813,0.010594924278799444,0.005110377082520942,0.008815531941088282,0.009308880955827225,0.009802229970566165,0.009479698113071769,0.0011310637803529423,0.012789259359917855,0.009503601862739242,-0.031855367,0.008322183,0.008322183,0.008322183,0.008322183,0.006217369,0.006307534,0.0
2024-06-10,-0.0073201093,-0.009299518119432032,-0.009915754152387879,-0.006683726361170411,-0.007031656691769214,-0.001786964052375406,-0.0036172330330165228,-0.006810869589208685,-0.006301629889277861,-0.005792390189347038,-0.004023481155319683,-0.00598901294920236,-0.009121808800211345,-0.006924329717452604,-0.0042995936,-0.0073201093,-0.0073201093,-0.0073201093,-0.0073201093,-0.0014658474,-0.0014658474,0.0
2024-06-11,0.015845796,-0.01525508788920939,-0.005728481777475436,-0.005444809244163335,0.006669850330320165,-0.004960454159099609,0.005512848972397599,0.013129953979568194,0.01041411128371509,0.007698268587861986,0.0013213131720319696,0.016743738283303743,0.014799198392905635,0.015863956774936128,0.011763399,0.0,0.015845796,0.015845796,0.0,0.0013829314,0.0015589456,0.0
2024-06-12,0.023934016,0.056721090760193764,0.08302489364463356,0.031579288105443123,0.04458623405856361,0.01702037088304758,0.018734486662007614,0.020434999542154785,0.016935983836804412,0.01343696813145404,0.01766426514603812,0.02293084126345113,0.027684183856895705,0.033713758135363925,0.035876103,0.023934016,0.023934016,0.023934016,0.023934016,0.0077442243,0.003989755,0.0
2024-06-13,0.006090182,-0.06455068231374025,-0.03504874894244977,-0.02276249652184546,-0.021065307963941925,-0.007828234843127429,-0.006365246375251425,0.007585706151825855,0.00908123042395248,0.010576754696079105,0.009333200107948508,-0.0009251537408203668,-0.0007654156366532501,-0.026810745144550285,-0.07362944,0.006090182,0.006090182,0.006090182,0.006090182,-0.001903713,0.0007064728,-0.000565147
2024-06-14,-0.002916337,0.008875562564637512,0.0010633566909575257,0.006694569311477244,0.0015640040196015612,0.00923416978996247,0.0061697866682461425,-0.0026592056090661296,-0.002402074285447033,-0.0021449429618279362,-0.002160635129297984,-0.0037079903275362793,-0.0026527350048788567,-0.01958293112623055,-0.023197548,-0.002916337,-0.002916337,-0.002916337,-0.002916337,-0.0010878532,0.0008309138,0.0
2024-06-17,-0.0020003766,-0.005289341458529234,-0.0054984204517419906,0.00034722967850044344,-0.0005481155709651381,0.0005267778187058869,-0.0011700485966877846,-0.0024961044567139027,-0.002991832331282115,-0.003487560205850326,-0.0033912524283319064,-0.000479271516145378,-0.0036605892724103544,-0.030586979733912223,-0.03552626,0.0,-0.0020003766,-0.0020003766,0.0,-0.0014792006,-0.0010102434,-0.0010100773
2024-06-18,-0.0069004647,0.003452538584470749,0.0011475874678529882,-0.0011320448821410534,-0.0035310089898831624,0.003945699829179794,0.0028704519777819877,-0.007746288609299767,-0.008592112684771336,-0.009437936760242904,-0.010785908181379592,-0.00208461856589175,-0.000491166294721715,-0.006504222810800542,-0.009311834,-0.0069004647,-0.0069004647,-0.0069004647,-0.0069004647,0.0008494319,0.0069293203,0.0071200277
2024-06-20,-0.0039745313,0.004017511079721153,0.0027206026727529197,-0.004286574049890041,-0.004266986088957761,-0.004423130723014474,-0.0037138613045181682,-0.0035586243038206785,-0.0031427174125148822,-0.0027268105212090864,-0.0028316877551962404,-0.0015408301189836814,-0.0035675579988905656,-0.000149108525730135,-0.0022120331,-0.0039745313,-0.0039745313,-0.0039745313,-0.0039745313,-0.0043517314,0.00020326779,0.0
2024-06-21,0.0044832933,-0.027824685494881124,-0.06268961040852958,-0.004384803617522121,-0.004955135423154231,0.008623658906705677,0.00791006054262745,0.004037703723253069,0.0035921141702259718,0.003146524617198875,0.0037672239283544685,0.0038009926134611525,0.004977707739453762,0.010471464869757696,0.013868388,0.0044832933,0.0044832933,0.0044832933,0.0044832933,0.002535132,0.0006780544,0.0
2024-06-24,0.013696847,-0.011873609787318856,-0.035650919243607346,0.008524128320477904,-0.0012263021099988298,0.0077254112183675165,0.0060723837451518,0.01089422715483798,0.008091608106728761,0.005288989058619542,0.008939248936224862,0.007609752161703485,0.010806891245936805,-0.0034570315176276623,0.0028139502,0.0,0.013696847,0.013696847,0.0,0.01285735,0.00010350422,-9.217051e-05
2024-06-25,-0.006456702,0.0058669708805345,0.004495705406358008,0.0008139356641285122,0.0016995249636894368,0.00014327897947281594,-2.826694333096921e-05,-0.005612680089012554,-0.004768658045315784,-0.003924636001619014,-0.004460161483083034,-0.006507437907668405,-0.007586117250717837,-0.004133029103503105,-0.0022880437,-0.006456702,-0.006456702,-0.006456702,-0.006456702,-0.0014700377,-0.0018368787,0.0005271138
2024-06-26,-0.008686098,-0.0252052819313854,-0.042219109283305106,-0.024167421991415323,-0.03190243912558119,-0.01227870000096038,-0.011938314353532379,-0.008995709438256472,-0.009305320839225351,-0.009614932240194229,-0.009526546633070407,-0.010087505502023563,-0.006407129907430234,0.0068679389124732815,0.0005106923,-0.008686098,-0.008686098,-0.008686098,-0.008686098,-0.010535577,0.0009400719,0.0011083789
2024-06-27,-0.0008662763,-0.004176084287818521,-0.0027919905067516,-0.011325888309311121,-0.018916214317550167,-0.006850025544762611,-0.013291383835568889,-0.0022516443718877915,-0.0036370124153236516,-0.005022380458759511,-0.004378986853627812,0.0016763571336068052,-0.0014165671965615323,0.005745866673920741,0.046080723,-0.0008662763,-0.0008662763,-0.0008662763,-0.0008662763,-0.0008662763,-0.0008662763,0.0002108831
2024-06-28,0.0047945776,0.004202327355388552,0.004240555776908371,0.005563087412994355,0.0066311008074943795,-0.0056594237612932925,-0.023493333010304852,0.002843048884467574,0.0008915202248457414,-0.0010600084347760913,-0.0005084726004782091,0.0036650917915839166,0.004642605885270645,0.008994655693453701,0.026042456,0.0047945776,0.0047945776,0.0047945776,0.0047945776,0.0047945776,0.0047945776,0.0040487135
2024-07-01,0.0020503737,0.012230055711343885,0.00861662461824378,0.004119176023751498,0.003827295451539888,0.0019706241637282075,0.0011120465317165252,0.00280168016799387,0.003552986749161713,0.004304293330329556,0.005510493231643398,-0.0014904283373949954,0.0040789762353101245,-0.007427000238120041,-0.009969107,0.0020503737,0.0020503737,0.0020503737,0.0020503737,0.0044617373,-0.0008894851,-0.0008894851
2024-07-02,0.007444349,0.009107002801895142,0.009034573019417983,0.003758952151630074,0.0025154563895498847,0.0017005079498142004,-0.0015652051715169999,0.007310301107795904,0.007176252981599412,0.007042204855402918,0.007110554348799871,0.0063387577072351094,0.010297752007715065,0.018755974006412934,0.01721125,0.007444349,0.007444349,0.007444349,0.007444349,0.0070901252,0.0040974757,0.0041489517
2024-07-03,-0.01234797,-0.030976576360650362,-0.029528953147314664,-0.020296223544552922,-0.02500297472257551,-0.011808665564991534,-0.0142866597230603,-0.013593403482544762,-0.014838837272889099,-0.016084271063233437,-0.014469430557060469,-0.011209506681569068,-0.015526530826040967,-0.020119527908623258,-0.023444213,-0.01234797,-0.01234797,-0.01234797,-0.01234797,-0.012251065,-0.0070759286,0.0
2024-07-05,0.014752493,0.022405660324487833,0.02276134002342991,0.008611407364625484,0.007958750292556202,0.005974516751822085,0.006279791400003618,0.013175208841694784,0.011597924559865675,0.010020640278036569,0.011244634829882817,0.010327449957634146,0.017938426947644484,0.01422126830026782,0.03133155,0.014752493,0.014752493,0.014752493,0.014752493,0.014752493,0.014752493,0.011928713
2024-07-08,0.0061169583,0.005944000486917794,0.00614591161421429,0.006738319004327059,0.0072458244399700635,0.005004625716488808,0.005112376644049744,0.0038461788006082767,0.0015753993825898755,-0.0006953800354285262,0.002058058242658141,0.004175034110933709,0.006612695932430638,0.0053661059601601835,0.0070720133,0.0061169583,0.0061169583,0.0061169583,0.0061169583,0.0033226158,0.0003259427,-0.0003014078
2024-07-09,0.0032791072,-0.002871089536007494,-0.0040252235467119965,-0.0005095626557059586,-0.0009440875827507428,-6.342577766626969e-06,-5.658126102488399e-05,0.001506793802357123,-0.00026551961063438516,-0.002037833023625893,-0.0015250854727691054,0.0029346665568382915,0.0030363639245148417,0.010161971376636103,-0.01621543,0.0032791072,0.0032791072,0.0032791072,0.0032791072,0.0010342419,0.0,0.0
2024-07-10,0.0035015475,-0.011498253487870097,-0.014544085666074763,-0.012431316471546888,-0.026886173807696968,-0.0038236246383376417,-0.019781099563692825,0.0029732981280571826,0.0024450488720385456,0.0019167996160199072,0.0019320695924433702,0.003554728329923781,0.0022694628675129598,0.011168491493514843,0.03996366,0.0035015475,0.0035015475,0.0035015475,0.0035015475,0.0035015475,-0.00012780275,0.0021560967
2024-07-11,0.0100906035,0.0036186223613843323,-0.013236219847647435,0.00348676263904199,-0.005821148386923759,0.005138944712504745,0.0017533524377620442,0.00820074462163289,0.006310885575488751,0.004421026529344609,0.005620729648253822,0.010850088471253209,0.010861998161470349,0.0042453296318067935,0.01705992,0.0100906035,0.0100906035,0.0100906035,0.0100906035,0.0100906035,0.0100906035,0.0055031767
2024-07-12,0.014882909,0.0063275456658378245,0.00401186495778026,0.011827517683580518,0.010468863812395724,0.00711858409140259,0.005974368751766745,0.013034589551588935,0.011186269503486241,0.009337949455383547,0.00792284056216953,0.014452061006511405,0.013801034953741525,0.027029339560802335,0.0153181385,0.014882909,0.014882909,0.014882909,0.014882909,0.014882909,0.014882909,0.014882909
2024-07-15,0.012708864,0.011397309847753495,0.006373397513387688,0.009059322112873197,0.008282581374620717,0.004696021387595683,0.005896012722500391,0.01208607096903284,0.01146327776328245,0.01084048455753206,0.007700718579767259,0.00701957756127201,0.010897859040944074,0.013604519894252043,0.062012874,0.012708864,0.012708864,0.012708864,0.012708864,0.012708864,0.012708864,0.0024631433
2024-07-16,-0.045713928,-0.01758034348051995,-0.017580343076347506,-0.04464896651832387,-0.042742001361132584,-0.02841326507596299,-0.029523862221362107,-0.04233546121694806,-0.03895699472067333,-0.03557852822439859,-0.030051195588545875,-0.02886505229827839,-0.04460713198641316,-0.041168449052656264,-0.058186125,-0.045713928,-0.045713928,-0.045713928,-0.045713928,-0.045713928,-0.045713928,-0.04455034
2024-07-17,0.00654274,0.0032210213966853917,0.0019212264758443837,0.00867781108442694,0.008021352669472088,0.012914696806408464,0.012766252591306766,0.005306022331049702,0.004069304738055986,0.002832587145062271,0.0004226576532505681,0.0047631012917437295,0.004021721897350455,0.004250698460481317,-0.03548158,0.00654274,0.00654274,0.0,0.0,0.004488376,0.0009498076,-0.0010535325
2024-07-18,0.00094121275,-0.009349682263862341,-0.00934968258505186,-0.012107618081271648,-0.05125411215070373,-0.0028402684248052534,-0.005358682030651965,0.0007489619325476999,0.0005567111103987922,0.00036446028824988364,0.0003223977954521255,0.0016116874137206629,0.0023938754255968054,0.0014953148781735592,-0.013037752,0.00094121275,0.00094121275,0.00094121275,0.00094121275,0.001096517,0.0012099126,0.0
2024-07-19,-0.0017418535,-0.014141216394845396,-0.016144528794181497,-0.00650233682161197,-0.009621382027448442,-0.005713513876870274,-0.005619591385787507,-0.008258003748798605,-0.014774154013178968,-0.02129030427755933,-0.015587361533730484,-0.001345335044605768,-0.009764145347501408,-0.009601475963027628,-0.0040376596,-0.0017418535,-0.0017418535,-0.0017418535,-0.0017418535,-0.0017418535,-0.0017418535,-0.004520161
2024-07-22,-0.0023504996,-0.004459292879737914,-0.004895333687755082,0.0005211554953083396,0.0013985647983244393,-0.0049563867497257885,0.001620168186003307,-0.00269948222778156,-0.0030484648349019807,-0.003397447442022402,-0.003345892146658097,0.00039047534882463036,-0.002774921627926894,-0.0018863924407863664,0.02265974,-0.0023504996,-0.0023504996,-0.0023504996,-0.0023504996,-0.0023504996,-0.0018158403,-0.0018158403
2024-07-23,-0.002631341,0.00034150791086256507,0.0022134638687592158,-0.011003290476836264,-0.023230755114038815,-0.0021824896158277986,0.0008900824814973315,0.002750871798136951,0.008133084703463557,0.013515297608790163,0.010918779986145388,-0.002957527677664834,-0.004810630159706555,-0.0025902091401803773,-0.025532534,-0.002631341,-0.002631341,-0.002631341,-0.002631341,-0.002631341,-0.0045700707,-0.0016309462
2024-07-24,-0.0010479304,-0.0006182611550949514,-0.0024490466896712384,0.007209018281102181,0.031979865640778773,0.005426608725357801,0.005426608628723224,-0.0023367768583837426,-0.00362562326938277,-0.004914469680381797,-0.0027870508211635323,-0.002124683585306539,-0.001070876825939525,-0.0004000749370138834,-0.016931236,-0.0010479304,-0.0010479304,0.0,0.0,-0.0010479304,-0.0010479304,-0.0010479304
2024-07-25,0.02812748,0.017066517949271946,0.006150974683362023,0.018019720634557305,-0.0030415936991074564,0.01428490411574021,-0.005817261628905775,0.019074001417082535,0.01002052259409202,0.0009670437711015029,0.014454142049767684,0.022650234814114805,0.03193203333595937,0.01771101711992662,0.017670618,0.02812748,0.0,0.02812748,0.0,0.02812748,0.02812748,0.02812748
2024-07-26,0.0027743923,-0.001298373518809676,0.0009957726788255878,0.0008218373995274308,0.001437866492678434,0.0029579610508307817,0.0013491308385843062,0.0015799576080977428,0.00038552284512957105,-0.0008089119178386007,-0.0037056298843040998,0.003362997884356677,0.001435713084753264,0.0028275792792555876,0.0033268076,0.0027743923,0.0,0.0027743923,0.0,0.0027743923,0.0017422183,-0.00031555266
2024-07-29,-0.008839088,0.0028972038879804315,0.006256262437349565,-0.00951356156758964,-0.010779491006800387,0.0039278205376118425,-0.004205733917169797,-0.011352899686246412,-0.013866711578889284,-0.016380523471532155,-0.015052529291765577,-0.009795465799426546,-0.006606814680113034,-0.01980492727528027,-0.046526928,-0.008839088,-0.008839088,-0.008839088,-0.008839088,0.0002205043,-0.0016597376,-0.0020114856
2024-07-30,0.020584418,0.023227835062127562,0.023227835467524372,0.021375586279574782,0.023749093500985596,0.03236698133602738,0.032366980611941834,0.006506586681063262,-0.007571243853887593,-0.021649074388838452,-0.003289007840708407,0.02009845254390466,0.0209790627186356,0.020704744216345716,0.027389336,0.020584418,0.020584418,0.020584418,0.020584418,0.020584418,0.020584418,0.020584418
2024-07-31,0.0076032393,0.010625487174428998,0.003959930838705487,0.005049141195714473,-0.002613148020146599,-0.0013809140646830202,-0.013054424606333395,0.0016058832389351987,-0.0043914727901941016,-0.010388828819323405,0.0006717367085787348,0.009800143783184159,0.006268150851511481,0.007603239253512584,-0.046647217,0.0076032393,0.0076032393,0.0076032393,0.0076032393,0.0076032393,0.0076032393,0.0076032393
2024-08-01,-0.03160764,0.0032662545117735863,-0.014767567348156683,0.0009542806082405151,-0.017384711543790798,0.004041745852120221,-0.014893211066658902,-0.026662760555612626,-0.021717882765193947,-0.016773004974775265,-0.009166208637218601,-0.029314902233056467,-0.028257954919668423,-0.03160763836785918,-0.046444383,-0.03160764,-0.03160764,0.0,0.0,-0.03160764,-0.012402222,-0.00045155894
2024-08-02,-0.10118769,-0.12906959980057553,-0.12906960019709593,-0.09633818425852805,-0.08178966876926988,-0.10058422473873943,-0.10268045280478848,-0.05869518398870255,-0.016202678747559103,0.026289826493584374,-0.02958970720555799,-0.10197361481192783,-0.10386990676528182,-0.0964567529750866,-0.019738486,-0.10118769,0.0,0.0,0.0,-0.10118769,-0.10118769,-0.10118769
2024-08-05,0.008530033,0.008132334055490792,-0.0005005289620612875,0.006454507355485112,0.0020103088904439665,0.01881395239699632,0.03249243345602194,0.004189581845133512,-0.00015086913073259932,-0.004491320106598711,-0.0006269219628576299,0.005645529922646695,0.010645650753709063,0.00857484662992647,0.01705919,0.008530033,0.0,0.0,0.0,0.008530033,0.008530033,0.008530033
2024-08-06,0.0007399572,-0.004422980230655521,0.0015653594039571033,-0.012724716402888298,-0.004793405835416378,-0.010807178687267006,-0.0019666389263021046,-0.0016208555153446398,-0.0039816682366404935,-0.006342480957936346,-0.025250972741095175,-0.00020230046224225205,0.003481303843330931,0.0007399572423310019,-0.00735923,0.0007399572,0.0,0.0007399572,0.0,0.0007399572,0.0007399572,0.0028625631
2024-08-07,-0.010292562,-0.002418370812963694,-0.0036053720974431594,0.0017378676702454686,-0.005805003325415311,-0.011464251036252827,-0.010676093699703236,-0.011870582805032887,-0.013448603768868464,-0.01502662473270404,-0.03139956079979441,-0.011111957617508154,-0.006683631921822035,-0.010292561768437736,-0.010690293,-0.010292562,0.0,-0.010292562,0.0,-0.010292562,-0.010292562,-0.010292562
2024-08-08,-0.00089875615,0.008985832761730999,0.003094983493730079,0.000805976976081729,-0.0002916078581005647,-0.004640361584350466,-0.004977337371177721,-0.0006700254063712324,-0.00044129469135534174,-0.00021256397633945116,0.0005679872610378396,-0.001510505506742491,-0.00019715864592316447,-0.0006851079371426039,0.0027089422,-0.00089875615,0.0,-0.00089875615,0.0,-0.00089875615,-0.00089875615,0.00019178656
2024-08-09,-0.0033124788,-0.014337477086000144,-0.027628015620910128,-0.0089551463470608,-0.017076125696167576,-0.0032205957614257932,-0.010515164406830233,-0.006693819049671196,-0.010075159267838852,-0.013456499486006508,-0.009101363730838231,-0.004582843019618494,-0.005339286268942735,-0.005092599447636292,0.016849665,-0.0033124788,0.0,-0.0033124788,0.0,-0.0033124788,-0.0033124788,-0.000793127
2024-08-12,-0.0061644767,-8.313280798494813e-05,-0.008484524807139418,-0.010630529605876654,-0.01776760888740866,-0.009098739950880407,-0.022428807512762737,-0.012308290266776795,-0.01845210373424061,-0.02459591720170443,-0.019310241139841693,-0.005141794581528336,0.0015050930616615174,-0.0061133169547247235,0.016464358,-0.0061644767,0.0,-0.0061644767,0.0,-0.0061644767,-0.0061644767,0.003908411
2024-08-13,0.00288911,-0.007193774786200374,-0.0039056194715447966,0.002026060713361949,0.0019171227093491227,-0.018511744228024034,-0.022921447767026572,0.002123059409452658,0.0013570088106506688,0.0005909582118486796,-0.0014183236245409038,0.0015157352913696953,-0.0008593895398503674,0.003647813919615661,0.010177495,0.00288911,0.0,0.00288911,0.0,-0.0008933235,-0.0008698716,-0.0008698716
2024-08-14,0.0057530096,-0.011848610663153231,0.002455140581439922,-0.011819094735234976,-2.532902405625822e-05,-0.011136854765098542,0.0006633415435386429,0.002774180175140836,-0.00020464934620939047,-0.0031834788675596188,-0.01571488667369964,0.005186275796954655,0.007235931036782196,0.005764536025956168,0.0020489078,0.0057530096,0.0057530096,0.0057530096,0.0057530096,0.0057530096,0.0057530096,0.0
2024-08-15,0.031751156,0.01772459327446297,0.0186518744956696,0.033152477409131825,0.033966599236470094,0.02635887643000111,0.026936354398825878,0.03303322416418662,0.0343152943377469,0.0355973645113072,0.03583616514547157,0.004712459805760015,0.020685653269968254,0.015352924000554768,0.025953323,0.031751156,0.031751156,0.031751156,0.031751156,0.008894382,0.009519257,0.009353242
2024-08-16,-0.0038997813,0.002078076819702983,0.004691688864103212,-0.007967224369328469,-0.017347931049586963,0.004206160659939051,0.0037267608322625323,-0.005109284895042362,-0.006318788523857359,-0.007528292152672356,-0.0067596835206758825,-0.00012941112254041408,-0.003270579842765901,-0.021234081062489807,0.032918718,0.0,-0.0038997813,-0.0038997813,0.0,0.0010125195,0.0011592023,0.0009678641
2024-08-19,-0.002954223,-0.005549146165437996,-0.0052266832901986995,-0.002286932443100959,-0.002261517351981243,-0.001314810528177768,-0.0019230397978176118,-0.002944604350374559,-0.002934985740351517,-0.0029253671303284753,-0.0029130070442677314,-0.0021019231060274745,-0.004140698007011617,-0.027046920104181638,-0.022284713,-0.002954223,-0.002954223,-0.002954223,-0.002954223,-0.0019576694,-0.0021010758,-0.00042870178
2024-08-20,-0.010072679,-0.015545229646731168,-0.01892323690118228,-0.01529452425809577,-0.01977048379088809,-0.0056407902212440965,-0.01243890243015246,-0.011755129006534533,-0.013437578754186066,-0.015120028501837602,-0.015084930999567177,-0.0086502715513007,-0.013414817413484508,-0.018143780106127938,0.057918306,0.0,-0.010072679,-0.010072679,0.0,-0.006052406,-0.005245603,-0.003853413
2024-08-21,0.0013959088,-0.0010485993562079966,-0.0019279437135281546,0.0002284878163412215,-0.0008808172411940431,-0.013408611779734493,-0.013955071538320471,-0.0008745526558074064,-0.003145014078040959,-0.005415475500274511,-0.0063586991951834135,-7.823366118266681e-05,0.0009133081533946093,0.006985748413438131,-0.025847614,0.0,0.0013959088,0.0013959088,0.0,0.0006190583,0.0006190583,0.00029284318
2024-08-22,0.0069362526,-0.0003714536225982012,-0.0038923104946614294,0.004351868573278189,-0.002711202898797817,0.008569658359941095,-0.001422698960310124,0.001405345884812248,-0.004125560813193774,-0.009656467511199796,-0.005317093259520886,0.007726614599012612,0.004629224543036384,0.01177733396265257,0.01765455,0.0069362526,0.0069362526,0.0069362526,0.0069362526,0.0026414068,0.0008979228,0.0
2024-08-23,0.0077689895,-0.0012282253058627248,-0.001228225313379946,0.0014737570842728019,-0.01741194068153843,0.002209402214884758,-0.012731139522164644,0.005964631883733945,0.004160274226831351,0.0023559165699287574,0.0028716094309996845,0.00502394623885658,0.007831614828583869,0.00936857661770496,-0.020258574,0.0077689895,0.0077689895,0.0077689895,0.0077689895,0.0077689895,0.0077689895,0.0039767832
2024-08-26,-0.009623911,-0.010662903024535627,-0.005290504129853877,-0.00890197787810117,-0.007214075777376921,-0.005492366564888507,-0.005053928171353266,-0.008393409308268278,-0.0071629070355343815,-0.005932404762800484,-0.006810308813841064,-0.009620691692347687,-0.010393763827794993,-0.009486946601998891,-0.00031753618,0.0,-0.009623911,-0.009623911,0.0,-0.0009891596,0.0006115593,0.0
2024-08-27,-0.0060658515,-0.003104851702414453,0.0012553937928210584,-0.0021217435834184287,0.0004229872140573275,-0.022722892455980182,-0.0225566927861115,-0.006208978595018113,-0.006352105530522217,-0.006495232466026319,-0.006391444243979045,-0.004546736957529363,-0.009527204279914839,-0.005824052762700482,-0.037721537,-0.0060658515,-0.0060658515,-0.0060658515,-0.0060658515,-0.0040556896,-0.0034258545,-0.0027800926
2024-08-28,0.0023410504,-0.005017488133516162,-0.015343572722125855,-0.0043634982549771665,-0.011406430782584853,-0.008317059428989887,-0.011100063362957987,-0.0013342971665193288,-0.005009644754857748,-0.008684992343196168,-0.005848355348264775,0.0011630910992405424,-0.0002509575273672289,0.0025142126599373427,0.019672781,0.0,0.0023410504,0.0023410504,0.0,0.00036164914,0.0,0.0
2024-08-29,0.0011657915,0.005744130429569632,0.01259442327378102,0.004802106667533517,0.01571105199472994,-0.011786006170157343,-0.013476297897905321,-0.0025014074351177623,-0.006168606401328943,-0.009835805367540125,-0.008382038868153887,0.0007930962998737674,0.0013796435372734617,-0.005861173995435731,-0.017556852,0.0011657915,0.0011657915,0.0011657915,0.0011657915,0.0011657915,0.0011983005,0.0
2024-08-30,-0.009819579,-0.012429947911482305,-0.012429947523153247,-0.009704628065470606,-0.009359773352823324,-0.006430209231600165,0.001495903781439628,-0.004797302237974703,0.00022497442731216587,0.005247251092599032,-0.0006575582930097379,-0.00841115473202215,-0.009409799836364318,-0.009735008770803688,-0.06739648,-0.009819579,-0.009819579,-0.009819579,-0.009819579,-0.009819579,-0.009819579,-0.003137818
2024-09-03,-0.011159282,-0.014075879801772535,-0.014075879851793984,-0.016676820768341424,-0.016676820860740377,-0.013230930379088967,-0.019738487148053825,-0.007870929624939934,-0.0045825773632314805,-0.0012942251015230265,-0.00627475586015202,-0.01112565158582838,-0.010085107610476287,-0.011159281893924344,-0.0028136738,-0.011159282,-0.011159282,0.0,0.0,-0.011159282,-0.011159282,-0.011159282
2024-09-04,-0.0066267364,-0.009267382477652282,-0.028291554912266318,-0.01323337411770597,-0.0330532892540403,-0.017465418320242315,-0.024036238398413293,-0.007418863700416161,-0.008210990795292404,-0.009003117890168649,-0.007922435939649005,-0.008120525997073913,-0.006327508817511526,-0.007764982355103811,-0.0008930142,-0.0066267364,0.0,-0.0066267364,0.0,-0.0066267364,-0.0046665682,-0.0003338736
2024-09-05,0.0053322627,0.002218380500264466,0.006305159829291836,0.008385584677737206,0.016337819559272382,0.006893640844188631,0.0070851567108982235,0.004348879773066135,0.003365496708804253,0.0023821136445423717,0.002695517976078257,0.007149339040228022,0.0002850128094327043,-0.0013662411705626099,-0.004914006,0.0053322627,0.0,0.0053322627,0.0,-0.004120993,-0.00096961105,-0.00096961105
2024-09-06,0.011163853,0.019983246128298344,0.04740685771973156,0.01322750451138243,0.01941846180163486,0.009630669854003937,0.006911650609286742,0.0009900724045757928,-0.009183707950485353,-0.0193574883055465,-0.005264801132263512,0.006214755196924394,0.008384488068986685,0.009682753069585548,0.00794627,0.011163853,0.0,0.0,0.0,0.011163853,0.011163853,0.005321799
2024-09-09,-0.003231733,-0.005433448220379651,-0.004746062958953244,-0.004210235737562179,-0.005820190196396329,-0.003993112560398877,-0.0075548313144704355,-0.006829129675020129,-0.010426526127548219,-0.014023922580076308,-0.011275954462428576,-0.0048586148874058665,-0.004866285377647728,-0.0016113727007791567,-0.0069526625,-0.003231733,0.0,-0.003231733,0.0,-0.003231733,-0.003231733,-0.0020149664
2024-09-10,0.00016048545,0.012159761811718343,0.003751616524134544,0.007819617762807757,0.007485664920462946,-0.0025026971634849906,-0.0032859019575466734,-5.305703211561379e-05,-0.0002665995120813059,-0.00048014199204699827,-0.000999753908866851,0.00044950571729943263,-0.0017905445885844533,0.0005415670617985313,0.0049483497,0.00016048545,0.0,0.00016048545,0.0,-0.0020984763,-0.0020984763,0.0
2024-09-11,0.0013371385,-0.012615205098818989,-0.03674150953090584,-0.004807350852414965,-0.017033662999251943,-0.005450700926352293,-0.014276291368716493,-0.0007480652339502186,-0.0028332689381627262,-0.004918472642375234,-0.0020699547100275027,0.00027654026821260385,0.0010186412191780453,-0.009569555242201044,-0.0010624573,0.0013371385,0.0,0.0013371385,0.0,0.0013371385,0.0014610769,-0.00040032837
2024-09-12,0.0068423613,-0.002261685226522386,-0.02057243853944891,0.007215720323957503,0.007874601529413036,0.000684311788901687,-0.006786491739180237,0.0048963929929668245,0.0029504246302675765,0.001004456267568329,0.00336567813903608,0.0045638367411566585,0.0076653474317440245,0.01531005241702399,0.039662294,0.0068423613,0.0068423613,0.0068423613,0.0068423613,0.0068423613,0.0044862386,0.0
2024-09-13,0.011013476,0.0035234197738394143,-0.02000226766132849,-0.00018606931114569306,-0.013940307204723149,-0.002642008410524577,-0.006079041130014267,0.010734169391173444,0.010454862837127493,0.01017555628308154,0.01043363522401333,0.00993082299552889,0.012247772886290805,0.010826046169344572,-0.011890219,0.011013476,0.011013476,0.011013476,0.011013476,0.005326998,0.0012214605,0.0
2024-09-16,-0.0037865972,0.0028294299981743098,0.004955687598055878,-0.003775530422925949,-0.003750737788158206,0.006334134268350899,0.0029937338026534135,-0.00874765781670954,-0.013708718465346022,-0.018669779113982505,-0.012681798950446403,0.000585135810863452,-0.0004120296015488829,-0.00468857304086967,0.0028951562,0.0,-0.0037865972,-0.0037865972,0.0,0.00066488795,0.0005294086,0.0
2024-09-17,0.0054719714,0.007708946631345898,0.009200306337760155,0.004307344440277666,0.0021168962803889664,-5.425541624426607e-06,-9.681112698157633e-05,0.003924542158795594,0.0023771127913148676,0.0008296834238341409,0.0018132309854208897,0.0043742822756500785,0.005985397816931998,0.013413461778754243,0.0102666225,0.0054719714,0.0054719714,0.0054719714,0.0054719714,0.0029836122,0.0001221251,0.0
2024-09-18,0.056814067,0.08257668222265319,0.046002025039878276,0.038987044362258166,0.028808778480168176,0.015343722771760077,0.016790784193741443,0.04307938812237757,0.02934471104168451,0.015610033960991448,0.02406730035221603,0.04495026049289326,0.07709867641414432,0.06380927652463786,0.092530064,0.056814067,0.056814067,0.056814067,0.056814067,0.056814067,0.051568765,0.004894147
2024-09-19,0.017027613,0.029102272051088514,0.039849058529024664,0.020166925408169625,0.029584864800769876,0.010365981157291681,0.010365980885650588,0.01900741455019421,0.0209872172561468,0.022967019962099388,0.020209014742417868,0.012615784537780523,0.021575931649104776,0.009629775766686333,0.005777229,0.017027613,0.017027613,0.017027613,0.017027613,0.017027613,0.017027613,0.012755692
2024-09-20,0.0014857876,-0.004097985290288925,-0.008638493460170092,-0.0015522806908190249,-0.010666484888125542,-0.0039350548814609644,-0.007803432618278025,-0.0009304774001763932,-0.003346742365241383,-0.005763007330306371,-0.0037003794660099734,0.0018216069212889066,0.00011878156060860824,0.002677617592107495,0.0048428043,0.0014857876,0.0014857876,0.0014857876,0.0014857876,0.0014857876,0.0014857876,0.0023976604
2024-09-23,0.006156486,0.004633434654325247,0.004440176475652747,0.0022330818345583977,-9.686364464790969e-05,0.0007609696357324721,0.0005154622811743715,0.004525006714908015,0.0028935276110238963,0.0012620485071397772,0.0019302826679308627,0.00806263746307228,0.004245852833529087,0.00585358390762547,0.0041362024,0.006156486,0.006156486,0.006156486,0.006156486,-2.654409e-05,-4.0225204e-06,0.0
2024-09-24,0.00030022627,-0.0015810352497547865,-0.0013791804009199065,-0.0011392560418508947,-0.0039077085551510495,-0.0016394214917719364,-0.0030851248884338957,-0.00024044792813183828,-0.0007811221236908824,-0.001321796319249927,-0.0006880015484840274,0.00268904202274264,-0.00019027017670768265,-0.0012914381050821433,-0.0155890975,0.0,0.00030022627,0.00030022627,0.0,-0.00023085152,0.00050370244,0.0
2024-09-25,0.02356974,0.003775942211151123,-0.004108816206423202,0.015109505576193333,0.005399337647940405,0.007007069136258214,-0.0024510547434480794,0.013519141004097124,0.0034685415367641265,-0.0065820579305688725,0.0075725087141332815,0.019501967307429646,0.021989305094096127,0.023717562440478623,0.038352348,0.0,0.02356974,0.02356974,0.0,0.021543592,0.0051278626,0.0020153846
2024-09-26,0.0057809274,-0.0048076533576287325,-0.007219876795520848,-0.0011451423951983446,-0.002665642902294941,-0.0018491448709741236,-0.003906694372152892,0.004092926152718455,0.0024049249342032093,0.0007169237156879628,0.0006088030551329093,0.004046395184483975,0.0013790604044598604,0.005821663788083242,-0.012213879,0.0057809274,0.0057809274,0.0057809274,0.0057809274,0.002119917,-0.0021593154,0.0
2024-09-27,-0.008579388,-0.018078566580545158,-0.026526816879221614,-0.012491969494502991,-0.01833878089357355,-0.006289524368233979,-0.010008995826333807,-0.007385573542705481,-0.006191759173815558,-0.0049979448049256355,-0.006590133257433736,-0.007741453889118517,-0.008695589411284097,-0.008555977871120835,-0.033820707,-0.008579388,-0.008579388,-0.008579388,-0.008579388,-0.008579388,-0.005174551,-0.0057460843
2024-09-30,-0.010902809,-0.007066915729437023,-0.008465960999095325,-0.012923750036023557,-0.016268788479647526,-0.003932376197557897,-0.002852866828132925,-0.011069642674200481,-0.011236475961793703,-0.011403309249386926,-0.011230598818935419,-0.010807681728528497,-0.007050134795082903,-0.00992293853677495,-0.04144877,-0.010902809,-0.010902809,-0.010902809,-0.010902809,-0.003124276,-0.0007498035,-2.1530825e-05
2024-10-01,-0.01145601,-0.0015328199489228426,-0.003958044637252953,-0.004882410820871591,-0.008470804641176678,-0.004551911311913282,-0.0070959743462688475,-0.011109404390236218,-0.010762798615779437,-0.010416192841322657,-0.009920079778588577,-0.009678226976009573,-0.006511671931101856,-0.011008710759422335,-0.01618032,-0.01145601,-0.01145601,-0.01145601,-0.01145601,-0.002204349,0.0009578439,0.0
2024-10-02,0.013489001,0.03488722098961473,0.02530163497253898,0.025562181895039976,0.021086110962558934,0.010387581728510559,0.007954003510901694,0.014327170712273431,0.015165339993975782,0.01600350927567813,0.017024469310706815,-0.0004338590257999249,0.022109280124476008,0.01533712520855346,-0.0039730105,0.0,0.0,0.013489001,0.0,0.014509822,-0.0007349642,0.0
2024-10-03,0.008217798,-0.005042519374117255,-0.004548701415274657,-0.0044036478494293985,-0.004543948260515804,-0.0014248002935387193,-0.002446881001936406,0.0010821695873652988,-0.006053458032449813,-0.013189085652264926,-0.008728047052984023,0.008597086647326994,0.009078131156804208,0.007234588636553685,-0.008356277,0.008217798,0.0,0.008217798,0.0,0.0020926811,0.0,0.0
2024-10-04,0.004759697,0.00934318244887516,0.011952773732059755,0.011115896283555776,0.015652889400617216,0.004401396191380918,0.00801658695816349,0.00716512065626566,0.009570544418206005,0.011975968180146353,0.008886431408294409,0.0016060565301327628,0.00312124148582701,0.0023656269425988974,-0.011072995,0.004759697,0.0,0.004759697,0.0,0.004759697,0.004759697,0.00064707734
2024-10-07,-0.0040322985,-0.009183108352888375,-0.009183108566168885,-0.006104530047401786,-0.006104530094789068,-0.007191982546057552,-0.00719198242571066,-0.0095518516457376,-0.01507140483459773,-0.020590958023457857,-0.01443009147312323,-0.003271526443937618,-0.005467812267174438,-0.0029604918000609715,0.0007710703,-0.0040322985,0.0,-0.0040322985,0.0,-0.0040322985,-0.0041029467,-0.0021402584
2024-10-08,-0.013173402,-0.023374183981399982,-0.024713387779392918,-0.014896446410808712,-0.018885585594177384,-0.013248943276405335,-0.015723632675185777,-0.013807306400292433,-0.014441210513518883,-0.015075114626745333,-0.014662746742388873,-0.008221761069774777,-0.019970034014179624,-0.011874982326073535,0.0005943901,-0.013173402,0.0,-0.013173402,0.0,-0.013173402,-0.012691068,-0.009151791
2024-10-09,-0.0027042963,0.009047127233110368,0.006698255660185311,0.007711670291312039,0.013271444490656377,0.0014398173606395724,0.009336560007851935,-0.0015010781037908386,-0.00029785983009419665,0.0009053584436024445,0.00031216644773297787,-0.009052756592429238,-0.0030026034346189016,-0.007421512890890991,-0.0061019505,-0.0027042963,0.0,-0.0027042963,0.0,-0.0027042963,-0.0034122383,0.0
2024-10-10,-0.0052676084,-0.012317977799400687,-0.012285173161347383,-0.012269464811813086,-0.017422081604709337,-0.010789611550606787,-0.016109506154990426,-0.006024231915601464,-0.0067808552114422055,-0.007537478507282948,-0.0065254383385300405,-0.008125132240513483,-0.009631710004230791,-0.0046979449920465655,0.0453831,-0.0052676084,0.0,-0.0052676084,0.0,-0.00658909,-0.004097861,0.0
2024-10-11,0.0042120824,0.00929717558644712,0.013368509133275664,0.01109054062610492,0.018219945682722807,0.006630222456622869,0.011386369373163204,0.0005375090027446225,-0.0031370644745911808,-0.006811637951926984,-0.0027434459418866934,0.0038288417415429806,0.004918892146088183,0.004782436248215838,0.0024910534,0.0042120824,0.0,0.0042120824,0.0,0.0042120824,0.0042120824,0.0037818255
2024-10-14,-0.009452591,-0.021214393619745968,-0.02325473274251926,-0.010411028600335121,-0.011251018122679592,-0.00865290041577071,-0.01327557477975013,-0.010378901575625038,-0.011305212199554038,-0.012231522823483039,-0.011873136389888184,-0.0072920898060005864,-0.012060566607397051,-0.009152312503660553,-0.0208533,-0.009452591,0.0,-0.009452591,0.0,-0.009452591,-0.009452591,-0.008436984
2024-10-15,0.00901141,0.004391844579707831,0.0002718629714360092,0.008210419432427734,0.006591856263836661,0.007198210509065539,0.0002546404275785121,0.00826427882181894,0.007517147583299206,0.006770016344779469,0.007479287546255971,0.007846670604176355,0.007787450511982157,0.009052148732735077,0.019575404,0.00901141,0.0,0.00901141,0.0,0.00901141,0.0055259746,0.00066236296
2024-10-16,-0.020969087,0.006649774778336287,0.009764676586970139,-0.02425153411716223,-0.03399441170565846,-0.00898552678084001,-0.013142287924998976,-0.0275433199711761,-0.03411755198587897,-0.04069178400058184,-0.034429046679749074,-0.001277230541822557,-0.013349297843788833,-0.010975424111043353,-0.040250327,-0.020969087,0.0,-0.020969087,0.0,-0.020969087,-0.020969087,-0.020969087
2024-10-17,0.003252952,0.000346183564737439,-0.005217033069294583,-0.0005525253738835455,-0.00549729476759016,0.003425659218691289,0.0005968560385271673,0.0001659831186699122,-0.002920985540200323,-0.006007954199070558,-0.0038699451039590025,0.00271478666986208,0.003535347337707539,0.0035868013575850455,0.0022316964,0.003252952,0.003252952,0.003252952,0.003252952,0.003252952,0.003252952,0.004605507
2024-10-18,-0.0029271075,-0.002049808311518282,-0.002237076182792938,-0.003540291895866394,-0.005379845198418762,-0.0006005562146380544,-0.008572976223739136,-0.002344470341298346,-0.0017618331789590199,-0.0011791960166196943,-0.0020357794939881635,-0.004936351182343379,-0.0025136931841685016,0.0023847678700716912,-0.00797269,-0.0029271075,-0.0029271075,-0.0029271075,-0.0029271075,-0.0029271075,-0.0029271075,-0.00038640518
2024-10-21,-0.002930785,-0.004302596867028624,-0.007883306365095044,-0.0027951614655926825,-0.0026893559522718283,0.004333816365916282,0.004691156140194981,-0.0006201971891054638,0.0016903906854432566,0.004000978559991977,0.0039742813389098686,-0.003695313959678267,0.0004101118369197307,-0.0021128356963675543,-0.009407663,-0.002930785,-0.002930785,-0.002930785,-0.002930785,0.0011015384,-0.00034123115,0.0
2024-10-22,0.0068552294,0.015162499984372406,0.01736871523612779,0.0057602393344230955,0.002475270311672854,-0.0025390131623484196,-0.0021480085887847222,0.008584259360450194,0.010313289514051503,0.012042319667652809,0.01204743000001438,0.006762146875232587,0.0060550268718295485,0.0068959623349655885,-0.0016256592,0.0,0.0068552294,0.0068552294,0.0,0.0006172559,-0.0010486627,0.0
2024-10-23,-0.008902703,-0.017141823326647283,-0.010034262501839307,-0.018251433547474445,-0.011291582384911666,-0.0066843061612918975,-0.004964272748269145,-0.009899314771360353,-0.010895925781597586,-0.011892536791834817,-0.016852925372245846,-0.010436466834378785,-0.010347176646940747,-0.008902703753847163,-0.007846553,-0.008902703,-0.008902703,-0.008902703,-0.008902703,-0.008902703,-0.008902703,0.0011548835
2024-10-24,0.011346622,0.009609235988110303,0.003110167914995174,0.0069560450055822735,0.007257281511974217,0.00033463159427046764,0.0012852865737739225,0.008959105501212435,0.006571588515826081,0.00418407153043973,0.0025934967917783055,0.003250280032822738,0.011307459418788891,0.011346622530254535,0.008183751,0.011346622,0.011346622,0.011346622,0.011346622,0.011346622,0.0014886579,0.0
2024-10-25,0.0040310086,-0.012673740734346212,-0.003222960920383197,-0.014041579638551922,-0.008445104736533407,-0.004210299197398126,-0.0005727648131938741,0.00018745361611355164,-0.0036561011682615416,-0.007499655952636637,-0.009057380969305345,0.003599196392278752,0.0077478277676908125,0.004031008371384814,0.015716258,0.0040310086,0.0040310086,0.0040310086,0.0040310086,0.0058651953,0.0048793266,0.0020392279
2024-10-28,0.01149556,0.02189711817743257,0.02711995673963106,0.01420383682563901,0.022328662823283697,-0.01101244859194383,-0.0019033607800312078,0.012411239706644496,0.013326918539989154,0.014242597373333816,0.013176481834245779,0.0010608732178728818,0.014536006328522817,0.01124475205290043,-0.0054501956,0.01149556,0.0,0.01149556,0.0,0.01149556,0.01149556,0.0
2024-10-29,-0.022219792,-0.013202170187495648,-0.01324564021789442,-0.026518713973090052,-0.025605264573479832,-0.00883414578134194,-0.005478542823434315,-0.02220883177944932,-0.022197872132575288,-0.022186912485701253,-0.02216719560151529,-0.011272221281949085,-0.024326656976799397,-0.028219223812336658,-0.03771906,-0.022219792,0.0,-0.022219792,0.0,-0.022219792,-0.008042862,0.0
2024-10-30,-0.010960229,-0.023152280901856722,-0.02346727031216323,-0.010750331611260771,-0.010452263445912904,-0.002558814296256751,0.0005581895405799911,-0.0053285394851332,0.0003031493634489493,0.005934838212031095,0.002079964362862908,-0.009900961137366989,-0.017428769979795273,-0.010872790084249573,-0.025603896,-0.010960229,0.0,-0.010960229,0.0,-0.010960229,-0.010960229,-0.00924937
2024-10-31,0.022093182,0.031030669414550065,0.031219159062904393,0.01842915876738727,0.007437084378203773,0.009855169855561107,-0.006234360484189632,0.014519544149947551,0.00694590528814721,-0.0006277335736531355,0.01167267525712801,0.024574215260616407,0.030010553974319586,0.022093183011747897,0.015998937,0.022093182,0.0,0.0,0.0,0.022093182,0.022093182,0.022093182
2024-11-01,-0.017567031,-0.007005391829013824,-0.007005392171896015,-0.01785259125897661,-0.017852591599629236,-0.018146782614327967,-0.024621155580129422,-0.018593202999992155,-0.019619375321946752,-0.02064554764390135,-0.01954843606272454,-0.006622747761854543,-0.010585493360519069,-0.03172898798804935,-0.017162042,-0.017567031,0.0,-0.017567031,0.0,-0.017567031,-0.017567031,-0.001857522
2024-11-04,0.010508138,0.004355574396662414,-0.009836154416856254,0.004822597393989563,-0.0122340241175318,0.005473688640333712,0.005616706943179546,0.00681206253184311,0.0031159873085902633,-0.0005800879146625844,0.005880469555777274,0.0122042143113446,0.012374654863114384,0.010556649958743947,0.04627169,0.010508138,0.0,0.010508138,0.0,0.010508138,0.010508138,0.010508138
2024-11-05,0.022470191,-0.001819989423099905,-0.0674108762706446,0.005305408824663609,-0.04618894049154789,0.020894942204765975,-0.020294019895782563,-0.005406636217682883,-0.03328346361467481,-0.06116029101166673,-0.020710084043101963,0.014266427276793217,0.02628769338638945,0.021749855988602906,0.03387215,0.022470191,0.0,0.022470191,0.0,0.022470191,0.022470191,0.008566871
2024-11-06,-0.015534914,0.0018394476452842355,0.0003358713185462412,-0.01841264045940712,-0.02084734611297521,-0.014567562093455343,-0.018153211961680595,-0.018637708273632172,-0.0217405020411307,-0.024843295808629224,-0.023341266782706323,-0.006832633724115741,-0.0060685264761559665,-0.013592402869798015,-0.03750628,-0.015534914,0.0,-0.015534914,0.0,-0.015534914,-0.015534914,-0.015534914
2024-11-07,-0.010874384,-0.019964197862669827,-0.020058669047547353,-0.01060056543353945,-0.01070939976881779,0.0009715567456372084,0.0008073775415749866,-0.011807985802656667,-0.012741587289628896,-0.013675188776601127,-0.014048804237581657,-0.0006879195295649216,-0.017441832135558468,-0.021159506520757265,-0.009636773,-0.010874384,-0.010874384,-0.010874384,-0.010874384,-0.010874384,-0.010874384,-0.010630878
2024-11-08,-0.00024351012,-0.022439023924767973,-0.022615314377782855,-0.0047441304442845285,-0.003957615698100011,-0.0037090029337629674,0.0008271448957914288,-0.0025820659038579465,-0.004920621688098908,-0.007259177472339869,-0.006652440787947517,0.007725599570391601,-0.015184381170282988,-0.024884691929118574,-0.056889027,-0.00024351012,-0.00024351012,-0.00024351012,-0.00024351012,-0.00024351012,-0.00024351012,-0.005471611
2024-11-11,-0.010471949,-0.016902767832223328,-0.01338821338692893,-0.006196167073566466,-0.009403003253649332,-0.011532399336900562,-0.015590200571460707,-0.010594893571939509,-0.01071783819751852,-0.01084078282309753,-0.011687447226498494,-0.00906839413009553,-0.011095119136470287,-0.04649845667561481,-0.053737756,-0.010471949,-0.010471949,-0.010471949,-0.010471949,-0.010471949,-0.010471949,-0.009375273
2024-11-12,0.0056239883,-0.0010154538697190584,-0.00354629766244484,-0.002301899204328656,-0.0038768507638392872,-0.0009835325236991046,-0.001463174685530407,0.004684156681448032,0.0037443250213559658,0.0028044933612638994,0.0027312098908685626,0.0032822563515230224,0.005973728835074738,0.005502440376400575,-0.040431555,0.0056239883,0.0056239883,0.0056239883,0.0056239883,0.0056239883,0.0062730554,0.005492462
2024-11-13,0.031587098,0.050867376345898954,0.04024111952194375,0.028334074616190044,0.025951675172154905,0.01145714042911306,0.008489350158261265,0.03034130374593551,0.029095508184654312,0.027849712623373123,0.029726073391268055,0.02079019238566136,0.04247604690555652,0.0030782036836591864,-0.037347216,0.031587098,0.031587098,0.031587098,0.031587098,0.031587098,0.031603854,0.0006836076
2024-11-14,-0.013532037,-0.026129491024427114,-0.025324673978503038,-0.016463126475289466,-0.018601615178953312,-0.01324286293040961,-0.013520557527644233,-0.008879631549601046,-0.004227226183780606,0.0004251791820398354,-0.003842588511021071,-0.008311599869568982,-0.013623279497154389,0.008453052404248762,-0.016130218,-0.013532037,-0.013532037,-0.013532037,-0.013532037,-0.013110872,-0.013556525,0.0022423344
2024-11-15,0.005738569,0.003286969836037606,0.004937284570122759,0.0009675186927989125,0.00022230019239462316,0.0018559697081148624,0.0031926546104799752,0.005098595470229424,0.004458621924356147,0.0038186483784828683,0.0028226122431549896,-0.00011414050591657338,0.008685562726829875,0.00916772714685532,0.0037778628,0.005738569,0.005738569,0.0,0.0,0.0059547606,0.0076815113,0.0
2024-11-18,-0.009946683,0.005557444309461862,-0.0007397293227092115,-0.006904073000513017,-0.009186030785745994,8.585637167096141e-05,-0.005429417609407988,-0.009646823623260536,-0.009346963766582419,-0.009047103909904299,-0.0005675680949598612,-0.010860608823993758,-0.009641312708316202,-0.009587124596272645,0.0040780962,-0.009946683,-0.009946683,-0.009946683,-0.009946683,-0.009946683,-0.00083548925,0.0
2024-11-19,0.0047934623,0.008709371019788087,0.008728458499731683,0.005573124483656138,0.005132988750016569,0.01671163591699675,0.016222460526436847,0.004484223201749635,0.004174983827154663,0.003865744452559688,0.003061578192594762,0.005757161254837483,0.007567472414071248,0.0037949337986953324,0.0025347369,0.0,0.0047934623,0.0047934623,0.0,0.0045879977,0.0015231564,0.001065417
2024-11-20,0.0055929366,-0.00495831014379859,-0.00393697140247751,0.003343324630688876,0.003738307214315392,0.0031867781144194304,0.00334418527931522,0.0017364869312487723,-0.0021199629038363334,-0.005976412738921439,-0.0049747376757635,0.0047953159053590105,0.0039593931276943875,0.006253568787259134,0.01991348,0.0055929366,0.0055929366,0.0055929366,0.0055929366,-0.0008312381,0.0021858,0.00094071246
2024-11-21,0.01577171,0.021376899496931584,0.01496266494292485,0.012255714470278472,0.008682583893030182,0.010968086343221366,0.00484596267895606,0.014869438174408285,0.013967166791659564,0.01306489540891084,0.014332356644743749,0.015662028868348978,0.021685045659118753,0.035078493742005445,0.061689742,0.01577171,0.01577171,0.01577171,0.01577171,0.01577171,0.013842824,0.007011267
2024-11-22,-0.03625252,0.04163034574110061,0.03795052466943105,-0.04450315806686878,-0.05463802323213103,-0.015906863573174924,-0.02176658085804091,-0.04452084948451702,-0.05278917822341391,-0.061057506962310805,-0.050166167678646185,-0.037445921398221636,0.0068507076632654765,-0.03611478396487655,-0.08029601,-0.03625252,-0.03625252,-0.03625252,-0.03625252,-0.03625252,-0.03625252,0.020923764
2024-11-25,-0.013321017,-0.0030778356132283805,0.005916735200239712,-0.006160623011216521,-0.0019334918967906234,-0.012757202266678213,-0.011669989341446906,-0.015200730268778793,-0.017080443855245694,-0.018960157441712595,-0.018551088247238577,-0.017149962525256777,-0.016368181401313367,-0.013321016806003172,-0.036535304,-0.013321017,-0.013321017,-0.013321017,-0.013321017,-0.013321017,-0.013321017,-0.013321017
2024-11-26,0.010466969,-0.008832235515937209,-0.018414107826144388,0.005694282740317285,-0.0027434129626226836,0.00865158082421869,0.0004952073078711844,0.009722667477526111,0.008978365965121176,0.00823406445271624,0.009606333556244805,0.013747128087686546,-0.0014271661035970538,0.019049901120170354,0.04345172,0.010466969,0.010466969,0.010466969,0.010466969,0.010466969,0.010466969,-0.004847155
2024-11-27,0.015081531,0.013127730914559215,0.012505949883431781,0.009682631561029702,0.004478255403455569,-0.005601532769221812,-0.008307041770307846,0.012603206857348798,0.010124882230086264,0.007646557602823728,0.011285802620262075,0.010725247943950847,0.015808979159390384,0.03463454592468462,0.032062672,0.015081531,0.015081531,0.015081531,0.015081531,0.014349707,0.0073673874,-0.00047913825
2024-12-02,-0.008714908,-0.00648239102249965,-0.0006008400015218521,-0.0024357227367348966,0.000950707676229649,0.04757025221619755,0.04821138623349383,-0.00907134440044066,-0.009427780940032267,-0.009784217479623873,-0.009413835687786233,-0.0014570735838699855,-0.013014889164531435,-0.014432262843812715,0.009529439,-0.008714908,-0.008714908,-0.008714908,-0.008714908,-0.008714908,-0.0076871165,-0.0063131694
2024-12-03,0.0059518334,-0.042802014847286046,-0.029634398030875173,-0.022895457300301642,-0.005009486236333437,-0.008908245821706951,0.0030922488721044504,0.0046047505498277115,0.0032576674794536262,0.0019105844090795414,-0.00042042382384252334,-0.0005495282254028696,0.005679023462686349,0.001575171862667979,0.0019716588,0.0059518334,0.0059518334,0.0059518334,0.0059518334,0.00198885,0.0020731215,0.0039919275
2024-12-04,0.03028222,-0.02068334130384028,-0.004390057998168897,0.009063115660883487,0.005507780633787512,0.008209445753842592,0.001102978051200321,0.02956632325697813,0.02885042710773892,0.028134530958499708,0.02888984371828148,0.025850467786734777,0.025241434066133068,0.030843235721556894,0.054037716,0.03028222,0.03028222,0.03028222,0.03028222,0.03028222,0.011940242,0.011009263
2024-12-05,0.016123401,0.005379829911515117,0.007732599115064983,0.010029312760680914,0.012973560435930566,0.027380248603522776,0.0244748637524145,0.01495871357850748,0.013794025923088543,0.012629338267669607,0.012525358540181417,0.009375895790712971,0.006031583313068203,0.031185129835540337,0.04367714,0.016123401,0.016123401,0.016123401,0.016123401,0.0029433663,0.003749141,0.0009555719
2024-12-06,0.013283322,0.031475462233237925,0.026609883557282984,0.011155058630649,0.012751256096802603,-0.014067354009971023,0.0020426142652399527,0.013152596716080857,0.013021871507188434,0.012891146298296012,0.012241696816412082,0.002892911350264032,0.016576935960487888,-0.002857394713005057,-0.023107361,0.013283322,0.013283322,0.013283322,0.013283322,0.012966646,0.0044577112,-0.000344488
2024-12-09,0.0037546752,0.023046370369382202,0.014066191752618487,0.013802340688034893,0.007885000122770361,-0.0005390165470354259,-0.003885639552891003,0.0027377213261718263,0.0017207674968381156,0.0007038136675044035,0.0003919460395984441,0.0003094128339745353,0.006153396039735526,0.0012185182886819135,-0.00522278,0.0037546752,0.0037546752,0.0037546752,0.0037546752,0.0014325766,0.0,0.0
2024-12-10,0.011142463,-0.01822038928087801,0.0036488743593617624,-0.0025479935566894707,0.007719849621048826,-0.0003577317166700959,0.007631127293266407,0.010085144912538304,0.009027826110726594,0.007970507308914885,0.0011822182280755754,0.0060997333068131335,0.011052447798746552,0.018530927416539722,0.020705912,0.011142463,0.011142463,0.011142463,0.011142463,0.0021563708,0.0021563708,0.0
2024-12-11,-0.04600051,-0.08032186773646623,-0.08471402425073181,-0.04159129463285208,-0.043319686823755685,-0.021413167362064122,-0.0234609585833568,-0.04556735837274141,-0.04513420442865982,-0.044701050484578224,-0.04486630574395345,-0.02691788590219775,-0.07791570524727418,-0.05930096454345035,-0.08328196,-0.04600051,-0.04600051,-0.04600051,-0.04600051,-0.04487965,-0.040367857,-0.042901598
2024-12-12,0.018721728,0.01953404206048697,0.01811992853034559,0.021411755077652632,0.020572640048016726,0.01244442388087511,0.011603524770136982,0.01465975086716465,0.010597773730745448,0.00653579659432625,0.011269364119592895,0.017546638706423215,0.020367199504239993,0.01887429677181718,0.04766112,0.018721728,0.018721728,0.018721728,0.018721728,0.007403546,-0.0020348576,0.0
2024-12-13,0.003412293,0.01977790101861581,0.012448363317309117,0.010943248150460421,0.009648765797723027,0.012134460706915706,0.011005449782377023,-0.00014461259291990297,-0.0037015182232394556,-0.007258423853559006,-0.0032607293518623474,0.0041319897808215055,0.002586172215259549,0.00825210889398642,0.013681323,0.003412293,0.003412293,0.003412293,0.003412293,0.0007505524,0.00017431338,0.00017431338
2024-12-16,-0.004827345,-0.02425596623018384,-0.026619297021236183,-0.0025605235124006864,-0.0027450280126090597,-0.013091848405636847,-0.010495951388335166,-0.00192654374882222,0.0009742570596259679,0.003875057868074155,0.001352305028042713,0.0015274431586467464,-0.009639002690726723,0.001412677422132802,-0.015913533,-0.004827345,-0.004827345,-0.004827345,-0.004827345,-0.013736299,0.00029643695,0.0
2024-12-17,-0.0035738035,-0.0019525442812032999,-0.004323008538829344,-0.010134439145103096,-0.006098712926926526,-0.00823242956455797,-0.0034483800433437566,-0.0037174889431006355,-0.0038611744222505177,-0.0040048599014004,-0.00407471328766129,-0.004828155460530224,-0.005237774458840827,-0.005300808744557184,-0.047824305,-0.0035738035,-0.0035738035,-0.0035738035,-0.0035738035,-0.0019413043,-0.0019413043,0.0
2024-12-18,-1.6852224e-05,0.020576730183959006,0.02718118347597045,0.003868277276363224,0.009693868836475777,0.007203536497261375,0.01069366141625869,-0.009894305799244104,-0.019771759374708202,-0.029649212950172307,-0.016704156845977872,-0.014455942817358583,0.0037875955755060364,-0.00019918941062391227,-0.011197271,-1.6852224e-05,-1.6852224e-05,0.0,0.0,-1.6852224e-05,-0.009127374,0.0032340097
2024-12-19,-0.017121894,-0.02092621994700283,-0.021799503349361968,-0.016139116046521813,-0.013190777926312876,-0.013801424478609116,-0.008079966804912518,-0.01205014624677557,-0.006978397335353407,-0.0019066484239312481,-0.011471322105240996,-0.014824154360905303,-0.01904634164476936,-0.007970317799781412,0.07626524,-0.017121894,0.0,-0.017121894,0.0,-0.017121894,-0.017121894,-0.010317563
2024-12-20,0.0019849422,-0.00474365173170343,-0.008199038961319944,-0.00048379282377660274,-0.0015943492163041743,0.005329169942159206,0.005235293979597991,0.00167364987898481,0.0013623574027764218,0.0010510649265680332,0.0013571628322218477,0.0017989124017988769,0.0034721401244909933,0.0033079888964557824,0.00037269352,0.0019849422,0.0,0.0019849422,0.0,0.0019849422,0.0021154783,0.0016217355
2024-12-23,0.0028900548,0.005773122119419277,0.0050170713990417394,0.005575593756269663,0.004178437215054922,-0.001737749700807035,-5.1786781195505265e-05,0.001958378780431494,0.001026702667648733,9.502655486597154e-05,-0.0025595072182067148,0.000942938156930456,0.0038643270953219715,-0.0018435080978833618,0.0042374646,0.0028900548,0.0028900548,0.0028900548,0.0028900548,0.0013956397,0.002292449,0.002292449
2024-12-24,-0.0007156158,0.008864101134054362,0.0025376071588330594,0.008810134101416916,0.009469907418576597,0.005963075978569686,0.00469759006337311,0.0013932786967694288,0.003502173203433956,0.005611067710098483,0.0031476607546905375,-0.0012054877129868261,-0.003509482762522319,0.008568134137154182,0.079752356,-0.0007156158,-0.0007156158,-0.0007156158,-0.0007156158,0.0,0.0,0.0
2024-12-26,0.050679382,0.04900605172831565,0.050136780868333425,0.04889378611439839,0.046926436656502875,0.03492867788270116,0.03549283245855511,0.055962686503076786,0.061245991884272266,0.06652929726546776,0.060355410389849366,0.047160560626341726,0.03524149967653845,0.06474415908736653,0.17309631,0.050679382,0.050679382,0.050679382,0.050679382,0.026165465,0.015233016,-0.0010673943
2024-12-27,-0.0055615325,0.00930547151690349,0.0099690305103121,0.002211816584188491,0.016990804092662928,0.039905893365219235,0.05042272598595471,0.0076637495001126614,0.02088903133651252,0.03411431317291239,0.012816799501324569,-0.008212236089862995,-0.0030266779739494356,-0.00624834161479404,0.010065958,-0.0055615325,-0.0055615325,0.0,0.0,0.003098156,-0.0019605467,-0.0019605467
2024-12-30,0.0060385577,-0.0057907606035098435,0.0008495934048266983,-0.0054413826557062565,0.003168572891170382,0.005571746022608131,0.008271242117190332,0.00552483555785155,0.005011113144806737,0.004497390731761924,0.000153253841834608,0.002806753619983416,0.00377573812676763,0.006074444957675951,0.0032071117,0.0060385577,0.0060385577,0.0060385577,0.0060385577,-0.00011216905,0.0,0.0
2024-12-31,0.022797901,0.0226290598718822,0.009174496313580617,0.0164084056494385,0.004620066705867848,0.013547357567287982,0.0015848340264525782,0.015807970268883514,0.008818039354400252,0.0018281084399169871,0.012462245910530145,0.014609437471606306,0.02560523659393022,0.022838725464680465,-0.0062811105,0.022797901,0.022797901,0.022797901,0.022797901,0.013556957,-0.00026415003,0.0
2025-01-02,0.007418757,-0.004474555296134204,-0.02075018642819431,0.002777458143848926,-0.009575497145539047,0.00593839100824669,0.000620806520866408,2.2701696747123076e-05,-0.007373353561809006,-0.014769408820365133,-0.0018757334229350109,0.007034718180455263,0.0066718411451967595,0.0170522821525938,0.040598437,0.007418757,0.007418757,0.007418757,0.007418757,0.007418757,-9.657613e-05,0.0
2025-01-03,0.028514627,0.02613627968337387,0.048050580149167285,0.032120854065101595,0.03212085258842408,0.027322117790207268,0.025976487465205093,0.018965378439227853,0.00941612892912103,-0.00013312058098579726,0.015421877429573247,0.025309054956110407,0.02354442935585129,0.0170929909679427,-0.0021196557,0.028514627,0.028514627,0.028514627,0.028514627,0.028514627,0.028514627,0.024353145
2025-01-06,0.018033119,0.02921252327248454,0.05438740505382428,0.022623754360005258,0.03639566659634632,0.017648147685416043,0.021640274209938318,0.013317928814428894,0.008602739525226947,0.0038875502360250004,0.011068745101719086,0.019292097550576103,0.019718731179918073,0.017883030638109254,-0.059111778,0.018033119,0.018033119,0.018033119,0.018033119,0.0104104495,-0.00014143695,0.0
2025-01-07,-0.011770998,0.05787973457224667,0.057879729751318915,0.056119273088164626,0.17907009931295143,0.04857873535804451,0.11570714210545567,-0.012540205979139468,-0.013309414063351076,-0.014078622147562685,-0.013275338043081408,-0.008159715822550777,-0.0168628174229525,-0.020489522677343608,-0.04693234,-0.011770998,-0.011770998,0.0,0.0,-0.008483393,0.0,0.0
2025-01-08,-0.012458692,-0.08455322049587966,-0.08639530958669882,-0.009733087582550943,-0.009935096139250796,-0.008841717983298004,-0.008744303248290987,-0.009299145428602697,-0.006139598785246019,-0.00298005214188934,-0.004100609691349431,-0.024740790767876306,-0.029265769953119823,-0.012079892418114468,-0.079534635,-0.012458692,-0.012458692,-0.012458692,-0.012458692,-0.012458692,-0.036678873,-0.012667402
2025-01-10,0.004062783,0.04585102946218103,0.0343836461166711,0.03560879022654146,0.023035038557862274,0.02339368746927008,0.015248038505724548,0.007699384221470315,0.011335985353474238,0.014972586485478157,0.0155912299230779,-0.010061407859471912,0.016935960608746182,0.004062783111294266,0.00016746286,0.004062783,0.004062783,0.0,0.0,0.0,0.0,0.0
2025-01-13,0.024770554,0.029086271205209194,0.029086270931725302,0.022889048929549752,0.017244531863964775,0.016353525209408255,-0.009151210055322396,0.017380454072704977,0.00999035468879057,0.0026002553048761643,0.015682343515860727,0.015830675433864187,0.02691756930964237,0.024770553420239594,0.06207956,0.024770554,0.024770554,0.024770554,0.024770554,0.024770554,0.012814232,0.0
2025-01-14,0.04034574,0.022004281391557308,0.007644889793506183,0.005804760240446776,-0.09781817318787665,0.015714521029461175,-0.05613069448962242,0.020309133797182133,0.00027252807933164603,-0.019764077638518847,0.01712392885384657,0.038914844188212984,0.03424017484702,0.040345739493204746,0.055975426,0.04034574,0.04034574,0.04034574,0.04034574,0.04034574,0.033977777,0.008109793
2025-01-15,0.0037410692,-0.004298887576740235,-0.02592670751214487,-0.00044401120537891983,-0.007355131564218433,-0.01153632918169722,-0.022960001103312713,-0.000187353133493067,-0.0041157754399608094,-0.008044197746428554,-0.001352218970336794,0.0038432174489947653,0.002358191037042574,0.0037410691438708454,0.005548667,0.0037410692,0.0037410692,0.0037410692,0.0037410692,0.0037410692,0.0037410692,2.359206e-05
2025-01-16,0.03537804,-0.08945129472088069,-0.4458290853394849,-0.02896300538234413,-0.19616142218381885,-0.013795875160396098,-0.10812689500521408,0.02729292787720433,0.0192078151249696,0.011122702372734876,0.019262994828200167,0.02238930437712125,0.028915162938011975,0.031693310084337956,-0.017719654,0.03537804,0.03537804,0.03537804,0.03537804,0.03537804,0.0061062,0.0
2025-01-17,0.029684411,0.029786620575282724,0.0263954214283539,0.028818502668105067,0.026220775861946703,0.013544579148106277,0.008449132109449366,0.021638701429325974,0.013592991147592432,0.005547280865858893,0.019659366280139475,0.028905578077919318,0.031638502836523745,0.02689178824301086,0.12284475,0.029684411,0.029684411,0.029684411,0.029684411,0.029684411,0.029684411,0.029684411
2025-01-21,0.012698096,0.024352671948485078,0.03540334149231403,0.02352706135459244,0.049786778778408425,0.019640525707267223,0.03787410936372245,0.006701358974035269,0.0007046219577256582,-0.005292115058583955,0.003379857762180638,0.006859927821984411,0.013427624354054304,0.013104506877950506,0.023201691,0.012698096,0.012698096,0.012698096,0.012698096,0.012698096,0.005838196,-8.140414e-06
2025-01-22,-0.01593104,-0.0011432403491437437,0.0028828681099573503,-0.005330628390926868,-0.008418809661041375,-0.00803628034107387,-0.007811937717242075,-0.015803808804423655,-0.015676577443832745,-0.015549346083241839,-0.015498298859761778,-0.010227573383391378,-0.01735503989038989,-0.016068181432251194,-0.011803813,-0.01593104,-0.01593104,-0.01593104,-0.01593104,-0.0025453465,-0.0025453465,-0.0025453465
2025-01-23,0.008976277,0.003818256018962711,0.006558014545060416,-0.0013781242353841663,-0.004203574013222909,-0.003972462344951928,-0.004308932091238176,0.008385501727391715,0.007794726025172938,0.007203950322954162,0.007459047473169146,0.004664500087423761,0.012711961143015123,0.008984781190897184,-0.010422242,0.0,0.008976277,0.008976277,0.0,0.008976277,0.006291967,0.0006625909
2025-01-24,-0.14463566,-0.16050102748461068,-0.23477158004261406,-0.15422690130556002,-0.1830005906826991,-0.12816818877786398,-0.13508910741198277,-0.11838672338643814,-0.09213777909770152,-0.0658888348089649,-0.10933755181382764,-0.1273027149556522,-0.14458415709351272,-0.1607211091761469,-0.22752324,-0.14463566,-0.14463566,-0.14463566,-0.14463566,-0.14463566,-0.14463566,-0.14463566
2025-01-27,0.030161519,0.04584077951474115,0.04584077963759674,0.0350904924769327,0.03509049365145862,0.02755874370254576,0.02567691217350053,0.026996576175581447,0.023831633281938297,0.020666690388295147,0.023904452505119883,0.02707923664291472,0.035475019798402424,0.030211692999728257,0.023488957,0.030161519,0.030161519,0.0,0.0,0.030161519,0.030161519,0.030161519
2025-01-28,0.015090321,0.03917714806709439,0.05681668673285635,0.014858543569855392,0.014735276258634215,0.016744237672239544,0.015851601187685856,0.01548203123694142,0.01587374128322761,0.016265451329513795,0.016230383355603555,0.006127864134631282,0.022542287450580095,0.01527326222634251,-0.014901571,0.0,0.015090321,0.015090321,0.0,0.018267885,0.0053418423,0.0
2025-01-29,0.013230884,-0.02295823818806559,-0.09778445360692509,-0.00752835170276463,-0.03731461998157954,0.003532720892392099,-0.03339785022694634,0.009262658856164155,0.005294433381049808,0.0013262079059354606,0.004567208900607685,0.012506585899833271,0.012122106611390005,0.009339789113043118,-0.02593294,0.0,0.013230884,0.013230884,0.0,0.009319112,0.0016680644,0.0
2025-01-30,0.00931177,0.011584281476438045,0.009504686050863131,0.006409705870077014,0.0011883942105010044,0.009404729677792639,0.00514569660090127,0.0038881175560926567,-0.0015355347439547041,-0.0069591870440020645,-0.00034489849288802527,0.0040756876055940165,0.007405429215974765,0.005170799452966612,-0.0011064468,0.00931177,0.00931177,0.00931177,0.00931177,0.00931177,0.00931177,-0.0009231641
2025-01-31,-0.067098856,-0.06258878508845345,-0.001407210810390403,-0.052796393166389316,-0.00988901728874318,-0.04546461249092594,-0.01634308702308574,-0.04188942024836441,-0.016679987143783517,0.008529445960797372,-0.03733973479693719,-0.05452009205472461,-0.07533326621633023,-0.06705731055626529,-0.0028515374,-0.067098856,-0.067098856,-0.067098856,-0.067098856,-0.067098856,-0.067098856,-0.0154359145
2025-02-03,0.0002992759,-6.167612539604303e-05,-6.16757846550694e-05,-0.004565911353919655,-0.01916147224320468,-0.009945687895268202,-0.02129760430049653,-0.0005434592664587035,-0.001386194443864879,-0.002228929621271054,-0.001789620023345258,-0.002991905081949984,0.0025168821173296736,-0.0006652169770533511,0.024683788,0.0002992759,0.0002992759,0.0002992759,0.0002992759,0.0018268378,0.0,0.0
2025-02-04,-0.0037088739,-0.0016056532230600716,-0.0016056538397983076,-0.002094922062568366,-0.00016317428414829548,-0.00990387355532497,-0.010508609585472499,-0.003030620476835163,-0.0023523670782311583,-0.0016741136796271541,-0.001158101936477255,0.0015133565269673586,-0.001313507055271078,-0.002183694714346096,0.011661366,0.0,-0.0037088739,-0.0037088739,0.0,-0.0013811337,0.0013257349,0.0
2025-02-05,0.016034296,0.009087578465342522,0.009087578632569636,0.008502391575276852,-0.014093316296191684,0.015605742216277868,0.01692345135028485,0.012944683199244552,0.009855070732457567,0.006765458265670581,0.007354618651331477,0.01699558795542327,0.015272093754769723,0.016913354924604107,0.019465672,0.016034296,0.016034296,0.016034296,0.016034296,0.011844139,0.0068110786,-0.000781417
2025-02-06,0.02987654,0.010336033114865422,0.010714843152384653,0.027802476110830903,0.02538833433210832,0.01815335713297129,0.01204085968536528,0.02837272226204078,0.026868904574753855,0.025365086887466932,0.02576616956320576,0.014166522073459769,0.014709325264927678,0.03143031402451735,0.0043558665,0.02987654,0.02987654,0.02987654,0.02987654,0.02987654,0.0064312727,-0.0013578917
2025-02-07,0.017606065,0.011582973990403117,0.011390036076278932,0.010750281961802393,0.0091681167160035,0.009985510370731353,0.010537370573029378,0.012424369905894642,0.007242674843512518,0.002060979781130391,0.0028949797359236664,0.01293350716070281,0.020459751993290743,0.017623627804094433,0.026747214,0.017606065,0.017606065,0.017606065,0.017606065,0.007190115,0.0028024288,0.0
2025-02-10,-0.0076598832,0.0056619763115793465,0.009478003667393731,-0.009363125581536442,-0.011882307710114236,-0.019450079668015242,-0.021409593990347316,-0.0039032599354219743,-0.00014663686529940581,0.0036099862048231636,-0.00036789912889830575,-0.007186913895611547,-0.002383773314597254,-0.00021083073158401078,-0.020482937,-0.0076598832,-0.0076598832,-0.0076598832,-0.0076598832,-0.0076598832,-0.0076598832,-0.0060625426
2025-02-11,-0.002414233,0.01953158100793138,0.0682301973274609,0.010541077296622098,0.03254090136011543,-0.015702619513925164,-0.001454259926193106,0.0038820787016901003,0.010178390338205324,0.016474701974720545,0.020575466008306093,-0.007473688861354912,-0.0009580705293708225,-0.003489762117995898,0.014115064,0.0,-0.002414233,-0.002414233,0.0,0.0016493546,0.0013444568,0.0
2025-02-12,0.018991647,-0.004336675233505666,-0.016939947828810253,0.012715595575012267,0.001090281634623218,0.019585562637913972,0.01647863328045611,0.0157427965379491,0.012493945089203026,0.009245093640456954,0.012629098231782751,0.018309634253400722,0.008911284402182156,0.02830799721711852,0.018815003,0.018991647,0.018991647,0.018991647,0.018991647,0.018991647,0.0008866367,-8.870175e-05
2025-02-13,0.018848265,0.005743156149741262,0.0047886358978918775,0.0071403329956159,-0.0035885132793354113,0.003413170505948365,-0.0027740807586502216,0.018080143870924104,0.017312022453450537,0.016543901035976978,0.01610609220468511,0.005231619810933052,0.011164438881149348,0.016858844419378016,-0.018098379,0.018848265,0.018848265,0.018848265,0.018848265,0.018848265,0.004529216,0.0033589927
2025-02-14,0.012091553,0.012138537435904146,0.010552606978531325,0.005763613374140114,0.000737155513736285,0.010856705414764583,0.005118115253396315,0.008940531624430804,0.005789510817632104,0.002638490010833404,0.0055274399735408975,0.008224758266594632,0.015304999370974572,-0.0017048059651356695,-0.022698946,0.0,0.012091553,0.012091553,0.0,0.012091553,0.012480416,0.0056841727
2025-02-18,0.0068812994,-0.0005979833196103571,0.015347719188003782,0.01134971266116947,0.02321350669531724,0.00798587729420513,0.01325587992143473,0.008689649799438039,0.010498000403064926,0.012306351006691812,0.010514928429798632,-0.000724932604079715,0.001431791884401304,0.003962823226564716,0.009351535,0.0,0.0068812994,0.0068812994,0.0,-0.0018642627,-0.010462704,-0.0034607567
2025-02-19,-0.003379705,0.011764104666300118,0.017521224575213677,-0.00030691369932144864,0.004341350992917259,-0.007943653261512518,-0.006166607281690488,-0.0020136693296104718,-0.0006476338210679683,0.0007184016874745357,0.00016323453393405707,-0.0011881298202524346,-0.0014029182514853098,-0.011123349562925267,-0.047269665,-0.003379705,-0.003379705,-0.003379705,-0.003379705,-0.003379705,-0.0005025044,0.00044310128
2025-02-20,-0.013994438,0.002072888530958444,-0.003554144505167441,-0.017505700653716923,-0.020032627620167037,-0.004288932863529772,-0.01064525700500433,-0.014484364792550334,-0.014974292117328154,-0.015464219442105973,-0.01504762531047421,-0.005671728685452823,-0.00028725761962546527,-0.021768042968248302,-0.079594746,-0.013994438,-0.013994438,-0.013994438,-0.013994438,-0.013994438,-0.013994438,0.0036773826
2025-02-21,-0.0051144045,0.00511452888801694,0.01499516513037574,0.0037874315629526974,0.0026373948321559656,0.0017998571737483143,-0.0006035015168970497,-0.009765150923070814,-0.014415897245096676,-0.019066643567122538,-0.015385210544781504,0.000940784647888363,-0.0066917906853963035,-0.0050729652830341365,-0.048248895,-0.0051144045,-0.0051144045,0.0,0.0,-0.0027542806,0.0,0.0
2025-02-24,0.009957894,7.808317866176361e-05,-0.005146867514151368,0.014057444978673011,0.02452569922105048,-0.00467413698066026,-0.007352835691861813,0.00923639348154617,0.008514893386153683,0.0077933932907611955,0.008286149863145404,0.005761260399799388,0.008530084510460834,0.002691369615225536,-0.00089549983,0.009957894,0.009957894,0.009957894,0.009957894,0.010579776,-0.0010994289,0.0
2025-02-25,0.029159328,0.03018604241048917,0.019515648740260377,0.023741235375311226,0.01564065924529525,0.019930162396915255,0.015950005721784406,0.023023341689159687,0.01688735517653369,0.010751368663907693,0.020425505566661596,0.024574525415737136,0.03391650031130252,0.02920568243280286,0.045556005,0.029159328,0.029159328,0.029159328,0.029159328,0.029159328,0.029159328,0.0072867475
2025-02-26,0.017993215,0.020940863864663987,0.022704531311004767,0.01925117585312575,0.021364683749215733,0.020631403883155434,0.024848877173300518,0.013322161094205977,0.008651106775113496,0.0039800524560210165,0.00665250491237454,0.02078656066100712,0.022135917441284455,0.016408258169926526,-0.03606003,0.017993215,0.017993215,0.017993215,0.017993215,0.0060237325,0.0045797485,0.0045797485
2025-02-27,-0.020061465,-0.020047572478894146,-0.03584445436153948,-0.04030338815676048,-0.07722059793610062,-0.027442061871718614,-0.0546015535098747,-0.02169978872106781,-0.02333811164698374,-0.02497643457289966,-0.02412638796749765,-0.010759522615030161,-0.013287468009035696,-0.00937441014880136,-0.0014207701,-0.020061465,-0.020061465,0.0,0.0,-0.016844196,-0.007390972,-0.0019266376
2025-02-28,0.008599436,0.013632466331701726,0.01363246669571216,0.00120545196197927,-0.020976501470203506,0.00277900260604918,-0.015281941454799474,0.004761304695740608,0.0009231731898603681,-0.0029149583160198718,-0.0015214077928330564,0.002520996598719431,0.013497617978348649,-0.007341226015686875,-0.058396652,0.008599436,0.0,0.008599436,0.0,0.009428912,0.0019848684,0.0
2025-03-03,-0.027581759,-0.04571971297748387,-0.04571971090943339,-0.03341812393885106,-0.05092722522604416,-0.03081298629079014,-0.03081298592776521,-0.019856919997393058,-0.012132082012524636,-0.004407244027656215,-0.01263333181615247,-0.022497581449478915,-0.0291820588553409,-0.02722044763593434,0.01058558,-0.027581759,-0.027581759,0.0,0.0,-0.027581759,-0.01528399,-0.0062262737
2025-03-04,0.007887831,-0.0057024013742432,-0.02199300429036547,0.002835302168726921,-0.012322285927651326,0.0038956435563229025,-0.008010456549924603,0.007131948124608953,0.0063760652332399,0.0056201823418708455,0.0066503414185397035,0.008267855906315758,0.006997055134905333,0.007929638915811665,0.0120151695,0.007887831,0.0,0.007887831,0.0,0.007887831,0.007887831,0.007887831
2025-03-05,-0.013706598,-0.008778302793167532,0.007899660994017316,-0.0036208672091364857,-0.007382906962603401,-0.0013039901896752418,-0.004976049208249876,-0.009026500997468368,-0.004346403564064773,0.0003336938693388222,0.01645609509780264,-0.01067586524702942,-0.01835344980830665,-0.014502869740841806,-0.010405853,-0.013706598,0.0,-0.013706598,0.0,-0.0005689344,0.0,0.0
2025-03-06,-0.0037427498,-0.0028338765961304305,0.0020291240385137644,-0.00040661776354536383,0.00564662665461038,-0.00222230919200927,-0.0024318883518268386,1.456177719486463e-05,0.003771873473573281,0.0075291851699516976,0.0019546674715679715,-0.0032527959422100337,-0.0034956496388820757,-0.005173814798842713,0.009162885,-0.0037427498,0.0,0.0,0.0,-0.0024892136,0.0005275289,-2.2996177e-05
2025-03-07,-0.041948583,-0.062104681842383,-0.06210468355586483,-0.04388229160133749,-0.0496834229387021,-0.029961335892155768,-0.021423041092536406,-0.02275913345268848,-0.003569683695489817,0.015619766061708855,-0.009028307989730852,-0.037762001531901374,-0.04497516485333273,-0.05482711295301135,-0.059151705,-0.041948583,0.0,-0.041948583,0.0,-0.017823707,0.0,0.0
2025-03-10,0.003832181,0.0004549020293541251,-0.0028763907058272295,0.0030419534057937563,0.000671271116891357,0.0030841402747668325,0.00500996281590705,0.005813000364776439,0.007793819745234622,0.009774639125692805,0.0070234651010710565,0.0038566186971859206,0.002188403718173504,0.0029093462649685264,0.03335991,0.003832181,0.0,0.0,0.0,0.003832181,0.003832181,0.003832181
2025-03-11,0.050078478,0.05126400983396918,0.05052739720724301,0.055092741083055737,0.055092740396714,0.04848317924272269,0.05272179739678639,0.03173620837075989,0.013393937517635141,-0.004948333335489604,0.02074323266745958,0.047366985243662466,0.05189243120839819,0.04876788241114216,0.06363892,0.050078478,0.0,0.050078478,0.0,0.050078478,0.050078478,0.050078478
2025-03-12,-0.0045251395,-0.015923018178846688,-0.020854158641267266,-0.004106857974901795,-0.0035264120679361567,-0.000684947240259498,-0.0034002944969421887,-0.004696553467931666,-0.004867967473660544,-0.005039381479389422,-0.004819300854072537,-0.0031615621197590414,-0.008908428668721833,-0.008126329070143434,-0.031760287,-0.0045251395,0.0,-0.0045251395,0.0,-0.0045251395,-0.0045251395,-0.005327599
2025-03-13,0.021884246,0.0045498578317835926,-0.015420017468713215,0.014195263290069997,-0.008871681393625984,0.03334678782705218,0.019688353717926994,0.0091025210846473,-0.003679203454074169,-0.01646092799279564,-0.001508231074112673,0.015743480638937834,0.016178163348443127,0.02192909428049461,0.055185143,0.021884246,0.0,0.0,0.0,0.021884246,0.021884246,0.021884246
2025-03-14,-0.00058134797,0.0014236709892190991,0.001027525130059111,-0.004784407642707229,-0.003507552218201573,-0.008112709806598723,-0.005841837871897914,-0.0009113273447468131,-0.001241306723858267,-0.001571286102969721,-0.0024953012033070683,-0.0010425854785383203,-0.000947858820754019,-0.000581347914703656,-0.0040171654,-0.00058134797,0.0,-0.00058134797,0.0,-0.00058134797,-0.00058134797,0.0
2025-03-17,-0.017647862,-0.022852754607107492,-0.01857218868778579,-0.015413990048933774,-0.008712370974455153,-0.0014565408139117061,-6.266266778849963e-05,-0.013736404312225888,-0.00982494578261094,-0.0059134872529959925,-0.009435187443527743,-0.014870060229472763,-0.022289665167177602,-0.020075731247614748,-0.049472947,-0.017647862,0.0,-0.017647862,0.0,-0.017647862,-0.017647862,-0.0040573683
2025-03-18,0.014233872,0.0030240063995495437,-0.020095354027726702,0.009279842858426273,-0.005582243855113021,0.003293528539687395,-0.018441571055578185,0.00881800053100948,0.0034021292332542816,-0.0020137420645009174,0.004239737700797112,0.01713530661130997,0.014640431876548312,0.02736317314738912,0.043926504,0.014233872,0.014233872,0.0,0.0,0.014233872,0.014233872,0.014334412
2025-03-19,-0.01743642,-0.007789439882915467,-8.189038209564792e-05,-0.012237533033136279,0.0019181925965110896,-0.00792302041111514,0.011197848548557508,-0.00822184253215924,0.0009927357717017795,0.010207314075562798,-0.002743554342063445,-0.016773857386167563,-0.016081149155401032,-0.012687625875823283,-0.0025120627,-0.01743642,0.0,-0.01743642,0.0,-0.01743642,-0.01743642,-0.01743642
2025-03-20,-0.019574707,-0.026875334221702067,-0.050134164172321916,-0.020921807864513246,-0.02336481290010121,-0.015272688016127795,0.0008268805206282526,-0.009312869821766654,0.0009489674394050941,0.011210804700576848,-0.001612483608871541,-0.019407544940888675,-0.01997644265330481,-0.016570542865917748,0.010485101,-0.019574707,-0.019574707,-0.019574707,-0.019574707,-0.019574707,-0.01737139,-0.0075657456
2025-03-21,0.028320668,0.0200696391354315,-0.0022165429697165555,0.01449265822045505,-0.015952915460769743,0.020393654834832995,-0.002851076627444083,0.00958959344860583,-0.009141481600842485,-0.027872556650290793,-0.0038148467435579554,0.028378261606303478,0.028720180324109442,0.032746922738217776,0.062155478,0.028320668,0.028320668,0.028320668,0.028320668,0.028320668,0.020082664,0.0
2025-03-24,-0.0081400825,-0.01715987537784502,-0.027375654380350438,-0.013814091299697757,-0.02706442524773097,-0.007212926872037351,-0.02097918402980479,-0.01253594237615583,-0.016931802339446647,-0.02132766230273746,-0.015382130714652748,-0.00468473282396937,-0.008978239639492873,-0.006628157930276046,-0.006722794,-0.0081400825,-0.0081400825,-0.0081400825,-0.0081400825,-0.0081400825,-0.0081400825,0.001682693
2025-03-25,0.004674035,0.002630186229702085,-0.009478713296860267,-0.0017876871782168745,-0.018248961594838353,0.005938799800649285,-0.00404922456978902,0.004251470121558168,0.00382890494401263,0.00340633976646709,0.0038611883083537746,0.005095613173166172,0.008482998675158756,0.005230413738623874,-0.023720393,0.0,0.004674035,0.004674035,0.0,-0.0009978474,-0.0009978474,0.0
2025-03-26,-0.0041476246,-0.0038445360961556433,-0.006600942543789449,0.0021057378497719766,-0.0008424697392011645,-0.00417602953357622,-0.009489024802496913,-0.003777636625264169,-0.003407648769990268,-0.003037660914716366,1.4207273435419727e-06,-0.0025265739268357035,-0.006523116439877246,-0.003500861165526281,-0.005866849,-0.0041476246,-0.0041476246,0.0,0.0,0.0,0.0,0.0
2025-03-27,-0.0006552664,0.0012768594195879997,0.008934134845851737,0.004359008266758174,0.013319018712489167,-0.002656213252637535,0.006935841603473424,0.0017096310695463828,0.004074528537191086,0.006439426004835788,0.004111548815730997,0.0005264684083358076,-0.0022395748327570884,-0.0006149233886389993,-0.03404382,0.0,-0.0006552664,-0.0006552664,0.0,-0.00031981192,0.0,0.0
2025-03-28,-0.00225416,0.030670512662958352,0.009159221740479482,0.03251709778189659,0.00643865468518625,0.03202310532540083,0.006367881081375629,-0.00036227658019551134,0.0015296066696539323,0.003421489919503376,0.021543602137972857,-0.0011856148736101944,-0.0009344647395085882,-0.0022541598009411246,0.009456208,-0.00225416,-0.00225416,0.0,0.0,0.0,0.0,0.0
2025-03-31,0.006210989,0.014893510632440448,0.014635983086248933,0.004982332325037569,0.0012963620204385108,0.0008749314010143283,-0.014740156344754502,0.01042220962618273,0.014633430399238697,0.018844651172294665,0.012637788274802957,0.008503972073804602,0.007357992385302415,0.006210988809471019,0.01624893,0.006210989,0.0,0.006210989,0.0,0.006210989,0.006210989,0.006210989
2025-04-01,-0.010220788,0.025869887161180376,0.03254096910889652,0.013286520203948021,0.011507824464817532,0.006045874732919038,-0.00212066311345298,-0.005674824934732655,-0.001128861333803315,0.003417102267126027,0.013369123640105418,-0.006910226417906022,-0.010001971472097053,-0.010220788572041783,0.006569391,-0.010220788,0.0,-0.010220788,0.0,0.0,0.0,0.0
2025-04-02,-0.00040283604,0.018906214928366243,0.00174879311124259,0.0385528522901237,0.00933608726651433,0.04491635487731546,0.009838704027308427,0.0004589906635720824,0.001320817368902002,0.00218264407423192,0.07982050634765744,0.003119159190110566,-0.006215116907630791,-0.00040283605630975217,-0.004139887,-0.00040283604,0.0,-0.00040283604,0.0,-0.006549967,-0.006549967,0.0
2025-04-03,-0.053811543,-0.02807985524216667,0.05945237676779017,-0.03373795717291534,0.013931955182800939,-0.03265939679384232,0.027811177323841196,-0.023570247517233064,0.006671048935902677,0.03691234538903842,-0.009913781209402244,-0.055932395715935855,-0.05738438981775702,-0.053811544050404336,-0.015720192,-0.053811543,-0.053811543,0.0,0.0,-0.053811543,-0.053811543,-0.053811543
2025-04-04,-0.04733417,-0.02257304138522595,0.026458526170608038,-0.012050657545048743,0.005232047863248104,-0.006536359043959528,0.005635091005162347,-0.029317476895026277,-0.01130078195844474,0.006715912978136803,0.012077881140690009,-0.03185036402035792,-0.054795585504987025,-0.04573429020970732,-0.00930718,-0.04733417,0.0,0.0,0.0,-0.037062477,-0.01963811,-0.005201897
2025-04-07,0.057133276,0.035772335936483,-0.028010155056324922,0.034557398163881155,-0.033170241154603916,0.03860460379011929,-0.029662156193887304,0.02004035153689186,-0.017052574455135562,-0.05414550044716297,-0.008807569978135513,0.05125521536028162,0.057546374159441756,0.054154239454721864,-0.05065417,0.057133276,0.0,0.057133276,0.0,0.057133276,0.057133276,0.057133276
2025-04-08,-0.008581439,-0.02022548835987225,-0.023705445576171956,-0.003949772831201554,0.006086404077998289,0.0005224267506226898,0.022161492860001908,-0.0026697174552178763,0.0032420045883762077,0.009153726631970293,0.0010988299274453679,-0.01253621588064482,-0.014055714415470984,-0.0004900207059019834,0.16622919,-0.008581439,0.0,0.0,0.0,-0.008581439,-0.0068129716,0.0
2025-04-09,-0.019812355,-0.0009279603303410113,-0.013689163668936317,0.005547846280727535,-0.01049624927435163,0.012453879728876054,-0.001711396273910414,-0.01187821214356794,-0.003944069934810677,0.003990072273946586,0.03328594370659139,-0.017657546561749973,-0.018691503876735543,-0.021232618786442004,-0.041694727,-0.019812355,0.0,-0.019812355,0.0,-0.0069351117,-0.0014310371,0.0
2025-04-10,-0.00044942476,0.0026698477330431344,0.0085470317208839,1.4041900541633678e-05,0.0006569428577112542,0.005485983339846134,0.004618329508685286,0.001593894504643977,0.0036372137643489993,0.0056805330240540216,0.003300008039393582,0.001189774235618474,0.0006296015291644093,-0.0004078533675055951,0.026990484,-0.00044942476,0.0,0.0,0.0,-0.00044942476,0.00025609916,0.00095130666
2025-04-11,0.009310033,-0.01884348083078861,0.0025935917373140693,-0.014557282581496984,0.0033432041263740876,-0.011271928041540086,0.005042672037980107,0.006714748551729533,0.004119464105713046,0.0015241796596965583,-0.02446981240684295,0.00587287063068292,0.009146213202356276,0.00814887319527946,0.026261073,0.009310033,0.0,0.009310033,0.0,0.009310033,0.009310033,0.009310033
2025-04-14,-0.0008507329,-6.664290800690795e-06,-0.00021929941574177375,-0.0071761219671554865,-0.005723436645530452,-0.0075955551702715455,-0.007037129350481942,-0.0016966966021227411,-0.002542660329421748,-0.0033886240567207555,-0.003918166929118689,-0.0008534220253190387,-0.0002161317081613972,-0.012411473909176074,-0.008610449,-0.0008507329,0.0,-0.0008507329,0.0,-0.0008507329,-0.00084298034,0.0006983002
2025-04-15,-0.035336375,-0.002286301912162453,-0.0044622927508742565,-0.028337215376384554,-0.030029690667537662,-0.01944033830575645,-0.019837210357873742,-0.03092262076453188,-0.02650886745670575,-0.022095114148879616,-0.01812352365708154,-0.011333362409599344,-0.031018120880154043,-0.03520982205373002,-0.063892625,-0.035336375,0.0,-0.035336375,0.0,-0.035336375,-0.035336375,-0.00062883267
2025-04-16,-0.005021429,0.002706587004531175,0.004671196315798058,-0.004449273096751421,-0.003755416074890652,0.0009633332510665059,0.009196389464198393,-0.009915112741993956,-0.014808796387173667,-0.019702480032353382,-0.012809616533018577,-0.00604277544329362,-0.0027740610255436466,-0.004005131400496076,0.0125223845,-0.005021429,0.0,0.0,0.0,-0.005021429,-0.005021429,-0.005021429
2025-04-17,-0.016854774,-0.011548325987886637,-0.005896859315190501,-0.012525293043907731,-0.006020956599414046,-0.01682712711315602,-0.008298885664806074,-0.0076919250007714286,0.001470925078448811,0.010633775157669051,-0.0012756815749123329,-0.01463347926641853,-0.016487930149940606,-0.033819759960338924,-0.05505996,-0.016854774,0.0,-0.016854774,0.0,-0.016854774,-0.016854774,-0.008278187
2025-04-21,0.024276111,0.01775179563526064,-0.006279241370661275,0.01658287789989263,-0.006496821419714857,0.013881300402246416,-0.00925323800889478,0.010459805581070873,-0.0033564991814933353,-0.017172803944057548,0.002148593584564933,0.02443001027198209,0.02672371745363555,0.017642783237588056,0.05677341,0.024276111,0.0,0.0,0.0,0.024276111,0.024276111,0.024276111
2025-04-22,0.055720616,0.027291419405601917,-0.012527383798213934,0.04215866531096399,0.01454374151771578,0.033544354083389044,0.009000702550783689,0.03294787796780684,0.010175141549822565,-0.012597594868161711,0.01151847605810007,0.05296107168307618,0.04828678585948761,0.05593940994758295,0.050130345,0.055720616,0.0,0.055720616,0.0,0.055720616,0.055720616,0.025298502
2025-04-23,0.0095045045,0.010026494196671992,0.021525302505280737,0.01317319022461772,0.0188286751056142,0.011412648439519108,0.011505489899232405,0.0061451819808285395,0.0027858589941761828,-0.0005734639924761761,0.0038853994209559007,0.010056345395936155,0.007059256930369883,0.01806840288372147,0.07693425,0.0095045045,0.0,0.0095045045,0.0,0.0095045045,0.0095045045,0.003955954
2025-04-24,-0.014659858,0.0030153493161126973,-0.001443124640394913,-0.0055053943771123885,-0.007791246523720926,-0.003948633558209985,-0.007826975951762611,-0.014974307187141388,-0.0152887557163043,-0.015603204245467215,-0.015933646309708258,-0.013397625213400183,-0.0098172160087746,-0.02374494567838603,-0.01454779,-0.014659858,0.0,-0.014659858,0.0,-0.014659858,-0.00225404,0.004530201
2025-04-25,0.0075229877,0.013281644277386368,0.014080761634452127,0.004533000756893307,0.006015009325833457,-0.00041342595800757413,0.001733255490318746,0.006725442638368398,0.005927897609265628,0.0051303525801628565,0.003741558404113077,0.000787557012228592,0.011760485304561866,-0.001242111975078064,-0.018016525,0.0075229877,0.0,0.0075229877,0.0,0.007104952,0.0057951473,0.00089392776
2025-04-28,0.0014422421,-0.04169700833993033,-0.038993786305017285,-0.0036701192522980274,-0.0015939427335086485,-0.003365861865133047,-0.0030749231331260816,0.002295740350628164,0.0031492386367430623,0.00400273692285796,0.006188680991755968,-0.002806934181552118,-0.014424009204164825,0.003443590531321483,-0.01837452,0.0014422421,0.0,0.0014422421,0.0,0.0014422421,0.00011043655,0.00021220403
2025-04-29,0.0004398803,0.024533782840874045,0.006522531309278696,0.022533869986385107,0.006282137912502111,0.02575190102186054,0.0071163124402616705,0.002672801297613551,0.00490572229584519,0.007138643294076829,0.02028217128582936,0.0020853878303770264,0.0008616189673458316,0.0004815600077563431,0.003088322,0.0004398803,0.0,0.0004398803,0.0,0.0004398803,0.0004398803,-6.137189e-05
2025-04-30,0.02089902,0.02844489704782143,0.0557128584342713,0.02842344953648746,0.03955870802405377,0.030281515980251132,0.040459971937430554,0.009100657031534294,-0.002697705490257482,-0.014496068012049258,0.0014741419697970604,0.021205395078977667,0.019922843826299705,0.027545223946126463,0.023703607,0.02089902,0.02089902,0.02089902,0.02089902,0.02089902,0.02089902,0.016041344
2025-05-01,0.023638237,0.009213235857598484,0.0039325683719138105,0.007589135714508593,0.0026046598019491894,0.0064752573842927815,0.005334261721349024,0.01731144626717629,0.010984654917373991,0.0046578635675716944,0.0029973206137158875,0.02139842481623369,0.023251664877699862,0.025031223548746873,0.013794284,0.023638237,0.0,0.023638237,0.0,0.023638237,0.008826511,0.0013347357
2025-05-02,-0.00773157,-0.00012454184727743282,0.004497539670352746,-0.00047277264559641465,0.007360814243949977,-0.0014886021372862157,0.0027218033165273357,-0.0015327125842072456,0.004666144995327217,0.010865002574861678,0.003597708958037822,-0.008377114484050594,-0.008789207810663023,-0.011886588460679803,-0.020905675,-0.00773157,-0.00773157,-0.00773157,-0.00773157,-0.00773157,-0.00773157,-0.0074963374
2025-05-05,-0.016425498,-0.0015839327618107201,0.0006277041801638589,-0.012553981562703848,-0.008697645495019887,-0.015185979439709335,-0.010418605086754313,-0.009066035091359066,-0.0017065725856346848,0.005652889920089701,-0.0004441791988739679,-0.011346649481942687,-0.015800131422425197,-0.019763145024601858,-0.013384099,-0.016425498,-0.016425498,-0.016425498,-0.016425498,-0.016425498,-0.0041781147,0.0007486738
2025-05-06,0.0033905325,0.005256834660824388,-0.0012307264268399498,-0.01639899704521522,-0.028057824287004863,0.009473681910000743,0.004463117406063853,0.0013740449044052129,-0.0006424426438026891,-0.002658930192010591,-0.002300456056536862,-8.585737393225739e-05,0.00754745948467065,-0.009588552483493551,0.00034760626,0.0033905325,0.0033905325,0.0033905325,0.0033905325,0.0033905325,0.004631371,0.003462176
2025-05-07,0.007497812,0.009976198477372527,0.010878944029843872,-0.0050263866552338,-0.0029535927066972555,-0.006034985474869609,-0.0029902124352624206,0.004551486038400545,0.0016051599211669254,-0.0013411661960666954,-0.006820646483951065,0.0005055763625256935,0.012089487488000566,0.005982785510554756,0.01632986,0.007497812,0.0,0.007497812,0.0,0.007497812,0.007846546,0.0025507296
2025-05-08,0.014213493,0.01708160036912188,0.015032214288621082,0.002670407736171037,-0.015064488034588236,-0.0036242093184031543,-0.012436193019030931,0.011225336136943008,0.008237179645699073,0.005249023154455142,0.00835887413714199,0.011347843103206705,0.020544077847576277,0.013604774926973207,-0.0081385765,0.014213493,0.014213493,0.014213493,0.014213493,0.014213493,0.014213493,0.018566042
2025-05-09,0.048443295,-0.009619505738671869,-0.008879172573734617,0.014419923291709274,0.009089781857074552,0.005163402472063899,-0.0018948450064812765,0.030472226292449993,0.012501157697934688,-0.00546991089658061,-0.006643430009033952,0.02919334361014033,0.024559496672273695,0.018130239149856564,0.021857047,0.0,0.048443295,0.048443295,0.0,0.015616826,0.0008570974,0.0008570974
2025-05-12,0.006350173,0.016938937997724862,0.015171790725808555,-0.0038596502973884343,-0.010652798951283772,-0.0045447437951713805,-0.007879981627043684,0.00527958206163399,0.004208990974010082,0.0031383998863861737,0.0037001852387274,0.005487045446625149,0.012676760089710692,0.006437309999455465,0.011400376,0.006350173,0.006350173,0.006350173,0.006350173,0.006350173,0.006350173,0.008558963
2025-05-13,-0.0119734565,-0.008233724341448397,-0.005319003776391202,-0.019728624648656698,-0.013912248595633702,-0.011845473877862096,-0.009015927617199403,-0.01230923015498905,-0.012645003655746103,-0.012980777156503157,-0.016248505812816123,-0.008458472757429586,-0.007557883081873032,-0.011969465939711377,-0.021378648,-0.0119734565,-0.0119734565,-0.0119734565,-0.0119734565,-0.0119734565,-0.0119734565,-0.0119734565
2025-05-14,-0.0017712524,0.014675548670105636,0.00843697963921377,0.00983059060383588,0.0033779504410838936,0.014641514831781388,0.0054880910112262435,-0.0010704521018232078,-0.0003696518341382686,0.00033114843354667086,0.002842081359424314,0.0009456233302096015,-0.0015004599996080452,0.00040483400887936227,0.035030767,-0.0017712524,-0.0017712524,-0.0017712524,-0.0017712524,-0.0017712524,-0.0017712524,-0.0017712524
2025-05-15,0.00024167914,0.0006447977383434774,0.000685238272325753,-0.0006934872027859092,-0.0001249850225710197,-0.0033193460150435566,-0.0007478277318300862,-0.00018880878035851928,-0.0006192967001523296,-0.00104978461994614,-0.0034699770383802915,-5.53052774948194e-05,0.0002640078638002953,0.002011617762726736,0.008192646,0.00024167914,0.00024167914,0.00024167914,0.00024167914,0.00024167914,0.00024167914,0.00024167914
2025-05-16,0.006285073,0.05157655491236597,0.0255305970737038,0.035744912186395375,0.013650033578072086,0.027807969879060982,0.007389724456725477,0.007541672349062885,0.008798271753533085,0.010054871158003287,0.02270629554659697,0.006331307249937505,0.014012385876214301,0.006365346667735139,0.009899207,0.006285073,0.006285073,0.006285073,0.006285073,0.006285073,0.006285073,0.006285073
2025-05-19,0.0066971644,-0.031066186738032846,-0.03106618527950676,0.002539034979119897,-0.002147190869342967,0.002891403895635158,0.0019139322760478939,0.008223791454075199,0.009750418408949519,0.011277045363823839,0.010402696466827609,-0.004551129817863262,0.002347770445472138,0.00692458139588048,-0.039465994,0.0066971644,0.0066971644,0.0066971644,0.0066971644,6.122325e-05,6.122325e-05,6.122325e-05
2025-05-20,0.0016208373,0.015420348720792681,0.006864350432754586,0.012991954444143921,0.007909931415359393,0.009419784875623883,0.0011576929137069134,0.0030337575349878515,0.004446677757318317,0.0058595979796487825,0.013018627061933448,0.00021571129450421414,0.0011962025722658096,0.0018325939022751925,-0.013473511,0.0016208373,0.0016208373,0.0016208373,0.0016208373,0.0016208373,0.0,0.0
2025-05-21,-0.012801755,-0.02608725168550387,-0.026623368970512578,-0.01058633209593594,-0.011964054131635543,-0.002082371831424534,-0.0060598767820036524,-0.012934882600177547,-0.013068010329903106,-0.013201138059628668,-0.013577901663658591,-0.004305124495458812,-0.02163252345159311,-0.012394086493696221,0.0015973074,-0.012801755,-0.012801755,0.0,0.0,-0.010222526,0.0,0.0
2025-05-22,-0.013434382,0.0030949574636667965,0.009420013235117307,0.006322344507519156,0.01497885559067863,0.01492695277640596,0.02424631797257789,-0.004890623400993782,0.0036531357610036673,0.012196894923001115,0.006414831556356693,-0.011360573467432676,-0.014841466933615845,-0.005685355493405098,0.03327942,0.0,-0.013434382,-0.013434382,0.0,-0.00728982,-0.0033016359,0.0
2025-05-23,0.03886396,0.007434122950937599,-0.016091145973056244,0.015997805084064603,-0.006407324383558283,0.018611794396676123,0.0016331804035348658,0.024502153887082087,0.010140347586281991,-0.004221458714518105,0.016534198729613685,0.03613831014861916,0.03888991117392751,0.029545550486408168,0.029738788,0.03886396,0.03886396,0.03886396,0.03886396,0.03886396,0.03886396,0.03886396
2025-05-27,0.0011996827,-0.0166405011414364,-0.0145984035314583,-0.007929303520657122,-0.01017102435868274,-9.557485025376081e-05,-0.0015617396569724581,2.9971246547605846e-05,-0.0011397402157344294,-0.002309451678016465,-0.001421549771351259,0.00037479454373131444,0.000909848208539187,-0.00029752337757749103,-0.010470127,0.0,0.0011996827,0.0011996827,0.0,-0.00012123093,0.00055890926,0.0
2025-05-28,0.008566018,-0.00676532158197835,-0.0051553155121548426,-0.002020905795805156,-0.0026128674123022336,0.003970912432074546,0.0027564298772982817,0.00258012924223521,-0.003405760058735735,-0.00939164935970668,-0.008759921451193382,0.0068130558848171,0.005746824981179088,0.009409150916727782,-0.023864444,0.0,0.008566018,0.008566018,0.0,-7.664181e-05,0.0,0.0
2025-05-29,0.0024763825,0.03720401671923697,0.03891295243700517,0.009567340241912753,0.019569591861154215,-0.008161136678792535,-0.002860573358397491,0.003386919603329225,0.004297456555292157,0.005207993507255089,0.004398989632425712,-0.004723654719119403,0.014318466409829192,0.006749268109575546,-0.017944809,0.0024763825,0.0024763825,0.0024763825,0.0024763825,0.0024763825,0.0024763825,0.017390491
2025-05-30,-0.0012322196,0.02293971610458568,0.0210782225070427,0.004282511060293764,0.004798015760656823,0.0037795471542701126,0.004116199884387125,0.00034257883380737,0.0019173773529494523,0.0034921758720915337,0.002207643048964476,0.0002906429441498162,0.005284059126014737,-0.0005982150103216455,-0.012488174,-0.0012322196,-0.0012322196,-0.0012322196,-0.0012322196,-0.0012322196,0.005006685,0.0013647617
2025-06-02,0.002228705,-0.006604571722280234,-0.004662960317993665,-0.0038590395698323847,-0.00210838945429441,-0.011401441471278667,-0.007870154621372126,0.0021693373086974083,0.0021099696377515913,0.0020506019668057734,0.0019259462579038012,0.000750111534768088,0.0028524820174259903,0.0014593910037712376,0.03618757,0.0,0.002228705,0.002228705,0.0,0.0018400016,0.00086732605,0.0
2025-06-03,0.004954105,0.005535944327469915,0.006134681812357267,0.001313872144985944,0.0027390658406819647,0.004973354219961912,0.005873670642787437,0.0039622816544009325,0.0029704587059993207,0.001978635757597709,0.0010169064803810849,0.0038660893806398743,0.005913556589406321,0.005617887207336025,0.0078072543,0.0,0.004954105,0.004954105,0.0,0.0010171852,0.0,0.0
2025-06-04,-0.0009066642,-0.024541460487879814,-0.02124222396299341,-0.008482832893766463,-0.008497756326791821,0.0027857824924215676,0.003269249420670103,-0.0031373863168865437,-0.005368108454135059,-0.007598830591383574,-0.00727252530326059,0.0034941876080236316,-0.004035478156186979,-0.023288895657583186,-0.05523605,-0.0009066642,-0.0009066642,-0.0009066642,-0.0009066642,-0.006756016,0.0016099139,0.0
2025-06-05,0.03219392,0.031216035228744148,0.029011241923917425,0.02070613629154861,0.018132915514451443,0.010797114105932416,0.00614060013613667,0.024231224794384432,0.016268527151041413,0.008305829507698394,0.014330802639450363,0.025014671846509788,0.03445254560581154,0.06213483075445403,0.0564349,0.0,0.03219392,0.03219392,0.0,0.03219392,0.023489663,0.007386293
2025-06-06,0.06215251,0.09946332995511592,0.09932536226695017,0.06676192247398198,0.06882350889400105,0.0434999239721708,0.049778972895101525,0.06068152318791529,0.05921053726391953,0.05773955133992376,0.05905898956684352,0.057925087407655534,0.0734061045043001,0.06291190198804752,0.050269563,0.06215251,0.06215251,0.06215251,0.06215251,0.06215251,0.06215251,0.06215251
2025-06-09,0.024511596,0.03973115505393594,0.03735561722707878,0.019127307784240693,0.01502273340281997,0.002277337927669287,0.00010188897595766978,0.023022049956001114,0.02153250418971434,0.02004295842342756,0.021529616434252687,0.009807962926856125,0.03867538771486249,0.012781386086848645,-0.01802943,0.0,0.024511596,0.024511596,0.0,0.021672627,0.018999703,0.0
2025-06-10,0.021976752,0.016576679146029054,0.015780045915976905,0.010128219308964908,0.010657996252654612,0.017946958407126366,0.014937699852665352,0.02029109988598737,0.018605448380198834,0.016919796874410302,0.017346369879074734,0.014295958267997916,0.028451341818171466,0.026367273337494446,0.026171291,0.0,0.021976752,0.021976752,0.0,0.013666106,0.0123135885,0.0
2025-06-11,-7.049594e-05,0.004468573420010507,0.0036044499115339833,0.01103203749600798,0.02195712473865662,0.006248042085506022,0.01471611735333898,0.0010093358618838981,0.0020891676621843666,0.0031689994624848356,0.0024794293188902467,0.0028373382565052094,0.0033856725457801734,-0.0031941072439130025,-0.010727949,-7.049594e-05,-7.049594e-05,-7.049594e-05,-7.049594e-05,-7.049594e-05,0.0024226045,0.0
2025-06-12,-0.007714439,0.023626674071121963,0.025977215481298152,0.00494475100165233,0.010963217360581314,-0.010457069644145667,-0.003330187873458213,-0.0021741281845281757,0.0033661826980019138,0.008906493580532002,0.006187569486035858,-0.009648291501951881,0.0027878494689833723,-0.007618656141858082,-0.038630616,-0.007714439,-0.007714439,-0.007714439,-0.007714439,-0.007714439,-0.000814398,0.0050771865
2025-06-13,0.01987986,0.01292034833656624,0.013098450550330303,0.00880810699975118,0.007367493791958579,0.024597798138502984,0.024878007834884107,0.01496857884384052,0.010057296767780805,0.0051460146917210875,0.00847050157763106,0.014520646827377064,0.023274999947964465,0.019879860905348323,0.03283012,0.01987986,0.01987986,0.0,0.0,0.016117018,0.003418988,0.0
2025-06-16,-0.009253938,-0.01909822118725628,-0.015329897221506942,0.0007699036839976907,0.0116971562496505,-0.0006084900352358816,0.0024707001802858606,-0.006355943611499434,-0.003457949239113461,-0.0005599548667274868,-0.0033882278245184493,-0.011021591457663312,-0.020889906071930784,-0.021696876230684836,-0.03599946,0.0,-0.009253938,-0.009253938,0.0,-0.009253938,-0.010754238,-0.011187008
2025-06-17,0.0059604687,0.001279247039631009,-0.0006480995295654671,0.0010962208497151734,-0.0006813312212314857,0.0020890390159562233,0.0019587653953295706,0.004348553463784705,0.0027366383754940833,0.0011247232872034626,0.0018458768215086734,0.004669431130126753,0.006131949391089041,0.004471148467597441,0.0324589,0.0059604687,0.0059604687,0.0059604687,0.0059604687,0.003908839,-7.208e-07,0.00073278975
2025-06-18,0.02627057,0.03316311638534069,0.03379316720058686,0.023789542669802904,0.02229036926408784,0.01207587163746357,0.007179644116058943,0.022146796625731692,0.01802302348366043,0.013899250341589172,0.016814489155738445,0.02043320858366794,0.029142012254504315,0.01585910519454936,-0.011135328,0.0,0.02627057,0.02627057,0.0,0.01544745,0.0051907822,0.0
2025-06-20,-0.055515166,-0.08409592816408723,-0.08460964907849179,-0.051523972825706005,-0.0521858059785789,-0.03636240177184343,-0.03732657422136412,-0.056843321194031675,-0.05817147671449451,-0.059499632234957335,-0.05921127742787705,-0.047474750791070164,-0.0569696598040702,-0.06813428866211613,-0.061677966,-0.055515166,-0.055515166,-0.055515166,-0.055515166,-0.048717882,-0.0009157989,0.0
2025-06-23,0.021142844,0.017412942731399088,0.0010314144019041207,0.010467362099755555,-0.0019963702332342834,0.02851314764559269,0.04186610351356415,0.01371973110675846,0.006296617346090019,-0.0011264964145784222,0.007395633391727229,0.0191345436357018,0.02450448894471099,0.027771005734365417,0.04074179,0.021142844,0.021142844,0.021142844,0.021142844,0.021142844,0.021142844,0.008961136
2025-06-24,0.010171438,0.0025049256390705706,0.0023046278122480874,0.01602096161775291,0.017276098440929578,0.02153103580787778,0.02548317300378343,0.008131943744587524,0.006092450318818538,0.00405295689304955,0.0053773176575218,0.010733664922785945,0.005165240168571472,0.0024507224560199603,-0.039366536,0.010171438,0.010171438,0.010171438,0.010171438,0.010171438,0.003002061,-0.0015097971
2025-06-25,0.01011944,0.0017652256783284247,0.0048595342443782,-0.00039209612907841786,-0.0011735488624812843,0.0024620424964465204,-0.0011447441818205014,0.007948020009527858,0.005776600043231509,0.0036051800769351617,0.0030789239874546544,0.006333014173940265,0.011527630560819737,-0.002206058128576771,0.029746305,0.0,0.01011944,0.01011944,0.0,0.0075852857,0.00455055,0.0005057747
2025-06-26,0.008608201,-0.005405210352391004,-0.005287597760899523,0.005742688314896077,0.00496881567513155,0.019359996989667415,0.018730466386288086,0.006705115181340501,0.00480203018280238,0.0028989451842642592,0.0041620199013734215,0.008869224471455264,0.003860339372080158,0.01565166635614723,-0.005792193,0.0,0.008608201,0.008608201,0.0,0.008608201,-0.0022446266,0.00010420006
2025-06-27,-0.05457167,-0.11356252410490066,-0.11347396961647976,-0.049836663793921473,-0.049233105993601846,-0.025084079067781567,-0.025156579017554106,-0.05707431115951915,-0.05957695416727223,-0.06207959717502533,-0.06329705369002209,-0.0432784394017148,-0.1062494906067679,-0.04758352794992238,-0.027855106,0.0,-0.05457167,-0.05457167,0.0,-0.05457167,-0.05832143,-0.059320133
2025-06-30,-0.020735664,0.009475008223373443,0.010044049613088378,-0.005520691583231091,0.007843375201426174,0.0023717078737914565,0.013240461432273677,-0.01947945931640945,-0.018223255154556174,-0.0169670509927029,-0.01784142070674245,-0.015796528279255817,-0.00888138964602893,-0.018685720898476532,-0.046417292,0.0,-0.020735664,-0.020735664,0.0,-0.0033913034,0.0,0.0
2025-07-01,-0.0016908688,0.0059081270657479765,0.029526963067011906,0.005042764068022371,0.007099578561753987,0.001454870508424938,0.001174829881468629,-0.0017565575420102591,-0.0018222463300806508,-0.001887935118151043,-0.0019255520406191388,-0.0009274041123836195,-0.0045409018110314555,-0.0016497879951202776,0.04795443,0.0,-0.0016908688,-0.0016908688,0.0,-0.0020236082,0.0,0.0
2025-07-02,0.014226525,0.02102803966687992,0.022676800352105692,0.012464693993907422,0.010623948504126825,0.00183992360861972,-0.0033645641324125328,0.011385461745857526,0.008544398692118534,0.005703335638379544,0.007062112871032133,0.012392716108959125,0.017418036083902484,0.01597209804391575,0.03556231,0.014226525,0.014226525,0.014226525,0.014226525,0.014226525,0.007857747,0.009158509
2025-07-03,-0.021437302,-0.013483232597652823,-0.010557843767402247,-0.017305135344192386,-0.012901245397020065,-0.004557725823521614,0.0014374521848198431,-0.0198484560130473,-0.018259608862983386,-0.01667076171291948,-0.017204375122603047,-0.02529213510833394,-0.024151417890309605,-0.021797108426072853,-0.019782498,-0.021437302,-0.021437302,-0.021437302,-0.021437302,-0.021437302,-0.0196679,-0.002097704
2025-07-07,0.015061588,0.02872119585942477,0.02901448527432101,0.005217718627154827,0.005965797786210098,-0.0011347454847767946,-0.0027310358742908027,0.014068746033855453,0.013075904041127708,0.012083062048399967,0.01171055956886714,0.008754332749645691,0.0341740324871022,0.02369535572189818,-0.027664676,0.0,0.015061588,0.015061588,0.0,0.020396443,0.01901736,0.0
2025-07-08,-0.0014588335,-0.02374275882996619,-0.02761048256918847,-0.017366140776202084,-0.020846485101923773,-0.0010032545597851274,-0.00529845583721947,-0.005333061332541042,-0.009207289205317364,-0.013081517078093685,-0.009939595751904163,-0.005423178807797908,-0.012294285640713169,-0.010679396782243611,-0.056742314,0.0,-0.0014588335,-0.0014588335,0.0,-0.003029594,-0.009271275,0.0
2025-07-09,-0.0017549965,-0.015779888858497144,-0.01754126400006717,-0.006804242296293377,-0.008090909919203628,-0.0026195346718654038,-0.0037473594367270846,-0.0026256263316316412,-0.0034962561800490825,-0.004366886028466525,-0.0035793015971292003,0.002001319670001513,-0.004409243301911787,-0.005406057727856073,-0.016110597,-0.0017549965,-0.0017549965,-0.0017549965,-0.0017549965,-0.0017549965,-0.0027310692,-0.0023250047
2025-07-10,-0.0058652465,-0.025764867475144566,-0.030669233813914593,-0.006993296102453023,-0.007835065460220274,0.0017007907552830876,0.002764148155670153,-0.002522744445825384,0.0008197574568979123,0.004162259359621209,0.001448182122089154,-0.0061999154795081245,-0.00914065104761076,0.003750974630428061,-0.030470226,-0.0058652465,-0.0058652465,-0.0058652465,-0.0058652465,-0.0058652465,-0.0058652465,-0.0047061215
2025-07-11,-0.013392612,-0.05118656102143228,-0.0801284305348826,-0.0189639579811506,-0.02011131005463395,-0.001975694877710193,-0.0019762897979651276,-0.013448314697239176,-0.01350401711461991,-0.013559719532000643,-0.01349507856030216,-0.009525333009966842,-0.023429976467212493,-0.008774628016794406,0.04181955,-0.013392612,-0.013392612,-0.013392612,-0.013392612,-0.013392612,-0.018524585,0.0
2025-07-14,0.007121009,-0.00957895656850189,-0.00745980848264433,0.004473483831062913,0.005413753681657011,0.014827209299206733,0.017150081209235977,0.004527691923933625,0.0019343750270354753,-0.0006589418698626755,-0.0019055872293772484,0.0012323678062257626,0.005002085852902382,0.00522529825127549,0.01258161,0.0,0.007121009,0.007121009,0.0,-0.0014168281,0.00017371759,0.0
2025-07-15,0.042699102,0.04725992805749178,0.04765316955527803,0.03396730656001717,0.03397372706123548,0.011895478884931653,0.017154966688025245,0.039767380043428203,0.03683565719245337,0.03390393434147854,0.036814648922647936,0.01779525194990264,0.050431930510835214,0.009048077298449808,0.008977997,0.042699102,0.042699102,0.042699102,0.042699102,0.025091007,0.0,0.0
2025-07-16,-0.009405225,-0.013599623854160308,-0.018507487724056314,-0.01703060519224033,-0.018932508297142922,0.0024725149405375123,0.0021536501640106,-0.010191390670625437,-0.010977556815415507,-0.011763722960205579,-0.011309394159288742,-0.006027222619082688,-0.013790049357339742,-0.01874563300642995,-0.00926882,0.0,-0.009405225,-0.009405225,0.0,-0.0048056818,0.0,0.0
2025-07-17,0.018205795,0.02129430368501693,0.026091639461376572,0.014039825790878386,0.008032611499799884,0.007395044040977955,0.005752245684783141,0.015853496971089946,0.013501198330459364,0.011148899689828778,0.013288553970053234,0.019352585820493016,0.019414303100413897,0.029616127332084297,0.020477869,0.018205795,0.018205795,0.018205795,0.018205795,0.018205795,0.005301783,-0.0014046264
2025-07-18,0.025633357,0.03171562820632011,0.0330109745635817,0.02477453773919493,0.024505937790319284,0.01681362285302952,0.01569184919621519,0.023512257119440733,0.02139115654078365,0.019270055962126557,0.020902589605408552,0.024257856740411594,0.024799552009525626,0.021257589926846343,-0.057247024,0.025633357,0.025633357,0.025633357,0.025633357,0.025633357,0.025633357,0.017225385
2025-07-21,0.0075889137,0.0006373404894210398,0.0005887981967132492,0.006061373603027314,0.0061407696780039385,0.005942220289371908,0.00593717950723382,0.006639152771112618,0.005689392052626457,0.004739631334140294,0.0055546703744252515,0.006322890324135399,0.004490953586487607,0.009197098782367519,0.0014615771,0.0,0.0075889137,0.0075889137,0.0,0.0007314906,0.0,0.0
2025-07-22,0.006244002,0.007848229331076146,0.010089562270207166,-0.001540753232873976,-0.003916760159633728,-0.0016936007232777775,-0.00279267767839718,0.0004769382959883958,-0.005290125434528977,-0.01105718916504635,-0.0015486704037215642,0.014849989724488115,0.009059988947542893,0.007475987622131086,0.008744968,0.0,0.006244002,0.006244002,0.0,0.011178578,-1.0159652e-05,-1.0159652e-05
2025-07-23,-0.0028416147,0.007804657236896455,0.009995794542001113,0.003925081188548356,0.010808228309492096,0.001410629879385233,0.002596443861280596,-0.004255022470673825,-0.0056684302889226,-0.007081838107171374,-0.005006905967748323,-0.0014157881921386729,-0.0022970377954400385,-0.008387650773563848,-0.04575125,-0.0028416147,-0.0028416147,-0.0028416147,-0.0028416147,-0.0028416147,-0.0032983087,0.0020577589
2025-07-24,-0.007902186,-0.019759146450385453,-0.018071098211014974,-0.012619455078653991,-0.012013550513370972,0.0030642158634215594,0.003678542483187335,-0.00916700103436634,-0.010431815355551245,-0.011696629676736148,-0.010740909606996842,-0.005037308578870551,-0.011027339214078065,0.010797589907054927,0.0076111294,-0.007902186,-0.007902186,-0.007902186,-0.007902186,-0.007902186,-0.0066021327,0.0
2025-07-25,0.015577588,0.017995928627960383,0.017367554202787044,0.010263583054412157,0.010013548427627661,0.018873521004840733,0.02001201326869074,0.014469465345711646,0.013361342286428834,0.012253219227146023,0.013446117298461397,0.013329301328211529,0.017238534820816394,0.014585844232304357,-0.02102774,0.015577588,0.015577588,0.015577588,0.015577588,0.015577588,0.014167585,0.0064804344
2025-07-28,-0.0114737805,-0.02143615980196744,-0.020712682296923236,-0.010284213593993336,-0.010267023453702714,0.004715004807505757,0.0046803954379243395,-0.013832632647851124,-0.016191484448547688,-0.018550336249244254,-0.015880364711958805,-0.005171046207555163,-0.014582149191251531,-0.03511845588720952,-0.15304928,0.0,-0.0114737805,-0.0114737805,0.0,-0.010295868,-0.008409314,0.0
2025-07-29,0.0124162445,-0.0026929984315112237,0.0006329367987650495,0.013504890900477767,0.014038996592958139,0.011949616258740425,0.014963347709570264,0.010620553966839603,0.00882486344919501,0.007029172931550417,0.00973804604743574,0.00152398085965386,0.0025447179256430407,0.01377510516427094,-0.019419484,0.0124162445,0.0124162445,0.0124162445,0.0124162445,0.0124162445,-0.002791492,0.0011997068
2025-07-30,-0.0054646786,-0.013667245698459446,-0.012923333072396412,-0.007023536728527397,-0.006549346802925019,0.0024233979001082482,0.0024818286753687732,-0.01128665782634095,-0.01710863696424143,-0.02293061610214191,-0.01813697294645112,-0.00854030316105576,-0.007549763960890811,-0.00730788205632793,-0.007544716,0.0,-0.0054646786,-0.0054646786,0.0,-0.0043353317,0.0,0.0
2025-07-31,-0.03258947,-0.006728662157207728,0.013737656978950956,-0.012483521654829383,-0.0025154743518525967,-0.019274044282771647,-0.014691573689143414,-0.023771671715058645,-0.014953873335581794,-0.0061360749561049435,-0.020548475567472798,-0.016719795861846565,-0.03645279959098183,-0.0325476194411749,-0.024188772,-0.03258947,-0.03258947,-0.03258947,-0.03258947,-0.03258947,-0.018888928,-0.0061303237
2025-08-01,0.0961758,0.1661460597740859,0.16656882994960512,0.09615414871111512,0.09611475903976419,0.05418680309580639,0.051062872060026986,0.0869457712303966,0.07771574814573444,0.06848572506107228,0.08575059739582734,0.11255694427608803,0.12727519168560816,0.10067434282336585,0.14061755,0.0961758,0.0961758,0.0,0.0,0.0961758,0.0961758,0.0961758
2025-08-04,0.033837497,0.03252297246105969,0.034585543878830796,0.022883259084504098,0.02205376132308749,0.019536349399387837,0.01740498304095614,0.032341920424632783,0.030846343556713438,0.02935076668879408,0.031156598108852233,0.034793432559226796,0.03430555225455795,0.03388051487127086,0.021963831,0.0,0.033837497,0.033837497,0.0,0.005635699,0.0,0.0
2025-08-05,-0.0027859788,-0.012034416676331311,-0.023921503343944786,-0.00726356147704646,-0.011735486479350805,-0.005456318082045764,-0.008658517029542373,-0.005955803140847144,-0.009125627501100565,-0.012295451861353987,-0.006583515521605647,0.0006928248526189364,-0.004497689911460673,-0.0027859788460773416,-0.009725581,-0.0027859788,-0.0027859788,-0.0027859788,-0.0027859788,-0.0027859788,-0.0016052547,0.0
2025-08-06,0.016501637,-0.010498907654732464,-0.05470979132663599,-0.0040666419782862066,-0.03204206490892319,0.0022400019751302896,-0.005035357522883109,0.009097243241026204,0.0016928487242965917,-0.005711545792433022,0.0070013153611399445,0.01690744037678277,0.01718764795011586,0.016501637815963477,0.024736106,0.016501637,0.016501637,0.016501637,0.016501637,0.014517504,0.0050524,0.0028108072
2025-08-07,0.021235758,0.003932035108730197,0.00020425703802998954,0.013178425085172057,0.0029199970475202973,0.024223347835615278,0.017675832226251784,0.016704786356883827,0.012173813809399968,0.007642841261916108,0.015686184992460255,0.01239863660593972,0.014997717521195721,0.022746921318923086,0.01216974,0.021235758,0.021235758,0.021235758,0.021235758,0.021235758,0.021235758,0.021235758
2025-08-08,-0.014978203,0.021713661108855156,0.018254977138346992,-0.017323538672942666,-0.01843461012704678,-0.0072213280873745685,-0.010886669556352821,-0.01600609564217912,-0.01703398817675535,-0.018061880711331576,-0.01685560324409864,-0.006438535012810965,-0.0042116970554078835,-0.02014931050438662,-0.04799497,-0.014978203,-0.014978203,-0.014978203,-0.014978203,-0.014978203,-0.014978203,0.0038159925
2025-08-11,0.013960428,0.009238931105639786,0.013770785820179786,0.011074849263262004,0.01225983601411351,0.010641229579001665,0.011578531616748104,0.01236324405255012,0.010766060267653907,0.009168876482757694,0.0070955350506047,0.01449985625485152,0.015302036876197566,0.01805906793296952,0.010862631,0.0,0.013960428,0.013960428,0.0,0.00361892,0.0012387611,0.0055515696
2025-08-12,0.0027062448,0.008909575771186501,0.009830152786021713,-0.002156377419922501,-0.004028197248071656,0.0147429115158692,0.01416426443467901,0.00025283475848041797,-0.002200575303768062,-0.004653985366016543,-0.0037590223135699733,0.0038578018777333752,0.0087945239988833,-0.0031272266186608277,-0.031308986,0.0027062448,0.0027062448,0.0027062448,0.0027062448,0.004489115,0.0021504473,0.0
2025-08-13,-0.01762944,-0.02992847729276866,-0.029928478053389662,-0.01728026674857363,-0.016232740760464954,-0.02167774283416569,-0.01576052401424825,-0.015494122911659435,-0.013358804134550302,-0.011223485357441172,-0.013893036779753946,-0.011820961268922679,-0.02712324699704451,-0.04413570094096153,-0.051438823,-0.01762944,-0.01762944,-0.01762944,-0.01762944,-0.01762944,-0.010608141,-0.0174914
2025-08-14,-0.0026182989,0.0011905617637000977,-0.0017713304208337435,-0.006696346564311534,-0.011107220858466545,-0.004759126652199775,-0.00802415995133,-0.0055168639000647505,-0.0084154288760671,-0.011313993852069448,-0.006286532291306481,-0.001476112869438187,-0.0010673249849456963,0.0004528122124263234,-0.020472175,-0.0026182989,-0.0026182989,-0.0026182989,-0.0026182989,-0.0026182989,0.0013576073,-0.0033315774
2025-08-15,-0.020019516,-0.011052452239915729,-0.008378258963866951,-0.021595944791603833,-0.02304715267366182,-0.009225434700194747,-0.01059494646271898,-0.019944622939698908,-0.019869728948482396,-0.01979483495726589,-0.019858243378012945,-0.018010091736957688,-0.022347007232548836,-0.02527138765147363,-0.02137304,-0.020019516,-0.020019516,-0.020019516,-0.020019516,-0.020019516,-0.018840238,-0.0008823747
2025-08-18,0.0016814689,-0.00020483652153983727,-0.00430635076813675,0.000738096398729831,-0.0008174126230304198,-0.0011893210132047534,0.0024933305383872317,0.001021780345131199,0.0003620917750681253,-0.0002975967949949486,0.0008925346410745935,0.008996605416301009,-0.0029605950228869943,0.002794033148040498,-0.037944406,0.0,0.0016814689,0.0016814689,0.0,-0.007955399,-0.008137666,-0.008009628
2025-08-19,-0.002291518,-0.0020137710173241796,-0.0009299346487384496,-0.00037275834731757655,0.0004122225192474231,0.0010824567943438887,0.0027529744837458173,-0.0024092708348267978,-0.002527023638965429,-0.00264477644310406,-0.0025276997008673277,0.001778479021658761,-0.003509251690808345,-0.016806900294523253,-0.010704583,0.0,-0.002291518,-0.002291518,0.0,-0.0027241483,-0.0012724722,0.0
2025-08-20,-0.00802169,-0.007869816138762982,-0.007981127288279752,-0.005373013101350516,-0.00569429662499849,-0.001953618128076196,-0.001936563386785212,-0.006776727750300547,-0.0055317651417276376,-0.004286802533154728,-0.004874992221811647,-0.008319599266966193,-0.005906430945139041,-0.005352407765002454,0.002816692,-0.00802169,-0.00802169,-0.00802169,-0.00802169,0.0,0.0,0.0
2025-08-21,-0.0030916336,0.008292345667425543,0.01095885487998009,-0.007028386358004063,-0.015895757267984468,-0.0023985027856752274,-0.008531595590821076,-0.009254401957442702,-0.015417170420407685,-0.021579938883372667,-0.0095990459083394,-0.0016070937818193683,0.0017996222479268902,0.013502062110249291,0.036481988,-0.0030916336,-0.0030916336,-0.0030916336,-0.0030916336,0.00012281019,0.00064548687,0.0
2025-08-22,0.006204713,0.008683246141001582,0.007329384780871691,0.006862848332114518,0.008837253405847258,0.0015515169178321958,0.002998202580838119,0.007429390737945945,0.008654068572764816,0.009878746407583685,0.007984671591590976,0.002033168709793581,0.008118359704332594,0.006287627806159435,0.043006,0.006204713,0.006204713,0.006204713,0.006204713,0.006204713,0.006204713,0.006204713
2025-08-25,0.007769814,-0.00529149987526238,-0.028683566265829092,0.002255786140151322,-0.004983140867690321,0.004761020530983806,0.0011166720175094895,0.0073225919298700705,0.0068753695165484595,0.006428147103226848,0.007204332881077061,0.005109765004835056,0.008980630295859143,0.007166284319669813,0.0229339,0.0,0.007769814,0.007769814,0.0,0.0042344434,0.0037915676,0.0
2025-08-26,0.0014559615,0.002370430901348591,0.0021871358568464547,-0.002262528706640005,-0.006732531180721073,-0.0009606230488792061,-0.002751559386283099,0.0016025218961422615,0.001749082298509275,0.001895642700876288,0.001633677444898762,0.00790101526339277,0.005132917705288326,0.004176487542255636,-0.013418527,0.0014559615,0.0014559615,0.0014559615,0.0014559615,-0.00024241046,0.0057532717,0.005972802
2025-08-27,-0.009924485,-0.035437221941836176,-0.04069379602778206,-0.014599411120004952,-0.017025450816892232,-0.004372022110307589,-0.010442934767294708,-0.011475362371444513,-0.01302623927830867,-0.014577116185172826,-0.012547509872691162,-0.010760854655607496,-0.020405971949962392,-0.009711317285446164,0.002064944,-0.009924485,-0.009924485,-0.009924485,-0.009924485,-0.009924485,-0.013221415,-8.358526e-05
2025-08-28,0.018567735,-0.005632912337500602,-0.008971118767399032,0.019303092999346554,0.01990352414018342,0.015666616868451236,0.018256085331993566,0.020258998385144528,0.021950262255925945,0.023641526126707363,0.02073340308613752,0.017174219991791348,0.01693277886476029,0.016754967251610964,-0.024722999,0.018567735,0.018567735,0.018567735,0.018567735,0.018567735,0.018567735,0.0010231084
2025-08-29,-0.039290912,-0.01964278048865497,-0.013817110599772146,-0.022604976256005466,-0.00806994165162651,-0.017593110690657048,-0.0037899770901634747,-0.025487713498464674,-0.01168451489681542,0.0021186837048338325,-0.023284614384645137,-0.02586502785786645,-0.0473339381003329,-0.039203173659188906,-0.023051709,-0.039290912,-0.039290912,-0.039290912,-0.039290912,-0.030993598,-0.018656598,0.0
2025-09-02,0.007407894,0.014442999635115266,0.023827773593475553,0.009042072492614388,0.012231949856381565,0.012746575108300894,0.016085867247841286,0.0003165351929800978,-0.006774823622832741,-0.01386618243864558,0.0006013257840888431,0.007154173574399865,0.007069156886163083,0.007407893972413149,-0.030037167,0.007407894,0.007407894,0.007407894,0.007407894,0.007407894,0.0034026036,-0.00026789767
2025-09-03,-0.0015469209,-0.0006886909625120462,-0.0008257667342909799,-0.0026659277492202815,-0.0030347652117096047,-0.03793152840724215,-0.037969739948168484,-0.003215815282310945,-0.004884709705366993,-0.006553604128423042,-0.004256729222884666,-0.0017214396808710919,-0.0034301122999750074,-0.02065392052892001,0.0017726021,0.0,-0.0015469209,-0.0015469209,0.0,0.0008558828,0.0,0.0
2025-09-04,0.020883664,0.03070435293454677,0.029157099959976195,0.01806507754456252,0.016550956582845364,0.011889173481855541,0.009089858441079393,0.015817146702639368,0.01075062914931696,0.005684111595994551,0.014404192085583755,0.0083607084508884,0.027926954239691517,0.021009824024076806,0.010426407,0.0,0.020883664,0.020883664,0.0,0.016093183,-1.13720525e-05,0.0
2025-09-05,0.017277187,0.008050811530370265,0.006480775730644073,0.017972381864432244,0.018530355599974388,0.013010216813106091,0.013748334262006928,0.014326076489455232,0.011374966358861285,0.00842385622826734,0.012999160907813619,0.018668328257148016,0.015375610758465798,0.011294328700424128,0.021572132,0.0,0.017277187,0.017277187,0.0,0.004872949,0.0,0.0
2025-09-08,-0.006821342,0.004323291671220213,0.005297259291332003,-0.005303928200397641,-0.005230505023080992,-0.009115477919410914,-0.009701064579419593,-0.007765719272930995,-0.008710096849666688,-0.009654474426402378,-0.008301449371693716,0.0030327855394170706,-0.002986458600075407,-0.006428703465419794,-0.004630456,0.0,-0.006821342,-0.006821342,0.0,0.001594766,0.0026077402,0.00034989056
2025-09-09,0.006813734,0.12764125371083618,0.21450273593547298,0.06866921889452264,0.08648254963399532,0.04185901993043721,0.04135589080588782,0.00281126688882431,-0.0011912002354729544,-0.005193667359770221,-0.001718046755516301,0.003800969794698837,0.005383851378097791,0.006772286734098909,0.016466118,0.0,0.006813734,0.006813734,0.0,-0.00046383322,0.0,0.0
2025-09-10,0.013072573,0.02305797489568591,0.022921576544474395,0.012705444999411702,0.012464114911114238,0.005391810374837369,0.004617096033580021,0.009082501526224106,0.00509243017109233,0.001102358815960553,0.0075266883443707334,0.01794963108171952,0.016375729111446576,0.01311367450398393,0.017893238,0.0,0.013072573,0.013072573,0.0,0.01284011,0.00022313962,0.0
2025-09-11,0.0040835175,-0.07721289824724198,-0.11428330574573568,-0.029271680699028073,-0.08774682213076634,-0.0170848502686806,-0.06537627673792748,0.0031366490929538643,0.002189780596301385,0.0012429120996489051,0.0029986816471944434,0.0008008742865413647,-0.0047215084767561755,-0.00967685945943142,0.0011113989,0.0040835175,0.0040835175,0.0040835175,0.0040835175,0.0040835175,-0.003352404,-0.003623797
2025-09-12,0.0136506185,-0.0008849323613755406,-0.002281792193626344,0.005219169369339943,0.003152460545954721,-0.022159341709110887,-0.024375656880113745,0.009844697094513712,0.0060387754044321455,0.0022328537143505795,0.007627178929064067,0.010395548685483074,0.01223286852367561,0.015065584852670177,0.012685597,0.0,0.0136506185,0.0136506185,0.0,0.0136506185,0.0049880156,0.0
2025-09-15,0.012357769,0.03205860387504101,0.036527430898678076,0.009671716880686581,0.008179438360326084,0.004631952389851212,0.004588391732064564,0.010848492265498923,0.009339216044743926,0.00782993982398893,0.010007739155065414,0.0023323170802581005,0.02223657542014156,0.01203771794374875,-0.020632388,0.0,0.012357769,0.012357769,0.0,0.009365163,0.009365163,0.0
2025-09-16,-0.012831885,-0.0017033011399954557,-0.0027923194941073585,-0.01107383653204888,-0.01061897806350792,-0.007912120192535222,-0.007919661587142229,-0.01334486877689494,-0.013857851836912002,-0.014370834896929065,-0.01399429918403377,-0.010050203368445048,-0.011637127593117344,-0.020129247077103507,0.0035370365,0.0,-0.012831885,-0.012831885,0.0,0.0,0.0,0.0
2025-09-17,0.008017207,0.0046746819742769005,0.004730965422338387,0.003862619329877198,0.0038857453202621843,0.014106318219862878,0.011971916718444962,0.004780602659572783,0.001543999220261221,-0.0016926042190503411,0.0009781584141692968,0.003317917569811285,0.007173584964634342,-0.015007665757806876,0.0019177832,0.0,0.008017207,0.008017207,0.0,0.0055147996,-0.0010729503,0.0
2025-09-18,0.009062534,0.008150012253075838,-0.003892812787531572,0.003184796680919826,-0.009479885470162853,0.003700833077095449,-0.008323457436105419,0.00499457105270947,0.000926608140084645,-0.0031413547725401805,0.003797767774907388,0.010486788343243982,0.010914056813767687,0.02496739872253162,0.03982992,0.009062534,0.009062534,0.009062534,0.009062534,0.009062534,0.009062534,0.0073543396
2025-09-19,0.024214577,0.055499382596164944,0.06462030632646966,0.031157792010046544,0.034962134025153635,0.008022909429017455,0.013728905568085486,0.025907122825244815,0.02759966895351261,0.029292215081780405,0.0263147848960606,0.02457562237882067,0.036233955341264265,0.03024715343337192,0.04724932,0.024214577,0.024214577,0.024214577,0.024214577,0.024214577,0.024214577,0.024214577
2025-09-22,0.0051900353,-0.01508349240332842,-0.01824113003261855,0.007399895694945008,0.007649870462399259,0.011286313109733164,0.013610934933713811,0.004648000391696189,0.00410596528050039,0.0035639301693045915,0.004305802950350376,-0.008994844993766071,-0.009801313234493136,0.004477748418787897,-0.003395131,0.0051900353,0.0051900353,0.0051900353,0.0051900353,0.0051900353,-0.0069973953,-0.00012370019
2025-09-23,-0.0018410538,-0.000707577492929995,-0.0006338852353813124,-0.0003415840320289132,0.000984728073536258,-0.0012241181995719672,-0.002276520090323504,-0.005511781224288605,-0.009182508674462513,-0.01285323612463642,-0.005810726782641731,-0.011363312299156303,-0.0005902310600504279,-0.0016495712986204225,0.010773502,-0.0018410538,-0.0018410538,-0.0018410538,-0.0018410538,0.008709183,-0.0059902384,0.0
2025-09-24,-0.03635232,-0.055010176974181084,-0.05876462685899183,-0.030947791004180908,-0.027693040391775985,-0.027771711949892343,-0.024231813150171103,-0.031456085531437465,-0.026559850022989644,-0.02166361451454183,-0.03060735422852759,-0.02719916934836097,-0.04483613052130253,-0.019767760750247998,-0.0037064243,-0.03635232,-0.03635232,-0.03635232,-0.03635232,-0.03635232,-0.020523187,-0.004097484
2025-09-25,-0.00049424474,-0.014955135274454951,-0.014844799860072661,-0.004625571017712354,-0.009526134150100478,-0.0017972623327560718,-0.0023837612223760376,-0.004503378051820029,-0.008512511362364151,-0.012521644672908276,-0.005493112468192266,-0.0025343633804624736,-0.012124609913338313,0.015198256233547092,-0.00050336844,-0.00049424474,-0.00049424474,-0.00049424474,-0.00049424474,-0.00049424474,-0.0071012857,-0.0072164205
2025-09-26,0.024067786,0.027361423922292887,0.02821242026757038,0.020802064799610526,0.020556513099982136,-0.03558687357965857,-0.03527111100089997,0.019867332880528842,0.015666880344793598,0.011466427809058353,0.016632942481816976,0.022812557839125284,0.0276471232751977,0.02805383133520145,0.015186499,0.024067786,0.024067786,0.024067786,0.024067786,0.024067786,0.024067786,0.014940841
2025-09-29,-0.005901459,0.027444858343340456,0.009801173602944024,0.012186833729147912,0.013916906473138386,0.006522920623794198,0.007203207211373241,-0.005567727695766489,-0.00523399613627722,-0.00490026457678795,-0.005358994215995325,-0.0038081223885016165,-0.005903770652895962,0.0008859651655237499,0.003714077,-0.005901459,-0.005901459,-0.005901459,-0.005901459,-0.0012759466,0.00032276267,0.0
2025-09-30,0.0043955655,0.007059051093868911,0.012406440041783935,0.013355240970551968,0.014988810204022329,0.004916780778169632,0.006913222994496281,0.00792406905515752,0.011452572626595926,0.014981076198034337,0.010463877207039694,0.01169446385127681,0.006170141814403574,0.017454022934561664,0.060632035,0.0043955655,0.0043955655,0.0043955655,0.0043955655,0.0043955655,0.003186988,0.005549175
2025-10-01,0.015393142,0.024931486735176294,0.032504743814130654,0.014544160222541541,0.013375674663131028,0.015345894965250045,0.009800274076746836,0.010707975287870469,0.006022808976834571,0.0013376426657986723,0.009262771153626283,0.012147462483934933,0.015713805882048543,0.02283534578518598,0.012481069,0.015393142,0.015393142,0.015393142,0.015393142,0.015393142,0.013422484,0.0022815112
2025-10-02,0.034136526,0.03401954540010542,0.025801402835136034,0.035357415398694574,0.03656710923627578,0.0250866686764732,0.02489779798753487,0.03123377433812089,0.028331024019454257,0.02542827370078763,0.03062414292608475,0.03124365408865502,0.041827025133269746,0.05664709326843109,0.049131677,0.034136526,0.034136526,0.034136526,0.034136526,0.034136526,0.021199496,0.012052364
2025-10-03,0.05633026,0.057034550215639176,0.05645902638922398,0.06337813544170931,0.06782077879026484,0.04428303146764636,0.0552615194959819,0.051140931837315155,0.04595160535687293,0.04076227887643069,0.0483839424099395,0.059032856997411315,0.05427679534980351,0.061637497699295274,0.051977877,0.05633026,0.05633026,0.05633026,0.05633026,0.05633026,0.05633026,0.05633026
2025-10-06,0.029694255,0.05715229537524283,0.06426211745262406,0.03225733208548277,0.03557352148497758,0.025334854785725475,0.022157443985923037,0.026050932204503052,0.022407609433240154,0.018764286661977263,0.025429688346602364,0.0218975534719818,0.036657965184316375,0.029779179454635596,0.007320271,0.029694255,0.029694255,0.029694255,0.029694255,0.029694255,0.029694255,0.019403156
2025-10-07,0.0129644545,-0.009912761853076518,-0.01714197285044741,0.004669316288456321,0.0024085983018468375,0.018082023760937156,0.011121481002998942,0.010333877818913328,0.00770330092548046,0.005072724032047593,0.008100671874693679,0.014250862410914101,0.0070988976005041445,0.012964454741450027,-0.004821519,0.0129644545,0.0129644545,0.0129644545,0.0129644545,0.0129644545,0.0129644545,-0.00022809222
2025-10-08,0.009762534,0.013729300014320761,0.013728684372696923,0.008573876319881529,0.007608326743250144,0.02540368713002652,0.024014308539582876,0.008007766646523504,0.006252999236256838,0.0044982318259901705,0.007057510675365004,0.011025578423760738,0.008727048445408316,0.011770305146024285,0.0041345116,0.009762534,0.009762534,0.009762534,0.009762534,0.009762534,0.009762534,5.3283205e-05
2025-10-09,0.079535015,0.051181390836946665,0.05284597629971315,0.07896830856304615,0.07897698790153046,0.057221595373377204,0.0574754672588714,0.07761399908614505,0.07569298161508835,0.07377196414403166,0.07524191459079724,0.057257899906233166,0.07505163849035108,0.07958137783498387,0.0070111267,0.079535015,0.079535015,0.079535015,0.079535015,0.079535015,0.078433976,0.022768
2025-10-10,0.035167214,0.009233092171661555,0.021482726309647013,0.013353195371627807,0.017865101393442103,0.03713656649596989,0.03866406442386062,0.023697715594919,0.012228217660489628,0.0007587197260602563,0.011255014501541809,0.02578562180532646,0.03672579534521157,0.039401997495507324,0.04530008,0.035167214,0.035167214,0.0,0.0,0.02890302,0.005710072,0.005710072
2025-10-13,-0.018645689,-0.0011731210445985198,0.028073982247205635,-0.014222453398611397,-0.0009527384348444502,-0.021503618800397962,-0.014432603775102379,-0.0072489187249163735,0.004147852140070012,0.015544623005056395,-0.0029407139382218433,-0.0171337601795744,-0.0108994247645817,-0.015467196618105916,0.0036338638,-0.018645689,-0.018645689,-0.018645689,-0.018645689,-0.018645689,-0.018645689,-0.018645689
2025-10-14,0.04481275,0.05092213590139523,0.025314345926720275,0.025661645516194403,0.0014822438780794974,0.028350973321627827,-0.011182288903692744,0.03196178457829625,0.019110818736059375,0.0062598528938225045,0.029767616098336502,0.04176512550343308,0.05230757767355747,0.04934069383033357,0.020880692,0.04481275,0.04481275,0.04481275,0.04481275,0.04481275,0.04481275,0.04481275
2025-10-15,0.024443556,0.04128961715357378,0.055984537216413416,0.022901603054217994,0.021235551138919725,0.013880245776679366,0.009611110155088885,0.021162961130902234,0.01788236605643494,0.014601770981967648,0.017908638494158045,0.02448292086143005,0.033118812348270285,0.02448532973357942,-0.08469868,0.024443556,0.024443556,0.024443556,0.024443556,0.024443556,0.024443556,0.024443556
2025-10-16,-0.04589234,-0.06454466080788523,-0.06027025421813374,-0.04436650599848479,-0.03978900392293428,-0.02680623033227399,-0.01936886788700859,-0.04451419070044066,-0.04313604045487008,-0.0417578902092995,-0.04403842051040849,-0.028907754232551628,-0.056349886755924665,-0.05012580605586647,-0.05385198,-0.04589234,-0.04589234,-0.04589234,-0.04589234,-0.04589234,-0.04589234,-0.04589234
2025-10-17,0.052301884,0.05951154559349641,0.05939854031422969,0.043132098217867315,0.038143686367618855,0.04507907263439149,0.033021569232944234,0.045364739536790016,0.038427596656638814,0.0314904537764876,0.041718881344691594,0.05196369571526055,0.058408754432192914,0.05234597999515245,0.06276919,0.052301884,0.0,0.052301884,0.0,0.052301884,0.052301884,0.052301884
2025-10-20,-0.0033455766,-0.014469202186800539,-0.020340556448644315,-0.008387718756310641,-0.01917834784267824,-0.006518871244341135,-0.008772014622180776,-0.00505876807662108,-0.006771959572628309,-0.008485151068635538,-0.0054327219399609265,-0.0022523014511200297,-0.0030430035199970006,-0.021257194412708902,-0.031273738,-0.0033455766,-0.0033455766,-0.0033455766,-0.0033455766,-0.0033455766,-0.0033455766,-0.0049049943
2025-10-21,-0.039091423,-0.031374428400546314,-0.016341015730268527,-0.03393423711093142,-0.02489383361240339,-0.03694720935452729,-0.028849806662864463,-0.040869195091759306,-0.04264696772813329,-0.044424740364507276,-0.043112114552630025,-0.0376744904369482,-0.03504766344875944,-0.03873221916990799,-0.04051987,-0.039091423,-0.039091423,-0.039091423,-0.039091423,-0.039091423,-0.039091423,-0.039091423
2025-10-22,0.033001754,0.010723077847678213,0.010319344756315463,0.026631113795675336,0.024753000775317925,0.018907782797142864,0.018324744973745036,0.03174881797399508,0.03049588163148883,0.02924294528898259,0.030211760164848684,0.02971119684970791,0.03039041906912726,0.014915347782629151,0.00930887,0.033001754,0.033001754,0.033001754,0.033001754,0.033001754,0.033001754,0.0020335612
2025-10-23,0.027702423,0.021121707882024346,0.013557766434557295,0.019178525927439332,0.0029071114428436007,0.018354285490065812,-0.0013397030934043444,0.01899864095947768,0.01029485933920494,0.0015910777189322009,0.01056867476345967,0.022855641069803572,0.028662899267775096,0.034310274396403884,0.05692653,0.027702423,0.027702423,0.027702423,0.027702423,0.027702423,0.0060009426,0.0
2025-10-24,0.056505445,0.03990238626917824,0.022583253039003492,0.049285903632082045,0.02762727662819374,0.03246386452142149,0.020579847855011296,0.0405785263600773,0.02465160779487617,0.008724689229675045,0.03670690099734432,0.058863808038682484,0.057322918277614834,0.05420155711916763,0.025502555,0.056505445,0.056505445,0.056505445,0.056505445,0.056505445,0.056505445,0.056505445
2025-10-27,0.0015702108,-0.003017545580342412,-0.00012986698329349108,-0.011919039067905396,-0.014881506014968734,-0.014467382330670953,-0.021417991952045464,-0.0017762055122985602,-0.005122621874929053,-0.008469038237559545,-0.006386853214737106,0.002079755400609842,0.006384483627466994,-4.580916127316925e-05,-0.016256375,0.0015702108,0.0015702108,0.0015702108,0.0015702108,0.0017580658,0.008741947,0.0
2025-10-28,0.0030388227,-0.0030122326178848744,-0.0055626562461168925,0.006660701287612319,0.005960853885845252,0.007294445862360299,0.007557253834823951,0.0012176953377265945,-0.0006034319978079771,-0.002424559333342548,-0.004392241784527321,0.005182977296085844,-0.0027378046800467103,0.0017309426646616721,-0.02821126,0.0,0.0030388227,0.0030388227,0.0,-0.0048776832,-0.0014182933,-0.00015766016
2025-10-29,-0.016434629,-0.013991580996960401,-0.012804885193804034,-0.013995920669119805,-0.013576834515071643,-0.013278810895010828,-0.011758451048744463,-0.01258569447123959,-0.008736759669343966,-0.004887824867448343,-0.006421706843152343,-0.01462306915851604,-0.011727393729696896,-0.016393010089814197,-0.013995327,0.0,-0.016434629,-0.016434629,0.0,-0.016434629,-0.0015590683,0.0
2025-10-30,0.0011719582,-0.013203467338122428,0.005769622277296376,0.001884924514181912,0.0030086949035534284,0.013867334496192634,0.01808379734207053,-0.011578706301779108,-0.02432937071245647,-0.03708003512313383,-0.0187628121384265,-0.003232485123902152,0.0011770443302917886,0.0011719581380020827,0.024784084,0.0011719582,0.0011719582,0.0011719582,0.0011719582,-0.008207609,0.0048352676,0.0048352676
2025-10-31,0.008162527,0.023182960331607612,0.02757167182726697,0.023941391588617116,0.03894437768797211,0.016298616273887456,0.03471334117199011,0.0001507944072685445,-0.007860938938037444,-0.015872672283343433,-0.008119215766842179,0.005649948846340379,0.005442163189449772,0.008162527796230279,-0.043317556,0.008162527,0.008162527,0.008162527,0.008162527,0.008162527,0.008162527,0.008162527
2025-11-03,-0.023556141,-0.036454238707963375,-0.03235861267092357,-0.009073602791503071,-0.009995735326901367,-0.017453391033113004,-0.01587232739698275,-0.01577991832879054,-0.00800369535838549,-0.00022747238798043884,0.002406644534249157,-0.007884233619955442,-0.034450992777816616,-0.016324982391771492,-0.015408875,-0.023556141,-0.023556141,-0.023556141,-0.023556141,-0.0001700736,0.0,0.0
2025-11-04,0.038529932,0.03398186145093292,0.0587395823991119,0.0428915917044133,0.05181473324382111,0.023278575902506708,0.021932816425135778,0.037796607632006075,0.0370632809024351,0.036329954172864144,0.03743693769980799,0.0370716427273777,0.03627978478008034,0.05695538267525624,0.06955858,0.038529932,0.038529932,0.0,0.0,0.038529932,0.038529932,0.018005848
2025-11-05,0.00021577324,0.024504406889602544,0.025347761632926777,0.002702648726720363,0.005695140409898474,0.0053182095624133945,0.008196079264972756,0.0014723824779736766,0.00272899171807821,0.003985600958182744,0.0024394009931153152,-0.0002759321434664308,0.0060064541186544695,-0.0016928278234527028,-0.044525474,0.00021577324,0.00021577324,0.00021577324,0.00021577324,0.00021577324,0.0012834755,0.0028628174
2025-11-06,-0.024969006,-0.015241580619774759,-0.0110664769534694,-0.019925239682495592,-0.013060145286761138,-0.014993099203892052,-0.003860377905103048,-0.02094672845323601,-0.01692445164771812,-0.01290217484220023,-0.017609386134282767,-0.0204708903833031,-0.020418368592138653,-0.024926533009420382,0.040089514,-0.024969006,-0.024969006,-0.024969006,-0.024969006,-0.024969006,-0.009730082,-0.0063803545
2025-11-07,0.047710568,0.0235147046504356,0.0046239098045520325,0.035364420981723814,0.022293485122871524,0.028426192003209144,0.01968884091829167,0.032617522514635525,0.017524478538848122,0.002431434563060713,0.018901465961003824,0.04174080015388919,0.04331138754390519,0.04869150693791191,0.024993915,0.047710568,0.047710568,0.047710568,0.047710568,0.047710568,0.047710568,0.010315342
2025-11-10,0.022484764,0.03262884602624923,0.017515549781396085,0.019959393934980037,0.01238328354048384,-0.020915663858503103,-0.02714501595909621,0.024618179314356864,0.026751593531680492,0.028885007749004123,0.02655772154021337,0.027139876117097467,0.018259847606532275,0.007247140172017552,0.034760445,0.022484764,0.022484764,0.022484764,0.022484764,-0.0008077922,-0.0010463987,0.0
2025-11-11,0.022464393,0.019602724287938328,0.011923295554977094,0.017448579040113835,0.004501283637927303,0.018989432869441807,0.019641858195312948,0.016985335403691015,0.011506278973745121,0.006027222543799226,0.01232096351226222,0.028095172502739844,0.02546867912487042,0.008391822198429821,-0.02102312,0.022464393,0.022464393,0.022464393,0.022464393,0.022464393,0.022577727,0.006354808
2025-11-12,-0.0036882665,0.002498825799897313,-0.00889779115102423,-0.004264976692162454,-0.005995108181474236,-0.04292636081952601,-0.04139652789045185,0.000988230706660976,0.00566472779773728,0.010341224888813583,0.006450614869178777,-0.0033851628485355514,-0.0008583225870758976,-0.0036375532181409653,-0.028487653,0.0,-0.0036882665,-0.0036882665,0.0,0.0028151954,0.0,0.0
2025-11-13,-0.046281263,-0.011789954428449274,-0.019944436502303292,-0.020332378392666578,-0.008937318957769063,-0.022317552750818433,-0.014334611471922292,-0.03571465593697112,-0.02514804887454174,-0.014581441812112366,-0.018199102893134228,-0.03984338701227914,-0.045590691853695624,-0.04628126307943603,0.004016027,0.0,-0.046281263,0.0,0.0,-0.03529132,-0.011580401,-0.0048676967
2025-11-14,0.008217318,0.029131317757647483,0.026964991553828702,0.00880741585476324,0.00996968833154189,1.827699270099412e-05,0.006654969477365467,0.01247339667955096,0.016729475142763166,0.02098555360597537,0.016289808559331164,0.001972884191399369,0.016825662991455333,0.008217318201786838,0.019249372,0.008217318,0.008217318,0.008217318,0.008217318,0.008217318,0.008217318,0.008217318
2025-11-17,-0.017619906,-0.024444519430585204,-0.02271039705433455,-0.01565419874643907,-0.009757078491280574,-0.012514579955860972,0.0045998119852943675,-0.009558291498256438,-0.0014966775852470844,0.00656493632776227,-0.0031618879863177826,-0.018555877858758354,-0.02088996589670635,-0.016489898416741422,0.021783115,-0.017619906,-0.017619906,0.0,0.0,-0.017619906,-0.017619906,-0.017619906
2025-11-18,0.002737305,0.0016046551308780909,0.002672064224909428,0.0036377211226150397,0.003637720951481402,0.005414610839486122,0.005414610600738514,-0.000605520653831855,-0.0039483462601249825,-0.007291171866418109,-0.003350797240337332,0.0024492522207458798,0.002035222549668767,0.0028206196075188927,0.015971664,0.002737305,0.002737305,0.002737305,0.002737305,0.002737305,0.002737305,0.002737305
2025-11-19,-0.009813718,0.020033163504898546,-0.0076023953903308385,-0.019813943970054388,-0.042335487549505904,-0.001915067672692239,-0.028328784853631425,-0.03612725182129371,-0.06244078642540283,-0.08875432102951193,-0.06340907436654247,0.008373849123967369,-0.008160568033980044,-0.009813717158976942,-0.12852381,-0.009813718,0.0,-0.009813718,0.0,-0.009813718,-0.009813718,-0.009813718
2025-11-20,0.0034858894,0.0022398811949416995,0.0032192214739945263,0.0017292029232718051,0.003046717856983425,0.001996167988087982,0.0024934775103197275,0.003305262609936247,0.003124635754790058,0.0029440088996438686,-0.009827258413363696,0.0033755176569774553,0.003357528006149964,0.0034858894723583944,0.0071375966,0.0034858894,0.0034858894,0.0,0.0,0.0034858894,0.00082307076,0.0
2025-11-21,0.020660134,0.01526443955924362,-0.025621928430395652,0.014229336437731981,-0.005063058564017606,0.010208995910007507,-0.0038522315802086097,0.009578773194867315,-0.0015025882247106394,-0.012583949644288592,0.0026009584684525233,0.019902780566996355,0.026467857247387823,0.027600880660883398,0.09186033,0.020660134,0.0,0.020660134,0.0,0.020660134,0.020660134,0.01867769
2025-11-24,-0.007797824,-0.009212826616317034,-0.03397175620633251,-0.016472601401917635,-0.04249693444016739,-0.015755959947481753,-0.037859407827417944,-0.008884013548027144,-0.009970202760769759,-0.011056391973512372,-0.009638861766979003,-0.005260031113686638,-0.003929016904228113,-0.005945079019618937,0.005143214,-0.007797824,-0.007797824,-0.007797824,-0.007797824,-0.007797824,-0.007797824,0.00054269563
2025-11-25,0.024882883,0.024330156526751814,0.025565805147094812,0.024157964063100515,0.02305747813659693,0.020655003881845622,0.02047425575046709,0.018064874253579815,0.011246865440848153,0.00442885662811649,0.011528819230598626,0.022760663972316634,0.024981397269716994,0.02925061892525349,0.036656708,0.024882883,0.024882883,0.024882883,0.024882883,0.024882883,0.0021880886,0.0
2025-11-26,0.018947404,0.019806775517985223,0.01574947541253665,0.014162262178454548,0.0009339662872085899,0.011771994909234345,0.006209261427741766,0.015086472831625125,0.011225541959899674,0.007364611088174227,0.01167692317058802,0.01939319485521668,0.02047438251849433,0.018060396876100615,0.029075742,0.018947404,0.018947404,0.018947404,0.018947404,0.018947404,0.0068558147,0.003670921
2025-11-28,-0.0266084,-0.0030078364445455374,-0.0018636320676307212,-0.0019329419385269286,0.005076871424854098,0.009732609751857817,0.008408695298512897,-0.01788824368980345,-0.0091680882058964,-0.00044793272198935356,-0.009619012961900295,-0.019174378178733645,-0.02589776548133655,-0.026522957734414376,-0.02646715,-0.0266084,-0.0266084,-0.0266084,-0.0266084,-0.005093508,0.0,0.0
2025-12-01,-0.013185747,-0.03814474956855178,-0.03814474953315375,-0.015171914302371442,-0.02113041592869414,-0.002610227227844298,-0.004943462876408243,-0.017331896441689414,-0.021478045799170994,-0.025624195156652575,-0.022576247197856336,-0.027371499502526417,-0.0331871284627017,-0.013958905882224482,-0.050958455,0.0,-0.013185747,-0.013185747,0.0,-0.017185329,-0.02372938,0.0
2025-12-02,0.012185272,0.026858526884801687,0.026858526513622954,0.011762622660920024,0.010494675333122216,0.01230501888755709,0.017014899671141805,0.013151642524219425,0.014118013160864504,0.015084383797509588,0.013957198456215531,0.0115122298145448,0.020947871424935084,0.013174350400799284,0.037067674,0.0,0.012185272,0.012185272,0.0,0.01536908,0.0026808286,0.0
2025-12-03,-0.0068347454,-0.005551994673740119,0.0033042859598187996,0.010584758511707187,0.058100738176709334,0.006924287585113198,0.014287247178529559,-0.01016496071077378,-0.013495175898027748,-0.016825391085281714,-0.015078443984759786,-0.004698997866828058,-0.006750684876037254,-0.034191550130944215,-0.010228918,-0.0068347454,-0.0068347454,-0.0068347454,-0.0068347454,-0.004325828,-0.00014523485,0.0
2025-12-04,-0.0085646035,-0.015363866300620138,-0.024078930943207223,-0.0093176425681822,-0.011576760466369344,0.00035331314286217094,0.0004271807969546378,-0.011440661784919162,-0.014316720054868977,-0.017192778324818792,-0.015562057915066548,-0.004041312905457456,-0.01128859886772592,-0.008382995940337423,-0.0066566905,-0.0085646035,-0.0085646035,-0.0085646035,-0.0085646035,-0.008025214,-0.0035234564,-0.004175078
2025-12-05,0.013828553,0.010026720747984946,0.01097233460765807,0.01296502682350576,0.010374448285183236,0.014423938921820373,0.006302754009994661,0.011582452597172836,0.009336351934972956,0.007090251272773081,0.007625418881565118,0.016117775185263097,0.009374147630296646,-0.0008219625537400077,-0.0030615735,0.013828553,0.013828553,0.013828553,0.013828553,0.013828553,0.013828553,0.0012636121
2025-12-08,-0.019433383,0.0023272702444717287,0.0188452549701926,-0.017206255558654668,-0.010524873425632573,-0.015597376945335417,-0.016148742314635277,-0.01957106262740934,-0.019708742123418926,-0.01984642161942851,-0.019709531687308587,-0.021313455182513905,-0.012627618754578924,-0.01691584364430554,0.021217333,-0.019433383,-0.019433383,-0.019433383,-0.019433383,-0.00281975,-0.00019079642,0.0
2025-12-09,0.00860398,0.0075370799957215785,-0.01448356133971234,3.0331182852387506e-06,-0.011529293499285895,-0.0085864414441213,-0.009726944093619655,0.008494524024377361,0.008385067982499985,0.008275611940622613,0.008326623427522991,0.008860623654798939,0.014686783841303126,0.013538019336204243,0.0034451461,0.00860398,0.00860398,0.00860398,0.00860398,0.0074445102,0.0,0.0
2025-12-10,1.9715342e-05,-0.03490595113283023,-0.04413812095248093,-0.007426502298656851,-0.011594231086222493,-0.00320533943625167,-0.009550700504320837,0.003138221980817732,0.006256728619430446,0.00937523525804316,0.008056288247354833,-0.00018583348995341318,-0.004666578932665288,0.0023692802167394333,0.01251178,1.9715342e-05,1.9715342e-05,1.9715342e-05,1.9715342e-05,-0.0060614864,-0.00083919865,0.0
2025-12-11,0.015817141,-0.0006533544700965286,0.006602795689498594,0.009006869177911431,0.011833158546161737,0.042682041007466615,0.03611521843343235,0.016242748656867378,0.016668355280250922,0.017093961903634467,0.017733432793757532,0.006946115494144507,0.014559884329157119,0.018160084524645015,-0.009410421,0.015817141,0.015817141,0.015817141,0.015817141,0.004905566,0.0,0.0
2025-12-12,0.022411317,0.04369203326029703,0.04904636863515366,0.018665459169708194,0.014270538258724954,0.014159779511690139,0.013414078460687314,0.011517935176935713,0.0006245536042316139,-0.01026882796847249,0.003108578920254345,0.019106613238566657,0.03118926454017955,0.02245908479744685,-0.02563292,0.022411317,0.022411317,0.0,0.0,0.02109439,0.01188874,0.006695519
2025-12-15,-0.0089421095,0.006897400968931615,0.039649362639073815,0.001054090015552938,0.026993583608252665,-0.001726503884177655,0.008625985530686584,-0.006501469459950486,-0.004060829736492652,-0.0016201900130348177,-0.004838001899884167,-0.009693960418971938,-0.009731192025355993,-0.004566421646472918,0.026213253,0.0,-0.0089421095,-0.0089421095,0.0,-0.0089421095,-0.004481193,-0.0022097903
2025-12-16,0.011768647,0.0030675846637412906,0.004331410451187453,0.006878989154640585,0.004807949844196128,0.007114604750219733,0.0044763866944638585,0.008909170975908086,0.006049695006104947,0.003190219036301808,0.00504589468373221,0.0061633088838628615,0.016156754733740605,0.011849261551105883,-0.042735633,0.0,0.011768647,0.011768647,0.0,-0.0003654958,0.0,0.0
2025-12-17,-2.1993474e-05,-0.005383672702945768,-0.004244753287253393,-0.01874906785003841,-0.016134754255763932,-0.016703783417213708,-0.0069129610586848135,-0.007376820264023103,-0.014731647054408357,-0.022086473844793612,-0.02937230797930867,-0.0023750649555059782,0.007385602546855808,0.010369898784019504,-0.0034390553,-2.1993474e-05,-2.1993474e-05,-2.1993474e-05,-2.1993474e-05,0.0,0.0,0.0
2025-12-18,0.0034878962,-0.004256682424172759,-0.007896927018903951,-0.008708197286184877,-0.01895412902814942,-0.004162614996042102,-0.006208311822233072,-0.0010502835546735852,-0.00558846334174726,-0.010126643128820936,-0.007941013324028943,0.003432321030355282,0.0068126981982707295,0.014218564284907309,-0.0055107344,0.0,0.0034878962,0.0034878962,0.0,0.005842448,0.0033180886,0.00036896148
2025-12-19,0.04989326,0.0731002240416035,0.04229830772536754,0.043107099340725694,0.037331976233769916,0.03215230282312259,0.026554547102696023,0.04193056912800293,0.033967879825476464,0.026005190522950004,0.033468656657675074,0.045485948712071386,0.07339262308087201,0.05940905423252918,0.077584766,0.04989326,0.04989326,0.04989326,0.04989326,0.04989326,0.04989326,0.04989326
2025-12-22,0.0056581497,0.0007405605490691958,0.001768178927040836,0.005943138185851276,0.0060104122995281485,0.010631057014390826,0.009792511911370337,0.00619161562392017,0.006725081645017381,0.007258547666114593,0.0072222679727957165,0.005845824767415033,0.0037733347917144958,-0.01062525299466488,-0.030108906,0.0056581497,0.0056581497,0.0056581497,0.0056581497,-0.0011405627,0.0,0.0
2025-12-23,0.00024036196,-0.006310121517460793,-0.010643188659597371,-0.002428566686902195,-0.0028334788366762348,-0.002688337103817612,-0.0028498772617089755,-0.0005944896780757109,-0.001429341314427902,-0.002264192950780094,-0.0020410770572134194,-0.0001160923411526577,0.0009175942840308632,0.0020258891474425056,-0.011025792,0.00024036196,0.00024036196,0.00024036196,0.00024036196,0.0025841503,0.0,0.0
2025-12-24,-0.012158664,-0.023198622374571858,-0.02393774823883758,-0.01166386999214068,-0.011963743334015533,-0.006222813731506467,-0.006096455378954847,-0.012972565654770448,-0.01378646754075396,-0.01460036942673747,-0.015546804400007214,-0.0048275976836745105,-0.02012218873609196,-0.01211446800516569,-0.014711148,-0.012158664,-0.012158664,-0.012158664,-0.012158664,-0.012062608,-0.012062608,0.0
2025-12-26,-0.001830925,0.02105955935519189,0.017773654962066874,0.011433555221557617,0.006497845027992915,-0.0007869160545431078,-0.0018422909868756527,0.0004169681612002053,0.0026648613232318954,0.0049127544852635855,0.00749089693008698,-0.0019755999656508507,0.006054272514302285,-0.009531352767579993,-0.02494307,-0.001830925,-0.001830925,-0.001830925,-0.001830925,0.008589753,0.008589753,0.0
2025-12-29,0.022896424,0.08119824696302413,0.1136055754209516,0.05026184456512332,0.07941964232256762,0.034316869970913974,0.03724626881897347,0.02266282041626011,0.022429217711537275,0.02219561500681444,0.022276051439965576,0.021478117762769047,0.024573182706213136,0.02550372443211346,0.012844149,0.0,0.022896424,0.022896424,0.0,0.0034198319,0.0034198319,0.0
2025-12-30,-0.046657197,0.03344878605537117,0.0821376555623325,-0.03158331484444439,-0.003868316886895047,-0.014372782502621412,-0.004545962780394758,-0.048181177654094826,-0.04970515987700935,-0.051229142099923866,-0.04949958168762884,-0.08347865867363438,-0.02256849714851176,-0.04532422658829027,-0.049895424,0.0,-0.046657197,-0.046657197,0.0,0.00035384262,0.0,0.0
2025-12-31,0.01561981,-0.03173110335867852,-0.038883954166698355,-0.008753548084385693,-0.01704535411279934,-0.0013059134808182716,-0.0068068629664145884,0.007649916214373531,-0.000319977426959927,-0.008289871068293384,-0.0029331075423553628,0.009823651029634721,0.017525993865406646,0.02206286740215946,0.006003739,0.01561981,0.01561981,0.01561981,0.01561981,0.0,0.0,0.0
2026-01-02,0.025167884,0.024377932934723796,0.01601517656943073,0.02164251967303455,0.013247844741776794,0.021244777820240708,0.017094500446172806,0.0141175102257919,0.0030671363792949304,-0.00798323746720204,0.008562259510109691,0.028313627325024054,0.02560756697467613,0.03352509006750992,0.018508792,0.025167884,0.025167884,0.025167884,0.025167884,0.025167884,0.025167884,0.014013648
2026-01-05,0.015953273,-0.04737426522217691,-0.11586876811901001,-0.009408284643702209,-0.03791997768066106,0.0022835817470401526,-0.01169603366526232,0.014842415556080738,0.013731558065399725,0.01262070057471871,0.012733062284405128,0.013147416478850689,0.009666740459347654,0.02237640092992521,0.046362273,0.0,0.015953273,0.015953273,0.0,0.0,0.0,0.0
2026-01-06,-0.018983372,-0.018347425023447723,-0.01840348890965353,-0.011779642604850232,-0.0076282120740777115,-0.018355580563414842,-0.016944436181118367,-0.020491547595216136,-0.021999724565949647,-0.02350790153668315,-0.022881115836844244,-0.01707903370588409,-0.02181966634869406,-0.016869030778722482,0.00598255,-0.018983372,-0.018983372,-0.018983372,-0.018983372,-0.018357001,-0.004567079,0.0
2026-01-07,-0.012520663,-0.013967147658355534,-0.012768953903990408,-0.008470316242054104,-0.007254615901123515,-0.009783651090450585,-0.007630465722231467,-0.012180615398342877,-0.01184056700721228,-0.01150051861608168,-0.011630163703227923,-0.009195447170898735,-0.016974274690305304,-0.012439210244338028,-0.03003047,-0.012520663,-0.012520663,-0.012520663,-0.012520663,-0.012520663,-0.0056040427,0.0
2026-01-08,0.018354872,0.029474627040028574,0.04025427480985202,0.022927147744596005,0.027861530621956468,0.015557163344006985,0.01726727244988792,0.01563037748778681,0.012905882733957368,0.010181387980127927,0.011316907494218084,0.018322808963019414,0.01601845386057076,0.018354872197960503,0.03858833,0.018354872,0.018354872,0.018354872,0.018354872,0.018354872,0.017417653,7.7198594e-05
2026-01-09,0.021095656,0.038321022365354,0.03979703931501369,0.024220897978805007,0.027683520761280486,0.015443131244704127,0.022836241091030655,0.027317143970924895,0.03353863126842584,0.039760118565926796,0.0329744897348591,0.018482230632196783,0.023555906041821634,0.0210956566297682,0.02831635,0.021095656,0.021095656,0.021095656,0.021095656,0.021095656,0.021095656,0.021095656
2026-01-12,0.007194707,0.00029729471040889624,-0.0008987119061525731,0.0048856989733129744,0.002992087485828785,0.005076392340920865,0.0032672478336598504,0.005737817632936156,0.004280928212158812,0.0028240387913814674,0.003618245387989754,0.005818085704941884,0.006037446501961147,0.01242918529347481,-0.013353881,0.0,0.007194707,0.007194707,0.0,0.001487365,0.001149956,0.0
2026-01-13,-0.0014815499,0.021091661138571798,0.019213552288487923,0.011494796432927251,0.018784924938927416,0.00338014146104455,0.007052405041977535,0.0033064557358240387,0.008094461402406852,0.012882467068989663,0.007570091830309724,0.0023774814510224,-0.0047887702324343005,0.009969354795584362,0.013029566,-0.0014815499,-0.0014815499,-0.0014815499,-0.0014815499,-0.0014815499,-0.0027115808,-4.4985893e-05
2026-01-14,-0.008175383,-2.8680498078465302e-05,-0.005051051998580901,-0.011503975022677332,-0.014913767344383298,-0.004599831835664809,-0.009618809660182116,-0.01701305947716878,-0.025850735690604323,-0.034688411904039866,-0.027582126070639788,-0.011186554932640204,-0.0035264010308310393,-0.009322432954033122,-0.0166501,-0.008175383,-0.008175383,-0.008175383,-0.008175383,-0.008175383,-0.008175383,-0.00014857302
2026-01-15,0.011464574,0.013362607848532498,0.013364529232664868,0.013564731182642282,0.015274513649930977,0.007858555201888084,0.00808433435574422,0.00752802859982587,0.00359148282539322,-0.0003450629490394305,0.0036468774694237527,0.009246909470084448,0.013674439761829985,0.014988042609538788,0.009457076,0.011464574,0.011464574,0.011464574,0.011464574,0.011464574,0.009728365,0.0035948602
2026-01-16,-0.01547527,0.010581513298321516,0.04494246725286011,-0.0005632324275001883,0.044172883223178284,-0.006826252992302179,0.01967988658183096,0.010360012378350134,0.03619529544430273,0.06203057851025533,0.02276919273597619,-0.00871319529799891,-0.01154815556947142,-0.015434235665452434,0.0012288862,-0.01547527,-0.01547527,-0.01547527,-0.01547527,-0.01547527,-0.01547527,-0.01547527
2026-01-20,0.013532303,0.01558678569469601,0.015586785631925263,0.010816650233138353,0.010816650240951724,0.007075370801314712,0.007075370361272131,0.006170020691606978,-0.001192262356125155,-0.008554545403857288,0.00343176206337191,0.0130307674751483,0.015778471278661693,0.013532303637475707,0.0072225137,0.013532303,0.013532303,0.0,0.0,0.013532303,0.013532303,0.013532303
2026-01-21,0.0029787438,0.009857015963345766,0.009730202274504995,0.0024654434281028807,0.0014929587888167055,0.011088968579154462,0.009629800175684567,-0.005657303989889284,-0.01429335167403556,-0.02292939935818183,-0.016148849599385513,0.0049543114557268324,0.0065892042994329875,0.0029787437088089064,0.04191893,0.0029787438,0.0029787438,0.0029787438,0.0029787438,0.0029787438,0.0029787438,0.0029787438
2026-01-22,0.0160452,0.018436912435274573,0.015013136722691474,0.011048616105448454,0.004118484034052449,0.006347235215660185,-0.0001104825956585731,0.016609500409466748,0.01717380134461368,0.01773810227976061,0.01713817763542194,0.01588704157599463,0.019817460506138477,0.023240279533967012,-0.019806368,0.0160452,0.0160452,0.0160452,0.0160452,0.0160452,0.0160452,0.009085213
2026-01-23,0.054741822,0.028730263947155325,0.025785288815778164,0.05985215455718339,0.06079476290885713,0.061321982474438846,0.06133631440844529,0.051922177210613846,0.04910253386791001,0.04628289052520619,0.04791118942120674,0.059793165712768284,0.04600351856471124,0.024699774360377624,-0.032288022,0.054741822,0.054741822,0.054741822,0.054741822,0.054741822,0.054741822,0.054741822
2026-01-26,0.014512068,0.026156674269232898,0.03208829520113857,0.016458830065876246,0.0188882508418925,0.024352399186678232,0.038321642289695555,0.010187224227872202,0.005862381144301015,0.0015375380607298263,0.007463659125557774,0.015161054734056954,0.01863427389921113,0.017199453995999647,0.077029146,0.0,0.014512068,0.014512068,0.0,0.011763199,0.0103899,-0.0010680875
2026-01-27,0.018855209,0.03151143262127414,0.03175333920206957,0.026949070569500327,0.030058206084895785,0.027111249271817506,0.04576756574089798,0.015357203596488012,0.0118591994768612,0.008361195357234393,0.011437107687932284,0.014315807153264833,0.023780169142198496,0.026054217308008276,0.009322212,0.018855209,0.018855209,0.018855209,0.018855209,0.018855209,0.017281866,0.0
2026-01-28,0.011048567,-0.0017056357073038817,0.0024391309340853584,0.009313191824704409,0.008547958203241187,0.006581153384987265,0.006565439271375673,0.008739900663758134,0.006431234311838578,0.00412256795991902,0.005679169154690947,0.014761173416776225,0.001966732995457609,0.011143397332489258,-0.007844543,0.011048567,0.011048567,0.011048567,0.011048567,-0.0010912134,0.0,0.0
2026-01-29,-0.020826658,-0.0685148979074508,-0.06971917577582538,-0.01417924825830385,-0.01438243261542771,-0.010600879677534102,-0.011707029510546923,-0.017610276218362288,-0.014393894144516712,-0.011177512070671136,-0.014821799821281432,-0.020125667461674244,-0.04258791411888193,-0.027975601781701886,-0.07548933,-0.020826658,-0.020826658,-0.020826658,-0.020826658,-0.009254964,-0.0067461086,0.0
2026-01-30,-0.005842965,-0.0112440921812132,-0.01648386248622291,0.0025087421081215143,0.0020211318516885008,-0.0030996014757454396,-0.0019340533269170909,-0.0034019153619963944,-0.0009608653949268698,0.001480184572142656,0.0007382843024089174,-0.007257223242997117,-0.002858416712842882,-0.005751658016379224,-0.011331839,-0.005842965,-0.005842965,-0.005842965,-0.005842965,-0.005842965,-0.005842965,-0.005842965
2026-02-02,0.0069397436,-0.017118054111897946,-0.009826201886493946,-0.005368584009446203,-0.0020997605138913136,-0.016728919884487985,-0.0057508809587991545,0.005501376477732239,0.004063009193559939,0.0026246419093876395,0.0021237301517440096,0.0041235705860084544,0.009262091490778737,-0.0021522080533955545,-0.023513418,0.0,0.0069397436,0.0069397436,0.0,0.0053455587,0.007004785,0.0
2026-02-03,-0.014981413,-0.016312383069023488,-0.01753965246638895,-0.01332205970454961,-0.014157414159771613,-0.01039235608741641,-0.010707926931020307,-0.016225703992008098,-0.017469994840329243,-0.01871428568865039,-0.01989246836551697,-0.012990349950417224,-0.017134582440749828,-0.01493670407216996,-0.00581502,0.0,-0.014981413,-0.014981413,0.0,-0.0017585153,-0.0011108535,0.0
2026-02-04,-0.032133654,-0.02620551596658304,-0.010322784329358481,-0.021623156207241118,0.0014967469312744484,-0.026562012317348272,-0.01720377335782937,-0.022494416933347066,-0.012855181620136952,-0.003215946306926839,-0.015117827413725568,-0.029440321003668682,-0.03464091840750452,-0.03213365229021292,-0.07499821,-0.032133654,-0.032133654,-0.032133654,-0.032133654,-0.027465148,-0.01056551,0.0
2026-02-05,0.0404619,0.0320531216773577,0.02260807577949642,0.03714430789552629,0.02835664132710653,0.04251155646661296,0.028910427370871062,0.03206840389131256,0.02367490539239095,0.015281406893469341,0.024172602690172015,0.03854566676933007,0.04316022600449453,0.04046190240478609,0.09241055,0.0404619,0.0404619,0.0,0.0,0.0404619,0.0404619,0.0404619
2026-02-06,0.00876034,0.058831983790490774,0.03939625286536678,0.02650816797606647,0.02118061781024063,0.02345377243798226,0.019150448451523958,0.009417327838516265,0.01007431632938689,0.010731304820257517,0.011183369377885844,0.0018639892387510254,0.014265350739217617,0.009537627175535413,0.014262127,0.00876034,0.00876034,0.00876034,0.00876034,0.00876034,0.011008763,0.0
2026-02-09,-0.013580881,0.002377318904902786,0.0017761887422232513,-0.005141472539640963,-0.003365743645015905,0.00024711402861401447,0.002960348024886754,-0.016594413912024063,-0.01960794641563239,-0.02262147891924072,-0.019279877661990866,-0.009809388599430719,-0.011263560100500895,-0.014952700755189952,-0.012786966,-0.013580881,-0.013580881,-0.013580881,-0.013580881,-0.0029203517,0.0015469758,0.0
2026-02-10,0.0067925123,0.00761039294499904,0.007683771294718067,0.0059592808965779846,0.005345230649214329,0.012509322447814048,0.007086642584149672,-0.003580090759865255,-0.01395269395100561,-0.024325297142145957,-0.01090061341812809,0.006438066031179184,0.007898817989255555,0.0068333549752424005,-0.025337663,0.0067925123,0.0067925123,0.0067925123,0.0067925123,0.0067925123,0.003154481,0.0033235524
2026-02-11,-0.009009143,0.03167142997233197,0.059471556438977176,-0.004732711298018694,-0.0009029900479962452,-0.006627858311757445,-0.0076696810921704104,-0.013777941207347346,-0.018546738844256665,-0.023315536481165983,-0.019264764668091613,-0.0007808219829023742,0.004139129722236909,-0.009009143577713985,-0.076276645,-0.009009143,-0.009009143,-0.009009143,-0.009009143,-0.009009143,0.0023970664,0.0019457822
2026-02-12,0.016467275,0.02943211190611124,0.04578270870351622,0.0255648125320673,0.041499226011571584,0.006335749181695282,0.0056118076967728355,0.013879327542391167,0.011291379753985493,0.00870343196557982,0.012970173996804252,0.014608173995858682,0.010282986952965572,0.016467275345348753,0.018683238,0.016467275,0.016467275,0.0,0.0,0.016467275,0.016467275,0.016467275
2026-02-13,-0.016440451,-0.057394443757608535,-0.0802793764001011,-0.03387694744303822,-0.04322173666017617,-0.02188805871553719,-0.03048832799087383,-0.014352250418149227,-0.012264050273202943,-0.010175850128256659,-0.012537229493285638,-0.015727882754242927,-0.018936979804526678,-0.016440450548543595,-0.0053956807,-0.016440451,-0.016440451,-0.016440451,-0.016440451,-0.016440451,-0.015688892,-0.002404523
2026-02-17,0.022690255,0.02015014658425003,0.016538944177432603,0.02179815068004653,0.020515398053952742,0.0138414733627066,0.0037119411886102943,0.019395534098720756,0.01610081352640804,0.012806092954095327,0.016362777701154588,0.021873403930413475,0.023181772482877762,0.023271086208828784,0.022735225,0.022690255,0.022690255,0.022690255,0.022690255,0.022690255,0.022690255,0.022690255
2026-02-18,-0.014625275,-0.013769292168151587,-0.006213855437306096,-0.012452502281237393,-0.009403851954836142,-0.009131215240042657,-0.006511730363328125,-0.010674075666463834,-0.006722876989511571,-0.002771678312559308,-0.007609082502216242,-0.01359708684285671,-0.01579483065182682,-0.0001494522928053854,0.020645304,-0.014625275,-0.014625275,-0.014625275,-0.014625275,-0.014625275,-0.011606685,-0.00045526857
2026-02-19,-0.004001129,0.008074570027813316,0.008383847395295792,-0.006875617732591927,-0.010279413462012058,-0.004060497150979937,-0.001685106602328448,0.0005028257184692547,0.0050067805063040705,0.009510735294138888,0.0020096163442359745,-0.004933544488886854,0.0037009566006335343,-0.0039175171514216345,-0.017039424,-0.004001129,-0.004001129,-0.004001129,-0.004001129,-0.004001129,-0.000159394,0.0
2026-02-20,0.0036449158,0.004126863858774304,-0.01124437245722908,-0.0011651564520224929,-0.014676340834622041,-0.009180051933210344,-0.021397360806472532,0.006086092346784202,0.008527268813864345,0.01096844528094449,0.007532101452592327,0.0021415069109053256,0.00853928255806254,0.0036449158360483125,0.01196265,0.0036449158,0.0036449158,0.0036449158,0.0036449158,0.0036449158,0.0036449158,0.0036449158
2026-02-23,-0.008003815,-0.010859651884883642,-0.010915376241937102,-0.004505276200715452,-0.0032450355504556718,-0.01261482702018693,-0.014003997583899256,-0.008133785716389445,-0.008263756413741316,-0.008393727111093187,-0.00820278609130296,-0.0015931699942352347,-0.011794482482681898,-0.0016830267300207424,0.030289007,-0.008003815,-0.008003815,0.0,0.0,-0.005430261,0.0,0.0
2026-02-24,0.014671579,0.004790267978906632,0.007421733209417431,0.011440836592484266,0.010642407263968343,0.005387670193109661,0.004042849282369228,0.010460820655079008,0.00625006224861631,0.002039303842153612,0.0023963659265479,0.011501104098931002,0.016203571714206853,0.012063338632868348,0.016339285,0.014671579,0.014671579,0.014671579,0.014671579,0.014671579,0.00736776,0.0
2026-02-25,-0.01889034,-0.004669836508519948,0.0032766107330354476,-0.0036675121127068997,0.006359218538556649,-0.025285698757264764,-0.015241834926144402,-0.020337895986212697,-0.021785451159921098,-0.023233006333629506,-0.021354735218750802,-0.017531431237821086,-0.02021391379795122,-0.01071030268441664,-0.0071847225,-0.01889034,-0.01889034,-0.01889034,-0.01889034,-0.01889034,-0.01889034,-0.0024446666
2026-02-26,-0.020849466,-0.02883405275218189,-0.027561157208369172,-0.013276950151547789,-0.009020519547129555,-0.007585658335350454,-0.001539330011404761,-0.00974932759576212,0.001350810201005723,0.012450947997773573,-0.0001959605594589113,-0.01804422004047569,-0.028352103657512503,-0.0207149646266771,-0.031239187,-0.020849466,-0.020849466,-0.020849466,-0.020849466,-0.020849466,-0.013249394,-0.0068113827
2026-02-27,-0.010165596,0.015301942315064371,0.03534326940579567,0.012539250964410604,0.015387877944253923,0.011635666254684329,0.011495752009402359,0.00106395554138998,0.012293506997948483,0.023523058454506987,0.014560723834215633,-0.014355055357371279,-0.00925085549666123,-0.010055293584853686,0.023113303,-0.010165596,-0.010165596,-0.010165596,-0.010165596,0.0,0.0,0.0
2026-03-02,-0.055972766,-0.02732144702261314,-0.02471731558709381,-0.024355517744906248,-0.018113920328456226,-0.02099658502820879,-0.017951783327298326,-0.0377489430139328,-0.01952512094444086,-0.0013012988749489134,-0.017470418069865174,-0.05287206910819145,-0.05601590966848148,-0.060042548886559466,-0.05974642,-0.055972766,-0.055972766,-0.055972766,-0.055972766,-0.055972766,-0.055972766,-0.055972766
2026-03-03,0.023940036,0.02258091042947024,0.011377242192813618,0.016901003546919674,0.0017738752980911553,0.028029840906057507,0.024813515131843336,0.020704357619556413,0.01746867945682406,0.014233001294091713,0.016974295073550333,0.02316093670833594,0.025336879769086156,0.024107441346131964,0.038281098,0.023940036,0.023940036,0.023940036,0.023940036,0.023940036,0.023940036,0.023940036
2026-03-04,-0.02158735,-0.005889194945693016,-0.005538976694581014,-0.018295836006589232,-0.018309134104599653,-0.017585801367275417,-0.01440766352800895,-0.017963755104350488,-0.014340160501440248,-0.010716565898530008,-0.012085135271744126,-0.019376217271633047,-0.015851475092032077,-0.023590458997284625,-0.044038437,-0.02158735,-0.02158735,-0.02158735,-0.02158735,-0.02158735,-0.004894441,-0.002103109
2026-03-05,-0.041164313,-0.029755935583151878,-0.02752033866219067,-0.030254263313580304,-0.02587590331944821,-0.029849690267909318,-0.02026164693755128,-0.025428329599471534,-0.009692345464899676,0.006043638669672184,-0.01283274792317697,-0.041694845942525385,-0.04021855826616626,-0.05426655679924064,-0.07114567,-0.041164313,-0.041164313,-0.041164313,-0.041164313,-0.041164313,-0.041164313,-0.024967508
2026-03-06,-0.020815246,-0.0045900748929195104,0.024142997566218648,-0.013542202720716595,0.008276925185198642,-0.012868338748514653,0.013523531858841493,-0.009872159387133553,0.0010709269164884423,0.012014013220110434,0.0009650545614771433,-0.02150179799254241,-0.017701101243834602,-0.014165772784777708,0.06343933,-0.020815246,-0.020815246,0.0,0.0,-0.020815246,-0.020815246,-0.020815246
2026-03-09,0.012568775,0.013126371707469225,0.015396780856136218,0.014251127801593393,0.0148252619016691,0.006965027567092329,0.005600777381655396,0.012586474183266798,0.012604173791631689,0.012621873399996578,0.012609812891856127,0.01152832836820953,0.009644383657723665,0.012620987752598012,0.022797639,0.012568775,0.0,0.012568775,0.0,0.012568775,0.012568775,0.012568775
2026-03-10,-0.0068546007,-0.006997678266204893,-0.007079706173436182,0.0009088291107863188,0.004314589116039525,-0.0034397444551624357,0.0010365060819149934,-0.008202248742138056,-0.009549896861957428,-0.010897544981776797,-0.010571603511204236,-0.006708545811205852,-0.006586365732999348,-0.006854600673250388,-0.022219427,-0.0068546007,0.0,-0.0068546007,0.0,-0.0010386233,0.0,0.0
2026-03-11,-0.012016842,0.005572399254534394,0.03044943810686243,0.002442706169877201,0.029342347618176865,-0.0040546579138934615,0.004588124934787896,-0.0024281486189349343,0.007160544729254623,0.01674923807744419,0.006331372550411539,-0.011898483053361657,-0.009014395974703472,-0.012016841959848534,-0.02731562,-0.012016842,0.0,-0.012016842,0.0,-0.0047912686,0.0,0.0
2026-03-12,0.004405473,0.004383860460594296,0.002691117258589684,0.0013232893423922362,0.0036349270744675454,0.00338035048475489,0.004625081886928932,0.004618106673491031,0.00483074039550653,0.005043374117522031,-0.010625162343609806,0.004128114640761232,0.0033213681615465746,0.0047045314244154035,0.003498353,0.004405473,0.004405473,0.0,0.0,-8.672243e-05,0.0,0.0
2026-03-13,0.0053094397,0.0016822697753645479,0.003673001294896721,0.0026810715798288583,0.004652347652459542,0.0005913271914981307,0.0038190754213171018,0.004565729525684736,0.0038220193214703047,0.0030783091172558734,-0.02126363101332587,0.0036686039626917825,0.005463815540794961,0.005389763467974262,0.006416939,0.0053094397,0.0,0.0053094397,0.0,0.0,0.0,0.0
2026-03-16,0.010180013,0.0021769945949688552,-0.0031132987766735176,0.004470289394631982,-0.0018498670741177222,0.00013240357652306552,-0.0044143113941033825,0.0029206043383205008,-0.00433880411198257,-0.01159821256228564,-0.0050216462146318915,0.011469136383126653,0.007061873645183037,0.01018001285410719,-0.0010562607,0.010180013,0.0,0.010180013,0.0,0.010180013,0.003530098,0.0
2026-03-17,-0.0030583187,0.004510501205977052,0.017236147022676326,0.002250423843152821,0.01145488753112375,0.001105464478265494,0.00955294492346821,0.001478706811048335,0.006015732427511853,0.010552758043975369,0.004301749142097303,-0.004273459311616323,0.003174003447532994,-0.028597925791259193,-0.015461981,-0.0030583187,-0.0030583187,-0.0030583187,-0.0030583187,-0.0030583187,-0.0012576843,0.0
2026-03-18,-0.030873215,-0.05371597797878087,-0.05411534697431314,-0.025661900787763297,-0.024613183760629136,-0.01422211484439671,-0.014103066676239479,-0.02637374516531632,-0.021874275446437164,-0.017374805727558004,-0.015374984697390567,-0.015774403686756616,-0.04482080865206874,-0.030817621747701196,-0.019770252,-0.030873215,-0.030873215,0.0,0.0,0.0,0.0,0.0
2026-03-19,-0.004595919,-0.006533138731382787,-0.004689437323967167,-0.00022700504548847644,0.009512564358754073,-0.0059078332715481515,-0.0056615112708287355,-0.002504215477500458,-0.0004125119084499268,0.001679191660600602,-0.0007654526883428122,-0.0031971726093515465,-0.0056456910880197855,-0.0045959190974826925,-0.05267364,-0.004595919,0.0,-0.004595919,0.0,-0.004595919,-0.004595919,-0.004595919
2026-03-20,0.025214683,0.038259105388596656,0.08501032822726498,0.02662945391336456,0.030332044107735778,0.023392627378571777,0.019117772029409914,0.007802572203410676,-0.009609538450218964,-0.027021649103848605,-0.015063937900640168,0.023929720992333276,0.023777512162500482,0.023022965090850445,0.039048713,0.025214683,0.025214683,0.0,0.0,0.025214683,0.025214683,0.0055437526
2026-03-23,-0.0104466155,-0.0007119511328078807,0.0029170523276302474,-0.002236898903883994,0.005462742115444974,-0.004418052299097181,-0.0020624761091036477,-0.00434894015748831,0.00174873485291685,0.007846409863322008,0.0031854346013946598,-0.009479612798036084,-0.010513796072072264,-0.010397206420748262,-0.0032311077,-0.0104466155,0.0,-0.0104466155,0.0,-0.0104466155,-0.001420552,-0.001420552
2026-03-24,0.032035552,0.03248564411384985,0.013183091399390423,0.022618004250917582,0.010748342338665366,0.0253597359023802,0.009227040834248149,0.021786239015699215,0.011536926706446033,0.0012876143971928497,0.008857801032723921,0.030534949966510277,0.03553773500871929,0.026284891209998218,0.027035289,0.032035552,0.0,0.032035552,0.0,0.032035552,0.032035552,0.032035552
2026-03-25,-0.033838335,-0.02942187760066241,-0.030184269680955653,-0.032652054039388895,-0.030402916839049665,-0.027907497668936847,-0.0178619764204008,-0.024810961463174228,-0.015783589131501328,-0.006756216799828421,-0.01736667088190437,-0.033163606157327594,-0.032606800937686455,-0.03379172791028395,-0.075048275,-0.033838335,0.0,-0.033838335,0.0,-0.033838335,-0.025974663,-0.0059763636
2026-03-26,-0.00867984,-0.010950737277045847,-0.006064180461128846,-0.002703068227656186,-0.0028845752330144605,-0.005603273320961744,-0.00431494457699868,-0.005947310121120581,-0.0032147804598243413,-0.0004822507985281026,-0.0003393207321658212,-0.005444203435192541,-0.012518566560042514,-0.013516860308286471,-0.019904885,-0.00867984,0.0,0.0,0.0,-0.0046492326,-0.0015945194,-0.0015945194
2026-03-27,0.019685587,0.0217967517228052,0.01792189881928908,0.019265532099753617,0.018899888687994224,0.026798782308101655,0.025237634300337177,0.004088230787294836,-0.011509125921907065,-0.02710648263110897,-0.006911032154929303,0.01957405684400892,0.022774662642570383,0.02166639642417234,-0.026730428,0.019685587,0.0,0.0,0.0,0.019685587,0.008578782,0.0
2026-03-30,0.015753336,0.002725713143236935,-0.026656985331627754,0.010099752787090837,-0.006860998722692348,0.012174908395577222,0.01217490886657466,0.0005612050737887637,-0.014630925986789164,-0.029823057047367093,-0.014073339073701209,0.014577431207151461,0.012883936498441141,0.01581053883637651,0.07141221,0.015753336,0.0,0.015753336,0.0,0.015753336,0.015753336,0.015753336
2026-03-31,0.017405108,0.021885442360937597,0.03623068892147344,0.018411638299785555,0.01932723352782261,0.0164156836954318,0.012107539381324202,0.00831036087839094,-0.0007843867919189282,-0.009879134462228798,0.0019042207714749272,0.02253482002061682,0.01725719499359415,0.009138339425272868,0.008059343,0.017405108,0.0,0.017405108,0.0,0.017405108,0.017405108,0.0025878346
2026-04-01,-0.057940103,-0.051348089045155795,-0.04455555737284914,-0.06057164388505742,-0.0673941667123848,-0.05173715606188402,-0.048209662526407945,-0.03810586337790565,-0.018271624748105567,0.0015626138816944987,-0.02663455834560851,-0.05720186860514029,-0.05695528803837739,-0.052845285064259784,0.045999646,-0.057940103,-0.057940103,-0.057940103,-0.057940103,-0.057940103,-0.057940103,0.0
2026-04-02,0.001740225,0.00649860058426857,0.007809290321305385,0.0029563171763345598,0.005358009199325865,0.005254346638955175,0.001515404039629237,0.0006121090789963494,-0.0005160068506961679,-0.0016441227803886856,-0.0004212742896190819,0.0013390033340793784,0.003701898049224506,0.0017928312154253945,-0.0042060865,0.001740225,0.001740225,0.001740225,0.001740225,0.001740225,0.001740225,0.001740225
2026-04-06,-0.0011488475,0.015312955579310655,0.01598103638749725,0.003188656798619777,0.0019610973803908262,-0.0021648787978664043,-0.0015966727771819524,0.0006322659567968944,0.0024133794565297712,0.004194492956262648,0.00562507833338129,-0.00368645916160323,0.002618974872695452,-0.0011488475356600247,0.0041773813,-0.0011488475,-0.0011488475,-0.0011488475,-0.0011488475,-0.0011488475,0.002159535,0.0029645034
2026-04-07,0.014493589,-0.028735080545656384,-0.0017348820248786843,-0.01983057069167495,0.001851962647665528,-0.028818818300310522,0.0002718330571389654,0.0031621489179244674,-0.008169291686468117,-0.019500732290860703,-0.053288062994419,0.014521280955918118,0.011085064690136776,0.014493589369521942,0.022103207,0.014493589,0.014493589,0.014493589,0.014493589,0.014493589,0.0,0.0
2026-04-08,0.00029119628,0.03150597536912188,0.041912358109363265,0.01681202476808801,0.018011701730179068,0.011285986693948508,0.013353953384586151,0.0010317244661262142,0.0017722526520933721,0.00251278083806053,0.002364270651071921,0.001484826052335454,0.0002816848128780042,0.00029119631653884426,0.01580013,0.00029119628,0.0,0.00029119628,0.0,0.00029119628,0.00029119628,-0.0005473722
2026-04-09,0.010636026,0.009833979168497025,0.0050184179075024055,0.005350810922272503,0.0029032292381879826,0.005352482918165624,0.0025762981425990275,0.007304873160386426,0.003973719815391983,0.0006425664703975389,0.004395222808406824,0.01089284904325127,0.011468636474191125,0.010636026476277038,0.0193814,0.010636026,0.010636026,0.010636026,0.010636026,0.010636026,0.0066437074,0.0
2026-04-10,-0.006892913,-0.018364546541422604,-0.02980567978791245,-0.015471674384642392,-0.03311387038973306,-0.011709341312851757,-0.015593444244161203,-0.004684034719456937,-0.0024751565923896053,-0.00026627846532227377,-0.002081984074198429,-0.004147544040867783,-0.006685874435457993,0.007610875630094327,0.054869696,0.0,-0.006892913,-0.006892913,0.0,-0.0018305578,0.0,0.0
2026-04-13,0.032477204,0.02552853106951341,0.027173300037910672,0.030051780658159406,0.027919693790250857,0.016993299903329463,0.014145428531964065,0.02843049084662697,0.02438377904262868,0.02033706723863039,0.025788366542410374,0.03251208151460639,0.030606220063584093,0.032525139507924905,0.026333548,0.032477204,0.032477204,0.032477204,0.032477204,0.02331313,0.0,0.0
2026-04-14,0.0033593075,0.008444796595424414,0.00805027436806459,0.0028866823549568653,0.003241151344943791,-0.0037230380103923377,-0.0014159266654118843,0.003060033688886986,0.002760759726365955,0.0024614857638449246,-0.0007729776614129784,-0.00039872453075805907,0.0071292664887468256,0.00650236433947704,0.0050704447,0.0033593075,0.0033593075,0.0033593075,0.0033593075,0.0033593075,0.0033593075,0.0038730577
2026-04-15,0.0022978464,0.00868522578354925,0.006237749882403075,-0.0009722730474360283,-0.0019747375426794962,-0.006368597030863166,-0.010051468597117192,5.64254578038206e-05,-0.0021849953937673767,-0.004426416245338575,-0.002784696931171855,0.0013662842874354732,0.00574205588570542,0.0023614456731593236,0.03068195,0.0022978464,0.0022978464,0.0022978464,0.0022978464,0.003347768,0.0,0.0
2026-04-16,0.013032668,0.03679907113743946,0.07135082951029706,0.013944438614062965,0.014733150490764468,0.008170078858640045,0.006740241803016292,0.0058531353229724775,-0.001326397973471699,-0.008505931269915872,-0.0022451282314626614,0.009663034828558488,0.017065547635270788,0.013032668546657078,0.023059227,0.0,0.013032668,0.013032668,0.0,0.0017630219,0.0,0.0
2026-04-17,0.0037070632,0.015270220271367579,0.007465718811427243,0.014725076946951448,0.006461566602753992,0.012320034400541335,0.005443468269758871,0.0037812869460220077,0.0038555107405205446,0.003929734535019081,0.006081637354245804,0.0035155952661211154,0.003068142040336336,0.003707063107867725,0.011104555,0.0037070632,0.0037070632,0.0037070632,0.0037070632,0.0037070632,0.0037070632,-0.00012364215
2026-04-20,0.005129395,0.024675358165744694,0.03882836316708928,0.008426785353478045,0.009651690393130949,0.009694349551815539,0.00988867308591821,0.0008888359007305818,-0.0033517233095371394,-0.007592282519804861,-0.0011735841193884445,0.00549385136967155,0.006128052267542277,0.0009044255817496349,-0.027510053,0.0,0.005129395,0.005129395,0.0,0.007225378,-0.00045746117,0.0
2026-04-21,0.036200587,0.014952180836983025,-0.013987175096660281,0.0301354361589998,0.015726035799657142,0.015647555333860218,-0.019553528300712743,0.024602764487540403,0.01300494401491072,0.0014071235422810297,0.0199599314795039,0.031717057863921795,0.03400301013819196,0.046547696842763386,0.06622484,0.0,0.036200587,0.036200587,0.0,0.035461713,0.0046667955,0.0
2026-04-22,-0.013650163,-0.016349939808901398,-0.02340278453593235,-0.016773682390637697,-0.02457625756951356,-0.008547980583105236,-0.0242005919142909,-0.01192769453623438,-0.01020522634489674,-0.008482758153559096,-0.010330164823257387,-0.010170245305089014,-0.013600050541572272,-0.02239890049453752,-0.042346057,-0.013650163,-0.013650163,-0.013650163,-0.013650163,-0.013650163,-0.013650163,0.0017189096
2026-04-23,0.020404406,0.0161714009145461,0.015573639542745626,0.020489777057282627,0.02052300035193479,0.017965063466336577,0.0169784427674178,0.015508279302832878,0.010612153295847073,0.005716027288861265,0.01201556054394726,0.01857884191389786,0.017600078695580702,0.020462091044660458,-0.007791028,0.020404406,0.020404406,0.020404406,0.020404406,0.020404406,0.010353901,0.0
2026-04-24,0.0014219165,-0.00012491659529507157,-0.00010380653978685726,-0.0047899245264753695,-0.0060663551095023706,0.0038108028438687326,0.0039951038850388676,0.0018191171690650184,0.002216317806731144,0.0026135184443972686,0.002003599027474494,0.0020349406484208164,0.0009012268284674394,0.0014738195241079666,-0.03833018,0.0014219165,0.0014219165,0.0014219165,0.0014219165,0.0014219165,0.0014219165,0.0014219165
2026-04-27,-0.044750873,-0.09430542851362378,-0.09862323759702973,-0.032570981710776686,-0.04170590059276012,-0.007769350019842386,-0.01559151691670113,-0.04410299742800419,-0.043455121390917395,-0.04280724535383059,-0.03658348154127172,-0.011996103523096885,-0.0800875283195637,-0.04475087348691886,-0.030412268,-0.044750873,-0.044750873,-0.044750873,-0.044750873,-0.044750873,-0.048656676,0.0
2026-04-28,0.014893507,0.020847057795319708,0.0299992014769529,0.019395018928591162,0.024279591165895918,0.021491049388665705,0.02751754520258244,0.015143823290947,0.015394139753664122,0.015644456216381247,0.015263213901100258,0.021880352330481988,0.008543956809973514,0.007337919628585432,-0.0012383077,0.014893507,0.014893507,0.014893507,0.014893507,0.014893507,0.014893507,0.014893507
2026-04-29,-0.017975982,-0.034917783153131605,-0.02952789688350479,-0.031846968256086114,-0.023023515524427093,-0.029227658626977356,-0.02196925519543326,-0.020063253822933766,-0.022150525134451454,-0.024237796445969143,-0.02884795256592964,-0.0224430950816008,-0.017707310069818048,-0.017277756071260697,0.018572038,-0.017975982,-0.017975982,-0.017975982,-0.017975982,-0.017975982,0.0023265863,0.0023265863
2026-04-30,0.0024918537,-0.2695608486401662,-0.12754391563887155,-0.13773710017360746,-0.08081729774474827,-0.07651552753850818,-0.04339830958933397,0.0006332115639113142,-0.0012254305377378558,-0.0030840726393870266,-0.006821941962414639,0.002187097678429167,0.002009448728693481,0.0020068629660623394,-0.014895977,0.0024918537,0.0024918537,0.0024918537,0.0024918537,0.0024918537,0.0024918537,0.0
2026-05-01,0.018939078,0.016021860427800565,0.014114652247869194,0.017863814092352985,0.01783082658216359,0.0166812163669616,0.016783975263943037,0.01894711784085367,0.018955157594720197,0.01896319734858673,0.018955819678251506,0.018680223593470106,0.02118396185846491,0.01898402572624036,0.014445403,0.018939078,0.018939078,0.018939078,0.018939078,0.018939078,0.018939078,0.018939078
2026-05-04,-0.0037883497,-0.011910173737332224,-0.008450683404592136,-0.007751761003490537,-0.0052056560534173854,-0.005517915996350348,-0.0030095976963885876,-0.006021710467083687,-0.008255071308047195,-0.010488432149010702,-0.01640413561193813,-0.002990038922661762,-0.005415784519970079,-0.0037883496188442223,0.01173175,-0.0037883497,-0.0037883497,-0.0037883497,-0.0037883497,0.00044301926,-0.00034663462,-0.00034663462
2026-05-05,-0.0568237,-0.03218359085533768,-0.03358806956439926,-0.0552501345638372,-0.05483631453393722,-0.014396104721575976,-0.014457903151727474,-0.0639910054118682,-0.07115830870211726,-0.07832561199236632,-0.0706223859654221,-0.07065118410310317,-0.056102280176921995,-0.07793022041532094,-0.06795694,-0.0568237,-0.0568237,-0.0568237,-0.0568237,-0.0568237,-0.0568237,-0.018871365
2026-05-06,0.001443882,-0.03279087292060256,-0.014862319497459444,-0.021117568409889938,-0.011301567414852838,-0.045506627692729236,-0.021306619272174435,0.00018084624945134318,-0.0010821895082491555,-0.002345225265949654,-0.003301936751896489,0.0027534931868197247,0.0031303012394346295,-0.0002760305339615243,-0.0057421513,0.001443882,0.001443882,0.001443882,0.001443882,0.001443882,0.001443882,0.0007433136
2026-05-07,0.0186847,0.035438638627119365,0.03587389150769558,0.013766784130912275,0.013228560908596036,0.01410427324205637,0.013603645822917438,0.01150029134672979,0.004315882620250917,-0.0028685261062279567,0.008368795771051556,0.009959403427390512,0.02276819351192733,0.01972504315597412,0.009268211,0.0186847,0.0186847,0.0186847,0.0186847,0.0186847,0.0186847,0.0069160755
2026-05-08,0.015438902,0.0332593091689609,0.030293149099070788,0.030615819793567062,0.03529307757074518,0.02060413036633283,0.023794933672688076,0.016723835507468907,0.01800876859028941,0.01929370167310991,0.01696643302660719,0.015637317951401844,0.01584792438132519,0.015483205635973718,0.032099,0.015438902,0.015438902,0.015438902,0.015438902,0.015438902,0.015438902,0.015438902
2026-05-11,-0.036654074,-0.07004507588956504,-0.07644842355815348,-0.04981140565276146,-0.05268250310159742,-0.026084518757741898,-0.02606614455656771,-0.03438098660426321,-0.03210789934709882,-0.029834812089934427,-0.032084509246975895,-0.029920645675099646,-0.03577047001612796,-0.03665407378866803,-0.038458977,0.0,-0.036654074,-0.036654074,0.0,0.008985667,0.0,0.0
2026-05-12,-0.014126505,-0.036957967896368356,-0.038338243409549805,-0.0040208112323656675,-0.008476610556061241,0.011875861215181648,0.011273106041657916,-0.015026775736539814,-0.01592704681808353,-0.01682731789962725,-0.016383769916420106,-0.005267922801170126,-0.020504438981879505,-0.010863726850268485,-0.018521234,-0.014126505,-0.014126505,-0.014126505,-0.014126505,0.00011083764,0.0,0.0
2026-05-13,0.017415982,-0.014601690764836967,-0.01313805924347787,0.01007047324758023,0.0112046993835056,0.007153667976055295,0.008759080548083872,0.015136580726265931,0.012857179829187743,0.01057777893210955,0.012505380399046667,0.030378386747129348,0.0014493160807019588,0.01745927148658666,-0.0037979274,0.017415982,0.017415982,0.017415982,0.017415982,0.00071917044,0.00071917044,0.0
2026-05-14,-0.03906533,-0.016117873788177965,0.00965391333025085,-0.026357346317153425,-0.011389447440072122,-0.025150520655214788,-0.016823523648322857,-0.027697261925321147,-0.016329191058408618,-0.004961120191496092,-0.02443958525466149,-0.03570924967927164,-0.03672344737940214,-0.029420294736726582,-0.02812534,-0.03906533,-0.03906533,-0.03906533,-0.03906533,-0.03906533,-0.009235152,-0.0034711326
2026-05-15,-0.007921451,0.002313914638645947,0.0022565712520459316,-0.0053816976588033135,-0.0055524764077292295,0.0014479229839891193,0.001479983543140593,-0.009822964611306804,-0.01172447816018391,-0.013625991709061017,-0.011470778856950185,-0.0029176830904980603,-0.00012624067974022527,-0.007872616119129816,-0.07499906,-0.007921451,-0.007921451,0.0,0.0,-0.007921451,0.00296405,0.0
2026-05-18,-0.0011464789,0.025530219990350305,0.00588795872201464,0.020231426739767196,0.004197997285412734,0.020148747524078935,0.003438404750512986,-0.0003957926096654613,0.0003548937229152539,0.001105580055495969,0.008196421784700784,-0.0012480661972175636,-0.0006342601041648198,-0.002380073608566402,-0.0022849631,-0.0011464789,-0.0011464789,-0.0011464789,-0.0011464789,0.0,0.0,0.0
2026-05-19,0.009135542,0.01949542727285996,0.021856156857160303,-0.0022869388658180835,-0.0037263183518635203,-0.001328625773638487,-0.0015883584578851168,0.006396387286059086,0.003657232018268653,0.000918076750478222,0.001879651417280301,0.0025435096337896226,0.013938213669991288,0.008927213270161882,0.012799364,0.009135542,0.009135542,0.009135542,0.009135542,0.0,0.0,0.0
2026-05-20,-0.0054610125,-0.0030941751765832305,-0.002876778636042659,-0.0062692514356784525,-0.006582394693630175,-0.006358913766238839,-0.005661387442538493,-0.0019460065173887275,0.0015689993859327209,0.00508400528925417,0.00019826939741672848,-0.005516459957268863,-0.004041000350844115,0.007591712012334106,0.02084948,-0.0054610125,-0.0054610125,-0.0054610125,-0.0054610125,-0.0054610125,-0.0017560946,0.0
2026-05-21,0.029116742,-0.0005374828404746948,-0.019219696709458153,0.006080250818803906,-0.023027109986270753,0.00021423472575843316,-0.02239486935300606,0.020215681235359946,0.01131461992498107,0.0024135586146022004,0.01771706391440852,0.030466902912203258,0.03395971262996846,0.032190611978545114,0.023706451,0.029116742,0.029116742,0.029116742,0.029116742,0.029116742,0.018708302,0.0
2026-05-22,0.041243196,0.004969586391933262,-0.019853432349635047,0.0313972485992685,0.001859400047662916,0.03376361302882433,0.01270237011988968,0.031371513182611215,0.02149982978373209,0.011628146384852964,0.02742136960859219,0.04127568347557308,0.026443172393324364,0.04448581248523098,0.022035513,0.041243196,0.041243196,0.041243196,0.041243196,0.041243196,0.041243196,0.041243196
2026-05-26,0.009933814,0.02357290173601359,0.03517359205161949,0.01469612716661766,0.021739128366504858,0.01487758563682437,0.02190548355128469,0.00810701043568501,0.006280206173936757,0.0044534019121885045,0.00745381281422419,0.008688686457347205,0.006591060666621409,0.026000090346512295,0.02852581,0.009933814,0.009933814,0.009933814,0.009933814,0.009933814,0.009933814,0.009933814
2026-05-27,-0.0027999794,0.013111036251820623,0.00815464643292507,0.008834289005808533,0.012372546983926452,-1.0810119379311978e-05,0.0016875980859915292,-0.0032916597045971442,-0.0037833401145440314,-0.004275020524490919,-0.003889464124843864,-0.004245313430779177,-0.0036577922948212776,-0.0012242967348479183,0.018640164,-0.0027999794,-0.0027999794,-0.0027999794,-0.0027999794,-0.0027999794,-0.0021801533,-0.00283408
2026-05-28,-0.011055412,0.0004894813820719721,0.00429842481956892,-0.005120892704352736,-0.0050802100174644005,-0.001867421371620149,-0.0032893617826922888,-0.01434818616784244,-0.01764096091399102,-0.0209337356601396,-0.016380917236831275,-0.01492527488905771,-0.004023536975199186,-0.005363828291618411,-0.023618724,-0.011055412,-0.011055412,-0.011055412,-0.011055412,-0.011055412,-0.009639711,0.0004245544
2026-05-29,-0.022237107,0.005368419729229063,0.051674315879725645,-0.015255247449185699,-0.005636302506815263,0.001521348501201719,0.009617296063759686,-0.02127365395946628,-0.020310201052263648,-0.019346748145061023,-0.020792377960003203,-0.01930804613712059,-0.013915437576361,-0.03497823364761521,-0.013179427,-0.022237107,-0.022237107,-0.022237107,-0.022237107,-0.022237107,-0.022237107,-0.022237107
2026-06-01,0.018601624,0.031928746625427155,0.04068336185198596,0.03914335393430665,0.053846303082791994,0.03668888477925211,0.053373748400685796,0.02025557826527193,0.02190953147872879,0.023563484692185655,0.02114008695458028,0.019885897215718425,0.01887446879832582,0.02616734157445677,0.06345703,0.018601624,0.018601624,0.018601624,0.018601624,0.010283315,0.0046950695,0.0
2026-06-02,-0.01658237,-0.016655542874131353,-0.01581054505293291,-0.01416180508479476,-0.01148616599787962,-0.002524263968579471,0.007894720651444486,-0.015306332396300294,-0.014030294522556976,-0.012754256648813658,-0.014318964251886465,-0.011067807686516778,-0.016151507971384985,-0.03437447067239585,-0.013733725,0.0,-0.01658237,-0.01658237,0.0,-0.008686784,-0.0049874336,0.0
2026-06-03,-0.023099039,-0.02549105337396264,-0.041148267971076964,-0.03064186255954206,-0.040602399822091115,-0.03923661458980292,-0.04297039279686406,-0.020218128562897356,-0.017337219307184036,-0.014456310051470722,-0.01878798065719972,-0.019382213640638784,-0.016110021325717254,-0.01609092853010985,0.024398299,-0.023099039,-0.023099039,-0.023099039,-0.023099039,-0.023099039,-0.0027687077,0.0
2026-06-04,-0.045445498,-0.05669144612777978,-0.06271879523163462,-0.04642810885250569,-0.046793726853007464,-0.0413181613284722,-0.040972060813611794,-0.03815332448054654,-0.030861151580523508,-0.02356897868050047,-0.03370079997331221,-0.045508470041350405,-0.04440300059822304,-0.07343288614534149,-0.112863265,-0.045445498,-0.045445498,-0.045445498,-0.045445498,-0.045445498,-0.045445498,-0.045445498
2026-06-05,0.058856964,0.0479148663716577,0.033906033982360945,0.052950344074834135,0.03852697298301343,0.056168567862138155,0.0592989514868013,0.04760673908049028,0.03635651358399116,0.02510628808749203,0.039856771690684176,0.0576274656620694,0.058584159166044134,0.05674556989835944,0.04165678,0.058856964,0.058856964,0.0,0.0,0.058856964,0.058856964,0.058856964
2026-06-08,0.029538792,0.005597404741793871,-0.03403748814664752,0.020989278170391916,0.004424955511711017,0.0239513482674025,0.00032206528761297495,0.020249137011729763,0.01095948268780601,0.001669828363882261,0.01411073080147042,0.030160757593387936,0.02929965624035421,0.029702376366913086,-0.004040678,0.029538792,0.029538792,0.029538792,0.029538792,0.029538792,0.029538792,0.004019369
2026-06-09,-0.017676873,-0.0032691940878331657,0.02185018263087423,-0.009309422618597745,0.015792933434662322,-0.014819529896229505,-0.005895895823993837,-0.011092216654059302,-0.004507559709870835,0.002077097234317633,-0.00812675253041815,-0.01863126366139754,-0.01641153982226652,-0.017676873569143936,-0.032865494,-0.017676873,-0.017676873,-0.017676873,-0.017676873,-0.017676873,-0.017676873,-0.009162932
2026-06-10,0.008847966,0.0028831192894093693,0.002883119559091512,0.003712855014801025,-0.011692478501471787,0.010987368070296943,0.004469847481142335,-0.0003832796352737991,-0.00961452495480132,-0.01884577027432884,-0.0035299123051056825,0.009001636657079289,0.008433264104480092,0.025377973339266724,0.068528645,0.008847966,0.008847966,0.0,0.0,0.008847966,0.008847966,0.008847966
2026-06-11,0.007926273,0.02278507665229961,0.025739521895598992,0.012003294225744903,0.013131443287927876,0.004432094375099987,0.005147893797955378,0.0013778845426989633,-0.005170504016077163,-0.011718892574853288,-0.0030715355583990503,0.008172034385474251,0.012670533939010714,0.025719493235191848,0.051315926,0.007926273,0.007926273,0.007926273,0.007926273,0.007926273,0.007926273,0.007926273
2026-06-12,0.045535278,0.019733283423986288,-0.019079291306444982,0.03396813134979457,-0.0007332995341506098,0.04657873028913513,0.025200666564403704,0.023032275878388537,0.0005292739486919889,-0.021973727981004554,0.011792573995749777,0.05233468154581564,0.034716977724085815,0.04568196261243429,0.033216577,0.045535278,0.045535278,0.045535278,0.045535278,0.045535278,0.045535278,0.045535278
2026-06-15,-0.005070576,-0.014822740061506629,-0.021198295502919413,0.0054471794035844505,0.023226958785036247,-0.002476763645224273,0.001976395541991835,-0.005765716484841329,-0.0064608568164527345,-0.0071559971480641416,-0.006090978195973779,-0.003178765339637035,-0.004714044459714469,-0.00507057616050588,-0.03133332,-0.005070576,-0.005070576,-0.005070576,-0.005070576,-0.005070576,-0.0011527583,0.0
2026-06-16,0.013536286,-0.007500523396655918,-0.05052945734323583,0.0033704703227803116,-0.021831458696569064,0.01171111119583249,0.007055698174551454,0.010314141810244228,0.007091997895066255,0.003869853979888281,0.008663432878655397,0.009020686697067931,0.00842275132255798,0.0036866824148242827,0.015654108,0.013536286,0.013536286,0.013536286,0.013536286,0.013536286,0.012794197,-0.004205141
2026-06-17,0.021579424,0.030118046956770124,0.022595653002402617,0.02032306857019663,0.01710898994731722,0.01266260749798268,0.008094552386740131,0.008093259334494543,-0.005392905017500375,-0.018879069369495294,-0.007992108163524957,0.02030868033357685,0.02670336011268029,0.02169643219531281,0.038606502,0.021579424,0.021579424,0.0,0.0,0.020863982,0.005613585,0.0
2026-06-18,0.023083555,0.020566025154832752,0.0647217207210885,0.0303018206750229,0.05195662228287856,0.035119931149799374,0.035119931364808635,0.019744339999118857,0.016405125301014706,0.013065910602910555,0.018216497818607017,0.021754598572928583,0.014719646486496044,0.023083554697223008,0.0019760302,0.023083555,0.023083555,0.023083555,0.023083555,0.023083555,0.023083555,0.0032218047
2026-06-22,-0.042610366,-0.013702039858736099,0.08175181226359007,-0.02147379544019699,0.03370992126473918,-0.035160904853027315,-0.004853846993317281,-0.022236496194909843,-0.0018626267252332606,0.01851124274444333,-0.011224056602653326,-0.04096267317479302,-0.04415887835731899,-0.04261036562820664,-0.04495775,-0.042610366,-0.042610366,-0.042610366,-0.042610366,-0.042610366,-0.042610366,0.0
2026-06-23,-0.005818763,-0.007807097500544041,-0.00780709725018588,-0.003479525478705764,0.0035381866014629467,-0.005462501552850009,-0.00431395330701176,-0.010435268694324784,-0.015051774746783809,-0.019668280799242835,-0.012872589702967183,-0.005208859550224261,-0.00787544420348819,-0.0058187626709695905,-0.044937328,-0.005818763,-0.005818763,0.0,0.0,-0.005818763,-0.005818763,-0.005818763
2026-06-24,0.017356064,0.024210875343643128,0.03168578858151362,0.021422427303213625,0.021422427005393235,0.02514960654390976,0.0392131808543754,0.005413968647857882,-0.006528127747998133,-0.01847022414385415,-0.0029403637227443944,0.01611430994507502,0.01788855951533399,0.01735606500733411,0.004172654,0.017356064,0.017356064,0.017356064,0.017356064,0.017356064,0.017356064,0.01130458
2026-06-25,-0.023229139,0.008476652509644628,0.06398353499926145,-0.01072060283780098,0.026805009440901095,-0.014450491373240948,0.014642495088307516,-0.01572918085735686,-0.008229222789042149,-0.0007292647207274333,-0.007814865311485734,-0.022350860967248146,-0.016464454822496255,-0.02322913891839562,-0.019285776,-0.023229139,-0.023229139,-0.023229139,-0.023229139,-0.00042555595,0.0,0.0
2026-06-26,-0.0011624219,-0.009964629069902003,-0.038658140328552824,-0.007719897987935692,-0.027392326950125837,-0.0041778039039671415,-0.026137583791817805,-0.020459251796483224,-0.03975608167425948,-0.059052911552035736,-0.0277124548058296,-0.001088072186742971,0.0001763637706806712,-0.0011624219405348413,0.033784408,-0.0011624219,-0.0011624219,-0.0011624219,-0.0011624219,-0.0011624219,-0.0011624219,-0.0011624219
2026-06-29,0.007716855,0.0106194949285686,0.01603580620753269,0.009577699543088675,0.00980350651907406,0.005467161789052188,0.00603856746471464,0.006923302256787357,0.006129749362927251,0.005336196469067146,0.004966975165862522,0.003740015038018311,0.009414877407041125,0.007716855143371504,0.010969636,0.007716855,0.007716855,0.007716855,0.007716855,0.0,0.0,0.0
2026-06-30,-0.03197061,-0.08200592683436349,-0.21699693152453178,-0.057258516989331695,-0.13312223729028366,-0.042188536407575014,-0.08762141933297203,-0.02935796122741626,-0.026745311670931457,-0.024132662114446653,-0.02833580315425279,-0.03109532276103286,-0.03069715972312472,-0.023927673955157047,-0.044559427,-0.03197061,-0.03197061,-0.03197061,-0.03197061,-0.03197061,-0.03197061,-0.01854868
2026-07-01,-0.0031321384,-0.051508667988702656,-0.051508668452658404,-0.02780953598715365,-0.10184173751668033,-0.015563215749356896,-0.05776073959916998,-0.008290696911982217,-0.013449255422694522,-0.01860781393340683,-0.010112602931986188,-0.003856460790808213,-0.006476071896031499,-0.03424285939467575,-0.09468042,-0.0031321384,-0.0031321384,-0.0031321384,-0.0031321384,-0.0031321384,-0.0031321384,-0.0031321384
2026-07-02,0.019651216,-0.0009561189407855265,-0.04128308099014018,0.015307322416510432,0.00227564267195279,0.02377115541914478,0.03706148551443874,0.008509847176717553,-0.0026315220431611767,-0.013772891263039905,0.005447517646583262,0.02035274756260874,0.0157866193796508,0.019791884122241754,-0.0051633967,0.019651216,0.019651216,0.019651216,0.019651216,0.019651216,0.019651216,0.0
2026-07-06,-0.0058008996,0.0210664204015024,0.0901265047045584,0.026430247074104844,0.03367097391007162,0.019558630541674792,0.013686389830267246,-0.005347618554350744,-0.004894337524855159,-0.004441056495359573,-0.00437517353221723,-0.003847617379682656,-0.004244734109802679,-0.005800899547466543,-0.0174467,0.0,-0.0058008996,-0.0058008996,0.0,0.00023421782,0.00023421782,0.0
2026-07-07,-0.023187065,-0.013652796410433949,-0.006882290811462834,-0.012120406919103117,0.021079566119825553,-0.008697032488230616,0.013074836358750742,-0.013047950530851825,-0.0029088357392858845,0.007230279052280055,-0.01067549918682181,-0.024000912101915874,-0.021759693052577363,-0.023187065322417766,0.020358745,-0.023187065,-0.023187065,-0.023187065,-0.023187065,-0.023187065,-0.023187065,-0.0034275618
2026-07-08,0.01052589,0.008292919846251606,0.008099065926111176,0.011470627440866084,0.011776511162918092,0.00895321918323636,0.008004054539484166,0.007262660704108697,0.003999431713526691,0.0007362027229446842,0.002409733122926693,0.008087587876039398,0.010798231228678064,0.010525889701966662,0.013898764,0.01052589,0.01052589,0.01052589,0.01052589,0.0026539038,0.0026539038,0.0
2026-07-09,-0.017855814,-0.02455444222589955,-0.03532353168942637,-0.020067957177963107,-0.02373991264537384,-0.030024461066164077,-0.06200534887749528,-0.020088421384932335,-0.022321029799781462,-0.024553638214630594,-0.020841941985057268,-0.019922120413556905,-0.014438861557705835,-0.009394623207359842,-0.007544157,-0.017855814,-0.017855814,-0.017855814,-0.017855814,-0.017855814,0.0,0.0
2026-07-10,-0.02912165,0.020796974312514066,0.14408584811814368,-0.009974499019272626,0.047466951100417966,-0.016276691483613104,0.01983999665488427,-0.025413911373758414,-0.021706173179547684,-0.01799843498533696,-0.023112591000579136,-0.025438041228811974,-0.022533251629846,-0.02995489335157231,-0.05930201,-0.02912165,-0.02912165,-0.02912165,-0.02912165,-0.02912165,-0.02912165,-0.006496896
2026-07-13,0.01057581,-0.004321751611251384,-0.009096685382859397,-0.005553706930167972,-0.0025446177879099494,-0.003088874250333756,0.001956378438714078,0.008038012276479323,0.005500214222038724,0.002962416167598126,0.0029964743546034927,-0.0010881246442629024,0.008952914869455113,0.0072918034253772746,0.011139129,0.01057581,0.01057581,0.01057581,0.01057581,0.0,0.0,0.0
2026-07-14,0.007149163,0.01065534138539806,0.009761457865287662,0.010168670599404721,0.011977100756134243,0.00775805629927665,0.004686730460687259,0.0024240067923861188,-0.002301149757774435,-0.007026306307934988,-0.0028896438015226828,0.0068934169866564496,0.0060412296612577686,0.00433158061523109,-0.025652919,0.007149163,0.007149163,0.007149163,0.007149163,0.007149163,0.0012761977,0.0
2026-07-15,-0.015174214,0.015329183525927364,0.03947256768014144,-3.633586032316099e-05,0.01554066291481004,-0.005661218510754407,0.00031437276132151824,-0.012879742382081841,-0.010585271374763294,-0.008290800367444746,-0.010370781952544247,-0.011838844131808173,-0.018417281863829967,-0.015069651755766245,-0.03529926,-0.015174214,-0.015174214,-0.015174214,-0.015174214,-0.015174214,-0.004919253,0.0
2026-07-16,-0.02961695,-0.11018993367254734,-0.1316657289200748,-0.062284740813020614,-0.07093640017743924,-0.032951836092211306,-0.03524924882042492,-0.016187712612068476,-0.0027584755517918768,0.01067076150848472,-0.002561836633415213,-0.02067363463556716,-0.02926102902274579,-0.030091002545334256,-0.0034203222,-0.02961695,-0.02961695,-0.02961695,-0.02961695,-0.0060367337,0.0,0.0
2026-07-17,0.016603772,0.015175306011922657,0.01417358860823618,0.019291846424601973,0.024649696239134454,0.01977179052034393,0.027524971576649373,0.007217367724077908,-0.002169035450499241,-0.01155543862507639,0.0017522881695799545,0.01695935201171657,0.013267731070730157,0.016644340648781508,-0.016252885,0.016603772,0.016603772,0.016603772,0.016603772,0.016603772,0.016603772,0.016603772
2026-07-20,0.008162291,0.008206361445598304,0.007781934103208126,-0.003129536117631942,0.004921483541950332,-0.008569708333089947,-1.3997718947216832e-05,0.006514961617699943,0.0048676325044205914,0.0032203033911412417,-0.008098739841587047,0.00731727199468375,0.007558024054477839,0.008162290745531209,0.018126009,0.008162291,0.008162291,0.008162291,0.008162291,0.0,0.0,0.0
2026-07-21,-0.023746172,0.008916281202863901,0.0917932771932395,-0.01090627177193761,-0.010906271880814434,-0.018277017890755087,-0.0038146009115394485,-0.021363124517478092,-0.018980076952345753,-0.016597029387213413,-0.020179905755149375,-0.023169583726808093,-0.022058256240349936,-0.012366029662191469,-0.014696798,-0.023746172,-0.023746172,-0.023746172,-0.023746172,-0.023746172,-0.023746172,0.0014318711
2026-07-22,-0.010375689,0.017234478941708802,0.06780698691564323,0.010030673377532513,0.05303667280335265,-0.0014635167635604742,0.024493544534722123,0.008872133388080908,0.028119955851024565,0.04736777831396822,0.0146380374603825,-0.009882538332541147,-0.008136245791419323,-0.010138144258235116,-0.0032392829,-0.010375689,-0.010375689,-0.010375689,-0.010375689,-0.010375689,-0.0015311227,0.0
2026-07-23,0.0050541214,0.005482809166070074,-0.005285988868647287,-0.0018985848155617714,-0.0227567028631877,-0.0035405243261530995,-0.029575715703879863,0.0031617655662381818,0.001269409819325391,-0.0006229459275873999,0.0019899830689996357,0.005733537400734057,0.0064717031983574005,0.005054121240391396,-0.012740088,0.0050541214,0.0050541214,0.0,0.0,0.0050541214,0.0050541214,0.0018626994
2026-07-24,0.011846959,-0.03719314070697874,-0.19799998341104566,-0.0239733452389203,-0.023973348814218226,-0.011756109442040325,-0.07731374601805475,-0.0021679308059758488,-0.016182820562579293,-0.030197710319182742,-0.009982058428166192,0.013490623378388968,0.013023881632199679,0.011846958863316104,-0.02806291,0.0,0.011846959,0.011846959,0.0,-0.0014454658,0.0,0.0
2026-07-27,0.0020776936,0.023170626619476824,0.01727300320419735,0.03917340083250776,0.011351621228335279,0.03833548669792712,0.009482640342969305,0.001827031895924567,0.0015763703229580502,0.0013257087499915332,-0.00020694818447312188,0.0038967839381691695,0.0011848968019793663,0.0020776934470632114,-0.0146866655,0.0,0.0020776936,0.0020776936,0.0,0.0019723582,0.0,0.0
2026-07-28,-0.01299549,-0.012805538271032275,-0.012657307207110847,-0.007149706439059228,-0.00317387562741073,-0.0017858217270299791,0.002860976695776987,-0.012508837626457043,-0.012022185438129709,-0.011535533249802374,-0.012006592069241751,-0.017546668079653674,-0.014155550196301195,-0.00941031838837425,-0.05507924,-0.01299549,-0.01299549,-0.01299549,-0.01299549,-0.007777064,-0.0030146432,0.0
2026-07-29,0.03509312,0.04285451348830015,0.04285451220654491,0.06304701463056728,0.06304701362248538,0.0634461657490395,0.06344616912627546,0.023990922043632096,0.012888724486476434,0.0017865269293207689,0.01097044174949038,0.032061584759334245,0.032968973281623966,0.03518230388726806,0.049049295,0.03509312,0.03509312,0.0,0.0,0.03509312,0.03509312,0.032413967
2026-07-30,0.0009619255,-0.012796324696801604,-0.012796323761839624,-0.014020978052057325,-0.01929522317442657,-0.031550237694457174,-0.010672614081034756,-0.0012181499955820866,-0.003398225476335551,-0.005578300957089016,-0.010927660599543119,-0.0011839815118133738,0.00022675388556143072,0.0009619254997232929,0.001644045,0.0,0.0009619255,0.0009619255,0.0,0.0,0.0,0.0
2026-07-31,-0.013188189,0.0006502202731743455,0.0006502200623292819,-0.024828283148035406,-0.02482828330180375,-0.02714269731050357,-0.027142697374940725,-0.02026891060795842,-0.027349631971087723,-0.03443035333421702,-0.022944374115903984,-0.008133019085693768,-0.009064617004795848,-0.013188189252105076,0.061444655,-0.013188189,-0.013188189,-0.013188189,-0.013188189,-0.013188189,-0.013188189,-0.006925282
2026-08-03,0.016073024,0.02173664497874677,0.021736644589541988,0.020305260622054337,0.02359256014197994,0.0248950710074231,0.027487291598425292,0.012820362085565059,0.009567700154325124,0.006315038223085187,0.004684757037429227,0.01286468767645716,0.02202242945574901,0.019056815696377072,0.017309198,0.016073024,0.016073024,0.016073024,0.016073024,0.0047964468,0.0,0.0
2026-08-04,0.006186678,0.005712689379807562,-0.0003629358610265582,0.013875062520056963,0.008108774130408223,0.007139853144437075,0.0035693432264462745,0.00547785743473268,0.004769037027995714,0.004060216621258748,-0.009995169229519044,0.00787151458115681,0.0010819976715455675,0.006231603845662903,-0.02789328,0.006186678,0.006186678,0.006186678,0.006186678,0.006186678,-0.0005925853,0.0
2026-08-05,-0.00042371143,0.005155796897243709,0.0032737481161910957,0.007303919993247837,0.0015081963548744322,0.019860453729890287,0.01108753384816125,-0.00036810195541270904,-0.0003124924772843884,-0.0002568829991560677,-0.003691325916140025,0.0009592120603445495,0.0007572567714801568,-0.00042371146264486015,0.0046834247,-0.00042371143,-0.00042371143,-0.00042371143,-0.00042371143,-0.00042371143,-0.0011581425,0.0
2026-08-06,0.010842387,0.016828693779706954,0.01660179822148076,0.009926289708409457,0.01012025479245934,0.024982454585433005,0.02526124092389386,0.007305735365601169,0.0037690841562522687,0.0002324329469033685,0.0010843601211858178,0.009283182866209303,0.012215122882149775,0.010842386589501984,0.017991044,0.0,0.010842387,0.010842387,0.0,0.0028181612,0.0028181612,0.0
2026-08-07,0.00015025702,0.004287940379865468,0.03391316558195565,0.0009165774945542214,0.0013389097716664262,0.011054270390532911,0.016736511728612916,0.00020499486238442517,0.0002597327017174692,0.0003144705410505133,0.00028506681894423626,-0.0006744198411908246,-0.0018071347709999164,0.0007693500293419753,0.012823743,0.00015025702,0.00015025702,0.00015025702,0.00015025702,0.00015025702,0.0009848308,0.0
2026-08-10,0.00592045,0.03715302284305915,0.08879195158345089,0.02375446567282081,0.043412574030455196,0.014729974268376828,0.019696346600922718,0.0027113958999284704,-0.0004976584032637676,-0.0037067127064560057,-0.0007517703531776977,0.0031457216885170548,0.008100193468007177,0.006903398502175584,-0.0043003242,0.0,0.00592045,0.00592045,0.0,0.005722745,0.0,0.0
2026-08-11,-0.0005359112,-0.0073577539487183095,0.0019893294935299545,0.0048914718799293044,0.011157400257234286,0.011213564140163362,0.02140643604017577,-0.00620370558335783,-0.011871499984774032,-0.017539294386190233,-0.015573465298294712,0.0030623674997079815,-0.011135652177670805,-0.0004894975827482995,-0.015203439,-0.0005359112,-0.0005359112,-0.0005359112,-0.0005359112,0.0,0.0,0.0
2026-08-12,0.017067898,0.03942165391251445,0.03435158614260604,0.02976497795045376,0.025017867521155826,0.012166383877247573,0.01165882222405595,0.014968829376002716,0.012869760687153672,0.010770691998304627,0.00769258064986069,0.021594861492473545,0.021719875778283243,0.026695079111083153,0.005337619,0.017067898,0.017067898,0.017067898,0.017067898,0.009435328,0.0,0.0
2026-08-13,-0.0097898645,-0.016134183141756804,-0.014400860250960022,-0.011674259368218481,-0.011839489780952717,0.0033825330328196286,0.0031184770671779305,-0.011555792892505221,-0.01332172090311496,-0.0150876489137247,-0.013788358659186001,-0.011804265542273627,-0.008958613096778704,-0.009673723212472396,-0.013612676,-0.0097898645,-0.0097898645,-0.0097898645,-0.0097898645,-0.0019657442,-0.0028380358,-0.0030485666
2026-08-14,0.0033450748,0.03640723308041692,0.05689145013463521,0.023488404921516777,0.043864200590768385,0.014971098849941045,0.027177738815839066,0.002672967905719643,0.0020008609808625085,0.001328754056005374,0.0019027447474801971,0.0030351660692062073,-0.0032467055631886154,0.001205054581967957,0.018819572,0.0033450748,0.0033450748,0.0033450748,0.0033450748,-0.0019968275,-0.0032436233,0.0
2026-08-17,-0.031943765,-0.04101961890503764,-0.007386371344852044,-0.023896995161548258,-0.00535873145170024,-0.004258175826184452,0.007897376935336486,-0.025304564357547292,-0.01866536534167494,-0.012026166325802595,-0.021384970183585008,-0.03376916284967741,-0.03889687326948412,-0.04526070307097285,-0.07205614,0.0,-0.031943765,-0.031943765,0.0,-0.0041001784,0.0,0.0
2026-08-18,0.0045814733,0.02571931698091328,0.05354441817860711,0.010612465538606047,0.02183128700359504,0.006651437880527228,0.007365329692368347,-0.004334842951486549,-0.013251159205069226,-0.0221674754586519,-0.006657953387134107,0.0030529658097841615,0.006937069045803086,-0.026097449566677255,-0.049382266,0.0,0.0045814733,0.0045814733,0.0,0.005263961,0.0019701053,0.0
2026-08-19,-0.007195244,0.017887630480863153,0.030009545806112634,0.0087218946691975,0.020396527966209572,0.00875689947590232,0.018094425450892716,-0.0026707515610849076,0.0018537408390079508,0.006378233239100813,0.0007103663633999972,-0.007776323625663919,-0.008287781229327346,-0.0013571272474210971,-0.014424076,-0.007195244,-0.007195244,-0.007195244,-0.007195244,-0.0021829202,0.0,0.0
2026-08-20,0.01763209,0.051599266919828954,0.06675249887567172,0.030628111168853937,0.0336138780707944,0.016767729378417133,0.01642655427879961,0.010648015659242102,0.003663941181144072,-0.003320133296953954,0.0046020517486351775,0.014291686904261218,0.019216867501381782,0.018286026034679104,0.011685205,0.01763209,0.01763209,0.01763209,0.01763209,0.0025136007,0.0,0.0
2026-08-21,-0.006710651,0.012523590691555292,0.030262408588987808,-4.549109060317247e-05,0.0110752624004326,-0.005957506596203893,-0.002284871490329252,-0.00631343131682837,-0.005916211885083499,-0.0055189924533386265,-0.005635559409701885,-0.00891109427884649,-0.002154031555718657,-0.006328405864027609,-0.021798218,-0.006710651,-0.006710651,-0.006710651,-0.006710651,-0.006710651,-0.006710651,0.0
2026-08-24,-0.0059662345,-0.032843660957068206,-0.029306096075909685,-0.019282753029055893,-0.015024266370691533,-0.016010490297097713,-0.007690041351333185,-0.009036568748523717,-0.012106903126912665,-0.015177237505301613,-0.016568634826767167,-0.011072781416725823,-0.00872914126164026,-0.00461724383357609,0.0066914894,-0.0059662345,-0.0059662345,-0.0059662345,-0.0059662345,0.0,0.0,0.0
2026-08-25,-0.005401481,0.0036120100875198843,0.01914496672000898,0.005115194770880044,0.02493755594250799,0.0028752592569589617,0.04011795672353999,-0.004656572162377987,-0.0039116634982067425,-0.0031667548340354977,-0.003589617313205757,-0.006809010578308338,-0.003348110047888688,0.0014064460479765728,0.0065722796,0.0,-0.005401481,-0.005401481,0.0,0.0017093713,-4.9939626e-05,0.0
2026-08-26,0.00042447285,0.015657872706353666,0.014489139076451963,-0.0180929463487491,-0.014133416575546304,-0.014367415885478258,-0.006676458624972768,-0.0019808365550598433,-0.004386145958073125,-0.006791455361086407,-0.009190034978887235,-0.00094079972842413,0.007978909660596402,0.0017676680388740706,0.006613519,0.0,0.00042447285,0.00042447285,0.0,0.0,0.0,0.0
2026-08-27,-0.020629378,-0.022480566248241813,-0.035809580719087575,-0.020068827569894494,-0.01838716949360506,-0.014204544991143047,-0.012253270651162442,-0.02349550596410693,-0.02636163331047269,-0.029227760656838454,-0.02458958663755942,-0.019127139655199236,-0.01717969868332148,-0.036132856533634516,-0.07916852,0.0,-0.020629378,-0.020629378,0.0,-0.020629378,-0.0012955059,0.0
2026-08-28,0.00075289526,-0.007646968465298414,-0.012042778468074753,0.005461597912535071,0.015693423790032825,0.011343385474942624,0.03280742687254584,0.0034348227984823424,0.006116750341391591,0.008798677884300839,0.005147492940948781,0.0016642237139445116,-0.0020582676854577256,-0.02010815246204789,-0.0033199585,0.0,0.00075289526,0.00075289526,0.0,-0.0030789613,-0.0013684431,-0.001250725
2026-08-31,-0.010490061,0.022402091165594756,0.01242840219128512,0.013838243056870998,0.004057903483406458,0.004473584892340005,0.0020023739013152434,-0.007060267110192642,-0.0036304733200472894,-0.00020067952990193792,0.0033837650812359983,-0.00890539398773304,-0.009027197932697493,-0.010384536162746372,0.0015200655,0.0,-0.010490061,-0.010490061,0.0,0.0,0.0,0.0
2026-09-01,0.0037208854,0.008614157773144542,0.007496668061234802,0.01081836412506178,0.008416535964224758,0.0023396334217488765,0.0024896581425426167,0.0027185398889747916,0.0017161943442272948,0.0007138487994797983,-0.000281027588745516,0.0016861313921917654,0.005462091306055133,0.0037208853755146265,0.017991226,0.0,0.0037208854,0.0037208854,0.0,0.0,0.0,0.0
2026-09-02,-0.012808922,0.006357276884019375,0.006294659794026713,-0.017411047042496502,-0.017592848342627213,-0.024109208548069,-0.02319578122694435,-0.01649815394426169,-0.02018738614161376,-0.023876618338965837,-0.02334529015416752,-0.007411276801572404,-0.0026068892255848766,-0.013745965207581534,-0.025664212,0.0,-0.012808922,-0.012808922,0.0,0.0046820617,0.0,0.0
2026-09-03,-0.008333907,-0.0205433968667686,-0.01935440828914107,-0.007201714673172682,-0.0063302536083611385,0.0011992820017412307,0.0017224332161638466,-0.007582624188688788,-0.006831341089344062,-0.006080057989999335,-0.006645695290819232,-0.007283496507542639,-0.005689668473364277,-0.008249302387412172,0.00450364,0.0,-0.008333907,-0.008333907,0.0,-0.002136259,-0.00039805484,0.0
2026-09-04,0.01577639,0.007336688118055463,0.007691792875953972,0.010851225783899427,0.0027046587293332296,0.011608775718715042,0.010150039201774416,0.01705329963799836,0.018330209415448634,0.01960711919289891,0.017373991684954983,0.016085428748437124,0.011532212755727496,0.015776389845996164,0.020884015,0.01577639,0.01577639,0.01577639,0.01577639,0.0,0.0,0.0
2026-09-08,-0.003783015,-0.007184228445868939,-0.004635502084476312,-0.0003201123971678316,0.0035297213452013866,0.0015782944784127175,0.008480585930702141,-0.0014043039121167584,0.0009744071861792656,0.0033531182844752884,0.0002198959062228935,-0.0014222417414725662,-0.0034034738073718132,-0.009577828240108222,0.0057377554,0.0,-0.003783015,-0.003783015,0.0,0.0,0.0,0.0
2026-09-09,-0.0044553746,-0.02060402940772474,-0.020873699211117796,0.0046084576561674475,0.0041337644743230356,-0.0021842139794491233,-0.0007215808986341951,-0.0021014590227331985,0.00025245627550258827,0.002606371573738374,0.007490595110790795,-0.0009894251229976754,-0.009747305294414135,-0.00441261266314541,-0.031439237,0.0,-0.0044553746,-0.0044553746,0.0,2.5203335e-06,0.0,0.0
2026-09-10,0.016163958,0.005233443697914481,0.00523344372667363,0.007730492442641407,-0.01756990397573429,0.007969762580655515,-0.0030335859423477845,0.003360804630999317,-0.009442349032784153,-0.02224550269656763,-0.007316781207821215,0.01615208743499473,0.015488971650219438,0.01616395831661066,0.001042879,0.016163958,0.016163958,0.016163958,0.016163958,0.016163958,0.016163958,0.0031153196
2026-09-11,-0.04091254,-0.05900217321043834,-0.05900217333666138,-0.05748956106524915,-0.05748956054170459,-0.05119612829735502,-0.08460904372517469,-0.03405886607790035,-0.027205191759125225,-0.020351517440350107,-0.026389781025005075,-0.03276074140425861,-0.049876615648496554,-0.04198405270993,-0.0425612,-0.04091254,-0.04091254,-0.04091254,-0.04091254,-0.04091254,-0.02322962,0.0
2026-09-14,0.012923559,0.029097720121145247,0.08858982018296864,0.028887024557590485,0.07677741465868584,0.025264639129973947,0.059901334395601795,0.013239667073685513,0.013555774740598768,0.013871882407512023,0.01341702307807915,0.014030933394089756,0.010880234684075483,0.013008206220547436,0.0022812951,0.012923559,0.012923559,0.012923559,0.012923559,0.012923559,0.012923559,0.012923559
2026-09-15,-0.0034624524,0.003493724164552987,0.012713218913579976,-0.00104232751339674,-0.0014268434247540415,-0.005234732680041343,-0.005126890007898254,-0.004612771971217627,-0.00576309150098132,-0.006913411030745014,-0.012235245151393341,-0.0032092973458088658,-0.002642849876164374,-0.0034624524123501033,-0.014847593,0.0,-0.0034624524,-0.0034624524,0.0,0.0,0.0,0.0
2026-09-16,-0.006927303,-0.05168130366394296,-0.02631805228647653,-0.04396487114634365,-0.0161866942600722,-0.038509294428881256,-0.011811320456519878,-0.007320440262879728,-0.007713577370806633,-0.008106714478733536,-0.03800112381262758,-0.00430041548525634,-0.011857034635349092,-0.006927303096745163,0.0030565094,-0.006927303,-0.006927303,-0.006927303,-0.006927303,0.0,0.0,0.0
2026-09-17,0.010109238,0.0133240684071742,0.00669416701466787,0.009106530368644745,0.006597548076808781,0.005363906443491578,-0.0009655769789302538,0.00792086906912021,0.00573249992810621,0.0035441307870922112,0.006490867758714317,0.005889803070527638,0.016066486574709417,0.013489862008599474,0.025590638,0.0,0.010109238,0.010109238,0.0,0.0076315454,0.0,0.0
2026-09-18,0.02740116,0.019666096260305493,0.019659137021615196,0.019593543250374497,0.00923071687832324,0.020294928891435266,0.00278418149604949,0.017924397422456186,0.008447634279707449,-0.0010291288630412884,0.011880464868441423,0.025876446513854807,0.023349139863752172,0.023404026312378257,0.008753508,0.0,0.02740116,0.02740116,0.0,0.02740116,0.0038906557,0.0038906557
2026-09-21,0.0024188089,0.006822464852184057,0.006816691907659765,0.00397563326716423,0.004118094306416804,-0.00040572099715471257,-0.0006394249322575407,0.0005652331457444812,-0.001288342580391211,-0.0031419183065269033,-0.0010030176122056524,0.0010962511942098113,0.002441049426455389,0.002477270430972567,0.00039007817,0.0,0.0024188089,0.0024188089,0.0,0.0,0.0,0.0
2026-09-22,-0.0019268494,-0.0032448579957708714,-0.0032448581378474632,0.004733188175186515,0.009003619296432598,0.0026574420890212056,0.002335001460266754,-0.0019553145918489822,-0.0019837798203262346,-0.002012245048803487,-0.002007086221632923,-0.0005443751584394398,-0.003553554942746731,-0.0019268494579591788,-0.027731804,0.0,-0.0019268494,-0.0019268494,0.0,0.0,0.0,0.0
2026-09-23,-0.0066939318,-0.007059328509904444,-0.012585939035361308,-0.009923878714181482,-0.01118955497085065,-0.0023324342454597354,-0.001080841144190357,-0.0032445077986741153,0.00020491628119615997,0.0036543403610664357,0.0027494150606185365,-0.007830791298063947,-0.0020827734419568015,-0.006693931944028009,-0.005073823,0.0,-0.0066939318,-0.0066939318,0.0,0.0,0.0,0.0
2026-09-24,0.009366917,-0.010188145582042635,-0.07099956748396749,-0.0024153848834708334,-0.03261269505168257,0.002389959739111364,-0.011514371094116311,0.005006939488549654,0.0006469612039494022,-0.0037130170806508513,0.003027978247469897,0.007042941708417696,0.009743660441811451,0.009366917816805653,0.013277934,0.0,0.009366917,0.009366917,0.0,0.003139419,0.0,0.0
