section,item,ticker,n,median_bp,p99_abs_bp,n_bad,target,decision,lookback,kind,sector,predictor,period,beta_bp_per_sd,nw_t,n_sig_2020_23,n_sig_2024_26,n_sig_both_same_sign,corr_t_across_periods,mean_abs_beta_bp_2020_23,mean_abs_beta_bp_2024_26,best_sector_2020_23,best_t_2020_23,same_sector_t_2024_26,rule,chosen,days,net_sharpe,net_ann,net_maxdd,gross_sharpe,gross_bp_day,net_bp_day,excess_vs_spy_bp_day,excess_vs_spy_sharpe,excess_t,spy_same_window_sharpe,turnover_day
check,m1_last_vs_close,GLD,1820.0,0.0,9.041735701706752,0.0,,,,,,,,,,,,,,,,,,,,,,,,,,,,,,,,
check,m1_last_vs_close,HYG,1820.0,0.0,6.645132402579359,0.0,,,,,,,,,,,,,,,,,,,,,,,,,,,,,,,,
check,m1_last_vs_close,KRE,1820.0,0.0,13.48504207998935,0.0,,,,,,,,,,,,,,,,,,,,,,,,,,,,,,,,
check,m1_last_vs_close,SMH,1820.0,0.0,15.45850948857571,0.0,,,,,,,,,,,,,,,,,,,,,,,,,,,,,,,,
check,m1_last_vs_close,SPY,1820.0,-0.23207159817435769,6.791693404639368,0.0,,,,,,,,,,,,,,,,,,,,,,,,,,,,,,,,
check,m1_last_vs_close,TLT,1820.0,0.0,10.149425007851903,0.0,,,,,,,,,,,,,,,,,,,,,,,,,,,,,,,,
check,m1_last_vs_close,USO,1820.0,0.0,30.720532628326847,0.0,,,,,,,,,,,,,,,,,,,,,,,,,,,,,,,,
check,m1_last_vs_close,UUP,1820.0,0.0,8.182709525096705,0.0,,,,,,,,,,,,,,,,,,,,,,,,,,,,,,,,
check,m1_last_vs_close,XBI,1820.0,0.0,15.858388372131474,0.0,,,,,,,,,,,,,,,,,,,,,,,,,,,,,,,,
check,m1_last_vs_close,XLB,1820.0,0.0,9.839780497195457,0.0,,,,,,,,,,,,,,,,,,,,,,,,,,,,,,,,
check,m1_last_vs_close,XLC,1820.0,0.0,8.325809880850054,0.0,,,,,,,,,,,,,,,,,,,,,,,,,,,,,,,,
check,m1_last_vs_close,XLE,1820.0,0.0,15.975833149053434,0.0,,,,,,,,,,,,,,,,,,,,,,,,,,,,,,,,
check,m1_last_vs_close,XLF,1820.0,0.0,11.984283112086906,0.0,,,,,,,,,,,,,,,,,,,,,,,,,,,,,,,,
check,m1_last_vs_close,XLI,1820.0,0.0,10.764401796753852,0.0,,,,,,,,,,,,,,,,,,,,,,,,,,,,,,,,
check,m1_last_vs_close,XLK,1820.0,0.0,10.621571295743406,0.0,,,,,,,,,,,,,,,,,,,,,,,,,,,,,,,,
check,m1_last_vs_close,XLP,1820.0,0.0,10.240143462291647,0.0,,,,,,,,,,,,,,,,,,,,,,,,,,,,,,,,
check,m1_last_vs_close,XLRE,1820.0,0.0,8.444458015981615,0.0,,,,,,,,,,,,,,,,,,,,,,,,,,,,,,,,
check,m1_last_vs_close,XLU,1820.0,0.0,9.573387360088772,0.0,,,,,,,,,,,,,,,,,,,,,,,,,,,,,,,,
check,m1_last_vs_close,XLV,1820.0,0.0,7.84617722046396,0.0,,,,,,,,,,,,,,,,,,,,,,,,,,,,,,,,
check,m1_last_vs_close,XLY,1820.0,0.0,9.463499397538886,0.0,,,,,,,,,,,,,,,,,,,,,,,,,,,,,,,,
check,daily_ret_extremes,GLD,1819.0,-1084.1233744964727,616.4735147244851,0.0,,,,,,,,,,,,,,,,,,,,,,,,,,,,,,,,
check,daily_ret_extremes,HYG,1819.0,-565.3365047327994,634.0561469333826,0.0,,,,,,,,,,,,,,,,,,,,,,,,,,,,,,,,
check,daily_ret_extremes,KRE,1819.0,-1683.3945429846817,1434.5557483090638,1.0,,,,,,,,,,,,,,,,,,,,,,,,,,,,,,,,
check,daily_ret_extremes,SMH,1819.0,-1556.205802566551,1583.7312628225202,2.0,,,,,,,,,,,,,,,,,,,,,,,,,,,,,,,,
check,daily_ret_extremes,SPY,1819.0,-1158.866459213588,998.6283271467302,0.0,,,,,,,,,,,,,,,,,,,,,,,,,,,,,,,,
check,daily_ret_extremes,TLT,1819.0,-690.1043254450809,725.0225719796284,0.0,,,,,,,,,,,,,,,,,,,,,,,,,,,,,,,,
check,daily_ret_extremes,USO,1819.0,-2918.9094440262797,1541.5067982725836,5.0,,,,,,,,,,,,,,,,,,,,,,,,,,,,,,,,
check,daily_ret_extremes,UUP,1819.0,-325.95567863411475,371.2381409973505,0.0,,,,,,,,,,,,,,,,,,,,,,,,,,,,,,,,
check,daily_ret_extremes,XBI,1819.0,-1317.859681524978,793.133468209333,0.0,,,,,,,,,,,,,,,,,,,,,,,,,,,,,,,,
check,daily_ret_extremes,XLB,1819.0,-1166.283909611345,1111.8432500006506,0.0,,,,,,,,,,,,,,,,,,,,,,,,,,,,,,,,
check,daily_ret_extremes,XLC,1819.0,-1196.7888391213485,860.8704648662664,0.0,,,,,,,,,,,,,,,,,,,,,,,,,,,,,,,,
check,daily_ret_extremes,XLE,1819.0,-2249.0987224517667,1487.4203373285025,2.0,,,,,,,,,,,,,,,,,,,,,,,,,,,,,,,,
check,daily_ret_extremes,XLF,1819.0,-1474.4828117253844,1236.023553595862,0.0,,,,,,,,,,,,,,,,,,,,,,,,,,,,,,,,
check,daily_ret_extremes,XLI,1819.0,-1204.082587116405,1191.2640678171265,0.0,,,,,,,,,,,,,,,,,,,,,,,,,,,,,,,,
check,daily_ret_extremes,XLK,1819.0,-1486.623832395977,1259.777970248439,0.0,,,,,,,,,,,,,,,,,,,,,,,,,,,,,,,,
check,daily_ret_extremes,XLP,1819.0,-986.6799574430969,816.7828974200031,0.0,,,,,,,,,,,,,,,,,,,,,,,,,,,,,,,,
check,daily_ret_extremes,XLRE,1819.0,-1743.6668193465696,841.5761118013548,1.0,,,,,,,,,,,,,,,,,,,,,,,,,,,,,,,,
check,daily_ret_extremes,XLU,1819.0,-1205.6108944954267,1203.8797470633713,0.0,,,,,,,,,,,,,,,,,,,,,,,,,,,,,,,,
check,daily_ret_extremes,XLV,1819.0,-1038.1780069186675,742.3253066392961,0.0,,,,,,,,,,,,,,,,,,,,,,,,,,,,,,,,
check,daily_ret_extremes,XLY,1819.0,-1354.6043842081024,1033.5110951232266,0.0,,,,,,,,,,,,,,,,,,,,,,,,,,,,,,,,
check,premarket_trade_share,GLD,1820.0,,,0.0,,,,,,,,,,,,,,,,,,,,,,,,,,,,,,,,
check,premarket_trade_share,HYG,1609.0,,,211.0,,,,,,,,,,,,,,,,,,,,,,,,,,,,,,,,
check,premarket_trade_share,KRE,1641.0,,,179.0,,,,,,,,,,,,,,,,,,,,,,,,,,,,,,,,
check,premarket_trade_share,SMH,1792.0,,,28.0,,,,,,,,,,,,,,,,,,,,,,,,,,,,,,,,
check,premarket_trade_share,SPY,1820.0,,,0.0,,,,,,,,,,,,,,,,,,,,,,,,,,,,,,,,
check,premarket_trade_share,TLT,1820.0,,,0.0,,,,,,,,,,,,,,,,,,,,,,,,,,,,,,,,
check,premarket_trade_share,USO,1820.0,,,0.0,,,,,,,,,,,,,,,,,,,,,,,,,,,,,,,,
check,premarket_trade_share,UUP,1686.0,,,134.0,,,,,,,,,,,,,,,,,,,,,,,,,,,,,,,,
check,premarket_trade_share,XBI,1798.0,,,22.0,,,,,,,,,,,,,,,,,,,,,,,,,,,,,,,,
check,premarket_trade_share,XLB,1524.0,,,296.0,,,,,,,,,,,,,,,,,,,,,,,,,,,,,,,,
check,premarket_trade_share,XLC,1396.0,,,424.0,,,,,,,,,,,,,,,,,,,,,,,,,,,,,,,,
check,premarket_trade_share,XLE,1820.0,,,0.0,,,,,,,,,,,,,,,,,,,,,,,,,,,,,,,,
check,premarket_trade_share,XLF,1820.0,,,0.0,,,,,,,,,,,,,,,,,,,,,,,,,,,,,,,,
check,premarket_trade_share,XLI,1695.0,,,125.0,,,,,,,,,,,,,,,,,,,,,,,,,,,,,,,,
check,premarket_trade_share,XLK,1816.0,,,4.0,,,,,,,,,,,,,,,,,,,,,,,,,,,,,,,,
check,premarket_trade_share,XLP,1723.0,,,97.0,,,,,,,,,,,,,,,,,,,,,,,,,,,,,,,,
check,premarket_trade_share,XLRE,1438.0,,,382.0,,,,,,,,,,,,,,,,,,,,,,,,,,,,,,,,
check,premarket_trade_share,XLU,1761.0,,,59.0,,,,,,,,,,,,,,,,,,,,,,,,,,,,,,,,
check,premarket_trade_share,XLV,1769.0,,,51.0,,,,,,,,,,,,,,,,,,,,,,,,,,,,,,,,
check,premarket_trade_share,XLY,1632.0,,,188.0,,,,,,,,,,,,,,,,,,,,,,,,,,,,,,,,
check,btc_1500_coverage,BTC,1439.0,,,0.0,,,,,,,,,,,,,,,,,,,,,,,,,,,,,,,,
check,features_C1_abs_gt_20pct,"TLT,UUP,USO,GLD,HYG,BTC,VIX,SPY",14170.0,,,48.0,,,,,,,,,,,,,,,,,,,,,,,,,,,,,,,,
check,features_C5_abs_gt_20pct,"TLT,UUP,USO,GLD,HYG,BTC,VIX,SPY",14138.0,,,344.0,,,,,,,,,,,,,,,,,,,,,,,,,,,,,,,,
check,features_O1_abs_gt_20pct,"TLT,UUP,USO,GLD,HYG,BTC,VIX,SPY",14176.0,,,48.0,,,,,,,,,,,,,,,,,,,,,,,,,,,,,,,,
reg,,,1006.0,,,,night,C,1,raw,XLK,TLT,2020-23,10.552840064197893,1.4131527596282312,,,,,,,,,,,,,,,,,,,,,,,
reg,,,685.0,,,,night,C,1,raw,XLK,TLT,2024-26,-4.945377162039603,-0.7823244519398488,,,,,,,,,,,,,,,,,,,,,,,
reg,,,1006.0,,,,night,C,1,raw,XLK,UUP,2020-23,-0.2608792579650283,-0.03232091547391195,,,,,,,,,,,,,,,,,,,,,,,
reg,,,685.0,,,,night,C,1,raw,XLK,UUP,2024-26,2.8865095325254475,0.6085952718910713,,,,,,,,,,,,,,,,,,,,,,,
reg,,,1006.0,,,,night,C,1,raw,XLK,USO,2020-23,-4.059896027800464,-0.7569670439221673,,,,,,,,,,,,,,,,,,,,,,,
reg,,,685.0,,,,night,C,1,raw,XLK,USO,2024-26,2.8629275805364385,0.5351167113640277,,,,,,,,,,,,,,,,,,,,,,,
reg,,,1006.0,,,,night,C,1,raw,XLK,GLD,2020-23,2.249448324381842,0.4079662522285299,,,,,,,,,,,,,,,,,,,,,,,
reg,,,685.0,,,,night,C,1,raw,XLK,GLD,2024-26,-10.134600739712706,-2.6160505824910714,,,,,,,,,,,,,,,,,,,,,,,
reg,,,1006.0,,,,night,C,1,raw,XLK,HYG,2020-23,-13.865501413094076,-1.995843702097605,,,,,,,,,,,,,,,,,,,,,,,
reg,,,685.0,,,,night,C,1,raw,XLK,HYG,2024-26,-0.1730936644822785,-0.026620381235231295,,,,,,,,,,,,,,,,,,,,,,,
reg,,,752.0,,,,night,C,1,raw,XLK,BTC,2020-23,-5.690070351994785,-1.7778318293943325,,,,,,,,,,,,,,,,,,,,,,,
reg,,,685.0,,,,night,C,1,raw,XLK,BTC,2024-26,-2.9861181227797,-0.7646749452559222,,,,,,,,,,,,,,,,,,,,,,,
reg,,,1006.0,,,,night,C,1,raw,XLK,VIX,2020-23,-15.603913658350091,-1.7584390001148382,,,,,,,,,,,,,,,,,,,,,,,
reg,,,685.0,,,,night,C,1,raw,XLK,VIX,2024-26,5.794390712417581,1.3195681956789813,,,,,,,,,,,,,,,,,,,,,,,
reg,,,1006.0,,,,night,C,1,raw,XLK,SPY,2020-23,-13.66273458406432,-1.446057953414735,,,,,,,,,,,,,,,,,,,,,,,
reg,,,685.0,,,,night,C,1,raw,XLK,SPY,2024-26,0.6767092608760419,0.09077348257401843,,,,,,,,,,,,,,,,,,,,,,,
reg,,,1006.0,,,,night,C,1,raw,XLF,TLT,2020-23,2.6922861081137093,0.3222300979881038,,,,,,,,,,,,,,,,,,,,,,,
reg,,,685.0,,,,night,C,1,raw,XLF,TLT,2024-26,-1.4899564447097233,-0.4027344845869895,,,,,,,,,,,,,,,,,,,,,,,
reg,,,1006.0,,,,night,C,1,raw,XLF,UUP,2020-23,-4.851351095823139,-0.5875213298843865,,,,,,,,,,,,,,,,,,,,,,,
reg,,,685.0,,,,night,C,1,raw,XLF,UUP,2024-26,2.7973015020900958,0.9107260694524082,,,,,,,,,,,,,,,,,,,,,,,
reg,,,1006.0,,,,night,C,1,raw,XLF,USO,2020-23,0.93753250254637,0.15000407650464617,,,,,,,,,,,,,,,,,,,,,,,
reg,,,685.0,,,,night,C,1,raw,XLF,USO,2024-26,1.4790346671560295,0.4166159413675829,,,,,,,,,,,,,,,,,,,,,,,
reg,,,1006.0,,,,night,C,1,raw,XLF,GLD,2020-23,2.9430123199389886,0.4887671111207882,,,,,,,,,,,,,,,,,,,,,,,
reg,,,685.0,,,,night,C,1,raw,XLF,GLD,2024-26,-1.9634674400179095,-0.9012063854206692,,,,,,,,,,,,,,,,,,,,,,,
reg,,,1006.0,,,,night,C,1,raw,XLF,HYG,2020-23,-9.61828347869425,-1.1836453001442064,,,,,,,,,,,,,,,,,,,,,,,
reg,,,685.0,,,,night,C,1,raw,XLF,HYG,2024-26,2.6457122241487037,0.655067375351836,,,,,,,,,,,,,,,,,,,,,,,
reg,,,752.0,,,,night,C,1,raw,XLF,BTC,2020-23,0.378339082623033,0.09978060870343623,,,,,,,,,,,,,,,,,,,,,,,
reg,,,685.0,,,,night,C,1,raw,XLF,BTC,2024-26,2.1234404580072694,0.8716127000208982,,,,,,,,,,,,,,,,,,,,,,,
reg,,,1006.0,,,,night,C,1,raw,XLF,VIX,2020-23,-18.11607104349064,-1.9331287821065193,,,,,,,,,,,,,,,,,,,,,,,
reg,,,685.0,,,,night,C,1,raw,XLF,VIX,2024-26,4.1527004924123565,1.6408677153463986,,,,,,,,,,,,,,,,,,,,,,,
reg,,,1006.0,,,,night,C,1,raw,XLF,SPY,2020-23,-10.449033138973471,-0.9748025676281831,,,,,,,,,,,,,,,,,,,,,,,
reg,,,685.0,,,,night,C,1,raw,XLF,SPY,2024-26,3.760336798025532,0.808402897059332,,,,,,,,,,,,,,,,,,,,,,,
reg,,,1006.0,,,,night,C,1,raw,XLE,TLT,2020-23,2.2603881158968036,0.21783816779685772,,,,,,,,,,,,,,,,,,,,,,,
reg,,,685.0,,,,night,C,1,raw,XLE,TLT,2024-26,-0.936614740513755,-0.2509941384385409,,,,,,,,,,,,,,,,,,,,,,,
reg,,,1006.0,,,,night,C,1,raw,XLE,UUP,2020-23,0.8671304571922305,0.11299321669237485,,,,,,,,,,,,,,,,,,,,,,,
reg,,,685.0,,,,night,C,1,raw,XLE,UUP,2024-26,0.9603166188495426,0.25857407559335893,,,,,,,,,,,,,,,,,,,,,,,
reg,,,1006.0,,,,night,C,1,raw,XLE,USO,2020-23,3.072971168233219,0.35434181348933225,,,,,,,,,,,,,,,,,,,,,,,
reg,,,685.0,,,,night,C,1,raw,XLE,USO,2024-26,6.4830737531694504,1.5393297853563277,,,,,,,,,,,,,,,,,,,,,,,
reg,,,1006.0,,,,night,C,1,raw,XLE,GLD,2020-23,1.439720693689885,0.20580811519067904,,,,,,,,,,,,,,,,,,,,,,,
reg,,,685.0,,,,night,C,1,raw,XLE,GLD,2024-26,2.100009529885321,0.5202249517169933,,,,,,,,,,,,,,,,,,,,,,,
reg,,,1006.0,,,,night,C,1,raw,XLE,HYG,2020-23,-5.269566690491697,-0.5565025222419108,,,,,,,,,,,,,,,,,,,,,,,
reg,,,685.0,,,,night,C,1,raw,XLE,HYG,2024-26,-2.357574876822203,-0.4621233613279412,,,,,,,,,,,,,,,,,,,,,,,
reg,,,752.0,,,,night,C,1,raw,XLE,BTC,2020-23,-1.9771913093978357,-0.48578321222062687,,,,,,,,,,,,,,,,,,,,,,,
reg,,,685.0,,,,night,C,1,raw,XLE,BTC,2024-26,-3.5802267980111835,-1.2735956252503466,,,,,,,,,,,,,,,,,,,,,,,
reg,,,1006.0,,,,night,C,1,raw,XLE,VIX,2020-23,-21.61914979704754,-2.231710002278455,,,,,,,,,,,,,,,,,,,,,,,
reg,,,685.0,,,,night,C,1,raw,XLE,VIX,2024-26,-3.001001413682102,-0.9292220418113438,,,,,,,,,,,,,,,,,,,,,,,
reg,,,1006.0,,,,night,C,1,raw,XLE,SPY,2020-23,-10.540503797772459,-1.0115728063317029,,,,,,,,,,,,,,,,,,,,,,,
reg,,,685.0,,,,night,C,1,raw,XLE,SPY,2024-26,-3.88003497237918,-0.6575428039574607,,,,,,,,,,,,,,,,,,,,,,,
reg,,,1006.0,,,,night,C,1,raw,XLV,TLT,2020-23,7.053150653429553,1.2812459002037706,,,,,,,,,,,,,,,,,,,,,,,
reg,,,685.0,,,,night,C,1,raw,XLV,TLT,2024-26,-2.5977900913616354,-0.8826100796388555,,,,,,,,,,,,,,,,,,,,,,,
reg,,,1006.0,,,,night,C,1,raw,XLV,UUP,2020-23,-2.998937016560397,-0.5614321291084543,,,,,,,,,,,,,,,,,,,,,,,
reg,,,685.0,,,,night,C,1,raw,XLV,UUP,2024-26,2.805593082436288,1.2749191953357653,,,,,,,,,,,,,,,,,,,,,,,
reg,,,1006.0,,,,night,C,1,raw,XLV,USO,2020-23,-0.8720461877279033,-0.23461172393629476,,,,,,,,,,,,,,,,,,,,,,,
reg,,,685.0,,,,night,C,1,raw,XLV,USO,2024-26,1.1450002703147288,0.4252224410107727,,,,,,,,,,,,,,,,,,,,,,,
reg,,,1006.0,,,,night,C,1,raw,XLV,GLD,2020-23,2.358698175036321,0.7016801020814473,,,,,,,,,,,,,,,,,,,,,,,
reg,,,685.0,,,,night,C,1,raw,XLV,GLD,2024-26,-2.4526651713657732,-1.175177247655388,,,,,,,,,,,,,,,,,,,,,,,
reg,,,1006.0,,,,night,C,1,raw,XLV,HYG,2020-23,-8.5939885768119,-1.7369526545294123,,,,,,,,,,,,,,,,,,,,,,,
reg,,,685.0,,,,night,C,1,raw,XLV,HYG,2024-26,0.7329685333695688,0.2759551736173907,,,,,,,,,,,,,,,,,,,,,,,
reg,,,752.0,,,,night,C,1,raw,XLV,BTC,2020-23,-1.098110895295444,-0.5964893659851981,,,,,,,,,,,,,,,,,,,,,,,
reg,,,685.0,,,,night,C,1,raw,XLV,BTC,2024-26,-2.069800616573563,-0.995935384738369,,,,,,,,,,,,,,,,,,,,,,,
reg,,,1006.0,,,,night,C,1,raw,XLV,VIX,2020-23,-10.92203365653081,-1.9007224659034065,,,,,,,,,,,,,,,,,,,,,,,
reg,,,685.0,,,,night,C,1,raw,XLV,VIX,2024-26,0.880186915520848,0.34327583630182584,,,,,,,,,,,,,,,,,,,,,,,
reg,,,1006.0,,,,night,C,1,raw,XLV,SPY,2020-23,-7.956177653056512,-1.208885279263652,,,,,,,,,,,,,,,,,,,,,,,
reg,,,685.0,,,,night,C,1,raw,XLV,SPY,2024-26,3.0605710414432576,0.97498962980766,,,,,,,,,,,,,,,,,,,,,,,
reg,,,1006.0,,,,night,C,1,raw,XLI,TLT,2020-23,5.594283725369064,0.7892903011075669,,,,,,,,,,,,,,,,,,,,,,,
reg,,,685.0,,,,night,C,1,raw,XLI,TLT,2024-26,-1.9727062664322943,-0.60342143124611,,,,,,,,,,,,,,,,,,,,,,,
reg,,,1006.0,,,,night,C,1,raw,XLI,UUP,2020-23,-3.1208791182282796,-0.48989108875372817,,,,,,,,,,,,,,,,,,,,,,,
reg,,,685.0,,,,night,C,1,raw,XLI,UUP,2024-26,3.992910354651967,1.4551611132847408,,,,,,,,,,,,,,,,,,,,,,,
reg,,,1006.0,,,,night,C,1,raw,XLI,USO,2020-23,1.2152337620729503,0.24758649305392566,,,,,,,,,,,,,,,,,,,,,,,
reg,,,685.0,,,,night,C,1,raw,XLI,USO,2024-26,3.3955226503705966,1.0030271771082822,,,,,,,,,,,,,,,,,,,,,,,
reg,,,1006.0,,,,night,C,1,raw,XLI,GLD,2020-23,2.3895562633275764,0.4858992488878232,,,,,,,,,,,,,,,,,,,,,,,
reg,,,685.0,,,,night,C,1,raw,XLI,GLD,2024-26,-4.179522141584963,-1.7584836191821158,,,,,,,,,,,,,,,,,,,,,,,
reg,,,1006.0,,,,night,C,1,raw,XLI,HYG,2020-23,-7.340315727419082,-1.2742404429951228,,,,,,,,,,,,,,,,,,,,,,,
reg,,,685.0,,,,night,C,1,raw,XLI,HYG,2024-26,-0.1446602898059671,-0.036515500917433746,,,,,,,,,,,,,,,,,,,,,,,
reg,,,752.0,,,,night,C,1,raw,XLI,BTC,2020-23,-0.6588573833926362,-0.2821621096473309,,,,,,,,,,,,,,,,,,,,,,,
reg,,,685.0,,,,night,C,1,raw,XLI,BTC,2024-26,-0.45211190748260593,-0.1870793256405589,,,,,,,,,,,,,,,,,,,,,,,
reg,,,1006.0,,,,night,C,1,raw,XLI,VIX,2020-23,-14.25737494334908,-1.9460302560996983,,,,,,,,,,,,,,,,,,,,,,,
reg,,,685.0,,,,night,C,1,raw,XLI,VIX,2024-26,4.212548646626835,1.7107488743558916,,,,,,,,,,,,,,,,,,,,,,,
reg,,,1006.0,,,,night,C,1,raw,XLI,SPY,2020-23,-8.047706918170256,-1.0340391651189955,,,,,,,,,,,,,,,,,,,,,,,
reg,,,685.0,,,,night,C,1,raw,XLI,SPY,2024-26,0.7572971062465447,0.1649002846495136,,,,,,,,,,,,,,,,,,,,,,,
reg,,,1006.0,,,,night,C,1,raw,XLY,TLT,2020-23,7.362280028406229,1.0675809923934139,,,,,,,,,,,,,,,,,,,,,,,
reg,,,685.0,,,,night,C,1,raw,XLY,TLT,2024-26,-4.887156945440885,-0.9165566580276128,,,,,,,,,,,,,,,,,,,,,,,
reg,,,1006.0,,,,night,C,1,raw,XLY,UUP,2020-23,-3.011478951937863,-0.44135932179956683,,,,,,,,,,,,,,,,,,,,,,,
reg,,,685.0,,,,night,C,1,raw,XLY,UUP,2024-26,3.353846766760621,0.8513306702631265,,,,,,,,,,,,,,,,,,,,,,,
reg,,,1006.0,,,,night,C,1,raw,XLY,USO,2020-23,-2.7521745368446955,-0.5993003154639652,,,,,,,,,,,,,,,,,,,,,,,
reg,,,685.0,,,,night,C,1,raw,XLY,USO,2024-26,1.713215990802275,0.39123684407018106,,,,,,,,,,,,,,,,,,,,,,,
reg,,,1006.0,,,,night,C,1,raw,XLY,GLD,2020-23,2.729360886040586,0.5484655007359683,,,,,,,,,,,,,,,,,,,,,,,
reg,,,685.0,,,,night,C,1,raw,XLY,GLD,2024-26,-1.3918689032472207,-0.47095597840578557,,,,,,,,,,,,,,,,,,,,,,,
reg,,,1006.0,,,,night,C,1,raw,XLY,HYG,2020-23,-9.028496910807702,-1.4869191697827955,,,,,,,,,,,,,,,,,,,,,,,
reg,,,685.0,,,,night,C,1,raw,XLY,HYG,2024-26,1.9770840864860169,0.35690112905603455,,,,,,,,,,,,,,,,,,,,,,,
reg,,,752.0,,,,night,C,1,raw,XLY,BTC,2020-23,-3.1076211116112504,-0.9627492696266929,,,,,,,,,,,,,,,,,,,,,,,
reg,,,685.0,,,,night,C,1,raw,XLY,BTC,2024-26,3.893645291966466,1.2135422095219524,,,,,,,,,,,,,,,,,,,,,,,
reg,,,1006.0,,,,night,C,1,raw,XLY,VIX,2020-23,-13.476275736901918,-1.8347691498065255,,,,,,,,,,,,,,,,,,,,,,,
reg,,,685.0,,,,night,C,1,raw,XLY,VIX,2024-26,3.0392486099990434,0.8811916586426551,,,,,,,,,,,,,,,,,,,,,,,
reg,,,1006.0,,,,night,C,1,raw,XLY,SPY,2020-23,-7.64217727480123,-0.9240720265404258,,,,,,,,,,,,,,,,,,,,,,,
reg,,,685.0,,,,night,C,1,raw,XLY,SPY,2024-26,3.343426955537515,0.5198744062850921,,,,,,,,,,,,,,,,,,,,,,,
reg,,,1006.0,,,,night,C,1,raw,XLP,TLT,2020-23,4.840333397878225,0.9456333463364465,,,,,,,,,,,,,,,,,,,,,,,
reg,,,685.0,,,,night,C,1,raw,XLP,TLT,2024-26,-3.210109743661808,-1.668065665746033,,,,,,,,,,,,,,,,,,,,,,,
reg,,,1006.0,,,,night,C,1,raw,XLP,UUP,2020-23,-2.713044226568179,-0.540356149295284,,,,,,,,,,,,,,,,,,,,,,,
reg,,,685.0,,,,night,C,1,raw,XLP,UUP,2024-26,1.9721198276439111,1.2019130634721324,,,,,,,,,,,,,,,,,,,,,,,
reg,,,1006.0,,,,night,C,1,raw,XLP,USO,2020-23,-0.6131242504361587,-0.1966216431884753,,,,,,,,,,,,,,,,,,,,,,,
reg,,,685.0,,,,night,C,1,raw,XLP,USO,2024-26,1.3653335264037636,0.6129601901808474,,,,,,,,,,,,,,,,,,,,,,,
reg,,,1006.0,,,,night,C,1,raw,XLP,GLD,2020-23,1.336691917218024,0.42900504287301033,,,,,,,,,,,,,,,,,,,,,,,
reg,,,685.0,,,,night,C,1,raw,XLP,GLD,2024-26,-0.3090051271664458,-0.1920687798424441,,,,,,,,,,,,,,,,,,,,,,,
reg,,,1006.0,,,,night,C,1,raw,XLP,HYG,2020-23,-8.272078170188967,-1.7357245500369463,,,,,,,,,,,,,,,,,,,,,,,
reg,,,685.0,,,,night,C,1,raw,XLP,HYG,2024-26,-0.620215105546813,-0.3324098220233656,,,,,,,,,,,,,,,,,,,,,,,
reg,,,752.0,,,,night,C,1,raw,XLP,BTC,2020-23,-2.022166708411799,-1.4457122673873688,,,,,,,,,,,,,,,,,,,,,,,
reg,,,685.0,,,,night,C,1,raw,XLP,BTC,2024-26,0.6080302811173828,0.4143949670527343,,,,,,,,,,,,,,,,,,,,,,,
reg,,,1006.0,,,,night,C,1,raw,XLP,VIX,2020-23,-10.159595321685948,-1.8938221661989896,,,,,,,,,,,,,,,,,,,,,,,
reg,,,685.0,,,,night,C,1,raw,XLP,VIX,2024-26,-0.377958159436844,-0.21061643344987416,,,,,,,,,,,,,,,,,,,,,,,
reg,,,1006.0,,,,night,C,1,raw,XLP,SPY,2020-23,-9.369221236763087,-1.501576434849984,,,,,,,,,,,,,,,,,,,,,,,
reg,,,685.0,,,,night,C,1,raw,XLP,SPY,2024-26,-0.0919341167083716,-0.03981057336688763,,,,,,,,,,,,,,,,,,,,,,,
reg,,,1006.0,,,,night,C,1,raw,XLU,TLT,2020-23,5.062436586374309,0.8441078518840249,,,,,,,,,,,,,,,,,,,,,,,
reg,,,685.0,,,,night,C,1,raw,XLU,TLT,2024-26,-0.22776475910680982,-0.10554058568639049,,,,,,,,,,,,,,,,,,,,,,,
reg,,,1006.0,,,,night,C,1,raw,XLU,UUP,2020-23,-2.6093380933100976,-0.4381636004420002,,,,,,,,,,,,,,,,,,,,,,,
reg,,,685.0,,,,night,C,1,raw,XLU,UUP,2024-26,0.274598817733192,0.13737968745448834,,,,,,,,,,,,,,,,,,,,,,,
reg,,,1006.0,,,,night,C,1,raw,XLU,USO,2020-23,-1.0789607148243574,-0.28923785590509954,,,,,,,,,,,,,,,,,,,,,,,
reg,,,685.0,,,,night,C,1,raw,XLU,USO,2024-26,2.9123779952708935,1.425703384245371,,,,,,,,,,,,,,,,,,,,,,,
reg,,,1006.0,,,,night,C,1,raw,XLU,GLD,2020-23,0.06652044980314478,0.02052739219094071,,,,,,,,,,,,,,,,,,,,,,,
reg,,,685.0,,,,night,C,1,raw,XLU,GLD,2024-26,0.2975531682826139,0.1710959922098001,,,,,,,,,,,,,,,,,,,,,,,
reg,,,1006.0,,,,night,C,1,raw,XLU,HYG,2020-23,-10.492107991562328,-1.8935771038396725,,,,,,,,,,,,,,,,,,,,,,,
reg,,,685.0,,,,night,C,1,raw,XLU,HYG,2024-26,-3.18466220825855,-1.717864086898831,,,,,,,,,,,,,,,,,,,,,,,
reg,,,752.0,,,,night,C,1,raw,XLU,BTC,2020-23,-0.7775022086465944,-0.4952966551327052,,,,,,,,,,,,,,,,,,,,,,,
reg,,,685.0,,,,night,C,1,raw,XLU,BTC,2024-26,-0.8807124728632414,-0.4769706420942806,,,,,,,,,,,,,,,,,,,,,,,
reg,,,1006.0,,,,night,C,1,raw,XLU,VIX,2020-23,-12.029187255441702,-1.9495530537189087,,,,,,,,,,,,,,,,,,,,,,,
reg,,,685.0,,,,night,C,1,raw,XLU,VIX,2024-26,2.9309286291116465,1.5407772596749174,,,,,,,,,,,,,,,,,,,,,,,
reg,,,1006.0,,,,night,C,1,raw,XLU,SPY,2020-23,-11.253868028017934,-1.542488596007645,,,,,,,,,,,,,,,,,,,,,,,
reg,,,685.0,,,,night,C,1,raw,XLU,SPY,2024-26,-4.919386355225686,-2.494453261124469,,,,,,,,,,,,,,,,,,,,,,,
reg,,,1006.0,,,,night,C,1,raw,XLB,TLT,2020-23,9.565098096561345,1.304449677048547,,,,,,,,,,,,,,,,,,,,,,,
reg,,,685.0,,,,night,C,1,raw,XLB,TLT,2024-26,-1.0816643769561174,-0.3574277513598986,,,,,,,,,,,,,,,,,,,,,,,
reg,,,1006.0,,,,night,C,1,raw,XLB,UUP,2020-23,-5.479814444139346,-0.6360147262277428,,,,,,,,,,,,,,,,,,,,,,,
reg,,,685.0,,,,night,C,1,raw,XLB,UUP,2024-26,-0.9700737898419467,-0.3582309620307282,,,,,,,,,,,,,,,,,,,,,,,
reg,,,1006.0,,,,night,C,1,raw,XLB,USO,2020-23,1.19239351425964,0.2258272685292865,,,,,,,,,,,,,,,,,,,,,,,
reg,,,685.0,,,,night,C,1,raw,XLB,USO,2024-26,0.5306515864851877,0.15674153929863135,,,,,,,,,,,,,,,,,,,,,,,
reg,,,1006.0,,,,night,C,1,raw,XLB,GLD,2020-23,6.404963975924252,1.0471643681844875,,,,,,,,,,,,,,,,,,,,,,,
reg,,,685.0,,,,night,C,1,raw,XLB,GLD,2024-26,-1.7660946135983335,-0.7455731824502633,,,,,,,,,,,,,,,,,,,,,,,
reg,,,1006.0,,,,night,C,1,raw,XLB,HYG,2020-23,-12.432151156609015,-1.5863703740033273,,,,,,,,,,,,,,,,,,,,,,,
reg,,,685.0,,,,night,C,1,raw,XLB,HYG,2024-26,-0.005130183842651889,-0.0014324417188898984,,,,,,,,,,,,,,,,,,,,,,,
reg,,,752.0,,,,night,C,1,raw,XLB,BTC,2020-23,-0.15273330107635483,-0.0558405686485693,,,,,,,,,,,,,,,,,,,,,,,
reg,,,685.0,,,,night,C,1,raw,XLB,BTC,2024-26,-0.5008325865672835,-0.2039617969600349,,,,,,,,,,,,,,,,,,,,,,,
reg,,,1006.0,,,,night,C,1,raw,XLB,VIX,2020-23,-17.925854803903,-1.7613594670699344,,,,,,,,,,,,,,,,,,,,,,,
reg,,,685.0,,,,night,C,1,raw,XLB,VIX,2024-26,2.4758198372616844,1.0540169743586303,,,,,,,,,,,,,,,,,,,,,,,
reg,,,1006.0,,,,night,C,1,raw,XLB,SPY,2020-23,-13.827534354468089,-1.2957096089240738,,,,,,,,,,,,,,,,,,,,,,,
reg,,,685.0,,,,night,C,1,raw,XLB,SPY,2024-26,-0.9016686489770607,-0.22165325997325167,,,,,,,,,,,,,,,,,,,,,,,
reg,,,1006.0,,,,night,C,1,raw,XLRE,TLT,2020-23,6.061801581544544,1.0452227200531063,,,,,,,,,,,,,,,,,,,,,,,
reg,,,685.0,,,,night,C,1,raw,XLRE,TLT,2024-26,-0.969048275999882,-0.3661429516630877,,,,,,,,,,,,,,,,,,,,,,,
reg,,,1006.0,,,,night,C,1,raw,XLRE,UUP,2020-23,-4.158988529639949,-0.7312399308070108,,,,,,,,,,,,,,,,,,,,,,,
reg,,,685.0,,,,night,C,1,raw,XLRE,UUP,2024-26,0.4331542127512916,0.1936927898721083,,,,,,,,,,,,,,,,,,,,,,,
reg,,,1006.0,,,,night,C,1,raw,XLRE,USO,2020-23,-0.2490554097104761,-0.06074922944125386,,,,,,,,,,,,,,,,,,,,,,,
reg,,,685.0,,,,night,C,1,raw,XLRE,USO,2024-26,1.9385469095309615,0.786954803650607,,,,,,,,,,,,,,,,,,,,,,,
reg,,,1006.0,,,,night,C,1,raw,XLRE,GLD,2020-23,3.938085199999663,0.9748529713980258,,,,,,,,,,,,,,,,,,,,,,,
reg,,,685.0,,,,night,C,1,raw,XLRE,GLD,2024-26,-1.0793610983179474,-0.592720377876536,,,,,,,,,,,,,,,,,,,,,,,
reg,,,1006.0,,,,night,C,1,raw,XLRE,HYG,2020-23,-7.930150093078954,-1.4679572716547196,,,,,,,,,,,,,,,,,,,,,,,
reg,,,685.0,,,,night,C,1,raw,XLRE,HYG,2024-26,-0.30632056165582305,-0.12870881499528516,,,,,,,,,,,,,,,,,,,,,,,
reg,,,752.0,,,,night,C,1,raw,XLRE,BTC,2020-23,-0.1476273738276007,-0.06642304437311808,,,,,,,,,,,,,,,,,,,,,,,
reg,,,685.0,,,,night,C,1,raw,XLRE,BTC,2024-26,-0.8306351847785234,-0.4009781142202501,,,,,,,,,,,,,,,,,,,,,,,
reg,,,1006.0,,,,night,C,1,raw,XLRE,VIX,2020-23,-12.628222549781526,-1.9860920063954444,,,,,,,,,,,,,,,,,,,,,,,
reg,,,685.0,,,,night,C,1,raw,XLRE,VIX,2024-26,5.363594145623969,2.7887105361165148,,,,,,,,,,,,,,,,,,,,,,,
reg,,,1006.0,,,,night,C,1,raw,XLRE,SPY,2020-23,-8.370890680944497,-1.1790038937940632,,,,,,,,,,,,,,,,,,,,,,,
reg,,,685.0,,,,night,C,1,raw,XLRE,SPY,2024-26,-2.617511461843112,-1.0614571533837598,,,,,,,,,,,,,,,,,,,,,,,
reg,,,1006.0,,,,night,C,1,raw,XLC,TLT,2020-23,7.841200872843256,1.1755527802226406,,,,,,,,,,,,,,,,,,,,,,,
reg,,,685.0,,,,night,C,1,raw,XLC,TLT,2024-26,-3.3752266146029726,-0.8095164399299696,,,,,,,,,,,,,,,,,,,,,,,
reg,,,1006.0,,,,night,C,1,raw,XLC,UUP,2020-23,-1.6592401756190722,-0.21899976462464124,,,,,,,,,,,,,,,,,,,,,,,
reg,,,685.0,,,,night,C,1,raw,XLC,UUP,2024-26,2.6840757224862033,0.9055648470245153,,,,,,,,,,,,,,,,,,,,,,,
reg,,,1006.0,,,,night,C,1,raw,XLC,USO,2020-23,-4.545884427334473,-0.9432466090952661,,,,,,,,,,,,,,,,,,,,,,,
reg,,,685.0,,,,night,C,1,raw,XLC,USO,2024-26,0.1824861858753988,0.05138612357217917,,,,,,,,,,,,,,,,,,,,,,,
reg,,,1006.0,,,,night,C,1,raw,XLC,GLD,2020-23,3.183545378900582,0.6443193197247103,,,,,,,,,,,,,,,,,,,,,,,
reg,,,685.0,,,,night,C,1,raw,XLC,GLD,2024-26,2.7574847336226824,1.1848318890894436,,,,,,,,,,,,,,,,,,,,,,,
reg,,,1006.0,,,,night,C,1,raw,XLC,HYG,2020-23,-14.778996038597194,-2.2521846929415443,,,,,,,,,,,,,,,,,,,,,,,
reg,,,685.0,,,,night,C,1,raw,XLC,HYG,2024-26,3.308315047909182,0.837740660567684,,,,,,,,,,,,,,,,,,,,,,,
reg,,,752.0,,,,night,C,1,raw,XLC,BTC,2020-23,-3.3722735722427464,-1.0354453726051098,,,,,,,,,,,,,,,,,,,,,,,
reg,,,685.0,,,,night,C,1,raw,XLC,BTC,2024-26,4.124456717658956,1.5388640881211626,,,,,,,,,,,,,,,,,,,,,,,
reg,,,1006.0,,,,night,C,1,raw,XLC,VIX,2020-23,-11.472856782341443,-1.385518509328187,,,,,,,,,,,,,,,,,,,,,,,
reg,,,685.0,,,,night,C,1,raw,XLC,VIX,2024-26,4.561791480470227,1.5861772926263098,,,,,,,,,,,,,,,,,,,,,,,
reg,,,1006.0,,,,night,C,1,raw,XLC,SPY,2020-23,-14.72534824608196,-1.668709137814854,,,,,,,,,,,,,,,,,,,,,,,
reg,,,685.0,,,,night,C,1,raw,XLC,SPY,2024-26,5.737602146907886,1.2415556987703986,,,,,,,,,,,,,,,,,,,,,,,
reg,,,1006.0,,,,night,C,1,raw,SMH,TLT,2020-23,12.625809481115327,1.58172832536138,,,,,,,,,,,,,,,,,,,,,,,
reg,,,685.0,,,,night,C,1,raw,SMH,TLT,2024-26,-6.33075522343042,-0.7281409487213786,,,,,,,,,,,,,,,,,,,,,,,
reg,,,1006.0,,,,night,C,1,raw,SMH,UUP,2020-23,2.6539361227644997,0.3505860070120888,,,,,,,,,,,,,,,,,,,,,,,
reg,,,685.0,,,,night,C,1,raw,SMH,UUP,2024-26,4.4670911653356775,0.6609368199097828,,,,,,,,,,,,,,,,,,,,,,,
reg,,,1006.0,,,,night,C,1,raw,SMH,USO,2020-23,-3.9498053691046198,-0.6572799770988929,,,,,,,,,,,,,,,,,,,,,,,
reg,,,685.0,,,,night,C,1,raw,SMH,USO,2024-26,6.37558345068702,0.8106871759221991,,,,,,,,,,,,,,,,,,,,,,,
reg,,,1006.0,,,,night,C,1,raw,SMH,GLD,2020-23,1.2498963773727902,0.22224867830632358,,,,,,,,,,,,,,,,,,,,,,,
reg,,,685.0,,,,night,C,1,raw,SMH,GLD,2024-26,-16.162009926367737,-2.5450705414714627,,,,,,,,,,,,,,,,,,,,,,,
reg,,,1006.0,,,,night,C,1,raw,SMH,HYG,2020-23,-14.522961906831737,-2.2991365533498462,,,,,,,,,,,,,,,,,,,,,,,
reg,,,685.0,,,,night,C,1,raw,SMH,HYG,2024-26,-1.3052302669263813,-0.15121023236693243,,,,,,,,,,,,,,,,,,,,,,,
reg,,,752.0,,,,night,C,1,raw,SMH,BTC,2020-23,-10.372205254777963,-2.3801644269117013,,,,,,,,,,,,,,,,,,,,,,,
reg,,,685.0,,,,night,C,1,raw,SMH,BTC,2024-26,-4.922673991166416,-0.8843660608835415,,,,,,,,,,,,,,,,,,,,,,,
reg,,,1006.0,,,,night,C,1,raw,SMH,VIX,2020-23,-14.42872601512604,-1.7397654528866675,,,,,,,,,,,,,,,,,,,,,,,
reg,,,685.0,,,,night,C,1,raw,SMH,VIX,2024-26,11.518646263659285,1.8125229298442829,,,,,,,,,,,,,,,,,,,,,,,
reg,,,1006.0,,,,night,C,1,raw,SMH,SPY,2020-23,-14.516360021266616,-1.7466291141458303,,,,,,,,,,,,,,,,,,,,,,,
reg,,,685.0,,,,night,C,1,raw,SMH,SPY,2024-26,-1.925407432044066,-0.19749301571827158,,,,,,,,,,,,,,,,,,,,,,,
reg,,,1006.0,,,,night,C,1,raw,XBI,TLT,2020-23,8.360842790581632,1.2709067764615019,,,,,,,,,,,,,,,,,,,,,,,
reg,,,685.0,,,,night,C,1,raw,XBI,TLT,2024-26,-5.422434124431197,-0.9926052232936438,,,,,,,,,,,,,,,,,,,,,,,
reg,,,1006.0,,,,night,C,1,raw,XBI,UUP,2020-23,-1.108239606508801,-0.18706469620425611,,,,,,,,,,,,,,,,,,,,,,,
reg,,,685.0,,,,night,C,1,raw,XBI,UUP,2024-26,5.657333286514703,1.4792707605449695,,,,,,,,,,,,,,,,,,,,,,,
reg,,,1006.0,,,,night,C,1,raw,XBI,USO,2020-23,-3.163241660431856,-0.6621306009204299,,,,,,,,,,,,,,,,,,,,,,,
reg,,,685.0,,,,night,C,1,raw,XBI,USO,2024-26,6.187661564726988,1.545644340256893,,,,,,,,,,,,,,,,,,,,,,,
reg,,,1006.0,,,,night,C,1,raw,XBI,GLD,2020-23,3.685842620925659,0.843979551010953,,,,,,,,,,,,,,,,,,,,,,,
reg,,,685.0,,,,night,C,1,raw,XBI,GLD,2024-26,-5.759370696100934,-1.7035027519597683,,,,,,,,,,,,,,,,,,,,,,,
reg,,,1006.0,,,,night,C,1,raw,XBI,HYG,2020-23,-10.482238090203024,-1.9534075740162178,,,,,,,,,,,,,,,,,,,,,,,
reg,,,685.0,,,,night,C,1,raw,XBI,HYG,2024-26,1.43743362656699,0.27805832366227146,,,,,,,,,,,,,,,,,,,,,,,
reg,,,752.0,,,,night,C,1,raw,XBI,BTC,2020-23,-4.757186434104146,-1.2011505803853852,,,,,,,,,,,,,,,,,,,,,,,
reg,,,685.0,,,,night,C,1,raw,XBI,BTC,2024-26,0.8588821956369097,0.23822693953014448,,,,,,,,,,,,,,,,,,,,,,,
reg,,,1006.0,,,,night,C,1,raw,XBI,VIX,2020-23,-9.533831625632606,-1.422864000122657,,,,,,,,,,,,,,,,,,,,,,,
reg,,,685.0,,,,night,C,1,raw,XBI,VIX,2024-26,7.5726831111328545,2.1126806660054975,,,,,,,,,,,,,,,,,,,,,,,
reg,,,1006.0,,,,night,C,1,raw,XBI,SPY,2020-23,-10.278777189150098,-1.4603473354021985,,,,,,,,,,,,,,,,,,,,,,,
reg,,,685.0,,,,night,C,1,raw,XBI,SPY,2024-26,3.9420696934122015,0.6511267082626635,,,,,,,,,,,,,,,,,,,,,,,
reg,,,1006.0,,,,night,C,1,raw,KRE,TLT,2020-23,3.164287917957867,0.3496679839385837,,,,,,,,,,,,,,,,,,,,,,,
reg,,,685.0,,,,night,C,1,raw,KRE,TLT,2024-26,-3.701963228517541,-0.6817968937826288,,,,,,,,,,,,,,,,,,,,,,,
reg,,,1006.0,,,,night,C,1,raw,KRE,UUP,2020-23,-5.480429202149887,-0.6761571822516246,,,,,,,,,,,,,,,,,,,,,,,
reg,,,685.0,,,,night,C,1,raw,KRE,UUP,2024-26,4.066344861341448,0.9166052400797784,,,,,,,,,,,,,,,,,,,,,,,
reg,,,1006.0,,,,night,C,1,raw,KRE,USO,2020-23,0.7894442334994655,0.12202107281145905,,,,,,,,,,,,,,,,,,,,,,,
reg,,,685.0,,,,night,C,1,raw,KRE,USO,2024-26,4.312410310925683,0.9314928133334054,,,,,,,,,,,,,,,,,,,,,,,
reg,,,1006.0,,,,night,C,1,raw,KRE,GLD,2020-23,5.3357833826626635,0.7993556482593449,,,,,,,,,,,,,,,,,,,,,,,
reg,,,685.0,,,,night,C,1,raw,KRE,GLD,2024-26,-4.461964802193389,-1.4380413423997462,,,,,,,,,,,,,,,,,,,,,,,
reg,,,1006.0,,,,night,C,1,raw,KRE,HYG,2020-23,-9.59725194614226,-1.198954807781578,,,,,,,,,,,,,,,,,,,,,,,
reg,,,685.0,,,,night,C,1,raw,KRE,HYG,2024-26,-0.4918259422681263,-0.08717647389822256,,,,,,,,,,,,,,,,,,,,,,,
reg,,,752.0,,,,night,C,1,raw,KRE,BTC,2020-23,8.92492625533625,1.057933914141407,,,,,,,,,,,,,,,,,,,,,,,
reg,,,685.0,,,,night,C,1,raw,KRE,BTC,2024-26,1.8841785936635789,0.5480307062045588,,,,,,,,,,,,,,,,,,,,,,,
reg,,,1006.0,,,,night,C,1,raw,KRE,VIX,2020-23,-21.25571780581975,-2.288089522138242,,,,,,,,,,,,,,,,,,,,,,,
reg,,,685.0,,,,night,C,1,raw,KRE,VIX,2024-26,5.496525879534496,1.6470680099046566,,,,,,,,,,,,,,,,,,,,,,,
reg,,,1006.0,,,,night,C,1,raw,KRE,SPY,2020-23,-9.57712012627882,-0.9106771821489122,,,,,,,,,,,,,,,,,,,,,,,
reg,,,685.0,,,,night,C,1,raw,KRE,SPY,2024-26,1.217359434843695,0.18638526212557474,,,,,,,,,,,,,,,,,,,,,,,
reg,,,1006.0,,,,night,C,1,excess,XLK,TLT,2020-23,3.2296886849449584,2.214967378669496,,,,,,,,,,,,,,,,,,,,,,,
reg,,,685.0,,,,night,C,1,excess,XLK,TLT,2024-26,-1.167996692493041,-0.4293641483654773,,,,,,,,,,,,,,,,,,,,,,,
reg,,,1006.0,,,,night,C,1,excess,XLK,UUP,2020-23,1.137652565146242,0.5365781563540198,,,,,,,,,,,,,,,,,,,,,,,
reg,,,685.0,,,,night,C,1,excess,XLK,UUP,2024-26,-0.13045308965356534,-0.058575950389117434,,,,,,,,,,,,,,,,,,,,,,,
reg,,,1006.0,,,,night,C,1,excess,XLK,USO,2020-23,-1.7336002302075169,-1.313355030922164,,,,,,,,,,,,,,,,,,,,,,,
reg,,,685.0,,,,night,C,1,excess,XLK,USO,2024-26,1.4087839009798848,0.5153159963476504,,,,,,,,,,,,,,,,,,,,,,,
reg,,,1006.0,,,,night,C,1,excess,XLK,GLD,2020-23,0.7364654127063922,0.3750739041934814,,,,,,,,,,,,,,,,,,,,,,,
reg,,,685.0,,,,night,C,1,excess,XLK,GLD,2024-26,-6.205240789984727,-2.978308664217398,,,,,,,,,,,,,,,,,,,,,,,
reg,,,1006.0,,,,night,C,1,excess,XLK,HYG,2020-23,-2.4697055925526628,-1.5268815464037142,,,,,,,,,,,,,,,,,,,,,,,
reg,,,685.0,,,,night,C,1,excess,XLK,HYG,2024-26,0.8885049721508799,0.44128096151740587,,,,,,,,,,,,,,,,,,,,,,,
reg,,,752.0,,,,night,C,1,excess,XLK,BTC,2020-23,-2.7866580894230872,-2.2456600027469955,,,,,,,,,,,,,,,,,,,,,,,
reg,,,685.0,,,,night,C,1,excess,XLK,BTC,2024-26,-2.6248206665065204,-1.391327224565273,,,,,,,,,,,,,,,,,,,,,,,
reg,,,1006.0,,,,night,C,1,excess,XLK,VIX,2020-23,-2.4517299167644127,-0.9718368882205711,,,,,,,,,,,,,,,,,,,,,,,
reg,,,685.0,,,,night,C,1,excess,XLK,VIX,2024-26,2.215715975437485,0.9934392099438977,,,,,,,,,,,,,,,,,,,,,,,
reg,,,1006.0,,,,night,C,1,excess,XLK,SPY,2020-23,-2.244783507909602,-1.070169250301067,,,,,,,,,,,,,,,,,,,,,,,
reg,,,685.0,,,,night,C,1,excess,XLK,SPY,2024-26,0.4562703250115516,0.19482726056956923,,,,,,,,,,,,,,,,,,,,,,,
reg,,,1006.0,,,,night,C,1,excess,XLF,TLT,2020-23,-4.630865271139232,-1.9231312887079295,,,,,,,,,,,,,,,,,,,,,,,
reg,,,685.0,,,,night,C,1,excess,XLF,TLT,2024-26,2.2874240248368345,1.2873513734208817,,,,,,,,,,,,,,,,,,,,,,,
reg,,,1006.0,,,,night,C,1,excess,XLF,UUP,2020-23,-3.452819272711872,-1.3594897189559525,,,,,,,,,,,,,,,,,,,,,,,
reg,,,685.0,,,,night,C,1,excess,XLF,UUP,2024-26,-0.21966112008891903,-0.1158705591356047,,,,,,,,,,,,,,,,,,,,,,,
reg,,,1006.0,,,,night,C,1,excess,XLF,USO,2020-23,3.2638283001393,1.3891681648906768,,,,,,,,,,,,,,,,,,,,,,,
reg,,,685.0,,,,night,C,1,excess,XLF,USO,2024-26,0.02489098759947658,0.013433933352640641,,,,,,,,,,,,,,,,,,,,,,,
reg,,,1006.0,,,,night,C,1,excess,XLF,GLD,2020-23,1.4300294082635288,0.5468669006782598,,,,,,,,,,,,,,,,,,,,,,,
reg,,,685.0,,,,night,C,1,excess,XLF,GLD,2024-26,1.9658925097100681,1.3404249888952173,,,,,,,,,,,,,,,,,,,,,,,
reg,,,1006.0,,,,night,C,1,excess,XLF,HYG,2020-23,1.7775123418471683,0.5919170545907388,,,,,,,,,,,,,,,,,,,,,,,
reg,,,685.0,,,,night,C,1,excess,XLF,HYG,2024-26,3.707310860781863,1.676737485282614,,,,,,,,,,,,,,,,,,,,,,,
reg,,,752.0,,,,night,C,1,excess,XLF,BTC,2020-23,3.281751345194728,1.3560055513416995,,,,,,,,,,,,,,,,,,,,,,,
reg,,,685.0,,,,night,C,1,excess,XLF,BTC,2024-26,2.484737914280446,1.8747398633521482,,,,,,,,,,,,,,,,,,,,,,,
reg,,,1006.0,,,,night,C,1,excess,XLF,VIX,2020-23,-4.963887301904966,-1.57752379134522,,,,,,,,,,,,,,,,,,,,,,,
reg,,,685.0,,,,night,C,1,excess,XLF,VIX,2024-26,0.5740257554322629,0.4140481088362972,,,,,,,,,,,,,,,,,,,,,,,
reg,,,1006.0,,,,night,C,1,excess,XLF,SPY,2020-23,0.9689179371812471,0.2705093684368171,,,,,,,,,,,,,,,,,,,,,,,
reg,,,685.0,,,,night,C,1,excess,XLF,SPY,2024-26,3.539897862161042,1.4528550281360026,,,,,,,,,,,,,,,,,,,,,,,
reg,,,1006.0,,,,night,C,1,excess,XLE,TLT,2020-23,-5.06276326335611,-0.8801019658133827,,,,,,,,,,,,,,,,,,,,,,,
reg,,,685.0,,,,night,C,1,excess,XLE,TLT,2024-26,2.840765729032805,0.8345439102435398,,,,,,,,,,,,,,,,,,,,,,,
reg,,,1006.0,,,,night,C,1,excess,XLE,UUP,2020-23,2.2656622803035087,0.5895497468014153,,,,,,,,,,,,,,,,,,,,,,,
reg,,,685.0,,,,night,C,1,excess,XLE,UUP,2024-26,-2.05664600332947,-0.6115913683805355,,,,,,,,,,,,,,,,,,,,,,,
reg,,,1006.0,,,,night,C,1,excess,XLE,USO,2020-23,5.39926696582618,0.9513673457460669,,,,,,,,,,,,,,,,,,,,,,,
reg,,,685.0,,,,night,C,1,excess,XLE,USO,2024-26,5.028930073612903,1.0607204142526863,,,,,,,,,,,,,,,,,,,,,,,
reg,,,1006.0,,,,night,C,1,excess,XLE,GLD,2020-23,-0.07326221798556853,-0.01652289125092129,,,,,,,,,,,,,,,,,,,,,,,
reg,,,685.0,,,,night,C,1,excess,XLE,GLD,2024-26,6.029369479613301,1.5946102792870886,,,,,,,,,,,,,,,,,,,,,,,
reg,,,1006.0,,,,night,C,1,excess,XLE,HYG,2020-23,6.126229130049716,1.0255597812784516,,,,,,,,,,,,,,,,,,,,,,,
reg,,,685.0,,,,night,C,1,excess,XLE,HYG,2024-26,-1.2959762401890391,-0.35745033855143127,,,,,,,,,,,,,,,,,,,,,,,
reg,,,752.0,,,,night,C,1,excess,XLE,BTC,2020-23,0.9262209531738624,0.2448024671813898,,,,,,,,,,,,,,,,,,,,,,,
reg,,,685.0,,,,night,C,1,excess,XLE,BTC,2024-26,-3.218929341738007,-1.028160727001268,,,,,,,,,,,,,,,,,,,,,,,
reg,,,1006.0,,,,night,C,1,excess,XLE,VIX,2020-23,-8.466966055461887,-1.7982568938432397,,,,,,,,,,,,,,,,,,,,,,,
reg,,,685.0,,,,night,C,1,excess,XLE,VIX,2024-26,-6.579676150662198,-1.76908778849911,,,,,,,,,,,,,,,,,,,,,,,
reg,,,1006.0,,,,night,C,1,excess,XLE,SPY,2020-23,0.877447278382241,0.19038620437921586,,,,,,,,,,,,,,,,,,,,,,,
reg,,,685.0,,,,night,C,1,excess,XLE,SPY,2024-26,-4.100473908243669,-1.14435242980222,,,,,,,,,,,,,,,,,,,,,,,
reg,,,1006.0,,,,night,C,1,excess,XLV,TLT,2020-23,-0.27000072582339757,-0.1759293093031805,,,,,,,,,,,,,,,,,,,,,,,
reg,,,685.0,,,,night,C,1,excess,XLV,TLT,2024-26,1.1795903781849255,0.4293112956716571,,,,,,,,,,,,,,,,,,,,,,,
reg,,,1006.0,,,,night,C,1,excess,XLV,UUP,2020-23,-1.6004051934491326,-1.010859922663202,,,,,,,,,,,,,,,,,,,,,,,
reg,,,685.0,,,,night,C,1,excess,XLV,UUP,2024-26,-0.21136953974272427,-0.0764861620316461,,,,,,,,,,,,,,,,,,,,,,,
reg,,,1006.0,,,,night,C,1,excess,XLV,USO,2020-23,1.4542496098650481,1.0877729596825014,,,,,,,,,,,,,,,,,,,,,,,
reg,,,685.0,,,,night,C,1,excess,XLV,USO,2024-26,-0.3091434092418214,-0.10769309417410627,,,,,,,,,,,,,,,,,,,,,,,
reg,,,1006.0,,,,night,C,1,excess,XLV,GLD,2020-23,0.8457152633608868,0.497193820197244,,,,,,,,,,,,,,,,,,,,,,,
reg,,,685.0,,,,night,C,1,excess,XLV,GLD,2024-26,1.4766947783622053,0.6919522405772607,,,,,,,,,,,,,,,,,,,,,,,
reg,,,1006.0,,,,night,C,1,excess,XLV,HYG,2020-23,2.8018072437295136,1.6214979555761129,,,,,,,,,,,,,,,,,,,,,,,
reg,,,685.0,,,,night,C,1,excess,XLV,HYG,2024-26,1.7945671700027321,0.5169512653784959,,,,,,,,,,,,,,,,,,,,,,,
reg,,,752.0,,,,night,C,1,excess,XLV,BTC,2020-23,1.805301367276253,1.435912504138824,,,,,,,,,,,,,,,,,,,,,,,
reg,,,685.0,,,,night,C,1,excess,XLV,BTC,2024-26,-1.708503160300386,-0.8477210610615319,,,,,,,,,,,,,,,,,,,,,,,
reg,,,1006.0,,,,night,C,1,excess,XLV,VIX,2020-23,2.230150085054849,1.3396945334432346,,,,,,,,,,,,,,,,,,,,,,,
reg,,,685.0,,,,night,C,1,excess,XLV,VIX,2024-26,-2.698487821459247,-0.9989548360920321,,,,,,,,,,,,,,,,,,,,,,,
reg,,,1006.0,,,,night,C,1,excess,XLV,SPY,2020-23,3.4617734230981942,1.8125392696241902,,,,,,,,,,,,,,,,,,,,,,,
reg,,,685.0,,,,night,C,1,excess,XLV,SPY,2024-26,2.840132105578763,0.7559277247980665,,,,,,,,,,,,,,,,,,,,,,,
reg,,,1006.0,,,,night,C,1,excess,XLI,TLT,2020-23,-1.7288676538838854,-1.3470514135929557,,,,,,,,,,,,,,,,,,,,,,,
reg,,,685.0,,,,night,C,1,excess,XLI,TLT,2024-26,1.8046742031142653,1.135547511784478,,,,,,,,,,,,,,,,,,,,,,,
reg,,,1006.0,,,,night,C,1,excess,XLI,UUP,2020-23,-1.7223472951170171,-1.293149897681254,,,,,,,,,,,,,,,,,,,,,,,
reg,,,685.0,,,,night,C,1,excess,XLI,UUP,2024-26,0.9759477324729569,0.6890803659000047,,,,,,,,,,,,,,,,,,,,,,,
reg,,,1006.0,,,,night,C,1,excess,XLI,USO,2020-23,3.5415295596659027,2.9077877475604947,,,,,,,,,,,,,,,,,,,,,,,
reg,,,685.0,,,,night,C,1,excess,XLI,USO,2024-26,1.9413789708140423,1.4168927467860641,,,,,,,,,,,,,,,,,,,,,,,
reg,,,1006.0,,,,night,C,1,excess,XLI,GLD,2020-23,0.8765733516521412,0.6377172543501728,,,,,,,,,,,,,,,,,,,,,,,
reg,,,685.0,,,,night,C,1,excess,XLI,GLD,2024-26,-0.2501621918569856,-0.23288279878931462,,,,,,,,,,,,,,,,,,,,,,,
reg,,,1006.0,,,,night,C,1,excess,XLI,HYG,2020-23,4.055480093122327,2.9231033021227364,,,,,,,,,,,,,,,,,,,,,,,
reg,,,685.0,,,,night,C,1,excess,XLI,HYG,2024-26,0.9169383468271932,0.5164199854403735,,,,,,,,,,,,,,,,,,,,,,,
reg,,,752.0,,,,night,C,1,excess,XLI,BTC,2020-23,2.244554879179057,2.1982221170446428,,,,,,,,,,,,,,,,,,,,,,,
reg,,,685.0,,,,night,C,1,excess,XLI,BTC,2024-26,-0.09081445120942926,-0.08871724733404422,,,,,,,,,,,,,,,,,,,,,,,
reg,,,1006.0,,,,night,C,1,excess,XLI,VIX,2020-23,-1.105191201763413,-0.8042080479359688,,,,,,,,,,,,,,,,,,,,,,,
reg,,,685.0,,,,night,C,1,excess,XLI,VIX,2024-26,0.6338739096467378,0.5975504818153493,,,,,,,,,,,,,,,,,,,,,,,
reg,,,1006.0,,,,night,C,1,excess,XLI,SPY,2020-23,3.3702441579844646,2.5808394196772007,,,,,,,,,,,,,,,,,,,,,,,
reg,,,685.0,,,,night,C,1,excess,XLI,SPY,2024-26,0.536858170382053,0.26484291204902544,,,,,,,,,,,,,,,,,,,,,,,
reg,,,1006.0,,,,night,C,1,excess,XLY,TLT,2020-23,0.03912864915327968,0.030314699856168255,,,,,,,,,,,,,,,,,,,,,,,
reg,,,685.0,,,,night,C,1,excess,XLY,TLT,2024-26,-1.1097764758943287,-0.5684748193588015,,,,,,,,,,,,,,,,,,,,,,,
reg,,,1006.0,,,,night,C,1,excess,XLY,UUP,2020-23,-1.6129471288266124,-1.116485275354357,,,,,,,,,,,,,,,,,,,,,,,
reg,,,685.0,,,,night,C,1,excess,XLY,UUP,2024-26,0.33688414458160487,0.18574091571950616,,,,,,,,,,,,,,,,,,,,,,,
reg,,,1006.0,,,,night,C,1,excess,XLY,USO,2020-23,-0.42587873925174685,-0.3590208145032563,,,,,,,,,,,,,,,,,,,,,,,
reg,,,685.0,,,,night,C,1,excess,XLY,USO,2024-26,0.25907231124572533,0.14781464297840494,,,,,,,,,,,,,,,,,,,,,,,
reg,,,1006.0,,,,night,C,1,excess,XLY,GLD,2020-23,1.216377974365151,0.8838254220918358,,,,,,,,,,,,,,,,,,,,,,,
reg,,,685.0,,,,night,C,1,excess,XLY,GLD,2024-26,2.537491046480753,1.6447772268559333,,,,,,,,,,,,,,,,,,,,,,,
reg,,,1006.0,,,,night,C,1,excess,XLY,HYG,2020-23,2.367298909733706,1.7706202341431345,,,,,,,,,,,,,,,,,,,,,,,
reg,,,685.0,,,,night,C,1,excess,XLY,HYG,2024-26,3.038682723119183,1.95060607850417,,,,,,,,,,,,,,,,,,,,,,,
reg,,,752.0,,,,night,C,1,excess,XLY,BTC,2020-23,-0.2042088490395546,-0.14659633464379335,,,,,,,,,,,,,,,,,,,,,,,
reg,,,685.0,,,,night,C,1,excess,XLY,BTC,2024-26,4.254942748239643,2.3909735742023965,,,,,,,,,,,,,,,,,,,,,,,
reg,,,1006.0,,,,night,C,1,excess,XLY,VIX,2020-23,-0.32409199531625843,-0.29373770403648286,,,,,,,,,,,,,,,,,,,,,,,
reg,,,685.0,,,,night,C,1,excess,XLY,VIX,2024-26,-0.5394261269810512,-0.36386452212995957,,,,,,,,,,,,,,,,,,,,,,,
reg,,,1006.0,,,,night,C,1,excess,XLY,SPY,2020-23,3.7757738013534863,2.6928423751563844,,,,,,,,,,,,,,,,,,,,,,,
reg,,,685.0,,,,night,C,1,excess,XLY,SPY,2024-26,3.1229880196730266,1.6991409201691277,,,,,,,,,,,,,,,,,,,,,,,
reg,,,1006.0,,,,night,C,1,excess,XLP,TLT,2020-23,-2.482817981374711,-1.3165136537750657,,,,,,,,,,,,,,,,,,,,,,,
reg,,,685.0,,,,night,C,1,excess,XLP,TLT,2024-26,0.5672707258847517,0.14866199854418172,,,,,,,,,,,,,,,,,,,,,,,
reg,,,1006.0,,,,night,C,1,excess,XLP,UUP,2020-23,-1.3145124034569011,-0.6977673462965603,,,,,,,,,,,,,,,,,,,,,,,
reg,,,685.0,,,,night,C,1,excess,XLP,UUP,2024-26,-1.0448427945351015,-0.33911356871741327,,,,,,,,,,,,,,,,,,,,,,,
reg,,,1006.0,,,,night,C,1,excess,XLP,USO,2020-23,1.7131715471567937,0.9082417502126916,,,,,,,,,,,,,,,,,,,,,,,
reg,,,685.0,,,,night,C,1,excess,XLP,USO,2024-26,-0.088810153152787,-0.02722836452882017,,,,,,,,,,,,,,,,,,,,,,,
reg,,,1006.0,,,,night,C,1,excess,XLP,GLD,2020-23,-0.17629099445741853,-0.09686575193706408,,,,,,,,,,,,,,,,,,,,,,,
reg,,,685.0,,,,night,C,1,excess,XLP,GLD,2024-26,3.620354822561529,1.3321288351186766,,,,,,,,,,,,,,,,,,,,,,,
reg,,,1006.0,,,,night,C,1,excess,XLP,HYG,2020-23,3.1237176503524346,1.614342887749499,,,,,,,,,,,,,,,,,,,,,,,
reg,,,685.0,,,,night,C,1,excess,XLP,HYG,2024-26,0.4413835310863533,0.10241195799431006,,,,,,,,,,,,,,,,,,,,,,,
reg,,,752.0,,,,night,C,1,excess,XLP,BTC,2020-23,0.8812455541598975,0.5289090252349659,,,,,,,,,,,,,,,,,,,,,,,
reg,,,685.0,,,,night,C,1,excess,XLP,BTC,2024-26,0.969327737390559,0.38195694607660174,,,,,,,,,,,,,,,,,,,,,,,
reg,,,1006.0,,,,night,C,1,excess,XLP,VIX,2020-23,2.9925884198997053,1.4413599630062512,,,,,,,,,,,,,,,,,,,,,,,
reg,,,685.0,,,,night,C,1,excess,XLP,VIX,2024-26,-3.9566328964169384,-1.4521886084917537,,,,,,,,,,,,,,,,,,,,,,,
reg,,,1006.0,,,,night,C,1,excess,XLP,SPY,2020-23,2.0487298393916276,0.9105868409685896,,,,,,,,,,,,,,,,,,,,,,,
reg,,,685.0,,,,night,C,1,excess,XLP,SPY,2024-26,-0.3123730525728611,-0.06478238959404903,,,,,,,,,,,,,,,,,,,,,,,
reg,,,1006.0,,,,night,C,1,excess,XLU,TLT,2020-23,-2.2607147928786393,-1.2819569055702993,,,,,,,,,,,,,,,,,,,,,,,
reg,,,685.0,,,,night,C,1,excess,XLU,TLT,2024-26,3.5496157104397517,0.9244848116532849,,,,,,,,,,,,,,,,,,,,,,,
reg,,,1006.0,,,,night,C,1,excess,XLU,UUP,2020-23,-1.2108062701988356,-0.7120210879970312,,,,,,,,,,,,,,,,,,,,,,,
reg,,,685.0,,,,night,C,1,excess,XLU,UUP,2024-26,-2.7423638044458194,-0.9188886663025865,,,,,,,,,,,,,,,,,,,,,,,
reg,,,1006.0,,,,night,C,1,excess,XLU,USO,2020-23,1.2473350827685952,0.6119072807309293,,,,,,,,,,,,,,,,,,,,,,,
reg,,,685.0,,,,night,C,1,excess,XLU,USO,2024-26,1.4582343157143405,0.4738749729051274,,,,,,,,,,,,,,,,,,,,,,,
reg,,,1006.0,,,,night,C,1,excess,XLU,GLD,2020-23,-1.4464624618722854,-0.833576906843773,,,,,,,,,,,,,,,,,,,,,,,
reg,,,685.0,,,,night,C,1,excess,XLU,GLD,2024-26,4.226913118010587,1.9117689775293827,,,,,,,,,,,,,,,,,,,,,,,
reg,,,1006.0,,,,night,C,1,excess,XLU,HYG,2020-23,0.9036878289790742,0.5318505623676834,,,,,,,,,,,,,,,,,,,,,,,
reg,,,685.0,,,,night,C,1,excess,XLU,HYG,2024-26,-2.123063571625389,-0.4979304046322056,,,,,,,,,,,,,,,,,,,,,,,
reg,,,752.0,,,,night,C,1,excess,XLU,BTC,2020-23,2.1259100539251046,1.2355144251794365,,,,,,,,,,,,,,,,,,,,,,,
reg,,,685.0,,,,night,C,1,excess,XLU,BTC,2024-26,-0.5194150165900637,-0.24471861405533812,,,,,,,,,,,,,,,,,,,,,,,
reg,,,1006.0,,,,night,C,1,excess,XLU,VIX,2020-23,1.122996486143965,0.6898358369739556,,,,,,,,,,,,,,,,,,,,,,,
reg,,,685.0,,,,night,C,1,excess,XLU,VIX,2024-26,-0.6477461078684483,-0.2787468551912058,,,,,,,,,,,,,,,,,,,,,,,
reg,,,1006.0,,,,night,C,1,excess,XLU,SPY,2020-23,0.1640830481367755,0.0992933763717056,,,,,,,,,,,,,,,,,,,,,,,
reg,,,685.0,,,,night,C,1,excess,XLU,SPY,2024-26,-5.139825291090177,-1.0030977979980689,,,,,,,,,,,,,,,,,,,,,,,
reg,,,1006.0,,,,night,C,1,excess,XLB,TLT,2020-23,2.241946717308395,1.3390041595854316,,,,,,,,,,,,,,,,,,,,,,,
reg,,,685.0,,,,night,C,1,excess,XLB,TLT,2024-26,2.6957160925904406,1.1947071700423948,,,,,,,,,,,,,,,,,,,,,,,
reg,,,1006.0,,,,night,C,1,excess,XLB,UUP,2020-23,-4.0812826210280715,-1.3355057718442447,,,,,,,,,,,,,,,,,,,,,,,
reg,,,685.0,,,,night,C,1,excess,XLB,UUP,2024-26,-3.9870364120209607,-1.8140059734700025,,,,,,,,,,,,,,,,,,,,,,,
reg,,,1006.0,,,,night,C,1,excess,XLB,USO,2020-23,3.5186893118525986,2.429477816946548,,,,,,,,,,,,,,,,,,,,,,,
reg,,,685.0,,,,night,C,1,excess,XLB,USO,2024-26,-0.9234920930713661,-0.4595080824692187,,,,,,,,,,,,,,,,,,,,,,,
reg,,,1006.0,,,,night,C,1,excess,XLB,GLD,2020-23,4.891981064248815,1.4239110599524922,,,,,,,,,,,,,,,,,,,,,,,
reg,,,685.0,,,,night,C,1,excess,XLB,GLD,2024-26,2.163265336129646,1.1097296729087482,,,,,,,,,,,,,,,,,,,,,,,
reg,,,1006.0,,,,night,C,1,excess,XLB,HYG,2020-23,-1.0363553360676097,-0.347897499297606,,,,,,,,,,,,,,,,,,,,,,,
reg,,,685.0,,,,night,C,1,excess,XLB,HYG,2024-26,1.0564684527905122,0.4394913616225051,,,,,,,,,,,,,,,,,,,,,,,
reg,,,752.0,,,,night,C,1,excess,XLB,BTC,2020-23,2.750678961495342,2.076418301632424,,,,,,,,,,,,,,,,,,,,,,,
reg,,,685.0,,,,night,C,1,excess,XLB,BTC,2024-26,-0.13953513029410586,-0.07342355360767165,,,,,,,,,,,,,,,,,,,,,,,
reg,,,1006.0,,,,night,C,1,excess,XLB,VIX,2020-23,-4.773671062317357,-1.1494312382515068,,,,,,,,,,,,,,,,,,,,,,,
reg,,,685.0,,,,night,C,1,excess,XLB,VIX,2024-26,-1.102854899718411,-0.6316818265527968,,,,,,,,,,,,,,,,,,,,,,,
reg,,,1006.0,,,,night,C,1,excess,XLB,SPY,2020-23,-2.4095832783133715,-0.6486262649867474,,,,,,,,,,,,,,,,,,,,,,,
reg,,,685.0,,,,night,C,1,excess,XLB,SPY,2024-26,-1.1221075848415503,-0.42415186934147386,,,,,,,,,,,,,,,,,,,,,,,
reg,,,1006.0,,,,night,C,1,excess,XLRE,TLT,2020-23,-1.2613497977083992,-0.8187062979924388,,,,,,,,,,,,,,,,,,,,,,,
reg,,,685.0,,,,night,C,1,excess,XLRE,TLT,2024-26,2.8083321935466774,0.958587620981316,,,,,,,,,,,,,,,,,,,,,,,
reg,,,1006.0,,,,night,C,1,excess,XLRE,UUP,2020-23,-2.7604567065286933,-1.8778940760877532,,,,,,,,,,,,,,,,,,,,,,,
reg,,,685.0,,,,night,C,1,excess,XLRE,UUP,2024-26,-2.583808409427719,-1.0517678916292192,,,,,,,,,,,,,,,,,,,,,,,
reg,,,1006.0,,,,night,C,1,excess,XLRE,USO,2020-23,2.077240387882476,1.3704859140072623,,,,,,,,,,,,,,,,,,,,,,,
reg,,,685.0,,,,night,C,1,excess,XLRE,USO,2024-26,0.4844032299744105,0.17994124911209003,,,,,,,,,,,,,,,,,,,,,,,
reg,,,1006.0,,,,night,C,1,excess,XLRE,GLD,2020-23,2.425102288324221,1.9467945748324962,,,,,,,,,,,,,,,,,,,,,,,
reg,,,685.0,,,,night,C,1,excess,XLRE,GLD,2024-26,2.849998851410027,1.454290637278244,,,,,,,,,,,,,,,,,,,,,,,
reg,,,1006.0,,,,night,C,1,excess,XLRE,HYG,2020-23,3.465645727462465,2.1244269904487094,,,,,,,,,,,,,,,,,,,,,,,
reg,,,685.0,,,,night,C,1,excess,XLRE,HYG,2024-26,0.7552780749773405,0.19795449321409792,,,,,,,,,,,,,,,,,,,,,,,
reg,,,752.0,,,,night,C,1,excess,XLRE,BTC,2020-23,2.7557848887440954,2.7026024171918164,,,,,,,,,,,,,,,,,,,,,,,
reg,,,685.0,,,,night,C,1,excess,XLRE,BTC,2024-26,-0.46933772850534466,-0.23971239123845517,,,,,,,,,,,,,,,,,,,,,,,
reg,,,1006.0,,,,night,C,1,excess,XLRE,VIX,2020-23,0.5239611918041267,0.3717517440380385,,,,,,,,,,,,,,,,,,,,,,,
reg,,,685.0,,,,night,C,1,excess,XLRE,VIX,2024-26,1.784919408643875,0.7657493742215429,,,,,,,,,,,,,,,,,,,,,,,
reg,,,1006.0,,,,night,C,1,excess,XLRE,SPY,2020-23,3.047060395210204,1.963825799338241,,,,,,,,,,,,,,,,,,,,,,,
reg,,,685.0,,,,night,C,1,excess,XLRE,SPY,2024-26,-2.837950397707601,-0.6312198183510692,,,,,,,,,,,,,,,,,,,,,,,
reg,,,1006.0,,,,night,C,1,excess,XLC,TLT,2020-23,0.5180494935903034,0.3264178206954308,,,,,,,,,,,,,,,,,,,,,,,
reg,,,685.0,,,,night,C,1,excess,XLC,TLT,2024-26,0.4021538549435872,0.19282723202465285,,,,,,,,,,,,,,,,,,,,,,,
reg,,,1006.0,,,,night,C,1,excess,XLC,UUP,2020-23,-0.26070835250780056,-0.10630439939915677,,,,,,,,,,,,,,,,,,,,,,,
reg,,,685.0,,,,night,C,1,excess,XLC,UUP,2024-26,-0.3328868996928084,-0.18735353212868275,,,,,,,,,,,,,,,,,,,,,,,
reg,,,1006.0,,,,night,C,1,excess,XLC,USO,2020-23,-2.2195886297415237,-1.4403758173843468,,,,,,,,,,,,,,,,,,,,,,,
reg,,,685.0,,,,night,C,1,excess,XLC,USO,2024-26,-1.2716574936811524,-0.5284608814079877,,,,,,,,,,,,,,,,,,,,,,,
reg,,,1006.0,,,,night,C,1,excess,XLC,GLD,2020-23,1.6705624672251296,0.7627590884537898,,,,,,,,,,,,,,,,,,,,,,,
reg,,,685.0,,,,night,C,1,excess,XLC,GLD,2024-26,6.6868446833506585,3.8702167273344696,,,,,,,,,,,,,,,,,,,,,,,
reg,,,1006.0,,,,night,C,1,excess,XLC,HYG,2020-23,-3.3832002180557845,-1.9256728493458393,,,,,,,,,,,,,,,,,,,,,,,
reg,,,685.0,,,,night,C,1,excess,XLC,HYG,2024-26,4.369913684542342,2.004600318498659,,,,,,,,,,,,,,,,,,,,,,,
reg,,,752.0,,,,night,C,1,excess,XLC,BTC,2020-23,-0.4688613096710494,-0.26037261734633543,,,,,,,,,,,,,,,,,,,,,,,
reg,,,685.0,,,,night,C,1,excess,XLC,BTC,2024-26,4.485754173932133,2.6164787430177374,,,,,,,,,,,,,,,,,,,,,,,
reg,,,1006.0,,,,night,C,1,excess,XLC,VIX,2020-23,1.6793269592442228,0.6829140801634015,,,,,,,,,,,,,,,,,,,,,,,
reg,,,685.0,,,,night,C,1,excess,XLC,VIX,2024-26,0.9831167434901292,0.618907202807913,,,,,,,,,,,,,,,,,,,,,,,
reg,,,1006.0,,,,night,C,1,excess,XLC,SPY,2020-23,-3.30739716992725,-1.5875009040846713,,,,,,,,,,,,,,,,,,,,,,,
reg,,,685.0,,,,night,C,1,excess,XLC,SPY,2024-26,5.517163211043398,2.56875207960349,,,,,,,,,,,,,,,,,,,,,,,
reg,,,1006.0,,,,night,C,1,excess,SMH,TLT,2020-23,5.3026581018623675,2.1019183571505993,,,,,,,,,,,,,,,,,,,,,,,
reg,,,685.0,,,,night,C,1,excess,SMH,TLT,2024-26,-2.553374753883862,-0.4828323784305504,,,,,,,,,,,,,,,,,,,,,,,
reg,,,1006.0,,,,night,C,1,excess,SMH,UUP,2020-23,4.052467945875768,1.8479150731982974,,,,,,,,,,,,,,,,,,,,,,,
reg,,,685.0,,,,night,C,1,excess,SMH,UUP,2024-26,1.4501285431566586,0.3219245245763696,,,,,,,,,,,,,,,,,,,,,,,
reg,,,1006.0,,,,night,C,1,excess,SMH,USO,2020-23,-1.6235095715116685,-0.6946775289966847,,,,,,,,,,,,,,,,,,,,,,,
reg,,,685.0,,,,night,C,1,excess,SMH,USO,2024-26,4.9214397711304665,0.901261972036165,,,,,,,,,,,,,,,,,,,,,,,
reg,,,1006.0,,,,night,C,1,excess,SMH,GLD,2020-23,-0.2630865343026442,-0.12538051348526533,,,,,,,,,,,,,,,,,,,,,,,
reg,,,685.0,,,,night,C,1,excess,SMH,GLD,2024-26,-12.232649976639761,-2.676737984136386,,,,,,,,,,,,,,,,,,,,,,,
reg,,,1006.0,,,,night,C,1,excess,SMH,HYG,2020-23,-3.127166086290326,-1.6271604671255362,,,,,,,,,,,,,,,,,,,,,,,
reg,,,685.0,,,,night,C,1,excess,SMH,HYG,2024-26,-0.24363163029321633,-0.05579908394519264,,,,,,,,,,,,,,,,,,,,,,,
reg,,,752.0,,,,night,C,1,excess,SMH,BTC,2020-23,-7.468792992206268,-3.0659527313400208,,,,,,,,,,,,,,,,,,,,,,,
reg,,,685.0,,,,night,C,1,excess,SMH,BTC,2024-26,-4.561376534893241,-1.2380923403899662,,,,,,,,,,,,,,,,,,,,,,,
reg,,,1006.0,,,,night,C,1,excess,SMH,VIX,2020-23,-1.2765422735403544,-0.5697287049659049,,,,,,,,,,,,,,,,,,,,,,,
reg,,,685.0,,,,night,C,1,excess,SMH,VIX,2024-26,7.939971526679178,1.8127514922504968,,,,,,,,,,,,,,,,,,,,,,,
reg,,,1006.0,,,,night,C,1,excess,SMH,SPY,2020-23,-3.0984089451118986,-1.7563959529309894,,,,,,,,,,,,,,,,,,,,,,,
reg,,,685.0,,,,night,C,1,excess,SMH,SPY,2024-26,-2.145846367908558,-0.4352591573261065,,,,,,,,,,,,,,,,,,,,,,,
reg,,,1006.0,,,,night,C,1,excess,XBI,TLT,2020-23,1.0376914113287106,0.5795033794718711,,,,,,,,,,,,,,,,,,,,,,,
reg,,,685.0,,,,night,C,1,excess,XBI,TLT,2024-26,-1.6450536548846362,-0.6179540199909017,,,,,,,,,,,,,,,,,,,,,,,
reg,,,1006.0,,,,night,C,1,excess,XBI,UUP,2020-23,0.2902922166024569,0.18125253833668742,,,,,,,,,,,,,,,,,,,,,,,
reg,,,685.0,,,,night,C,1,excess,XBI,UUP,2024-26,2.6403706643356903,1.215356061089112,,,,,,,,,,,,,,,,,,,,,,,
reg,,,1006.0,,,,night,C,1,excess,XBI,USO,2020-23,-0.8369458628389027,-0.5224977330073695,,,,,,,,,,,,,,,,,,,,,,,
reg,,,685.0,,,,night,C,1,excess,XBI,USO,2024-26,4.733517885170444,2.3689482738219083,,,,,,,,,,,,,,,,,,,,,,,
reg,,,1006.0,,,,night,C,1,excess,XBI,GLD,2020-23,2.172859709250217,1.3995965200330278,,,,,,,,,,,,,,,,,,,,,,,
reg,,,685.0,,,,night,C,1,excess,XBI,GLD,2024-26,-1.8300107463729596,-0.8945463239089285,,,,,,,,,,,,,,,,,,,,,,,
reg,,,1006.0,,,,night,C,1,excess,XBI,HYG,2020-23,0.9135577303384048,0.554250967559929,,,,,,,,,,,,,,,,,,,,,,,
reg,,,685.0,,,,night,C,1,excess,XBI,HYG,2024-26,2.4990322632001556,1.1820793705279333,,,,,,,,,,,,,,,,,,,,,,,
reg,,,752.0,,,,night,C,1,excess,XBI,BTC,2020-23,-1.8537741715324514,-0.813303407134042,,,,,,,,,,,,,,,,,,,,,,,
reg,,,685.0,,,,night,C,1,excess,XBI,BTC,2024-26,1.2201796519100863,0.510472933276523,,,,,,,,,,,,,,,,,,,,,,,
reg,,,1006.0,,,,night,C,1,excess,XBI,VIX,2020-23,3.6183521159530394,2.104098338106865,,,,,,,,,,,,,,,,,,,,,,,
reg,,,685.0,,,,night,C,1,excess,XBI,VIX,2024-26,3.994008374152757,1.9678752376226691,,,,,,,,,,,,,,,,,,,,,,,
reg,,,1006.0,,,,night,C,1,excess,XBI,SPY,2020-23,1.1391738870046253,0.5760926468458725,,,,,,,,,,,,,,,,,,,,,,,
reg,,,685.0,,,,night,C,1,excess,XBI,SPY,2024-26,3.7216307575477034,1.8241942230244235,,,,,,,,,,,,,,,,,,,,,,,
reg,,,1006.0,,,,night,C,1,excess,KRE,TLT,2020-23,-4.1588634612950734,-0.9575039968018396,,,,,,,,,,,,,,,,,,,,,,,
reg,,,685.0,,,,night,C,1,excess,KRE,TLT,2024-26,0.07541724102901975,0.027909507323180066,,,,,,,,,,,,,,,,,,,,,,,
reg,,,1006.0,,,,night,C,1,excess,KRE,UUP,2020-23,-4.0818973790386135,-1.2926285653883334,,,,,,,,,,,,,,,,,,,,,,,
reg,,,685.0,,,,night,C,1,excess,KRE,UUP,2024-26,1.0493822391624335,0.3668722950310407,,,,,,,,,,,,,,,,,,,,,,,
reg,,,1006.0,,,,night,C,1,excess,KRE,USO,2020-23,3.1157400310924177,1.0613465846186114,,,,,,,,,,,,,,,,,,,,,,,
reg,,,685.0,,,,night,C,1,excess,KRE,USO,2024-26,2.8582666313691343,1.2873113455354939,,,,,,,,,,,,,,,,,,,,,,,
reg,,,1006.0,,,,night,C,1,excess,KRE,GLD,2020-23,3.822800470987235,1.04807226957912,,,,,,,,,,,,,,,,,,,,,,,
reg,,,685.0,,,,night,C,1,excess,KRE,GLD,2024-26,-0.5326048524654156,-0.3007602684846581,,,,,,,,,,,,,,,,,,,,,,,
reg,,,1006.0,,,,night,C,1,excess,KRE,HYG,2020-23,1.7985438743991449,0.584203438809821,,,,,,,,,,,,,,,,,,,,,,,
reg,,,685.0,,,,night,C,1,excess,KRE,HYG,2024-26,0.5697726943650407,0.21686610316138286,,,,,,,,,,,,,,,,,,,,,,,
reg,,,752.0,,,,night,C,1,excess,KRE,BTC,2020-23,11.828338517907937,1.6350484945798758,,,,,,,,,,,,,,,,,,,,,,,
reg,,,685.0,,,,night,C,1,excess,KRE,BTC,2024-26,2.2454760499367556,1.0408491324704199,,,,,,,,,,,,,,,,,,,,,,,
reg,,,1006.0,,,,night,C,1,excess,KRE,VIX,2020-23,-8.103534064234108,-2.070188862807875,,,,,,,,,,,,,,,,,,,,,,,
reg,,,685.0,,,,night,C,1,excess,KRE,VIX,2024-26,1.9178511425543956,0.9802647755237013,,,,,,,,,,,,,,,,,,,,,,,
reg,,,1006.0,,,,night,C,1,excess,KRE,SPY,2020-23,1.8408309498758963,0.47368496264851706,,,,,,,,,,,,,,,,,,,,,,,
reg,,,685.0,,,,night,C,1,excess,KRE,SPY,2024-26,0.9969204989792063,0.4005504847068935,,,,,,,,,,,,,,,,,,,,,,,
reg,,,1006.0,,,,night,C,5,raw,XLK,TLT,2020-23,4.693663451486614,0.7687569426555471,,,,,,,,,,,,,,,,,,,,,,,
reg,,,685.0,,,,night,C,5,raw,XLK,TLT,2024-26,-1.3531672463803077,-0.23236573654333306,,,,,,,,,,,,,,,,,,,,,,,
reg,,,1006.0,,,,night,C,5,raw,XLK,UUP,2020-23,5.064733506635935,0.7500340213514655,,,,,,,,,,,,,,,,,,,,,,,
reg,,,685.0,,,,night,C,5,raw,XLK,UUP,2024-26,-0.3065706299943021,-0.06984156989195227,,,,,,,,,,,,,,,,,,,,,,,
reg,,,1006.0,,,,night,C,5,raw,XLK,USO,2020-23,6.079607018220392,0.7472645894756483,,,,,,,,,,,,,,,,,,,,,,,
reg,,,685.0,,,,night,C,5,raw,XLK,USO,2024-26,-1.6809509227822057,-0.40532879083115236,,,,,,,,,,,,,,,,,,,,,,,
reg,,,1006.0,,,,night,C,5,raw,XLK,GLD,2020-23,4.654471872147525,0.6580848193976216,,,,,,,,,,,,,,,,,,,,,,,
reg,,,685.0,,,,night,C,5,raw,XLK,GLD,2024-26,-2.3492121798427967,-0.604722844347564,,,,,,,,,,,,,,,,,,,,,,,
reg,,,1006.0,,,,night,C,5,raw,XLK,HYG,2020-23,2.4070467061406147,0.2710332456960211,,,,,,,,,,,,,,,,,,,,,,,
reg,,,685.0,,,,night,C,5,raw,XLK,HYG,2024-26,2.3809579051264675,0.5318596280332544,,,,,,,,,,,,,,,,,,,,,,,
reg,,,748.0,,,,night,C,5,raw,XLK,BTC,2020-23,-4.25045163457076,-1.3689697284216313,,,,,,,,,,,,,,,,,,,,,,,
reg,,,685.0,,,,night,C,5,raw,XLK,BTC,2024-26,-4.2442421288981205,-1.1160109363552133,,,,,,,,,,,,,,,,,,,,,,,
reg,,,1006.0,,,,night,C,5,raw,XLK,VIX,2020-23,-7.208016673764294,-0.9818356928283154,,,,,,,,,,,,,,,,,,,,,,,
reg,,,685.0,,,,night,C,5,raw,XLK,VIX,2024-26,3.6653613828940053,0.6999096295051285,,,,,,,,,,,,,,,,,,,,,,,
reg,,,1006.0,,,,night,C,5,raw,XLK,SPY,2020-23,6.120353684304883,0.7640292881473637,,,,,,,,,,,,,,,,,,,,,,,
reg,,,685.0,,,,night,C,5,raw,XLK,SPY,2024-26,-5.648943253755183,-1.0524350645465987,,,,,,,,,,,,,,,,,,,,,,,
reg,,,1006.0,,,,night,C,5,raw,XLF,TLT,2020-23,1.7281804315463363,0.24929211768159432,,,,,,,,,,,,,,,,,,,,,,,
reg,,,685.0,,,,night,C,5,raw,XLF,TLT,2024-26,-4.080034877614873,-1.147126659558279,,,,,,,,,,,,,,,,,,,,,,,
reg,,,1006.0,,,,night,C,5,raw,XLF,UUP,2020-23,2.113789574265735,0.27030944268740076,,,,,,,,,,,,,,,,,,,,,,,
reg,,,685.0,,,,night,C,5,raw,XLF,UUP,2024-26,1.2878740076563713,0.409455551701471,,,,,,,,,,,,,,,,,,,,,,,
reg,,,1006.0,,,,night,C,5,raw,XLF,USO,2020-23,12.485521696088535,1.2673500688163477,,,,,,,,,,,,,,,,,,,,,,,
reg,,,685.0,,,,night,C,5,raw,XLF,USO,2024-26,0.1478730149840251,0.04813021216231081,,,,,,,,,,,,,,,,,,,,,,,
reg,,,1006.0,,,,night,C,5,raw,XLF,GLD,2020-23,6.479821215899234,0.8071057598164174,,,,,,,,,,,,,,,,,,,,,,,
reg,,,685.0,,,,night,C,5,raw,XLF,GLD,2024-26,-0.9628671445612142,-0.42524074253537725,,,,,,,,,,,,,,,,,,,,,,,
reg,,,1006.0,,,,night,C,5,raw,XLF,HYG,2020-23,3.556091423313159,0.35391724803953106,,,,,,,,,,,,,,,,,,,,,,,
reg,,,685.0,,,,night,C,5,raw,XLF,HYG,2024-26,1.0200436659845689,0.3356724347790969,,,,,,,,,,,,,,,,,,,,,,,
reg,,,748.0,,,,night,C,5,raw,XLF,BTC,2020-23,-0.9886625631617402,-0.34222061637380125,,,,,,,,,,,,,,,,,,,,,,,
reg,,,685.0,,,,night,C,5,raw,XLF,BTC,2024-26,-2.6962828560984162,-1.3466859530547097,,,,,,,,,,,,,,,,,,,,,,,
reg,,,1006.0,,,,night,C,5,raw,XLF,VIX,2020-23,-12.14566240199233,-1.568067964166812,,,,,,,,,,,,,,,,,,,,,,,
reg,,,685.0,,,,night,C,5,raw,XLF,VIX,2024-26,-0.07861111539943286,-0.023638976640481122,,,,,,,,,,,,,,,,,,,,,,,
reg,,,1006.0,,,,night,C,5,raw,XLF,SPY,2020-23,9.875521834456892,1.1318412438985914,,,,,,,,,,,,,,,,,,,,,,,
reg,,,685.0,,,,night,C,5,raw,XLF,SPY,2024-26,-0.890431023204505,-0.2381447358575937,,,,,,,,,,,,,,,,,,,,,,,
reg,,,1006.0,,,,night,C,5,raw,XLE,TLT,2020-23,4.031312835759702,0.49846858746051104,,,,,,,,,,,,,,,,,,,,,,,
reg,,,685.0,,,,night,C,5,raw,XLE,TLT,2024-26,-2.7720208386489236,-0.6251152035567813,,,,,,,,,,,,,,,,,,,,,,,
reg,,,1006.0,,,,night,C,5,raw,XLE,UUP,2020-23,6.440340653988792,0.7498409010153859,,,,,,,,,,,,,,,,,,,,,,,
reg,,,685.0,,,,night,C,5,raw,XLE,UUP,2024-26,-1.4320048623833581,-0.3760614881055615,,,,,,,,,,,,,,,,,,,,,,,
reg,,,1006.0,,,,night,C,5,raw,XLE,USO,2020-23,5.529633517342127,0.5792495524291436,,,,,,,,,,,,,,,,,,,,,,,
reg,,,685.0,,,,night,C,5,raw,XLE,USO,2024-26,2.6692256810264636,0.7514836328968048,,,,,,,,,,,,,,,,,,,,,,,
reg,,,1006.0,,,,night,C,5,raw,XLE,GLD,2020-23,-1.478118029372649,-0.1655496602017648,,,,,,,,,,,,,,,,,,,,,,,
reg,,,685.0,,,,night,C,5,raw,XLE,GLD,2024-26,3.8306902633737123,1.0815036272706655,,,,,,,,,,,,,,,,,,,,,,,
reg,,,1006.0,,,,night,C,5,raw,XLE,HYG,2020-23,4.9934591842612,0.51004061502114,,,,,,,,,,,,,,,,,,,,,,,
reg,,,685.0,,,,night,C,5,raw,XLE,HYG,2024-26,-2.161082987305403,-0.5044836794948071,,,,,,,,,,,,,,,,,,,,,,,
reg,,,748.0,,,,night,C,5,raw,XLE,BTC,2020-23,-3.386426434411583,-0.8383395426938732,,,,,,,,,,,,,,,,,,,,,,,
reg,,,685.0,,,,night,C,5,raw,XLE,BTC,2024-26,-0.49856817133005477,-0.17252646558015086,,,,,,,,,,,,,,,,,,,,,,,
reg,,,1006.0,,,,night,C,5,raw,XLE,VIX,2020-23,-10.223745490570867,-1.3272240350269917,,,,,,,,,,,,,,,,,,,,,,,
reg,,,685.0,,,,night,C,5,raw,XLE,VIX,2024-26,-2.975529045932171,-0.7166010926217988,,,,,,,,,,,,,,,,,,,,,,,
reg,,,1006.0,,,,night,C,5,raw,XLE,SPY,2020-23,6.281139379651626,0.7158375282363596,,,,,,,,,,,,,,,,,,,,,,,
reg,,,685.0,,,,night,C,5,raw,XLE,SPY,2024-26,-1.6268714748402906,-0.33605826285255264,,,,,,,,,,,,,,,,,,,,,,,
reg,,,1006.0,,,,night,C,5,raw,XLV,TLT,2020-23,2.1458015267545942,0.5461927554250577,,,,,,,,,,,,,,,,,,,,,,,
reg,,,685.0,,,,night,C,5,raw,XLV,TLT,2024-26,-1.9988332424719208,-0.960745232175191,,,,,,,,,,,,,,,,,,,,,,,
reg,,,1006.0,,,,night,C,5,raw,XLV,UUP,2020-23,1.775910113902613,0.3921385860569021,,,,,,,,,,,,,,,,,,,,,,,
reg,,,685.0,,,,night,C,5,raw,XLV,UUP,2024-26,2.3276335299151003,0.9747365067861551,,,,,,,,,,,,,,,,,,,,,,,
reg,,,1006.0,,,,night,C,5,raw,XLV,USO,2020-23,5.854849988811401,1.0215607452427335,,,,,,,,,,,,,,,,,,,,,,,
reg,,,685.0,,,,night,C,5,raw,XLV,USO,2024-26,0.3893172383121378,0.16018490533315446,,,,,,,,,,,,,,,,,,,,,,,
reg,,,1006.0,,,,night,C,5,raw,XLV,GLD,2020-23,2.950860612222932,0.6708451618952499,,,,,,,,,,,,,,,,,,,,,,,
reg,,,685.0,,,,night,C,5,raw,XLV,GLD,2024-26,-3.8421239499320405,-1.9340457466566086,,,,,,,,,,,,,,,,,,,,,,,
reg,,,1006.0,,,,night,C,5,raw,XLV,HYG,2020-23,3.547922327102469,0.5925156122937677,,,,,,,,,,,,,,,,,,,,,,,
reg,,,685.0,,,,night,C,5,raw,XLV,HYG,2024-26,1.2664184834114878,0.48601088447037916,,,,,,,,,,,,,,,,,,,,,,,
reg,,,748.0,,,,night,C,5,raw,XLV,BTC,2020-23,-0.08192779167090324,-0.04380535304746364,,,,,,,,,,,,,,,,,,,,,,,
reg,,,685.0,,,,night,C,5,raw,XLV,BTC,2024-26,-4.511138360368979,-2.479973182240748,,,,,,,,,,,,,,,,,,,,,,,
reg,,,1006.0,,,,night,C,5,raw,XLV,VIX,2020-23,-7.133956637820358,-1.5728048771781329,,,,,,,,,,,,,,,,,,,,,,,
reg,,,685.0,,,,night,C,5,raw,XLV,VIX,2024-26,0.275661415741096,0.12416059442158277,,,,,,,,,,,,,,,,,,,,,,,
reg,,,1006.0,,,,night,C,5,raw,XLV,SPY,2020-23,6.87542750592188,1.3364853706374196,,,,,,,,,,,,,,,,,,,,,,,
reg,,,685.0,,,,night,C,5,raw,XLV,SPY,2024-26,1.5456512330444514,0.5518838078051305,,,,,,,,,,,,,,,,,,,,,,,
reg,,,1006.0,,,,night,C,5,raw,XLI,TLT,2020-23,2.2754925135713338,0.4278678258585686,,,,,,,,,,,,,,,,,,,,,,,
reg,,,685.0,,,,night,C,5,raw,XLI,TLT,2024-26,-2.807774286246513,-0.8608998543507032,,,,,,,,,,,,,,,,,,,,,,,
reg,,,1006.0,,,,night,C,5,raw,XLI,UUP,2020-23,4.879201327855655,0.7467800215332626,,,,,,,,,,,,,,,,,,,,,,,
reg,,,685.0,,,,night,C,5,raw,XLI,UUP,2024-26,0.6602057977503331,0.22429176588709515,,,,,,,,,,,,,,,,,,,,,,,
reg,,,1006.0,,,,night,C,5,raw,XLI,USO,2020-23,8.949667656299761,1.1007003584831632,,,,,,,,,,,,,,,,,,,,,,,
reg,,,685.0,,,,night,C,5,raw,XLI,USO,2024-26,1.0640111858427672,0.3507972362928832,,,,,,,,,,,,,,,,,,,,,,,
reg,,,1006.0,,,,night,C,5,raw,XLI,GLD,2020-23,5.122102223771002,0.839995779852667,,,,,,,,,,,,,,,,,,,,,,,
reg,,,685.0,,,,night,C,5,raw,XLI,GLD,2024-26,-0.3868341174117903,-0.16612305872058447,,,,,,,,,,,,,,,,,,,,,,,
reg,,,1006.0,,,,night,C,5,raw,XLI,HYG,2020-23,1.6839531180210017,0.18949486184490125,,,,,,,,,,,,,,,,,,,,,,,
reg,,,685.0,,,,night,C,5,raw,XLI,HYG,2024-26,1.3073492719897173,0.46407752287282117,,,,,,,,,,,,,,,,,,,,,,,
reg,,,748.0,,,,night,C,5,raw,XLI,BTC,2020-23,-1.0965837281510964,-0.5155500859512617,,,,,,,,,,,,,,,,,,,,,,,
reg,,,685.0,,,,night,C,5,raw,XLI,BTC,2024-26,-2.1069073032464565,-1.0300131299424755,,,,,,,,,,,,,,,,,,,,,,,
reg,,,1006.0,,,,night,C,5,raw,XLI,VIX,2020-23,-8.663708005330882,-1.4611229615362396,,,,,,,,,,,,,,,,,,,,,,,
reg,,,685.0,,,,night,C,5,raw,XLI,VIX,2024-26,-0.0017937468530596246,-0.0005590324240314586,,,,,,,,,,,,,,,,,,,,,,,
reg,,,1006.0,,,,night,C,5,raw,XLI,SPY,2020-23,6.672914032649405,0.9090529389936465,,,,,,,,,,,,,,,,,,,,,,,
reg,,,685.0,,,,night,C,5,raw,XLI,SPY,2024-26,-2.084874859925354,-0.6057450512732572,,,,,,,,,,,,,,,,,,,,,,,
reg,,,1006.0,,,,night,C,5,raw,XLY,TLT,2020-23,3.4091664278046494,0.6516934738788762,,,,,,,,,,,,,,,,,,,,,,,
reg,,,685.0,,,,night,C,5,raw,XLY,TLT,2024-26,-8.851259423789271,-1.7116945141911943,,,,,,,,,,,,,,,,,,,,,,,
reg,,,1006.0,,,,night,C,5,raw,XLY,UUP,2020-23,5.394735789920013,0.8857854295131293,,,,,,,,,,,,,,,,,,,,,,,
reg,,,685.0,,,,night,C,5,raw,XLY,UUP,2024-26,-0.6568060981891027,-0.1766888718708614,,,,,,,,,,,,,,,,,,,,,,,
reg,,,1006.0,,,,night,C,5,raw,XLY,USO,2020-23,7.763006882698622,1.0018824535511899,,,,,,,,,,,,,,,,,,,,,,,
reg,,,685.0,,,,night,C,5,raw,XLY,USO,2024-26,0.5890609089477584,0.16992834725469233,,,,,,,,,,,,,,,,,,,,,,,
reg,,,1006.0,,,,night,C,5,raw,XLY,GLD,2020-23,4.654234178801419,0.807133503671232,,,,,,,,,,,,,,,,,,,,,,,
reg,,,685.0,,,,night,C,5,raw,XLY,GLD,2024-26,0.3580275970114071,0.10699115868078686,,,,,,,,,,,,,,,,,,,,,,,
reg,,,1006.0,,,,night,C,5,raw,XLY,HYG,2020-23,0.8966927754685569,0.11142103032507591,,,,,,,,,,,,,,,,,,,,,,,
reg,,,685.0,,,,night,C,5,raw,XLY,HYG,2024-26,-0.04050825623794672,-0.010544270173659965,,,,,,,,,,,,,,,,,,,,,,,
reg,,,748.0,,,,night,C,5,raw,XLY,BTC,2020-23,-2.493527671553494,-0.7570482541876016,,,,,,,,,,,,,,,,,,,,,,,
reg,,,685.0,,,,night,C,5,raw,XLY,BTC,2024-26,-0.5494789064199463,-0.177412333477245,,,,,,,,,,,,,,,,,,,,,,,
reg,,,1006.0,,,,night,C,5,raw,XLY,VIX,2020-23,-6.963717515281997,-1.1797683760499027,,,,,,,,,,,,,,,,,,,,,,,
reg,,,685.0,,,,night,C,5,raw,XLY,VIX,2024-26,-0.3681664334387686,-0.08828462115109255,,,,,,,,,,,,,,,,,,,,,,,
reg,,,1006.0,,,,night,C,5,raw,XLY,SPY,2020-23,6.508888608914238,0.9551746546552401,,,,,,,,,,,,,,,,,,,,,,,
reg,,,685.0,,,,night,C,5,raw,XLY,SPY,2024-26,-2.8319599139611897,-0.617753749679064,,,,,,,,,,,,,,,,,,,,,,,
reg,,,1006.0,,,,night,C,5,raw,XLP,TLT,2020-23,-0.37828253178431615,-0.09866260489917046,,,,,,,,,,,,,,,,,,,,,,,
reg,,,685.0,,,,night,C,5,raw,XLP,TLT,2024-26,-1.8419571662497907,-1.1798526852263012,,,,,,,,,,,,,,,,,,,,,,,
reg,,,1006.0,,,,night,C,5,raw,XLP,UUP,2020-23,2.1986629919624625,0.5177696354775098,,,,,,,,,,,,,,,,,,,,,,,
reg,,,685.0,,,,night,C,5,raw,XLP,UUP,2024-26,1.2856553323327595,0.7866968038862718,,,,,,,,,,,,,,,,,,,,,,,
reg,,,1006.0,,,,night,C,5,raw,XLP,USO,2020-23,6.280865508644121,1.173100474224931,,,,,,,,,,,,,,,,,,,,,,,
reg,,,685.0,,,,night,C,5,raw,XLP,USO,2024-26,-0.31130675138241676,-0.17019729640676678,,,,,,,,,,,,,,,,,,,,,,,
reg,,,1006.0,,,,night,C,5,raw,XLP,GLD,2020-23,3.158702928992438,0.7609004288361974,,,,,,,,,,,,,,,,,,,,,,,
reg,,,685.0,,,,night,C,5,raw,XLP,GLD,2024-26,0.3958323345823676,0.25629365706468843,,,,,,,,,,,,,,,,,,,,,,,
reg,,,1006.0,,,,night,C,5,raw,XLP,HYG,2020-23,1.8400425656533195,0.3160910965724305,,,,,,,,,,,,,,,,,,,,,,,
reg,,,685.0,,,,night,C,5,raw,XLP,HYG,2024-26,-0.3066243100777927,-0.19657634393001858,,,,,,,,,,,,,,,,,,,,,,,
reg,,,748.0,,,,night,C,5,raw,XLP,BTC,2020-23,-0.8317697186975118,-0.5557204128260382,,,,,,,,,,,,,,,,,,,,,,,
reg,,,685.0,,,,night,C,5,raw,XLP,BTC,2024-26,-1.307582373611177,-0.9891426244420418,,,,,,,,,,,,,,,,,,,,,,,
reg,,,1006.0,,,,night,C,5,raw,XLP,VIX,2020-23,-6.947768147740002,-1.6477290538544798,,,,,,,,,,,,,,,,,,,,,,,
reg,,,685.0,,,,night,C,5,raw,XLP,VIX,2024-26,-1.111829989205645,-0.7104325428079354,,,,,,,,,,,,,,,,,,,,,,,
reg,,,1006.0,,,,night,C,5,raw,XLP,SPY,2020-23,4.827516295733103,0.9695241445679921,,,,,,,,,,,,,,,,,,,,,,,
reg,,,685.0,,,,night,C,5,raw,XLP,SPY,2024-26,1.7420720833493522,0.9612548164510121,,,,,,,,,,,,,,,,,,,,,,,
reg,,,1006.0,,,,night,C,5,raw,XLU,TLT,2020-23,-0.4291823105533568,-0.10885540112524356,,,,,,,,,,,,,,,,,,,,,,,
reg,,,685.0,,,,night,C,5,raw,XLU,TLT,2024-26,-1.3461151241560416,-0.6573744011525859,,,,,,,,,,,,,,,,,,,,,,,
reg,,,1006.0,,,,night,C,5,raw,XLU,UUP,2020-23,4.4635125070454915,0.9762405908653237,,,,,,,,,,,,,,,,,,,,,,,
reg,,,685.0,,,,night,C,5,raw,XLU,UUP,2024-26,0.666746592803715,0.3753380443599056,,,,,,,,,,,,,,,,,,,,,,,
reg,,,1006.0,,,,night,C,5,raw,XLU,USO,2020-23,7.6631618922623375,1.316147165179022,,,,,,,,,,,,,,,,,,,,,,,
reg,,,685.0,,,,night,C,5,raw,XLU,USO,2024-26,0.9238530919223898,0.4558064326070489,,,,,,,,,,,,,,,,,,,,,,,
reg,,,1006.0,,,,night,C,5,raw,XLU,GLD,2020-23,2.8461016932614487,0.6652222208605943,,,,,,,,,,,,,,,,,,,,,,,
reg,,,685.0,,,,night,C,5,raw,XLU,GLD,2024-26,-1.0125948918186214,-0.5798437431202513,,,,,,,,,,,,,,,,,,,,,,,
reg,,,1006.0,,,,night,C,5,raw,XLU,HYG,2020-23,-0.8629502502093794,-0.13951246444638318,,,,,,,,,,,,,,,,,,,,,,,
reg,,,685.0,,,,night,C,5,raw,XLU,HYG,2024-26,-1.4178249747931677,-0.7453786328881071,,,,,,,,,,,,,,,,,,,,,,,
reg,,,748.0,,,,night,C,5,raw,XLU,BTC,2020-23,-1.6680596231364904,-1.0536510196929993,,,,,,,,,,,,,,,,,,,,,,,
reg,,,685.0,,,,night,C,5,raw,XLU,BTC,2024-26,-4.11853810991784,-2.4983915295719132,,,,,,,,,,,,,,,,,,,,,,,
reg,,,1006.0,,,,night,C,5,raw,XLU,VIX,2020-23,-6.055115131974101,-1.4182582628765086,,,,,,,,,,,,,,,,,,,,,,,
reg,,,685.0,,,,night,C,5,raw,XLU,VIX,2024-26,1.3090465026551124,0.6859533723522738,,,,,,,,,,,,,,,,,,,,,,,
reg,,,1006.0,,,,night,C,5,raw,XLU,SPY,2020-23,3.424655802616566,0.6476466193565023,,,,,,,,,,,,,,,,,,,,,,,
reg,,,685.0,,,,night,C,5,raw,XLU,SPY,2024-26,-4.069650316716199,-1.886502445543884,,,,,,,,,,,,,,,,,,,,,,,
reg,,,1006.0,,,,night,C,5,raw,XLB,TLT,2020-23,6.23885033165379,0.853451120748378,,,,,,,,,,,,,,,,,,,,,,,
reg,,,685.0,,,,night,C,5,raw,XLB,TLT,2024-26,-3.989546626136601,-1.2948383357321727,,,,,,,,,,,,,,,,,,,,,,,
reg,,,1006.0,,,,night,C,5,raw,XLB,UUP,2020-23,0.06568806085395562,0.008245848440384571,,,,,,,,,,,,,,,,,,,,,,,
reg,,,685.0,,,,night,C,5,raw,XLB,UUP,2024-26,-1.958577050918803,-0.733244716408695,,,,,,,,,,,,,,,,,,,,,,,
reg,,,1006.0,,,,night,C,5,raw,XLB,USO,2020-23,11.564845223758814,1.2165678345878288,,,,,,,,,,,,,,,,,,,,,,,
reg,,,685.0,,,,night,C,5,raw,XLB,USO,2024-26,1.4034840898701704,0.505505754685455,,,,,,,,,,,,,,,,,,,,,,,
reg,,,1006.0,,,,night,C,5,raw,XLB,GLD,2020-23,7.899160476854392,0.8738892228684082,,,,,,,,,,,,,,,,,,,,,,,
reg,,,685.0,,,,night,C,5,raw,XLB,GLD,2024-26,-0.40149325715203854,-0.1677539785242276,,,,,,,,,,,,,,,,,,,,,,,
reg,,,1006.0,,,,night,C,5,raw,XLB,HYG,2020-23,6.940190666925596,0.65308944865852,,,,,,,,,,,,,,,,,,,,,,,
reg,,,685.0,,,,night,C,5,raw,XLB,HYG,2024-26,-0.18680244222180054,-0.0773532117770987,,,,,,,,,,,,,,,,,,,,,,,
reg,,,748.0,,,,night,C,5,raw,XLB,BTC,2020-23,-0.1673882701851571,-0.06047224990775347,,,,,,,,,,,,,,,,,,,,,,,
reg,,,685.0,,,,night,C,5,raw,XLB,BTC,2024-26,-2.4978969909565896,-1.250647835851692,,,,,,,,,,,,,,,,,,,,,,,
reg,,,1006.0,,,,night,C,5,raw,XLB,VIX,2020-23,-10.85024209496383,-1.2131413002120488,,,,,,,,,,,,,,,,,,,,,,,
reg,,,685.0,,,,night,C,5,raw,XLB,VIX,2024-26,2.3621594291368253,0.8361927162745502,,,,,,,,,,,,,,,,,,,,,,,
reg,,,1006.0,,,,night,C,5,raw,XLB,SPY,2020-23,10.752262218592266,1.1082525147627726,,,,,,,,,,,,,,,,,,,,,,,
reg,,,685.0,,,,night,C,5,raw,XLB,SPY,2024-26,-3.3907285529879,-1.1475799381280114,,,,,,,,,,,,,,,,,,,,,,,
reg,,,1006.0,,,,night,C,5,raw,XLRE,TLT,2020-23,2.6880722741874625,0.5962142893835699,,,,,,,,,,,,,,,,,,,,,,,
reg,,,685.0,,,,night,C,5,raw,XLRE,TLT,2024-26,-3.2691773723911304,-1.3879511071390371,,,,,,,,,,,,,,,,,,,,,,,
reg,,,1006.0,,,,night,C,5,raw,XLRE,UUP,2020-23,3.433400462430907,0.6215096435789765,,,,,,,,,,,,,,,,,,,,,,,
reg,,,685.0,,,,night,C,5,raw,XLRE,UUP,2024-26,0.6131280884034361,0.2948765243129721,,,,,,,,,,,,,,,,,,,,,,,
reg,,,1006.0,,,,night,C,5,raw,XLRE,USO,2020-23,9.049163375949448,1.3116490263766032,,,,,,,,,,,,,,,,,,,,,,,
reg,,,685.0,,,,night,C,5,raw,XLRE,USO,2024-26,1.4048464339879685,0.5028761200291755,,,,,,,,,,,,,,,,,,,,,,,
reg,,,1006.0,,,,night,C,5,raw,XLRE,GLD,2020-23,4.227032828612876,0.7957109277321197,,,,,,,,,,,,,,,,,,,,,,,
reg,,,685.0,,,,night,C,5,raw,XLRE,GLD,2024-26,1.0401924109876184,0.5548219914380471,,,,,,,,,,,,,,,,,,,,,,,
reg,,,1006.0,,,,night,C,5,raw,XLRE,HYG,2020-23,0.8229500468068895,0.1097107500958993,,,,,,,,,,,,,,,,,,,,,,,
reg,,,685.0,,,,night,C,5,raw,XLRE,HYG,2024-26,-1.0821944779841568,-0.40706403373880196,,,,,,,,,,,,,,,,,,,,,,,
reg,,,748.0,,,,night,C,5,raw,XLRE,BTC,2020-23,-1.6712432244254785,-0.7897647842477985,,,,,,,,,,,,,,,,,,,,,,,
reg,,,685.0,,,,night,C,5,raw,XLRE,BTC,2024-26,-5.3475368837835555,-2.69499167910786,,,,,,,,,,,,,,,,,,,,,,,
reg,,,1006.0,,,,night,C,5,raw,XLRE,VIX,2020-23,-7.91624425100714,-1.5295875618385337,,,,,,,,,,,,,,,,,,,,,,,
reg,,,685.0,,,,night,C,5,raw,XLRE,VIX,2024-26,0.08961134684704693,0.03835714822935367,,,,,,,,,,,,,,,,,,,,,,,
reg,,,1006.0,,,,night,C,5,raw,XLRE,SPY,2020-23,5.328226866155119,0.8460221888379824,,,,,,,,,,,,,,,,,,,,,,,
reg,,,685.0,,,,night,C,5,raw,XLRE,SPY,2024-26,-1.9423025544192196,-0.7207581723025195,,,,,,,,,,,,,,,,,,,,,,,
reg,,,1006.0,,,,night,C,5,raw,XLC,TLT,2020-23,3.4540497944466404,0.6067270238807304,,,,,,,,,,,,,,,,,,,,,,,
reg,,,685.0,,,,night,C,5,raw,XLC,TLT,2024-26,-2.8185454792524185,-0.7523459417553854,,,,,,,,,,,,,,,,,,,,,,,
reg,,,1006.0,,,,night,C,5,raw,XLC,UUP,2020-23,6.053852554536272,0.9644233939704583,,,,,,,,,,,,,,,,,,,,,,,
reg,,,685.0,,,,night,C,5,raw,XLC,UUP,2024-26,0.31316798568042764,0.10282157006942022,,,,,,,,,,,,,,,,,,,,,,,
reg,,,1006.0,,,,night,C,5,raw,XLC,USO,2020-23,5.161707355050956,0.6832001976647593,,,,,,,,,,,,,,,,,,,,,,,
reg,,,685.0,,,,night,C,5,raw,XLC,USO,2024-26,0.9050392080136446,0.36022703767424924,,,,,,,,,,,,,,,,,,,,,,,
reg,,,1006.0,,,,night,C,5,raw,XLC,GLD,2020-23,3.8869477195037865,0.585871615246987,,,,,,,,,,,,,,,,,,,,,,,
reg,,,685.0,,,,night,C,5,raw,XLC,GLD,2024-26,3.4527946531308724,1.4150726198549939,,,,,,,,,,,,,,,,,,,,,,,
reg,,,1006.0,,,,night,C,5,raw,XLC,HYG,2020-23,0.22760172698183,0.028347665623585063,,,,,,,,,,,,,,,,,,,,,,,
reg,,,685.0,,,,night,C,5,raw,XLC,HYG,2024-26,0.3454774995902152,0.11803062575748846,,,,,,,,,,,,,,,,,,,,,,,
reg,,,748.0,,,,night,C,5,raw,XLC,BTC,2020-23,-4.264416888253375,-1.4819500630448936,,,,,,,,,,,,,,,,,,,,,,,
reg,,,685.0,,,,night,C,5,raw,XLC,BTC,2024-26,-1.0139323281566843,-0.45407770257467467,,,,,,,,,,,,,,,,,,,,,,,
reg,,,1006.0,,,,night,C,5,raw,XLC,VIX,2020-23,-5.267881852129072,-0.7655071669948597,,,,,,,,,,,,,,,,,,,,,,,
reg,,,685.0,,,,night,C,5,raw,XLC,VIX,2024-26,2.729274057825973,0.9112525506324598,,,,,,,,,,,,,,,,,,,,,,,
reg,,,1006.0,,,,night,C,5,raw,XLC,SPY,2020-23,3.5203481980471287,0.467343197684866,,,,,,,,,,,,,,,,,,,,,,,
reg,,,685.0,,,,night,C,5,raw,XLC,SPY,2024-26,-1.0326735952372226,-0.30270181469167473,,,,,,,,,,,,,,,,,,,,,,,
reg,,,1006.0,,,,night,C,5,raw,SMH,TLT,2020-23,2.2050483511394074,0.3675840142707776,,,,,,,,,,,,,,,,,,,,,,,
reg,,,685.0,,,,night,C,5,raw,SMH,TLT,2024-26,-2.229253026331684,-0.2895365781990923,,,,,,,,,,,,,,,,,,,,,,,
reg,,,1006.0,,,,night,C,5,raw,SMH,UUP,2020-23,7.192463573371279,0.9920204946520841,,,,,,,,,,,,,,,,,,,,,,,
reg,,,685.0,,,,night,C,5,raw,SMH,UUP,2024-26,-0.5378790567898394,-0.08545523886401514,,,,,,,,,,,,,,,,,,,,,,,
reg,,,1006.0,,,,night,C,5,raw,SMH,USO,2020-23,5.103579682028481,0.6351132197895413,,,,,,,,,,,,,,,,,,,,,,,
reg,,,685.0,,,,night,C,5,raw,SMH,USO,2024-26,-2.1359253876620197,-0.33488788739467706,,,,,,,,,,,,,,,,,,,,,,,
reg,,,1006.0,,,,night,C,5,raw,SMH,GLD,2020-23,2.0567897923053122,0.30440970008346896,,,,,,,,,,,,,,,,,,,,,,,
reg,,,685.0,,,,night,C,5,raw,SMH,GLD,2024-26,-3.476342596883897,-0.5837887500149308,,,,,,,,,,,,,,,,,,,,,,,
reg,,,1006.0,,,,night,C,5,raw,SMH,HYG,2020-23,-0.3365580615857052,-0.0363297100287863,,,,,,,,,,,,,,,,,,,,,,,
reg,,,685.0,,,,night,C,5,raw,SMH,HYG,2024-26,0.579948633283874,0.09048547732277282,,,,,,,,,,,,,,,,,,,,,,,
reg,,,748.0,,,,night,C,5,raw,SMH,BTC,2020-23,-4.778144271067522,-1.1685557409915368,,,,,,,,,,,,,,,,,,,,,,,
reg,,,685.0,,,,night,C,5,raw,SMH,BTC,2024-26,-4.0988497766853715,-0.7072829123103307,,,,,,,,,,,,,,,,,,,,,,,
reg,,,1006.0,,,,night,C,5,raw,SMH,VIX,2020-23,-6.9777546636280965,-1.061052684237259,,,,,,,,,,,,,,,,,,,,,,,
reg,,,685.0,,,,night,C,5,raw,SMH,VIX,2024-26,9.565885928438743,1.348983349487323,,,,,,,,,,,,,,,,,,,,,,,
reg,,,1006.0,,,,night,C,5,raw,SMH,SPY,2020-23,5.1098269792480275,0.6659124755115213,,,,,,,,,,,,,,,,,,,,,,,
reg,,,685.0,,,,night,C,5,raw,SMH,SPY,2024-26,-13.088483355768414,-1.8489547427830821,,,,,,,,,,,,,,,,,,,,,,,
reg,,,1006.0,,,,night,C,5,raw,XBI,TLT,2020-23,3.1168512503311465,0.6537419329286567,,,,,,,,,,,,,,,,,,,,,,,
reg,,,685.0,,,,night,C,5,raw,XBI,TLT,2024-26,-5.445565233881104,-1.1141573949206076,,,,,,,,,,,,,,,,,,,,,,,
reg,,,1006.0,,,,night,C,5,raw,XBI,UUP,2020-23,2.3474206724613738,0.4192679884186831,,,,,,,,,,,,,,,,,,,,,,,
reg,,,685.0,,,,night,C,5,raw,XBI,UUP,2024-26,3.856912215622245,1.0824611009300056,,,,,,,,,,,,,,,,,,,,,,,
reg,,,1006.0,,,,night,C,5,raw,XBI,USO,2020-23,4.348585112808407,0.6005203289256087,,,,,,,,,,,,,,,,,,,,,,,
reg,,,685.0,,,,night,C,5,raw,XBI,USO,2024-26,2.346406833890332,0.567027130085845,,,,,,,,,,,,,,,,,,,,,,,
reg,,,1006.0,,,,night,C,5,raw,XBI,GLD,2020-23,4.346703452999574,0.8296842610966491,,,,,,,,,,,,,,,,,,,,,,,
reg,,,685.0,,,,night,C,5,raw,XBI,GLD,2024-26,-2.0734612786126423,-0.6812283341310994,,,,,,,,,,,,,,,,,,,,,,,
reg,,,1006.0,,,,night,C,5,raw,XBI,HYG,2020-23,1.2048885494577246,0.1651001230979037,,,,,,,,,,,,,,,,,,,,,,,
reg,,,685.0,,,,night,C,5,raw,XBI,HYG,2024-26,4.786383572661283,1.203971346621744,,,,,,,,,,,,,,,,,,,,,,,
reg,,,748.0,,,,night,C,5,raw,XBI,BTC,2020-23,-1.7230492230968952,-0.5083816511770434,,,,,,,,,,,,,,,,,,,,,,,
reg,,,685.0,,,,night,C,5,raw,XBI,BTC,2024-26,-3.0188744944258508,-0.8775868433226427,,,,,,,,,,,,,,,,,,,,,,,
reg,,,1006.0,,,,night,C,5,raw,XBI,VIX,2020-23,-7.378404421640912,-1.3819052558232339,,,,,,,,,,,,,,,,,,,,,,,
reg,,,685.0,,,,night,C,5,raw,XBI,VIX,2024-26,-2.113311194019076,-0.47405697369156446,,,,,,,,,,,,,,,,,,,,,,,
reg,,,1006.0,,,,night,C,5,raw,XBI,SPY,2020-23,6.772559579841517,1.0937542081459048,,,,,,,,,,,,,,,,,,,,,,,
reg,,,685.0,,,,night,C,5,raw,XBI,SPY,2024-26,4.500911715944587,1.022026272569172,,,,,,,,,,,,,,,,,,,,,,,
reg,,,1006.0,,,,night,C,5,raw,KRE,TLT,2020-23,1.731109745370728,0.25129488993003174,,,,,,,,,,,,,,,,,,,,,,,
reg,,,685.0,,,,night,C,5,raw,KRE,TLT,2024-26,-6.256673042134644,-1.1230988756124376,,,,,,,,,,,,,,,,,,,,,,,
reg,,,1006.0,,,,night,C,5,raw,KRE,UUP,2020-23,1.479619089440691,0.18670034267672905,,,,,,,,,,,,,,,,,,,,,,,
reg,,,685.0,,,,night,C,5,raw,KRE,UUP,2024-26,0.5939290984945643,0.14711413654382716,,,,,,,,,,,,,,,,,,,,,,,
reg,,,1006.0,,,,night,C,5,raw,KRE,USO,2020-23,11.86597658120252,1.172953459600607,,,,,,,,,,,,,,,,,,,,,,,
reg,,,685.0,,,,night,C,5,raw,KRE,USO,2024-26,2.0277975484162427,0.4537157973218395,,,,,,,,,,,,,,,,,,,,,,,
reg,,,1006.0,,,,night,C,5,raw,KRE,GLD,2020-23,7.409129672460985,0.9547706249995478,,,,,,,,,,,,,,,,,,,,,,,
reg,,,685.0,,,,night,C,5,raw,KRE,GLD,2024-26,-0.05127485717993746,-0.016526667671462162,,,,,,,,,,,,,,,,,,,,,,,
reg,,,1006.0,,,,night,C,5,raw,KRE,HYG,2020-23,3.9062085438826015,0.38388366202366986,,,,,,,,,,,,,,,,,,,,,,,
reg,,,685.0,,,,night,C,5,raw,KRE,HYG,2024-26,0.6002842155661946,0.13468025792412033,,,,,,,,,,,,,,,,,,,,,,,
reg,,,748.0,,,,night,C,5,raw,KRE,BTC,2020-23,4.229467821766588,0.8523718438827408,,,,,,,,,,,,,,,,,,,,,,,
reg,,,685.0,,,,night,C,5,raw,KRE,BTC,2024-26,-6.792901512766927,-1.937477497967505,,,,,,,,,,,,,,,,,,,,,,,
reg,,,1006.0,,,,night,C,5,raw,KRE,VIX,2020-23,-13.274235666786282,-1.7903789174626545,,,,,,,,,,,,,,,,,,,,,,,
reg,,,685.0,,,,night,C,5,raw,KRE,VIX,2024-26,-3.200174869304632,-0.6651276738837568,,,,,,,,,,,,,,,,,,,,,,,
reg,,,1006.0,,,,night,C,5,raw,KRE,SPY,2020-23,10.991494648626485,1.275269787218484,,,,,,,,,,,,,,,,,,,,,,,
reg,,,685.0,,,,night,C,5,raw,KRE,SPY,2024-26,-0.08812536090391636,-0.017766242987060595,,,,,,,,,,,,,,,,,,,,,,,
reg,,,1006.0,,,,night,C,5,excess,XLK,TLT,2020-23,2.0341816900514607,1.0850614022348757,,,,,,,,,,,,,,,,,,,,,,,
reg,,,685.0,,,,night,C,5,excess,XLK,TLT,2024-26,1.6248472818018038,0.676355711663031,,,,,,,,,,,,,,,,,,,,,,,
reg,,,1006.0,,,,night,C,5,excess,XLK,UUP,2020-23,0.2973255057579911,0.15611427371294037,,,,,,,,,,,,,,,,,,,,,,,
reg,,,685.0,,,,night,C,5,excess,XLK,UUP,2024-26,-1.3223820310781678,-0.6605064781927303,,,,,,,,,,,,,,,,,,,,,,,
reg,,,1006.0,,,,night,C,5,excess,XLK,USO,2020-23,0.33585594506419747,0.16167545239643397,,,,,,,,,,,,,,,,,,,,,,,
reg,,,685.0,,,,night,C,5,excess,XLK,USO,2024-26,-2.0567143410245334,-0.9607242518658329,,,,,,,,,,,,,,,,,,,,,,,
reg,,,1006.0,,,,night,C,5,excess,XLK,GLD,2020-23,1.3634625888193597,0.5867069307695462,,,,,,,,,,,,,,,,,,,,,,,
reg,,,685.0,,,,night,C,5,excess,XLK,GLD,2024-26,-1.2998397588450248,-0.6109270921677212,,,,,,,,,,,,,,,,,,,,,,,
reg,,,1006.0,,,,night,C,5,excess,XLK,HYG,2020-23,2.1375535819728357,0.9262612290257333,,,,,,,,,,,,,,,,,,,,,,,
reg,,,685.0,,,,night,C,5,excess,XLK,HYG,2024-26,1.4399196919107211,0.682712916403844,,,,,,,,,,,,,,,,,,,,,,,
reg,,,748.0,,,,night,C,5,excess,XLK,BTC,2020-23,-1.6960191714760928,-1.375022110538821,,,,,,,,,,,,,,,,,,,,,,,
reg,,,685.0,,,,night,C,5,excess,XLK,BTC,2024-26,-1.7449626419888984,-0.8147114508958373,,,,,,,,,,,,,,,,,,,,,,,
reg,,,1006.0,,,,night,C,5,excess,XLK,VIX,2020-23,-0.7307764719914175,-0.2843469491168841,,,,,,,,,,,,,,,,,,,,,,,
reg,,,685.0,,,,night,C,5,excess,XLK,VIX,2024-26,2.7539818422095017,1.2981521513130596,,,,,,,,,,,,,,,,,,,,,,,
reg,,,1006.0,,,,night,C,5,excess,XLK,SPY,2020-23,1.8557050448855164,0.7411394620180624,,,,,,,,,,,,,,,,,,,,,,,
reg,,,685.0,,,,night,C,5,excess,XLK,SPY,2024-26,-2.9047590704531574,-1.25545582501244,,,,,,,,,,,,,,,,,,,,,,,
reg,,,1006.0,,,,night,C,5,excess,XLF,TLT,2020-23,-0.9313013298888282,-0.34233061847327045,,,,,,,,,,,,,,,,,,,,,,,
reg,,,685.0,,,,night,C,5,excess,XLF,TLT,2024-26,-1.1020203494327652,-0.650853615685226,,,,,,,,,,,,,,,,,,,,,,,
reg,,,1006.0,,,,night,C,5,excess,XLF,UUP,2020-23,-2.653618426612207,-0.8692927953452969,,,,,,,,,,,,,,,,,,,,,,,
reg,,,685.0,,,,night,C,5,excess,XLF,UUP,2024-26,0.2720626065725049,0.17234209145413398,,,,,,,,,,,,,,,,,,,,,,,
reg,,,1006.0,,,,night,C,5,excess,XLF,USO,2020-23,6.741770622932341,1.8289966034543403,,,,,,,,,,,,,,,,,,,,,,,
reg,,,685.0,,,,night,C,5,excess,XLF,USO,2024-26,-0.22789040325830717,-0.14788130252650772,,,,,,,,,,,,,,,,,,,,,,,
reg,,,1006.0,,,,night,C,5,excess,XLF,GLD,2020-23,3.1888119325710886,0.9947403924205399,,,,,,,,,,,,,,,,,,,,,,,
reg,,,685.0,,,,night,C,5,excess,XLF,GLD,2024-26,0.08650527643655832,0.058193034392785704,,,,,,,,,,,,,,,,,,,,,,,
reg,,,1006.0,,,,night,C,5,excess,XLF,HYG,2020-23,3.286598299145409,0.8799970927404547,,,,,,,,,,,,,,,,,,,,,,,
reg,,,685.0,,,,night,C,5,excess,XLF,HYG,2024-26,0.07900545276882273,0.054228897042347256,,,,,,,,,,,,,,,,,,,,,,,
reg,,,748.0,,,,night,C,5,excess,XLF,BTC,2020-23,1.5657698999329273,0.901922714992421,,,,,,,,,,,,,,,,,,,,,,,
reg,,,685.0,,,,night,C,5,excess,XLF,BTC,2024-26,-0.19700336918919437,-0.12984712287996655,,,,,,,,,,,,,,,,,,,,,,,
reg,,,1006.0,,,,night,C,5,excess,XLF,VIX,2020-23,-5.668422200219456,-1.8860236908301455,,,,,,,,,,,,,,,,,,,,,,,
reg,,,685.0,,,,night,C,5,excess,XLF,VIX,2024-26,-0.9899906560839373,-0.6815048118350494,,,,,,,,,,,,,,,,,,,,,,,
reg,,,1006.0,,,,night,C,5,excess,XLF,SPY,2020-23,5.610873195037549,1.7511923502788713,,,,,,,,,,,,,,,,,,,,,,,
reg,,,685.0,,,,night,C,5,excess,XLF,SPY,2024-26,1.8537531600975112,1.2385360416065994,,,,,,,,,,,,,,,,,,,,,,,
reg,,,1006.0,,,,night,C,5,excess,XLE,TLT,2020-23,1.3718310743245272,0.28359760603923057,,,,,,,,,,,,,,,,,,,,,,,
reg,,,685.0,,,,night,C,5,excess,XLE,TLT,2024-26,0.20599368953318414,0.0650609932777054,,,,,,,,,,,,,,,,,,,,,,,
reg,,,1006.0,,,,night,C,5,excess,XLE,UUP,2020-23,1.6729326531108266,0.3551806367468774,,,,,,,,,,,,,,,,,,,,,,,
reg,,,685.0,,,,night,C,5,excess,XLE,UUP,2024-26,-2.447816263467228,-0.621546297788283,,,,,,,,,,,,,,,,,,,,,,,
reg,,,1006.0,,,,night,C,5,excess,XLE,USO,2020-23,-0.21411755581407121,-0.041319822392605524,,,,,,,,,,,,,,,,,,,,,,,
reg,,,685.0,,,,night,C,5,excess,XLE,USO,2024-26,2.2934622627841392,0.5087393596692128,,,,,,,,,,,,,,,,,,,,,,,
reg,,,1006.0,,,,night,C,5,excess,XLE,GLD,2020-23,-4.769127312700813,-0.9837958437691653,,,,,,,,,,,,,,,,,,,,,,,
reg,,,685.0,,,,night,C,5,excess,XLE,GLD,2024-26,4.880062684371487,1.201720155674616,,,,,,,,,,,,,,,,,,,,,,,
reg,,,1006.0,,,,night,C,5,excess,XLE,HYG,2020-23,4.7239660600934466,0.9163243403790139,,,,,,,,,,,,,,,,,,,,,,,
reg,,,685.0,,,,night,C,5,excess,XLE,HYG,2024-26,-3.102121200521148,-0.6886202572357566,,,,,,,,,,,,,,,,,,,,,,,
reg,,,748.0,,,,night,C,5,excess,XLE,BTC,2020-23,-0.8319939713169154,-0.22605359506957612,,,,,,,,,,,,,,,,,,,,,,,
reg,,,685.0,,,,night,C,5,excess,XLE,BTC,2024-26,2.0007113155791623,0.6179973998333929,,,,,,,,,,,,,,,,,,,,,,,
reg,,,1006.0,,,,night,C,5,excess,XLE,VIX,2020-23,-3.746505288798016,-0.936943032764642,,,,,,,,,,,,,,,,,,,,,,,
reg,,,685.0,,,,night,C,5,excess,XLE,VIX,2024-26,-3.886908586616681,-1.0735363067945762,,,,,,,,,,,,,,,,,,,,,,,
reg,,,1006.0,,,,night,C,5,excess,XLE,SPY,2020-23,2.0164907402322942,0.423160125922553,,,,,,,,,,,,,,,,,,,,,,,
reg,,,685.0,,,,night,C,5,excess,XLE,SPY,2024-26,1.1173127084617278,0.27308907407729766,,,,,,,,,,,,,,,,,,,,,,,
reg,,,1006.0,,,,night,C,5,excess,XLV,TLT,2020-23,-0.5136802346805562,-0.3653717619033431,,,,,,,,,,,,,,,,,,,,,,,
reg,,,685.0,,,,night,C,5,excess,XLV,TLT,2024-26,0.9791812857101875,0.37013115474947145,,,,,,,,,,,,,,,,,,,,,,,
reg,,,1006.0,,,,night,C,5,excess,XLV,UUP,2020-23,-2.991497886975333,-1.8244247315711137,,,,,,,,,,,,,,,,,,,,,,,
reg,,,685.0,,,,night,C,5,excess,XLV,UUP,2024-26,1.3118221288312344,0.5315414182891471,,,,,,,,,,,,,,,,,,,,,,,
reg,,,1006.0,,,,night,C,5,excess,XLV,USO,2020-23,0.11109891565520613,0.06922047225259528,,,,,,,,,,,,,,,,,,,,,,,
reg,,,685.0,,,,night,C,5,excess,XLV,USO,2024-26,0.013553820069810705,0.005810424586024876,,,,,,,,,,,,,,,,,,,,,,,
reg,,,1006.0,,,,night,C,5,excess,XLV,GLD,2020-23,-0.3401486711052299,-0.2258410412928403,,,,,,,,,,,,,,,,,,,,,,,
reg,,,685.0,,,,night,C,5,excess,XLV,GLD,2024-26,-2.7927515289342675,-1.245109234325788,,,,,,,,,,,,,,,,,,,,,,,
reg,,,1006.0,,,,night,C,5,excess,XLV,HYG,2020-23,3.278429202934712,1.9138401297599046,,,,,,,,,,,,,,,,,,,,,,,
reg,,,685.0,,,,night,C,5,excess,XLV,HYG,2024-26,0.32538027019574456,0.13776058277764885,,,,,,,,,,,,,,,,,,,,,,,
reg,,,748.0,,,,night,C,5,excess,XLV,BTC,2020-23,2.472504671423769,2.1516162400540564,,,,,,,,,,,,,,,,,,,,,,,
reg,,,685.0,,,,night,C,5,excess,XLV,BTC,2024-26,-2.0118588734597576,-0.9550851219087404,,,,,,,,,,,,,,,,,,,,,,,
reg,,,1006.0,,,,night,C,5,excess,XLV,VIX,2020-23,-0.6567164360474977,-0.43818814005127477,,,,,,,,,,,,,,,,,,,,,,,
reg,,,685.0,,,,night,C,5,excess,XLV,VIX,2024-26,-0.6357181249434132,-0.23204493487349404,,,,,,,,,,,,,,,,,,,,,,,
reg,,,1006.0,,,,night,C,5,excess,XLV,SPY,2020-23,2.6107788665025167,1.6102488991637596,,,,,,,,,,,,,,,,,,,,,,,
reg,,,685.0,,,,night,C,5,excess,XLV,SPY,2024-26,4.289835416346464,1.642708480804214,,,,,,,,,,,,,,,,,,,,,,,
reg,,,1006.0,,,,night,C,5,excess,XLI,TLT,2020-23,-0.3839892478638339,-0.27215207380235923,,,,,,,,,,,,,,,,,,,,,,,
reg,,,685.0,,,,night,C,5,excess,XLI,TLT,2024-26,0.17024024193559226,0.11126877796995097,,,,,,,,,,,,,,,,,,,,,,,
reg,,,1006.0,,,,night,C,5,excess,XLI,UUP,2020-23,0.11179332697770324,0.060436529620230606,,,,,,,,,,,,,,,,,,,,,,,
reg,,,685.0,,,,night,C,5,excess,XLI,UUP,2024-26,-0.35560560333353264,-0.276614924877442,,,,,,,,,,,,,,,,,,,,,,,
reg,,,1006.0,,,,night,C,5,excess,XLI,USO,2020-23,3.2059165831435665,1.700588634702055,,,,,,,,,,,,,,,,,,,,,,,
reg,,,685.0,,,,night,C,5,excess,XLI,USO,2024-26,0.6882477676004374,0.5849725735788309,,,,,,,,,,,,,,,,,,,,,,,
reg,,,1006.0,,,,night,C,5,excess,XLI,GLD,2020-23,1.8310929404428609,1.2273174927220252,,,,,,,,,,,,,,,,,,,,,,,
reg,,,685.0,,,,night,C,5,excess,XLI,GLD,2024-26,0.6625383035859844,0.5960299359210101,,,,,,,,,,,,,,,,,,,,,,,
reg,,,1006.0,,,,night,C,5,excess,XLI,HYG,2020-23,1.414459993853249,0.616397237426363,,,,,,,,,,,,,,,,,,,,,,,
reg,,,685.0,,,,night,C,5,excess,XLI,HYG,2024-26,0.3663110587739762,0.3580768180719594,,,,,,,,,,,,,,,,,,,,,,,
reg,,,748.0,,,,night,C,5,excess,XLI,BTC,2020-23,1.4578487349435734,1.4710034762346416,,,,,,,,,,,,,,,,,,,,,,,
reg,,,685.0,,,,night,C,5,excess,XLI,BTC,2024-26,0.39237218366276405,0.35617069672699503,,,,,,,,,,,,,,,,,,,,,,,
reg,,,1006.0,,,,night,C,5,excess,XLI,VIX,2020-23,-2.1864678035580063,-1.508151169984277,,,,,,,,,,,,,,,,,,,,,,,
reg,,,685.0,,,,night,C,5,excess,XLI,VIX,2024-26,-0.9131732875375612,-0.8230461806548574,,,,,,,,,,,,,,,,,,,,,,,
reg,,,1006.0,,,,night,C,5,excess,XLI,SPY,2020-23,2.408265393230067,1.2740233413847655,,,,,,,,,,,,,,,,,,,,,,,
reg,,,685.0,,,,night,C,5,excess,XLI,SPY,2024-26,0.659309323376666,0.5669097949080419,,,,,,,,,,,,,,,,,,,,,,,
reg,,,1006.0,,,,night,C,5,excess,XLY,TLT,2020-23,0.7496846663694775,0.557854810875379,,,,,,,,,,,,,,,,,,,,,,,
reg,,,685.0,,,,night,C,5,excess,XLY,TLT,2024-26,-5.873244895607165,-2.881589748437111,,,,,,,,,,,,,,,,,,,,,,,
reg,,,1006.0,,,,night,C,5,excess,XLY,UUP,2020-23,0.6273277890420603,0.4434884866531948,,,,,,,,,,,,,,,,,,,,,,,
reg,,,685.0,,,,night,C,5,excess,XLY,UUP,2024-26,-1.672617499272972,-0.8966215070226115,,,,,,,,,,,,,,,,,,,,,,,
reg,,,1006.0,,,,night,C,5,excess,XLY,USO,2020-23,2.0192558095424276,1.3625028153996692,,,,,,,,,,,,,,,,,,,,,,,
reg,,,685.0,,,,night,C,5,excess,XLY,USO,2024-26,0.21329749070543247,0.1237067976009278,,,,,,,,,,,,,,,,,,,,,,,
reg,,,1006.0,,,,night,C,5,excess,XLY,GLD,2020-23,1.3632248954732777,1.1791490115786216,,,,,,,,,,,,,,,,,,,,,,,
reg,,,685.0,,,,night,C,5,excess,XLY,GLD,2024-26,1.4074000180091797,0.6775362812462089,,,,,,,,,,,,,,,,,,,,,,,
reg,,,1006.0,,,,night,C,5,excess,XLY,HYG,2020-23,0.6271996513008149,0.4068690076351995,,,,,,,,,,,,,,,,,,,,,,,
reg,,,685.0,,,,night,C,5,excess,XLY,HYG,2024-26,-0.9815464694536911,-0.5443108712463367,,,,,,,,,,,,,,,,,,,,,,,
reg,,,748.0,,,,night,C,5,excess,XLY,BTC,2020-23,0.0609047915411791,0.0434899027440432,,,,,,,,,,,,,,,,,,,,,,,
reg,,,685.0,,,,night,C,5,excess,XLY,BTC,2024-26,1.9498005804892715,0.9831330940427604,,,,,,,,,,,,,,,,,,,,,,,
reg,,,1006.0,,,,night,C,5,excess,XLY,VIX,2020-23,-0.4864773135091324,-0.3623052171625739,,,,,,,,,,,,,,,,,,,,,,,
reg,,,685.0,,,,night,C,5,excess,XLY,VIX,2024-26,-1.2795459741232724,-0.699863246506947,,,,,,,,,,,,,,,,,,,,,,,
reg,,,1006.0,,,,night,C,5,excess,XLY,SPY,2020-23,2.244239969494888,1.5760560317551926,,,,,,,,,,,,,,,,,,,,,,,
reg,,,685.0,,,,night,C,5,excess,XLY,SPY,2024-26,-0.08777573065917017,-0.04685399653526042,,,,,,,,,,,,,,,,,,,,,,,
reg,,,1006.0,,,,night,C,5,excess,XLP,TLT,2020-23,-3.0377642932194697,-1.9315793020961638,,,,,,,,,,,,,,,,,,,,,,,
reg,,,685.0,,,,night,C,5,excess,XLP,TLT,2024-26,1.1360573619323149,0.3056173677333458,,,,,,,,,,,,,,,,,,,,,,,
reg,,,1006.0,,,,night,C,5,excess,XLP,UUP,2020-23,-2.568745008915494,-1.3900982556042374,,,,,,,,,,,,,,,,,,,,,,,
reg,,,685.0,,,,night,C,5,excess,XLP,UUP,2024-26,0.2698439312488919,0.09803690787500884,,,,,,,,,,,,,,,,,,,,,,,
reg,,,1006.0,,,,night,C,5,excess,XLP,USO,2020-23,0.5371144354879338,0.24868256684870566,,,,,,,,,,,,,,,,,,,,,,,
reg,,,685.0,,,,night,C,5,excess,XLP,USO,2024-26,-0.6870701696247441,-0.25981431770493235,,,,,,,,,,,,,,,,,,,,,,,
reg,,,1006.0,,,,night,C,5,excess,XLP,GLD,2020-23,-0.13230635433569726,-0.07838717851686149,,,,,,,,,,,,,,,,,,,,,,,
reg,,,685.0,,,,night,C,5,excess,XLP,GLD,2024-26,1.4452047555801386,0.5697142482445918,,,,,,,,,,,,,,,,,,,,,,,
reg,,,1006.0,,,,night,C,5,excess,XLP,HYG,2020-23,1.5705494414855634,0.8100516719228981,,,,,,,,,,,,,,,,,,,,,,,
reg,,,685.0,,,,night,C,5,excess,XLP,HYG,2024-26,-1.247662523293533,-0.43263662933159625,,,,,,,,,,,,,,,,,,,,,,,
reg,,,748.0,,,,night,C,5,excess,XLP,BTC,2020-23,1.7226627443971598,1.1094625634328834,,,,,,,,,,,,,,,,,,,,,,,
reg,,,685.0,,,,night,C,5,excess,XLP,BTC,2024-26,1.1916971132980456,0.48775451604757153,,,,,,,,,,,,,,,,,,,,,,,
reg,,,1006.0,,,,night,C,5,excess,XLP,VIX,2020-23,-0.47052794596713715,-0.26997071879369416,,,,,,,,,,,,,,,,,,,,,,,
reg,,,685.0,,,,night,C,5,excess,XLP,VIX,2024-26,-2.0232095298901513,-0.5706786923237648,,,,,,,,,,,,,,,,,,,,,,,
reg,,,1006.0,,,,night,C,5,excess,XLP,SPY,2020-23,0.562867656313758,0.2964777784649615,,,,,,,,,,,,,,,,,,,,,,,
reg,,,685.0,,,,night,C,5,excess,XLP,SPY,2024-26,4.48625626665137,1.4010046768704827,,,,,,,,,,,,,,,,,,,,,,,
reg,,,1006.0,,,,night,C,5,excess,XLU,TLT,2020-23,-3.088664071988526,-1.8851832883091424,,,,,,,,,,,,,,,,,,,,,,,
reg,,,685.0,,,,night,C,5,excess,XLU,TLT,2024-26,1.6318994040260664,0.39617971061189816,,,,,,,,,,,,,,,,,,,,,,,
reg,,,1006.0,,,,night,C,5,excess,XLU,UUP,2020-23,-0.3038954938324557,-0.16369740893092338,,,,,,,,,,,,,,,,,,,,,,,
reg,,,685.0,,,,night,C,5,excess,XLU,UUP,2024-26,-0.34906480828015024,-0.1313978841764965,,,,,,,,,,,,,,,,,,,,,,,
reg,,,1006.0,,,,night,C,5,excess,XLU,USO,2020-23,1.919410819106139,1.1066087807779168,,,,,,,,,,,,,,,,,,,,,,,
reg,,,685.0,,,,night,C,5,excess,XLU,USO,2024-26,0.548089673680062,0.23040980535091535,,,,,,,,,,,,,,,,,,,,,,,
reg,,,1006.0,,,,night,C,5,excess,XLU,GLD,2020-23,-0.44490759006669867,-0.2530208463236698,,,,,,,,,,,,,,,,,,,,,,,
reg,,,685.0,,,,night,C,5,excess,XLU,GLD,2024-26,0.03677752917915165,0.017167834671466903,,,,,,,,,,,,,,,,,,,,,,,
reg,,,1006.0,,,,night,C,5,excess,XLU,HYG,2020-23,-1.1324433743771511,-0.5650842839794887,,,,,,,,,,,,,,,,,,,,,,,
reg,,,685.0,,,,night,C,5,excess,XLU,HYG,2024-26,-2.358863188008911,-0.9344473139886074,,,,,,,,,,,,,,,,,,,,,,,
reg,,,748.0,,,,night,C,5,excess,XLU,BTC,2020-23,0.8863728399581816,0.5195334446845137,,,,,,,,,,,,,,,,,,,,,,,
reg,,,685.0,,,,night,C,5,excess,XLU,BTC,2024-26,-1.619258623008621,-0.7185248794830997,,,,,,,,,,,,,,,,,,,,,,,
reg,,,1006.0,,,,night,C,5,excess,XLU,VIX,2020-23,0.4221250697987613,0.24425147259710886,,,,,,,,,,,,,,,,,,,,,,,
reg,,,685.0,,,,night,C,5,excess,XLU,VIX,2024-26,0.39766696197060447,0.13980261331182695,,,,,,,,,,,,,,,,,,,,,,,
reg,,,1006.0,,,,night,C,5,excess,XLU,SPY,2020-23,-0.8399928368027837,-0.44233179863987465,,,,,,,,,,,,,,,,,,,,,,,
reg,,,685.0,,,,night,C,5,excess,XLU,SPY,2024-26,-1.325466133414183,-0.43542917342447346,,,,,,,,,,,,,,,,,,,,,,,
reg,,,1006.0,,,,night,C,5,excess,XLB,TLT,2020-23,3.5793685702186364,1.0566128355346764,,,,,,,,,,,,,,,,,,,,,,,
reg,,,685.0,,,,night,C,5,excess,XLB,TLT,2024-26,-1.0115320979544977,-0.4641640404532663,,,,,,,,,,,,,,,,,,,,,,,
reg,,,1006.0,,,,night,C,5,excess,XLB,UUP,2020-23,-4.701719940023998,-1.4436990892716621,,,,,,,,,,,,,,,,,,,,,,,
reg,,,685.0,,,,night,C,5,excess,XLB,UUP,2024-26,-2.97438845200267,-1.5702950792810897,,,,,,,,,,,,,,,,,,,,,,,
reg,,,1006.0,,,,night,C,5,excess,XLB,USO,2020-23,5.821094150602623,1.5871748966671488,,,,,,,,,,,,,,,,,,,,,,,
reg,,,685.0,,,,night,C,5,excess,XLB,USO,2024-26,1.0277206716278426,0.5234543374095242,,,,,,,,,,,,,,,,,,,,,,,
reg,,,1006.0,,,,night,C,5,excess,XLB,GLD,2020-23,4.608151193526254,1.0181390589699837,,,,,,,,,,,,,,,,,,,,,,,
reg,,,685.0,,,,night,C,5,excess,XLB,GLD,2024-26,0.6478791638457345,0.3535189967614141,,,,,,,,,,,,,,,,,,,,,,,
reg,,,1006.0,,,,night,C,5,excess,XLB,HYG,2020-23,6.670697542757858,1.5384150302734714,,,,,,,,,,,,,,,,,,,,,,,
reg,,,685.0,,,,night,C,5,excess,XLB,HYG,2024-26,-1.1278406554375453,-0.6218038588139619,,,,,,,,,,,,,,,,,,,,,,,
reg,,,748.0,,,,night,C,5,excess,XLB,BTC,2020-23,2.3870441929095154,1.832086365306528,,,,,,,,,,,,,,,,,,,,,,,
reg,,,685.0,,,,night,C,5,excess,XLB,BTC,2024-26,0.0013824959526303375,0.0008021987955687455,,,,,,,,,,,,,,,,,,,,,,,
reg,,,1006.0,,,,night,C,5,excess,XLB,VIX,2020-23,-4.373001893190951,-1.010936948525359,,,,,,,,,,,,,,,,,,,,,,,
reg,,,685.0,,,,night,C,5,excess,XLB,VIX,2024-26,1.4507798884523195,0.7419847431010207,,,,,,,,,,,,,,,,,,,,,,,
reg,,,1006.0,,,,night,C,5,excess,XLB,SPY,2020-23,6.487613579172891,1.4784995445483236,,,,,,,,,,,,,,,,,,,,,,,
reg,,,685.0,,,,night,C,5,excess,XLB,SPY,2024-26,-0.6465443696858819,-0.33657840239254105,,,,,,,,,,,,,,,,,,,,,,,
reg,,,1006.0,,,,night,C,5,excess,XLRE,TLT,2020-23,0.028590512752309755,0.02122643960728703,,,,,,,,,,,,,,,,,,,,,,,
reg,,,685.0,,,,night,C,5,excess,XLRE,TLT,2024-26,-0.2911628442090236,-0.09260558620593433,,,,,,,,,,,,,,,,,,,,,,,
reg,,,1006.0,,,,night,C,5,excess,XLRE,UUP,2020-23,-1.3340075384470433,-0.8515812046061071,,,,,,,,,,,,,,,,,,,,,,,
reg,,,685.0,,,,night,C,5,excess,XLRE,UUP,2024-26,-0.40268331268042945,-0.157395504039239,,,,,,,,,,,,,,,,,,,,,,,
reg,,,1006.0,,,,night,C,5,excess,XLRE,USO,2020-23,3.3054123027932425,2.516847268060078,,,,,,,,,,,,,,,,,,,,,,,
reg,,,685.0,,,,night,C,5,excess,XLRE,USO,2024-26,1.0290830157456392,0.48883574786111333,,,,,,,,,,,,,,,,,,,,,,,
reg,,,1006.0,,,,night,C,5,excess,XLRE,GLD,2020-23,0.9360235452847444,0.7149840257212259,,,,,,,,,,,,,,,,,,,,,,,
reg,,,685.0,,,,night,C,5,excess,XLRE,GLD,2024-26,2.0895648319853892,1.0185543497712914,,,,,,,,,,,,,,,,,,,,,,,
reg,,,1006.0,,,,night,C,5,excess,XLRE,HYG,2020-23,0.5534569226391386,0.3407290253128211,,,,,,,,,,,,,,,,,,,,,,,
reg,,,685.0,,,,night,C,5,excess,XLRE,HYG,2024-26,-2.0232326911999023,-0.7998936408530978,,,,,,,,,,,,,,,,,,,,,,,
reg,,,748.0,,,,night,C,5,excess,XLRE,BTC,2020-23,0.8831892386691914,0.8305093467959046,,,,,,,,,,,,,,,,,,,,,,,
reg,,,685.0,,,,night,C,5,excess,XLRE,BTC,2024-26,-2.8482573968743385,-1.329293508837732,,,,,,,,,,,,,,,,,,,,,,,
reg,,,1006.0,,,,night,C,5,excess,XLRE,VIX,2020-23,-1.4390040492342786,-1.1794373954076236,,,,,,,,,,,,,,,,,,,,,,,
reg,,,685.0,,,,night,C,5,excess,XLRE,VIX,2024-26,-0.8217681938374592,-0.31720513649555404,,,,,,,,,,,,,,,,,,,,,,,
reg,,,1006.0,,,,night,C,5,excess,XLRE,SPY,2020-23,1.0635782267357512,0.785304746079424,,,,,,,,,,,,,,,,,,,,,,,
reg,,,685.0,,,,night,C,5,excess,XLRE,SPY,2024-26,0.801881628882799,0.29392036663103155,,,,,,,,,,,,,,,,,,,,,,,
reg,,,1006.0,,,,night,C,5,excess,XLC,TLT,2020-23,0.7945680330114745,0.41715803092044873,,,,,,,,,,,,,,,,,,,,,,,
reg,,,685.0,,,,night,C,5,excess,XLC,TLT,2024-26,0.15946904892969024,0.08563395636742209,,,,,,,,,,,,,,,,,,,,,,,
reg,,,1006.0,,,,night,C,5,excess,XLC,UUP,2020-23,1.2864445536583209,0.5583646812876936,,,,,,,,,,,,,,,,,,,,,,,
reg,,,685.0,,,,night,C,5,excess,XLC,UUP,2024-26,-0.7026434154034409,-0.430585605196764,,,,,,,,,,,,,,,,,,,,,,,
reg,,,1006.0,,,,night,C,5,excess,XLC,USO,2020-23,-0.5820437181052388,-0.2934322533741723,,,,,,,,,,,,,,,,,,,,,,,
reg,,,685.0,,,,night,C,5,excess,XLC,USO,2024-26,0.5292757897713198,0.3279413178119543,,,,,,,,,,,,,,,,,,,,,,,
reg,,,1006.0,,,,night,C,5,excess,XLC,GLD,2020-23,0.5959384361756577,0.26097728004141973,,,,,,,,,,,,,,,,,,,,,,,
reg,,,685.0,,,,night,C,5,excess,XLC,GLD,2024-26,4.502167074128646,2.5090151881133274,,,,,,,,,,,,,,,,,,,,,,,
reg,,,1006.0,,,,night,C,5,excess,XLC,HYG,2020-23,-0.04189139718592678,-0.018348281278537982,,,,,,,,,,,,,,,,,,,,,,,
reg,,,685.0,,,,night,C,5,excess,XLC,HYG,2024-26,-0.5955607136255304,-0.37346483756342097,,,,,,,,,,,,,,,,,,,,,,,
reg,,,748.0,,,,night,C,5,excess,XLC,BTC,2020-23,-1.7099844251587006,-1.1954270460258787,,,,,,,,,,,,,,,,,,,,,,,
reg,,,685.0,,,,night,C,5,excess,XLC,BTC,2024-26,1.485347158752536,0.9789442694341461,,,,,,,,,,,,,,,,,,,,,,,
reg,,,1006.0,,,,night,C,5,excess,XLC,VIX,2020-23,1.2093583496438012,0.48435576273348785,,,,,,,,,,,,,,,,,,,,,,,
reg,,,685.0,,,,night,C,5,excess,XLC,VIX,2024-26,1.817894517141466,0.9830946852664038,,,,,,,,,,,,,,,,,,,,,,,
reg,,,1006.0,,,,night,C,5,excess,XLC,SPY,2020-23,-0.7443004413722071,-0.28903133570232953,,,,,,,,,,,,,,,,,,,,,,,
reg,,,685.0,,,,night,C,5,excess,XLC,SPY,2024-26,1.711510588064794,1.0820504081362539,,,,,,,,,,,,,,,,,,,,,,,
reg,,,1006.0,,,,night,C,5,excess,SMH,TLT,2020-23,-0.4544334102957603,-0.20933707790943112,,,,,,,,,,,,,,,,,,,,,,,
reg,,,685.0,,,,night,C,5,excess,SMH,TLT,2024-26,0.7487615018504167,0.16730488727694678,,,,,,,,,,,,,,,,,,,,,,,
reg,,,1006.0,,,,night,C,5,excess,SMH,UUP,2020-23,2.425055572493348,0.8490216805072183,,,,,,,,,,,,,,,,,,,,,,,
reg,,,685.0,,,,night,C,5,excess,SMH,UUP,2024-26,-1.553690457873707,-0.36450357399673017,,,,,,,,,,,,,,,,,,,,,,,
reg,,,1006.0,,,,night,C,5,excess,SMH,USO,2020-23,-0.6401713911277165,-0.2740003690447125,,,,,,,,,,,,,,,,,,,,,,,
reg,,,685.0,,,,night,C,5,excess,SMH,USO,2024-26,-2.5116888059043516,-0.5665369249759313,,,,,,,,,,,,,,,,,,,,,,,
reg,,,1006.0,,,,night,C,5,excess,SMH,GLD,2020-23,-1.2342194910228215,-0.5299574686421752,,,,,,,,,,,,,,,,,,,,,,,
reg,,,685.0,,,,night,C,5,excess,SMH,GLD,2024-26,-2.4269701758861246,-0.5597737308342161,,,,,,,,,,,,,,,,,,,,,,,
reg,,,1006.0,,,,night,C,5,excess,SMH,HYG,2020-23,-0.606051185753452,-0.18630904851125543,,,,,,,,,,,,,,,,,,,,,,,
reg,,,685.0,,,,night,C,5,excess,SMH,HYG,2024-26,-0.3610895799318666,-0.08379976710432795,,,,,,,,,,,,,,,,,,,,,,,
reg,,,748.0,,,,night,C,5,excess,SMH,BTC,2020-23,-2.2237118079728533,-1.0162963356002126,,,,,,,,,,,,,,,,,,,,,,,
reg,,,685.0,,,,night,C,5,excess,SMH,BTC,2024-26,-1.5995702897761486,-0.3725630279399986,,,,,,,,,,,,,,,,,,,,,,,
reg,,,1006.0,,,,night,C,5,excess,SMH,VIX,2020-23,-0.5005144618552421,-0.24602840329655407,,,,,,,,,,,,,,,,,,,,,,,
reg,,,685.0,,,,night,C,5,excess,SMH,VIX,2024-26,8.654506387754237,2.105884117014973,,,,,,,,,,,,,,,,,,,,,,,
reg,,,1006.0,,,,night,C,5,excess,SMH,SPY,2020-23,0.8451783398286841,0.3595569961116793,,,,,,,,,,,,,,,,,,,,,,,
reg,,,685.0,,,,night,C,5,excess,SMH,SPY,2024-26,-10.344299172466394,-2.4010179965192315,,,,,,,,,,,,,,,,,,,,,,,
reg,,,1006.0,,,,night,C,5,excess,XBI,TLT,2020-23,0.4573694888959856,0.2920636327147344,,,,,,,,,,,,,,,,,,,,,,,
reg,,,685.0,,,,night,C,5,excess,XBI,TLT,2024-26,-2.4675507056989985,-1.0759744484223361,,,,,,,,,,,,,,,,,,,,,,,
reg,,,1006.0,,,,night,C,5,excess,XBI,UUP,2020-23,-2.4199873284165823,-1.3333824985622431,,,,,,,,,,,,,,,,,,,,,,,
reg,,,685.0,,,,night,C,5,excess,XBI,UUP,2024-26,2.841100814538379,1.301293465408362,,,,,,,,,,,,,,,,,,,,,,,
reg,,,1006.0,,,,night,C,5,excess,XBI,USO,2020-23,-1.3951659603477824,-0.810659708578288,,,,,,,,,,,,,,,,,,,,,,,
reg,,,685.0,,,,night,C,5,excess,XBI,USO,2024-26,1.9706434156480028,0.7366362986134365,,,,,,,,,,,,,,,,,,,,,,,
reg,,,1006.0,,,,night,C,5,excess,XBI,GLD,2020-23,1.0556941696714124,0.7048086881437634,,,,,,,,,,,,,,,,,,,,,,,
reg,,,685.0,,,,night,C,5,excess,XBI,GLD,2024-26,-1.0240888576148697,-0.4932509821852362,,,,,,,,,,,,,,,,,,,,,,,
reg,,,1006.0,,,,night,C,5,excess,XBI,HYG,2020-23,0.9353954252899795,0.49726858665170826,,,,,,,,,,,,,,,,,,,,,,,
reg,,,685.0,,,,night,C,5,excess,XBI,HYG,2024-26,3.845345359445542,1.4767917653486002,,,,,,,,,,,,,,,,,,,,,,,
reg,,,748.0,,,,night,C,5,excess,XBI,BTC,2020-23,0.8313832399977773,0.49066378529134497,,,,,,,,,,,,,,,,,,,,,,,
reg,,,685.0,,,,night,C,5,excess,XBI,BTC,2024-26,-0.5195950075166289,-0.20262749391360108,,,,,,,,,,,,,,,,,,,,,,,
reg,,,1006.0,,,,night,C,5,excess,XBI,VIX,2020-23,-0.9011642198680434,-0.5193872908176671,,,,,,,,,,,,,,,,,,,,,,,
reg,,,685.0,,,,night,C,5,excess,XBI,VIX,2024-26,-3.0246907347035807,-1.3889427724927053,,,,,,,,,,,,,,,,,,,,,,,
reg,,,1006.0,,,,night,C,5,excess,XBI,SPY,2020-23,2.5079109404221627,1.3619638756343833,,,,,,,,,,,,,,,,,,,,,,,
reg,,,685.0,,,,night,C,5,excess,XBI,SPY,2024-26,7.245095899246602,3.2145905074158834,,,,,,,,,,,,,,,,,,,,,,,
reg,,,1006.0,,,,night,C,5,excess,KRE,TLT,2020-23,-0.928372016064448,-0.28223160590173163,,,,,,,,,,,,,,,,,,,,,,,
reg,,,685.0,,,,night,C,5,excess,KRE,TLT,2024-26,-3.2786585139525375,-1.165098896117276,,,,,,,,,,,,,,,,,,,,,,,
reg,,,1006.0,,,,night,C,5,excess,KRE,UUP,2020-23,-3.287788911437268,-0.9272408404096653,,,,,,,,,,,,,,,,,,,,,,,
reg,,,685.0,,,,night,C,5,excess,KRE,UUP,2024-26,-0.4218823025893041,-0.18029952215879122,,,,,,,,,,,,,,,,,,,,,,,
reg,,,1006.0,,,,night,C,5,excess,KRE,USO,2020-23,6.1222255080463395,1.473077038300465,,,,,,,,,,,,,,,,,,,,,,,
reg,,,685.0,,,,night,C,5,excess,KRE,USO,2024-26,1.6520341301739112,0.6439044367081187,,,,,,,,,,,,,,,,,,,,,,,
reg,,,1006.0,,,,night,C,5,excess,KRE,GLD,2020-23,4.118120389132859,1.2019404449378066,,,,,,,,,,,,,,,,,,,,,,,
reg,,,685.0,,,,night,C,5,excess,KRE,GLD,2024-26,0.9980975638178361,0.5294264156563748,,,,,,,,,,,,,,,,,,,,,,,
reg,,,1006.0,,,,night,C,5,excess,KRE,HYG,2020-23,3.6367154197148563,0.9387097157111366,,,,,,,,,,,,,,,,,,,,,,,
reg,,,685.0,,,,night,C,5,excess,KRE,HYG,2024-26,-0.34075399764954967,-0.13137143996265058,,,,,,,,,,,,,,,,,,,,,,,
reg,,,748.0,,,,night,C,5,excess,KRE,BTC,2020-23,6.783900284861265,1.6197064265170535,,,,,,,,,,,,,,,,,,,,,,,
reg,,,685.0,,,,night,C,5,excess,KRE,BTC,2024-26,-4.293622025857704,-1.7182270625141034,,,,,,,,,,,,,,,,,,,,,,,
reg,,,1006.0,,,,night,C,5,excess,KRE,VIX,2020-23,-6.79699546501342,-2.142233850196113,,,,,,,,,,,,,,,,,,,,,,,
reg,,,685.0,,,,night,C,5,excess,KRE,VIX,2024-26,-4.111554409989133,-1.909043355453844,,,,,,,,,,,,,,,,,,,,,,,
reg,,,1006.0,,,,night,C,5,excess,KRE,SPY,2020-23,6.726846009207138,1.8511562953061385,,,,,,,,,,,,,,,,,,,,,,,
reg,,,685.0,,,,night,C,5,excess,KRE,SPY,2024-26,2.656058822398101,1.1501116068720816,,,,,,,,,,,,,,,,,,,,,,,
reg,,,1006.0,,,,day1,C,1,raw,XLK,TLT,2020-23,6.669378483878951,1.2686514669410462,,,,,,,,,,,,,,,,,,,,,,,
reg,,,685.0,,,,day1,C,1,raw,XLK,TLT,2024-26,0.37994017415882986,0.0633507412172863,,,,,,,,,,,,,,,,,,,,,,,
reg,,,1006.0,,,,day1,C,1,raw,XLK,UUP,2020-23,-8.012112522238917,-1.639540424086716,,,,,,,,,,,,,,,,,,,,,,,
reg,,,685.0,,,,day1,C,1,raw,XLK,UUP,2024-26,-3.455203467631988,-0.5660436642853244,,,,,,,,,,,,,,,,,,,,,,,
reg,,,1006.0,,,,day1,C,1,raw,XLK,USO,2020-23,-10.629075245603426,-1.6699383679585438,,,,,,,,,,,,,,,,,,,,,,,
reg,,,685.0,,,,day1,C,1,raw,XLK,USO,2024-26,3.2990008563138327,0.5083783934967309,,,,,,,,,,,,,,,,,,,,,,,
reg,,,1006.0,,,,day1,C,1,raw,XLK,GLD,2020-23,-0.44687216147463055,-0.08777223544876776,,,,,,,,,,,,,,,,,,,,,,,
reg,,,685.0,,,,day1,C,1,raw,XLK,GLD,2024-26,-0.7060227445878685,-0.16832936375378352,,,,,,,,,,,,,,,,,,,,,,,
reg,,,1006.0,,,,day1,C,1,raw,XLK,HYG,2020-23,-9.935220465148388,-1.6288927592974107,,,,,,,,,,,,,,,,,,,,,,,
reg,,,685.0,,,,day1,C,1,raw,XLK,HYG,2024-26,-9.648064142697779,-1.3277200429881444,,,,,,,,,,,,,,,,,,,,,,,
reg,,,752.0,,,,day1,C,1,raw,XLK,BTC,2020-23,-5.01896961487067,-1.1677071239147205,,,,,,,,,,,,,,,,,,,,,,,
reg,,,685.0,,,,day1,C,1,raw,XLK,BTC,2024-26,2.6271587822712346,0.518286342236136,,,,,,,,,,,,,,,,,,,,,,,
reg,,,1006.0,,,,day1,C,1,raw,XLK,VIX,2020-23,6.22259861681689,1.3674342553365495,,,,,,,,,,,,,,,,,,,,,,,
reg,,,685.0,,,,day1,C,1,raw,XLK,VIX,2024-26,-13.535286379440166,-2.0474647387083507,,,,,,,,,,,,,,,,,,,,,,,
reg,,,1006.0,,,,day1,C,1,raw,XLK,SPY,2020-23,-18.902891878426633,-3.298687237269555,,,,,,,,,,,,,,,,,,,,,,,
reg,,,685.0,,,,day1,C,1,raw,XLK,SPY,2024-26,-12.711175555550739,-1.5933389332560224,,,,,,,,,,,,,,,,,,,,,,,
reg,,,1006.0,,,,day1,C,1,raw,XLF,TLT,2020-23,5.720254830423772,1.1023718083374354,,,,,,,,,,,,,,,,,,,,,,,
reg,,,685.0,,,,day1,C,1,raw,XLF,TLT,2024-26,-0.8867349348414818,-0.22634616260124776,,,,,,,,,,,,,,,,,,,,,,,
reg,,,1006.0,,,,day1,C,1,raw,XLF,UUP,2020-23,-4.763362132550494,-1.069833386582993,,,,,,,,,,,,,,,,,,,,,,,
reg,,,685.0,,,,day1,C,1,raw,XLF,UUP,2024-26,-1.965391321442974,-0.39248527050997856,,,,,,,,,,,,,,,,,,,,,,,
reg,,,1006.0,,,,day1,C,1,raw,XLF,USO,2020-23,-8.279403732168769,-1.4720276101980403,,,,,,,,,,,,,,,,,,,,,,,
reg,,,685.0,,,,day1,C,1,raw,XLF,USO,2024-26,2.295715663552597,0.5025742742431376,,,,,,,,,,,,,,,,,,,,,,,
reg,,,1006.0,,,,day1,C,1,raw,XLF,GLD,2020-23,-1.9482603139479036,-0.3180969841178326,,,,,,,,,,,,,,,,,,,,,,,
reg,,,685.0,,,,day1,C,1,raw,XLF,GLD,2024-26,4.066035672411156,1.4382374983558843,,,,,,,,,,,,,,,,,,,,,,,
reg,,,1006.0,,,,day1,C,1,raw,XLF,HYG,2020-23,-6.094226103477085,-0.9434394717866624,,,,,,,,,,,,,,,,,,,,,,,
reg,,,685.0,,,,day1,C,1,raw,XLF,HYG,2024-26,-3.26345202449795,-0.5071496376142522,,,,,,,,,,,,,,,,,,,,,,,
reg,,,752.0,,,,day1,C,1,raw,XLF,BTC,2020-23,2.238707069104409,0.5707413122262923,,,,,,,,,,,,,,,,,,,,,,,
reg,,,685.0,,,,day1,C,1,raw,XLF,BTC,2024-26,2.957671591360268,0.8120369047236307,,,,,,,,,,,,,,,,,,,,,,,
reg,,,1006.0,,,,day1,C,1,raw,XLF,VIX,2020-23,4.723763817478616,0.8387215453383573,,,,,,,,,,,,,,,,,,,,,,,
reg,,,685.0,,,,day1,C,1,raw,XLF,VIX,2024-26,-3.5337800858661645,-0.8594259167635866,,,,,,,,,,,,,,,,,,,,,,,
reg,,,1006.0,,,,day1,C,1,raw,XLF,SPY,2020-23,-11.123309494038377,-1.7441713058869335,,,,,,,,,,,,,,,,,,,,,,,
reg,,,685.0,,,,day1,C,1,raw,XLF,SPY,2024-26,-6.653088367329258,-1.0172564781695153,,,,,,,,,,,,,,,,,,,,,,,
reg,,,1006.0,,,,day1,C,1,raw,XLE,TLT,2020-23,-0.11125765417599127,-0.015757391230454224,,,,,,,,,,,,,,,,,,,,,,,
reg,,,685.0,,,,day1,C,1,raw,XLE,TLT,2024-26,-5.914524476463229,-1.2476882775612057,,,,,,,,,,,,,,,,,,,,,,,
reg,,,1006.0,,,,day1,C,1,raw,XLE,UUP,2020-23,2.257212832518995,0.3900755759163004,,,,,,,,,,,,,,,,,,,,,,,
reg,,,685.0,,,,day1,C,1,raw,XLE,UUP,2024-26,3.3958352570091197,0.5609989994088829,,,,,,,,,,,,,,,,,,,,,,,
reg,,,1006.0,,,,day1,C,1,raw,XLE,USO,2020-23,-7.938932362183767,-1.128723579878668,,,,,,,,,,,,,,,,,,,,,,,
reg,,,685.0,,,,day1,C,1,raw,XLE,USO,2024-26,0.5938959479074647,0.09135710030678555,,,,,,,,,,,,,,,,,,,,,,,
reg,,,1006.0,,,,day1,C,1,raw,XLE,GLD,2020-23,-3.971980907738148,-0.5807427343375547,,,,,,,,,,,,,,,,,,,,,,,
reg,,,685.0,,,,day1,C,1,raw,XLE,GLD,2024-26,-6.117168235538049,-1.4199576492886452,,,,,,,,,,,,,,,,,,,,,,,
reg,,,1006.0,,,,day1,C,1,raw,XLE,HYG,2020-23,-10.307557413688743,-1.2556190292776386,,,,,,,,,,,,,,,,,,,,,,,
reg,,,685.0,,,,day1,C,1,raw,XLE,HYG,2024-26,-9.522221058023154,-1.049979184185881,,,,,,,,,,,,,,,,,,,,,,,
reg,,,752.0,,,,day1,C,1,raw,XLE,BTC,2020-23,0.6961425207417286,0.11355756851916127,,,,,,,,,,,,,,,,,,,,,,,
reg,,,685.0,,,,day1,C,1,raw,XLE,BTC,2024-26,-0.06218896935381864,-0.012383806015289838,,,,,,,,,,,,,,,,,,,,,,,
reg,,,1006.0,,,,day1,C,1,raw,XLE,VIX,2020-23,-7.2939938993042945,-0.9659210662857951,,,,,,,,,,,,,,,,,,,,,,,
reg,,,685.0,,,,day1,C,1,raw,XLE,VIX,2024-26,-8.809620547034891,-1.7082221045562234,,,,,,,,,,,,,,,,,,,,,,,
reg,,,1006.0,,,,day1,C,1,raw,XLE,SPY,2020-23,-10.375691028501695,-1.212344157941937,,,,,,,,,,,,,,,,,,,,,,,
reg,,,685.0,,,,day1,C,1,raw,XLE,SPY,2024-26,-12.832615464051596,-1.3663049924412898,,,,,,,,,,,,,,,,,,,,,,,
reg,,,1006.0,,,,day1,C,1,raw,XLV,TLT,2020-23,4.767193240746426,1.0221878975627052,,,,,,,,,,,,,,,,,,,,,,,
reg,,,685.0,,,,day1,C,1,raw,XLV,TLT,2024-26,4.807657254879641,1.3726528748018045,,,,,,,,,,,,,,,,,,,,,,,
reg,,,1006.0,,,,day1,C,1,raw,XLV,UUP,2020-23,-9.177558398429454,-2.1652066401125896,,,,,,,,,,,,,,,,,,,,,,,
reg,,,685.0,,,,day1,C,1,raw,XLV,UUP,2024-26,-3.541542085083889,-0.7982630300865391,,,,,,,,,,,,,,,,,,,,,,,
reg,,,1006.0,,,,day1,C,1,raw,XLV,USO,2020-23,-5.229326470423003,-1.278512750117797,,,,,,,,,,,,,,,,,,,,,,,
reg,,,685.0,,,,day1,C,1,raw,XLV,USO,2024-26,-0.14504976430108393,-0.03408567391901507,,,,,,,,,,,,,,,,,,,,,,,
reg,,,1006.0,,,,day1,C,1,raw,XLV,GLD,2020-23,1.2941875314747466,0.35032480721076237,,,,,,,,,,,,,,,,,,,,,,,
reg,,,685.0,,,,day1,C,1,raw,XLV,GLD,2024-26,6.877008997215631,2.099850671828031,,,,,,,,,,,,,,,,,,,,,,,
reg,,,1006.0,,,,day1,C,1,raw,XLV,HYG,2020-23,0.06585423373972382,0.010370632130214632,,,,,,,,,,,,,,,,,,,,,,,
reg,,,685.0,,,,day1,C,1,raw,XLV,HYG,2024-26,-2.9592435094645957,-0.5021888488412192,,,,,,,,,,,,,,,,,,,,,,,
reg,,,752.0,,,,day1,C,1,raw,XLV,BTC,2020-23,4.036978349985133,1.509778981862814,,,,,,,,,,,,,,,,,,,,,,,
reg,,,685.0,,,,day1,C,1,raw,XLV,BTC,2024-26,1.7255084630757174,0.4961162562680505,,,,,,,,,,,,,,,,,,,,,,,
reg,,,1006.0,,,,day1,C,1,raw,XLV,VIX,2020-23,2.708252321876569,0.7530142740110881,,,,,,,,,,,,,,,,,,,,,,,
reg,,,685.0,,,,day1,C,1,raw,XLV,VIX,2024-26,-4.412992196243787,-1.1389998559764432,,,,,,,,,,,,,,,,,,,,,,,
reg,,,1006.0,,,,day1,C,1,raw,XLV,SPY,2020-23,-6.50186924190654,-1.204154078489422,,,,,,,,,,,,,,,,,,,,,,,
reg,,,685.0,,,,day1,C,1,raw,XLV,SPY,2024-26,-7.737759550410352,-1.3226696913398461,,,,,,,,,,,,,,,,,,,,,,,
reg,,,1006.0,,,,day1,C,1,raw,XLI,TLT,2020-23,4.471177871914523,0.955668581948181,,,,,,,,,,,,,,,,,,,,,,,
reg,,,685.0,,,,day1,C,1,raw,XLI,TLT,2024-26,-0.1478115046043896,-0.037997340008825396,,,,,,,,,,,,,,,,,,,,,,,
reg,,,1006.0,,,,day1,C,1,raw,XLI,UUP,2020-23,-6.585623443418251,-1.456168709687335,,,,,,,,,,,,,,,,,,,,,,,
reg,,,685.0,,,,day1,C,1,raw,XLI,UUP,2024-26,-1.5174270940169021,-0.3170606749244006,,,,,,,,,,,,,,,,,,,,,,,
reg,,,1006.0,,,,day1,C,1,raw,XLI,USO,2020-23,-6.039678865796556,-1.2997418241793552,,,,,,,,,,,,,,,,,,,,,,,
reg,,,685.0,,,,day1,C,1,raw,XLI,USO,2024-26,0.43024201680696894,0.08675387357599794,,,,,,,,,,,,,,,,,,,,,,,
reg,,,1006.0,,,,day1,C,1,raw,XLI,GLD,2020-23,3.19303853284452,0.6409129443380964,,,,,,,,,,,,,,,,,,,,,,,
reg,,,685.0,,,,day1,C,1,raw,XLI,GLD,2024-26,2.597716130950846,0.6742477868715221,,,,,,,,,,,,,,,,,,,,,,,
reg,,,1006.0,,,,day1,C,1,raw,XLI,HYG,2020-23,-3.606002982325804,-0.6226768598574701,,,,,,,,,,,,,,,,,,,,,,,
reg,,,685.0,,,,day1,C,1,raw,XLI,HYG,2024-26,-3.4726206670552484,-0.5926191279137987,,,,,,,,,,,,,,,,,,,,,,,
reg,,,752.0,,,,day1,C,1,raw,XLI,BTC,2020-23,2.6628845812109687,0.7526207603009796,,,,,,,,,,,,,,,,,,,,,,,
reg,,,685.0,,,,day1,C,1,raw,XLI,BTC,2024-26,-0.02428537290148435,-0.0065042003289732765,,,,,,,,,,,,,,,,,,,,,,,
reg,,,1006.0,,,,day1,C,1,raw,XLI,VIX,2020-23,-1.6418626932281384,-0.359982946443408,,,,,,,,,,,,,,,,,,,,,,,
reg,,,685.0,,,,day1,C,1,raw,XLI,VIX,2024-26,-3.5243973984416375,-0.844245012545858,,,,,,,,,,,,,,,,,,,,,,,
reg,,,1006.0,,,,day1,C,1,raw,XLI,SPY,2020-23,-7.373870006126329,-1.3451733211573567,,,,,,,,,,,,,,,,,,,,,,,
reg,,,685.0,,,,day1,C,1,raw,XLI,SPY,2024-26,-6.089766085615542,-1.0016247565891818,,,,,,,,,,,,,,,,,,,,,,,
reg,,,1006.0,,,,day1,C,1,raw,XLY,TLT,2020-23,7.726917390937069,1.499386157085008,,,,,,,,,,,,,,,,,,,,,,,
reg,,,685.0,,,,day1,C,1,raw,XLY,TLT,2024-26,2.153209993574236,0.4306003096554231,,,,,,,,,,,,,,,,,,,,,,,
reg,,,1006.0,,,,day1,C,1,raw,XLY,UUP,2020-23,-4.4493801875890195,-0.9693160352926619,,,,,,,,,,,,,,,,,,,,,,,
reg,,,685.0,,,,day1,C,1,raw,XLY,UUP,2024-26,-3.6718904274931194,-0.824819222393179,,,,,,,,,,,,,,,,,,,,,,,
reg,,,1006.0,,,,day1,C,1,raw,XLY,USO,2020-23,-10.709979464071017,-1.7642942829255353,,,,,,,,,,,,,,,,,,,,,,,
reg,,,685.0,,,,day1,C,1,raw,XLY,USO,2024-26,-0.39428914655601277,-0.08066533497468817,,,,,,,,,,,,,,,,,,,,,,,
reg,,,1006.0,,,,day1,C,1,raw,XLY,GLD,2020-23,0.9661500830892507,0.23496852265113768,,,,,,,,,,,,,,,,,,,,,,,
reg,,,685.0,,,,day1,C,1,raw,XLY,GLD,2024-26,2.7303552498193047,0.7398004463016226,,,,,,,,,,,,,,,,,,,,,,,
reg,,,1006.0,,,,day1,C,1,raw,XLY,HYG,2020-23,-6.114182194450687,-1.1495949657490598,,,,,,,,,,,,,,,,,,,,,,,
reg,,,685.0,,,,day1,C,1,raw,XLY,HYG,2024-26,-6.61579734409942,-1.156845817384882,,,,,,,,,,,,,,,,,,,,,,,
reg,,,752.0,,,,day1,C,1,raw,XLY,BTC,2020-23,-0.4329170735269259,-0.09373987976323193,,,,,,,,,,,,,,,,,,,,,,,
reg,,,685.0,,,,day1,C,1,raw,XLY,BTC,2024-26,1.9610633958541088,0.4908713778027646,,,,,,,,,,,,,,,,,,,,,,,
reg,,,1006.0,,,,day1,C,1,raw,XLY,VIX,2020-23,0.7106127960896257,0.14941026966980184,,,,,,,,,,,,,,,,,,,,,,,
reg,,,685.0,,,,day1,C,1,raw,XLY,VIX,2024-26,-8.273750228223237,-1.6644111890996143,,,,,,,,,,,,,,,,,,,,,,,
reg,,,1006.0,,,,day1,C,1,raw,XLY,SPY,2020-23,-12.523791609706059,-2.325111667744543,,,,,,,,,,,,,,,,,,,,,,,
reg,,,685.0,,,,day1,C,1,raw,XLY,SPY,2024-26,-12.995626131626697,-2.17388604223449,,,,,,,,,,,,,,,,,,,,,,,
reg,,,1006.0,,,,day1,C,1,raw,XLP,TLT,2020-23,8.89924904731496,1.8140211895796807,,,,,,,,,,,,,,,,,,,,,,,
reg,,,685.0,,,,day1,C,1,raw,XLP,TLT,2024-26,2.8632832383602653,0.9648730894819398,,,,,,,,,,,,,,,,,,,,,,,
reg,,,1006.0,,,,day1,C,1,raw,XLP,UUP,2020-23,-6.011257755080397,-1.0687744371549204,,,,,,,,,,,,,,,,,,,,,,,
reg,,,685.0,,,,day1,C,1,raw,XLP,UUP,2024-26,-3.214958519780854,-0.8475708401526876,,,,,,,,,,,,,,,,,,,,,,,
reg,,,1006.0,,,,day1,C,1,raw,XLP,USO,2020-23,-5.640469389547628,-1.2447577589149446,,,,,,,,,,,,,,,,,,,,,,,
reg,,,685.0,,,,day1,C,1,raw,XLP,USO,2024-26,0.0019980072663886264,0.0005765503543089814,,,,,,,,,,,,,,,,,,,,,,,
reg,,,1006.0,,,,day1,C,1,raw,XLP,GLD,2020-23,-2.6272538314990763,-0.6097941920776205,,,,,,,,,,,,,,,,,,,,,,,
reg,,,685.0,,,,day1,C,1,raw,XLP,GLD,2024-26,5.142363256995905,1.5516032511194808,,,,,,,,,,,,,,,,,,,,,,,
reg,,,1006.0,,,,day1,C,1,raw,XLP,HYG,2020-23,-0.9045432398518617,-0.13499093946692073,,,,,,,,,,,,,,,,,,,,,,,
reg,,,685.0,,,,day1,C,1,raw,XLP,HYG,2024-26,1.9813005051173957,0.49941243801171303,,,,,,,,,,,,,,,,,,,,,,,
reg,,,752.0,,,,day1,C,1,raw,XLP,BTC,2020-23,2.5341893588036095,0.9687792845364894,,,,,,,,,,,,,,,,,,,,,,,
reg,,,685.0,,,,day1,C,1,raw,XLP,BTC,2024-26,-0.514850406065698,-0.1664051462476912,,,,,,,,,,,,,,,,,,,,,,,
reg,,,1006.0,,,,day1,C,1,raw,XLP,VIX,2020-23,0.14018381608595518,0.035183582256957155,,,,,,,,,,,,,,,,,,,,,,,
reg,,,685.0,,,,day1,C,1,raw,XLP,VIX,2024-26,-4.089523316119972,-1.3641937518575074,,,,,,,,,,,,,,,,,,,,,,,
reg,,,1006.0,,,,day1,C,1,raw,XLP,SPY,2020-23,-7.198463645289071,-1.4150695265071729,,,,,,,,,,,,,,,,,,,,,,,
reg,,,685.0,,,,day1,C,1,raw,XLP,SPY,2024-26,-1.607945415136698,-0.39856614729746725,,,,,,,,,,,,,,,,,,,,,,,
reg,,,1006.0,,,,day1,C,1,raw,XLU,TLT,2020-23,11.572542247199921,1.702135865756592,,,,,,,,,,,,,,,,,,,,,,,
reg,,,685.0,,,,day1,C,1,raw,XLU,TLT,2024-26,-1.098954506334227,-0.278132290322471,,,,,,,,,,,,,,,,,,,,,,,
reg,,,1006.0,,,,day1,C,1,raw,XLU,UUP,2020-23,-15.706954790427945,-1.7229606503627928,,,,,,,,,,,,,,,,,,,,,,,
reg,,,685.0,,,,day1,C,1,raw,XLU,UUP,2024-26,2.061934013368277,0.39151821043171203,,,,,,,,,,,,,,,,,,,,,,,
reg,,,1006.0,,,,day1,C,1,raw,XLU,USO,2020-23,-7.973276305875947,-1.449104561812732,,,,,,,,,,,,,,,,,,,,,,,
reg,,,685.0,,,,day1,C,1,raw,XLU,USO,2024-26,6.850380311664647,1.4514281210339224,,,,,,,,,,,,,,,,,,,,,,,
reg,,,1006.0,,,,day1,C,1,raw,XLU,GLD,2020-23,5.7818577339478905,1.002474254288803,,,,,,,,,,,,,,,,,,,,,,,
reg,,,685.0,,,,day1,C,1,raw,XLU,GLD,2024-26,6.829538601403093,1.7257750277368071,,,,,,,,,,,,,,,,,,,,,,,
reg,,,1006.0,,,,day1,C,1,raw,XLU,HYG,2020-23,1.5820321788863811,0.14511402618927424,,,,,,,,,,,,,,,,,,,,,,,
reg,,,685.0,,,,day1,C,1,raw,XLU,HYG,2024-26,4.221381465927158,0.7492103380492471,,,,,,,,,,,,,,,,,,,,,,,
reg,,,752.0,,,,day1,C,1,raw,XLU,BTC,2020-23,7.277148950847582,1.9279387248712752,,,,,,,,,,,,,,,,,,,,,,,
reg,,,685.0,,,,day1,C,1,raw,XLU,BTC,2024-26,-0.22060793630105172,-0.06297674122462786,,,,,,,,,,,,,,,,,,,,,,,
reg,,,1006.0,,,,day1,C,1,raw,XLU,VIX,2020-23,-1.484518215302572,-0.2667316151886521,,,,,,,,,,,,,,,,,,,,,,,
reg,,,685.0,,,,day1,C,1,raw,XLU,VIX,2024-26,-6.341945633142437,-1.7247369787450009,,,,,,,,,,,,,,,,,,,,,,,
reg,,,1006.0,,,,day1,C,1,raw,XLU,SPY,2020-23,-4.271228664489798,-0.513718665448446,,,,,,,,,,,,,,,,,,,,,,,
reg,,,685.0,,,,day1,C,1,raw,XLU,SPY,2024-26,3.1097176020473283,0.5148419170437002,,,,,,,,,,,,,,,,,,,,,,,
reg,,,1006.0,,,,day1,C,1,raw,XLB,TLT,2020-23,0.9494788175057323,0.18585202720262675,,,,,,,,,,,,,,,,,,,,,,,
reg,,,685.0,,,,day1,C,1,raw,XLB,TLT,2024-26,0.5048027728968798,0.12183364458214371,,,,,,,,,,,,,,,,,,,,,,,
reg,,,1006.0,,,,day1,C,1,raw,XLB,UUP,2020-23,-0.7581218388475747,-0.17719306951753447,,,,,,,,,,,,,,,,,,,,,,,
reg,,,685.0,,,,day1,C,1,raw,XLB,UUP,2024-26,-2.445975343612967,-0.4962367008324679,,,,,,,,,,,,,,,,,,,,,,,
reg,,,1006.0,,,,day1,C,1,raw,XLB,USO,2020-23,-8.710717638571408,-1.6486030653748893,,,,,,,,,,,,,,,,,,,,,,,
reg,,,685.0,,,,day1,C,1,raw,XLB,USO,2024-26,-0.5368719582291152,-0.10628333195919869,,,,,,,,,,,,,,,,,,,,,,,
reg,,,1006.0,,,,day1,C,1,raw,XLB,GLD,2020-23,-2.5422272359162235,-0.4260494010964866,,,,,,,,,,,,,,,,,,,,,,,
reg,,,685.0,,,,day1,C,1,raw,XLB,GLD,2024-26,5.7396189728803515,1.5980752067413564,,,,,,,,,,,,,,,,,,,,,,,
reg,,,1006.0,,,,day1,C,1,raw,XLB,HYG,2020-23,-0.06735387157292581,-0.011360098469346476,,,,,,,,,,,,,,,,,,,,,,,
reg,,,685.0,,,,day1,C,1,raw,XLB,HYG,2024-26,-2.5791258464790783,-0.35914152000400745,,,,,,,,,,,,,,,,,,,,,,,
reg,,,752.0,,,,day1,C,1,raw,XLB,BTC,2020-23,1.857828149247858,0.4824483861041093,,,,,,,,,,,,,,,,,,,,,,,
reg,,,685.0,,,,day1,C,1,raw,XLB,BTC,2024-26,5.25643141025423,1.3717266874557563,,,,,,,,,,,,,,,,,,,,,,,
reg,,,1006.0,,,,day1,C,1,raw,XLB,VIX,2020-23,2.399732981260608,0.4301670993425306,,,,,,,,,,,,,,,,,,,,,,,
reg,,,685.0,,,,day1,C,1,raw,XLB,VIX,2024-26,-8.654750125240636,-1.6879347025994493,,,,,,,,,,,,,,,,,,,,,,,
reg,,,1006.0,,,,day1,C,1,raw,XLB,SPY,2020-23,-3.7872516164938324,-0.6242151591288775,,,,,,,,,,,,,,,,,,,,,,,
reg,,,685.0,,,,day1,C,1,raw,XLB,SPY,2024-26,-5.010888862717686,-0.7006632364435909,,,,,,,,,,,,,,,,,,,,,,,
reg,,,1006.0,,,,day1,C,1,raw,XLRE,TLT,2020-23,8.572952406304523,1.4443856993020865,,,,,,,,,,,,,,,,,,,,,,,
reg,,,685.0,,,,day1,C,1,raw,XLRE,TLT,2024-26,2.06574781765068,0.5742212883304767,,,,,,,,,,,,,,,,,,,,,,,
reg,,,1006.0,,,,day1,C,1,raw,XLRE,UUP,2020-23,-12.96008875047277,-1.8582577681861698,,,,,,,,,,,,,,,,,,,,,,,
reg,,,685.0,,,,day1,C,1,raw,XLRE,UUP,2024-26,-0.552942660288769,-0.11315029487398312,,,,,,,,,,,,,,,,,,,,,,,
reg,,,1006.0,,,,day1,C,1,raw,XLRE,USO,2020-23,-8.102047321408964,-1.569517971634934,,,,,,,,,,,,,,,,,,,,,,,
reg,,,685.0,,,,day1,C,1,raw,XLRE,USO,2024-26,4.708936471931023,1.043043292825295,,,,,,,,,,,,,,,,,,,,,,,
reg,,,1006.0,,,,day1,C,1,raw,XLRE,GLD,2020-23,5.213718100563476,1.0504172692964395,,,,,,,,,,,,,,,,,,,,,,,
reg,,,685.0,,,,day1,C,1,raw,XLRE,GLD,2024-26,11.698551136199397,3.531276302722553,,,,,,,,,,,,,,,,,,,,,,,
reg,,,1006.0,,,,day1,C,1,raw,XLRE,HYG,2020-23,-1.5108433184310122,-0.1582739097922051,,,,,,,,,,,,,,,,,,,,,,,
reg,,,685.0,,,,day1,C,1,raw,XLRE,HYG,2024-26,3.25901654749492,0.48622768743409245,,,,,,,,,,,,,,,,,,,,,,,
reg,,,752.0,,,,day1,C,1,raw,XLRE,BTC,2020-23,3.011626980423276,0.7480904266432515,,,,,,,,,,,,,,,,,,,,,,,
reg,,,685.0,,,,day1,C,1,raw,XLRE,BTC,2024-26,4.609420637977165,1.136782847231738,,,,,,,,,,,,,,,,,,,,,,,
reg,,,1006.0,,,,day1,C,1,raw,XLRE,VIX,2020-23,-0.5240221610869532,-0.08584302494647617,,,,,,,,,,,,,,,,,,,,,,,
reg,,,685.0,,,,day1,C,1,raw,XLRE,VIX,2024-26,-6.179051720317892,-1.348666544116744,,,,,,,,,,,,,,,,,,,,,,,
reg,,,1006.0,,,,day1,C,1,raw,XLRE,SPY,2020-23,-7.671895284056548,-0.9254312901299221,,,,,,,,,,,,,,,,,,,,,,,
reg,,,685.0,,,,day1,C,1,raw,XLRE,SPY,2024-26,1.1329773235734453,0.1683519394227115,,,,,,,,,,,,,,,,,,,,,,,
reg,,,1006.0,,,,day1,C,1,raw,XLC,TLT,2020-23,3.9467202508816976,0.8336284826402096,,,,,,,,,,,,,,,,,,,,,,,
reg,,,685.0,,,,day1,C,1,raw,XLC,TLT,2024-26,-1.4631043658629626,-0.37145467080662087,,,,,,,,,,,,,,,,,,,,,,,
reg,,,1006.0,,,,day1,C,1,raw,XLC,UUP,2020-23,-8.689161735675908,-1.9682633704180148,,,,,,,,,,,,,,,,,,,,,,,
reg,,,685.0,,,,day1,C,1,raw,XLC,UUP,2024-26,-3.9083503505059154,-0.8477844494657111,,,,,,,,,,,,,,,,,,,,,,,
reg,,,1006.0,,,,day1,C,1,raw,XLC,USO,2020-23,-5.471435684626104,-0.8927063535579747,,,,,,,,,,,,,,,,,,,,,,,
reg,,,685.0,,,,day1,C,1,raw,XLC,USO,2024-26,2.1293542812013664,0.44999221336266704,,,,,,,,,,,,,,,,,,,,,,,
reg,,,1006.0,,,,day1,C,1,raw,XLC,GLD,2020-23,-0.08296110388243841,-0.01991776809151474,,,,,,,,,,,,,,,,,,,,,,,
reg,,,685.0,,,,day1,C,1,raw,XLC,GLD,2024-26,2.4014939096598305,0.8892250820415438,,,,,,,,,,,,,,,,,,,,,,,
reg,,,1006.0,,,,day1,C,1,raw,XLC,HYG,2020-23,1.0304849799748868,0.2114434222011267,,,,,,,,,,,,,,,,,,,,,,,
reg,,,685.0,,,,day1,C,1,raw,XLC,HYG,2024-26,-6.356121843876608,-1.0411606562614342,,,,,,,,,,,,,,,,,,,,,,,
reg,,,752.0,,,,day1,C,1,raw,XLC,BTC,2020-23,0.47748912735540405,0.11392989021493034,,,,,,,,,,,,,,,,,,,,,,,
reg,,,685.0,,,,day1,C,1,raw,XLC,BTC,2024-26,5.034522242552519,1.4398373742963428,,,,,,,,,,,,,,,,,,,,,,,
reg,,,1006.0,,,,day1,C,1,raw,XLC,VIX,2020-23,3.5811318174842093,0.7930686110516698,,,,,,,,,,,,,,,,,,,,,,,
reg,,,685.0,,,,day1,C,1,raw,XLC,VIX,2024-26,-5.480565369364269,-1.3528230814280169,,,,,,,,,,,,,,,,,,,,,,,
reg,,,1006.0,,,,day1,C,1,raw,XLC,SPY,2020-23,-6.881968911109932,-1.4176170224452118,,,,,,,,,,,,,,,,,,,,,,,
reg,,,685.0,,,,day1,C,1,raw,XLC,SPY,2024-26,-9.851834973340122,-1.5054206879350778,,,,,,,,,,,,,,,,,,,,,,,
reg,,,1006.0,,,,day1,C,1,raw,SMH,TLT,2020-23,9.471706870793017,1.4362005965739133,,,,,,,,,,,,,,,,,,,,,,,
reg,,,685.0,,,,day1,C,1,raw,SMH,TLT,2024-26,2.367040361368788,0.28045287181410217,,,,,,,,,,,,,,,,,,,,,,,
reg,,,1006.0,,,,day1,C,1,raw,SMH,UUP,2020-23,-9.758334344120556,-1.4226182516966293,,,,,,,,,,,,,,,,,,,,,,,
reg,,,685.0,,,,day1,C,1,raw,SMH,UUP,2024-26,-3.0961865735694505,-0.3724944930397497,,,,,,,,,,,,,,,,,,,,,,,
reg,,,1006.0,,,,day1,C,1,raw,SMH,USO,2020-23,-16.962476463912232,-2.3809564891259254,,,,,,,,,,,,,,,,,,,,,,,
reg,,,685.0,,,,day1,C,1,raw,SMH,USO,2024-26,4.509730269002666,0.4986809982436903,,,,,,,,,,,,,,,,,,,,,,,
reg,,,1006.0,,,,day1,C,1,raw,SMH,GLD,2020-23,-0.32411525563735855,-0.05805443778976755,,,,,,,,,,,,,,,,,,,,,,,
reg,,,685.0,,,,day1,C,1,raw,SMH,GLD,2024-26,-4.067376717310441,-0.654265870460456,,,,,,,,,,,,,,,,,,,,,,,
reg,,,1006.0,,,,day1,C,1,raw,SMH,HYG,2020-23,-16.940496978042308,-2.1979465991743226,,,,,,,,,,,,,,,,,,,,,,,
reg,,,685.0,,,,day1,C,1,raw,SMH,HYG,2024-26,-14.960954433507455,-1.549137922737333,,,,,,,,,,,,,,,,,,,,,,,
reg,,,752.0,,,,day1,C,1,raw,SMH,BTC,2020-23,-12.155443837278273,-1.9310232091804955,,,,,,,,,,,,,,,,,,,,,,,
reg,,,685.0,,,,day1,C,1,raw,SMH,BTC,2024-26,-0.8136314961703163,-0.11370501347148872,,,,,,,,,,,,,,,,,,,,,,,
reg,,,1006.0,,,,day1,C,1,raw,SMH,VIX,2020-23,2.1301551641648695,0.32847726707352154,,,,,,,,,,,,,,,,,,,,,,,
reg,,,685.0,,,,day1,C,1,raw,SMH,VIX,2024-26,-15.575094185208858,-1.709680504170876,,,,,,,,,,,,,,,,,,,,,,,
reg,,,1006.0,,,,day1,C,1,raw,SMH,SPY,2020-23,-27.79569649764774,-3.8538798101737854,,,,,,,,,,,,,,,,,,,,,,,
reg,,,685.0,,,,day1,C,1,raw,SMH,SPY,2024-26,-20.518620955079452,-1.9476127573289872,,,,,,,,,,,,,,,,,,,,,,,
reg,,,1006.0,,,,day1,C,1,raw,XBI,TLT,2020-23,7.879813065856737,1.0086378957797781,,,,,,,,,,,,,,,,,,,,,,,
reg,,,685.0,,,,day1,C,1,raw,XBI,TLT,2024-26,0.18902275479952144,0.028112160340250842,,,,,,,,,,,,,,,,,,,,,,,
reg,,,1006.0,,,,day1,C,1,raw,XBI,UUP,2020-23,0.3191003924897577,0.0529947103678364,,,,,,,,,,,,,,,,,,,,,,,
reg,,,685.0,,,,day1,C,1,raw,XBI,UUP,2024-26,-6.587309000894715,-0.9655670736452262,,,,,,,,,,,,,,,,,,,,,,,
reg,,,1006.0,,,,day1,C,1,raw,XBI,USO,2020-23,-11.345990047142969,-1.2901966777477978,,,,,,,,,,,,,,,,,,,,,,,
reg,,,685.0,,,,day1,C,1,raw,XBI,USO,2024-26,-1.5895141598629994,-0.24493579275141567,,,,,,,,,,,,,,,,,,,,,,,
reg,,,1006.0,,,,day1,C,1,raw,XBI,GLD,2020-23,1.445729864561852,0.24908900374248918,,,,,,,,,,,,,,,,,,,,,,,
reg,,,685.0,,,,day1,C,1,raw,XBI,GLD,2024-26,-0.9570628913155722,-0.14660009074316227,,,,,,,,,,,,,,,,,,,,,,,
reg,,,1006.0,,,,day1,C,1,raw,XBI,HYG,2020-23,-14.773605691174353,-1.9612964908990906,,,,,,,,,,,,,,,,,,,,,,,
reg,,,685.0,,,,day1,C,1,raw,XBI,HYG,2024-26,-10.901927704597208,-1.4349648036265477,,,,,,,,,,,,,,,,,,,,,,,
reg,,,752.0,,,,day1,C,1,raw,XBI,BTC,2020-23,-13.734706136141106,-2.059845781184498,,,,,,,,,,,,,,,,,,,,,,,
reg,,,685.0,,,,day1,C,1,raw,XBI,BTC,2024-26,-3.4666595296215243,-0.6078829670718436,,,,,,,,,,,,,,,,,,,,,,,
reg,,,1006.0,,,,day1,C,1,raw,XBI,VIX,2020-23,7.33674224345245,1.0577572413766938,,,,,,,,,,,,,,,,,,,,,,,
reg,,,685.0,,,,day1,C,1,raw,XBI,VIX,2024-26,-8.924933061684557,-1.159342233979899,,,,,,,,,,,,,,,,,,,,,,,
reg,,,1006.0,,,,day1,C,1,raw,XBI,SPY,2020-23,-21.34235499232732,-2.940229831696629,,,,,,,,,,,,,,,,,,,,,,,
reg,,,685.0,,,,day1,C,1,raw,XBI,SPY,2024-26,-18.336918400249452,-2.5775755791753547,,,,,,,,,,,,,,,,,,,,,,,
reg,,,1006.0,,,,day1,C,1,raw,KRE,TLT,2020-23,2.2468905385993887,0.26012873335936887,,,,,,,,,,,,,,,,,,,,,,,
reg,,,685.0,,,,day1,C,1,raw,KRE,TLT,2024-26,-1.5200218543726831,-0.2656553577445751,,,,,,,,,,,,,,,,,,,,,,,
reg,,,1006.0,,,,day1,C,1,raw,KRE,UUP,2020-23,-2.6552024140931185,-0.36649762745187586,,,,,,,,,,,,,,,,,,,,,,,
reg,,,685.0,,,,day1,C,1,raw,KRE,UUP,2024-26,1.276956157086393,0.21151921406420737,,,,,,,,,,,,,,,,,,,,,,,
reg,,,1006.0,,,,day1,C,1,raw,KRE,USO,2020-23,-16.93888038678169,-1.9609457417209533,,,,,,,,,,,,,,,,,,,,,,,
reg,,,685.0,,,,day1,C,1,raw,KRE,USO,2024-26,-2.1271889332236245,-0.344574868349468,,,,,,,,,,,,,,,,,,,,,,,
reg,,,1006.0,,,,day1,C,1,raw,KRE,GLD,2020-23,-4.730826228245062,-0.6498373772789754,,,,,,,,,,,,,,,,,,,,,,,
reg,,,685.0,,,,day1,C,1,raw,KRE,GLD,2024-26,-0.014213856936547666,-0.002819744581734211,,,,,,,,,,,,,,,,,,,,,,,
reg,,,1006.0,,,,day1,C,1,raw,KRE,HYG,2020-23,-12.007708200801662,-1.3276590828615882,,,,,,,,,,,,,,,,,,,,,,,
reg,,,685.0,,,,day1,C,1,raw,KRE,HYG,2024-26,-7.058550399725542,-0.88141081604048,,,,,,,,,,,,,,,,,,,,,,,
reg,,,752.0,,,,day1,C,1,raw,KRE,BTC,2020-23,-6.241480278316669,-0.8396880944610905,,,,,,,,,,,,,,,,,,,,,,,
reg,,,685.0,,,,day1,C,1,raw,KRE,BTC,2024-26,1.3765565942818223,0.2652456703257981,,,,,,,,,,,,,,,,,,,,,,,
reg,,,1006.0,,,,day1,C,1,raw,KRE,VIX,2020-23,5.641650372704126,0.6707481114319159,,,,,,,,,,,,,,,,,,,,,,,
reg,,,685.0,,,,day1,C,1,raw,KRE,VIX,2024-26,2.0650964092765873,0.3573875482612734,,,,,,,,,,,,,,,,,,,,,,,
reg,,,1006.0,,,,day1,C,1,raw,KRE,SPY,2020-23,-16.564105926092672,-1.9370302126700185,,,,,,,,,,,,,,,,,,,,,,,
reg,,,685.0,,,,day1,C,1,raw,KRE,SPY,2024-26,-14.118359782459404,-1.7528413803039489,,,,,,,,,,,,,,,,,,,,,,,
reg,,,1006.0,,,,day1,C,1,excess,XLK,TLT,2020-23,1.2729577710722757,0.6134977940126154,,,,,,,,,,,,,,,,,,,,,,,
reg,,,685.0,,,,day1,C,1,excess,XLK,TLT,2024-26,0.7174798449135567,0.2602806200875821,,,,,,,,,,,,,,,,,,,,,,,
reg,,,1006.0,,,,day1,C,1,excess,XLK,UUP,2020-23,-0.35278347211303374,-0.18341277738956618,,,,,,,,,,,,,,,,,,,,,,,
reg,,,685.0,,,,day1,C,1,excess,XLK,UUP,2024-26,0.23854534737978478,0.09923942751821183,,,,,,,,,,,,,,,,,,,,,,,
reg,,,1006.0,,,,day1,C,1,excess,XLK,USO,2020-23,-3.41022888804731,-1.3929756723930582,,,,,,,,,,,,,,,,,,,,,,,
reg,,,685.0,,,,day1,C,1,excess,XLK,USO,2024-26,1.4440667174077937,0.5170054156850482,,,,,,,,,,,,,,,,,,,,,,,
reg,,,1006.0,,,,day1,C,1,excess,XLK,GLD,2020-23,-1.8373746597225835,-0.7196539114692616,,,,,,,,,,,,,,,,,,,,,,,
reg,,,685.0,,,,day1,C,1,excess,XLK,GLD,2024-26,-3.221276450976463,-1.2709155731963038,,,,,,,,,,,,,,,,,,,,,,,
reg,,,1006.0,,,,day1,C,1,excess,XLK,HYG,2020-23,-7.541729663013489,-3.018549419432654,,,,,,,,,,,,,,,,,,,,,,,
reg,,,685.0,,,,day1,C,1,excess,XLK,HYG,2024-26,-3.9125948801295665,-1.6682769890002773,,,,,,,,,,,,,,,,,,,,,,,
reg,,,752.0,,,,day1,C,1,excess,XLK,BTC,2020-23,-5.212323719317015,-2.815158275417316,,,,,,,,,,,,,,,,,,,,,,,
reg,,,685.0,,,,day1,C,1,excess,XLK,BTC,2024-26,-0.08614606376074005,-0.03358011250953423,,,,,,,,,,,,,,,,,,,,,,,
reg,,,1006.0,,,,day1,C,1,excess,XLK,VIX,2020-23,4.205355932858339,2.132391843509115,,,,,,,,,,,,,,,,,,,,,,,
reg,,,685.0,,,,day1,C,1,excess,XLK,VIX,2024-26,-5.9876253899481595,-1.8009473579346693,,,,,,,,,,,,,,,,,,,,,,,
reg,,,1006.0,,,,day1,C,1,excess,XLK,SPY,2020-23,-9.798928063710353,-4.23964220580962,,,,,,,,,,,,,,,,,,,,,,,
reg,,,685.0,,,,day1,C,1,excess,XLK,SPY,2024-26,-3.622577704663846,-1.319428097673405,,,,,,,,,,,,,,,,,,,,,,,
reg,,,1006.0,,,,day1,C,1,excess,XLF,TLT,2020-23,0.3238341176170907,0.12887615852738019,,,,,,,,,,,,,,,,,,,,,,,
reg,,,685.0,,,,day1,C,1,excess,XLF,TLT,2024-26,-0.5491952640867601,-0.20571070637265604,,,,,,,,,,,,,,,,,,,,,,,
reg,,,1006.0,,,,day1,C,1,excess,XLF,UUP,2020-23,2.895966917575392,1.0609070313181779,,,,,,,,,,,,,,,,,,,,,,,
reg,,,685.0,,,,day1,C,1,excess,XLF,UUP,2024-26,1.7283574935687975,0.6596714042866788,,,,,,,,,,,,,,,,,,,,,,,
reg,,,1006.0,,,,day1,C,1,excess,XLF,USO,2020-23,-1.0605573746126635,-0.376113653481118,,,,,,,,,,,,,,,,,,,,,,,
reg,,,685.0,,,,day1,C,1,excess,XLF,USO,2024-26,0.44078152464656156,0.1836249993869574,,,,,,,,,,,,,,,,,,,,,,,
reg,,,1006.0,,,,day1,C,1,excess,XLF,GLD,2020-23,-3.3387628121958537,-0.8131619665625439,,,,,,,,,,,,,,,,,,,,,,,
reg,,,685.0,,,,day1,C,1,excess,XLF,GLD,2024-26,1.5507819660225608,0.6484939959523542,,,,,,,,,,,,,,,,,,,,,,,
reg,,,1006.0,,,,day1,C,1,excess,XLF,HYG,2020-23,-3.7007353013421658,-1.0093878860008283,,,,,,,,,,,,,,,,,,,,,,,
reg,,,685.0,,,,day1,C,1,excess,XLF,HYG,2024-26,2.472017238070262,1.167568586602032,,,,,,,,,,,,,,,,,,,,,,,
reg,,,752.0,,,,day1,C,1,excess,XLF,BTC,2020-23,2.045352964658068,0.7864804232170653,,,,,,,,,,,,,,,,,,,,,,,
reg,,,685.0,,,,day1,C,1,excess,XLF,BTC,2024-26,0.24436674532829916,0.10069739346357533,,,,,,,,,,,,,,,,,,,,,,,
reg,,,1006.0,,,,day1,C,1,excess,XLF,VIX,2020-23,2.7065211335200554,0.7779809538183169,,,,,,,,,,,,,,,,,,,,,,,
reg,,,685.0,,,,day1,C,1,excess,XLF,VIX,2024-26,4.013880903625841,1.7359546221687314,,,,,,,,,,,,,,,,,,,,,,,
reg,,,1006.0,,,,day1,C,1,excess,XLF,SPY,2020-23,-2.019345679322093,-0.5609301004339441,,,,,,,,,,,,,,,,,,,,,,,
reg,,,685.0,,,,day1,C,1,excess,XLF,SPY,2024-26,2.4355094835576474,1.0565960671377272,,,,,,,,,,,,,,,,,,,,,,,
reg,,,1006.0,,,,day1,C,1,excess,XLE,TLT,2020-23,-5.507678366982677,-0.8635799067573324,,,,,,,,,,,,,,,,,,,,,,,
reg,,,685.0,,,,day1,C,1,excess,XLE,TLT,2024-26,-5.576984805708512,-1.3278240284909788,,,,,,,,,,,,,,,,,,,,,,,
reg,,,1006.0,,,,day1,C,1,excess,XLE,UUP,2020-23,9.91654188264487,1.804367951505699,,,,,,,,,,,,,,,,,,,,,,,
reg,,,685.0,,,,day1,C,1,excess,XLE,UUP,2024-26,7.089584072020893,1.8587577768255579,,,,,,,,,,,,,,,,,,,,,,,
reg,,,1006.0,,,,day1,C,1,excess,XLE,USO,2020-23,-0.7200860046276559,-0.0935540795385264,,,,,,,,,,,,,,,,,,,,,,,
reg,,,685.0,,,,day1,C,1,excess,XLE,USO,2024-26,-1.2610381909985713,-0.2378357515644597,,,,,,,,,,,,,,,,,,,,,,,
reg,,,1006.0,,,,day1,C,1,excess,XLE,GLD,2020-23,-5.362483405986101,-0.9177202639196138,,,,,,,,,,,,,,,,,,,,,,,
reg,,,685.0,,,,day1,C,1,excess,XLE,GLD,2024-26,-8.632421941926648,-1.7747642380965523,,,,,,,,,,,,,,,,,,,,,,,
reg,,,1006.0,,,,day1,C,1,excess,XLE,HYG,2020-23,-7.914066611553827,-1.00255568340772,,,,,,,,,,,,,,,,,,,,,,,
reg,,,685.0,,,,day1,C,1,excess,XLE,HYG,2024-26,-3.786751795454956,-0.7727869387282655,,,,,,,,,,,,,,,,,,,,,,,
reg,,,752.0,,,,day1,C,1,excess,XLE,BTC,2020-23,0.5027884162953811,0.09731395101666296,,,,,,,,,,,,,,,,,,,,,,,
reg,,,685.0,,,,day1,C,1,excess,XLE,BTC,2024-26,-2.7754938153857878,-0.6237938827671881,,,,,,,,,,,,,,,,,,,,,,,
reg,,,1006.0,,,,day1,C,1,excess,XLE,VIX,2020-23,-9.31123658326286,-1.484831029216537,,,,,,,,,,,,,,,,,,,,,,,
reg,,,685.0,,,,day1,C,1,excess,XLE,VIX,2024-26,-1.2619595575428881,-0.30800003603952764,,,,,,,,,,,,,,,,,,,,,,,
reg,,,1006.0,,,,day1,C,1,excess,XLE,SPY,2020-23,-1.2717272137854305,-0.17139620330493816,,,,,,,,,,,,,,,,,,,,,,,
reg,,,685.0,,,,day1,C,1,excess,XLE,SPY,2024-26,-3.744017613164696,-0.747516119648919,,,,,,,,,,,,,,,,,,,,,,,
reg,,,1006.0,,,,day1,C,1,excess,XLV,TLT,2020-23,-0.6292274720602447,-0.2559606410552285,,,,,,,,,,,,,,,,,,,,,,,
reg,,,685.0,,,,day1,C,1,excess,XLV,TLT,2024-26,5.145196925634371,1.561645077642399,,,,,,,,,,,,,,,,,,,,,,,
reg,,,1006.0,,,,day1,C,1,excess,XLV,UUP,2020-23,-1.518229348303575,-0.7062979857237054,,,,,,,,,,,,,,,,,,,,,,,
reg,,,685.0,,,,day1,C,1,excess,XLV,UUP,2024-26,0.1522067299278852,0.05225723783304061,,,,,,,,,,,,,,,,,,,,,,,
reg,,,1006.0,,,,day1,C,1,excess,XLV,USO,2020-23,1.9895198871331117,0.8111012834598368,,,,,,,,,,,,,,,,,,,,,,,
reg,,,685.0,,,,day1,C,1,excess,XLV,USO,2024-26,-1.9999839032071154,-0.6464715406163025,,,,,,,,,,,,,,,,,,,,,,,
reg,,,1006.0,,,,day1,C,1,excess,XLV,GLD,2020-23,-0.09631496677320749,-0.05288478716460831,,,,,,,,,,,,,,,,,,,,,,,
reg,,,685.0,,,,day1,C,1,excess,XLV,GLD,2024-26,4.3617552908270385,1.5628203292086655,,,,,,,,,,,,,,,,,,,,,,,
reg,,,1006.0,,,,day1,C,1,excess,XLV,HYG,2020-23,2.459345035874629,0.9654903139422999,,,,,,,,,,,,,,,,,,,,,,,
reg,,,685.0,,,,day1,C,1,excess,XLV,HYG,2024-26,2.77622575310361,0.9209580241237912,,,,,,,,,,,,,,,,,,,,,,,
reg,,,752.0,,,,day1,C,1,excess,XLV,BTC,2020-23,3.843624245538787,1.7202536567848261,,,,,,,,,,,,,,,,,,,,,,,
reg,,,685.0,,,,day1,C,1,excess,XLV,BTC,2024-26,-0.9877963829562566,-0.36268334669788554,,,,,,,,,,,,,,,,,,,,,,,
reg,,,1006.0,,,,day1,C,1,excess,XLV,VIX,2020-23,0.6910096379180087,0.31131731189174805,,,,,,,,,,,,,,,,,,,,,,,
reg,,,685.0,,,,day1,C,1,excess,XLV,VIX,2024-26,3.134668793248217,0.9146255702720786,,,,,,,,,,,,,,,,,,,,,,,
reg,,,1006.0,,,,day1,C,1,excess,XLV,SPY,2020-23,2.6020945728097318,1.0224006554431972,,,,,,,,,,,,,,,,,,,,,,,
reg,,,685.0,,,,day1,C,1,excess,XLV,SPY,2024-26,1.3508383004765498,0.38522620635673055,,,,,,,,,,,,,,,,,,,,,,,
reg,,,1006.0,,,,day1,C,1,excess,XLI,TLT,2020-23,-0.9252428408921531,-0.4756404609736509,,,,,,,,,,,,,,,,,,,,,,,
reg,,,685.0,,,,day1,C,1,excess,XLI,TLT,2024-26,0.18972816615034027,0.08303489007435433,,,,,,,,,,,,,,,,,,,,,,,
reg,,,1006.0,,,,day1,C,1,excess,XLI,UUP,2020-23,1.0737056067076292,0.5604790135921923,,,,,,,,,,,,,,,,,,,,,,,
reg,,,685.0,,,,day1,C,1,excess,XLI,UUP,2024-26,2.1763217209948706,0.9717240845507893,,,,,,,,,,,,,,,,,,,,,,,
reg,,,1006.0,,,,day1,C,1,excess,XLI,USO,2020-23,1.1791674917595583,0.5712320657691318,,,,,,,,,,,,,,,,,,,,,,,
reg,,,685.0,,,,day1,C,1,excess,XLI,USO,2024-26,-1.4246921220990638,-0.542661106559301,,,,,,,,,,,,,,,,,,,,,,,
reg,,,1006.0,,,,day1,C,1,excess,XLI,GLD,2020-23,1.8025360345965615,0.6380676485487639,,,,,,,,,,,,,,,,,,,,,,,
reg,,,685.0,,,,day1,C,1,excess,XLI,GLD,2024-26,0.08246242456225351,0.03215189143430195,,,,,,,,,,,,,,,,,,,,,,,
reg,,,1006.0,,,,day1,C,1,excess,XLI,HYG,2020-23,-1.2125121801908956,-0.501262571152065,,,,,,,,,,,,,,,,,,,,,,,
reg,,,685.0,,,,day1,C,1,excess,XLI,HYG,2024-26,2.26284859551296,1.1648280228187244,,,,,,,,,,,,,,,,,,,,,,,
reg,,,752.0,,,,day1,C,1,excess,XLI,BTC,2020-23,2.469530476764627,1.2618084723292784,,,,,,,,,,,,,,,,,,,,,,,
reg,,,685.0,,,,day1,C,1,excess,XLI,BTC,2024-26,-2.7375902189334553,-1.118224221618433,,,,,,,,,,,,,,,,,,,,,,,
reg,,,1006.0,,,,day1,C,1,excess,XLI,VIX,2020-23,-3.6591053771867026,-1.6756306814311874,,,,,,,,,,,,,,,,,,,,,,,
reg,,,685.0,,,,day1,C,1,excess,XLI,VIX,2024-26,4.0232635910503705,1.7087500949545376,,,,,,,,,,,,,,,,,,,,,,,
reg,,,1006.0,,,,day1,C,1,excess,XLI,SPY,2020-23,1.7300938085899527,0.7202921415576952,,,,,,,,,,,,,,,,,,,,,,,
reg,,,685.0,,,,day1,C,1,excess,XLI,SPY,2024-26,2.998831765271371,1.4445178620779204,,,,,,,,,,,,,,,,,,,,,,,
reg,,,1006.0,,,,day1,C,1,excess,XLY,TLT,2020-23,2.3304966781304057,0.8165133793241132,,,,,,,,,,,,,,,,,,,,,,,
reg,,,685.0,,,,day1,C,1,excess,XLY,TLT,2024-26,2.490749664328959,1.1136590850363217,,,,,,,,,,,,,,,,,,,,,,,
reg,,,1006.0,,,,day1,C,1,excess,XLY,UUP,2020-23,3.2099488625368715,1.1733748404978241,,,,,,,,,,,,,,,,,,,,,,,
reg,,,685.0,,,,day1,C,1,excess,XLY,UUP,2024-26,0.02185838751865149,0.008349870031478423,,,,,,,,,,,,,,,,,,,,,,,
reg,,,1006.0,,,,day1,C,1,excess,XLY,USO,2020-23,-3.4911331065149196,-1.2981616462638215,,,,,,,,,,,,,,,,,,,,,,,
reg,,,685.0,,,,day1,C,1,excess,XLY,USO,2024-26,-2.249223285462045,-0.9847575483415477,,,,,,,,,,,,,,,,,,,,,,,
reg,,,1006.0,,,,day1,C,1,excess,XLY,GLD,2020-23,-0.4243524151587011,-0.17711250915594057,,,,,,,,,,,,,,,,,,,,,,,
reg,,,685.0,,,,day1,C,1,excess,XLY,GLD,2024-26,0.21510154343071172,0.1062026587921488,,,,,,,,,,,,,,,,,,,,,,,
reg,,,1006.0,,,,day1,C,1,excess,XLY,HYG,2020-23,-3.7206913923157803,-0.959912643158239,,,,,,,,,,,,,,,,,,,,,,,
reg,,,685.0,,,,day1,C,1,excess,XLY,HYG,2024-26,-0.8803280815312131,-0.3969831516443001,,,,,,,,,,,,,,,,,,,,,,,
reg,,,752.0,,,,day1,C,1,excess,XLY,BTC,2020-23,-0.6262711779732685,-0.271153771988409,,,,,,,,,,,,,,,,,,,,,,,
reg,,,685.0,,,,day1,C,1,excess,XLY,BTC,2024-26,-0.7522414501778623,-0.3811713974899779,,,,,,,,,,,,,,,,,,,,,,,
reg,,,1006.0,,,,day1,C,1,excess,XLY,VIX,2020-23,-1.306629887868936,-0.6086790576383106,,,,,,,,,,,,,,,,,,,,,,,
reg,,,685.0,,,,day1,C,1,excess,XLY,VIX,2024-26,-0.7260892387312191,-0.3257416049378149,,,,,,,,,,,,,,,,,,,,,,,
reg,,,1006.0,,,,day1,C,1,excess,XLY,SPY,2020-23,-3.419827794989779,-1.1120069256599783,,,,,,,,,,,,,,,,,,,,,,,
reg,,,685.0,,,,day1,C,1,excess,XLY,SPY,2024-26,-3.9070282807397807,-1.5386913921324539,,,,,,,,,,,,,,,,,,,,,,,
reg,,,1006.0,,,,day1,C,1,excess,XLP,TLT,2020-23,3.5028283345082776,1.1466831494027996,,,,,,,,,,,,,,,,,,,,,,,
reg,,,685.0,,,,day1,C,1,excess,XLP,TLT,2024-26,3.200822909114992,0.8128071994167282,,,,,,,,,,,,,,,,,,,,,,,
reg,,,1006.0,,,,day1,C,1,excess,XLP,UUP,2020-23,1.648071295045491,0.5052291916296002,,,,,,,,,,,,,,,,,,,,,,,
reg,,,685.0,,,,day1,C,1,excess,XLP,UUP,2024-26,0.4787902952309184,0.13280977070183347,,,,,,,,,,,,,,,,,,,,,,,
reg,,,1006.0,,,,day1,C,1,excess,XLP,USO,2020-23,1.5783769680084838,0.606741362912804,,,,,,,,,,,,,,,,,,,,,,,
reg,,,685.0,,,,day1,C,1,excess,XLP,USO,2024-26,-1.852936131639646,-0.4243097140100739,,,,,,,,,,,,,,,,,,,,,,,
reg,,,1006.0,,,,day1,C,1,excess,XLP,GLD,2020-23,-4.017756329747025,-1.2789026535668084,,,,,,,,,,,,,,,,,,,,,,,
reg,,,685.0,,,,day1,C,1,excess,XLP,GLD,2024-26,2.6271095506073157,0.8358568510276886,,,,,,,,,,,,,,,,,,,,,,,
reg,,,1006.0,,,,day1,C,1,excess,XLP,HYG,2020-23,1.488947562283041,0.4443093403412318,,,,,,,,,,,,,,,,,,,,,,,
reg,,,685.0,,,,day1,C,1,excess,XLP,HYG,2024-26,7.716769767685607,1.6789328139860829,,,,,,,,,,,,,,,,,,,,,,,
reg,,,752.0,,,,day1,C,1,excess,XLP,BTC,2020-23,2.3408352543572666,0.9502068498704774,,,,,,,,,,,,,,,,,,,,,,,
reg,,,685.0,,,,day1,C,1,excess,XLP,BTC,2024-26,-3.228155252097672,-0.9513034692175131,,,,,,,,,,,,,,,,,,,,,,,
reg,,,1006.0,,,,day1,C,1,excess,XLP,VIX,2020-23,-1.8770588678726088,-0.7160612658469996,,,,,,,,,,,,,,,,,,,,,,,
reg,,,685.0,,,,day1,C,1,excess,XLP,VIX,2024-26,3.458137673372035,0.9233358190952472,,,,,,,,,,,,,,,,,,,,,,,
reg,,,1006.0,,,,day1,C,1,excess,XLP,SPY,2020-23,1.9055001694272038,0.6581842441151399,,,,,,,,,,,,,,,,,,,,,,,
reg,,,685.0,,,,day1,C,1,excess,XLP,SPY,2024-26,7.480652435750195,1.4382290272535807,,,,,,,,,,,,,,,,,,,,,,,
reg,,,1006.0,,,,day1,C,1,excess,XLU,TLT,2020-23,6.176121534393242,1.2131513561809035,,,,,,,,,,,,,,,,,,,,,,,
reg,,,685.0,,,,day1,C,1,excess,XLU,TLT,2024-26,-0.7614148355795004,-0.15778222795461727,,,,,,,,,,,,,,,,,,,,,,,
reg,,,1006.0,,,,day1,C,1,excess,XLU,UUP,2020-23,-8.047625740302061,-1.2003094139252604,,,,,,,,,,,,,,,,,,,,,,,
reg,,,685.0,,,,day1,C,1,excess,XLU,UUP,2024-26,5.755682828380049,1.4109209870402066,,,,,,,,,,,,,,,,,,,,,,,
reg,,,1006.0,,,,day1,C,1,excess,XLU,USO,2020-23,-0.7544299483198329,-0.1611896136428451,,,,,,,,,,,,,,,,,,,,,,,
reg,,,685.0,,,,day1,C,1,excess,XLU,USO,2024-26,4.995446172758623,1.0256444536301246,,,,,,,,,,,,,,,,,,,,,,,
reg,,,1006.0,,,,day1,C,1,excess,XLU,GLD,2020-23,4.391355235699935,1.0971626566373072,,,,,,,,,,,,,,,,,,,,,,,
reg,,,685.0,,,,day1,C,1,excess,XLU,GLD,2024-26,4.314284895014502,1.0460366140072104,,,,,,,,,,,,,,,,,,,,,,,
reg,,,1006.0,,,,day1,C,1,excess,XLU,HYG,2020-23,3.975522981021291,0.5404519967709681,,,,,,,,,,,,,,,,,,,,,,,
reg,,,685.0,,,,day1,C,1,excess,XLU,HYG,2024-26,9.95685072849536,2.132084700781926,,,,,,,,,,,,,,,,,,,,,,,
reg,,,752.0,,,,day1,C,1,excess,XLU,BTC,2020-23,7.083794846401238,1.7254005104542989,,,,,,,,,,,,,,,,,,,,,,,
reg,,,685.0,,,,day1,C,1,excess,XLU,BTC,2024-26,-2.93391278233302,-0.8516984356663748,,,,,,,,,,,,,,,,,,,,,,,
reg,,,1006.0,,,,day1,C,1,excess,XLU,VIX,2020-23,-3.501760899261138,-0.839403628119776,,,,,,,,,,,,,,,,,,,,,,,
reg,,,685.0,,,,day1,C,1,excess,XLU,VIX,2024-26,1.2057153563495653,0.31155549556662726,,,,,,,,,,,,,,,,,,,,,,,
reg,,,1006.0,,,,day1,C,1,excess,XLU,SPY,2020-23,4.83273515022648,0.8224853879636536,,,,,,,,,,,,,,,,,,,,,,,
reg,,,685.0,,,,day1,C,1,excess,XLU,SPY,2024-26,12.19831545293423,2.2092823444328635,,,,,,,,,,,,,,,,,,,,,,,
reg,,,1006.0,,,,day1,C,1,excess,XLB,TLT,2020-23,-4.446941895300939,-1.62496440440861,,,,,,,,,,,,,,,,,,,,,,,
reg,,,685.0,,,,day1,C,1,excess,XLB,TLT,2024-26,0.8423424436516079,0.2968250897210259,,,,,,,,,,,,,,,,,,,,,,,
reg,,,1006.0,,,,day1,C,1,excess,XLB,UUP,2020-23,6.9012072112783125,2.147527425753852,,,,,,,,,,,,,,,,,,,,,,,
reg,,,685.0,,,,day1,C,1,excess,XLB,UUP,2024-26,1.2477734713988033,0.4541203669048986,,,,,,,,,,,,,,,,,,,,,,,
reg,,,1006.0,,,,day1,C,1,excess,XLB,USO,2020-23,-1.4918712810153025,-0.4280143931774238,,,,,,,,,,,,,,,,,,,,,,,
reg,,,685.0,,,,day1,C,1,excess,XLB,USO,2024-26,-2.3918060971351465,-0.7246399733430915,,,,,,,,,,,,,,,,,,,,,,,
reg,,,1006.0,,,,day1,C,1,excess,XLB,GLD,2020-23,-3.9327297341641825,-0.9128634043669327,,,,,,,,,,,,,,,,,,,,,,,
reg,,,685.0,,,,day1,C,1,excess,XLB,GLD,2024-26,3.2243652664917595,1.0792577610411227,,,,,,,,,,,,,,,,,,,,,,,
reg,,,1006.0,,,,day1,C,1,excess,XLB,HYG,2020-23,2.3261369305619692,0.4871710875765497,,,,,,,,,,,,,,,,,,,,,,,
reg,,,685.0,,,,day1,C,1,excess,XLB,HYG,2024-26,3.1563434160891344,1.055262579653908,,,,,,,,,,,,,,,,,,,,,,,
reg,,,752.0,,,,day1,C,1,excess,XLB,BTC,2020-23,1.664474044801517,0.655740146611254,,,,,,,,,,,,,,,,,,,,,,,
reg,,,685.0,,,,day1,C,1,excess,XLB,BTC,2024-26,2.54312656422226,0.971322128248265,,,,,,,,,,,,,,,,,,,,,,,
reg,,,1006.0,,,,day1,C,1,excess,XLB,VIX,2020-23,0.3824902973020334,0.09109361758627754,,,,,,,,,,,,,,,,,,,,,,,
reg,,,685.0,,,,day1,C,1,excess,XLB,VIX,2024-26,-1.1070891357486325,-0.36590043978311626,,,,,,,,,,,,,,,,,,,,,,,
reg,,,1006.0,,,,day1,C,1,excess,XLB,SPY,2020-23,5.316712198222456,1.0403863905181672,,,,,,,,,,,,,,,,,,,,,,,
reg,,,685.0,,,,day1,C,1,excess,XLB,SPY,2024-26,4.077708988169226,1.2818808770347572,,,,,,,,,,,,,,,,,,,,,,,
reg,,,1006.0,,,,day1,C,1,excess,XLRE,TLT,2020-23,3.176531693497847,0.8497700214666177,,,,,,,,,,,,,,,,,,,,,,,
reg,,,685.0,,,,day1,C,1,excess,XLRE,TLT,2024-26,2.4032874884053985,0.6990434350874059,,,,,,,,,,,,,,,,,,,,,,,
reg,,,1006.0,,,,day1,C,1,excess,XLRE,UUP,2020-23,-5.300759700346892,-1.172935084560876,,,,,,,,,,,,,,,,,,,,,,,
reg,,,685.0,,,,day1,C,1,excess,XLRE,UUP,2024-26,3.1408061547230046,0.9368503090934023,,,,,,,,,,,,,,,,,,,,,,,
reg,,,1006.0,,,,day1,C,1,excess,XLRE,USO,2020-23,-0.8832009638528432,-0.2797870360988977,,,,,,,,,,,,,,,,,,,,,,,
reg,,,685.0,,,,day1,C,1,excess,XLRE,USO,2024-26,2.854002333024995,0.784982022959595,,,,,,,,,,,,,,,,,,,,,,,
reg,,,1006.0,,,,day1,C,1,excess,XLRE,GLD,2020-23,3.8232156023155217,1.115367551486639,,,,,,,,,,,,,,,,,,,,,,,
reg,,,685.0,,,,day1,C,1,excess,XLRE,GLD,2024-26,9.183297429810795,2.62329401942714,,,,,,,,,,,,,,,,,,,,,,,
reg,,,1006.0,,,,day1,C,1,excess,XLRE,HYG,2020-23,0.8826474837038848,0.14942218246903508,,,,,,,,,,,,,,,,,,,,,,,
reg,,,685.0,,,,day1,C,1,excess,XLRE,HYG,2024-26,8.994485810063125,2.464069192054132,,,,,,,,,,,,,,,,,,,,,,,
reg,,,752.0,,,,day1,C,1,excess,XLRE,BTC,2020-23,2.8182728759769327,0.8458410863709551,,,,,,,,,,,,,,,,,,,,,,,
reg,,,685.0,,,,day1,C,1,excess,XLRE,BTC,2024-26,1.8961157919451912,0.6162230942230523,,,,,,,,,,,,,,,,,,,,,,,
reg,,,1006.0,,,,day1,C,1,excess,XLRE,VIX,2020-23,-2.5412648450455184,-0.5698272237595629,,,,,,,,,,,,,,,,,,,,,,,
reg,,,685.0,,,,day1,C,1,excess,XLRE,VIX,2024-26,1.3686092691741165,0.3633948789702957,,,,,,,,,,,,,,,,,,,,,,,
reg,,,1006.0,,,,day1,C,1,excess,XLRE,SPY,2020-23,1.4320685306597498,0.2511044660815702,,,,,,,,,,,,,,,,,,,,,,,
reg,,,685.0,,,,day1,C,1,excess,XLRE,SPY,2024-26,10.221575174460355,2.508877346440591,,,,,,,,,,,,,,,,,,,,,,,
reg,,,1006.0,,,,day1,C,1,excess,XLC,TLT,2020-23,-1.4497004619249805,-0.5771132193246518,,,,,,,,,,,,,,,,,,,,,,,
reg,,,685.0,,,,day1,C,1,excess,XLC,TLT,2024-26,-1.1255646951082385,-0.5456195917809147,,,,,,,,,,,,,,,,,,,,,,,
reg,,,1006.0,,,,day1,C,1,excess,XLC,UUP,2020-23,-1.0298326855500282,-0.3398153842449819,,,,,,,,,,,,,,,,,,,,,,,
reg,,,685.0,,,,day1,C,1,excess,XLC,UUP,2024-26,-0.21460153549414307,-0.10537143617813334,,,,,,,,,,,,,,,,,,,,,,,
reg,,,1006.0,,,,day1,C,1,excess,XLC,USO,2020-23,1.7474106729300118,0.6302522909955264,,,,,,,,,,,,,,,,,,,,,,,
reg,,,685.0,,,,day1,C,1,excess,XLC,USO,2024-26,0.27442014229533385,0.11175243515111653,,,,,,,,,,,,,,,,,,,,,,,
reg,,,1006.0,,,,day1,C,1,excess,XLC,GLD,2020-23,-1.4734636021303935,-0.5290253513001604,,,,,,,,,,,,,,,,,,,,,,,
reg,,,685.0,,,,day1,C,1,excess,XLC,GLD,2024-26,-0.11375979672876552,-0.051269110158165175,,,,,,,,,,,,,,,,,,,,,,,
reg,,,1006.0,,,,day1,C,1,excess,XLC,HYG,2020-23,3.42397578210978,1.0707901101084316,,,,,,,,,,,,,,,,,,,,,,,
reg,,,685.0,,,,day1,C,1,excess,XLC,HYG,2024-26,-0.6206525813083982,-0.3188337996028378,,,,,,,,,,,,,,,,,,,,,,,
reg,,,752.0,,,,day1,C,1,excess,XLC,BTC,2020-23,0.28413502290906095,0.12464240860940619,,,,,,,,,,,,,,,,,,,,,,,
reg,,,685.0,,,,day1,C,1,excess,XLC,BTC,2024-26,2.321217396520547,1.1098153376659308,,,,,,,,,,,,,,,,,,,,,,,
reg,,,1006.0,,,,day1,C,1,excess,XLC,VIX,2020-23,1.5638891335256513,0.5530630351763803,,,,,,,,,,,,,,,,,,,,,,,
reg,,,685.0,,,,day1,C,1,excess,XLC,VIX,2024-26,2.067095620127743,1.1016006263600802,,,,,,,,,,,,,,,,,,,,,,,
reg,,,1006.0,,,,day1,C,1,excess,XLC,SPY,2020-23,2.2219949036063475,0.6987990577075865,,,,,,,,,,,,,,,,,,,,,,,
reg,,,685.0,,,,day1,C,1,excess,XLC,SPY,2024-26,-0.7632371224532251,-0.3904086806633337,,,,,,,,,,,,,,,,,,,,,,,
reg,,,1006.0,,,,day1,C,1,excess,SMH,TLT,2020-23,4.075286157986339,0.9119173513665646,,,,,,,,,,,,,,,,,,,,,,,
reg,,,685.0,,,,day1,C,1,excess,SMH,TLT,2024-26,2.7045800321235056,0.48689687572620843,,,,,,,,,,,,,,,,,,,,,,,
reg,,,1006.0,,,,day1,C,1,excess,SMH,UUP,2020-23,-2.0990052939946735,-0.4833711864763424,,,,,,,,,,,,,,,,,,,,,,,
reg,,,685.0,,,,day1,C,1,excess,SMH,UUP,2024-26,0.59756224144232,0.12028294828635092,,,,,,,,,,,,,,,,,,,,,,,
reg,,,1006.0,,,,day1,C,1,excess,SMH,USO,2020-23,-9.743630106356107,-2.4812425336424755,,,,,,,,,,,,,,,,,,,,,,,
reg,,,685.0,,,,day1,C,1,excess,SMH,USO,2024-26,2.654796130096647,0.4875671549863586,,,,,,,,,,,,,,,,,,,,,,,
reg,,,1006.0,,,,day1,C,1,excess,SMH,GLD,2020-23,-1.7146177538853113,-0.43464340395120066,,,,,,,,,,,,,,,,,,,,,,,
reg,,,685.0,,,,day1,C,1,excess,SMH,GLD,2024-26,-6.582630423699037,-1.426097215637366,,,,,,,,,,,,,,,,,,,,,,,
reg,,,1006.0,,,,day1,C,1,excess,SMH,HYG,2020-23,-14.547006175907399,-3.077484438446328,,,,,,,,,,,,,,,,,,,,,,,
reg,,,685.0,,,,day1,C,1,excess,SMH,HYG,2024-26,-9.225485170939239,-1.9681943199867502,,,,,,,,,,,,,,,,,,,,,,,
reg,,,752.0,,,,day1,C,1,excess,SMH,BTC,2020-23,-12.348797941724612,-3.0281173965590202,,,,,,,,,,,,,,,,,,,,,,,
reg,,,685.0,,,,day1,C,1,excess,SMH,BTC,2024-26,-3.526936342202285,-0.7498950987111036,,,,,,,,,,,,,,,,,,,,,,,
reg,,,1006.0,,,,day1,C,1,excess,SMH,VIX,2020-23,0.11291248020630483,0.0263837328705936,,,,,,,,,,,,,,,,,,,,,,,
reg,,,685.0,,,,day1,C,1,excess,SMH,VIX,2024-26,-8.027433195716842,-1.332236842230332,,,,,,,,,,,,,,,,,,,,,,,
reg,,,1006.0,,,,day1,C,1,excess,SMH,SPY,2020-23,-18.691732682931423,-4.42529508409399,,,,,,,,,,,,,,,,,,,,,,,
reg,,,685.0,,,,day1,C,1,excess,SMH,SPY,2024-26,-11.430023104192546,-2.1438866221090156,,,,,,,,,,,,,,,,,,,,,,,
reg,,,1006.0,,,,day1,C,1,excess,XBI,TLT,2020-23,2.4833923530500632,0.4175843097442913,,,,,,,,,,,,,,,,,,,,,,,
reg,,,685.0,,,,day1,C,1,excess,XBI,TLT,2024-26,0.5265624255542496,0.10945458935925638,,,,,,,,,,,,,,,,,,,,,,,
reg,,,1006.0,,,,day1,C,1,excess,XBI,UUP,2020-23,7.978429442615628,1.4605854063520112,,,,,,,,,,,,,,,,,,,,,,,
reg,,,685.0,,,,day1,C,1,excess,XBI,UUP,2024-26,-2.8935601858829476,-0.6106038578065633,,,,,,,,,,,,,,,,,,,,,,,
reg,,,1006.0,,,,day1,C,1,excess,XBI,USO,2020-23,-4.127143689586866,-0.6543434818156896,,,,,,,,,,,,,,,,,,,,,,,
reg,,,685.0,,,,day1,C,1,excess,XBI,USO,2024-26,-3.444448298769029,-0.7906533837111829,,,,,,,,,,,,,,,,,,,,,,,
reg,,,1006.0,,,,day1,C,1,excess,XBI,GLD,2020-23,0.05522736631389797,0.011034530868521644,,,,,,,,,,,,,,,,,,,,,,,
reg,,,685.0,,,,day1,C,1,excess,XBI,GLD,2024-26,-3.4723165977041677,-0.6409201809887314,,,,,,,,,,,,,,,,,,,,,,,
reg,,,1006.0,,,,day1,C,1,excess,XBI,HYG,2020-23,-12.38011488903946,-1.9526603385027175,,,,,,,,,,,,,,,,,,,,,,,
reg,,,685.0,,,,day1,C,1,excess,XBI,HYG,2024-26,-5.166458442029008,-1.2114171535468916,,,,,,,,,,,,,,,,,,,,,,,
reg,,,752.0,,,,day1,C,1,excess,XBI,BTC,2020-23,-13.928060240587445,-2.603219992208379,,,,,,,,,,,,,,,,,,,,,,,
reg,,,685.0,,,,day1,C,1,excess,XBI,BTC,2024-26,-6.179964375653499,-1.4400354677527978,,,,,,,,,,,,,,,,,,,,,,,
reg,,,1006.0,,,,day1,C,1,excess,XBI,VIX,2020-23,5.3194995594938845,0.9525083264651214,,,,,,,,,,,,,,,,,,,,,,,
reg,,,685.0,,,,day1,C,1,excess,XBI,VIX,2024-26,-1.377272072192545,-0.26982427943127485,,,,,,,,,,,,,,,,,,,,,,,
reg,,,1006.0,,,,day1,C,1,excess,XBI,SPY,2020-23,-12.238391177611044,-2.219253576685276,,,,,,,,,,,,,,,,,,,,,,,
reg,,,685.0,,,,day1,C,1,excess,XBI,SPY,2024-26,-9.248320549362559,-2.2453327112876895,,,,,,,,,,,,,,,,,,,,,,,
reg,,,1006.0,,,,day1,C,1,excess,KRE,TLT,2020-23,-3.1495301742072837,-0.48183530220980597,,,,,,,,,,,,,,,,,,,,,,,
reg,,,685.0,,,,day1,C,1,excess,KRE,TLT,2024-26,-1.182482183617961,-0.2626113392865655,,,,,,,,,,,,,,,,,,,,,,,
reg,,,1006.0,,,,day1,C,1,excess,KRE,UUP,2020-23,5.004126636032778,0.9290422644106839,,,,,,,,,,,,,,,,,,,,,,,
reg,,,685.0,,,,day1,C,1,excess,KRE,UUP,2024-26,4.970704972098172,0.9983742711100808,,,,,,,,,,,,,,,,,,,,,,,
reg,,,1006.0,,,,day1,C,1,excess,KRE,USO,2020-23,-9.720034029225575,-1.486559156434697,,,,,,,,,,,,,,,,,,,,,,,
reg,,,685.0,,,,day1,C,1,excess,KRE,USO,2024-26,-3.9821230721296588,-0.8855806120424701,,,,,,,,,,,,,,,,,,,,,,,
reg,,,1006.0,,,,day1,C,1,excess,KRE,GLD,2020-23,-6.121328726493028,-0.9793443945191466,,,,,,,,,,,,,,,,,,,,,,,
reg,,,685.0,,,,day1,C,1,excess,KRE,GLD,2024-26,-2.5294675633251384,-0.5722173671961011,,,,,,,,,,,,,,,,,,,,,,,
reg,,,1006.0,,,,day1,C,1,excess,KRE,HYG,2020-23,-9.614217398666737,-1.4958533239242822,,,,,,,,,,,,,,,,,,,,,,,
reg,,,685.0,,,,day1,C,1,excess,KRE,HYG,2024-26,-1.3230811371573246,-0.27159100501147615,,,,,,,,,,,,,,,,,,,,,,,
reg,,,752.0,,,,day1,C,1,excess,KRE,BTC,2020-23,-6.434834382763013,-0.9559974855377349,,,,,,,,,,,,,,,,,,,,,,,
reg,,,685.0,,,,day1,C,1,excess,KRE,BTC,2024-26,-1.3367482517501477,-0.28260519780887855,,,,,,,,,,,,,,,,,,,,,,,
reg,,,1006.0,,,,day1,C,1,excess,KRE,VIX,2020-23,3.6244076887455576,0.5610741600187841,,,,,,,,,,,,,,,,,,,,,,,
reg,,,685.0,,,,day1,C,1,excess,KRE,VIX,2024-26,9.6127573987686,2.4941845136025997,,,,,,,,,,,,,,,,,,,,,,,
reg,,,1006.0,,,,day1,C,1,excess,KRE,SPY,2020-23,-7.460142111376357,-1.1168985625168544,,,,,,,,,,,,,,,,,,,,,,,
reg,,,685.0,,,,day1,C,1,excess,KRE,SPY,2024-26,-5.029761931572493,-1.007616572641604,,,,,,,,,,,,,,,,,,,,,,,
reg,,,1006.0,,,,day1,C,5,raw,XLK,TLT,2020-23,10.208321746777031,2.0781512954699366,,,,,,,,,,,,,,,,,,,,,,,
reg,,,685.0,,,,day1,C,5,raw,XLK,TLT,2024-26,-0.9198678306091033,-0.16282032988808443,,,,,,,,,,,,,,,,,,,,,,,
reg,,,1006.0,,,,day1,C,5,raw,XLK,UUP,2020-23,-4.54263289827796,-0.867592709763098,,,,,,,,,,,,,,,,,,,,,,,
reg,,,685.0,,,,day1,C,5,raw,XLK,UUP,2024-26,1.4371772580274003,0.26125105400257553,,,,,,,,,,,,,,,,,,,,,,,
reg,,,1006.0,,,,day1,C,5,raw,XLK,USO,2020-23,-9.716345701462274,-1.8871669959040607,,,,,,,,,,,,,,,,,,,,,,,
reg,,,685.0,,,,day1,C,5,raw,XLK,USO,2024-26,-1.753741229661858,-0.23289122682084512,,,,,,,,,,,,,,,,,,,,,,,
reg,,,1006.0,,,,day1,C,5,raw,XLK,GLD,2020-23,-0.3526212641188082,-0.057634575923585944,,,,,,,,,,,,,,,,,,,,,,,
reg,,,685.0,,,,day1,C,5,raw,XLK,GLD,2024-26,-3.3103191683515565,-0.6384508973143583,,,,,,,,,,,,,,,,,,,,,,,
reg,,,1006.0,,,,day1,C,5,raw,XLK,HYG,2020-23,-4.04576918346299,-0.6848558360741558,,,,,,,,,,,,,,,,,,,,,,,
reg,,,685.0,,,,day1,C,5,raw,XLK,HYG,2024-26,-7.209293321022518,-0.6181865572068512,,,,,,,,,,,,,,,,,,,,,,,
reg,,,748.0,,,,day1,C,5,raw,XLK,BTC,2020-23,-4.1663891038166,-0.9705711021129407,,,,,,,,,,,,,,,,,,,,,,,
reg,,,685.0,,,,day1,C,5,raw,XLK,BTC,2024-26,2.4481633580396642,0.436157967067614,,,,,,,,,,,,,,,,,,,,,,,
reg,,,1006.0,,,,day1,C,5,raw,XLK,VIX,2020-23,4.212664683674682,0.8137471616860462,,,,,,,,,,,,,,,,,,,,,,,
reg,,,685.0,,,,day1,C,5,raw,XLK,VIX,2024-26,-3.5373478153351896,-0.4176024897456582,,,,,,,,,,,,,,,,,,,,,,,
reg,,,1006.0,,,,day1,C,5,raw,XLK,SPY,2020-23,-13.492906845025821,-2.365970149519437,,,,,,,,,,,,,,,,,,,,,,,
reg,,,685.0,,,,day1,C,5,raw,XLK,SPY,2024-26,-6.7005619869216435,-0.6072273344122143,,,,,,,,,,,,,,,,,,,,,,,
reg,,,1006.0,,,,day1,C,5,raw,XLF,TLT,2020-23,6.253296586282236,1.2512164967957635,,,,,,,,,,,,,,,,,,,,,,,
reg,,,685.0,,,,day1,C,5,raw,XLF,TLT,2024-26,-4.5345008581273465,-1.145302598032571,,,,,,,,,,,,,,,,,,,,,,,
reg,,,1006.0,,,,day1,C,5,raw,XLF,UUP,2020-23,1.5170284918297954,0.328544650803171,,,,,,,,,,,,,,,,,,,,,,,
reg,,,685.0,,,,day1,C,5,raw,XLF,UUP,2024-26,-0.008078995922726356,-0.0022365355443459824,,,,,,,,,,,,,,,,,,,,,,,
reg,,,1006.0,,,,day1,C,5,raw,XLF,USO,2020-23,-7.004348926566093,-1.4236887154450264,,,,,,,,,,,,,,,,,,,,,,,
reg,,,685.0,,,,day1,C,5,raw,XLF,USO,2024-26,0.2906075565124658,0.05796808848887005,,,,,,,,,,,,,,,,,,,,,,,
reg,,,1006.0,,,,day1,C,5,raw,XLF,GLD,2020-23,1.4296144263981059,0.23935069568380726,,,,,,,,,,,,,,,,,,,,,,,
reg,,,685.0,,,,day1,C,5,raw,XLF,GLD,2024-26,-2.1104372221372203,-0.6760031328255984,,,,,,,,,,,,,,,,,,,,,,,
reg,,,1006.0,,,,day1,C,5,raw,XLF,HYG,2020-23,-6.497470151274685,-1.0636004746971606,,,,,,,,,,,,,,,,,,,,,,,
reg,,,685.0,,,,day1,C,5,raw,XLF,HYG,2024-26,-7.623782068700232,-0.9586178240685318,,,,,,,,,,,,,,,,,,,,,,,
reg,,,748.0,,,,day1,C,5,raw,XLF,BTC,2020-23,0.18819672791045855,0.057664412424432945,,,,,,,,,,,,,,,,,,,,,,,
reg,,,685.0,,,,day1,C,5,raw,XLF,BTC,2024-26,-1.7036188979580666,-0.513922335523397,,,,,,,,,,,,,,,,,,,,,,,
reg,,,1006.0,,,,day1,C,5,raw,XLF,VIX,2020-23,6.401014233763278,1.3090535524314861,,,,,,,,,,,,,,,,,,,,,,,
reg,,,685.0,,,,day1,C,5,raw,XLF,VIX,2024-26,1.206553882089288,0.23093358689010238,,,,,,,,,,,,,,,,,,,,,,,
reg,,,1006.0,,,,day1,C,5,raw,XLF,SPY,2020-23,-10.8780933492778,-1.9960562224884337,,,,,,,,,,,,,,,,,,,,,,,
reg,,,685.0,,,,day1,C,5,raw,XLF,SPY,2024-26,-6.820701408569836,-0.9063916134399427,,,,,,,,,,,,,,,,,,,,,,,
reg,,,1006.0,,,,day1,C,5,raw,XLE,TLT,2020-23,-1.4754544123805151,-0.21645739492922,,,,,,,,,,,,,,,,,,,,,,,
reg,,,685.0,,,,day1,C,5,raw,XLE,TLT,2024-26,-6.429389305452319,-1.3608614543338546,,,,,,,,,,,,,,,,,,,,,,,
reg,,,1006.0,,,,day1,C,5,raw,XLE,UUP,2020-23,10.895878971708633,1.7588356385341704,,,,,,,,,,,,,,,,,,,,,,,
reg,,,685.0,,,,day1,C,5,raw,XLE,UUP,2024-26,-1.6850819817457785,-0.3542316812806489,,,,,,,,,,,,,,,,,,,,,,,
reg,,,1006.0,,,,day1,C,5,raw,XLE,USO,2020-23,-2.5076274191851033,-0.339075237318801,,,,,,,,,,,,,,,,,,,,,,,
reg,,,685.0,,,,day1,C,5,raw,XLE,USO,2024-26,-0.5511909790204024,-0.09936384194930602,,,,,,,,,,,,,,,,,,,,,,,
reg,,,1006.0,,,,day1,C,5,raw,XLE,GLD,2020-23,-0.08640274426088575,-0.013696196776148053,,,,,,,,,,,,,,,,,,,,,,,
reg,,,685.0,,,,day1,C,5,raw,XLE,GLD,2024-26,-6.838899550433004,-1.3795028273228027,,,,,,,,,,,,,,,,,,,,,,,
reg,,,1006.0,,,,day1,C,5,raw,XLE,HYG,2020-23,-2.6793571300417054,-0.3418660225402103,,,,,,,,,,,,,,,,,,,,,,,
reg,,,685.0,,,,day1,C,5,raw,XLE,HYG,2024-26,-4.4852077256064735,-0.5463451295075753,,,,,,,,,,,,,,,,,,,,,,,
reg,,,748.0,,,,day1,C,5,raw,XLE,BTC,2020-23,3.611275149967835,0.577957047957273,,,,,,,,,,,,,,,,,,,,,,,
reg,,,685.0,,,,day1,C,5,raw,XLE,BTC,2024-26,-3.632951921984548,-0.8622171896013492,,,,,,,,,,,,,,,,,,,,,,,
reg,,,1006.0,,,,day1,C,5,raw,XLE,VIX,2020-23,0.18196092172626158,0.0303790905084219,,,,,,,,,,,,,,,,,,,,,,,
reg,,,685.0,,,,day1,C,5,raw,XLE,VIX,2024-26,-4.384390675469464,-0.7940133523995131,,,,,,,,,,,,,,,,,,,,,,,
reg,,,1006.0,,,,day1,C,5,raw,XLE,SPY,2020-23,-2.6292980683973752,-0.34631509992882525,,,,,,,,,,,,,,,,,,,,,,,
reg,,,685.0,,,,day1,C,5,raw,XLE,SPY,2024-26,-2.4970312037876647,-0.30504645523549695,,,,,,,,,,,,,,,,,,,,,,,
reg,,,1006.0,,,,day1,C,5,raw,XLV,TLT,2020-23,8.74899337276971,1.8505158561385826,,,,,,,,,,,,,,,,,,,,,,,
reg,,,685.0,,,,day1,C,5,raw,XLV,TLT,2024-26,0.4875054687005617,0.16406489006824682,,,,,,,,,,,,,,,,,,,,,,,
reg,,,1006.0,,,,day1,C,5,raw,XLV,UUP,2020-23,-4.655056181259616,-1.0618700887883672,,,,,,,,,,,,,,,,,,,,,,,
reg,,,685.0,,,,day1,C,5,raw,XLV,UUP,2024-26,0.6078304090417584,0.16423893580885948,,,,,,,,,,,,,,,,,,,,,,,
reg,,,1006.0,,,,day1,C,5,raw,XLV,USO,2020-23,-2.920864581627819,-0.6424984313475458,,,,,,,,,,,,,,,,,,,,,,,
reg,,,685.0,,,,day1,C,5,raw,XLV,USO,2024-26,-2.469503212724437,-0.6329949483055104,,,,,,,,,,,,,,,,,,,,,,,
reg,,,1006.0,,,,day1,C,5,raw,XLV,GLD,2020-23,3.813487283585937,0.7384842995239977,,,,,,,,,,,,,,,,,,,,,,,
reg,,,685.0,,,,day1,C,5,raw,XLV,GLD,2024-26,2.161829148397428,0.6407434821908066,,,,,,,,,,,,,,,,,,,,,,,
reg,,,1006.0,,,,day1,C,5,raw,XLV,HYG,2020-23,3.7386167098193592,0.6539542914812636,,,,,,,,,,,,,,,,,,,,,,,
reg,,,685.0,,,,day1,C,5,raw,XLV,HYG,2024-26,-3.1888457915063273,-0.5502428233581385,,,,,,,,,,,,,,,,,,,,,,,
reg,,,748.0,,,,day1,C,5,raw,XLV,BTC,2020-23,-3.3481830221932265,-1.1703947991299768,,,,,,,,,,,,,,,,,,,,,,,
reg,,,685.0,,,,day1,C,5,raw,XLV,BTC,2024-26,-3.9483283504076163,-1.3169632681666927,,,,,,,,,,,,,,,,,,,,,,,
reg,,,1006.0,,,,day1,C,5,raw,XLV,VIX,2020-23,1.1205065586170717,0.29038113368739266,,,,,,,,,,,,,,,,,,,,,,,
reg,,,685.0,,,,day1,C,5,raw,XLV,VIX,2024-26,3.6523395283746023,0.951735932480474,,,,,,,,,,,,,,,,,,,,,,,
reg,,,1006.0,,,,day1,C,5,raw,XLV,SPY,2020-23,-4.119827773296078,-0.8638159409246863,,,,,,,,,,,,,,,,,,,,,,,
reg,,,685.0,,,,day1,C,5,raw,XLV,SPY,2024-26,-5.557624405424635,-0.9900930986139203,,,,,,,,,,,,,,,,,,,,,,,
reg,,,1006.0,,,,day1,C,5,raw,XLI,TLT,2020-23,7.896293331444099,1.8164564973662576,,,,,,,,,,,,,,,,,,,,,,,
reg,,,685.0,,,,day1,C,5,raw,XLI,TLT,2024-26,-1.5812348876850533,-0.4036404088085231,,,,,,,,,,,,,,,,,,,,,,,
reg,,,1006.0,,,,day1,C,5,raw,XLI,UUP,2020-23,0.19893970948855236,0.04172526754495081,,,,,,,,,,,,,,,,,,,,,,,
reg,,,685.0,,,,day1,C,5,raw,XLI,UUP,2024-26,0.3229323143307383,0.08649047937926313,,,,,,,,,,,,,,,,,,,,,,,
reg,,,1006.0,,,,day1,C,5,raw,XLI,USO,2020-23,-4.582592531743386,-1.1712438213868799,,,,,,,,,,,,,,,,,,,,,,,
reg,,,685.0,,,,day1,C,5,raw,XLI,USO,2024-26,-1.8838895766236894,-0.3356974799807446,,,,,,,,,,,,,,,,,,,,,,,
reg,,,1006.0,,,,day1,C,5,raw,XLI,GLD,2020-23,4.1523142852684085,0.8475353538760549,,,,,,,,,,,,,,,,,,,,,,,
reg,,,685.0,,,,day1,C,5,raw,XLI,GLD,2024-26,-2.7354300657685897,-0.7620897952759051,,,,,,,,,,,,,,,,,,,,,,,
reg,,,1006.0,,,,day1,C,5,raw,XLI,HYG,2020-23,-0.3003045217868176,-0.054421728918427316,,,,,,,,,,,,,,,,,,,,,,,
reg,,,685.0,,,,day1,C,5,raw,XLI,HYG,2024-26,-6.515039016436238,-0.7274230580404374,,,,,,,,,,,,,,,,,,,,,,,
reg,,,748.0,,,,day1,C,5,raw,XLI,BTC,2020-23,2.370281618876515,0.7531441080445128,,,,,,,,,,,,,,,,,,,,,,,
reg,,,685.0,,,,day1,C,5,raw,XLI,BTC,2024-26,-4.080590724588991,-1.1202863633467681,,,,,,,,,,,,,,,,,,,,,,,
reg,,,1006.0,,,,day1,C,5,raw,XLI,VIX,2020-23,1.7745951963050821,0.45598579577021076,,,,,,,,,,,,,,,,,,,,,,,
reg,,,685.0,,,,day1,C,5,raw,XLI,VIX,2024-26,3.3625028088317452,0.5960152547168717,,,,,,,,,,,,,,,,,,,,,,,
reg,,,1006.0,,,,day1,C,5,raw,XLI,SPY,2020-23,-5.236430894980491,-1.373474931437935,,,,,,,,,,,,,,,,,,,,,,,
reg,,,685.0,,,,day1,C,5,raw,XLI,SPY,2024-26,-7.7714793068330845,-0.9437156958886145,,,,,,,,,,,,,,,,,,,,,,,
reg,,,1006.0,,,,day1,C,5,raw,XLY,TLT,2020-23,7.65083803291638,1.6689873582162331,,,,,,,,,,,,,,,,,,,,,,,
reg,,,685.0,,,,day1,C,5,raw,XLY,TLT,2024-26,1.3375982509484106,0.3003463855089396,,,,,,,,,,,,,,,,,,,,,,,
reg,,,1006.0,,,,day1,C,5,raw,XLY,UUP,2020-23,0.47469879867585457,0.11097546852501944,,,,,,,,,,,,,,,,,,,,,,,
reg,,,685.0,,,,day1,C,5,raw,XLY,UUP,2024-26,3.60368871375505,0.8139314222883626,,,,,,,,,,,,,,,,,,,,,,,
reg,,,1006.0,,,,day1,C,5,raw,XLY,USO,2020-23,-8.389049214822935,-1.7325077155295625,,,,,,,,,,,,,,,,,,,,,,,
reg,,,685.0,,,,day1,C,5,raw,XLY,USO,2024-26,-4.202228748830465,-0.7559974286906167,,,,,,,,,,,,,,,,,,,,,,,
reg,,,1006.0,,,,day1,C,5,raw,XLY,GLD,2020-23,1.480787220164765,0.3201962165011653,,,,,,,,,,,,,,,,,,,,,,,
reg,,,685.0,,,,day1,C,5,raw,XLY,GLD,2024-26,-1.725386656190479,-0.4280706745617358,,,,,,,,,,,,,,,,,,,,,,,
reg,,,1006.0,,,,day1,C,5,raw,XLY,HYG,2020-23,-1.7861142135326933,-0.3832156343508263,,,,,,,,,,,,,,,,,,,,,,,
reg,,,685.0,,,,day1,C,5,raw,XLY,HYG,2024-26,-3.986174444463213,-0.42708324029309513,,,,,,,,,,,,,,,,,,,,,,,
reg,,,748.0,,,,day1,C,5,raw,XLY,BTC,2020-23,-3.146515128934581,-0.7222178186501275,,,,,,,,,,,,,,,,,,,,,,,
reg,,,685.0,,,,day1,C,5,raw,XLY,BTC,2024-26,-1.9406683702458536,-0.48984590579401566,,,,,,,,,,,,,,,,,,,,,,,
reg,,,1006.0,,,,day1,C,5,raw,XLY,VIX,2020-23,0.6515085831575305,0.1434429005893171,,,,,,,,,,,,,,,,,,,,,,,
reg,,,685.0,,,,day1,C,5,raw,XLY,VIX,2024-26,-1.160597077074065,-0.1907741342505467,,,,,,,,,,,,,,,,,,,,,,,
reg,,,1006.0,,,,day1,C,5,raw,XLY,SPY,2020-23,-6.716724932775092,-1.3015162491587897,,,,,,,,,,,,,,,,,,,,,,,
reg,,,685.0,,,,day1,C,5,raw,XLY,SPY,2024-26,-7.5000744923174265,-0.8724279559507141,,,,,,,,,,,,,,,,,,,,,,,
reg,,,1006.0,,,,day1,C,5,raw,XLP,TLT,2020-23,7.594001803216334,1.5280390743050032,,,,,,,,,,,,,,,,,,,,,,,
reg,,,685.0,,,,day1,C,5,raw,XLP,TLT,2024-26,-3.1626568251727756,-1.1019764351282586,,,,,,,,,,,,,,,,,,,,,,,
reg,,,1006.0,,,,day1,C,5,raw,XLP,UUP,2020-23,-7.354476669200974,-1.235505415116522,,,,,,,,,,,,,,,,,,,,,,,
reg,,,685.0,,,,day1,C,5,raw,XLP,UUP,2024-26,0.19584958161260027,0.06560011595025574,,,,,,,,,,,,,,,,,,,,,,,
reg,,,1006.0,,,,day1,C,5,raw,XLP,USO,2020-23,-2.138104008117784,-0.40598204384553566,,,,,,,,,,,,,,,,,,,,,,,
reg,,,685.0,,,,day1,C,5,raw,XLP,USO,2024-26,0.08739873772489387,0.025066883347642073,,,,,,,,,,,,,,,,,,,,,,,
reg,,,1006.0,,,,day1,C,5,raw,XLP,GLD,2020-23,0.6915957535197679,0.10534086723346392,,,,,,,,,,,,,,,,,,,,,,,
reg,,,685.0,,,,day1,C,5,raw,XLP,GLD,2024-26,2.1199330283409137,0.7628611931937717,,,,,,,,,,,,,,,,,,,,,,,
reg,,,1006.0,,,,day1,C,5,raw,XLP,HYG,2020-23,7.2530907334947825,1.0015902865170199,,,,,,,,,,,,,,,,,,,,,,,
reg,,,685.0,,,,day1,C,5,raw,XLP,HYG,2024-26,-1.9587309664354982,-0.42232467365941684,,,,,,,,,,,,,,,,,,,,,,,
reg,,,748.0,,,,day1,C,5,raw,XLP,BTC,2020-23,-0.44943378999447553,-0.16292858075821223,,,,,,,,,,,,,,,,,,,,,,,
reg,,,685.0,,,,day1,C,5,raw,XLP,BTC,2024-26,-2.7163048007388246,-1.0550824098290592,,,,,,,,,,,,,,,,,,,,,,,
reg,,,1006.0,,,,day1,C,5,raw,XLP,VIX,2020-23,-0.7969665856346155,-0.14920860085372875,,,,,,,,,,,,,,,,,,,,,,,
reg,,,685.0,,,,day1,C,5,raw,XLP,VIX,2024-26,2.8844041858342013,0.8845639080150619,,,,,,,,,,,,,,,,,,,,,,,
reg,,,1006.0,,,,day1,C,5,raw,XLP,SPY,2020-23,-1.7058104822037525,-0.2756201331900653,,,,,,,,,,,,,,,,,,,,,,,
reg,,,685.0,,,,day1,C,5,raw,XLP,SPY,2024-26,-2.4139044494507234,-0.5100878132325565,,,,,,,,,,,,,,,,,,,,,,,
reg,,,1006.0,,,,day1,C,5,raw,XLU,TLT,2020-23,15.371473561456678,2.148888287035305,,,,,,,,,,,,,,,,,,,,,,,
reg,,,685.0,,,,day1,C,5,raw,XLU,TLT,2024-26,-7.813224839091519,-1.7628367286788378,,,,,,,,,,,,,,,,,,,,,,,
reg,,,1006.0,,,,day1,C,5,raw,XLU,UUP,2020-23,-8.70763558969595,-1.0833096756773477,,,,,,,,,,,,,,,,,,,,,,,
reg,,,685.0,,,,day1,C,5,raw,XLU,UUP,2024-26,7.776521670113561,1.8443332213777313,,,,,,,,,,,,,,,,,,,,,,,
reg,,,1006.0,,,,day1,C,5,raw,XLU,USO,2020-23,6.53529099944072,0.9424670725133877,,,,,,,,,,,,,,,,,,,,,,,
reg,,,685.0,,,,day1,C,5,raw,XLU,USO,2024-26,3.4572953270622153,0.8167617234042536,,,,,,,,,,,,,,,,,,,,,,,
reg,,,1006.0,,,,day1,C,5,raw,XLU,GLD,2020-23,10.642705616107657,1.2828987829471614,,,,,,,,,,,,,,,,,,,,,,,
reg,,,685.0,,,,day1,C,5,raw,XLU,GLD,2024-26,0.715357809921841,0.18989918024900307,,,,,,,,,,,,,,,,,,,,,,,
reg,,,1006.0,,,,day1,C,5,raw,XLU,HYG,2020-23,10.752421644728788,1.1092347911352654,,,,,,,,,,,,,,,,,,,,,,,
reg,,,685.0,,,,day1,C,5,raw,XLU,HYG,2024-26,-5.348530545556774,-0.9496772193286686,,,,,,,,,,,,,,,,,,,,,,,
reg,,,748.0,,,,day1,C,5,raw,XLU,BTC,2020-23,3.3774736264412515,0.88507674951102,,,,,,,,,,,,,,,,,,,,,,,
reg,,,685.0,,,,day1,C,5,raw,XLU,BTC,2024-26,-0.006321896283597938,-0.0018203078075423103,,,,,,,,,,,,,,,,,,,,,,,
reg,,,1006.0,,,,day1,C,5,raw,XLU,VIX,2020-23,-7.432483617827816,-1.2527992085920954,,,,,,,,,,,,,,,,,,,,,,,
reg,,,685.0,,,,day1,C,5,raw,XLU,VIX,2024-26,2.2295484009638202,0.5062089458457719,,,,,,,,,,,,,,,,,,,,,,,
reg,,,1006.0,,,,day1,C,5,raw,XLU,SPY,2020-23,6.626089393285051,0.9249785745714377,,,,,,,,,,,,,,,,,,,,,,,
reg,,,685.0,,,,day1,C,5,raw,XLU,SPY,2024-26,-1.8389584987706167,-0.3105563646829247,,,,,,,,,,,,,,,,,,,,,,,
reg,,,1006.0,,,,day1,C,5,raw,XLB,TLT,2020-23,0.4648880706924893,0.0798271766978911,,,,,,,,,,,,,,,,,,,,,,,
reg,,,685.0,,,,day1,C,5,raw,XLB,TLT,2024-26,-3.3732717930842493,-0.8156462225346552,,,,,,,,,,,,,,,,,,,,,,,
reg,,,1006.0,,,,day1,C,5,raw,XLB,UUP,2020-23,9.607728915803378,1.677523279679754,,,,,,,,,,,,,,,,,,,,,,,
reg,,,685.0,,,,day1,C,5,raw,XLB,UUP,2024-26,0.2134697205275843,0.05672035280593388,,,,,,,,,,,,,,,,,,,,,,,
reg,,,1006.0,,,,day1,C,5,raw,XLB,USO,2020-23,-8.987544072743528,-1.6093248832089373,,,,,,,,,,,,,,,,,,,,,,,
reg,,,685.0,,,,day1,C,5,raw,XLB,USO,2024-26,-4.7230956774881925,-0.945193764751168,,,,,,,,,,,,,,,,,,,,,,,
reg,,,1006.0,,,,day1,C,5,raw,XLB,GLD,2020-23,-4.170706613270009,-0.5494588458078608,,,,,,,,,,,,,,,,,,,,,,,
reg,,,685.0,,,,day1,C,5,raw,XLB,GLD,2024-26,-2.3927671490308744,-0.6335925463631978,,,,,,,,,,,,,,,,,,,,,,,
reg,,,1006.0,,,,day1,C,5,raw,XLB,HYG,2020-23,-9.32122658397993,-1.2875143567511402,,,,,,,,,,,,,,,,,,,,,,,
reg,,,685.0,,,,day1,C,5,raw,XLB,HYG,2024-26,-3.0864289953541633,-0.3751315828973332,,,,,,,,,,,,,,,,,,,,,,,
reg,,,748.0,,,,day1,C,5,raw,XLB,BTC,2020-23,3.1624321717785375,0.9183814099441772,,,,,,,,,,,,,,,,,,,,,,,
reg,,,685.0,,,,day1,C,5,raw,XLB,BTC,2024-26,-1.4363109052091325,-0.3862966742277697,,,,,,,,,,,,,,,,,,,,,,,
reg,,,1006.0,,,,day1,C,5,raw,XLB,VIX,2020-23,8.203155940654534,1.3773405431760959,,,,,,,,,,,,,,,,,,,,,,,
reg,,,685.0,,,,day1,C,5,raw,XLB,VIX,2024-26,0.7650913383192598,0.14367777558724174,,,,,,,,,,,,,,,,,,,,,,,
reg,,,1006.0,,,,day1,C,5,raw,XLB,SPY,2020-23,-12.583010860028947,-1.8864124487235165,,,,,,,,,,,,,,,,,,,,,,,
reg,,,685.0,,,,day1,C,5,raw,XLB,SPY,2024-26,-3.951593095255614,-0.5140449133676702,,,,,,,,,,,,,,,,,,,,,,,
reg,,,1006.0,,,,day1,C,5,raw,XLRE,TLT,2020-23,15.947600272513826,2.5148275407063103,,,,,,,,,,,,,,,,,,,,,,,
reg,,,685.0,,,,day1,C,5,raw,XLRE,TLT,2024-26,-2.533958378441627,-0.586837855623567,,,,,,,,,,,,,,,,,,,,,,,
reg,,,1006.0,,,,day1,C,5,raw,XLRE,UUP,2020-23,-6.513828183087789,-1.1449807917695833,,,,,,,,,,,,,,,,,,,,,,,
reg,,,685.0,,,,day1,C,5,raw,XLRE,UUP,2024-26,2.202588409819102,0.5471807084673895,,,,,,,,,,,,,,,,,,,,,,,
reg,,,1006.0,,,,day1,C,5,raw,XLRE,USO,2020-23,1.6587652175884329,0.3273649424131135,,,,,,,,,,,,,,,,,,,,,,,
reg,,,685.0,,,,day1,C,5,raw,XLRE,USO,2024-26,2.2982076388307218,0.5016487417546528,,,,,,,,,,,,,,,,,,,,,,,
reg,,,1006.0,,,,day1,C,5,raw,XLRE,GLD,2020-23,11.234985050044436,1.7475859724664486,,,,,,,,,,,,,,,,,,,,,,,
reg,,,685.0,,,,day1,C,5,raw,XLRE,GLD,2024-26,3.2389357476047578,0.8966479167753727,,,,,,,,,,,,,,,,,,,,,,,
reg,,,1006.0,,,,day1,C,5,raw,XLRE,HYG,2020-23,4.039348700522396,0.5777627995625402,,,,,,,,,,,,,,,,,,,,,,,
reg,,,685.0,,,,day1,C,5,raw,XLRE,HYG,2024-26,-1.9556044619318451,-0.27133960485075415,,,,,,,,,,,,,,,,,,,,,,,
reg,,,748.0,,,,day1,C,5,raw,XLRE,BTC,2020-23,-0.6007586817201169,-0.146359565802978,,,,,,,,,,,,,,,,,,,,,,,
reg,,,685.0,,,,day1,C,5,raw,XLRE,BTC,2024-26,-2.649505432729312,-0.7247400357204999,,,,,,,,,,,,,,,,,,,,,,,
reg,,,1006.0,,,,day1,C,5,raw,XLRE,VIX,2020-23,-5.608810237669775,-1.031632719366191,,,,,,,,,,,,,,,,,,,,,,,
reg,,,685.0,,,,day1,C,5,raw,XLRE,VIX,2024-26,3.2073879419022417,0.6819768318053226,,,,,,,,,,,,,,,,,,,,,,,
reg,,,1006.0,,,,day1,C,5,raw,XLRE,SPY,2020-23,0.43128412928955584,0.07754445332169534,,,,,,,,,,,,,,,,,,,,,,,
reg,,,685.0,,,,day1,C,5,raw,XLRE,SPY,2024-26,-0.926323340693847,-0.13211169297268965,,,,,,,,,,,,,,,,,,,,,,,
reg,,,1006.0,,,,day1,C,5,raw,XLC,TLT,2020-23,5.553138410922597,1.1554924270709006,,,,,,,,,,,,,,,,,,,,,,,
reg,,,685.0,,,,day1,C,5,raw,XLC,TLT,2024-26,1.7020104127897395,0.48202388950955527,,,,,,,,,,,,,,,,,,,,,,,
reg,,,1006.0,,,,day1,C,5,raw,XLC,UUP,2020-23,-5.693971634849222,-1.164384386787884,,,,,,,,,,,,,,,,,,,,,,,
reg,,,685.0,,,,day1,C,5,raw,XLC,UUP,2024-26,-2.284618182567787,-0.6059816427351199,,,,,,,,,,,,,,,,,,,,,,,
reg,,,1006.0,,,,day1,C,5,raw,XLC,USO,2020-23,-6.190943043662569,-1.305898254779617,,,,,,,,,,,,,,,,,,,,,,,
reg,,,685.0,,,,day1,C,5,raw,XLC,USO,2024-26,-2.0375351255404768,-0.4099828620437796,,,,,,,,,,,,,,,,,,,,,,,
reg,,,1006.0,,,,day1,C,5,raw,XLC,GLD,2020-23,0.04784942547732109,0.00861973527079387,,,,,,,,,,,,,,,,,,,,,,,
reg,,,685.0,,,,day1,C,5,raw,XLC,GLD,2024-26,2.059228150650002,0.5988097053532241,,,,,,,,,,,,,,,,,,,,,,,
reg,,,1006.0,,,,day1,C,5,raw,XLC,HYG,2020-23,-0.5800937574254793,-0.11363120067546795,,,,,,,,,,,,,,,,,,,,,,,
reg,,,685.0,,,,day1,C,5,raw,XLC,HYG,2024-26,-4.237839359050882,-0.5238473156488661,,,,,,,,,,,,,,,,,,,,,,,
reg,,,748.0,,,,day1,C,5,raw,XLC,BTC,2020-23,-2.1120013140961382,-0.518982873557568,,,,,,,,,,,,,,,,,,,,,,,
reg,,,685.0,,,,day1,C,5,raw,XLC,BTC,2024-26,-0.6029719546409411,-0.18300369194452876,,,,,,,,,,,,,,,,,,,,,,,
reg,,,1006.0,,,,day1,C,5,raw,XLC,VIX,2020-23,3.623863088119088,0.7444572342275717,,,,,,,,,,,,,,,,,,,,,,,
reg,,,685.0,,,,day1,C,5,raw,XLC,VIX,2024-26,-3.2450084187834736,-0.6277401654650369,,,,,,,,,,,,,,,,,,,,,,,
reg,,,1006.0,,,,day1,C,5,raw,XLC,SPY,2020-23,-8.69878637199344,-1.6520401548786348,,,,,,,,,,,,,,,,,,,,,,,
reg,,,685.0,,,,day1,C,5,raw,XLC,SPY,2024-26,-5.733529973033676,-0.7491626720048108,,,,,,,,,,,,,,,,,,,,,,,
reg,,,1006.0,,,,day1,C,5,raw,SMH,TLT,2020-23,12.391655963920375,2.329582703153928,,,,,,,,,,,,,,,,,,,,,,,
reg,,,685.0,,,,day1,C,5,raw,SMH,TLT,2024-26,0.4548451011235489,0.059136391555639226,,,,,,,,,,,,,,,,,,,,,,,
reg,,,1006.0,,,,day1,C,5,raw,SMH,UUP,2020-23,-1.7064515191663054,-0.3061075915101768,,,,,,,,,,,,,,,,,,,,,,,
reg,,,685.0,,,,day1,C,5,raw,SMH,UUP,2024-26,5.440300124918974,0.7956130341565659,,,,,,,,,,,,,,,,,,,,,,,
reg,,,1006.0,,,,day1,C,5,raw,SMH,USO,2020-23,-11.333471149557854,-2.0312787482776864,,,,,,,,,,,,,,,,,,,,,,,
reg,,,685.0,,,,day1,C,5,raw,SMH,USO,2024-26,1.9195400819373487,0.19831347409292088,,,,,,,,,,,,,,,,,,,,,,,
reg,,,1006.0,,,,day1,C,5,raw,SMH,GLD,2020-23,-0.2975585658901337,-0.04767437515074644,,,,,,,,,,,,,,,,,,,,,,,
reg,,,685.0,,,,day1,C,5,raw,SMH,GLD,2024-26,-9.451788832096357,-1.4339643839214886,,,,,,,,,,,,,,,,,,,,,,,
reg,,,1006.0,,,,day1,C,5,raw,SMH,HYG,2020-23,-5.684487131577037,-1.040069300639231,,,,,,,,,,,,,,,,,,,,,,,
reg,,,685.0,,,,day1,C,5,raw,SMH,HYG,2024-26,-10.240526223842929,-0.7346791855460578,,,,,,,,,,,,,,,,,,,,,,,
reg,,,748.0,,,,day1,C,5,raw,SMH,BTC,2020-23,-6.624491666953198,-1.0461315614409086,,,,,,,,,,,,,,,,,,,,,,,
reg,,,685.0,,,,day1,C,5,raw,SMH,BTC,2024-26,-1.9060485497354371,-0.2542124555354633,,,,,,,,,,,,,,,,,,,,,,,
reg,,,1006.0,,,,day1,C,5,raw,SMH,VIX,2020-23,3.249990927608351,0.5999826410099142,,,,,,,,,,,,,,,,,,,,,,,
reg,,,685.0,,,,day1,C,5,raw,SMH,VIX,2024-26,-5.834259019924658,-0.5494477343085887,,,,,,,,,,,,,,,,,,,,,,,
reg,,,1006.0,,,,day1,C,5,raw,SMH,SPY,2020-23,-15.27156085571133,-2.5976686136812916,,,,,,,,,,,,,,,,,,,,,,,
reg,,,685.0,,,,day1,C,5,raw,SMH,SPY,2024-26,-10.984039751544886,-0.8321598918676705,,,,,,,,,,,,,,,,,,,,,,,
reg,,,1006.0,,,,day1,C,5,raw,XBI,TLT,2020-23,4.57518027143077,0.6582544860484629,,,,,,,,,,,,,,,,,,,,,,,
reg,,,685.0,,,,day1,C,5,raw,XBI,TLT,2024-26,-2.8153725779381853,-0.45971557171371935,,,,,,,,,,,,,,,,,,,,,,,
reg,,,1006.0,,,,day1,C,5,raw,XBI,UUP,2020-23,8.474980265048428,1.4139647588406623,,,,,,,,,,,,,,,,,,,,,,,
reg,,,685.0,,,,day1,C,5,raw,XBI,UUP,2024-26,-2.750662651295762,-0.43549662161625136,,,,,,,,,,,,,,,,,,,,,,,
reg,,,1006.0,,,,day1,C,5,raw,XBI,USO,2020-23,-9.587045464083237,-1.1410999728255597,,,,,,,,,,,,,,,,,,,,,,,
reg,,,685.0,,,,day1,C,5,raw,XBI,USO,2024-26,-3.1011632684228743,-0.43340313663265106,,,,,,,,,,,,,,,,,,,,,,,
reg,,,1006.0,,,,day1,C,5,raw,XBI,GLD,2020-23,-2.6903201108687855,-0.40052498056230307,,,,,,,,,,,,,,,,,,,,,,,
reg,,,685.0,,,,day1,C,5,raw,XBI,GLD,2024-26,-1.9120935125609506,-0.34634350513658074,,,,,,,,,,,,,,,,,,,,,,,
reg,,,1006.0,,,,day1,C,5,raw,XBI,HYG,2020-23,-8.126459035435445,-1.1192151237891113,,,,,,,,,,,,,,,,,,,,,,,
reg,,,685.0,,,,day1,C,5,raw,XBI,HYG,2024-26,-11.30086278072658,-1.2166732798880622,,,,,,,,,,,,,,,,,,,,,,,
reg,,,748.0,,,,day1,C,5,raw,XBI,BTC,2020-23,-20.34799345128994,-2.7103655330931566,,,,,,,,,,,,,,,,,,,,,,,
reg,,,685.0,,,,day1,C,5,raw,XBI,BTC,2024-26,-12.574291349783916,-1.9536401348766805,,,,,,,,,,,,,,,,,,,,,,,
reg,,,1006.0,,,,day1,C,5,raw,XBI,VIX,2020-23,5.78615163035252,0.8392700670046623,,,,,,,,,,,,,,,,,,,,,,,
reg,,,685.0,,,,day1,C,5,raw,XBI,VIX,2024-26,4.438007280216848,0.601864523402351,,,,,,,,,,,,,,,,,,,,,,,
reg,,,1006.0,,,,day1,C,5,raw,XBI,SPY,2020-23,-15.79517513272043,-1.9978043092049544,,,,,,,,,,,,,,,,,,,,,,,
reg,,,685.0,,,,day1,C,5,raw,XBI,SPY,2024-26,-15.510368834051864,-1.8270524382914688,,,,,,,,,,,,,,,,,,,,,,,
reg,,,1006.0,,,,day1,C,5,raw,KRE,TLT,2020-23,5.93647984961831,0.8598823445331696,,,,,,,,,,,,,,,,,,,,,,,
reg,,,685.0,,,,day1,C,5,raw,KRE,TLT,2024-26,-8.790439655829546,-1.594998091411071,,,,,,,,,,,,,,,,,,,,,,,
reg,,,1006.0,,,,day1,C,5,raw,KRE,UUP,2020-23,6.142016418504941,0.9710379839052387,,,,,,,,,,,,,,,,,,,,,,,
reg,,,685.0,,,,day1,C,5,raw,KRE,UUP,2024-26,3.5801055749857738,0.6553231548251593,,,,,,,,,,,,,,,,,,,,,,,
reg,,,1006.0,,,,day1,C,5,raw,KRE,USO,2020-23,-7.403183988175202,-0.9881603206256588,,,,,,,,,,,,,,,,,,,,,,,
reg,,,685.0,,,,day1,C,5,raw,KRE,USO,2024-26,5.32931057231926,0.9044268914398874,,,,,,,,,,,,,,,,,,,,,,,
reg,,,1006.0,,,,day1,C,5,raw,KRE,GLD,2020-23,3.373288219338282,0.4354176342207323,,,,,,,,,,,,,,,,,,,,,,,
reg,,,685.0,,,,day1,C,5,raw,KRE,GLD,2024-26,-7.592026249016934,-1.6100079610973421,,,,,,,,,,,,,,,,,,,,,,,
reg,,,1006.0,,,,day1,C,5,raw,KRE,HYG,2020-23,-9.720964401443721,-0.9778230499597997,,,,,,,,,,,,,,,,,,,,,,,
reg,,,685.0,,,,day1,C,5,raw,KRE,HYG,2024-26,-10.780285266039241,-1.333720266031019,,,,,,,,,,,,,,,,,,,,,,,
reg,,,748.0,,,,day1,C,5,raw,KRE,BTC,2020-23,-2.310150579829187,-0.44709894006279577,,,,,,,,,,,,,,,,,,,,,,,
reg,,,685.0,,,,day1,C,5,raw,KRE,BTC,2024-26,-9.745984917691276,-1.686742491804699,,,,,,,,,,,,,,,,,,,,,,,
reg,,,1006.0,,,,day1,C,5,raw,KRE,VIX,2020-23,9.970553073298671,1.5621604357607008,,,,,,,,,,,,,,,,,,,,,,,
reg,,,685.0,,,,day1,C,5,raw,KRE,VIX,2024-26,1.437175722219568,0.23819944495963605,,,,,,,,,,,,,,,,,,,,,,,
reg,,,1006.0,,,,day1,C,5,raw,KRE,SPY,2020-23,-13.840513966223146,-1.918689105088022,,,,,,,,,,,,,,,,,,,,,,,
reg,,,685.0,,,,day1,C,5,raw,KRE,SPY,2024-26,-11.926993705864485,-1.5625452693445003,,,,,,,,,,,,,,,,,,,,,,,
reg,,,1006.0,,,,day1,C,5,excess,XLK,TLT,2020-23,1.90115510656195,0.8839354226447947,,,,,,,,,,,,,,,,,,,,,,,
reg,,,685.0,,,,day1,C,5,excess,XLK,TLT,2024-26,0.5773247056937049,0.21238872334691364,,,,,,,,,,,,,,,,,,,,,,,
reg,,,1006.0,,,,day1,C,5,excess,XLK,UUP,2020-23,-1.0315329441436158,-0.48545217803474966,,,,,,,,,,,,,,,,,,,,,,,
reg,,,685.0,,,,day1,C,5,excess,XLK,UUP,2024-26,1.5278814915121828,0.6116736269045858,,,,,,,,,,,,,,,,,,,,,,,
reg,,,1006.0,,,,day1,C,5,excess,XLK,USO,2020-23,-5.34147311768873,-1.8330849624836343,,,,,,,,,,,,,,,,,,,,,,,
reg,,,685.0,,,,day1,C,5,excess,XLK,USO,2024-26,0.39863384244502703,0.1381860284598552,,,,,,,,,,,,,,,,,,,,,,,
reg,,,1006.0,,,,day1,C,5,excess,XLK,GLD,2020-23,-2.8738294684614503,-1.0434873716247282,,,,,,,,,,,,,,,,,,,,,,,
reg,,,685.0,,,,day1,C,5,excess,XLK,GLD,2024-26,-1.9240305346004931,-0.7306807160117419,,,,,,,,,,,,,,,,,,,,,,,
reg,,,1006.0,,,,day1,C,5,excess,XLK,HYG,2020-23,-5.634090833945126,-1.9282172011136682,,,,,,,,,,,,,,,,,,,,,,,
reg,,,685.0,,,,day1,C,5,excess,XLK,HYG,2024-26,-0.9431176623814563,-0.31858100792460103,,,,,,,,,,,,,,,,,,,,,,,
reg,,,748.0,,,,day1,C,5,excess,XLK,BTC,2020-23,-2.3889379121317464,-1.3119189551424264,,,,,,,,,,,,,,,,,,,,,,,
reg,,,685.0,,,,day1,C,5,excess,XLK,BTC,2024-26,2.9869935624768886,1.0461860339392384,,,,,,,,,,,,,,,,,,,,,,,
reg,,,1006.0,,,,day1,C,5,excess,XLK,VIX,2020-23,3.2364306895910864,1.265683731789497,,,,,,,,,,,,,,,,,,,,,,,
reg,,,685.0,,,,day1,C,5,excess,XLK,VIX,2024-26,-3.8919547181909366,-1.204754616462966,,,,,,,,,,,,,,,,,,,,,,,
reg,,,1006.0,,,,day1,C,5,excess,XLK,SPY,2020-23,-8.07855682997283,-2.7948941269493304,,,,,,,,,,,,,,,,,,,,,,,
reg,,,685.0,,,,day1,C,5,excess,XLK,SPY,2024-26,-0.16917960140723,-0.05379838711835315,,,,,,,,,,,,,,,,,,,,,,,
reg,,,1006.0,,,,day1,C,5,excess,XLF,TLT,2020-23,-2.053870053932826,-0.8621522694012179,,,,,,,,,,,,,,,,,,,,,,,
reg,,,685.0,,,,day1,C,5,excess,XLF,TLT,2024-26,-3.0373083218245474,-1.1208284293739372,,,,,,,,,,,,,,,,,,,,,,,
reg,,,1006.0,,,,day1,C,5,excess,XLF,UUP,2020-23,5.02812844596415,1.9737617534038556,,,,,,,,,,,,,,,,,,,,,,,
reg,,,685.0,,,,day1,C,5,excess,XLF,UUP,2024-26,0.0826252375620485,0.03811862462949424,,,,,,,,,,,,,,,,,,,,,,,
reg,,,1006.0,,,,day1,C,5,excess,XLF,USO,2020-23,-2.6294763427925556,-0.7637486700448939,,,,,,,,,,,,,,,,,,,,,,,
reg,,,685.0,,,,day1,C,5,excess,XLF,USO,2024-26,2.442982628619352,1.016279426121226,,,,,,,,,,,,,,,,,,,,,,,
reg,,,1006.0,,,,day1,C,5,excess,XLF,GLD,2020-23,-1.0915937779445382,-0.33680546315321325,,,,,,,,,,,,,,,,,,,,,,,
reg,,,685.0,,,,day1,C,5,excess,XLF,GLD,2024-26,-0.7241485883861553,-0.3165947885625728,,,,,,,,,,,,,,,,,,,,,,,
reg,,,1006.0,,,,day1,C,5,excess,XLF,HYG,2020-23,-8.085791801756825,-2.16970983993019,,,,,,,,,,,,,,,,,,,,,,,
reg,,,685.0,,,,day1,C,5,excess,XLF,HYG,2024-26,-1.3576064100591931,-0.5376547601604229,,,,,,,,,,,,,,,,,,,,,,,
reg,,,748.0,,,,day1,C,5,excess,XLF,BTC,2020-23,1.9656479195953174,0.8760108875976065,,,,,,,,,,,,,,,,,,,,,,,
reg,,,685.0,,,,day1,C,5,excess,XLF,BTC,2024-26,-1.164788693520834,-0.4521497687313188,,,,,,,,,,,,,,,,,,,,,,,
reg,,,1006.0,,,,day1,C,5,excess,XLF,VIX,2020-23,5.424780239679679,1.7725978558598754,,,,,,,,,,,,,,,,,,,,,,,
reg,,,685.0,,,,day1,C,5,excess,XLF,VIX,2024-26,0.8519469792335497,0.37215347209908906,,,,,,,,,,,,,,,,,,,,,,,
reg,,,1006.0,,,,day1,C,5,excess,XLF,SPY,2020-23,-5.463743334224789,-1.492847795025822,,,,,,,,,,,,,,,,,,,,,,,
reg,,,685.0,,,,day1,C,5,excess,XLF,SPY,2024-26,-0.2893190230554376,-0.11774233260787798,,,,,,,,,,,,,,,,,,,,,,,
reg,,,1006.0,,,,day1,C,5,excess,XLE,TLT,2020-23,-9.782621052595575,-1.6346687035756253,,,,,,,,,,,,,,,,,,,,,,,
reg,,,685.0,,,,day1,C,5,excess,XLE,TLT,2024-26,-4.932196769149523,-1.0750139525031701,,,,,,,,,,,,,,,,,,,,,,,
reg,,,1006.0,,,,day1,C,5,excess,XLE,UUP,2020-23,14.406978925842973,2.3350605981263914,,,,,,,,,,,,,,,,,,,,,,,
reg,,,685.0,,,,day1,C,5,excess,XLE,UUP,2024-26,-1.5943777482609975,-0.34889225032744775,,,,,,,,,,,,,,,,,,,,,,,
reg,,,1006.0,,,,day1,C,5,excess,XLE,USO,2020-23,1.8672451645884214,0.25884691590920655,,,,,,,,,,,,,,,,,,,,,,,
reg,,,685.0,,,,day1,C,5,excess,XLE,USO,2024-26,1.6011840930864818,0.2869063066468557,,,,,,,,,,,,,,,,,,,,,,,
reg,,,1006.0,,,,day1,C,5,excess,XLE,GLD,2020-23,-2.607610948603531,-0.40012145689395423,,,,,,,,,,,,,,,,,,,,,,,
reg,,,685.0,,,,day1,C,5,excess,XLE,GLD,2024-26,-5.4526109166819365,-0.9329837194786508,,,,,,,,,,,,,,,,,,,,,,,
reg,,,1006.0,,,,day1,C,5,excess,XLE,HYG,2020-23,-4.267678780523828,-0.5623411411747132,,,,,,,,,,,,,,,,,,,,,,,
reg,,,685.0,,,,day1,C,5,excess,XLE,HYG,2024-26,1.7809679330345665,0.3963200415349292,,,,,,,,,,,,,,,,,,,,,,,
reg,,,748.0,,,,day1,C,5,excess,XLE,BTC,2020-23,5.388726341652689,0.8986981131064927,,,,,,,,,,,,,,,,,,,,,,,
reg,,,685.0,,,,day1,C,5,excess,XLE,BTC,2024-26,-3.0941217175473152,-0.7621223221057112,,,,,,,,,,,,,,,,,,,,,,,
reg,,,1006.0,,,,day1,C,5,excess,XLE,VIX,2020-23,-0.7942730723573362,-0.1457853802083323,,,,,,,,,,,,,,,,,,,,,,,
reg,,,685.0,,,,day1,C,5,excess,XLE,VIX,2024-26,-4.738997578325194,-1.028738993947364,,,,,,,,,,,,,,,,,,,,,,,
reg,,,1006.0,,,,day1,C,5,excess,XLE,SPY,2020-23,2.7850519466556056,0.37219871481406736,,,,,,,,,,,,,,,,,,,,,,,
reg,,,685.0,,,,day1,C,5,excess,XLE,SPY,2024-26,4.034351181726757,0.8862796956875147,,,,,,,,,,,,,,,,,,,,,,,
reg,,,1006.0,,,,day1,C,5,excess,XLV,TLT,2020-23,0.44182673255464594,0.21352019641953926,,,,,,,,,,,,,,,,,,,,,,,
reg,,,685.0,,,,day1,C,5,excess,XLV,TLT,2024-26,1.9846980050033638,0.600429118215332,,,,,,,,,,,,,,,,,,,,,,,
reg,,,1006.0,,,,day1,C,5,excess,XLV,UUP,2020-23,-1.1439562271252612,-0.5730016561795778,,,,,,,,,,,,,,,,,,,,,,,
reg,,,685.0,,,,day1,C,5,excess,XLV,UUP,2024-26,0.6985346425265323,0.22098379249527011,,,,,,,,,,,,,,,,,,,,,,,
reg,,,1006.0,,,,day1,C,5,excess,XLV,USO,2020-23,1.4540080021457151,0.602724224884434,,,,,,,,,,,,,,,,,,,,,,,
reg,,,685.0,,,,day1,C,5,excess,XLV,USO,2024-26,-0.3171281406175512,-0.08310914643064836,,,,,,,,,,,,,,,,,,,,,,,
reg,,,1006.0,,,,day1,C,5,excess,XLV,GLD,2020-23,1.2922790792432959,0.6276557760266486,,,,,,,,,,,,,,,,,,,,,,,
reg,,,685.0,,,,day1,C,5,excess,XLV,GLD,2024-26,3.5481177821484957,1.0496813796416748,,,,,,,,,,,,,,,,,,,,,,,
reg,,,1006.0,,,,day1,C,5,excess,XLV,HYG,2020-23,2.1502950593372403,0.8177804174692845,,,,,,,,,,,,,,,,,,,,,,,
reg,,,685.0,,,,day1,C,5,excess,XLV,HYG,2024-26,3.077329867134734,0.5862448886225872,,,,,,,,,,,,,,,,,,,,,,,
reg,,,748.0,,,,day1,C,5,excess,XLV,BTC,2020-23,-1.5707318305083773,-0.6765447939060473,,,,,,,,,,,,,,,,,,,,,,,
reg,,,685.0,,,,day1,C,5,excess,XLV,BTC,2024-26,-3.409498145970385,-1.0459971581435985,,,,,,,,,,,,,,,,,,,,,,,
reg,,,1006.0,,,,day1,C,5,excess,XLV,VIX,2020-23,0.14427256453347334,0.07337262967965302,,,,,,,,,,,,,,,,,,,,,,,
reg,,,685.0,,,,day1,C,5,excess,XLV,VIX,2024-26,3.2977326255188566,0.7305525640942899,,,,,,,,,,,,,,,,,,,,,,,
reg,,,1006.0,,,,day1,C,5,excess,XLV,SPY,2020-23,1.2945222417569135,0.5081647913741437,,,,,,,,,,,,,,,,,,,,,,,
reg,,,685.0,,,,day1,C,5,excess,XLV,SPY,2024-26,0.9737579800897697,0.18238609731314076,,,,,,,,,,,,,,,,,,,,,,,
reg,,,1006.0,,,,day1,C,5,excess,XLI,TLT,2020-23,-0.4108733087709801,-0.225134346814152,,,,,,,,,,,,,,,,,,,,,,,
reg,,,685.0,,,,day1,C,5,excess,XLI,TLT,2024-26,-0.08404235138224905,-0.04314136160883123,,,,,,,,,,,,,,,,,,,,,,,
reg,,,1006.0,,,,day1,C,5,excess,XLI,UUP,2020-23,3.7100396636229056,1.7603673365773358,,,,,,,,,,,,,,,,,,,,,,,
reg,,,685.0,,,,day1,C,5,excess,XLI,UUP,2024-26,0.41363654781551423,0.16455143016776774,,,,,,,,,,,,,,,,,,,,,,,
reg,,,1006.0,,,,day1,C,5,excess,XLI,USO,2020-23,-0.2077199479698519,-0.08611865904528848,,,,,,,,,,,,,,,,,,,,,,,
reg,,,685.0,,,,day1,C,5,excess,XLI,USO,2024-26,0.26848549548319006,0.11549368647040945,,,,,,,,,,,,,,,,,,,,,,,
reg,,,1006.0,,,,day1,C,5,excess,XLI,GLD,2020-23,1.6311060809257645,0.728631568232303,,,,,,,,,,,,,,,,,,,,,,,
reg,,,685.0,,,,day1,C,5,excess,XLI,GLD,2024-26,-1.3491414320175268,-0.5454753291494931,,,,,,,,,,,,,,,,,,,,,,,
reg,,,1006.0,,,,day1,C,5,excess,XLI,HYG,2020-23,-1.8886261722689526,-0.645985583240751,,,,,,,,,,,,,,,,,,,,,,,
reg,,,685.0,,,,day1,C,5,excess,XLI,HYG,2024-26,-0.24886335779518876,-0.14145769755074947,,,,,,,,,,,,,,,,,,,,,,,
reg,,,748.0,,,,day1,C,5,excess,XLI,BTC,2020-23,4.147732810561367,2.5078561275260367,,,,,,,,,,,,,,,,,,,,,,,
reg,,,685.0,,,,day1,C,5,excess,XLI,BTC,2024-26,-3.541760520151759,-1.6912258919517653,,,,,,,,,,,,,,,,,,,,,,,
reg,,,1006.0,,,,day1,C,5,excess,XLI,VIX,2020-23,0.7983612022214853,0.38440540623820335,,,,,,,,,,,,,,,,,,,,,,,
reg,,,685.0,,,,day1,C,5,excess,XLI,VIX,2024-26,3.007895905976014,1.5548470142796607,,,,,,,,,,,,,,,,,,,,,,,
reg,,,1006.0,,,,day1,C,5,excess,XLI,SPY,2020-23,0.17791912007250837,0.07393360700996296,,,,,,,,,,,,,,,,,,,,,,,
reg,,,685.0,,,,day1,C,5,excess,XLI,SPY,2024-26,-1.2400969213186743,-0.6074152694826859,,,,,,,,,,,,,,,,,,,,,,,
reg,,,1006.0,,,,day1,C,5,excess,XLY,TLT,2020-23,-0.6563286072986872,-0.25063629280523986,,,,,,,,,,,,,,,,,,,,,,,
reg,,,685.0,,,,day1,C,5,excess,XLY,TLT,2024-26,2.8347907872512126,1.2503319085033426,,,,,,,,,,,,,,,,,,,,,,,
reg,,,1006.0,,,,day1,C,5,excess,XLY,UUP,2020-23,3.9857987528101946,1.3004730863576281,,,,,,,,,,,,,,,,,,,,,,,
reg,,,685.0,,,,day1,C,5,excess,XLY,UUP,2024-26,3.694392947239831,1.6659379065273383,,,,,,,,,,,,,,,,,,,,,,,
reg,,,1006.0,,,,day1,C,5,excess,XLY,USO,2020-23,-4.014176631049405,-1.1333678664370759,,,,,,,,,,,,,,,,,,,,,,,
reg,,,685.0,,,,day1,C,5,excess,XLY,USO,2024-26,-2.049853676723583,-1.0249997584610888,,,,,,,,,,,,,,,,,,,,,,,
reg,,,1006.0,,,,day1,C,5,excess,XLY,GLD,2020-23,-1.0404209841778822,-0.330096047216568,,,,,,,,,,,,,,,,,,,,,,,
reg,,,685.0,,,,day1,C,5,excess,XLY,GLD,2024-26,-0.33909802243941556,-0.1607190045913007,,,,,,,,,,,,,,,,,,,,,,,
reg,,,1006.0,,,,day1,C,5,excess,XLY,HYG,2020-23,-3.3744358640148286,-0.7223540287410983,,,,,,,,,,,,,,,,,,,,,,,
reg,,,685.0,,,,day1,C,5,excess,XLY,HYG,2024-26,2.2800012141778203,1.0564091706801726,,,,,,,,,,,,,,,,,,,,,,,
reg,,,748.0,,,,day1,C,5,excess,XLY,BTC,2020-23,-1.3690639372497295,-0.6129256883217168,,,,,,,,,,,,,,,,,,,,,,,
reg,,,685.0,,,,day1,C,5,excess,XLY,BTC,2024-26,-1.4018381658086236,-0.7330575278689616,,,,,,,,,,,,,,,,,,,,,,,
reg,,,1006.0,,,,day1,C,5,excess,XLY,VIX,2020-23,-0.32472541092606616,-0.13248728877706079,,,,,,,,,,,,,,,,,,,,,,,
reg,,,685.0,,,,day1,C,5,excess,XLY,VIX,2024-26,-1.5152039799298065,-0.7578605962574348,,,,,,,,,,,,,,,,,,,,,,,
reg,,,1006.0,,,,day1,C,5,excess,XLY,SPY,2020-23,-1.3023749177220971,-0.3475576768434858,,,,,,,,,,,,,,,,,,,,,,,
reg,,,685.0,,,,day1,C,5,excess,XLY,SPY,2024-26,-0.9686921068030171,-0.39016677521965576,,,,,,,,,,,,,,,,,,,,,,,
reg,,,1006.0,,,,day1,C,5,excess,XLP,TLT,2020-23,-0.7131648369987409,-0.23693847394440018,,,,,,,,,,,,,,,,,,,,,,,
reg,,,685.0,,,,day1,C,5,excess,XLP,TLT,2024-26,-1.6654642888699767,-0.46337072489256453,,,,,,,,,,,,,,,,,,,,,,,
reg,,,1006.0,,,,day1,C,5,excess,XLP,UUP,2020-23,-3.843376715066623,-1.0609754356654166,,,,,,,,,,,,,,,,,,,,,,,
reg,,,685.0,,,,day1,C,5,excess,XLP,UUP,2024-26,0.2865538150973774,0.07844732659261786,,,,,,,,,,,,,,,,,,,,,,,
reg,,,1006.0,,,,day1,C,5,excess,XLP,USO,2020-23,2.236768575655747,0.6529011279559663,,,,,,,,,,,,,,,,,,,,,,,
reg,,,685.0,,,,day1,C,5,excess,XLP,USO,2024-26,2.239773809831774,0.5137365859280523,,,,,,,,,,,,,,,,,,,,,,,
reg,,,1006.0,,,,day1,C,5,excess,XLP,GLD,2020-23,-1.8296124508228762,-0.46635336341234274,,,,,,,,,,,,,,,,,,,,,,,
reg,,,685.0,,,,day1,C,5,excess,XLP,GLD,2024-26,3.506221662091981,0.9982091587816043,,,,,,,,,,,,,,,,,,,,,,,
reg,,,1006.0,,,,day1,C,5,excess,XLP,HYG,2020-23,5.6647690830126525,1.3104685970187098,,,,,,,,,,,,,,,,,,,,,,,
reg,,,685.0,,,,day1,C,5,excess,XLP,HYG,2024-26,4.307444692205549,0.6918924660742349,,,,,,,,,,,,,,,,,,,,,,,
reg,,,748.0,,,,day1,C,5,excess,XLP,BTC,2020-23,1.3280174016903739,0.5122417283367183,,,,,,,,,,,,,,,,,,,,,,,
reg,,,685.0,,,,day1,C,5,excess,XLP,BTC,2024-26,-2.1774745963015936,-0.5797688027440343,,,,,,,,,,,,,,,,,,,,,,,
reg,,,1006.0,,,,day1,C,5,excess,XLP,VIX,2020-23,-1.773200579718213,-0.4903978193109204,,,,,,,,,,,,,,,,,,,,,,,
reg,,,685.0,,,,day1,C,5,excess,XLP,VIX,2024-26,2.529797282978456,0.547165636091756,,,,,,,,,,,,,,,,,,,,,,,
reg,,,1006.0,,,,day1,C,5,excess,XLP,SPY,2020-23,3.7085395328492528,0.9065670430339806,,,,,,,,,,,,,,,,,,,,,,,
reg,,,685.0,,,,day1,C,5,excess,XLP,SPY,2024-26,4.117477936063688,0.6874053696410305,,,,,,,,,,,,,,,,,,,,,,,
reg,,,1006.0,,,,day1,C,5,excess,XLU,TLT,2020-23,7.064306921241615,1.4609872471161862,,,,,,,,,,,,,,,,,,,,,,,
reg,,,685.0,,,,day1,C,5,excess,XLU,TLT,2024-26,-6.316032302788718,-1.3452961774310208,,,,,,,,,,,,,,,,,,,,,,,
reg,,,1006.0,,,,day1,C,5,excess,XLU,UUP,2020-23,-5.196535635561606,-0.9513781690238642,,,,,,,,,,,,,,,,,,,,,,,
reg,,,685.0,,,,day1,C,5,excess,XLU,UUP,2024-26,7.867225903598331,1.5921090840381336,,,,,,,,,,,,,,,,,,,,,,,
reg,,,1006.0,,,,day1,C,5,excess,XLU,USO,2020-23,10.91016358321426,2.113720292979996,,,,,,,,,,,,,,,,,,,,,,,
reg,,,685.0,,,,day1,C,5,excess,XLU,USO,2024-26,5.609670399169103,1.226822989946145,,,,,,,,,,,,,,,,,,,,,,,
reg,,,1006.0,,,,day1,C,5,excess,XLU,GLD,2020-23,8.121497411764995,1.5163279619418453,,,,,,,,,,,,,,,,,,,,,,,
reg,,,685.0,,,,day1,C,5,excess,XLU,GLD,2024-26,2.1016464436729096,0.5137018742867228,,,,,,,,,,,,,,,,,,,,,,,
reg,,,1006.0,,,,day1,C,5,excess,XLU,HYG,2020-23,9.164099994246648,1.4158076535246138,,,,,,,,,,,,,,,,,,,,,,,
reg,,,685.0,,,,day1,C,5,excess,XLU,HYG,2024-26,0.9176451130842717,0.1466397661458774,,,,,,,,,,,,,,,,,,,,,,,
reg,,,748.0,,,,day1,C,5,excess,XLU,BTC,2020-23,5.154924818126107,1.4268035652309952,,,,,,,,,,,,,,,,,,,,,,,
reg,,,685.0,,,,day1,C,5,excess,XLU,BTC,2024-26,0.5325083081536371,0.14113003347705597,,,,,,,,,,,,,,,,,,,,,,,
reg,,,1006.0,,,,day1,C,5,excess,XLU,VIX,2020-23,-8.408717611911415,-1.8610714520598266,,,,,,,,,,,,,,,,,,,,,,,
reg,,,685.0,,,,day1,C,5,excess,XLU,VIX,2024-26,1.87494149810808,0.4247711326306922,,,,,,,,,,,,,,,,,,,,,,,
reg,,,1006.0,,,,day1,C,5,excess,XLU,SPY,2020-23,12.040439408338043,2.328761607260067,,,,,,,,,,,,,,,,,,,,,,,
reg,,,685.0,,,,day1,C,5,excess,XLU,SPY,2024-26,4.6924238867437875,0.806499062561493,,,,,,,,,,,,,,,,,,,,,,,
reg,,,1006.0,,,,day1,C,5,excess,XLB,TLT,2020-23,-7.842278569522589,-2.0609685937150237,,,,,,,,,,,,,,,,,,,,,,,
reg,,,685.0,,,,day1,C,5,excess,XLB,TLT,2024-26,-1.87607925678145,-0.6890762300260113,,,,,,,,,,,,,,,,,,,,,,,
reg,,,1006.0,,,,day1,C,5,excess,XLB,UUP,2020-23,13.118828869937735,3.5451719351500737,,,,,,,,,,,,,,,,,,,,,,,
reg,,,685.0,,,,day1,C,5,excess,XLB,UUP,2024-26,0.30417395401236264,0.10861000707925984,,,,,,,,,,,,,,,,,,,,,,,
reg,,,1006.0,,,,day1,C,5,excess,XLB,USO,2020-23,-4.612671488969986,-1.020263665854652,,,,,,,,,,,,,,,,,,,,,,,
reg,,,685.0,,,,day1,C,5,excess,XLB,USO,2024-26,-2.570720605381299,-0.7898869044450018,,,,,,,,,,,,,,,,,,,,,,,
reg,,,1006.0,,,,day1,C,5,excess,XLB,GLD,2020-23,-6.691914817612647,-1.35296175459147,,,,,,,,,,,,,,,,,,,,,,,
reg,,,685.0,,,,day1,C,5,excess,XLB,GLD,2024-26,-1.006478515279807,-0.2665623569777717,,,,,,,,,,,,,,,,,,,,,,,
reg,,,1006.0,,,,day1,C,5,excess,XLB,HYG,2020-23,-10.90954823446205,-2.546410203822058,,,,,,,,,,,,,,,,,,,,,,,
reg,,,685.0,,,,day1,C,5,excess,XLB,HYG,2024-26,3.17974666328688,1.0042907736499331,,,,,,,,,,,,,,,,,,,,,,,
reg,,,748.0,,,,day1,C,5,excess,XLB,BTC,2020-23,4.93988336346339,2.29079937127095,,,,,,,,,,,,,,,,,,,,,,,
reg,,,685.0,,,,day1,C,5,excess,XLB,BTC,2024-26,-0.8974807007719009,-0.3325497483576693,,,,,,,,,,,,,,,,,,,,,,,
reg,,,1006.0,,,,day1,C,5,excess,XLB,VIX,2020-23,7.226921946570934,1.636545516866839,,,,,,,,,,,,,,,,,,,,,,,
reg,,,685.0,,,,day1,C,5,excess,XLB,VIX,2024-26,0.4104844354635249,0.13230145831965992,,,,,,,,,,,,,,,,,,,,,,,
reg,,,1006.0,,,,day1,C,5,excess,XLB,SPY,2020-23,-7.1686608449759435,-1.5895861042696173,,,,,,,,,,,,,,,,,,,,,,,
reg,,,685.0,,,,day1,C,5,excess,XLB,SPY,2024-26,2.579789290258813,0.72216048260578,,,,,,,,,,,,,,,,,,,,,,,
reg,,,1006.0,,,,day1,C,5,excess,XLRE,TLT,2020-23,7.640433632298742,1.9129550944806901,,,,,,,,,,,,,,,,,,,,,,,
reg,,,685.0,,,,day1,C,5,excess,XLRE,TLT,2024-26,-1.0367658421388286,-0.28715888587428884,,,,,,,,,,,,,,,,,,,,,,,
reg,,,1006.0,,,,day1,C,5,excess,XLRE,UUP,2020-23,-3.0027282289534405,-0.800681860232648,,,,,,,,,,,,,,,,,,,,,,,
reg,,,685.0,,,,day1,C,5,excess,XLRE,UUP,2024-26,2.2932926433038823,0.6323177661322832,,,,,,,,,,,,,,,,,,,,,,,
reg,,,1006.0,,,,day1,C,5,excess,XLRE,USO,2020-23,6.033637801361963,1.5501343271592525,,,,,,,,,,,,,,,,,,,,,,,
reg,,,685.0,,,,day1,C,5,excess,XLRE,USO,2024-26,4.4505827109376135,1.2715978851294871,,,,,,,,,,,,,,,,,,,,,,,
reg,,,1006.0,,,,day1,C,5,excess,XLRE,GLD,2020-23,8.713776845701823,2.0347435472290667,,,,,,,,,,,,,,,,,,,,,,,
reg,,,685.0,,,,day1,C,5,excess,XLRE,GLD,2024-26,4.625224381355822,1.3715810962373252,,,,,,,,,,,,,,,,,,,,,,,
reg,,,1006.0,,,,day1,C,5,excess,XLRE,HYG,2020-23,2.45102705004028,0.5243568535975885,,,,,,,,,,,,,,,,,,,,,,,
reg,,,685.0,,,,day1,C,5,excess,XLRE,HYG,2024-26,4.310571196709198,0.9443129528258829,,,,,,,,,,,,,,,,,,,,,,,
reg,,,748.0,,,,day1,C,5,excess,XLRE,BTC,2020-23,1.1766925099647347,0.3922247395451337,,,,,,,,,,,,,,,,,,,,,,,
reg,,,685.0,,,,day1,C,5,excess,XLRE,BTC,2024-26,-2.1106752282920827,-0.6423593367772484,,,,,,,,,,,,,,,,,,,,,,,
reg,,,1006.0,,,,day1,C,5,excess,XLRE,VIX,2020-23,-6.585044231753376,-1.543842246924067,,,,,,,,,,,,,,,,,,,,,,,
reg,,,685.0,,,,day1,C,5,excess,XLRE,VIX,2024-26,2.8527810390464956,0.6791923931963756,,,,,,,,,,,,,,,,,,,,,,,
reg,,,1006.0,,,,day1,C,5,excess,XLRE,SPY,2020-23,5.845634144342545,1.3985674166789417,,,,,,,,,,,,,,,,,,,,,,,
reg,,,685.0,,,,day1,C,5,excess,XLRE,SPY,2024-26,5.605059044820553,1.179461439576021,,,,,,,,,,,,,,,,,,,,,,,
reg,,,1006.0,,,,day1,C,5,excess,XLC,TLT,2020-23,-2.7540282292924743,-1.160366254395167,,,,,,,,,,,,,,,,,,,,,,,
reg,,,685.0,,,,day1,C,5,excess,XLC,TLT,2024-26,3.1992029490925447,1.7126620259976602,,,,,,,,,,,,,,,,,,,,,,,
reg,,,1006.0,,,,day1,C,5,excess,XLC,UUP,2020-23,-2.1828716807148716,-0.7708995170466185,,,,,,,,,,,,,,,,,,,,,,,
reg,,,685.0,,,,day1,C,5,excess,XLC,UUP,2024-26,-2.1939139490830075,-1.2534005796821854,,,,,,,,,,,,,,,,,,,,,,,
reg,,,1006.0,,,,day1,C,5,excess,XLC,USO,2020-23,-1.8160704598890385,-0.612025531065011,,,,,,,,,,,,,,,,,,,,,,,
reg,,,685.0,,,,day1,C,5,excess,XLC,USO,2024-26,0.11483994656641888,0.05008583592715431,,,,,,,,,,,,,,,,,,,,,,,
reg,,,1006.0,,,,day1,C,5,excess,XLC,GLD,2020-23,-2.473358778865317,-0.8608508601810251,,,,,,,,,,,,,,,,,,,,,,,
reg,,,685.0,,,,day1,C,5,excess,XLC,GLD,2024-26,3.4455167844010672,1.6363898749269767,,,,,,,,,,,,,,,,,,,,,,,
reg,,,1006.0,,,,day1,C,5,excess,XLC,HYG,2020-23,-2.168415407907621,-0.6263477137815037,,,,,,,,,,,,,,,,,,,,,,,
reg,,,685.0,,,,day1,C,5,excess,XLC,HYG,2024-26,2.0283362995901575,0.863516761947932,,,,,,,,,,,,,,,,,,,,,,,
reg,,,748.0,,,,day1,C,5,excess,XLC,BTC,2020-23,-0.33455012241128707,-0.14846202685126,,,,,,,,,,,,,,,,,,,,,,,
reg,,,685.0,,,,day1,C,5,excess,XLC,BTC,2024-26,-0.06414175020371127,-0.03265587566244301,,,,,,,,,,,,,,,,,,,,,,,
reg,,,1006.0,,,,day1,C,5,excess,XLC,VIX,2020-23,2.6476290940354943,0.9785320155459137,,,,,,,,,,,,,,,,,,,,,,,
reg,,,685.0,,,,day1,C,5,excess,XLC,VIX,2024-26,-3.5996153216392046,-1.6137943435698703,,,,,,,,,,,,,,,,,,,,,,,
reg,,,1006.0,,,,day1,C,5,excess,XLC,SPY,2020-23,-3.284436356940449,-1.0440295099213202,,,,,,,,,,,,,,,,,,,,,,,
reg,,,685.0,,,,day1,C,5,excess,XLC,SPY,2024-26,0.7978524124807576,0.3515188914234397,,,,,,,,,,,,,,,,,,,,,,,
reg,,,1006.0,,,,day1,C,5,excess,SMH,TLT,2020-23,4.084489323705293,1.187706964695116,,,,,,,,,,,,,,,,,,,,,,,
reg,,,685.0,,,,day1,C,5,excess,SMH,TLT,2024-26,1.9520376374263466,0.38790468749254753,,,,,,,,,,,,,,,,,,,,,,,
reg,,,1006.0,,,,day1,C,5,excess,SMH,UUP,2020-23,1.8046484349680425,0.5126195006959368,,,,,,,,,,,,,,,,,,,,,,,
reg,,,685.0,,,,day1,C,5,excess,SMH,UUP,2024-26,5.5310043584037505,1.2737083431330893,,,,,,,,,,,,,,,,,,,,,,,
reg,,,1006.0,,,,day1,C,5,excess,SMH,USO,2020-23,-6.958598565784323,-1.7460952105945429,,,,,,,,,,,,,,,,,,,,,,,
reg,,,685.0,,,,day1,C,5,excess,SMH,USO,2024-26,4.071915154044233,0.7569464345472582,,,,,,,,,,,,,,,,,,,,,,,
reg,,,1006.0,,,,day1,C,5,excess,SMH,GLD,2020-23,-2.818766770232755,-0.6989740891496858,,,,,,,,,,,,,,,,,,,,,,,
reg,,,685.0,,,,day1,C,5,excess,SMH,GLD,2024-26,-8.065500198345287,-1.8522077992365464,,,,,,,,,,,,,,,,,,,,,,,
reg,,,1006.0,,,,day1,C,5,excess,SMH,HYG,2020-23,-7.2728087820591885,-1.6508341251444625,,,,,,,,,,,,,,,,,,,,,,,
reg,,,685.0,,,,day1,C,5,excess,SMH,HYG,2024-26,-3.974350565201877,-0.7038542275339316,,,,,,,,,,,,,,,,,,,,,,,
reg,,,748.0,,,,day1,C,5,excess,SMH,BTC,2020-23,-4.8470404752683365,-1.1111546528279996,,,,,,,,,,,,,,,,,,,,,,,
reg,,,685.0,,,,day1,C,5,excess,SMH,BTC,2024-26,-1.3672183452982127,-0.27384877208480274,,,,,,,,,,,,,,,,,,,,,,,
reg,,,1006.0,,,,day1,C,5,excess,SMH,VIX,2020-23,2.273756933524755,0.6730939313964346,,,,,,,,,,,,,,,,,,,,,,,
reg,,,685.0,,,,day1,C,5,excess,SMH,VIX,2024-26,-6.188865922780392,-1.0829883458175429,,,,,,,,,,,,,,,,,,,,,,,
reg,,,1006.0,,,,day1,C,5,excess,SMH,SPY,2020-23,-9.857210840658322,-2.405062529862384,,,,,,,,,,,,,,,,,,,,,,,
reg,,,685.0,,,,day1,C,5,excess,SMH,SPY,2024-26,-4.452657366030495,-0.7732246584430024,,,,,,,,,,,,,,,,,,,,,,,
reg,,,1006.0,,,,day1,C,5,excess,XBI,TLT,2020-23,-3.7319863687843005,-0.6508707077805364,,,,,,,,,,,,,,,,,,,,,,,
reg,,,685.0,,,,day1,C,5,excess,XBI,TLT,2024-26,-1.318180041635385,-0.26881109521649826,,,,,,,,,,,,,,,,,,,,,,,
reg,,,1006.0,,,,day1,C,5,excess,XBI,UUP,2020-23,11.986080219182785,2.1335501737748763,,,,,,,,,,,,,,,,,,,,,,,
reg,,,685.0,,,,day1,C,5,excess,XBI,UUP,2024-26,-2.6599584178109876,-0.4733354025843755,,,,,,,,,,,,,,,,,,,,,,,
reg,,,1006.0,,,,day1,C,5,excess,XBI,USO,2020-23,-5.212172880309704,-0.7326008125020886,,,,,,,,,,,,,,,,,,,,,,,
reg,,,685.0,,,,day1,C,5,excess,XBI,USO,2024-26,-0.9487881963159899,-0.18211508060810672,,,,,,,,,,,,,,,,,,,,,,,
reg,,,1006.0,,,,day1,C,5,excess,XBI,GLD,2020-23,-5.211528315211417,-0.8958837784615602,,,,,,,,,,,,,,,,,,,,,,,
reg,,,685.0,,,,day1,C,5,excess,XBI,GLD,2024-26,-0.5258048788098785,-0.10336112549369338,,,,,,,,,,,,,,,,,,,,,,,
reg,,,1006.0,,,,day1,C,5,excess,XBI,HYG,2020-23,-9.714780685917594,-1.3964009037540976,,,,,,,,,,,,,,,,,,,,,,,
reg,,,685.0,,,,day1,C,5,excess,XBI,HYG,2024-26,-5.034687122085549,-0.8895561928098555,,,,,,,,,,,,,,,,,,,,,,,
reg,,,748.0,,,,day1,C,5,excess,XBI,BTC,2020-23,-18.570542259605094,-2.865636282638851,,,,,,,,,,,,,,,,,,,,,,,
reg,,,685.0,,,,day1,C,5,excess,XBI,BTC,2024-26,-12.035461145346675,-2.227825441039605,,,,,,,,,,,,,,,,,,,,,,,
reg,,,1006.0,,,,day1,C,5,excess,XBI,VIX,2020-23,4.809917636268918,0.837074440555407,,,,,,,,,,,,,,,,,,,,,,,
reg,,,685.0,,,,day1,C,5,excess,XBI,VIX,2024-26,4.083400377361117,0.7702945868048748,,,,,,,,,,,,,,,,,,,,,,,
reg,,,1006.0,,,,day1,C,5,excess,XBI,SPY,2020-23,-10.380825117667419,-1.5601234109590019,,,,,,,,,,,,,,,,,,,,,,,
reg,,,685.0,,,,day1,C,5,excess,XBI,SPY,2024-26,-8.97898644853744,-1.5164240593772502,,,,,,,,,,,,,,,,,,,,,,,
reg,,,1006.0,,,,day1,C,5,excess,KRE,TLT,2020-23,-2.3706867905967464,-0.46782169688931435,,,,,,,,,,,,,,,,,,,,,,,
reg,,,685.0,,,,day1,C,5,excess,KRE,TLT,2024-26,-7.293247119526741,-1.5380062516866722,,,,,,,,,,,,,,,,,,,,,,,
reg,,,1006.0,,,,day1,C,5,excess,KRE,UUP,2020-23,9.653116372639309,2.1341996091464184,,,,,,,,,,,,,,,,,,,,,,,
reg,,,685.0,,,,day1,C,5,excess,KRE,UUP,2024-26,3.6708098084705494,0.7307595644669644,,,,,,,,,,,,,,,,,,,,,,,
reg,,,1006.0,,,,day1,C,5,excess,KRE,USO,2020-23,-3.028311404401674,-0.43792324778768504,,,,,,,,,,,,,,,,,,,,,,,
reg,,,685.0,,,,day1,C,5,excess,KRE,USO,2024-26,7.481685644426144,1.725541598280926,,,,,,,,,,,,,,,,,,,,,,,
reg,,,1006.0,,,,day1,C,5,excess,KRE,GLD,2020-23,0.8520800149956271,0.1513970888561711,,,,,,,,,,,,,,,,,,,,,,,
reg,,,685.0,,,,day1,C,5,excess,KRE,GLD,2024-26,-6.205737615265869,-1.3447302767547702,,,,,,,,,,,,,,,,,,,,,,,
reg,,,1006.0,,,,day1,C,5,excess,KRE,HYG,2020-23,-11.30928605192585,-1.3479344236732027,,,,,,,,,,,,,,,,,,,,,,,
reg,,,685.0,,,,day1,C,5,excess,KRE,HYG,2024-26,-4.514109607398188,-0.8837829761400251,,,,,,,,,,,,,,,,,,,,,,,
reg,,,748.0,,,,day1,C,5,excess,KRE,BTC,2020-23,-0.5326993881443407,-0.11616133920590502,,,,,,,,,,,,,,,,,,,,,,,
reg,,,685.0,,,,day1,C,5,excess,KRE,BTC,2024-26,-9.207154713254052,-1.6566563306077382,,,,,,,,,,,,,,,,,,,,,,,
reg,,,1006.0,,,,day1,C,5,excess,KRE,VIX,2020-23,8.994319079215067,1.8253016768100383,,,,,,,,,,,,,,,,,,,,,,,
reg,,,685.0,,,,day1,C,5,excess,KRE,VIX,2024-26,1.082568819363832,0.22839000443127924,,,,,,,,,,,,,,,,,,,,,,,
reg,,,1006.0,,,,day1,C,5,excess,KRE,SPY,2020-23,-8.426163951170158,-1.3653033951066424,,,,,,,,,,,,,,,,,,,,,,,
reg,,,685.0,,,,day1,C,5,excess,KRE,SPY,2024-26,-5.395611320350089,-1.0159349965066615,,,,,,,,,,,,,,,,,,,,,,,
reg,,,1006.0,,,,cc1,C,1,raw,XLK,TLT,2020-23,17.222218548076828,1.917249804091872,,,,,,,,,,,,,,,,,,,,,,,
reg,,,685.0,,,,cc1,C,1,raw,XLK,TLT,2024-26,-4.565436987880769,-0.7115659821623137,,,,,,,,,,,,,,,,,,,,,,,
reg,,,1006.0,,,,cc1,C,1,raw,XLK,UUP,2020-23,-8.272991780203967,-0.8246793332496322,,,,,,,,,,,,,,,,,,,,,,,
reg,,,685.0,,,,cc1,C,1,raw,XLK,UUP,2024-26,-0.568693935106544,-0.07156203442975594,,,,,,,,,,,,,,,,,,,,,,,
reg,,,1006.0,,,,cc1,C,1,raw,XLK,USO,2020-23,-14.688971273403897,-1.7782374530442373,,,,,,,,,,,,,,,,,,,,,,,
reg,,,685.0,,,,cc1,C,1,raw,XLK,USO,2024-26,6.161928436850261,0.7201781818850128,,,,,,,,,,,,,,,,,,,,,,,
reg,,,1006.0,,,,cc1,C,1,raw,XLK,GLD,2020-23,1.8025761629072021,0.2321404279061046,,,,,,,,,,,,,,,,,,,,,,,
reg,,,685.0,,,,cc1,C,1,raw,XLK,GLD,2024-26,-10.840623484300572,-2.114464886227476,,,,,,,,,,,,,,,,,,,,,,,
reg,,,1006.0,,,,cc1,C,1,raw,XLK,HYG,2020-23,-23.80072187824247,-2.15559710202936,,,,,,,,,,,,,,,,,,,,,,,
reg,,,685.0,,,,cc1,C,1,raw,XLK,HYG,2024-26,-9.821157807180056,-0.8566035607912817,,,,,,,,,,,,,,,,,,,,,,,
reg,,,752.0,,,,cc1,C,1,raw,XLK,BTC,2020-23,-10.709039966865456,-2.0503945771702843,,,,,,,,,,,,,,,,,,,,,,,
reg,,,685.0,,,,cc1,C,1,raw,XLK,BTC,2024-26,-0.358959340508464,-0.05948036738524629,,,,,,,,,,,,,,,,,,,,,,,
reg,,,1006.0,,,,cc1,C,1,raw,XLK,VIX,2020-23,-9.381315041533176,-0.932016385998096,,,,,,,,,,,,,,,,,,,,,,,
reg,,,685.0,,,,cc1,C,1,raw,XLK,VIX,2024-26,-7.740895667022585,-1.293157605489296,,,,,,,,,,,,,,,,,,,,,,,
reg,,,1006.0,,,,cc1,C,1,raw,XLK,SPY,2020-23,-32.565626462490975,-2.745084201623929,,,,,,,,,,,,,,,,,,,,,,,
reg,,,685.0,,,,cc1,C,1,raw,XLK,SPY,2024-26,-12.03446629467471,-1.0120969124030552,,,,,,,,,,,,,,,,,,,,,,,
reg,,,1006.0,,,,cc1,C,1,raw,XLF,TLT,2020-23,8.412540938537493,0.7958307367642315,,,,,,,,,,,,,,,,,,,,,,,
reg,,,685.0,,,,cc1,C,1,raw,XLF,TLT,2024-26,-2.376691379551209,-0.5234224523464778,,,,,,,,,,,,,,,,,,,,,,,
reg,,,1006.0,,,,cc1,C,1,raw,XLF,UUP,2020-23,-9.614713228373631,-0.975148074156805,,,,,,,,,,,,,,,,,,,,,,,
reg,,,685.0,,,,cc1,C,1,raw,XLF,UUP,2024-26,0.8319101806471182,0.12445140702180438,,,,,,,,,,,,,,,,,,,,,,,
reg,,,1006.0,,,,cc1,C,1,raw,XLF,USO,2020-23,-7.341871229622416,-0.978166971468387,,,,,,,,,,,,,,,,,,,,,,,
reg,,,685.0,,,,cc1,C,1,raw,XLF,USO,2024-26,3.7747503307086223,0.6717886547286802,,,,,,,,,,,,,,,,,,,,,,,
reg,,,1006.0,,,,cc1,C,1,raw,XLF,GLD,2020-23,0.9947520059910622,0.11616378546961782,,,,,,,,,,,,,,,,,,,,,,,
reg,,,685.0,,,,cc1,C,1,raw,XLF,GLD,2024-26,2.102568232393247,0.6209526533237005,,,,,,,,,,,,,,,,,,,,,,,
reg,,,1006.0,,,,cc1,C,1,raw,XLF,HYG,2020-23,-15.712509582171284,-1.3829960756227468,,,,,,,,,,,,,,,,,,,,,,,
reg,,,685.0,,,,cc1,C,1,raw,XLF,HYG,2024-26,-0.6177398003492375,-0.07157643866996136,,,,,,,,,,,,,,,,,,,,,,,
reg,,,752.0,,,,cc1,C,1,raw,XLF,BTC,2020-23,2.6170461517274455,0.5439445511294625,,,,,,,,,,,,,,,,,,,,,,,
reg,,,685.0,,,,cc1,C,1,raw,XLF,BTC,2024-26,5.0811120493675395,1.2318928859246328,,,,,,,,,,,,,,,,,,,,,,,
reg,,,1006.0,,,,cc1,C,1,raw,XLF,VIX,2020-23,-13.392307226012,-1.2277327253756636,,,,,,,,,,,,,,,,,,,,,,,
reg,,,685.0,,,,cc1,C,1,raw,XLF,VIX,2024-26,0.6189204065461947,0.17260879181426678,,,,,,,,,,,,,,,,,,,,,,,
reg,,,1006.0,,,,cc1,C,1,raw,XLF,SPY,2020-23,-21.57234263301184,-1.581181155321967,,,,,,,,,,,,,,,,,,,,,,,
reg,,,685.0,,,,cc1,C,1,raw,XLF,SPY,2024-26,-2.8927515693037216,-0.32157633142020586,,,,,,,,,,,,,,,,,,,,,,,
reg,,,1006.0,,,,cc1,C,1,raw,XLE,TLT,2020-23,2.1491304617208153,0.14484431951143173,,,,,,,,,,,,,,,,,,,,,,,
reg,,,685.0,,,,cc1,C,1,raw,XLE,TLT,2024-26,-6.851139216976987,-1.433821235456321,,,,,,,,,,,,,,,,,,,,,,,
reg,,,1006.0,,,,cc1,C,1,raw,XLE,UUP,2020-23,3.1243432897112005,0.28397730285821265,,,,,,,,,,,,,,,,,,,,,,,
reg,,,685.0,,,,cc1,C,1,raw,XLE,UUP,2024-26,4.356151875858663,0.5359889067579163,,,,,,,,,,,,,,,,,,,,,,,
reg,,,1006.0,,,,cc1,C,1,raw,XLE,USO,2020-23,-4.865961193950538,-0.5157456308427764,,,,,,,,,,,,,,,,,,,,,,,
reg,,,685.0,,,,cc1,C,1,raw,XLE,USO,2024-26,7.076969701076909,0.8999780661705307,,,,,,,,,,,,,,,,,,,,,,,
reg,,,1006.0,,,,cc1,C,1,raw,XLE,GLD,2020-23,-2.5322602140482915,-0.2219884275725979,,,,,,,,,,,,,,,,,,,,,,,
reg,,,685.0,,,,cc1,C,1,raw,XLE,GLD,2024-26,-4.01715870565273,-0.6857052497000418,,,,,,,,,,,,,,,,,,,,,,,
reg,,,1006.0,,,,cc1,C,1,raw,XLE,HYG,2020-23,-15.577124104180454,-1.4804414112221396,,,,,,,,,,,,,,,,,,,,,,,
reg,,,685.0,,,,cc1,C,1,raw,XLE,HYG,2024-26,-11.879795934845376,-0.9377550451578206,,,,,,,,,,,,,,,,,,,,,,,
reg,,,752.0,,,,cc1,C,1,raw,XLE,BTC,2020-23,-1.2810487886561026,-0.17285504595032347,,,,,,,,,,,,,,,,,,,,,,,
reg,,,685.0,,,,cc1,C,1,raw,XLE,BTC,2024-26,-3.6424157673650015,-0.6537648155963496,,,,,,,,,,,,,,,,,,,,,,,
reg,,,1006.0,,,,cc1,C,1,raw,XLE,VIX,2020-23,-28.913143696351877,-2.1133904235680676,,,,,,,,,,,,,,,,,,,,,,,
reg,,,685.0,,,,cc1,C,1,raw,XLE,VIX,2024-26,-11.810621960716995,-2.3778075750801557,,,,,,,,,,,,,,,,,,,,,,,
reg,,,1006.0,,,,cc1,C,1,raw,XLE,SPY,2020-23,-20.916194826274197,-1.5218683706761569,,,,,,,,,,,,,,,,,,,,,,,
reg,,,685.0,,,,cc1,C,1,raw,XLE,SPY,2024-26,-16.712650436430774,-1.2745426545799146,,,,,,,,,,,,,,,,,,,,,,,
reg,,,1006.0,,,,cc1,C,1,raw,XLV,TLT,2020-23,11.820343894175947,1.603146259445218,,,,,,,,,,,,,,,,,,,,,,,
reg,,,685.0,,,,cc1,C,1,raw,XLV,TLT,2024-26,2.2098671635180143,0.5971599698526563,,,,,,,,,,,,,,,,,,,,,,,
reg,,,1006.0,,,,cc1,C,1,raw,XLV,UUP,2020-23,-12.176495414989882,-1.5280142372841405,,,,,,,,,,,,,,,,,,,,,,,
reg,,,685.0,,,,cc1,C,1,raw,XLV,UUP,2024-26,-0.735949002647599,-0.14040989386216024,,,,,,,,,,,,,,,,,,,,,,,
reg,,,1006.0,,,,cc1,C,1,raw,XLV,USO,2020-23,-6.101372658150891,-1.111714932420398,,,,,,,,,,,,,,,,,,,,,,,
reg,,,685.0,,,,cc1,C,1,raw,XLV,USO,2024-26,0.9999505060136497,0.19161309178312194,,,,,,,,,,,,,,,,,,,,,,,
reg,,,1006.0,,,,cc1,C,1,raw,XLV,GLD,2020-23,3.6528857065110536,0.6778448455431801,,,,,,,,,,,,,,,,,,,,,,,
reg,,,685.0,,,,cc1,C,1,raw,XLV,GLD,2024-26,4.424343825849859,1.1383080704633528,,,,,,,,,,,,,,,,,,,,,,,
reg,,,1006.0,,,,cc1,C,1,raw,XLV,HYG,2020-23,-8.528134343072157,-0.9308995892667798,,,,,,,,,,,,,,,,,,,,,,,
reg,,,685.0,,,,cc1,C,1,raw,XLV,HYG,2024-26,-2.226274976095033,-0.3064615826680061,,,,,,,,,,,,,,,,,,,,,,,
reg,,,752.0,,,,cc1,C,1,raw,XLV,BTC,2020-23,2.9388674546896856,0.9384016085121787,,,,,,,,,,,,,,,,,,,,,,,
reg,,,685.0,,,,cc1,C,1,raw,XLV,BTC,2024-26,-0.3442921534978551,-0.09277349798191503,,,,,,,,,,,,,,,,,,,,,,,
reg,,,1006.0,,,,cc1,C,1,raw,XLV,VIX,2020-23,-8.213781334654236,-1.121529850050406,,,,,,,,,,,,,,,,,,,,,,,
reg,,,685.0,,,,cc1,C,1,raw,XLV,VIX,2024-26,-3.532805280722939,-0.9086166291827269,,,,,,,,,,,,,,,,,,,,,,,
reg,,,1006.0,,,,cc1,C,1,raw,XLV,SPY,2020-23,-14.45804689496306,-1.5188717803079859,,,,,,,,,,,,,,,,,,,,,,,
reg,,,685.0,,,,cc1,C,1,raw,XLV,SPY,2024-26,-4.677188508967098,-0.6207913266077185,,,,,,,,,,,,,,,,,,,,,,,
reg,,,1006.0,,,,cc1,C,1,raw,XLI,TLT,2020-23,10.065461597283582,1.106589673920534,,,,,,,,,,,,,,,,,,,,,,,
reg,,,685.0,,,,cc1,C,1,raw,XLI,TLT,2024-26,-2.120517771036678,-0.47042220308169597,,,,,,,,,,,,,,,,,,,,,,,
reg,,,1006.0,,,,cc1,C,1,raw,XLI,UUP,2020-23,-9.706502561646532,-1.0581916685751664,,,,,,,,,,,,,,,,,,,,,,,
reg,,,685.0,,,,cc1,C,1,raw,XLI,UUP,2024-26,2.4754832606350723,0.40895953559438497,,,,,,,,,,,,,,,,,,,,,,,
reg,,,1006.0,,,,cc1,C,1,raw,XLI,USO,2020-23,-4.8244451037235905,-0.7297541244837736,,,,,,,,,,,,,,,,,,,,,,,
reg,,,685.0,,,,cc1,C,1,raw,XLI,USO,2024-26,3.825764667177564,0.6459280484322458,,,,,,,,,,,,,,,,,,,,,,,
reg,,,1006.0,,,,cc1,C,1,raw,XLI,GLD,2020-23,5.582594796172113,0.6725245785699461,,,,,,,,,,,,,,,,,,,,,,,
reg,,,685.0,,,,cc1,C,1,raw,XLI,GLD,2024-26,-1.5818060106341132,-0.41201706993909754,,,,,,,,,,,,,,,,,,,,,,,
reg,,,1006.0,,,,cc1,C,1,raw,XLI,HYG,2020-23,-10.946318709744883,-1.1919859263880568,,,,,,,,,,,,,,,,,,,,,,,
reg,,,685.0,,,,cc1,C,1,raw,XLI,HYG,2024-26,-3.617280956861219,-0.4387361344268607,,,,,,,,,,,,,,,,,,,,,,,
reg,,,752.0,,,,cc1,C,1,raw,XLI,BTC,2020-23,2.004027197818333,0.5035349674147239,,,,,,,,,,,,,,,,,,,,,,,
reg,,,685.0,,,,cc1,C,1,raw,XLI,BTC,2024-26,-0.47639728038408913,-0.10875711163466115,,,,,,,,,,,,,,,,,,,,,,,
reg,,,1006.0,,,,cc1,C,1,raw,XLI,VIX,2020-23,-15.89923763657723,-1.7194461311310398,,,,,,,,,,,,,,,,,,,,,,,
reg,,,685.0,,,,cc1,C,1,raw,XLI,VIX,2024-26,0.6881512481851938,0.17050448553421277,,,,,,,,,,,,,,,,,,,,,,,
reg,,,1006.0,,,,cc1,C,1,raw,XLI,SPY,2020-23,-15.421576924296584,-1.4466825782459827,,,,,,,,,,,,,,,,,,,,,,,
reg,,,685.0,,,,cc1,C,1,raw,XLI,SPY,2024-26,-5.332468979368988,-0.6255422894411652,,,,,,,,,,,,,,,,,,,,,,,
reg,,,1006.0,,,,cc1,C,1,raw,XLY,TLT,2020-23,15.089197419343293,1.8356295484536205,,,,,,,,,,,,,,,,,,,,,,,
reg,,,685.0,,,,cc1,C,1,raw,XLY,TLT,2024-26,-2.7339469518666486,-0.513729569130183,,,,,,,,,,,,,,,,,,,,,,,
reg,,,1006.0,,,,cc1,C,1,raw,XLY,UUP,2020-23,-7.460859139526899,-0.8426360563429465,,,,,,,,,,,,,,,,,,,,,,,
reg,,,685.0,,,,cc1,C,1,raw,XLY,UUP,2024-26,-0.3180436607325009,-0.0524599650791685,,,,,,,,,,,,,,,,,,,,,,,
reg,,,1006.0,,,,cc1,C,1,raw,XLY,USO,2020-23,-13.462154000915719,-1.9567129655378568,,,,,,,,,,,,,,,,,,,,,,,
reg,,,685.0,,,,cc1,C,1,raw,XLY,USO,2024-26,1.3189268442462683,0.21215819313308373,,,,,,,,,,,,,,,,,,,,,,,
reg,,,1006.0,,,,cc1,C,1,raw,XLY,GLD,2020-23,3.6955109691298422,0.5074476019686598,,,,,,,,,,,,,,,,,,,,,,,
reg,,,685.0,,,,cc1,C,1,raw,XLY,GLD,2024-26,1.3384863465720847,0.30386859699924545,,,,,,,,,,,,,,,,,,,,,,,
reg,,,1006.0,,,,cc1,C,1,raw,XLY,HYG,2020-23,-15.142679105258374,-1.7442938255033726,,,,,,,,,,,,,,,,,,,,,,,
reg,,,685.0,,,,cc1,C,1,raw,XLY,HYG,2024-26,-4.638713257613407,-0.4945175918173085,,,,,,,,,,,,,,,,,,,,,,,
reg,,,752.0,,,,cc1,C,1,raw,XLY,BTC,2020-23,-3.5405381851381814,-0.6695859349855466,,,,,,,,,,,,,,,,,,,,,,,
reg,,,685.0,,,,cc1,C,1,raw,XLY,BTC,2024-26,5.854708687820572,1.2989563907809116,,,,,,,,,,,,,,,,,,,,,,,
reg,,,1006.0,,,,cc1,C,1,raw,XLY,VIX,2020-23,-12.765662940812291,-1.3670628710061528,,,,,,,,,,,,,,,,,,,,,,,
reg,,,685.0,,,,cc1,C,1,raw,XLY,VIX,2024-26,-5.234501618224183,-1.042663001526384,,,,,,,,,,,,,,,,,,,,,,,
reg,,,1006.0,,,,cc1,C,1,raw,XLY,SPY,2020-23,-20.165968884507283,-2.0175061339729488,,,,,,,,,,,,,,,,,,,,,,,
reg,,,685.0,,,,cc1,C,1,raw,XLY,SPY,2024-26,-9.652199176089171,-1.0252796329439366,,,,,,,,,,,,,,,,,,,,,,,
reg,,,1006.0,,,,cc1,C,1,raw,XLP,TLT,2020-23,13.739582445193173,1.8201617713178895,,,,,,,,,,,,,,,,,,,,,,,
reg,,,685.0,,,,cc1,C,1,raw,XLP,TLT,2024-26,-0.34682650530154313,-0.10975128560962416,,,,,,,,,,,,,,,,,,,,,,,
reg,,,1006.0,,,,cc1,C,1,raw,XLP,UUP,2020-23,-8.724301981648567,-0.967954159858473,,,,,,,,,,,,,,,,,,,,,,,
reg,,,685.0,,,,cc1,C,1,raw,XLP,UUP,2024-26,-1.2428386921369434,-0.3017537325384937,,,,,,,,,,,,,,,,,,,,,,,
reg,,,1006.0,,,,cc1,C,1,raw,XLP,USO,2020-23,-6.253593639983795,-1.073321184483819,,,,,,,,,,,,,,,,,,,,,,,
reg,,,685.0,,,,cc1,C,1,raw,XLP,USO,2024-26,1.3673315336701521,0.3209589235402964,,,,,,,,,,,,,,,,,,,,,,,
reg,,,1006.0,,,,cc1,C,1,raw,XLP,GLD,2020-23,-1.2905619142810436,-0.258320008270736,,,,,,,,,,,,,,,,,,,,,,,
reg,,,685.0,,,,cc1,C,1,raw,XLP,GLD,2024-26,4.8333581298294614,1.3458385138842315,,,,,,,,,,,,,,,,,,,,,,,
reg,,,1006.0,,,,cc1,C,1,raw,XLP,HYG,2020-23,-9.176621410040827,-0.9308556291604775,,,,,,,,,,,,,,,,,,,,,,,
reg,,,685.0,,,,cc1,C,1,raw,XLP,HYG,2024-26,1.36108539957058,0.280373983855087,,,,,,,,,,,,,,,,,,,,,,,
reg,,,752.0,,,,cc1,C,1,raw,XLP,BTC,2020-23,0.5120226503918088,0.17224326349958877,,,,,,,,,,,,,,,,,,,,,,,
reg,,,685.0,,,,cc1,C,1,raw,XLP,BTC,2024-26,0.09317987505168336,0.02842997618972685,,,,,,,,,,,,,,,,,,,,,,,
reg,,,1006.0,,,,cc1,C,1,raw,XLP,VIX,2020-23,-10.0194115056,-1.526254767916121,,,,,,,,,,,,,,,,,,,,,,,
reg,,,685.0,,,,cc1,C,1,raw,XLP,VIX,2024-26,-4.467481475556821,-1.4180619044490232,,,,,,,,,,,,,,,,,,,,,,,
reg,,,1006.0,,,,cc1,C,1,raw,XLP,SPY,2020-23,-16.567684882052145,-1.7614781727845443,,,,,,,,,,,,,,,,,,,,,,,
reg,,,685.0,,,,cc1,C,1,raw,XLP,SPY,2024-26,-1.699879531845077,-0.33112121923755267,,,,,,,,,,,,,,,,,,,,,,,
reg,,,1006.0,,,,cc1,C,1,raw,XLU,TLT,2020-23,16.63497883357423,1.5081428134194477,,,,,,,,,,,,,,,,,,,,,,,
reg,,,685.0,,,,cc1,C,1,raw,XLU,TLT,2024-26,-1.3267192654410358,-0.32795976357348605,,,,,,,,,,,,,,,,,,,,,,,
reg,,,1006.0,,,,cc1,C,1,raw,XLU,UUP,2020-23,-18.316292883738047,-1.3525932416480146,,,,,,,,,,,,,,,,,,,,,,,
reg,,,685.0,,,,cc1,C,1,raw,XLU,UUP,2024-26,2.336532831101469,0.4313744352689091,,,,,,,,,,,,,,,,,,,,,,,
reg,,,1006.0,,,,cc1,C,1,raw,XLU,USO,2020-23,-9.052237020700304,-1.2551266554032035,,,,,,,,,,,,,,,,,,,,,,,
reg,,,685.0,,,,cc1,C,1,raw,XLU,USO,2024-26,9.762758306935543,1.9770365779953152,,,,,,,,,,,,,,,,,,,,,,,
reg,,,1006.0,,,,cc1,C,1,raw,XLU,GLD,2020-23,5.8483781837510405,0.8057428661869108,,,,,,,,,,,,,,,,,,,,,,,
reg,,,685.0,,,,cc1,C,1,raw,XLU,GLD,2024-26,7.127091769685706,1.7611081060778593,,,,,,,,,,,,,,,,,,,,,,,
reg,,,1006.0,,,,cc1,C,1,raw,XLU,HYG,2020-23,-8.910075812675954,-0.6236786859778878,,,,,,,,,,,,,,,,,,,,,,,
reg,,,685.0,,,,cc1,C,1,raw,XLU,HYG,2024-26,1.0367192576686102,0.17062468309977005,,,,,,,,,,,,,,,,,,,,,,,
reg,,,752.0,,,,cc1,C,1,raw,XLU,BTC,2020-23,6.499646742200989,1.5275603888118157,,,,,,,,,,,,,,,,,,,,,,,
reg,,,685.0,,,,cc1,C,1,raw,XLU,BTC,2024-26,-1.101320409164289,-0.3026694560038486,,,,,,,,,,,,,,,,,,,,,,,
reg,,,1006.0,,,,cc1,C,1,raw,XLU,VIX,2020-23,-13.513705470744274,-1.3440004917516488,,,,,,,,,,,,,,,,,,,,,,,
reg,,,685.0,,,,cc1,C,1,raw,XLU,VIX,2024-26,-3.411017004030796,-0.9850726894677182,,,,,,,,,,,,,,,,,,,,,,,
reg,,,1006.0,,,,cc1,C,1,raw,XLU,SPY,2020-23,-15.525096692507736,-1.163024045401627,,,,,,,,,,,,,,,,,,,,,,,
reg,,,685.0,,,,cc1,C,1,raw,XLU,SPY,2024-26,-1.8096687531783686,-0.2761061926890927,,,,,,,,,,,,,,,,,,,,,,,
reg,,,1006.0,,,,cc1,C,1,raw,XLB,TLT,2020-23,10.514576914067113,1.1238236873414322,,,,,,,,,,,,,,,,,,,,,,,
reg,,,685.0,,,,cc1,C,1,raw,XLB,TLT,2024-26,-0.5768616040592374,-0.1278862003101144,,,,,,,,,,,,,,,,,,,,,,,
reg,,,1006.0,,,,cc1,C,1,raw,XLB,UUP,2020-23,-6.237936282986882,-0.6774693120038041,,,,,,,,,,,,,,,,,,,,,,,
reg,,,685.0,,,,cc1,C,1,raw,XLB,UUP,2024-26,-3.4160491334549152,-0.5390284085508097,,,,,,,,,,,,,,,,,,,,,,,
reg,,,1006.0,,,,cc1,C,1,raw,XLB,USO,2020-23,-7.518324124311759,-1.1861806265686052,,,,,,,,,,,,,,,,,,,,,,,
reg,,,685.0,,,,cc1,C,1,raw,XLB,USO,2024-26,-0.006220371743930329,-0.0009832574791459664,,,,,,,,,,,,,,,,,,,,,,,
reg,,,1006.0,,,,cc1,C,1,raw,XLB,GLD,2020-23,3.86273674000803,0.5191801693739703,,,,,,,,,,,,,,,,,,,,,,,
reg,,,685.0,,,,cc1,C,1,raw,XLB,GLD,2024-26,3.973524359282023,0.9389664817345729,,,,,,,,,,,,,,,,,,,,,,,
reg,,,1006.0,,,,cc1,C,1,raw,XLB,HYG,2020-23,-12.49950502818194,-1.3408620865209013,,,,,,,,,,,,,,,,,,,,,,,
reg,,,685.0,,,,cc1,C,1,raw,XLB,HYG,2024-26,-2.5842560303217277,-0.2673766836754358,,,,,,,,,,,,,,,,,,,,,,,
reg,,,752.0,,,,cc1,C,1,raw,XLB,BTC,2020-23,1.7050948481715036,0.3841062494858393,,,,,,,,,,,,,,,,,,,,,,,
reg,,,685.0,,,,cc1,C,1,raw,XLB,BTC,2024-26,4.755598823686942,1.0524771279477132,,,,,,,,,,,,,,,,,,,,,,,
reg,,,1006.0,,,,cc1,C,1,raw,XLB,VIX,2020-23,-15.526121822642413,-1.6708806909722518,,,,,,,,,,,,,,,,,,,,,,,
reg,,,685.0,,,,cc1,C,1,raw,XLB,VIX,2024-26,-6.178930287978953,-1.1675804857665284,,,,,,,,,,,,,,,,,,,,,,,
reg,,,1006.0,,,,cc1,C,1,raw,XLB,SPY,2020-23,-17.614785970961904,-1.6085690296113555,,,,,,,,,,,,,,,,,,,,,,,
reg,,,685.0,,,,cc1,C,1,raw,XLB,SPY,2024-26,-5.912557511694755,-0.5982493898485424,,,,,,,,,,,,,,,,,,,,,,,
reg,,,1006.0,,,,cc1,C,1,raw,XLRE,TLT,2020-23,14.634753987849056,1.5206727538698133,,,,,,,,,,,,,,,,,,,,,,,
reg,,,685.0,,,,cc1,C,1,raw,XLRE,TLT,2024-26,1.0966995416507999,0.2788936272433931,,,,,,,,,,,,,,,,,,,,,,,
reg,,,1006.0,,,,cc1,C,1,raw,XLRE,UUP,2020-23,-17.119077280112716,-1.532076800946448,,,,,,,,,,,,,,,,,,,,,,,
reg,,,685.0,,,,cc1,C,1,raw,XLRE,UUP,2024-26,-0.1197884475374761,-0.02232570932835064,,,,,,,,,,,,,,,,,,,,,,,
reg,,,1006.0,,,,cc1,C,1,raw,XLRE,USO,2020-23,-8.351102731119422,-1.2050289097867097,,,,,,,,,,,,,,,,,,,,,,,
reg,,,685.0,,,,cc1,C,1,raw,XLRE,USO,2024-26,6.6474833814619885,1.3295833096977667,,,,,,,,,,,,,,,,,,,,,,,
reg,,,1006.0,,,,cc1,C,1,raw,XLRE,GLD,2020-23,9.151803300563131,1.234239713403462,,,,,,,,,,,,,,,,,,,,,,,
reg,,,685.0,,,,cc1,C,1,raw,XLRE,GLD,2024-26,10.619190037881433,2.78214885371329,,,,,,,,,,,,,,,,,,,,,,,
reg,,,1006.0,,,,cc1,C,1,raw,XLRE,HYG,2020-23,-9.440993411509991,-0.7479246480885463,,,,,,,,,,,,,,,,,,,,,,,
reg,,,685.0,,,,cc1,C,1,raw,XLRE,HYG,2024-26,2.952695985839094,0.39312162508809806,,,,,,,,,,,,,,,,,,,,,,,
reg,,,752.0,,,,cc1,C,1,raw,XLRE,BTC,2020-23,2.8639996065956743,0.6395752299285096,,,,,,,,,,,,,,,,,,,,,,,
reg,,,685.0,,,,cc1,C,1,raw,XLRE,BTC,2024-26,3.7787854531986365,0.8666307391950047,,,,,,,,,,,,,,,,,,,,,,,
reg,,,1006.0,,,,cc1,C,1,raw,XLRE,VIX,2020-23,-13.152244710868496,-1.2105091688561014,,,,,,,,,,,,,,,,,,,,,,,
reg,,,685.0,,,,cc1,C,1,raw,XLRE,VIX,2024-26,-0.8154575746939289,-0.17588652579847602,,,,,,,,,,,,,,,,,,,,,,,
reg,,,1006.0,,,,cc1,C,1,raw,XLRE,SPY,2020-23,-16.04278596500105,-1.1824164311032628,,,,,,,,,,,,,,,,,,,,,,,
reg,,,685.0,,,,cc1,C,1,raw,XLRE,SPY,2024-26,-1.4845341382696648,-0.19717736621818457,,,,,,,,,,,,,,,,,,,,,,,
reg,,,1006.0,,,,cc1,C,1,raw,XLC,TLT,2020-23,11.787921123724944,1.5742691006762488,,,,,,,,,,,,,,,,,,,,,,,
reg,,,685.0,,,,cc1,C,1,raw,XLC,TLT,2024-26,-4.838330980465938,-1.0461954420526944,,,,,,,,,,,,,,,,,,,,,,,
reg,,,1006.0,,,,cc1,C,1,raw,XLC,UUP,2020-23,-10.34840191129499,-1.2980128743538395,,,,,,,,,,,,,,,,,,,,,,,
reg,,,685.0,,,,cc1,C,1,raw,XLC,UUP,2024-26,-1.224274628019714,-0.21492923329680125,,,,,,,,,,,,,,,,,,,,,,,
reg,,,1006.0,,,,cc1,C,1,raw,XLC,USO,2020-23,-10.017320111960577,-1.4807931287157696,,,,,,,,,,,,,,,,,,,,,,,
reg,,,685.0,,,,cc1,C,1,raw,XLC,USO,2024-26,2.311840467076761,0.3916243130811503,,,,,,,,,,,,,,,,,,,,,,,
reg,,,1006.0,,,,cc1,C,1,raw,XLC,GLD,2020-23,3.100584275018159,0.5200234824750642,,,,,,,,,,,,,,,,,,,,,,,
reg,,,685.0,,,,cc1,C,1,raw,XLC,GLD,2024-26,5.158978643282508,1.5191982939211452,,,,,,,,,,,,,,,,,,,,,,,
reg,,,1006.0,,,,cc1,C,1,raw,XLC,HYG,2020-23,-13.748511058622281,-1.5744042121075783,,,,,,,,,,,,,,,,,,,,,,,
reg,,,685.0,,,,cc1,C,1,raw,XLC,HYG,2024-26,-3.047806795967437,-0.35583970590109537,,,,,,,,,,,,,,,,,,,,,,,
reg,,,752.0,,,,cc1,C,1,raw,XLC,BTC,2020-23,-2.894784444887347,-0.5428348171988545,,,,,,,,,,,,,,,,,,,,,,,
reg,,,685.0,,,,cc1,C,1,raw,XLC,BTC,2024-26,9.158978960211469,2.2906613833129112,,,,,,,,,,,,,,,,,,,,,,,
reg,,,1006.0,,,,cc1,C,1,raw,XLC,VIX,2020-23,-7.891724964857216,-0.9660232126751608,,,,,,,,,,,,,,,,,,,,,,,
reg,,,685.0,,,,cc1,C,1,raw,XLC,VIX,2024-26,-0.9187738888940397,-0.23682434581173856,,,,,,,,,,,,,,,,,,,,,,,
reg,,,1006.0,,,,cc1,C,1,raw,XLC,SPY,2020-23,-21.607317157191904,-2.2609160514296427,,,,,,,,,,,,,,,,,,,,,,,
reg,,,685.0,,,,cc1,C,1,raw,XLC,SPY,2024-26,-4.1142328264322385,-0.45977304649005346,,,,,,,,,,,,,,,,,,,,,,,
reg,,,1006.0,,,,cc1,C,1,raw,SMH,TLT,2020-23,22.09751635190833,1.9047210039815348,,,,,,,,,,,,,,,,,,,,,,,
reg,,,685.0,,,,cc1,C,1,raw,SMH,TLT,2024-26,-3.9637148620616345,-0.4428359236295649,,,,,,,,,,,,,,,,,,,,,,,
reg,,,1006.0,,,,cc1,C,1,raw,SMH,UUP,2020-23,-7.104398221356055,-0.569722949284483,,,,,,,,,,,,,,,,,,,,,,,
reg,,,685.0,,,,cc1,C,1,raw,SMH,UUP,2024-26,1.3709045917662306,0.12724366480886581,,,,,,,,,,,,,,,,,,,,,,,
reg,,,1006.0,,,,cc1,C,1,raw,SMH,USO,2020-23,-20.912281833016852,-2.3122070537944768,,,,,,,,,,,,,,,,,,,,,,,
reg,,,685.0,,,,cc1,C,1,raw,SMH,USO,2024-26,10.885313719689702,0.8991533409982425,,,,,,,,,,,,,,,,,,,,,,,
reg,,,1006.0,,,,cc1,C,1,raw,SMH,GLD,2020-23,0.9257811217354478,0.10364208211235737,,,,,,,,,,,,,,,,,,,,,,,
reg,,,685.0,,,,cc1,C,1,raw,SMH,GLD,2024-26,-20.22938664367817,-2.5283750162770082,,,,,,,,,,,,,,,,,,,,,,,
reg,,,1006.0,,,,cc1,C,1,raw,SMH,HYG,2020-23,-31.46345888487407,-2.688800791689965,,,,,,,,,,,,,,,,,,,,,,,
reg,,,685.0,,,,cc1,C,1,raw,SMH,HYG,2024-26,-16.266184700433826,-1.0619165461801159,,,,,,,,,,,,,,,,,,,,,,,
reg,,,752.0,,,,cc1,C,1,raw,SMH,BTC,2020-23,-22.527649092056222,-2.9478802318115487,,,,,,,,,,,,,,,,,,,,,,,
reg,,,685.0,,,,cc1,C,1,raw,SMH,BTC,2024-26,-5.7363054873367325,-0.6564737690042425,,,,,,,,,,,,,,,,,,,,,,,
reg,,,1006.0,,,,cc1,C,1,raw,SMH,VIX,2020-23,-12.298570850961175,-0.971817634069601,,,,,,,,,,,,,,,,,,,,,,,
reg,,,685.0,,,,cc1,C,1,raw,SMH,VIX,2024-26,-4.056447921549573,-0.4409255379962125,,,,,,,,,,,,,,,,,,,,,,,
reg,,,1006.0,,,,cc1,C,1,raw,SMH,SPY,2020-23,-42.312056518914396,-3.34246254244955,,,,,,,,,,,,,,,,,,,,,,,
reg,,,685.0,,,,cc1,C,1,raw,SMH,SPY,2024-26,-22.44402838712352,-1.4304612959089615,,,,,,,,,,,,,,,,,,,,,,,
reg,,,1006.0,,,,cc1,C,1,raw,XBI,TLT,2020-23,16.24065585643838,1.6415926685739908,,,,,,,,,,,,,,,,,,,,,,,
reg,,,685.0,,,,cc1,C,1,raw,XBI,TLT,2024-26,-5.2334113696316615,-0.7951974575787102,,,,,,,,,,,,,,,,,,,,,,,
reg,,,1006.0,,,,cc1,C,1,raw,XBI,UUP,2020-23,-0.7891392140190606,-0.08795222753578388,,,,,,,,,,,,,,,,,,,,,,,
reg,,,685.0,,,,cc1,C,1,raw,XBI,UUP,2024-26,-0.9299757143800136,-0.11698200692164785,,,,,,,,,,,,,,,,,,,,,,,
reg,,,1006.0,,,,cc1,C,1,raw,XBI,USO,2020-23,-14.509231707574811,-1.6771846713144365,,,,,,,,,,,,,,,,,,,,,,,
reg,,,685.0,,,,cc1,C,1,raw,XBI,USO,2024-26,4.5981474048639965,0.5904198079328323,,,,,,,,,,,,,,,,,,,,,,,
reg,,,1006.0,,,,cc1,C,1,raw,XBI,GLD,2020-23,5.131572485487499,0.629438395109072,,,,,,,,,,,,,,,,,,,,,,,
reg,,,685.0,,,,cc1,C,1,raw,XBI,GLD,2024-26,-6.716433587416513,-0.9655059919488546,,,,,,,,,,,,,,,,,,,,,,,
reg,,,1006.0,,,,cc1,C,1,raw,XBI,HYG,2020-23,-25.255843781377397,-2.630864152686821,,,,,,,,,,,,,,,,,,,,,,,
reg,,,685.0,,,,cc1,C,1,raw,XBI,HYG,2024-26,-9.464494078030219,-0.8889308162497289,,,,,,,,,,,,,,,,,,,,,,,
reg,,,752.0,,,,cc1,C,1,raw,XBI,BTC,2020-23,-18.49189257024524,-2.4801648975044457,,,,,,,,,,,,,,,,,,,,,,,
reg,,,685.0,,,,cc1,C,1,raw,XBI,BTC,2024-26,-2.6077773339846173,-0.3851095854650871,,,,,,,,,,,,,,,,,,,,,,,
reg,,,1006.0,,,,cc1,C,1,raw,XBI,VIX,2020-23,-2.197089382180198,-0.21210803728944494,,,,,,,,,,,,,,,,,,,,,,,
reg,,,685.0,,,,cc1,C,1,raw,XBI,VIX,2024-26,-1.3522499505517016,-0.16795200319980072,,,,,,,,,,,,,,,,,,,,,,,
reg,,,1006.0,,,,cc1,C,1,raw,XBI,SPY,2020-23,-31.621132181477417,-3.2004515565866156,,,,,,,,,,,,,,,,,,,,,,,
reg,,,685.0,,,,cc1,C,1,raw,XBI,SPY,2024-26,-14.394848706837267,-1.3567932113859642,,,,,,,,,,,,,,,,,,,,,,,
reg,,,1006.0,,,,cc1,C,1,raw,KRE,TLT,2020-23,5.41117845655726,0.37661672003246977,,,,,,,,,,,,,,,,,,,,,,,
reg,,,685.0,,,,cc1,C,1,raw,KRE,TLT,2024-26,-5.2219850828902254,-0.7613397657574607,,,,,,,,,,,,,,,,,,,,,,,
reg,,,1006.0,,,,cc1,C,1,raw,KRE,UUP,2020-23,-8.135631616243003,-0.6370089071068779,,,,,,,,,,,,,,,,,,,,,,,
reg,,,685.0,,,,cc1,C,1,raw,KRE,UUP,2024-26,5.343301018427841,0.6693990192620984,,,,,,,,,,,,,,,,,,,,,,,
reg,,,1006.0,,,,cc1,C,1,raw,KRE,USO,2020-23,-16.14943615328223,-1.5584442729314356,,,,,,,,,,,,,,,,,,,,,,,
reg,,,685.0,,,,cc1,C,1,raw,KRE,USO,2024-26,2.185221377702061,0.33144418083269894,,,,,,,,,,,,,,,,,,,,,,,
reg,,,1006.0,,,,cc1,C,1,raw,KRE,GLD,2020-23,0.6049571544176072,0.061271438410658595,,,,,,,,,,,,,,,,,,,,,,,
reg,,,685.0,,,,cc1,C,1,raw,KRE,GLD,2024-26,-4.476178659129936,-0.7696162457288208,,,,,,,,,,,,,,,,,,,,,,,
reg,,,1006.0,,,,cc1,C,1,raw,KRE,HYG,2020-23,-21.604960146943846,-1.6244902300093325,,,,,,,,,,,,,,,,,,,,,,,
reg,,,685.0,,,,cc1,C,1,raw,KRE,HYG,2024-26,-7.550376341993662,-0.7441435063763971,,,,,,,,,,,,,,,,,,,,,,,
reg,,,752.0,,,,cc1,C,1,raw,KRE,BTC,2020-23,2.68344597701958,0.357430522982568,,,,,,,,,,,,,,,,,,,,,,,
reg,,,685.0,,,,cc1,C,1,raw,KRE,BTC,2024-26,3.2607351879453996,0.5357064750832743,,,,,,,,,,,,,,,,,,,,,,,
reg,,,1006.0,,,,cc1,C,1,raw,KRE,VIX,2020-23,-15.614067433115645,-1.1196874401534045,,,,,,,,,,,,,,,,,,,,,,,
reg,,,685.0,,,,cc1,C,1,raw,KRE,VIX,2024-26,7.561622288811086,1.4250318585856048,,,,,,,,,,,,,,,,,,,,,,,
reg,,,1006.0,,,,cc1,C,1,raw,KRE,SPY,2020-23,-26.141226052371458,-1.653735405447451,,,,,,,,,,,,,,,,,,,,,,,
reg,,,685.0,,,,cc1,C,1,raw,KRE,SPY,2024-26,-12.901000347615696,-1.2643782370299315,,,,,,,,,,,,,,,,,,,,,,,
reg,,,1006.0,,,,cc1,C,1,excess,XLK,TLT,2020-23,4.5026464560172315,1.8848855356369127,,,,,,,,,,,,,,,,,,,,,,,
reg,,,685.0,,,,cc1,C,1,excess,XLK,TLT,2024-26,-0.45051684757948735,-0.148064452944926,,,,,,,,,,,,,,,,,,,,,,,
reg,,,1006.0,,,,cc1,C,1,excess,XLK,UUP,2020-23,0.7848690930332058,0.3146169502213431,,,,,,,,,,,,,,,,,,,,,,,
reg,,,685.0,,,,cc1,C,1,excess,XLK,UUP,2024-26,0.10809225772622175,0.03400490762324915,,,,,,,,,,,,,,,,,,,,,,,
reg,,,1006.0,,,,cc1,C,1,excess,XLK,USO,2020-23,-5.143829118254824,-1.8675024236950004,,,,,,,,,,,,,,,,,,,,,,,
reg,,,685.0,,,,cc1,C,1,excess,XLK,USO,2024-26,2.852850618387682,0.7272424925619192,,,,,,,,,,,,,,,,,,,,,,,
reg,,,1006.0,,,,cc1,C,1,excess,XLK,GLD,2020-23,-1.1009092470161932,-0.418394945332758,,,,,,,,,,,,,,,,,,,,,,,
reg,,,685.0,,,,cc1,C,1,excess,XLK,GLD,2024-26,-9.426517240961187,-2.9981572360247166,,,,,,,,,,,,,,,,,,,,,,,
reg,,,1006.0,,,,cc1,C,1,excess,XLK,HYG,2020-23,-10.01143525556616,-3.1986512972065673,,,,,,,,,,,,,,,,,,,,,,,
reg,,,685.0,,,,cc1,C,1,excess,XLK,HYG,2024-26,-3.024089907978689,-1.036742744115623,,,,,,,,,,,,,,,,,,,,,,,
reg,,,752.0,,,,cc1,C,1,excess,XLK,BTC,2020-23,-7.998981808740103,-3.6584662178940484,,,,,,,,,,,,,,,,,,,,,,,
reg,,,685.0,,,,cc1,C,1,excess,XLK,BTC,2024-26,-2.7109667302672626,-0.8484440425520235,,,,,,,,,,,,,,,,,,,,,,,
reg,,,1006.0,,,,cc1,C,1,excess,XLK,VIX,2020-23,1.7536260160939268,0.6582476921236534,,,,,,,,,,,,,,,,,,,,,,,
reg,,,685.0,,,,cc1,C,1,excess,XLK,VIX,2024-26,-3.7719094145106746,-1.2345575036567422,,,,,,,,,,,,,,,,,,,,,,,
reg,,,1006.0,,,,cc1,C,1,excess,XLK,SPY,2020-23,-12.043711571619967,-3.940257577202676,,,,,,,,,,,,,,,,,,,,,,,
reg,,,685.0,,,,cc1,C,1,excess,XLK,SPY,2024-26,-3.1663073796522943,-0.9711775182738316,,,,,,,,,,,,,,,,,,,,,,,
reg,,,1006.0,,,,cc1,C,1,excess,XLF,TLT,2020-23,-4.307031153522144,-1.1575994893479513,,,,,,,,,,,,,,,,,,,,,,,
reg,,,685.0,,,,cc1,C,1,excess,XLF,TLT,2024-26,1.7382287607500748,0.5866242877424974,,,,,,,,,,,,,,,,,,,,,,,
reg,,,1006.0,,,,cc1,C,1,excess,XLF,UUP,2020-23,-0.5568523551364821,-0.17903760505713207,,,,,,,,,,,,,,,,,,,,,,,
reg,,,685.0,,,,cc1,C,1,excess,XLF,UUP,2024-26,1.5086963734798773,0.4438838389789182,,,,,,,,,,,,,,,,,,,,,,,
reg,,,1006.0,,,,cc1,C,1,excess,XLF,USO,2020-23,2.2032709255266445,0.6634260296152904,,,,,,,,,,,,,,,,,,,,,,,
reg,,,685.0,,,,cc1,C,1,excess,XLF,USO,2024-26,0.4656725122460361,0.15076652723497247,,,,,,,,,,,,,,,,,,,,,,,
reg,,,1006.0,,,,cc1,C,1,excess,XLF,GLD,2020-23,-1.9087334039323212,-0.4984005726760699,,,,,,,,,,,,,,,,,,,,,,,
reg,,,685.0,,,,cc1,C,1,excess,XLF,GLD,2024-26,3.516674475732629,1.19929686969208,,,,,,,,,,,,,,,,,,,,,,,
reg,,,1006.0,,,,cc1,C,1,excess,XLF,HYG,2020-23,-1.9232229594950145,-0.4950898377398851,,,,,,,,,,,,,,,,,,,,,,,
reg,,,685.0,,,,cc1,C,1,excess,XLF,HYG,2024-26,6.1793280988521255,2.0470405583944213,,,,,,,,,,,,,,,,,,,,,,,
reg,,,752.0,,,,cc1,C,1,excess,XLF,BTC,2020-23,5.327104309852799,1.9933830364131406,,,,,,,,,,,,,,,,,,,,,,,
reg,,,685.0,,,,cc1,C,1,excess,XLF,BTC,2024-26,2.7291046596087454,0.9598060546950737,,,,,,,,,,,,,,,,,,,,,,,
reg,,,1006.0,,,,cc1,C,1,excess,XLF,VIX,2020-23,-2.2573661683849084,-0.5919896421404595,,,,,,,,,,,,,,,,,,,,,,,
reg,,,685.0,,,,cc1,C,1,excess,XLF,VIX,2024-26,4.587906659058109,1.7918028789784397,,,,,,,,,,,,,,,,,,,,,,,
reg,,,1006.0,,,,cc1,C,1,excess,XLF,SPY,2020-23,-1.05042774214086,-0.2230716985390431,,,,,,,,,,,,,,,,,,,,,,,
reg,,,685.0,,,,cc1,C,1,excess,XLF,SPY,2024-26,5.975407345718685,1.762532963523039,,,,,,,,,,,,,,,,,,,,,,,
reg,,,1006.0,,,,cc1,C,1,excess,XLE,TLT,2020-23,-10.57044163033879,-1.0854762359234689,,,,,,,,,,,,,,,,,,,,,,,
reg,,,685.0,,,,cc1,C,1,excess,XLE,TLT,2024-26,-2.736219076675703,-0.5715000227834035,,,,,,,,,,,,,,,,,,,,,,,
reg,,,1006.0,,,,cc1,C,1,excess,XLE,UUP,2020-23,12.182204162948379,1.6550977165307517,,,,,,,,,,,,,,,,,,,,,,,
reg,,,685.0,,,,cc1,C,1,excess,XLE,UUP,2024-26,5.032938068691424,0.987379689801831,,,,,,,,,,,,,,,,,,,,,,,
reg,,,1006.0,,,,cc1,C,1,excess,XLE,USO,2020-23,4.67918096119852,0.5430376978496115,,,,,,,,,,,,,,,,,,,,,,,
reg,,,685.0,,,,cc1,C,1,excess,XLE,USO,2024-26,3.7678918826143306,0.6920729939221425,,,,,,,,,,,,,,,,,,,,,,,
reg,,,1006.0,,,,cc1,C,1,excess,XLE,GLD,2020-23,-5.4357456239716715,-0.7027137258858084,,,,,,,,,,,,,,,,,,,,,,,
reg,,,685.0,,,,cc1,C,1,excess,XLE,GLD,2024-26,-2.6030524623133524,-0.4275805854323662,,,,,,,,,,,,,,,,,,,,,,,
reg,,,1006.0,,,,cc1,C,1,excess,XLE,HYG,2020-23,-1.7878374815041287,-0.2147128749804787,,,,,,,,,,,,,,,,,,,,,,,
reg,,,685.0,,,,cc1,C,1,excess,XLE,HYG,2024-26,-5.082728035643997,-0.9125608130457487,,,,,,,,,,,,,,,,,,,,,,,
reg,,,752.0,,,,cc1,C,1,excess,XLE,BTC,2020-23,1.4290093694692507,0.21137950322838614,,,,,,,,,,,,,,,,,,,,,,,
reg,,,685.0,,,,cc1,C,1,excess,XLE,BTC,2024-26,-5.994423157123793,-1.154588884821733,,,,,,,,,,,,,,,,,,,,,,,
reg,,,1006.0,,,,cc1,C,1,excess,XLE,VIX,2020-23,-17.778202638724757,-2.2830641073325038,,,,,,,,,,,,,,,,,,,,,,,
reg,,,685.0,,,,cc1,C,1,excess,XLE,VIX,2024-26,-7.841635708205083,-1.4996346219102348,,,,,,,,,,,,,,,,,,,,,,,
reg,,,1006.0,,,,cc1,C,1,excess,XLE,SPY,2020-23,-0.3942799354031839,-0.047664983505070584,,,,,,,,,,,,,,,,,,,,,,,
reg,,,685.0,,,,cc1,C,1,excess,XLE,SPY,2024-26,-7.844491521408365,-1.4102414029726356,,,,,,,,,,,,,,,,,,,,,,,
reg,,,1006.0,,,,cc1,C,1,excess,XLV,TLT,2020-23,-0.8992281978836381,-0.2992825057308914,,,,,,,,,,,,,,,,,,,,,,,
reg,,,685.0,,,,cc1,C,1,excess,XLV,TLT,2024-26,6.324787303819296,1.7551199785210374,,,,,,,,,,,,,,,,,,,,,,,
reg,,,1006.0,,,,cc1,C,1,excess,XLV,UUP,2020-23,-3.118634541752708,-1.2623004949824828,,,,,,,,,,,,,,,,,,,,,,,
reg,,,685.0,,,,cc1,C,1,excess,XLV,UUP,2024-26,-0.059162809814840976,-0.014690880382615132,,,,,,,,,,,,,,,,,,,,,,,
reg,,,1006.0,,,,cc1,C,1,excess,XLV,USO,2020-23,3.4437694969981636,1.1684204816341437,,,,,,,,,,,,,,,,,,,,,,,
reg,,,685.0,,,,cc1,C,1,excess,XLV,USO,2024-26,-2.3091273124489264,-0.49877091019743075,,,,,,,,,,,,,,,,,,,,,,,
reg,,,1006.0,,,,cc1,C,1,excess,XLV,GLD,2020-23,0.7494002965876763,0.30418010845121995,,,,,,,,,,,,,,,,,,,,,,,
reg,,,685.0,,,,cc1,C,1,excess,XLV,GLD,2024-26,5.83845006918924,1.6635256769067266,,,,,,,,,,,,,,,,,,,,,,,
reg,,,1006.0,,,,cc1,C,1,excess,XLV,HYG,2020-23,5.261152279604138,1.9294905800302549,,,,,,,,,,,,,,,,,,,,,,,
reg,,,685.0,,,,cc1,C,1,excess,XLV,HYG,2024-26,4.570792923106343,0.9323640429773816,,,,,,,,,,,,,,,,,,,,,,,
reg,,,752.0,,,,cc1,C,1,excess,XLV,BTC,2020-23,5.648925612815043,2.324476453716962,,,,,,,,,,,,,,,,,,,,,,,
reg,,,685.0,,,,cc1,C,1,excess,XLV,BTC,2024-26,-2.696299543256644,-0.8945696188266522,,,,,,,,,,,,,,,,,,,,,,,
reg,,,1006.0,,,,cc1,C,1,excess,XLV,VIX,2020-23,2.9211597229728605,1.1176639634947247,,,,,,,,,,,,,,,,,,,,,,,
reg,,,685.0,,,,cc1,C,1,excess,XLV,VIX,2024-26,0.43618097178897125,0.13676336185467844,,,,,,,,,,,,,,,,,,,,,,,
reg,,,1006.0,,,,cc1,C,1,excess,XLV,SPY,2020-23,6.06386799590793,2.278818885754266,,,,,,,,,,,,,,,,,,,,,,,
reg,,,685.0,,,,cc1,C,1,excess,XLV,SPY,2024-26,4.190970406055314,0.824743584896865,,,,,,,,,,,,,,,,,,,,,,,
reg,,,1006.0,,,,cc1,C,1,excess,XLI,TLT,2020-23,-2.6541104947760363,-1.0914597776895574,,,,,,,,,,,,,,,,,,,,,,,
reg,,,685.0,,,,cc1,C,1,excess,XLI,TLT,2024-26,1.9944023692646031,0.8150748156076423,,,,,,,,,,,,,,,,,,,,,,,
reg,,,1006.0,,,,cc1,C,1,excess,XLI,UUP,2020-23,-0.648641688409388,-0.26019308164792676,,,,,,,,,,,,,,,,,,,,,,,
reg,,,685.0,,,,cc1,C,1,excess,XLI,UUP,2024-26,3.1522694534678295,1.2678721077014388,,,,,,,,,,,,,,,,,,,,,,,
reg,,,1006.0,,,,cc1,C,1,excess,XLI,USO,2020-23,4.720697051425453,1.8430398352413109,,,,,,,,,,,,,,,,,,,,,,,
reg,,,685.0,,,,cc1,C,1,excess,XLI,USO,2024-26,0.5166868487149785,0.17631166094927256,,,,,,,,,,,,,,,,,,,,,,,
reg,,,1006.0,,,,cc1,C,1,excess,XLI,GLD,2020-23,2.6791093862487085,0.7475887235924727,,,,,,,,,,,,,,,,,,,,,,,
reg,,,685.0,,,,cc1,C,1,excess,XLI,GLD,2024-26,-0.1676997672947305,-0.05896547170140102,,,,,,,,,,,,,,,,,,,,,,,
reg,,,1006.0,,,,cc1,C,1,excess,XLI,HYG,2020-23,2.8429679129314307,0.944288235256936,,,,,,,,,,,,,,,,,,,,,,,
reg,,,685.0,,,,cc1,C,1,excess,XLI,HYG,2024-26,3.179786942340153,1.0875317829547213,,,,,,,,,,,,,,,,,,,,,,,
reg,,,752.0,,,,cc1,C,1,excess,XLI,BTC,2020-23,4.714085355943685,2.1258803667654584,,,,,,,,,,,,,,,,,,,,,,,
reg,,,685.0,,,,cc1,C,1,excess,XLI,BTC,2024-26,-2.828404670142883,-1.0461027460208638,,,,,,,,,,,,,,,,,,,,,,,
reg,,,1006.0,,,,cc1,C,1,excess,XLI,VIX,2020-23,-4.764296578950116,-2.0248882192588007,,,,,,,,,,,,,,,,,,,,,,,
reg,,,685.0,,,,cc1,C,1,excess,XLI,VIX,2024-26,4.657137500697109,1.86115732467417,,,,,,,,,,,,,,,,,,,,,,,
reg,,,1006.0,,,,cc1,C,1,excess,XLI,SPY,2020-23,5.100337966574408,1.8785537161364125,,,,,,,,,,,,,,,,,,,,,,,
reg,,,685.0,,,,cc1,C,1,excess,XLI,SPY,2024-26,3.535689935653423,1.1208174233608275,,,,,,,,,,,,,,,,,,,,,,,
reg,,,1006.0,,,,cc1,C,1,excess,XLY,TLT,2020-23,2.369625327283686,0.7843044502872134,,,,,,,,,,,,,,,,,,,,,,,
reg,,,685.0,,,,cc1,C,1,excess,XLY,TLT,2024-26,1.380973188434632,0.5466013862916506,,,,,,,,,,,,,,,,,,,,,,,
reg,,,1006.0,,,,cc1,C,1,excess,XLY,UUP,2020-23,1.5970017337102647,0.5186175260335886,,,,,,,,,,,,,,,,,,,,,,,
reg,,,685.0,,,,cc1,C,1,excess,XLY,UUP,2024-26,0.3587425321002565,0.12942740121634416,,,,,,,,,,,,,,,,,,,,,,,
reg,,,1006.0,,,,cc1,C,1,excess,XLY,USO,2020-23,-3.9170118457666674,-1.4861479309908119,,,,,,,,,,,,,,,,,,,,,,,
reg,,,685.0,,,,cc1,C,1,excess,XLY,USO,2024-26,-1.99015097421632,-0.7413860872723957,,,,,,,,,,,,,,,,,,,,,,,
reg,,,1006.0,,,,cc1,C,1,excess,XLY,GLD,2020-23,0.7920255592064511,0.27799383042234993,,,,,,,,,,,,,,,,,,,,,,,
reg,,,685.0,,,,cc1,C,1,excess,XLY,GLD,2024-26,2.752592589911465,1.0786904950252636,,,,,,,,,,,,,,,,,,,,,,,
reg,,,1006.0,,,,cc1,C,1,excess,XLY,HYG,2020-23,-1.3533924825820745,-0.3472799845884972,,,,,,,,,,,,,,,,,,,,,,,
reg,,,685.0,,,,cc1,C,1,excess,XLY,HYG,2024-26,2.158354641587967,0.9136503768745706,,,,,,,,,,,,,,,,,,,,,,,
reg,,,752.0,,,,cc1,C,1,excess,XLY,BTC,2020-23,-0.8304800270128226,-0.3170929932987774,,,,,,,,,,,,,,,,,,,,,,,
reg,,,685.0,,,,cc1,C,1,excess,XLY,BTC,2024-26,3.502701298061777,1.4525328773982793,,,,,,,,,,,,,,,,,,,,,,,
reg,,,1006.0,,,,cc1,C,1,excess,XLY,VIX,2020-23,-1.6307218831851942,-0.6615032693131746,,,,,,,,,,,,,,,,,,,,,,,
reg,,,685.0,,,,cc1,C,1,excess,XLY,VIX,2024-26,-1.2655153657122713,-0.42990323788067214,,,,,,,,,,,,,,,,,,,,,,,
reg,,,1006.0,,,,cc1,C,1,excess,XLY,SPY,2020-23,0.3559460063637115,0.10929630464994677,,,,,,,,,,,,,,,,,,,,,,,
reg,,,685.0,,,,cc1,C,1,excess,XLY,SPY,2024-26,-0.7840402610667558,-0.2944969895826461,,,,,,,,,,,,,,,,,,,,,,,
reg,,,1006.0,,,,cc1,C,1,excess,XLP,TLT,2020-23,1.0200103531335671,0.29996661724499046,,,,,,,,,,,,,,,,,,,,,,,
reg,,,685.0,,,,cc1,C,1,excess,XLP,TLT,2024-26,3.768093634999739,0.9271841353757232,,,,,,,,,,,,,,,,,,,,,,,
reg,,,1006.0,,,,cc1,C,1,excess,XLP,UUP,2020-23,0.33355889158859753,0.09365000436247015,,,,,,,,,,,,,,,,,,,,,,,
reg,,,685.0,,,,cc1,C,1,excess,XLP,UUP,2024-26,-0.5660524993041863,-0.12800098636492377,,,,,,,,,,,,,,,,,,,,,,,
reg,,,1006.0,,,,cc1,C,1,excess,XLP,USO,2020-23,3.2915485151652777,1.0762178999511398,,,,,,,,,,,,,,,,,,,,,,,
reg,,,685.0,,,,cc1,C,1,excess,XLP,USO,2024-26,-1.941746284792432,-0.34411654930743046,,,,,,,,,,,,,,,,,,,,,,,
reg,,,1006.0,,,,cc1,C,1,excess,XLP,GLD,2020-23,-4.194047324204445,-1.0669039715566422,,,,,,,,,,,,,,,,,,,,,,,
reg,,,685.0,,,,cc1,C,1,excess,XLP,GLD,2024-26,6.247464373168844,1.4965029068428473,,,,,,,,,,,,,,,,,,,,,,,
reg,,,1006.0,,,,cc1,C,1,excess,XLP,HYG,2020-23,4.612665212635469,1.145381872812926,,,,,,,,,,,,,,,,,,,,,,,
reg,,,685.0,,,,cc1,C,1,excess,XLP,HYG,2024-26,8.158153298771953,1.0712777735104055,,,,,,,,,,,,,,,,,,,,,,,
reg,,,752.0,,,,cc1,C,1,excess,XLP,BTC,2020-23,3.2220808085171626,1.1651316446309994,,,,,,,,,,,,,,,,,,,,,,,
reg,,,685.0,,,,cc1,C,1,excess,XLP,BTC,2024-26,-2.2588275147071117,-0.5527219741816299,,,,,,,,,,,,,,,,,,,,,,,
reg,,,1006.0,,,,cc1,C,1,excess,XLP,VIX,2020-23,1.1155295520271036,0.3199569268402846,,,,,,,,,,,,,,,,,,,,,,,
reg,,,685.0,,,,cc1,C,1,excess,XLP,VIX,2024-26,-0.49849522304490385,-0.1251032642008127,,,,,,,,,,,,,,,,,,,,,,,
reg,,,1006.0,,,,cc1,C,1,excess,XLP,SPY,2020-23,3.9542300088188327,1.188575164291816,,,,,,,,,,,,,,,,,,,,,,,
reg,,,685.0,,,,cc1,C,1,excess,XLP,SPY,2024-26,7.1682793831773415,0.881966557458709,,,,,,,,,,,,,,,,,,,,,,,
reg,,,1006.0,,,,cc1,C,1,excess,XLU,TLT,2020-23,3.915406741514617,0.7035382765209638,,,,,,,,,,,,,,,,,,,,,,,
reg,,,685.0,,,,cc1,C,1,excess,XLU,TLT,2024-26,2.7882008748602494,0.6930672254001179,,,,,,,,,,,,,,,,,,,,,,,
reg,,,1006.0,,,,cc1,C,1,excess,XLU,UUP,2020-23,-9.258432010500893,-1.3262740568843499,,,,,,,,,,,,,,,,,,,,,,,
reg,,,685.0,,,,cc1,C,1,excess,XLU,UUP,2024-26,3.0133190239342276,0.7062462681971169,,,,,,,,,,,,,,,,,,,,,,,
reg,,,1006.0,,,,cc1,C,1,excess,XLU,USO,2020-23,0.49290513444875733,0.08591922351359825,,,,,,,,,,,,,,,,,,,,,,,
reg,,,685.0,,,,cc1,C,1,excess,XLU,USO,2024-26,6.453680488472962,1.2255651086131683,,,,,,,,,,,,,,,,,,,,,,,
reg,,,1006.0,,,,cc1,C,1,excess,XLU,GLD,2020-23,2.9448927738276436,0.7088823457849028,,,,,,,,,,,,,,,,,,,,,,,
reg,,,685.0,,,,cc1,C,1,excess,XLU,GLD,2024-26,8.54119801302509,2.021365897703371,,,,,,,,,,,,,,,,,,,,,,,
reg,,,1006.0,,,,cc1,C,1,excess,XLU,HYG,2020-23,4.879210810000359,0.618664279611801,,,,,,,,,,,,,,,,,,,,,,,
reg,,,685.0,,,,cc1,C,1,excess,XLU,HYG,2024-26,7.833787156869973,1.1813636561922676,,,,,,,,,,,,,,,,,,,,,,,
reg,,,752.0,,,,cc1,C,1,excess,XLU,BTC,2020-23,9.209704900326344,2.1216621797218114,,,,,,,,,,,,,,,,,,,,,,,
reg,,,685.0,,,,cc1,C,1,excess,XLU,BTC,2024-26,-3.4533277989230844,-0.8679907855736924,,,,,,,,,,,,,,,,,,,,,,,
reg,,,1006.0,,,,cc1,C,1,excess,XLU,VIX,2020-23,-2.378764413117174,-0.562498606365219,,,,,,,,,,,,,,,,,,,,,,,
reg,,,685.0,,,,cc1,C,1,excess,XLU,VIX,2024-26,0.5579692484811147,0.13303534283054425,,,,,,,,,,,,,,,,,,,,,,,
reg,,,1006.0,,,,cc1,C,1,excess,XLU,SPY,2020-23,4.996818198363259,0.8239578777747063,,,,,,,,,,,,,,,,,,,,,,,
reg,,,685.0,,,,cc1,C,1,excess,XLU,SPY,2024-26,7.058490161844048,0.9690631292915308,,,,,,,,,,,,,,,,,,,,,,,
reg,,,1006.0,,,,cc1,C,1,excess,XLB,TLT,2020-23,-2.204995177992548,-0.7831018161540305,,,,,,,,,,,,,,,,,,,,,,,
reg,,,685.0,,,,cc1,C,1,excess,XLB,TLT,2024-26,3.538058536242045,1.1004620368056413,,,,,,,,,,,,,,,,,,,,,,,
reg,,,1006.0,,,,cc1,C,1,excess,XLB,UUP,2020-23,2.8199245902502406,1.0191193864360024,,,,,,,,,,,,,,,,,,,,,,,
reg,,,685.0,,,,cc1,C,1,excess,XLB,UUP,2024-26,-2.739262940622154,-0.8040032596206673,,,,,,,,,,,,,,,,,,,,,,,
reg,,,1006.0,,,,cc1,C,1,excess,XLB,USO,2020-23,2.0268180308373065,0.627522447751549,,,,,,,,,,,,,,,,,,,,,,,
reg,,,685.0,,,,cc1,C,1,excess,XLB,USO,2024-26,-3.315298190206509,-0.847538766608755,,,,,,,,,,,,,,,,,,,,,,,
reg,,,1006.0,,,,cc1,C,1,excess,XLB,GLD,2020-23,0.9592513300846348,0.32281379840289054,,,,,,,,,,,,,,,,,,,,,,,
reg,,,685.0,,,,cc1,C,1,excess,XLB,GLD,2024-26,5.387630602621404,1.5145828118265219,,,,,,,,,,,,,,,,,,,,,,,
reg,,,1006.0,,,,cc1,C,1,excess,XLB,HYG,2020-23,1.2897815944943658,0.3852040044362294,,,,,,,,,,,,,,,,,,,,,,,
reg,,,685.0,,,,cc1,C,1,excess,XLB,HYG,2024-26,4.212811868879645,1.1615021934272163,,,,,,,,,,,,,,,,,,,,,,,
reg,,,752.0,,,,cc1,C,1,excess,XLB,BTC,2020-23,4.41515300629686,1.6216400208435753,,,,,,,,,,,,,,,,,,,,,,,
reg,,,685.0,,,,cc1,C,1,excess,XLB,BTC,2024-26,2.4035914339281557,0.7199667322975397,,,,,,,,,,,,,,,,,,,,,,,
reg,,,1006.0,,,,cc1,C,1,excess,XLB,VIX,2020-23,-4.39118076501531,-1.8785412616087342,,,,,,,,,,,,,,,,,,,,,,,
reg,,,685.0,,,,cc1,C,1,excess,XLB,VIX,2024-26,-2.20994403546704,-0.6145657918162533,,,,,,,,,,,,,,,,,,,,,,,
reg,,,1006.0,,,,cc1,C,1,excess,XLB,SPY,2020-23,2.9071289199090855,0.8314209865462849,,,,,,,,,,,,,,,,,,,,,,,
reg,,,685.0,,,,cc1,C,1,excess,XLB,SPY,2024-26,2.9556014033276736,0.8482355318560578,,,,,,,,,,,,,,,,,,,,,,,
reg,,,1006.0,,,,cc1,C,1,excess,XLRE,TLT,2020-23,1.9151818957894504,0.5138849902966596,,,,,,,,,,,,,,,,,,,,,,,
reg,,,685.0,,,,cc1,C,1,excess,XLRE,TLT,2024-26,5.211619681952081,1.3993029769920116,,,,,,,,,,,,,,,,,,,,,,,
reg,,,1006.0,,,,cc1,C,1,excess,XLRE,UUP,2020-23,-8.061216406875571,-1.885561042760935,,,,,,,,,,,,,,,,,,,,,,,
reg,,,685.0,,,,cc1,C,1,excess,XLRE,UUP,2024-26,0.5569977452952829,0.13520223311145443,,,,,,,,,,,,,,,,,,,,,,,
reg,,,1006.0,,,,cc1,C,1,excess,XLRE,USO,2020-23,1.1940394240296324,0.37706036468708204,,,,,,,,,,,,,,,,,,,,,,,
reg,,,685.0,,,,cc1,C,1,excess,XLRE,USO,2024-26,3.3384055629994,0.737193004914794,,,,,,,,,,,,,,,,,,,,,,,
reg,,,1006.0,,,,cc1,C,1,excess,XLRE,GLD,2020-23,6.248317890639748,1.737117240433967,,,,,,,,,,,,,,,,,,,,,,,
reg,,,685.0,,,,cc1,C,1,excess,XLRE,GLD,2024-26,12.033296281220819,3.1910635285192432,,,,,,,,,,,,,,,,,,,,,,,
reg,,,1006.0,,,,cc1,C,1,excess,XLRE,HYG,2020-23,4.3482932111663555,0.7417623392681649,,,,,,,,,,,,,,,,,,,,,,,
reg,,,685.0,,,,cc1,C,1,excess,XLRE,HYG,2024-26,9.749763885040469,1.9282625075818454,,,,,,,,,,,,,,,,,,,,,,,
reg,,,752.0,,,,cc1,C,1,excess,XLRE,BTC,2020-23,5.574057764721034,1.5639230436335045,,,,,,,,,,,,,,,,,,,,,,,
reg,,,685.0,,,,cc1,C,1,excess,XLRE,BTC,2024-26,1.426778063439844,0.3846242386824859,,,,,,,,,,,,,,,,,,,,,,,
reg,,,1006.0,,,,cc1,C,1,excess,XLRE,VIX,2020-23,-2.017303653241388,-0.4866984847304676,,,,,,,,,,,,,,,,,,,,,,,
reg,,,685.0,,,,cc1,C,1,excess,XLRE,VIX,2024-26,3.153528677817985,0.7803212011121073,,,,,,,,,,,,,,,,,,,,,,,
reg,,,1006.0,,,,cc1,C,1,excess,XLRE,SPY,2020-23,4.47912892586996,0.845581037760751,,,,,,,,,,,,,,,,,,,,,,,
reg,,,685.0,,,,cc1,C,1,excess,XLRE,SPY,2024-26,7.383624776752754,1.3450950837499875,,,,,,,,,,,,,,,,,,,,,,,
reg,,,1006.0,,,,cc1,C,1,excess,XLC,TLT,2020-23,-0.9316509683346824,-0.30668905067555674,,,,,,,,,,,,,,,,,,,,,,,
reg,,,685.0,,,,cc1,C,1,excess,XLC,TLT,2024-26,-0.72341084016465,-0.23544939452598937,,,,,,,,,,,,,,,,,,,,,,,
reg,,,1006.0,,,,cc1,C,1,excess,XLC,UUP,2020-23,-1.290541038057829,-0.37080194990827847,,,,,,,,,,,,,,,,,,,,,,,
reg,,,685.0,,,,cc1,C,1,excess,XLC,UUP,2024-26,-0.5474884351869522,-0.20567812185236656,,,,,,,,,,,,,,,,,,,,,,,
reg,,,1006.0,,,,cc1,C,1,excess,XLC,USO,2020-23,-0.47217795681151026,-0.17129295548442128,,,,,,,,,,,,,,,,,,,,,,,
reg,,,685.0,,,,cc1,C,1,excess,XLC,USO,2024-26,-0.9972373513858209,-0.27094365925253655,,,,,,,,,,,,,,,,,,,,,,,
reg,,,1006.0,,,,cc1,C,1,excess,XLC,GLD,2020-23,0.19709886509473554,0.05957914356238073,,,,,,,,,,,,,,,,,,,,,,,
reg,,,685.0,,,,cc1,C,1,excess,XLC,GLD,2024-26,6.573084886621889,2.5313683890341725,,,,,,,,,,,,,,,,,,,,,,,
reg,,,1006.0,,,,cc1,C,1,excess,XLC,HYG,2020-23,0.04077556405400364,0.012597181182337427,,,,,,,,,,,,,,,,,,,,,,,
reg,,,685.0,,,,cc1,C,1,excess,XLC,HYG,2024-26,3.749261103233941,1.3205860926804815,,,,,,,,,,,,,,,,,,,,,,,
reg,,,752.0,,,,cc1,C,1,excess,XLC,BTC,2020-23,-0.18472628676198757,-0.05906710854917647,,,,,,,,,,,,,,,,,,,,,,,
reg,,,685.0,,,,cc1,C,1,excess,XLC,BTC,2024-26,6.806971570452677,2.548026712111528,,,,,,,,,,,,,,,,,,,,,,,
reg,,,1006.0,,,,cc1,C,1,excess,XLC,VIX,2020-23,3.2432160927698765,1.3909475027432547,,,,,,,,,,,,,,,,,,,,,,,
reg,,,685.0,,,,cc1,C,1,excess,XLC,VIX,2024-26,3.05021236361787,1.2562082635298903,,,,,,,,,,,,,,,,,,,,,,,
reg,,,1006.0,,,,cc1,C,1,excess,XLC,SPY,2020-23,-1.0854022663209029,-0.3485923008821661,,,,,,,,,,,,,,,,,,,,,,,
reg,,,685.0,,,,cc1,C,1,excess,XLC,SPY,2024-26,4.753926088590175,1.685301373495052,,,,,,,,,,,,,,,,,,,,,,,
reg,,,1006.0,,,,cc1,C,1,excess,SMH,TLT,2020-23,9.377944259848698,1.6431831422195033,,,,,,,,,,,,,,,,,,,,,,,
reg,,,685.0,,,,cc1,C,1,excess,SMH,TLT,2024-26,0.15120527823965016,0.024716427068435375,,,,,,,,,,,,,,,,,,,,,,,
reg,,,1006.0,,,,cc1,C,1,excess,SMH,UUP,2020-23,1.9534626518810994,0.366177168858061,,,,,,,,,,,,,,,,,,,,,,,
reg,,,685.0,,,,cc1,C,1,excess,SMH,UUP,2024-26,2.0476907845989856,0.3173598111796809,,,,,,,,,,,,,,,,,,,,,,,
reg,,,1006.0,,,,cc1,C,1,excess,SMH,USO,2020-23,-11.367139677867781,-2.5055554216128626,,,,,,,,,,,,,,,,,,,,,,,
reg,,,685.0,,,,cc1,C,1,excess,SMH,USO,2024-26,7.576235901227109,0.9859747501204943,,,,,,,,,,,,,,,,,,,,,,,
reg,,,1006.0,,,,cc1,C,1,excess,SMH,GLD,2020-23,-1.9777042881879554,-0.42158299977661845,,,,,,,,,,,,,,,,,,,,,,,
reg,,,685.0,,,,cc1,C,1,excess,SMH,GLD,2024-26,-18.815280400338793,-3.017688764966408,,,,,,,,,,,,,,,,,,,,,,,
reg,,,1006.0,,,,cc1,C,1,excess,SMH,HYG,2020-23,-17.6741722621977,-3.4087468032404478,,,,,,,,,,,,,,,,,,,,,,,
reg,,,685.0,,,,cc1,C,1,excess,SMH,HYG,2024-26,-9.469116801232458,-1.3916645280271231,,,,,,,,,,,,,,,,,,,,,,,
reg,,,752.0,,,,cc1,C,1,excess,SMH,BTC,2020-23,-19.81759093393088,-4.1410105967439454,,,,,,,,,,,,,,,,,,,,,,,
reg,,,685.0,,,,cc1,C,1,excess,SMH,BTC,2024-26,-8.088312877095529,-1.3429920594315918,,,,,,,,,,,,,,,,,,,,,,,
reg,,,1006.0,,,,cc1,C,1,excess,SMH,VIX,2020-23,-1.1636297933340511,-0.21642059726417034,,,,,,,,,,,,,,,,,,,,,,,
reg,,,685.0,,,,cc1,C,1,excess,SMH,VIX,2024-26,-0.0874616690376579,-0.013480290033731758,,,,,,,,,,,,,,,,,,,,,,,
reg,,,1006.0,,,,cc1,C,1,excess,SMH,SPY,2020-23,-21.790141628043354,-4.76935611513906,,,,,,,,,,,,,,,,,,,,,,,
reg,,,685.0,,,,cc1,C,1,excess,SMH,SPY,2024-26,-13.575869472101122,-1.8731349578983802,,,,,,,,,,,,,,,,,,,,,,,
reg,,,1006.0,,,,cc1,C,1,excess,XBI,TLT,2020-23,3.5210837643787656,0.5287149531914359,,,,,,,,,,,,,,,,,,,,,,,
reg,,,685.0,,,,cc1,C,1,excess,XBI,TLT,2024-26,-1.1184912293303835,-0.2091351507654403,,,,,,,,,,,,,,,,,,,,,,,
reg,,,1006.0,,,,cc1,C,1,excess,XBI,UUP,2020-23,8.268721659218096,1.4129835283698222,,,,,,,,,,,,,,,,,,,,,,,
reg,,,685.0,,,,cc1,C,1,excess,XBI,UUP,2024-26,-0.2531895215472527,-0.047311879108597445,,,,,,,,,,,,,,,,,,,,,,,
reg,,,1006.0,,,,cc1,C,1,excess,XBI,USO,2020-23,-4.9640895524257695,-0.7707392983840936,,,,,,,,,,,,,,,,,,,,,,,
reg,,,685.0,,,,cc1,C,1,excess,XBI,USO,2024-26,1.2890695864014134,0.2540289352999855,,,,,,,,,,,,,,,,,,,,,,,
reg,,,1006.0,,,,cc1,C,1,excess,XBI,GLD,2020-23,2.2280870755641113,0.4194455195882881,,,,,,,,,,,,,,,,,,,,,,,
reg,,,685.0,,,,cc1,C,1,excess,XBI,GLD,2024-26,-5.302327344077133,-0.9132868827983397,,,,,,,,,,,,,,,,,,,,,,,
reg,,,1006.0,,,,cc1,C,1,excess,XBI,HYG,2020-23,-11.46655715870107,-1.718090696373228,,,,,,,,,,,,,,,,,,,,,,,
reg,,,685.0,,,,cc1,C,1,excess,XBI,HYG,2024-26,-2.6674261788288494,-0.5262516026962828,,,,,,,,,,,,,,,,,,,,,,,
reg,,,752.0,,,,cc1,C,1,excess,XBI,BTC,2020-23,-15.781834412119892,-2.6217772400886727,,,,,,,,,,,,,,,,,,,,,,,
reg,,,685.0,,,,cc1,C,1,excess,XBI,BTC,2024-26,-4.95978472374341,-0.9339051626470014,,,,,,,,,,,,,,,,,,,,,,,
reg,,,1006.0,,,,cc1,C,1,excess,XBI,VIX,2020-23,8.937851675446918,1.4883873976244748,,,,,,,,,,,,,,,,,,,,,,,
reg,,,685.0,,,,cc1,C,1,excess,XBI,VIX,2024-26,2.6167363019602106,0.450101034155774,,,,,,,,,,,,,,,,,,,,,,,
reg,,,1006.0,,,,cc1,C,1,excess,XBI,SPY,2020-23,-11.099217290606418,-1.8437547187258694,,,,,,,,,,,,,,,,,,,,,,,
reg,,,685.0,,,,cc1,C,1,excess,XBI,SPY,2024-26,-5.526689791814855,-1.1386850089422889,,,,,,,,,,,,,,,,,,,,,,,
reg,,,1006.0,,,,cc1,C,1,excess,KRE,TLT,2020-23,-7.3083936355023615,-0.8637951394877226,,,,,,,,,,,,,,,,,,,,,,,
reg,,,685.0,,,,cc1,C,1,excess,KRE,TLT,2024-26,-1.107064942588939,-0.1919923553819952,,,,,,,,,,,,,,,,,,,,,,,
reg,,,1006.0,,,,cc1,C,1,excess,KRE,UUP,2020-23,0.9222292569941665,0.1453931132652313,,,,,,,,,,,,,,,,,,,,,,,
reg,,,685.0,,,,cc1,C,1,excess,KRE,UUP,2024-26,6.020087211260602,1.0071462005877532,,,,,,,,,,,,,,,,,,,,,,,
reg,,,1006.0,,,,cc1,C,1,excess,KRE,USO,2020-23,-6.604293998133168,-0.9230364213436452,,,,,,,,,,,,,,,,,,,,,,,
reg,,,685.0,,,,cc1,C,1,excess,KRE,USO,2024-26,-1.1238564407605216,-0.24463479194955767,,,,,,,,,,,,,,,,,,,,,,,
reg,,,1006.0,,,,cc1,C,1,excess,KRE,GLD,2020-23,-2.2985282555057838,-0.34816142646988096,,,,,,,,,,,,,,,,,,,,,,,
reg,,,685.0,,,,cc1,C,1,excess,KRE,GLD,2024-26,-3.0620724157905577,-0.6171287237871612,,,,,,,,,,,,,,,,,,,,,,,
reg,,,1006.0,,,,cc1,C,1,excess,KRE,HYG,2020-23,-7.815673524267614,-1.1280421582882731,,,,,,,,,,,,,,,,,,,,,,,
reg,,,685.0,,,,cc1,C,1,excess,KRE,HYG,2024-26,-0.7533084427922946,-0.1627884600514642,,,,,,,,,,,,,,,,,,,,,,,
reg,,,752.0,,,,cc1,C,1,excess,KRE,BTC,2020-23,5.393504135144941,0.9389281654088939,,,,,,,,,,,,,,,,,,,,,,,
reg,,,685.0,,,,cc1,C,1,excess,KRE,BTC,2024-26,0.9087277981866054,0.17093474612101955,,,,,,,,,,,,,,,,,,,,,,,
reg,,,1006.0,,,,cc1,C,1,excess,KRE,VIX,2020-23,-4.479126375488552,-0.5823180087646448,,,,,,,,,,,,,,,,,,,,,,,
reg,,,685.0,,,,cc1,C,1,excess,KRE,VIX,2024-26,11.530608541323003,2.8049274358059715,,,,,,,,,,,,,,,,,,,,,,,
reg,,,1006.0,,,,cc1,C,1,excess,KRE,SPY,2020-23,-5.6193111615004545,-0.691861444753856,,,,,,,,,,,,,,,,,,,,,,,
reg,,,685.0,,,,cc1,C,1,excess,KRE,SPY,2024-26,-4.032841432593284,-0.8495346709821074,,,,,,,,,,,,,,,,,,,,,,,
reg,,,1006.0,,,,cc1,C,5,raw,XLK,TLT,2020-23,14.901985198263661,2.2006622350009457,,,,,,,,,,,,,,,,,,,,,,,
reg,,,685.0,,,,cc1,C,5,raw,XLK,TLT,2024-26,-2.273035076989402,-0.31717050220861825,,,,,,,,,,,,,,,,,,,,,,,
reg,,,1006.0,,,,cc1,C,5,raw,XLK,UUP,2020-23,0.5221006083579707,0.07074507702740226,,,,,,,,,,,,,,,,,,,,,,,
reg,,,685.0,,,,cc1,C,5,raw,XLK,UUP,2024-26,1.1306066280330982,0.15305637950277423,,,,,,,,,,,,,,,,,,,,,,,
reg,,,1006.0,,,,cc1,C,5,raw,XLK,USO,2020-23,-3.6367386832418713,-0.45855597787681646,,,,,,,,,,,,,,,,,,,,,,,
reg,,,685.0,,,,cc1,C,5,raw,XLK,USO,2024-26,-3.4346921524440606,-0.4377678134557267,,,,,,,,,,,,,,,,,,,,,,,
reg,,,1006.0,,,,cc1,C,5,raw,XLK,GLD,2020-23,4.3018506080287,0.5869671008778442,,,,,,,,,,,,,,,,,,,,,,,
reg,,,685.0,,,,cc1,C,5,raw,XLK,GLD,2024-26,-5.6595313481943545,-0.8686134474914068,,,,,,,,,,,,,,,,,,,,,,,
reg,,,1006.0,,,,cc1,C,5,raw,XLK,HYG,2020-23,-1.6387224773224014,-0.18249094881602548,,,,,,,,,,,,,,,,,,,,,,,
reg,,,685.0,,,,cc1,C,5,raw,XLK,HYG,2024-26,-4.8283354158960385,-0.38988934050783636,,,,,,,,,,,,,,,,,,,,,,,
reg,,,748.0,,,,cc1,C,5,raw,XLK,BTC,2020-23,-8.416840738387368,-1.5772520601727664,,,,,,,,,,,,,,,,,,,,,,,
reg,,,685.0,,,,cc1,C,5,raw,XLK,BTC,2024-26,-1.7960787708584534,-0.2569367907058445,,,,,,,,,,,,,,,,,,,,,,,
reg,,,1006.0,,,,cc1,C,5,raw,XLK,VIX,2020-23,-2.995351990089609,-0.423920666267562,,,,,,,,,,,,,,,,,,,,,,,
reg,,,685.0,,,,cc1,C,5,raw,XLK,VIX,2024-26,0.12801356755880924,0.015615607959190628,,,,,,,,,,,,,,,,,,,,,,,
reg,,,1006.0,,,,cc1,C,5,raw,XLK,SPY,2020-23,-7.372553160720954,-0.9562528105249306,,,,,,,,,,,,,,,,,,,,,,,
reg,,,685.0,,,,cc1,C,5,raw,XLK,SPY,2024-26,-12.349505240676795,-1.0661451160048476,,,,,,,,,,,,,,,,,,,,,,,
reg,,,1006.0,,,,cc1,C,5,raw,XLF,TLT,2020-23,7.981477017828567,1.0394164286514822,,,,,,,,,,,,,,,,,,,,,,,
reg,,,685.0,,,,cc1,C,5,raw,XLF,TLT,2024-26,-8.614535735742216,-1.6181834485382438,,,,,,,,,,,,,,,,,,,,,,,
reg,,,1006.0,,,,cc1,C,5,raw,XLF,UUP,2020-23,3.630818066095555,0.4136672832733029,,,,,,,,,,,,,,,,,,,,,,,
reg,,,685.0,,,,cc1,C,5,raw,XLF,UUP,2024-26,1.279795011733639,0.24878723346259699,,,,,,,,,,,,,,,,,,,,,,,
reg,,,1006.0,,,,cc1,C,5,raw,XLF,USO,2020-23,5.481172769522441,0.5698137931252952,,,,,,,,,,,,,,,,,,,,,,,
reg,,,685.0,,,,cc1,C,5,raw,XLF,USO,2024-26,0.4384805714964865,0.08666313581639787,,,,,,,,,,,,,,,,,,,,,,,
reg,,,1006.0,,,,cc1,C,5,raw,XLF,GLD,2020-23,7.909435642297377,0.9573479198386461,,,,,,,,,,,,,,,,,,,,,,,
reg,,,685.0,,,,cc1,C,5,raw,XLF,GLD,2024-26,-3.073304366698436,-0.8029008767369656,,,,,,,,,,,,,,,,,,,,,,,
reg,,,1006.0,,,,cc1,C,5,raw,XLF,HYG,2020-23,-2.9413787279615278,-0.26727962068808725,,,,,,,,,,,,,,,,,,,,,,,
reg,,,685.0,,,,cc1,C,5,raw,XLF,HYG,2024-26,-6.603738402715668,-0.9001160526124982,,,,,,,,,,,,,,,,,,,,,,,
reg,,,748.0,,,,cc1,C,5,raw,XLF,BTC,2020-23,-0.80046583525128,-0.18482935263153674,,,,,,,,,,,,,,,,,,,,,,,
reg,,,685.0,,,,cc1,C,5,raw,XLF,BTC,2024-26,-4.399901754056485,-1.1353486866235218,,,,,,,,,,,,,,,,,,,,,,,
reg,,,1006.0,,,,cc1,C,5,raw,XLF,VIX,2020-23,-5.744648168229029,-0.7532831415320514,,,,,,,,,,,,,,,,,,,,,,,
reg,,,685.0,,,,cc1,C,5,raw,XLF,VIX,2024-26,1.1279427666898596,0.21370201913340567,,,,,,,,,,,,,,,,,,,,,,,
reg,,,1006.0,,,,cc1,C,5,raw,XLF,SPY,2020-23,-1.002571514820881,-0.11052712090996203,,,,,,,,,,,,,,,,,,,,,,,
reg,,,685.0,,,,cc1,C,5,raw,XLF,SPY,2024-26,-7.711132431774358,-0.9999994902313311,,,,,,,,,,,,,,,,,,,,,,,
reg,,,1006.0,,,,cc1,C,5,raw,XLE,TLT,2020-23,2.555858423379189,0.21553664327506775,,,,,,,,,,,,,,,,,,,,,,,
reg,,,685.0,,,,cc1,C,5,raw,XLE,TLT,2024-26,-9.201410144101251,-1.3366351887459345,,,,,,,,,,,,,,,,,,,,,,,
reg,,,1006.0,,,,cc1,C,5,raw,XLE,UUP,2020-23,17.33621962569743,1.3710481119093147,,,,,,,,,,,,,,,,,,,,,,,
reg,,,685.0,,,,cc1,C,5,raw,XLE,UUP,2024-26,-3.117086844129147,-0.4984782843790684,,,,,,,,,,,,,,,,,,,,,,,
reg,,,1006.0,,,,cc1,C,5,raw,XLE,USO,2020-23,3.0220060981570227,0.23891456122137203,,,,,,,,,,,,,,,,,,,,,,,
reg,,,685.0,,,,cc1,C,5,raw,XLE,USO,2024-26,2.118034702006066,0.39829035878924357,,,,,,,,,,,,,,,,,,,,,,,
reg,,,1006.0,,,,cc1,C,5,raw,XLE,GLD,2020-23,-1.5645207736335967,-0.12472649803193084,,,,,,,,,,,,,,,,,,,,,,,
reg,,,685.0,,,,cc1,C,5,raw,XLE,GLD,2024-26,-3.0082092870592887,-0.5664641393566078,,,,,,,,,,,,,,,,,,,,,,,
reg,,,1006.0,,,,cc1,C,5,raw,XLE,HYG,2020-23,2.3141020542194926,0.16388924389108017,,,,,,,,,,,,,,,,,,,,,,,
reg,,,685.0,,,,cc1,C,5,raw,XLE,HYG,2024-26,-6.646290712911885,-0.9268505075405177,,,,,,,,,,,,,,,,,,,,,,,
reg,,,748.0,,,,cc1,C,5,raw,XLE,BTC,2020-23,0.22484871555625166,0.027790193163972885,,,,,,,,,,,,,,,,,,,,,,,
reg,,,685.0,,,,cc1,C,5,raw,XLE,BTC,2024-26,-4.1315200933146015,-0.8673658476194999,,,,,,,,,,,,,,,,,,,,,,,
reg,,,1006.0,,,,cc1,C,5,raw,XLE,VIX,2020-23,-10.041784568844628,-0.9367932965461359,,,,,,,,,,,,,,,,,,,,,,,
reg,,,685.0,,,,cc1,C,5,raw,XLE,VIX,2024-26,-7.359919721401628,-1.1579014878079923,,,,,,,,,,,,,,,,,,,,,,,
reg,,,1006.0,,,,cc1,C,5,raw,XLE,SPY,2020-23,3.6518413112542594,0.28874644011594747,,,,,,,,,,,,,,,,,,,,,,,
reg,,,685.0,,,,cc1,C,5,raw,XLE,SPY,2024-26,-4.123902678627944,-0.4968592080772611,,,,,,,,,,,,,,,,,,,,,,,
reg,,,1006.0,,,,cc1,C,5,raw,XLV,TLT,2020-23,10.894794899524339,1.969113043432885,,,,,,,,,,,,,,,,,,,,,,,
reg,,,685.0,,,,cc1,C,5,raw,XLV,TLT,2024-26,-1.511327773771362,-0.39037907748241363,,,,,,,,,,,,,,,,,,,,,,,
reg,,,1006.0,,,,cc1,C,5,raw,XLV,UUP,2020-23,-2.879146067356965,-0.5010128117086771,,,,,,,,,,,,,,,,,,,,,,,
reg,,,685.0,,,,cc1,C,5,raw,XLV,UUP,2024-26,2.935463938956857,0.6348416035125255,,,,,,,,,,,,,,,,,,,,,,,
reg,,,1006.0,,,,cc1,C,5,raw,XLV,USO,2020-23,2.9339854071835774,0.4404296523837485,,,,,,,,,,,,,,,,,,,,,,,
reg,,,685.0,,,,cc1,C,5,raw,XLV,USO,2024-26,-2.0801859744123,-0.5094965247270169,,,,,,,,,,,,,,,,,,,,,,,
reg,,,1006.0,,,,cc1,C,5,raw,XLV,GLD,2020-23,6.764347895808854,1.156596063749268,,,,,,,,,,,,,,,,,,,,,,,
reg,,,685.0,,,,cc1,C,5,raw,XLV,GLD,2024-26,-1.68029480153461,-0.42630964763697976,,,,,,,,,,,,,,,,,,,,,,,
reg,,,1006.0,,,,cc1,C,5,raw,XLV,HYG,2020-23,7.286539036921838,0.979127587579573,,,,,,,,,,,,,,,,,,,,,,,
reg,,,685.0,,,,cc1,C,5,raw,XLV,HYG,2024-26,-1.9224273080948244,-0.3885433456582546,,,,,,,,,,,,,,,,,,,,,,,
reg,,,748.0,,,,cc1,C,5,raw,XLV,BTC,2020-23,-3.4301108138641316,-1.0206324312315824,,,,,,,,,,,,,,,,,,,,,,,
reg,,,685.0,,,,cc1,C,5,raw,XLV,BTC,2024-26,-8.459466710776596,-2.463411670962211,,,,,,,,,,,,,,,,,,,,,,,
reg,,,1006.0,,,,cc1,C,5,raw,XLV,VIX,2020-23,-6.013450079203277,-1.1334565581260982,,,,,,,,,,,,,,,,,,,,,,,
reg,,,685.0,,,,cc1,C,5,raw,XLV,VIX,2024-26,3.928000944115688,1.0314729837297187,,,,,,,,,,,,,,,,,,,,,,,
reg,,,1006.0,,,,cc1,C,5,raw,XLV,SPY,2020-23,2.755599732625789,0.4462676144577931,,,,,,,,,,,,,,,,,,,,,,,
reg,,,685.0,,,,cc1,C,5,raw,XLV,SPY,2024-26,-4.011973172380189,-0.7532145832650416,,,,,,,,,,,,,,,,,,,,,,,
reg,,,1006.0,,,,cc1,C,5,raw,XLI,TLT,2020-23,10.171785845015469,1.424563733638486,,,,,,,,,,,,,,,,,,,,,,,
reg,,,685.0,,,,cc1,C,5,raw,XLI,TLT,2024-26,-4.389009173931578,-0.8538428983499421,,,,,,,,,,,,,,,,,,,,,,,
reg,,,1006.0,,,,cc1,C,5,raw,XLI,UUP,2020-23,5.078141037344192,0.5836187070955609,,,,,,,,,,,,,,,,,,,,,,,
reg,,,685.0,,,,cc1,C,5,raw,XLI,UUP,2024-26,0.9831381120810715,0.20040330901622466,,,,,,,,,,,,,,,,,,,,,,,
reg,,,1006.0,,,,cc1,C,5,raw,XLI,USO,2020-23,4.36707512455637,0.4656296843024626,,,,,,,,,,,,,,,,,,,,,,,
reg,,,685.0,,,,cc1,C,5,raw,XLI,USO,2024-26,-0.8198783907809297,-0.1446960984975082,,,,,,,,,,,,,,,,,,,,,,,
reg,,,1006.0,,,,cc1,C,5,raw,XLI,GLD,2020-23,9.2744165090394,1.2259063702591142,,,,,,,,,,,,,,,,,,,,,,,
reg,,,685.0,,,,cc1,C,5,raw,XLI,GLD,2024-26,-3.1222641831803837,-0.7149296837761162,,,,,,,,,,,,,,,,,,,,,,,
reg,,,1006.0,,,,cc1,C,5,raw,XLI,HYG,2020-23,1.3836485962341905,0.12511000778018086,,,,,,,,,,,,,,,,,,,,,,,
reg,,,685.0,,,,cc1,C,5,raw,XLI,HYG,2024-26,-5.207689744446518,-0.6042718365246543,,,,,,,,,,,,,,,,,,,,,,,
reg,,,748.0,,,,cc1,C,5,raw,XLI,BTC,2020-23,1.273697890725422,0.3297710314269104,,,,,,,,,,,,,,,,,,,,,,,
reg,,,685.0,,,,cc1,C,5,raw,XLI,BTC,2024-26,-6.187498027835443,-1.5509213659131758,,,,,,,,,,,,,,,,,,,,,,,
reg,,,1006.0,,,,cc1,C,5,raw,XLI,VIX,2020-23,-6.8891128090257805,-0.9758541577024445,,,,,,,,,,,,,,,,,,,,,,,
reg,,,685.0,,,,cc1,C,5,raw,XLI,VIX,2024-26,3.3607090619787043,0.6140178771153723,,,,,,,,,,,,,,,,,,,,,,,
reg,,,1006.0,,,,cc1,C,5,raw,XLI,SPY,2020-23,1.4364831376689122,0.17678107215969585,,,,,,,,,,,,,,,,,,,,,,,
reg,,,685.0,,,,cc1,C,5,raw,XLI,SPY,2024-26,-9.856354166758443,-1.1949211270655098,,,,,,,,,,,,,,,,,,,,,,,
reg,,,1006.0,,,,cc1,C,5,raw,XLY,TLT,2020-23,11.06000446072104,1.6225763653044312,,,,,,,,,,,,,,,,,,,,,,,
reg,,,685.0,,,,cc1,C,5,raw,XLY,TLT,2024-26,-7.513661172840865,-1.2753993614048265,,,,,,,,,,,,,,,,,,,,,,,
reg,,,1006.0,,,,cc1,C,5,raw,XLY,UUP,2020-23,5.869434588595856,0.7709945207709633,,,,,,,,,,,,,,,,,,,,,,,
reg,,,685.0,,,,cc1,C,5,raw,XLY,UUP,2024-26,2.946882615565939,0.4991515623078779,,,,,,,,,,,,,,,,,,,,,,,
reg,,,1006.0,,,,cc1,C,5,raw,XLY,USO,2020-23,-0.6260423321243109,-0.06607399789794582,,,,,,,,,,,,,,,,,,,,,,,
reg,,,685.0,,,,cc1,C,5,raw,XLY,USO,2024-26,-3.6131678398827054,-0.5964608684429453,,,,,,,,,,,,,,,,,,,,,,,
reg,,,1006.0,,,,cc1,C,5,raw,XLY,GLD,2020-23,6.135021398966195,0.8432397087332484,,,,,,,,,,,,,,,,,,,,,,,
reg,,,685.0,,,,cc1,C,5,raw,XLY,GLD,2024-26,-1.3673590591790767,-0.2776392188090201,,,,,,,,,,,,,,,,,,,,,,,
reg,,,1006.0,,,,cc1,C,5,raw,XLY,HYG,2020-23,-0.8894214380641409,-0.08652364786503162,,,,,,,,,,,,,,,,,,,,,,,
reg,,,685.0,,,,cc1,C,5,raw,XLY,HYG,2024-26,-4.026682700701169,-0.41223112498651016,,,,,,,,,,,,,,,,,,,,,,,
reg,,,748.0,,,,cc1,C,5,raw,XLY,BTC,2020-23,-5.640042800488071,-1.0453889586460008,,,,,,,,,,,,,,,,,,,,,,,
reg,,,685.0,,,,cc1,C,5,raw,XLY,BTC,2024-26,-2.4901472766658026,-0.5251211716107925,,,,,,,,,,,,,,,,,,,,,,,
reg,,,1006.0,,,,cc1,C,5,raw,XLY,VIX,2020-23,-6.312208932124487,-0.8485760171371073,,,,,,,,,,,,,,,,,,,,,,,
reg,,,685.0,,,,cc1,C,5,raw,XLY,VIX,2024-26,-1.5287635105128359,-0.23733783447393045,,,,,,,,,,,,,,,,,,,,,,,
reg,,,1006.0,,,,cc1,C,5,raw,XLY,SPY,2020-23,-0.20783632386082906,-0.024091995144151616,,,,,,,,,,,,,,,,,,,,,,,
reg,,,685.0,,,,cc1,C,5,raw,XLY,SPY,2024-26,-10.332034406278625,-1.115144045040607,,,,,,,,,,,,,,,,,,,,,,,
reg,,,1006.0,,,,cc1,C,5,raw,XLP,TLT,2020-23,7.2157192714320155,1.3579553149583958,,,,,,,,,,,,,,,,,,,,,,,
reg,,,685.0,,,,cc1,C,5,raw,XLP,TLT,2024-26,-5.004613991422565,-1.4728328634910803,,,,,,,,,,,,,,,,,,,,,,,
reg,,,1006.0,,,,cc1,C,5,raw,XLP,UUP,2020-23,-5.155813677238492,-0.8538915455549286,,,,,,,,,,,,,,,,,,,,,,,
reg,,,685.0,,,,cc1,C,5,raw,XLP,UUP,2024-26,1.481504913945357,0.41669647868793147,,,,,,,,,,,,,,,,,,,,,,,
reg,,,1006.0,,,,cc1,C,5,raw,XLP,USO,2020-23,4.142761500526342,0.6284893502901855,,,,,,,,,,,,,,,,,,,,,,,
reg,,,685.0,,,,cc1,C,5,raw,XLP,USO,2024-26,-0.22390801365752513,-0.0590007102697731,,,,,,,,,,,,,,,,,,,,,,,
reg,,,1006.0,,,,cc1,C,5,raw,XLP,GLD,2020-23,3.850298682512212,0.6426587535035128,,,,,,,,,,,,,,,,,,,,,,,
reg,,,685.0,,,,cc1,C,5,raw,XLP,GLD,2024-26,2.5157653629232835,0.8243903294816246,,,,,,,,,,,,,,,,,,,,,,,
reg,,,1006.0,,,,cc1,C,5,raw,XLP,HYG,2020-23,9.093133299148109,1.1912866410133738,,,,,,,,,,,,,,,,,,,,,,,
reg,,,685.0,,,,cc1,C,5,raw,XLP,HYG,2024-26,-2.265355276513287,-0.47789682418407475,,,,,,,,,,,,,,,,,,,,,,,
reg,,,748.0,,,,cc1,C,5,raw,XLP,BTC,2020-23,-1.281203508691989,-0.4094953645791261,,,,,,,,,,,,,,,,,,,,,,,
reg,,,685.0,,,,cc1,C,5,raw,XLP,BTC,2024-26,-4.023887174349998,-1.3801046056750115,,,,,,,,,,,,,,,,,,,,,,,
reg,,,1006.0,,,,cc1,C,5,raw,XLP,VIX,2020-23,-7.74473473337461,-1.3566149507141867,,,,,,,,,,,,,,,,,,,,,,,
reg,,,685.0,,,,cc1,C,5,raw,XLP,VIX,2024-26,1.7725741966285504,0.47484604624339183,,,,,,,,,,,,,,,,,,,,,,,
reg,,,1006.0,,,,cc1,C,5,raw,XLP,SPY,2020-23,3.1217058135293745,0.4815044242228718,,,,,,,,,,,,,,,,,,,,,,,
reg,,,685.0,,,,cc1,C,5,raw,XLP,SPY,2024-26,-0.671832366101365,-0.13037123370768025,,,,,,,,,,,,,,,,,,,,,,,
reg,,,1006.0,,,,cc1,C,5,raw,XLU,TLT,2020-23,14.942291250903338,1.8645563754684555,,,,,,,,,,,,,,,,,,,,,,,
reg,,,685.0,,,,cc1,C,5,raw,XLU,TLT,2024-26,-9.159339963247563,-1.9736957891687568,,,,,,,,,,,,,,,,,,,,,,,
reg,,,1006.0,,,,cc1,C,5,raw,XLU,UUP,2020-23,-4.24412308265047,-0.4504640723002017,,,,,,,,,,,,,,,,,,,,,,,
reg,,,685.0,,,,cc1,C,5,raw,XLU,UUP,2024-26,8.443268262917261,1.928666055095952,,,,,,,,,,,,,,,,,,,,,,,
reg,,,1006.0,,,,cc1,C,5,raw,XLU,USO,2020-23,14.198452891703054,1.4388911617958338,,,,,,,,,,,,,,,,,,,,,,,
reg,,,685.0,,,,cc1,C,5,raw,XLU,USO,2024-26,4.38114841898461,1.0337753447136944,,,,,,,,,,,,,,,,,,,,,,,
reg,,,1006.0,,,,cc1,C,5,raw,XLU,GLD,2020-23,13.488807309369099,1.576146156254719,,,,,,,,,,,,,,,,,,,,,,,
reg,,,685.0,,,,cc1,C,5,raw,XLU,GLD,2024-26,-0.2972370818967799,-0.07958699795739664,,,,,,,,,,,,,,,,,,,,,,,
reg,,,1006.0,,,,cc1,C,5,raw,XLU,HYG,2020-23,9.889471394519386,0.7933589144211116,,,,,,,,,,,,,,,,,,,,,,,
reg,,,685.0,,,,cc1,C,5,raw,XLU,HYG,2024-26,-6.766355520349937,-1.3693561467570348,,,,,,,,,,,,,,,,,,,,,,,
reg,,,748.0,,,,cc1,C,5,raw,XLU,BTC,2020-23,1.7094140033047631,0.4116605895832858,,,,,,,,,,,,,,,,,,,,,,,
reg,,,685.0,,,,cc1,C,5,raw,XLU,BTC,2024-26,-4.124860006201439,-1.1539684076021253,,,,,,,,,,,,,,,,,,,,,,,
reg,,,1006.0,,,,cc1,C,5,raw,XLU,VIX,2020-23,-13.487598749801894,-1.7970526615084985,,,,,,,,,,,,,,,,,,,,,,,
reg,,,685.0,,,,cc1,C,5,raw,XLU,VIX,2024-26,3.538594903618935,0.8924277388719453,,,,,,,,,,,,,,,,,,,,,,,
reg,,,1006.0,,,,cc1,C,5,raw,XLU,SPY,2020-23,10.050745195901634,1.1056784512452666,,,,,,,,,,,,,,,,,,,,,,,
reg,,,685.0,,,,cc1,C,5,raw,XLU,SPY,2024-26,-5.908608815486825,-1.0743884920985525,,,,,,,,,,,,,,,,,,,,,,,
reg,,,1006.0,,,,cc1,C,5,raw,XLB,TLT,2020-23,6.7037384023462625,1.0227183215193532,,,,,,,,,,,,,,,,,,,,,,,
reg,,,685.0,,,,cc1,C,5,raw,XLB,TLT,2024-26,-7.362818419220861,-1.3679631724056343,,,,,,,,,,,,,,,,,,,,,,,
reg,,,1006.0,,,,cc1,C,5,raw,XLB,UUP,2020-23,9.673416976657354,1.2749979503809987,,,,,,,,,,,,,,,,,,,,,,,
reg,,,685.0,,,,cc1,C,5,raw,XLB,UUP,2024-26,-1.7451073303912203,-0.3420235364302066,,,,,,,,,,,,,,,,,,,,,,,
reg,,,1006.0,,,,cc1,C,5,raw,XLB,USO,2020-23,2.5773011510152988,0.2743855187463308,,,,,,,,,,,,,,,,,,,,,,,
reg,,,685.0,,,,cc1,C,5,raw,XLB,USO,2024-26,-3.31961158761802,-0.6368835596014498,,,,,,,,,,,,,,,,,,,,,,,
reg,,,1006.0,,,,cc1,C,5,raw,XLB,GLD,2020-23,3.7284538635843947,0.5211690453085758,,,,,,,,,,,,,,,,,,,,,,,
reg,,,685.0,,,,cc1,C,5,raw,XLB,GLD,2024-26,-2.7942604061829077,-0.5746455478904573,,,,,,,,,,,,,,,,,,,,,,,
reg,,,1006.0,,,,cc1,C,5,raw,XLB,HYG,2020-23,-2.38103591705431,-0.25318833293723997,,,,,,,,,,,,,,,,,,,,,,,
reg,,,685.0,,,,cc1,C,5,raw,XLB,HYG,2024-26,-3.27323143757597,-0.40405726222178595,,,,,,,,,,,,,,,,,,,,,,,
reg,,,748.0,,,,cc1,C,5,raw,XLB,BTC,2020-23,2.9950439015933856,0.6735583412089677,,,,,,,,,,,,,,,,,,,,,,,
reg,,,685.0,,,,cc1,C,5,raw,XLB,BTC,2024-26,-3.934207896165722,-0.9354507701190011,,,,,,,,,,,,,,,,,,,,,,,
reg,,,1006.0,,,,cc1,C,5,raw,XLB,VIX,2020-23,-2.647086154309272,-0.38125838060550893,,,,,,,,,,,,,,,,,,,,,,,
reg,,,685.0,,,,cc1,C,5,raw,XLB,VIX,2024-26,3.1272507674560877,0.5777187660041786,,,,,,,,,,,,,,,,,,,,,,,
reg,,,1006.0,,,,cc1,C,5,raw,XLB,SPY,2020-23,-1.8307486414366907,-0.2349939334912099,,,,,,,,,,,,,,,,,,,,,,,
reg,,,685.0,,,,cc1,C,5,raw,XLB,SPY,2024-26,-7.3423216482435,-0.9083759437873657,,,,,,,,,,,,,,,,,,,,,,,
reg,,,1006.0,,,,cc1,C,5,raw,XLRE,TLT,2020-23,18.63567254670128,2.255935286127542,,,,,,,,,,,,,,,,,,,,,,,
reg,,,685.0,,,,cc1,C,5,raw,XLRE,TLT,2024-26,-5.803135750832758,-1.2125472381707265,,,,,,,,,,,,,,,,,,,,,,,
reg,,,1006.0,,,,cc1,C,5,raw,XLRE,UUP,2020-23,-3.0804277206568837,-0.3475227387240923,,,,,,,,,,,,,,,,,,,,,,,
reg,,,685.0,,,,cc1,C,5,raw,XLRE,UUP,2024-26,2.8157164982225398,0.6180528067833778,,,,,,,,,,,,,,,,,,,,,,,
reg,,,1006.0,,,,cc1,C,5,raw,XLRE,USO,2020-23,10.707928593537872,1.1131419576867185,,,,,,,,,,,,,,,,,,,,,,,
reg,,,685.0,,,,cc1,C,5,raw,XLRE,USO,2024-26,3.703054072818695,0.8484690459992796,,,,,,,,,,,,,,,,,,,,,,,
reg,,,1006.0,,,,cc1,C,5,raw,XLRE,GLD,2020-23,15.462017878657337,1.791579157295121,,,,,,,,,,,,,,,,,,,,,,,
reg,,,685.0,,,,cc1,C,5,raw,XLRE,GLD,2024-26,4.279128158592374,1.10578819836061,,,,,,,,,,,,,,,,,,,,,,,
reg,,,1006.0,,,,cc1,C,5,raw,XLRE,HYG,2020-23,4.862298747329299,0.41805071870697563,,,,,,,,,,,,,,,,,,,,,,,
reg,,,685.0,,,,cc1,C,5,raw,XLRE,HYG,2024-26,-3.0377989399160157,-0.5061569202844957,,,,,,,,,,,,,,,,,,,,,,,
reg,,,748.0,,,,cc1,C,5,raw,XLRE,BTC,2020-23,-2.2720019061455954,-0.4880886591406775,,,,,,,,,,,,,,,,,,,,,,,
reg,,,685.0,,,,cc1,C,5,raw,XLRE,BTC,2024-26,-7.997042316512866,-2.109338359345595,,,,,,,,,,,,,,,,,,,,,,,
reg,,,1006.0,,,,cc1,C,5,raw,XLRE,VIX,2020-23,-13.525054488676895,-1.5558555659558055,,,,,,,,,,,,,,,,,,,,,,,
reg,,,685.0,,,,cc1,C,5,raw,XLRE,VIX,2024-26,3.296999288749289,0.7439195078375741,,,,,,,,,,,,,,,,,,,,,,,
reg,,,1006.0,,,,cc1,C,5,raw,XLRE,SPY,2020-23,5.759510995444665,0.611424158300122,,,,,,,,,,,,,,,,,,,,,,,
reg,,,685.0,,,,cc1,C,5,raw,XLRE,SPY,2024-26,-2.8686258951130714,-0.44840768682052107,,,,,,,,,,,,,,,,,,,,,,,
reg,,,1006.0,,,,cc1,C,5,raw,XLC,TLT,2020-23,9.007188205369243,1.5061118887455336,,,,,,,,,,,,,,,,,,,,,,,
reg,,,685.0,,,,cc1,C,5,raw,XLC,TLT,2024-26,-1.116535066462677,-0.22479942613946827,,,,,,,,,,,,,,,,,,,,,,,
reg,,,1006.0,,,,cc1,C,5,raw,XLC,UUP,2020-23,0.35988091968703495,0.05738417196639853,,,,,,,,,,,,,,,,,,,,,,,
reg,,,685.0,,,,cc1,C,5,raw,XLC,UUP,2024-26,-1.9714501968873552,-0.39484844698994476,,,,,,,,,,,,,,,,,,,,,,,
reg,,,1006.0,,,,cc1,C,5,raw,XLC,USO,2020-23,-1.0292356886116116,-0.14563148700477738,,,,,,,,,,,,,,,,,,,,,,,
reg,,,685.0,,,,cc1,C,5,raw,XLC,USO,2024-26,-1.1324959175268234,-0.21490105898284242,,,,,,,,,,,,,,,,,,,,,,,
reg,,,1006.0,,,,cc1,C,5,raw,XLC,GLD,2020-23,3.934797144981116,0.6258277887252425,,,,,,,,,,,,,,,,,,,,,,,
reg,,,685.0,,,,cc1,C,5,raw,XLC,GLD,2024-26,5.512022803780878,1.3416091434342294,,,,,,,,,,,,,,,,,,,,,,,
reg,,,1006.0,,,,cc1,C,5,raw,XLC,HYG,2020-23,-0.3524920304436754,-0.049958554585952726,,,,,,,,,,,,,,,,,,,,,,,
reg,,,685.0,,,,cc1,C,5,raw,XLC,HYG,2024-26,-3.892361859460675,-0.47964883911582235,,,,,,,,,,,,,,,,,,,,,,,
reg,,,748.0,,,,cc1,C,5,raw,XLC,BTC,2020-23,-6.37641820234952,-1.229865577305427,,,,,,,,,,,,,,,,,,,,,,,
reg,,,685.0,,,,cc1,C,5,raw,XLC,BTC,2024-26,-1.6169042827976274,-0.4095293351303409,,,,,,,,,,,,,,,,,,,,,,,
reg,,,1006.0,,,,cc1,C,5,raw,XLC,VIX,2020-23,-1.6440187640099713,-0.25644565942092573,,,,,,,,,,,,,,,,,,,,,,,
reg,,,685.0,,,,cc1,C,5,raw,XLC,VIX,2024-26,-0.5157343609574975,-0.09715915460195886,,,,,,,,,,,,,,,,,,,,,,,
reg,,,1006.0,,,,cc1,C,5,raw,XLC,SPY,2020-23,-5.178438173946318,-0.7544173949073537,,,,,,,,,,,,,,,,,,,,,,,
reg,,,685.0,,,,cc1,C,5,raw,XLC,SPY,2024-26,-6.766203568270888,-0.8415694480832423,,,,,,,,,,,,,,,,,,,,,,,
reg,,,1006.0,,,,cc1,C,5,raw,SMH,TLT,2020-23,14.59670431505979,1.8507064245927463,,,,,,,,,,,,,,,,,,,,,,,
reg,,,685.0,,,,cc1,C,5,raw,SMH,TLT,2024-26,-1.774407925208144,-0.18690495144285169,,,,,,,,,,,,,,,,,,,,,,,
reg,,,1006.0,,,,cc1,C,5,raw,SMH,UUP,2020-23,5.486012054204991,0.6158366084207293,,,,,,,,,,,,,,,,,,,,,,,
reg,,,685.0,,,,cc1,C,5,raw,SMH,UUP,2024-26,4.902421068129143,0.5015096670915994,,,,,,,,,,,,,,,,,,,,,,,
reg,,,1006.0,,,,cc1,C,5,raw,SMH,USO,2020-23,-6.229891467529368,-0.5904225730513857,,,,,,,,,,,,,,,,,,,,,,,
reg,,,685.0,,,,cc1,C,5,raw,SMH,USO,2024-26,-0.21638530572467954,-0.020310484554040872,,,,,,,,,,,,,,,,,,,,,,,
reg,,,1006.0,,,,cc1,C,5,raw,SMH,GLD,2020-23,1.759231226415199,0.2035175330045825,,,,,,,,,,,,,,,,,,,,,,,
reg,,,685.0,,,,cc1,C,5,raw,SMH,GLD,2024-26,-12.928131428980253,-1.4583668947822113,,,,,,,,,,,,,,,,,,,,,,,
reg,,,1006.0,,,,cc1,C,5,raw,SMH,HYG,2020-23,-6.021045193162754,-0.5121602054649121,,,,,,,,,,,,,,,,,,,,,,,
reg,,,685.0,,,,cc1,C,5,raw,SMH,HYG,2024-26,-9.660577590559026,-0.6212507629649539,,,,,,,,,,,,,,,,,,,,,,,
reg,,,748.0,,,,cc1,C,5,raw,SMH,BTC,2020-23,-11.402635938020714,-1.4760663136354515,,,,,,,,,,,,,,,,,,,,,,,
reg,,,685.0,,,,cc1,C,5,raw,SMH,BTC,2024-26,-6.004898326420812,-0.6293978028339382,,,,,,,,,,,,,,,,,,,,,,,
reg,,,1006.0,,,,cc1,C,5,raw,SMH,VIX,2020-23,-3.727763736019755,-0.4535648828888186,,,,,,,,,,,,,,,,,,,,,,,
reg,,,685.0,,,,cc1,C,5,raw,SMH,VIX,2024-26,3.731626908514087,0.34767368847048075,,,,,,,,,,,,,,,,,,,,,,,
reg,,,1006.0,,,,cc1,C,5,raw,SMH,SPY,2020-23,-10.161733876463272,-1.0152258526665685,,,,,,,,,,,,,,,,,,,,,,,
reg,,,685.0,,,,cc1,C,5,raw,SMH,SPY,2024-26,-24.072523107313316,-1.6999901847459682,,,,,,,,,,,,,,,,,,,,,,,
reg,,,1006.0,,,,cc1,C,5,raw,XBI,TLT,2020-23,7.692031521761908,0.8730359443768628,,,,,,,,,,,,,,,,,,,,,,,
reg,,,685.0,,,,cc1,C,5,raw,XBI,TLT,2024-26,-8.260937811819284,-1.196052951119249,,,,,,,,,,,,,,,,,,,,,,,
reg,,,1006.0,,,,cc1,C,5,raw,XBI,UUP,2020-23,10.822400937509805,1.3680036071003303,,,,,,,,,,,,,,,,,,,,,,,
reg,,,685.0,,,,cc1,C,5,raw,XBI,UUP,2024-26,1.1062495643264751,0.15549403985051757,,,,,,,,,,,,,,,,,,,,,,,
reg,,,1006.0,,,,cc1,C,5,raw,XBI,USO,2020-23,-5.238460351274832,-0.4939564802610882,,,,,,,,,,,,,,,,,,,,,,,
reg,,,685.0,,,,cc1,C,5,raw,XBI,USO,2024-26,-0.7547564345325444,-0.1008727190707436,,,,,,,,,,,,,,,,,,,,,,,
reg,,,1006.0,,,,cc1,C,5,raw,XBI,GLD,2020-23,1.656383342130797,0.19468210331895383,,,,,,,,,,,,,,,,,,,,,,,
reg,,,685.0,,,,cc1,C,5,raw,XBI,GLD,2024-26,-3.985554791173594,-0.6409590275889385,,,,,,,,,,,,,,,,,,,,,,,
reg,,,1006.0,,,,cc1,C,5,raw,XBI,HYG,2020-23,-6.921570485977698,-0.6679017456319649,,,,,,,,,,,,,,,,,,,,,,,
reg,,,685.0,,,,cc1,C,5,raw,XBI,HYG,2024-26,-6.514479208065302,-0.7990255129499566,,,,,,,,,,,,,,,,,,,,,,,
reg,,,748.0,,,,cc1,C,5,raw,XBI,BTC,2020-23,-22.071042674386824,-2.8295552793554664,,,,,,,,,,,,,,,,,,,,,,,
reg,,,685.0,,,,cc1,C,5,raw,XBI,BTC,2024-26,-15.593165844209762,-2.3165270132498974,,,,,,,,,,,,,,,,,,,,,,,
reg,,,1006.0,,,,cc1,C,5,raw,XBI,VIX,2020-23,-1.59225279128839,-0.18261191785998657,,,,,,,,,,,,,,,,,,,,,,,
reg,,,685.0,,,,cc1,C,5,raw,XBI,VIX,2024-26,2.324696086197782,0.3386797887599226,,,,,,,,,,,,,,,,,,,,,,,
reg,,,1006.0,,,,cc1,C,5,raw,XBI,SPY,2020-23,-9.02261555287891,-0.9066493650847767,,,,,,,,,,,,,,,,,,,,,,,
reg,,,685.0,,,,cc1,C,5,raw,XBI,SPY,2024-26,-11.00945711810727,-1.3017668013406003,,,,,,,,,,,,,,,,,,,,,,,
reg,,,1006.0,,,,cc1,C,5,raw,KRE,TLT,2020-23,7.667589594989072,0.7615773518953035,,,,,,,,,,,,,,,,,,,,,,,
reg,,,685.0,,,,cc1,C,5,raw,KRE,TLT,2024-26,-15.047112697964188,-2.058951019045537,,,,,,,,,,,,,,,,,,,,,,,
reg,,,1006.0,,,,cc1,C,5,raw,KRE,UUP,2020-23,7.621635507945608,0.7326873478587665,,,,,,,,,,,,,,,,,,,,,,,
reg,,,685.0,,,,cc1,C,5,raw,KRE,UUP,2024-26,4.174034673480324,0.5929708026257482,,,,,,,,,,,,,,,,,,,,,,,
reg,,,1006.0,,,,cc1,C,5,raw,KRE,USO,2020-23,4.462792593027328,0.3330086480406241,,,,,,,,,,,,,,,,,,,,,,,
reg,,,685.0,,,,cc1,C,5,raw,KRE,USO,2024-26,7.357108120735499,1.1287031899684985,,,,,,,,,,,,,,,,,,,,,,,
reg,,,1006.0,,,,cc1,C,5,raw,KRE,GLD,2020-23,10.782417891799314,1.0410758054906186,,,,,,,,,,,,,,,,,,,,,,,
reg,,,685.0,,,,cc1,C,5,raw,KRE,GLD,2024-26,-7.643301106196874,-1.3764152269373895,,,,,,,,,,,,,,,,,,,,,,,
reg,,,1006.0,,,,cc1,C,5,raw,KRE,HYG,2020-23,-5.814755857561116,-0.4559943656477633,,,,,,,,,,,,,,,,,,,,,,,
reg,,,685.0,,,,cc1,C,5,raw,KRE,HYG,2024-26,-10.180001050473042,-1.391675189209312,,,,,,,,,,,,,,,,,,,,,,,
reg,,,748.0,,,,cc1,C,5,raw,KRE,BTC,2020-23,1.9193172419374067,0.29527556835521857,,,,,,,,,,,,,,,,,,,,,,,
reg,,,685.0,,,,cc1,C,5,raw,KRE,BTC,2024-26,-16.538886430458206,-2.5366187881078393,,,,,,,,,,,,,,,,,,,,,,,
reg,,,1006.0,,,,cc1,C,5,raw,KRE,VIX,2020-23,-3.3036825934876157,-0.3479466051393975,,,,,,,,,,,,,,,,,,,,,,,
reg,,,685.0,,,,cc1,C,5,raw,KRE,VIX,2024-26,-1.762999147085059,-0.2611062201462136,,,,,,,,,,,,,,,,,,,,,,,
reg,,,1006.0,,,,cc1,C,5,raw,KRE,SPY,2020-23,-2.8490193175966754,-0.26735323976169567,,,,,,,,,,,,,,,,,,,,,,,
reg,,,685.0,,,,cc1,C,5,raw,KRE,SPY,2024-26,-12.01511906676842,-1.538277872063601,,,,,,,,,,,,,,,,,,,,,,,
reg,,,1006.0,,,,cc1,C,5,excess,XLK,TLT,2020-23,3.9353367966134076,1.7267750413621104,,,,,,,,,,,,,,,,,,,,,,,
reg,,,685.0,,,,cc1,C,5,excess,XLK,TLT,2024-26,2.2021719874955075,0.7185209985839478,,,,,,,,,,,,,,,,,,,,,,,
reg,,,1006.0,,,,cc1,C,5,excess,XLK,UUP,2020-23,-0.7342074383856257,-0.3337327844520208,,,,,,,,,,,,,,,,,,,,,,,
reg,,,685.0,,,,cc1,C,5,excess,XLK,UUP,2024-26,0.20549946043401301,0.0625282031984247,,,,,,,,,,,,,,,,,,,,,,,
reg,,,1006.0,,,,cc1,C,5,excess,XLK,USO,2020-23,-5.005617172624536,-1.9234065756699081,,,,,,,,,,,,,,,,,,,,,,,
reg,,,685.0,,,,cc1,C,5,excess,XLK,USO,2024-26,-1.6580804985795041,-0.4571214843389099,,,,,,,,,,,,,,,,,,,,,,,
reg,,,1006.0,,,,cc1,C,5,excess,XLK,GLD,2020-23,-1.5103668796420944,-0.6125071939399868,,,,,,,,,,,,,,,,,,,,,,,
reg,,,685.0,,,,cc1,C,5,excess,XLK,GLD,2024-26,-3.223870293445521,-0.9868851957022996,,,,,,,,,,,,,,,,,,,,,,,
reg,,,1006.0,,,,cc1,C,5,excess,XLK,HYG,2020-23,-3.496537251972282,-1.3818968469656665,,,,,,,,,,,,,,,,,,,,,,,
reg,,,685.0,,,,cc1,C,5,excess,XLK,HYG,2024-26,0.4968020295292621,0.1313897246402856,,,,,,,,,,,,,,,,,,,,,,,
reg,,,748.0,,,,cc1,C,5,excess,XLK,BTC,2020-23,-4.084957083607843,-1.8811265835066948,,,,,,,,,,,,,,,,,,,,,,,
reg,,,685.0,,,,cc1,C,5,excess,XLK,BTC,2024-26,1.2420309204879927,0.32570670346250163,,,,,,,,,,,,,,,,,,,,,,,
reg,,,1006.0,,,,cc1,C,5,excess,XLK,VIX,2020-23,2.5056542175996643,1.1013064568567172,,,,,,,,,,,,,,,,,,,,,,,
reg,,,685.0,,,,cc1,C,5,excess,XLK,VIX,2024-26,-1.1379728759814356,-0.34652769930511673,,,,,,,,,,,,,,,,,,,,,,,
reg,,,1006.0,,,,cc1,C,5,excess,XLK,SPY,2020-23,-6.2228517850873155,-2.5787279692394343,,,,,,,,,,,,,,,,,,,,,,,
reg,,,685.0,,,,cc1,C,5,excess,XLK,SPY,2024-26,-3.0739386718603883,-0.8611617419937883,,,,,,,,,,,,,,,,,,,,,,,
reg,,,1006.0,,,,cc1,C,5,excess,XLF,TLT,2020-23,-2.985171383821659,-0.9876381575289862,,,,,,,,,,,,,,,,,,,,,,,
reg,,,685.0,,,,cc1,C,5,excess,XLF,TLT,2024-26,-4.139328671257311,-1.467785530478874,,,,,,,,,,,,,,,,,,,,,,,
reg,,,1006.0,,,,cc1,C,5,excess,XLF,UUP,2020-23,2.374510019351941,0.653230759486301,,,,,,,,,,,,,,,,,,,,,,,
reg,,,685.0,,,,cc1,C,5,excess,XLF,UUP,2024-26,0.3546878441345528,0.12791722830150934,,,,,,,,,,,,,,,,,,,,,,,
reg,,,1006.0,,,,cc1,C,5,excess,XLF,USO,2020-23,4.112294280139786,0.9476746676225176,,,,,,,,,,,,,,,,,,,,,,,
reg,,,685.0,,,,cc1,C,5,excess,XLF,USO,2024-26,2.215092225361045,0.7424963566298357,,,,,,,,,,,,,,,,,,,,,,,
reg,,,1006.0,,,,cc1,C,5,excess,XLF,GLD,2020-23,2.097218154626552,0.578060919622471,,,,,,,,,,,,,,,,,,,,,,,
reg,,,685.0,,,,cc1,C,5,excess,XLF,GLD,2024-26,-0.6376433119495974,-0.24524148155027164,,,,,,,,,,,,,,,,,,,,,,,
reg,,,1006.0,,,,cc1,C,5,excess,XLF,HYG,2020-23,-4.799193502611412,-0.9846491461439767,,,,,,,,,,,,,,,,,,,,,,,
reg,,,685.0,,,,cc1,C,5,excess,XLF,HYG,2024-26,-1.2786009572903707,-0.4026933865476221,,,,,,,,,,,,,,,,,,,,,,,
reg,,,748.0,,,,cc1,C,5,excess,XLF,BTC,2020-23,3.5314178195282366,1.319009444526048,,,,,,,,,,,,,,,,,,,,,,,
reg,,,685.0,,,,cc1,C,5,excess,XLF,BTC,2024-26,-1.361792062710029,-0.42842753492806146,,,,,,,,,,,,,,,,,,,,,,,
reg,,,1006.0,,,,cc1,C,5,excess,XLF,VIX,2020-23,-0.24364196053977216,-0.07278230035151709,,,,,,,,,,,,,,,,,,,,,,,
reg,,,685.0,,,,cc1,C,5,excess,XLF,VIX,2024-26,-0.1380436768503882,-0.05183148027734679,,,,,,,,,,,,,,,,,,,,,,,
reg,,,1006.0,,,,cc1,C,5,excess,XLF,SPY,2020-23,0.14712986081275453,0.033816608251502754,,,,,,,,,,,,,,,,,,,,,,,
reg,,,685.0,,,,cc1,C,5,excess,XLF,SPY,2024-26,1.564434137042071,0.5165486417019494,,,,,,,,,,,,,,,,,,,,,,,
reg,,,1006.0,,,,cc1,C,5,excess,XLE,TLT,2020-23,-8.410789978271055,-0.9725642605195685,,,,,,,,,,,,,,,,,,,,,,,
reg,,,685.0,,,,cc1,C,5,excess,XLE,TLT,2024-26,-4.726203079616345,-0.9043813648610748,,,,,,,,,,,,,,,,,,,,,,,
reg,,,1006.0,,,,cc1,C,5,excess,XLE,UUP,2020-23,16.079911578953798,1.7309242606724486,,,,,,,,,,,,,,,,,,,,,,,
reg,,,685.0,,,,cc1,C,5,excess,XLE,UUP,2024-26,-4.042194011728219,-0.6521206522545859,,,,,,,,,,,,,,,,,,,,,,,
reg,,,1006.0,,,,cc1,C,5,excess,XLE,USO,2020-23,1.6531276087743785,0.19875016305914164,,,,,,,,,,,,,,,,,,,,,,,
reg,,,685.0,,,,cc1,C,5,excess,XLE,USO,2024-26,3.8946463558706212,0.6296234948740222,,,,,,,,,,,,,,,,,,,,,,,
reg,,,1006.0,,,,cc1,C,5,excess,XLE,GLD,2020-23,-7.376738261304351,-0.7770899687813996,,,,,,,,,,,,,,,,,,,,,,,
reg,,,685.0,,,,cc1,C,5,excess,XLE,GLD,2024-26,-0.5725482323104544,-0.08874669328354007,,,,,,,,,,,,,,,,,,,,,,,
reg,,,1006.0,,,,cc1,C,5,excess,XLE,HYG,2020-23,0.456287279569615,0.04739071331400081,,,,,,,,,,,,,,,,,,,,,,,
reg,,,685.0,,,,cc1,C,5,excess,XLE,HYG,2024-26,-1.3211532674865822,-0.2023507397517505,,,,,,,,,,,,,,,,,,,,,,,
reg,,,748.0,,,,cc1,C,5,excess,XLE,BTC,2020-23,4.556732370335771,0.6132583475804535,,,,,,,,,,,,,,,,,,,,,,,
reg,,,685.0,,,,cc1,C,5,excess,XLE,BTC,2024-26,-1.0934104019681514,-0.22284908217036756,,,,,,,,,,,,,,,,,,,,,,,
reg,,,1006.0,,,,cc1,C,5,excess,XLE,VIX,2020-23,-4.540778361155354,-0.6294609423785719,,,,,,,,,,,,,,,,,,,,,,,
reg,,,685.0,,,,cc1,C,5,excess,XLE,VIX,2024-26,-8.625906164941878,-1.4703084836710159,,,,,,,,,,,,,,,,,,,,,,,
reg,,,1006.0,,,,cc1,C,5,excess,XLE,SPY,2020-23,4.801542686887919,0.5488691434728172,,,,,,,,,,,,,,,,,,,,,,,
reg,,,685.0,,,,cc1,C,5,excess,XLE,SPY,2024-26,5.15166389018848,0.819367318320605,,,,,,,,,,,,,,,,,,,,,,,
reg,,,1006.0,,,,cc1,C,5,excess,XLV,TLT,2020-23,-0.07185350212590906,-0.029124382197905106,,,,,,,,,,,,,,,,,,,,,,,
reg,,,685.0,,,,cc1,C,5,excess,XLV,TLT,2024-26,2.963879290713555,0.8279985453272128,,,,,,,,,,,,,,,,,,,,,,,
reg,,,1006.0,,,,cc1,C,5,excess,XLV,UUP,2020-23,-4.135454114100592,-1.4369386546630551,,,,,,,,,,,,,,,,,,,,,,,
reg,,,685.0,,,,cc1,C,5,excess,XLV,UUP,2024-26,2.0103567713577704,0.46886699923613817,,,,,,,,,,,,,,,,,,,,,,,
reg,,,1006.0,,,,cc1,C,5,excess,XLV,USO,2020-23,1.565106917800917,0.4689563178164058,,,,,,,,,,,,,,,,,,,,,,,
reg,,,685.0,,,,cc1,C,5,excess,XLV,USO,2024-26,-0.3035743205477451,-0.06559122653036659,,,,,,,,,,,,,,,,,,,,,,,
reg,,,1006.0,,,,cc1,C,5,excess,XLV,GLD,2020-23,0.9521304081380604,0.361147501745566,,,,,,,,,,,,,,,,,,,,,,,
reg,,,685.0,,,,cc1,C,5,excess,XLV,GLD,2024-26,0.7553662532142267,0.1879616895913437,,,,,,,,,,,,,,,,,,,,,,,
reg,,,1006.0,,,,cc1,C,5,excess,XLV,HYG,2020-23,5.42872426227195,1.4460826464512109,,,,,,,,,,,,,,,,,,,,,,,
reg,,,685.0,,,,cc1,C,5,excess,XLV,HYG,2024-26,3.4027101373304744,0.5655473897989953,,,,,,,,,,,,,,,,,,,,,,,
reg,,,748.0,,,,cc1,C,5,excess,XLV,BTC,2020-23,0.9017728409153912,0.34147497050692144,,,,,,,,,,,,,,,,,,,,,,,
reg,,,685.0,,,,cc1,C,5,excess,XLV,BTC,2024-26,-5.421357019430141,-1.3684236137394503,,,,,,,,,,,,,,,,,,,,,,,
reg,,,1006.0,,,,cc1,C,5,excess,XLV,VIX,2020-23,-0.5124438715140266,-0.22329996879981956,,,,,,,,,,,,,,,,,,,,,,,
reg,,,685.0,,,,cc1,C,5,excess,XLV,VIX,2024-26,2.662014500575441,0.6038705081040254,,,,,,,,,,,,,,,,,,,,,,,
reg,,,1006.0,,,,cc1,C,5,excess,XLV,SPY,2020-23,3.9053011082594296,1.1781544543877216,,,,,,,,,,,,,,,,,,,,,,,
reg,,,685.0,,,,cc1,C,5,excess,XLV,SPY,2024-26,5.26359339643623,0.9061678160957529,,,,,,,,,,,,,,,,,,,,,,,
reg,,,1006.0,,,,cc1,C,5,excess,XLI,TLT,2020-23,-0.794862556634813,-0.31520143198121714,,,,,,,,,,,,,,,,,,,,,,,
reg,,,685.0,,,,cc1,C,5,excess,XLI,TLT,2024-26,0.08619789055333996,0.039300966685576505,,,,,,,,,,,,,,,,,,,,,,,
reg,,,1006.0,,,,cc1,C,5,excess,XLI,UUP,2020-23,3.821832990600606,1.177778226858265,,,,,,,,,,,,,,,,,,,,,,,
reg,,,685.0,,,,cc1,C,5,excess,XLI,UUP,2024-26,0.058030944481981095,0.022937807473179833,,,,,,,,,,,,,,,,,,,,,,,
reg,,,1006.0,,,,cc1,C,5,excess,XLI,USO,2020-23,2.99819663517372,0.870296631990588,,,,,,,,,,,,,,,,,,,,,,,
reg,,,685.0,,,,cc1,C,5,excess,XLI,USO,2024-26,0.9567332630836298,0.358956384343894,,,,,,,,,,,,,,,,,,,,,,,
reg,,,1006.0,,,,cc1,C,5,excess,XLI,GLD,2020-23,3.462199021368626,1.1236416708872832,,,,,,,,,,,,,,,,,,,,,,,
reg,,,685.0,,,,cc1,C,5,excess,XLI,GLD,2024-26,-0.6866031284315427,-0.25382458620358234,,,,,,,,,,,,,,,,,,,,,,,
reg,,,1006.0,,,,cc1,C,5,excess,XLI,HYG,2020-23,-0.47416617841570746,-0.11131703684140766,,,,,,,,,,,,,,,,,,,,,,,
reg,,,685.0,,,,cc1,C,5,excess,XLI,HYG,2024-26,0.11744770097878622,0.05544402673202861,,,,,,,,,,,,,,,,,,,,,,,
reg,,,748.0,,,,cc1,C,5,excess,XLI,BTC,2020-23,5.605581545504948,2.908120186484412,,,,,,,,,,,,,,,,,,,,,,,
reg,,,685.0,,,,cc1,C,5,excess,XLI,BTC,2024-26,-3.149388336488992,-1.336868162737512,,,,,,,,,,,,,,,,,,,,,,,
reg,,,1006.0,,,,cc1,C,5,excess,XLI,VIX,2020-23,-1.3881066013365155,-0.5498309798402572,,,,,,,,,,,,,,,,,,,,,,,
reg,,,685.0,,,,cc1,C,5,excess,XLI,VIX,2024-26,2.094722618438458,0.9069320258308269,,,,,,,,,,,,,,,,,,,,,,,
reg,,,1006.0,,,,cc1,C,5,excess,XLI,SPY,2020-23,2.5861845133025745,0.832103542667318,,,,,,,,,,,,,,,,,,,,,,,
reg,,,685.0,,,,cc1,C,5,excess,XLI,SPY,2024-26,-0.5807875979420111,-0.24769779798898717,,,,,,,,,,,,,,,,,,,,,,,
reg,,,1006.0,,,,cc1,C,5,excess,XLY,TLT,2020-23,0.0933560590707914,0.03257720208762082,,,,,,,,,,,,,,,,,,,,,,,
reg,,,685.0,,,,cc1,C,5,excess,XLY,TLT,2024-26,-3.038454108355951,-1.1457776121833707,,,,,,,,,,,,,,,,,,,,,,,
reg,,,1006.0,,,,cc1,C,5,excess,XLY,UUP,2020-23,4.613126541852254,1.3963149837700422,,,,,,,,,,,,,,,,,,,,,,,
reg,,,685.0,,,,cc1,C,5,excess,XLY,UUP,2024-26,2.021775447966858,0.7864977445658157,,,,,,,,,,,,,,,,,,,,,,,
reg,,,1006.0,,,,cc1,C,5,excess,XLY,USO,2020-23,-1.994920821506976,-0.5038836793902132,,,,,,,,,,,,,,,,,,,,,,,
reg,,,685.0,,,,cc1,C,5,excess,XLY,USO,2024-26,-1.8365561860181467,-0.7168550160655404,,,,,,,,,,,,,,,,,,,,,,,
reg,,,1006.0,,,,cc1,C,5,excess,XLY,GLD,2020-23,0.3228039112953959,0.09464477974647409,,,,,,,,,,,,,,,,,,,,,,,
reg,,,685.0,,,,cc1,C,5,excess,XLY,GLD,2024-26,1.0683019955697644,0.3950894089752675,,,,,,,,,,,,,,,,,,,,,,,
reg,,,1006.0,,,,cc1,C,5,excess,XLY,HYG,2020-23,-2.7472362127140135,-0.5435052173047283,,,,,,,,,,,,,,,,,,,,,,,
reg,,,685.0,,,,cc1,C,5,excess,XLY,HYG,2024-26,1.298454744724132,0.5339917050983511,,,,,,,,,,,,,,,,,,,,,,,
reg,,,748.0,,,,cc1,C,5,excess,XLY,BTC,2020-23,-1.3081591457085486,-0.5226835205044427,,,,,,,,,,,,,,,,,,,,,,,
reg,,,685.0,,,,cc1,C,5,excess,XLY,BTC,2024-26,0.5479624146806482,0.20406386283197112,,,,,,,,,,,,,,,,,,,,,,,
reg,,,1006.0,,,,cc1,C,5,excess,XLY,VIX,2020-23,-0.8112027244351986,-0.27716889780948323,,,,,,,,,,,,,,,,,,,,,,,
reg,,,685.0,,,,cc1,C,5,excess,XLY,VIX,2024-26,-2.7947499540530782,-1.1775076808347622,,,,,,,,,,,,,,,,,,,,,,,
reg,,,1006.0,,,,cc1,C,5,excess,XLY,SPY,2020-23,0.9418650517727896,0.22208664391419072,,,,,,,,,,,,,,,,,,,,,,,
reg,,,685.0,,,,cc1,C,5,excess,XLY,SPY,2024-26,-1.0564678374621905,-0.427720053928471,,,,,,,,,,,,,,,,,,,,,,,
reg,,,1006.0,,,,cc1,C,5,excess,XLP,TLT,2020-23,-3.7509291302182306,-0.9898665971919116,,,,,,,,,,,,,,,,,,,,,,,
reg,,,685.0,,,,cc1,C,5,excess,XLP,TLT,2024-26,-0.52940692693766,-0.12630363853523993,,,,,,,,,,,,,,,,,,,,,,,
reg,,,1006.0,,,,cc1,C,5,excess,XLP,UUP,2020-23,-6.41212172398212,-1.3479607543828394,,,,,,,,,,,,,,,,,,,,,,,
reg,,,685.0,,,,cc1,C,5,excess,XLP,UUP,2024-26,0.5563977463462704,0.11438227706926533,,,,,,,,,,,,,,,,,,,,,,,
reg,,,1006.0,,,,cc1,C,5,excess,XLP,USO,2020-23,2.77388301114368,0.6082432037679117,,,,,,,,,,,,,,,,,,,,,,,
reg,,,685.0,,,,cc1,C,5,excess,XLP,USO,2024-26,1.552703640207032,0.3170941709960021,,,,,,,,,,,,,,,,,,,,,,,
reg,,,1006.0,,,,cc1,C,5,excess,XLP,GLD,2020-23,-1.9619188051585796,-0.40611155081854683,,,,,,,,,,,,,,,,,,,,,,,
reg,,,685.0,,,,cc1,C,5,excess,XLP,GLD,2024-26,4.951426417672118,1.135121077637414,,,,,,,,,,,,,,,,,,,,,,,
reg,,,1006.0,,,,cc1,C,5,excess,XLP,HYG,2020-23,7.235318524498219,1.3178121180610742,,,,,,,,,,,,,,,,,,,,,,,
reg,,,685.0,,,,cc1,C,5,excess,XLP,HYG,2024-26,3.0597821689120193,0.47438872320147146,,,,,,,,,,,,,,,,,,,,,,,
reg,,,748.0,,,,cc1,C,5,excess,XLP,BTC,2020-23,3.0506801460875312,1.0301221427601772,,,,,,,,,,,,,,,,,,,,,,,
reg,,,685.0,,,,cc1,C,5,excess,XLP,BTC,2024-26,-0.9857774830035457,-0.2190126803526213,,,,,,,,,,,,,,,,,,,,,,,
reg,,,1006.0,,,,cc1,C,5,excess,XLP,VIX,2020-23,-2.2437285256853476,-0.540718472708754,,,,,,,,,,,,,,,,,,,,,,,
reg,,,685.0,,,,cc1,C,5,excess,XLP,VIX,2024-26,0.506587753088301,0.1008631104561896,,,,,,,,,,,,,,,,,,,,,,,
reg,,,1006.0,,,,cc1,C,5,excess,XLP,SPY,2020-23,4.271407189163001,0.9058924014956163,,,,,,,,,,,,,,,,,,,,,,,
reg,,,685.0,,,,cc1,C,5,excess,XLP,SPY,2024-26,8.60373420271506,1.4644226075702949,,,,,,,,,,,,,,,,,,,,,,,
reg,,,1006.0,,,,cc1,C,5,excess,XLU,TLT,2020-23,3.9756428492531004,0.7620741399627192,,,,,,,,,,,,,,,,,,,,,,,
reg,,,685.0,,,,cc1,C,5,excess,XLU,TLT,2024-26,-4.684132898762653,-0.9744578450363577,,,,,,,,,,,,,,,,,,,,,,,
reg,,,1006.0,,,,cc1,C,5,excess,XLU,UUP,2020-23,-5.500431129394062,-0.9218858349778641,,,,,,,,,,,,,,,,,,,,,,,
reg,,,685.0,,,,cc1,C,5,excess,XLU,UUP,2024-26,7.518161095318184,1.319124208314382,,,,,,,,,,,,,,,,,,,,,,,
reg,,,1006.0,,,,cc1,C,5,excess,XLU,USO,2020-23,12.829574402320393,2.3687553296061727,,,,,,,,,,,,,,,,,,,,,,,
reg,,,685.0,,,,cc1,C,5,excess,XLU,USO,2024-26,6.157760072849169,1.2153208623102285,,,,,,,,,,,,,,,,,,,,,,,
reg,,,1006.0,,,,cc1,C,5,excess,XLU,GLD,2020-23,7.676589821698312,1.2889023221944664,,,,,,,,,,,,,,,,,,,,,,,
reg,,,685.0,,,,cc1,C,5,excess,XLU,GLD,2024-26,2.1384239728520615,0.47660963651040755,,,,,,,,,,,,,,,,,,,,,,,
reg,,,1006.0,,,,cc1,C,5,excess,XLU,HYG,2020-23,8.031656619869493,1.1405016106855095,,,,,,,,,,,,,,,,,,,,,,,
reg,,,685.0,,,,cc1,C,5,excess,XLU,HYG,2024-26,-1.4412180749246288,-0.21484903208629344,,,,,,,,,,,,,,,,,,,,,,,
reg,,,748.0,,,,cc1,C,5,excess,XLU,BTC,2020-23,6.041297658084292,1.5927472815940276,,,,,,,,,,,,,,,,,,,,,,,
reg,,,685.0,,,,cc1,C,5,excess,XLU,BTC,2024-26,-1.086750314854985,-0.25032813892668637,,,,,,,,,,,,,,,,,,,,,,,
reg,,,1006.0,,,,cc1,C,5,excess,XLU,VIX,2020-23,-7.986592542112654,-1.7439956957688836,,,,,,,,,,,,,,,,,,,,,,,
reg,,,685.0,,,,cc1,C,5,excess,XLU,VIX,2024-26,2.2726084600786933,0.4730965624415939,,,,,,,,,,,,,,,,,,,,,,,
reg,,,1006.0,,,,cc1,C,5,excess,XLU,SPY,2020-23,11.20044657153527,2.0238439737579625,,,,,,,,,,,,,,,,,,,,,,,
reg,,,685.0,,,,cc1,C,5,excess,XLU,SPY,2024-26,3.366957753329613,0.551822942405744,,,,,,,,,,,,,,,,,,,,,,,
reg,,,1006.0,,,,cc1,C,5,excess,XLB,TLT,2020-23,-4.262909999303945,-1.694178418537125,,,,,,,,,,,,,,,,,,,,,,,
reg,,,685.0,,,,cc1,C,5,excess,XLB,TLT,2024-26,-2.887611354735947,-0.9401118520450302,,,,,,,,,,,,,,,,,,,,,,,
reg,,,1006.0,,,,cc1,C,5,excess,XLB,UUP,2020-23,8.417108929913743,3.120302152403467,,,,,,,,,,,,,,,,,,,,,,,
reg,,,685.0,,,,cc1,C,5,excess,XLB,UUP,2024-26,-2.670214497990309,-0.803112795245096,,,,,,,,,,,,,,,,,,,,,,,
reg,,,1006.0,,,,cc1,C,5,excess,XLB,USO,2020-23,1.208422661632639,0.31089354353724913,,,,,,,,,,,,,,,,,,,,,,,
reg,,,685.0,,,,cc1,C,5,excess,XLB,USO,2024-26,-1.5429999337534552,-0.41557858830429545,,,,,,,,,,,,,,,,,,,,,,,
reg,,,1006.0,,,,cc1,C,5,excess,XLB,GLD,2020-23,-2.0837636240863864,-0.7143240219171327,,,,,,,,,,,,,,,,,,,,,,,
reg,,,685.0,,,,cc1,C,5,excess,XLB,GLD,2024-26,-0.3585993514340715,-0.08000780669591845,,,,,,,,,,,,,,,,,,,,,,,
reg,,,1006.0,,,,cc1,C,5,excess,XLB,HYG,2020-23,-4.238850691704211,-1.2509223037097048,,,,,,,,,,,,,,,,,,,,,,,
reg,,,685.0,,,,cc1,C,5,excess,XLB,HYG,2024-26,2.051906007849333,0.5336271775648028,,,,,,,,,,,,,,,,,,,,,,,
reg,,,748.0,,,,cc1,C,5,excess,XLB,BTC,2020-23,7.326927556372905,2.8659333634438378,,,,,,,,,,,,,,,,,,,,,,,
reg,,,685.0,,,,cc1,C,5,excess,XLB,BTC,2024-26,-0.8960982048192684,-0.26557499475158763,,,,,,,,,,,,,,,,,,,,,,,
reg,,,1006.0,,,,cc1,C,5,excess,XLB,VIX,2020-23,2.8539200533799884,1.019885398122306,,,,,,,,,,,,,,,,,,,,,,,
reg,,,685.0,,,,cc1,C,5,excess,XLB,VIX,2024-26,1.8612643239158373,0.5118826173908144,,,,,,,,,,,,,,,,,,,,,,,
reg,,,1006.0,,,,cc1,C,5,excess,XLB,SPY,2020-23,-0.6810472658030502,-0.22413606645901124,,,,,,,,,,,,,,,,,,,,,,,
reg,,,685.0,,,,cc1,C,5,excess,XLB,SPY,2024-26,1.9332449205729285,0.4794355495227794,,,,,,,,,,,,,,,,,,,,,,,
reg,,,1006.0,,,,cc1,C,5,excess,XLRE,TLT,2020-23,7.669024145051061,1.966360967628149,,,,,,,,,,,,,,,,,,,,,,,
reg,,,685.0,,,,cc1,C,5,excess,XLRE,TLT,2024-26,-1.3279286863478514,-0.3206258018691518,,,,,,,,,,,,,,,,,,,,,,,
reg,,,1006.0,,,,cc1,C,5,excess,XLRE,UUP,2020-23,-4.3367357674004845,-1.0343477998734132,,,,,,,,,,,,,,,,,,,,,,,
reg,,,685.0,,,,cc1,C,5,excess,XLRE,UUP,2024-26,1.8906093306234513,0.4160889282792088,,,,,,,,,,,,,,,,,,,,,,,
reg,,,1006.0,,,,cc1,C,5,excess,XLRE,USO,2020-23,9.33905010415521,2.1765927287002786,,,,,,,,,,,,,,,,,,,,,,,
reg,,,685.0,,,,cc1,C,5,excess,XLRE,USO,2024-26,5.479665726683253,1.227835039017512,,,,,,,,,,,,,,,,,,,,,,,
reg,,,1006.0,,,,cc1,C,5,excess,XLRE,GLD,2020-23,9.64980039098656,2.181601454074543,,,,,,,,,,,,,,,,,,,,,,,
reg,,,685.0,,,,cc1,C,5,excess,XLRE,GLD,2024-26,6.714789213341215,1.6041829135389207,,,,,,,,,,,,,,,,,,,,,,,
reg,,,1006.0,,,,cc1,C,5,excess,XLRE,HYG,2020-23,3.0044839726794215,0.5391984831641449,,,,,,,,,,,,,,,,,,,,,,,
reg,,,685.0,,,,cc1,C,5,excess,XLRE,HYG,2024-26,2.287338505509293,0.38821871315592205,,,,,,,,,,,,,,,,,,,,,,,
reg,,,748.0,,,,cc1,C,5,excess,XLRE,BTC,2020-23,2.059881748633925,0.6389034188967091,,,,,,,,,,,,,,,,,,,,,,,
reg,,,685.0,,,,cc1,C,5,excess,XLRE,BTC,2024-26,-4.958932625166417,-1.22411739997212,,,,,,,,,,,,,,,,,,,,,,,
reg,,,1006.0,,,,cc1,C,5,excess,XLRE,VIX,2020-23,-8.024048280987659,-1.8493842929408624,,,,,,,,,,,,,,,,,,,,,,,
reg,,,685.0,,,,cc1,C,5,excess,XLRE,VIX,2024-26,2.031012845209039,0.42318104327639205,,,,,,,,,,,,,,,,,,,,,,,
reg,,,1006.0,,,,cc1,C,5,excess,XLRE,SPY,2020-23,6.9092123710783,1.526268701903028,,,,,,,,,,,,,,,,,,,,,,,
reg,,,685.0,,,,cc1,C,5,excess,XLRE,SPY,2024-26,6.406940673703358,1.1756660487491117,,,,,,,,,,,,,,,,,,,,,,,
reg,,,1006.0,,,,cc1,C,5,excess,XLC,TLT,2020-23,-1.9594601962810023,-0.76744415721066,,,,,,,,,,,,,,,,,,,,,,,
reg,,,685.0,,,,cc1,C,5,excess,XLC,TLT,2024-26,3.3586719980222344,1.556466629314936,,,,,,,,,,,,,,,,,,,,,,,
reg,,,1006.0,,,,cc1,C,5,excess,XLC,UUP,2020-23,-0.8964271270565498,-0.26348211954759604,,,,,,,,,,,,,,,,,,,,,,,
reg,,,685.0,,,,cc1,C,5,excess,XLC,UUP,2024-26,-2.8965573644864477,-1.1858798696703339,,,,,,,,,,,,,,,,,,,,,,,
reg,,,1006.0,,,,cc1,C,5,excess,XLC,USO,2020-23,-2.398114177994263,-0.8419281396343369,,,,,,,,,,,,,,,,,,,,,,,
reg,,,685.0,,,,cc1,C,5,excess,XLC,USO,2024-26,0.6441157363377356,0.2570163820384928,,,,,,,,,,,,,,,,,,,,,,,
reg,,,1006.0,,,,cc1,C,5,excess,XLC,GLD,2020-23,-1.877420342689663,-0.6472741374594074,,,,,,,,,,,,,,,,,,,,,,,
reg,,,685.0,,,,cc1,C,5,excess,XLC,GLD,2024-26,7.947683858529718,2.920616621605483,,,,,,,,,,,,,,,,,,,,,,,
reg,,,1006.0,,,,cc1,C,5,excess,XLC,HYG,2020-23,-2.210306805093546,-0.6016449369860434,,,,,,,,,,,,,,,,,,,,,,,
reg,,,685.0,,,,cc1,C,5,excess,XLC,HYG,2024-26,1.4327755859646292,0.6034321221708184,,,,,,,,,,,,,,,,,,,,,,,
reg,,,748.0,,,,cc1,C,5,excess,XLC,BTC,2020-23,-2.044534547569989,-0.7502410488232437,,,,,,,,,,,,,,,,,,,,,,,
reg,,,685.0,,,,cc1,C,5,excess,XLC,BTC,2024-26,1.4212054085488237,0.6083350717399638,,,,,,,,,,,,,,,,,,,,,,,
reg,,,1006.0,,,,cc1,C,5,excess,XLC,VIX,2020-23,3.8569874436792984,1.4574500594574182,,,,,,,,,,,,,,,,,,,,,,,
reg,,,685.0,,,,cc1,C,5,excess,XLC,VIX,2024-26,-1.7817208044977435,-0.799546581124342,,,,,,,,,,,,,,,,,,,,,,,
reg,,,1006.0,,,,cc1,C,5,excess,XLC,SPY,2020-23,-4.028736798312659,-1.2603131764193383,,,,,,,,,,,,,,,,,,,,,,,
reg,,,685.0,,,,cc1,C,5,excess,XLC,SPY,2024-26,2.5093630005455516,1.0585204643624044,,,,,,,,,,,,,,,,,,,,,,,
reg,,,1006.0,,,,cc1,C,5,excess,SMH,TLT,2020-23,3.630055913409544,0.9188836608634031,,,,,,,,,,,,,,,,,,,,,,,
reg,,,685.0,,,,cc1,C,5,excess,SMH,TLT,2024-26,2.700799139276762,0.4633238621953032,,,,,,,,,,,,,,,,,,,,,,,
reg,,,1006.0,,,,cc1,C,5,excess,SMH,UUP,2020-23,4.229704007461388,0.8792746356224023,,,,,,,,,,,,,,,,,,,,,,,
reg,,,685.0,,,,cc1,C,5,excess,SMH,UUP,2024-26,3.977313900530049,0.6414291593951386,,,,,,,,,,,,,,,,,,,,,,,
reg,,,1006.0,,,,cc1,C,5,excess,SMH,USO,2020-23,-7.5987699569120455,-1.3849975501746798,,,,,,,,,,,,,,,,,,,,,,,
reg,,,685.0,,,,cc1,C,5,excess,SMH,USO,2024-26,1.560226348139885,0.23195492907310358,,,,,,,,,,,,,,,,,,,,,,,
reg,,,1006.0,,,,cc1,C,5,excess,SMH,GLD,2020-23,-4.05298626125558,-0.8644478939159199,,,,,,,,,,,,,,,,,,,,,,,
reg,,,685.0,,,,cc1,C,5,excess,SMH,GLD,2024-26,-10.49247037423141,-1.784844307167244,,,,,,,,,,,,,,,,,,,,,,,
reg,,,1006.0,,,,cc1,C,5,excess,SMH,HYG,2020-23,-7.878859967812633,-1.1854102397380102,,,,,,,,,,,,,,,,,,,,,,,
reg,,,685.0,,,,cc1,C,5,excess,SMH,HYG,2024-26,-4.335440145133746,-0.5791674139252596,,,,,,,,,,,,,,,,,,,,,,,
reg,,,748.0,,,,cc1,C,5,excess,SMH,BTC,2020-23,-7.07075228324119,-1.4111670066722313,,,,,,,,,,,,,,,,,,,,,,,
reg,,,685.0,,,,cc1,C,5,excess,SMH,BTC,2024-26,-2.9667886350743573,-0.43996277204011874,,,,,,,,,,,,,,,,,,,,,,,
reg,,,1006.0,,,,cc1,C,5,excess,SMH,VIX,2020-23,1.7732424716695154,0.4587915266728165,,,,,,,,,,,,,,,,,,,,,,,
reg,,,685.0,,,,cc1,C,5,excess,SMH,VIX,2024-26,2.465640464973841,0.3991968481942058,,,,,,,,,,,,,,,,,,,,,,,
reg,,,1006.0,,,,cc1,C,5,excess,SMH,SPY,2020-23,-9.012032500829639,-1.7155538822036334,,,,,,,,,,,,,,,,,,,,,,,
reg,,,685.0,,,,cc1,C,5,excess,SMH,SPY,2024-26,-14.796956538496897,-2.1546313527948064,,,,,,,,,,,,,,,,,,,,,,,
reg,,,1006.0,,,,cc1,C,5,excess,XBI,TLT,2020-23,-3.2746168798883075,-0.5377344545314597,,,,,,,,,,,,,,,,,,,,,,,
reg,,,685.0,,,,cc1,C,5,excess,XBI,TLT,2024-26,-3.78573074733438,-0.7197186278469583,,,,,,,,,,,,,,,,,,,,,,,
reg,,,1006.0,,,,cc1,C,5,excess,XBI,UUP,2020-23,9.566092890766216,1.5820505109444583,,,,,,,,,,,,,,,,,,,,,,,
reg,,,685.0,,,,cc1,C,5,excess,XBI,UUP,2024-26,0.18114239672738308,0.030806268621146222,,,,,,,,,,,,,,,,,,,,,,,
reg,,,1006.0,,,,cc1,C,5,excess,XBI,USO,2020-23,-6.607338840657496,-0.876313214693619,,,,,,,,,,,,,,,,,,,,,,,
reg,,,685.0,,,,cc1,C,5,excess,XBI,USO,2024-26,1.021855219332017,0.15617026086720437,,,,,,,,,,,,,,,,,,,,,,,
reg,,,1006.0,,,,cc1,C,5,excess,XBI,GLD,2020-23,-4.155834145540005,-0.6965247939653482,,,,,,,,,,,,,,,,,,,,,,,
reg,,,685.0,,,,cc1,C,5,excess,XBI,GLD,2024-26,-1.54989373642475,-0.2908598706982504,,,,,,,,,,,,,,,,,,,,,,,
reg,,,1006.0,,,,cc1,C,5,excess,XBI,HYG,2020-23,-8.779385260627599,-1.1757735784469752,,,,,,,,,,,,,,,,,,,,,,,
reg,,,685.0,,,,cc1,C,5,excess,XBI,HYG,2024-26,-1.1893417626400051,-0.16911778778639294,,,,,,,,,,,,,,,,,,,,,,,
reg,,,748.0,,,,cc1,C,5,excess,XBI,BTC,2020-23,-17.739159019607296,-2.7157388103113647,,,,,,,,,,,,,,,,,,,,,,,
reg,,,685.0,,,,cc1,C,5,excess,XBI,BTC,2024-26,-12.555056152863315,-2.324630969629414,,,,,,,,,,,,,,,,,,,,,,,
reg,,,1006.0,,,,cc1,C,5,excess,XBI,VIX,2020-23,3.908753416400877,0.6408856559532575,,,,,,,,,,,,,,,,,,,,,,,
reg,,,685.0,,,,cc1,C,5,excess,XBI,VIX,2024-26,1.0587096426575342,0.17617184193575677,,,,,,,,,,,,,,,,,,,,,,,
reg,,,1006.0,,,,cc1,C,5,excess,XBI,SPY,2020-23,-7.872914177245263,-1.112674346859126,,,,,,,,,,,,,,,,,,,,,,,
reg,,,685.0,,,,cc1,C,5,excess,XBI,SPY,2024-26,-1.7338905492908425,-0.24579469738866427,,,,,,,,,,,,,,,,,,,,,,,
reg,,,1006.0,,,,cc1,C,5,excess,KRE,TLT,2020-23,-3.299058806661218,-0.5306155524135042,,,,,,,,,,,,,,,,,,,,,,,
reg,,,685.0,,,,cc1,C,5,excess,KRE,TLT,2024-26,-10.571905633479284,-1.882219622511414,,,,,,,,,,,,,,,,,,,,,,,
reg,,,1006.0,,,,cc1,C,5,excess,KRE,UUP,2020-23,6.365327461202032,1.0235012124664822,,,,,,,,,,,,,,,,,,,,,,,
reg,,,685.0,,,,cc1,C,5,excess,KRE,UUP,2024-26,3.2489275058812424,0.572171842434029,,,,,,,,,,,,,,,,,,,,,,,
reg,,,1006.0,,,,cc1,C,5,excess,KRE,USO,2020-23,3.0939141036446607,0.33363718469020537,,,,,,,,,,,,,,,,,,,,,,,
reg,,,685.0,,,,cc1,C,5,excess,KRE,USO,2024-26,9.13371977460006,1.7201088446015478,,,,,,,,,,,,,,,,,,,,,,,
reg,,,1006.0,,,,cc1,C,5,excess,KRE,GLD,2020-23,4.970200404128506,0.7637936717999858,,,,,,,,,,,,,,,,,,,,,,,
reg,,,685.0,,,,cc1,C,5,excess,KRE,GLD,2024-26,-5.207640051448034,-1.042095443516343,,,,,,,,,,,,,,,,,,,,,,,
reg,,,1006.0,,,,cc1,C,5,excess,KRE,HYG,2020-23,-7.672570632211003,-0.8716881959274443,,,,,,,,,,,,,,,,,,,,,,,
reg,,,685.0,,,,cc1,C,5,excess,KRE,HYG,2024-26,-4.85486360504774,-0.7764560461346319,,,,,,,,,,,,,,,,,,,,,,,
reg,,,748.0,,,,cc1,C,5,excess,KRE,BTC,2020-23,6.251200896716924,1.159508938659671,,,,,,,,,,,,,,,,,,,,,,,
reg,,,685.0,,,,cc1,C,5,excess,KRE,BTC,2024-26,-13.500776739111746,-2.1883279707446963,,,,,,,,,,,,,,,,,,,,,,,
reg,,,1006.0,,,,cc1,C,5,excess,KRE,VIX,2020-23,2.197323614201643,0.3676569463116888,,,,,,,,,,,,,,,,,,,,,,,
reg,,,685.0,,,,cc1,C,5,excess,KRE,VIX,2024-26,-3.028985590625303,-0.576017860763052,,,,,,,,,,,,,,,,,,,,,,,
reg,,,1006.0,,,,cc1,C,5,excess,KRE,SPY,2020-23,-1.6993179419630309,-0.22903453939363472,,,,,,,,,,,,,,,,,,,,,,,
reg,,,685.0,,,,cc1,C,5,excess,KRE,SPY,2024-26,-2.73955249795199,-0.46296393989432255,,,,,,,,,,,,,,,,,,,,,,,
reg,,,1006.0,,,,cc2,C,1,raw,XLK,TLT,2020-23,23.090889452644195,2.1740497775848686,,,,,,,,,,,,,,,,,,,,,,,
reg,,,684.0,,,,cc2,C,1,raw,XLK,TLT,2024-26,-5.639505255227872,-0.4837007211298283,,,,,,,,,,,,,,,,,,,,,,,
reg,,,1006.0,,,,cc2,C,1,raw,XLK,UUP,2020-23,-19.33678400355943,-1.7052213333590196,,,,,,,,,,,,,,,,,,,,,,,
reg,,,684.0,,,,cc2,C,1,raw,XLK,UUP,2024-26,1.6625389008272204,0.18314197196624366,,,,,,,,,,,,,,,,,,,,,,,
reg,,,1006.0,,,,cc2,C,1,raw,XLK,USO,2020-23,-10.73549583445409,-0.9960503315313975,,,,,,,,,,,,,,,,,,,,,,,
reg,,,684.0,,,,cc2,C,1,raw,XLK,USO,2024-26,3.726212270124046,0.4191722254018868,,,,,,,,,,,,,,,,,,,,,,,
reg,,,1006.0,,,,cc2,C,1,raw,XLK,GLD,2020-23,16.83875070778924,1.487652519911747,,,,,,,,,,,,,,,,,,,,,,,
reg,,,684.0,,,,cc2,C,1,raw,XLK,GLD,2024-26,-7.7030624715609735,-1.087147514528031,,,,,,,,,,,,,,,,,,,,,,,
reg,,,1006.0,,,,cc2,C,1,raw,XLK,HYG,2020-23,-3.6082749230801605,-0.4312534145776726,,,,,,,,,,,,,,,,,,,,,,,
reg,,,684.0,,,,cc2,C,1,raw,XLK,HYG,2024-26,-6.290325892729567,-0.5100744943058032,,,,,,,,,,,,,,,,,,,,,,,
reg,,,752.0,,,,cc2,C,1,raw,XLK,BTC,2020-23,-12.001808588400355,-1.5126643851557307,,,,,,,,,,,,,,,,,,,,,,,
reg,,,684.0,,,,cc2,C,1,raw,XLK,BTC,2024-26,-6.0648918254343265,-0.6552035175993015,,,,,,,,,,,,,,,,,,,,,,,
reg,,,1006.0,,,,cc2,C,1,raw,XLK,VIX,2020-23,-11.658659937226016,-1.046894069070956,,,,,,,,,,,,,,,,,,,,,,,
reg,,,684.0,,,,cc2,C,1,raw,XLK,VIX,2024-26,-2.747395885768473,-0.2673778847166605,,,,,,,,,,,,,,,,,,,,,,,
reg,,,1006.0,,,,cc2,C,1,raw,XLK,SPY,2020-23,-14.494733235367503,-1.8144272542384945,,,,,,,,,,,,,,,,,,,,,,,
reg,,,684.0,,,,cc2,C,1,raw,XLK,SPY,2024-26,-4.201144305131943,-0.3886004349400558,,,,,,,,,,,,,,,,,,,,,,,
reg,,,1006.0,,,,cc2,C,1,raw,XLF,TLT,2020-23,7.133919965988995,0.6783464199909551,,,,,,,,,,,,,,,,,,,,,,,
reg,,,684.0,,,,cc2,C,1,raw,XLF,TLT,2024-26,-11.82837991230009,-1.533398138427967,,,,,,,,,,,,,,,,,,,,,,,
reg,,,1006.0,,,,cc2,C,1,raw,XLF,UUP,2020-23,-15.943330048666008,-1.384216169139298,,,,,,,,,,,,,,,,,,,,,,,
reg,,,684.0,,,,cc2,C,1,raw,XLF,UUP,2024-26,4.328149391462507,0.5286612201487354,,,,,,,,,,,,,,,,,,,,,,,
reg,,,1006.0,,,,cc2,C,1,raw,XLF,USO,2020-23,-4.853978279040195,-0.43842505420659833,,,,,,,,,,,,,,,,,,,,,,,
reg,,,684.0,,,,cc2,C,1,raw,XLF,USO,2024-26,8.237524111040823,1.4450283981571517,,,,,,,,,,,,,,,,,,,,,,,
reg,,,1006.0,,,,cc2,C,1,raw,XLF,GLD,2020-23,15.653503888387261,1.1238731171430938,,,,,,,,,,,,,,,,,,,,,,,
reg,,,684.0,,,,cc2,C,1,raw,XLF,GLD,2024-26,-2.9439797712775766,-0.7206864009802987,,,,,,,,,,,,,,,,,,,,,,,
reg,,,1006.0,,,,cc2,C,1,raw,XLF,HYG,2020-23,2.2712645830460785,0.27663685604245686,,,,,,,,,,,,,,,,,,,,,,,
reg,,,684.0,,,,cc2,C,1,raw,XLF,HYG,2024-26,-6.398468777450056,-0.8488015343335742,,,,,,,,,,,,,,,,,,,,,,,
reg,,,752.0,,,,cc2,C,1,raw,XLF,BTC,2020-23,2.30566289050943,0.34920630365409217,,,,,,,,,,,,,,,,,,,,,,,
reg,,,684.0,,,,cc2,C,1,raw,XLF,BTC,2024-26,-2.6505127653632106,-0.5073491140662304,,,,,,,,,,,,,,,,,,,,,,,
reg,,,1006.0,,,,cc2,C,1,raw,XLF,VIX,2020-23,-17.696723815225614,-1.5143475971808418,,,,,,,,,,,,,,,,,,,,,,,
reg,,,684.0,,,,cc2,C,1,raw,XLF,VIX,2024-26,8.004880090110717,1.2582983534858332,,,,,,,,,,,,,,,,,,,,,,,
reg,,,1006.0,,,,cc2,C,1,raw,XLF,SPY,2020-23,-4.706736357625727,-0.48350226244063266,,,,,,,,,,,,,,,,,,,,,,,
reg,,,684.0,,,,cc2,C,1,raw,XLF,SPY,2024-26,-3.5160119703399815,-0.4669675510157502,,,,,,,,,,,,,,,,,,,,,,,
reg,,,1006.0,,,,cc2,C,1,raw,XLE,TLT,2020-23,-5.824889272927248,-0.32485523167501046,,,,,,,,,,,,,,,,,,,,,,,
reg,,,684.0,,,,cc2,C,1,raw,XLE,TLT,2024-26,-14.985467228527815,-2.042865771506769,,,,,,,,,,,,,,,,,,,,,,,
reg,,,1006.0,,,,cc2,C,1,raw,XLE,UUP,2020-23,6.502115656354498,0.4473058253082702,,,,,,,,,,,,,,,,,,,,,,,
reg,,,684.0,,,,cc2,C,1,raw,XLE,UUP,2024-26,7.890644367193516,0.8228957585308881,,,,,,,,,,,,,,,,,,,,,,,
reg,,,1006.0,,,,cc2,C,1,raw,XLE,USO,2020-23,-7.0289257980837245,-0.40723638431856757,,,,,,,,,,,,,,,,,,,,,,,
reg,,,684.0,,,,cc2,C,1,raw,XLE,USO,2024-26,9.442120314645194,1.1246368113072973,,,,,,,,,,,,,,,,,,,,,,,
reg,,,1006.0,,,,cc2,C,1,raw,XLE,GLD,2020-23,10.442899811256323,0.5305808083888918,,,,,,,,,,,,,,,,,,,,,,,
reg,,,684.0,,,,cc2,C,1,raw,XLE,GLD,2024-26,-10.48217283661441,-1.6910840134308331,,,,,,,,,,,,,,,,,,,,,,,
reg,,,1006.0,,,,cc2,C,1,raw,XLE,HYG,2020-23,4.327395721799569,0.2668861246704682,,,,,,,,,,,,,,,,,,,,,,,
reg,,,684.0,,,,cc2,C,1,raw,XLE,HYG,2024-26,-7.580825749945883,-0.7252184155669945,,,,,,,,,,,,,,,,,,,,,,,
reg,,,752.0,,,,cc2,C,1,raw,XLE,BTC,2020-23,2.415869989742915,0.23047797147553864,,,,,,,,,,,,,,,,,,,,,,,
reg,,,684.0,,,,cc2,C,1,raw,XLE,BTC,2024-26,-8.955818156655809,-1.3156748983864428,,,,,,,,,,,,,,,,,,,,,,,
reg,,,1006.0,,,,cc2,C,1,raw,XLE,VIX,2020-23,-30.210713966974225,-1.9620558938022141,,,,,,,,,,,,,,,,,,,,,,,
reg,,,684.0,,,,cc2,C,1,raw,XLE,VIX,2024-26,-7.301820473637417,-1.1166968677560718,,,,,,,,,,,,,,,,,,,,,,,
reg,,,1006.0,,,,cc2,C,1,raw,XLE,SPY,2020-23,5.0031639308980616,0.29789849930589596,,,,,,,,,,,,,,,,,,,,,,,
reg,,,684.0,,,,cc2,C,1,raw,XLE,SPY,2024-26,-4.827040655519323,-0.4182323375598179,,,,,,,,,,,,,,,,,,,,,,,
reg,,,1006.0,,,,cc2,C,1,raw,XLV,TLT,2020-23,12.737231146003097,1.6020961584720927,,,,,,,,,,,,,,,,,,,,,,,
reg,,,684.0,,,,cc2,C,1,raw,XLV,TLT,2024-26,-4.817727767279795,-0.7927501054484305,,,,,,,,,,,,,,,,,,,,,,,
reg,,,1006.0,,,,cc2,C,1,raw,XLV,UUP,2020-23,-21.024839973351558,-1.955727697923033,,,,,,,,,,,,,,,,,,,,,,,
reg,,,684.0,,,,cc2,C,1,raw,XLV,UUP,2024-26,1.538145903189012,0.22275305142592874,,,,,,,,,,,,,,,,,,,,,,,
reg,,,1006.0,,,,cc2,C,1,raw,XLV,USO,2020-23,-5.707329898354486,-0.837148098434163,,,,,,,,,,,,,,,,,,,,,,,
reg,,,684.0,,,,cc2,C,1,raw,XLV,USO,2024-26,2.494158055402066,0.4041470132875584,,,,,,,,,,,,,,,,,,,,,,,
reg,,,1006.0,,,,cc2,C,1,raw,XLV,GLD,2020-23,17.67897862750596,1.9110290065298468,,,,,,,,,,,,,,,,,,,,,,,
reg,,,684.0,,,,cc2,C,1,raw,XLV,GLD,2024-26,1.1692461652767399,0.22997601806562362,,,,,,,,,,,,,,,,,,,,,,,
reg,,,1006.0,,,,cc2,C,1,raw,XLV,HYG,2020-23,9.655253722937845,1.29951201476042,,,,,,,,,,,,,,,,,,,,,,,
reg,,,684.0,,,,cc2,C,1,raw,XLV,HYG,2024-26,-3.940613656868116,-0.5320748689950625,,,,,,,,,,,,,,,,,,,,,,,
reg,,,752.0,,,,cc2,C,1,raw,XLV,BTC,2020-23,1.065470426469923,0.24005291273627427,,,,,,,,,,,,,,,,,,,,,,,
reg,,,684.0,,,,cc2,C,1,raw,XLV,BTC,2024-26,-1.8379573178247042,-0.35447975315447733,,,,,,,,,,,,,,,,,,,,,,,
reg,,,1006.0,,,,cc2,C,1,raw,XLV,VIX,2020-23,-9.827381014273358,-1.2303971959609723,,,,,,,,,,,,,,,,,,,,,,,
reg,,,684.0,,,,cc2,C,1,raw,XLV,VIX,2024-26,2.7407422348640744,0.5753103626425503,,,,,,,,,,,,,,,,,,,,,,,
reg,,,1006.0,,,,cc2,C,1,raw,XLV,SPY,2020-23,-1.2768748894005415,-0.18888505886392135,,,,,,,,,,,,,,,,,,,,,,,
reg,,,684.0,,,,cc2,C,1,raw,XLV,SPY,2024-26,-1.3137820574658765,-0.16703544197371248,,,,,,,,,,,,,,,,,,,,,,,
reg,,,1006.0,,,,cc2,C,1,raw,XLI,TLT,2020-23,12.894224769675803,1.1459758896954513,,,,,,,,,,,,,,,,,,,,,,,
reg,,,684.0,,,,cc2,C,1,raw,XLI,TLT,2024-26,-10.944905355658943,-1.3657366067707133,,,,,,,,,,,,,,,,,,,,,,,
reg,,,1006.0,,,,cc2,C,1,raw,XLI,UUP,2020-23,-13.499368752282956,-1.1385919857140805,,,,,,,,,,,,,,,,,,,,,,,
reg,,,684.0,,,,cc2,C,1,raw,XLI,UUP,2024-26,6.274940253523148,0.839185820071649,,,,,,,,,,,,,,,,,,,,,,,
reg,,,1006.0,,,,cc2,C,1,raw,XLI,USO,2020-23,-0.5947500342877072,-0.05778203617635439,,,,,,,,,,,,,,,,,,,,,,,
reg,,,684.0,,,,cc2,C,1,raw,XLI,USO,2024-26,4.783243955029615,0.7175389749085013,,,,,,,,,,,,,,,,,,,,,,,
reg,,,1006.0,,,,cc2,C,1,raw,XLI,GLD,2020-23,20.543614126365014,1.3609070048723124,,,,,,,,,,,,,,,,,,,,,,,
reg,,,684.0,,,,cc2,C,1,raw,XLI,GLD,2024-26,-7.482020070950046,-1.5436795638659344,,,,,,,,,,,,,,,,,,,,,,,
reg,,,1006.0,,,,cc2,C,1,raw,XLI,HYG,2020-23,7.703278827029319,0.9846109552576929,,,,,,,,,,,,,,,,,,,,,,,
reg,,,684.0,,,,cc2,C,1,raw,XLI,HYG,2024-26,-10.577989910043868,-1.4012675543042739,,,,,,,,,,,,,,,,,,,,,,,
reg,,,752.0,,,,cc2,C,1,raw,XLI,BTC,2020-23,3.0368823924537307,0.5357108318641349,,,,,,,,,,,,,,,,,,,,,,,
reg,,,684.0,,,,cc2,C,1,raw,XLI,BTC,2024-26,-4.712159748437837,-0.8490071188371625,,,,,,,,,,,,,,,,,,,,,,,
reg,,,1006.0,,,,cc2,C,1,raw,XLI,VIX,2020-23,-19.298493002289835,-1.8249705295592895,,,,,,,,,,,,,,,,,,,,,,,
reg,,,684.0,,,,cc2,C,1,raw,XLI,VIX,2024-26,2.191901761878825,0.32577589690704595,,,,,,,,,,,,,,,,,,,,,,,
reg,,,1006.0,,,,cc2,C,1,raw,XLI,SPY,2020-23,2.1135708629493037,0.2671234407090572,,,,,,,,,,,,,,,,,,,,,,,
reg,,,684.0,,,,cc2,C,1,raw,XLI,SPY,2024-26,-6.2302986023561875,-0.8545276826826194,,,,,,,,,,,,,,,,,,,,,,,
reg,,,1006.0,,,,cc2,C,1,raw,XLY,TLT,2020-23,18.11340228196775,1.6460270620627437,,,,,,,,,,,,,,,,,,,,,,,
reg,,,684.0,,,,cc2,C,1,raw,XLY,TLT,2024-26,-12.90548463733502,-1.4110221921076245,,,,,,,,,,,,,,,,,,,,,,,
reg,,,1006.0,,,,cc2,C,1,raw,XLY,UUP,2020-23,-12.500359910627168,-1.218157946125983,,,,,,,,,,,,,,,,,,,,,,,
reg,,,684.0,,,,cc2,C,1,raw,XLY,UUP,2024-26,3.24714320024379,0.42294431242453895,,,,,,,,,,,,,,,,,,,,,,,
reg,,,1006.0,,,,cc2,C,1,raw,XLY,USO,2020-23,-6.807960726307688,-0.6414534888138318,,,,,,,,,,,,,,,,,,,,,,,
reg,,,684.0,,,,cc2,C,1,raw,XLY,USO,2024-26,5.197941886482804,0.7719867446162205,,,,,,,,,,,,,,,,,,,,,,,
reg,,,1006.0,,,,cc2,C,1,raw,XLY,GLD,2020-23,18.85127513520277,1.5144747348110459,,,,,,,,,,,,,,,,,,,,,,,
reg,,,684.0,,,,cc2,C,1,raw,XLY,GLD,2024-26,-5.599600393974567,-0.9733365725373311,,,,,,,,,,,,,,,,,,,,,,,
reg,,,1006.0,,,,cc2,C,1,raw,XLY,HYG,2020-23,2.752232432504124,0.30277326190897513,,,,,,,,,,,,,,,,,,,,,,,
reg,,,684.0,,,,cc2,C,1,raw,XLY,HYG,2024-26,-7.407441476911859,-0.7759186143739649,,,,,,,,,,,,,,,,,,,,,,,
reg,,,752.0,,,,cc2,C,1,raw,XLY,BTC,2020-23,-3.464456561281787,-0.41251009467458255,,,,,,,,,,,,,,,,,,,,,,,
reg,,,684.0,,,,cc2,C,1,raw,XLY,BTC,2024-26,-0.2133369022532303,-0.03143548463976431,,,,,,,,,,,,,,,,,,,,,,,
reg,,,1006.0,,,,cc2,C,1,raw,XLY,VIX,2020-23,-16.397074304713783,-1.5024558072839365,,,,,,,,,,,,,,,,,,,,,,,
reg,,,684.0,,,,cc2,C,1,raw,XLY,VIX,2024-26,1.6812541340910765,0.22834467189060084,,,,,,,,,,,,,,,,,,,,,,,
reg,,,1006.0,,,,cc2,C,1,raw,XLY,SPY,2020-23,0.5629809658957967,0.06470356383182317,,,,,,,,,,,,,,,,,,,,,,,
reg,,,684.0,,,,cc2,C,1,raw,XLY,SPY,2024-26,-7.126933646065284,-0.7580229005932114,,,,,,,,,,,,,,,,,,,,,,,
reg,,,1006.0,,,,cc2,C,1,raw,XLP,TLT,2020-23,14.406913650255044,1.6230556780325351,,,,,,,,,,,,,,,,,,,,,,,
reg,,,684.0,,,,cc2,C,1,raw,XLP,TLT,2024-26,-9.733787976992465,-1.9404951807979167,,,,,,,,,,,,,,,,,,,,,,,
reg,,,1006.0,,,,cc2,C,1,raw,XLP,UUP,2020-23,-17.09579557017779,-1.3995768745648158,,,,,,,,,,,,,,,,,,,,,,,
reg,,,684.0,,,,cc2,C,1,raw,XLP,UUP,2024-26,0.13123276326471311,0.022988749100239177,,,,,,,,,,,,,,,,,,,,,,,
reg,,,1006.0,,,,cc2,C,1,raw,XLP,USO,2020-23,0.04092483415634446,0.005470568308586011,,,,,,,,,,,,,,,,,,,,,,,
reg,,,684.0,,,,cc2,C,1,raw,XLP,USO,2024-26,3.439015773136042,0.6343410165858061,,,,,,,,,,,,,,,,,,,,,,,
reg,,,1006.0,,,,cc2,C,1,raw,XLP,GLD,2020-23,6.234696737892687,0.8577834713881923,,,,,,,,,,,,,,,,,,,,,,,
reg,,,684.0,,,,cc2,C,1,raw,XLP,GLD,2024-26,4.7081152971845395,0.851991292499509,,,,,,,,,,,,,,,,,,,,,,,
reg,,,1006.0,,,,cc2,C,1,raw,XLP,HYG,2020-23,11.09067733922483,1.1649697620646728,,,,,,,,,,,,,,,,,,,,,,,
reg,,,684.0,,,,cc2,C,1,raw,XLP,HYG,2024-26,-1.9427630757549676,-0.33499599337992664,,,,,,,,,,,,,,,,,,,,,,,
reg,,,752.0,,,,cc2,C,1,raw,XLP,BTC,2020-23,1.0649538151398155,0.2403307587772269,,,,,,,,,,,,,,,,,,,,,,,
reg,,,684.0,,,,cc2,C,1,raw,XLP,BTC,2024-26,0.09783806855713269,0.022408856598293732,,,,,,,,,,,,,,,,,,,,,,,
reg,,,1006.0,,,,cc2,C,1,raw,XLP,VIX,2020-23,-15.352623453220218,-2.0960014241889136,,,,,,,,,,,,,,,,,,,,,,,
reg,,,684.0,,,,cc2,C,1,raw,XLP,VIX,2024-26,-1.705274808931247,-0.38604429001967017,,,,,,,,,,,,,,,,,,,,,,,
reg,,,1006.0,,,,cc2,C,1,raw,XLP,SPY,2020-23,-3.630768530894278,-0.4899914798591684,,,,,,,,,,,,,,,,,,,,,,,
reg,,,684.0,,,,cc2,C,1,raw,XLP,SPY,2024-26,1.363933653340774,0.20778658240202288,,,,,,,,,,,,,,,,,,,,,,,
reg,,,1006.0,,,,cc2,C,1,raw,XLU,TLT,2020-23,22.57535135848192,1.686408096850538,,,,,,,,,,,,,,,,,,,,,,,
reg,,,684.0,,,,cc2,C,1,raw,XLU,TLT,2024-26,-15.11745016776217,-2.5619537335440636,,,,,,,,,,,,,,,,,,,,,,,
reg,,,1006.0,,,,cc2,C,1,raw,XLU,UUP,2020-23,-30.164769533100976,-1.6965883137653324,,,,,,,,,,,,,,,,,,,,,,,
reg,,,684.0,,,,cc2,C,1,raw,XLU,UUP,2024-26,10.389046147582508,1.452037799579449,,,,,,,,,,,,,,,,,,,,,,,
reg,,,1006.0,,,,cc2,C,1,raw,XLU,USO,2020-23,3.4224549936406343,0.3665894626850583,,,,,,,,,,,,,,,,,,,,,,,
reg,,,684.0,,,,cc2,C,1,raw,XLU,USO,2024-26,12.563533134386539,2.1428145649581807,,,,,,,,,,,,,,,,,,,,,,,
reg,,,1006.0,,,,cc2,C,1,raw,XLU,GLD,2020-23,18.100705018691063,1.3767156335653241,,,,,,,,,,,,,,,,,,,,,,,
reg,,,684.0,,,,cc2,C,1,raw,XLU,GLD,2024-26,3.235121400446622,0.6296064085728832,,,,,,,,,,,,,,,,,,,,,,,
reg,,,1006.0,,,,cc2,C,1,raw,XLU,HYG,2020-23,21.150050944779736,1.7727128938363073,,,,,,,,,,,,,,,,,,,,,,,
reg,,,684.0,,,,cc2,C,1,raw,XLU,HYG,2024-26,-6.03593157793282,-0.9306090523660296,,,,,,,,,,,,,,,,,,,,,,,
reg,,,752.0,,,,cc2,C,1,raw,XLU,BTC,2020-23,4.012112074425514,0.6665312232209328,,,,,,,,,,,,,,,,,,,,,,,
reg,,,684.0,,,,cc2,C,1,raw,XLU,BTC,2024-26,1.8059781041431309,0.36300861998628214,,,,,,,,,,,,,,,,,,,,,,,
reg,,,1006.0,,,,cc2,C,1,raw,XLU,VIX,2020-23,-25.237437385335927,-2.586588566135866,,,,,,,,,,,,,,,,,,,,,,,
reg,,,684.0,,,,cc2,C,1,raw,XLU,VIX,2024-26,-0.4116901698022145,-0.08495084434323123,,,,,,,,,,,,,,,,,,,,,,,
reg,,,1006.0,,,,cc2,C,1,raw,XLU,SPY,2020-23,7.557723142649967,0.7732897236351597,,,,,,,,,,,,,,,,,,,,,,,
reg,,,684.0,,,,cc2,C,1,raw,XLU,SPY,2024-26,-1.1167156334056467,-0.1511665346742102,,,,,,,,,,,,,,,,,,,,,,,
reg,,,1006.0,,,,cc2,C,1,raw,XLB,TLT,2020-23,11.00479048896862,1.1157936010872938,,,,,,,,,,,,,,,,,,,,,,,
reg,,,684.0,,,,cc2,C,1,raw,XLB,TLT,2024-26,-11.362856943436977,-1.4686473807200764,,,,,,,,,,,,,,,,,,,,,,,
reg,,,1006.0,,,,cc2,C,1,raw,XLB,UUP,2020-23,-9.121721933264004,-0.8699272745311419,,,,,,,,,,,,,,,,,,,,,,,
reg,,,684.0,,,,cc2,C,1,raw,XLB,UUP,2024-26,-3.678033649720708,-0.4533084541794499,,,,,,,,,,,,,,,,,,,,,,,
reg,,,1006.0,,,,cc2,C,1,raw,XLB,USO,2020-23,-5.203599214172329,-0.5201816884619382,,,,,,,,,,,,,,,,,,,,,,,
reg,,,684.0,,,,cc2,C,1,raw,XLB,USO,2024-26,-3.182067530974169,-0.4446079975550352,,,,,,,,,,,,,,,,,,,,,,,
reg,,,1006.0,,,,cc2,C,1,raw,XLB,GLD,2020-23,16.439103342826535,1.3220935973874377,,,,,,,,,,,,,,,,,,,,,,,
reg,,,684.0,,,,cc2,C,1,raw,XLB,GLD,2024-26,-2.878130534541876,-0.40990617288020886,,,,,,,,,,,,,,,,,,,,,,,
reg,,,1006.0,,,,cc2,C,1,raw,XLB,HYG,2020-23,6.9553352597079305,1.0261465231910398,,,,,,,,,,,,,,,,,,,,,,,
reg,,,684.0,,,,cc2,C,1,raw,XLB,HYG,2024-26,-4.8031500835586,-0.55599844655137,,,,,,,,,,,,,,,,,,,,,,,
reg,,,752.0,,,,cc2,C,1,raw,XLB,BTC,2020-23,4.725712823145305,0.6967721693132273,,,,,,,,,,,,,,,,,,,,,,,
reg,,,684.0,,,,cc2,C,1,raw,XLB,BTC,2024-26,2.874269725002337,0.4979361042547624,,,,,,,,,,,,,,,,,,,,,,,
reg,,,1006.0,,,,cc2,C,1,raw,XLB,VIX,2020-23,-13.212251987922475,-1.29531212941099,,,,,,,,,,,,,,,,,,,,,,,
reg,,,684.0,,,,cc2,C,1,raw,XLB,VIX,2024-26,-0.18216865603603052,-0.033273112559942176,,,,,,,,,,,,,,,,,,,,,,,
reg,,,1006.0,,,,cc2,C,1,raw,XLB,SPY,2020-23,0.0661912422268751,0.007559914945858824,,,,,,,,,,,,,,,,,,,,,,,
reg,,,684.0,,,,cc2,C,1,raw,XLB,SPY,2024-26,0.7792275904872645,0.08048050996794824,,,,,,,,,,,,,,,,,,,,,,,
reg,,,1006.0,,,,cc2,C,1,raw,XLRE,TLT,2020-23,20.37384652288483,2.125972953229891,,,,,,,,,,,,,,,,,,,,,,,
reg,,,684.0,,,,cc2,C,1,raw,XLRE,TLT,2024-26,-10.209127532316439,-1.582705179632701,,,,,,,,,,,,,,,,,,,,,,,
reg,,,1006.0,,,,cc2,C,1,raw,XLRE,UUP,2020-23,-28.022492696739484,-1.9784405135532466,,,,,,,,,,,,,,,,,,,,,,,
reg,,,684.0,,,,cc2,C,1,raw,XLRE,UUP,2024-26,5.940277291753519,0.8027266540822592,,,,,,,,,,,,,,,,,,,,,,,
reg,,,1006.0,,,,cc2,C,1,raw,XLRE,USO,2020-23,0.12023737678824598,0.012144363951134772,,,,,,,,,,,,,,,,,,,,,,,
reg,,,684.0,,,,cc2,C,1,raw,XLRE,USO,2024-26,10.034447310953404,1.6311500053352055,,,,,,,,,,,,,,,,,,,,,,,
reg,,,1006.0,,,,cc2,C,1,raw,XLRE,GLD,2020-23,29.623521744704842,2.057873613037284,,,,,,,,,,,,,,,,,,,,,,,
reg,,,684.0,,,,cc2,C,1,raw,XLRE,GLD,2024-26,7.3576847249342245,1.377541499869906,,,,,,,,,,,,,,,,,,,,,,,
reg,,,1006.0,,,,cc2,C,1,raw,XLRE,HYG,2020-23,17.820913041097185,1.6308393722753791,,,,,,,,,,,,,,,,,,,,,,,
reg,,,684.0,,,,cc2,C,1,raw,XLRE,HYG,2024-26,-3.608971094757062,-0.4412718852990876,,,,,,,,,,,,,,,,,,,,,,,
reg,,,752.0,,,,cc2,C,1,raw,XLRE,BTC,2020-23,-5.038161127526761,-0.6818128706315244,,,,,,,,,,,,,,,,,,,,,,,
reg,,,684.0,,,,cc2,C,1,raw,XLRE,BTC,2024-26,-0.23267815491855107,-0.04230922338602285,,,,,,,,,,,,,,,,,,,,,,,
reg,,,1006.0,,,,cc2,C,1,raw,XLRE,VIX,2020-23,-21.22174455262574,-1.75304190292301,,,,,,,,,,,,,,,,,,,,,,,
reg,,,684.0,,,,cc2,C,1,raw,XLRE,VIX,2024-26,6.336651146459555,1.2072910242176096,,,,,,,,,,,,,,,,,,,,,,,
reg,,,1006.0,,,,cc2,C,1,raw,XLRE,SPY,2020-23,5.734921653697655,0.544647876128997,,,,,,,,,,,,,,,,,,,,,,,
reg,,,684.0,,,,cc2,C,1,raw,XLRE,SPY,2024-26,-1.7504331959956463,-0.19430484600484224,,,,,,,,,,,,,,,,,,,,,,,
reg,,,1006.0,,,,cc2,C,1,raw,XLC,TLT,2020-23,12.122874632335233,1.330478825334925,,,,,,,,,,,,,,,,,,,,,,,
reg,,,684.0,,,,cc2,C,1,raw,XLC,TLT,2024-26,-11.389596253454513,-1.523091240882651,,,,,,,,,,,,,,,,,,,,,,,
reg,,,1006.0,,,,cc2,C,1,raw,XLC,UUP,2020-23,-18.78305965884085,-2.0299479866130143,,,,,,,,,,,,,,,,,,,,,,,
reg,,,684.0,,,,cc2,C,1,raw,XLC,UUP,2024-26,-1.0922650285642566,-0.16714466753089668,,,,,,,,,,,,,,,,,,,,,,,
reg,,,1006.0,,,,cc2,C,1,raw,XLC,USO,2020-23,-5.8962969655278705,-0.6363558299252845,,,,,,,,,,,,,,,,,,,,,,,
reg,,,684.0,,,,cc2,C,1,raw,XLC,USO,2024-26,6.933270845706848,1.1504839278852854,,,,,,,,,,,,,,,,,,,,,,,
reg,,,1006.0,,,,cc2,C,1,raw,XLC,GLD,2020-23,18.356708989653246,2.059837729914996,,,,,,,,,,,,,,,,,,,,,,,
reg,,,684.0,,,,cc2,C,1,raw,XLC,GLD,2024-26,3.557319370279722,0.6463140310334244,,,,,,,,,,,,,,,,,,,,,,,
reg,,,1006.0,,,,cc2,C,1,raw,XLC,HYG,2020-23,2.3536171399324006,0.3438844545560897,,,,,,,,,,,,,,,,,,,,,,,
reg,,,684.0,,,,cc2,C,1,raw,XLC,HYG,2024-26,-5.927331107327023,-0.7005721044876811,,,,,,,,,,,,,,,,,,,,,,,
reg,,,752.0,,,,cc2,C,1,raw,XLC,BTC,2020-23,-2.8287811815629826,-0.3397535126898292,,,,,,,,,,,,,,,,,,,,,,,
reg,,,684.0,,,,cc2,C,1,raw,XLC,BTC,2024-26,0.18492140678435387,0.0342208945686448,,,,,,,,,,,,,,,,,,,,,,,
reg,,,1006.0,,,,cc2,C,1,raw,XLC,VIX,2020-23,-10.465086577248961,-1.0662762804365267,,,,,,,,,,,,,,,,,,,,,,,
reg,,,684.0,,,,cc2,C,1,raw,XLC,VIX,2024-26,6.7468252074556005,1.0803831324996276,,,,,,,,,,,,,,,,,,,,,,,
reg,,,1006.0,,,,cc2,C,1,raw,XLC,SPY,2020-23,-5.323839471431202,-0.785968739681726,,,,,,,,,,,,,,,,,,,,,,,
reg,,,684.0,,,,cc2,C,1,raw,XLC,SPY,2024-26,-4.621128697532825,-0.5708415454669438,,,,,,,,,,,,,,,,,,,,,,,
reg,,,1006.0,,,,cc2,C,1,raw,SMH,TLT,2020-23,27.543684967007344,2.0425704851021957,,,,,,,,,,,,,,,,,,,,,,,
reg,,,684.0,,,,cc2,C,1,raw,SMH,TLT,2024-26,-4.176354639208032,-0.27701280835225917,,,,,,,,,,,,,,,,,,,,,,,
reg,,,1006.0,,,,cc2,C,1,raw,SMH,UUP,2020-23,-12.141578891200787,-1.0412523771740154,,,,,,,,,,,,,,,,,,,,,,,
reg,,,684.0,,,,cc2,C,1,raw,SMH,UUP,2024-26,7.306307236294544,0.6110292952271417,,,,,,,,,,,,,,,,,,,,,,,
reg,,,1006.0,,,,cc2,C,1,raw,SMH,USO,2020-23,-10.640269356494743,-0.8264428400389779,,,,,,,,,,,,,,,,,,,,,,,
reg,,,684.0,,,,cc2,C,1,raw,SMH,USO,2024-26,9.95298674450385,0.7431004738307048,,,,,,,,,,,,,,,,,,,,,,,
reg,,,1006.0,,,,cc2,C,1,raw,SMH,GLD,2020-23,19.074707731437414,1.5312546823662012,,,,,,,,,,,,,,,,,,,,,,,
reg,,,684.0,,,,cc2,C,1,raw,SMH,GLD,2024-26,-13.497223031084673,-1.3073541982613792,,,,,,,,,,,,,,,,,,,,,,,
reg,,,1006.0,,,,cc2,C,1,raw,SMH,HYG,2020-23,-10.541649928295366,-0.9438073386282303,,,,,,,,,,,,,,,,,,,,,,,
reg,,,684.0,,,,cc2,C,1,raw,SMH,HYG,2024-26,-14.712251666437496,-0.9294863337779591,,,,,,,,,,,,,,,,,,,,,,,
reg,,,752.0,,,,cc2,C,1,raw,SMH,BTC,2020-23,-15.774451679970134,-1.4470654757225792,,,,,,,,,,,,,,,,,,,,,,,
reg,,,684.0,,,,cc2,C,1,raw,SMH,BTC,2024-26,-13.61741751129099,-1.0264547973647833,,,,,,,,,,,,,,,,,,,,,,,
reg,,,1006.0,,,,cc2,C,1,raw,SMH,VIX,2020-23,-9.485447052684636,-0.7445272385471984,,,,,,,,,,,,,,,,,,,,,,,
reg,,,684.0,,,,cc2,C,1,raw,SMH,VIX,2024-26,1.7292839539570417,0.12429715656973067,,,,,,,,,,,,,,,,,,,,,,,
reg,,,1006.0,,,,cc2,C,1,raw,SMH,SPY,2020-23,-20.12400033711613,-2.0418614198281744,,,,,,,,,,,,,,,,,,,,,,,
reg,,,684.0,,,,cc2,C,1,raw,SMH,SPY,2024-26,-17.617589478896544,-1.3096837365827803,,,,,,,,,,,,,,,,,,,,,,,
reg,,,1006.0,,,,cc2,C,1,raw,XBI,TLT,2020-23,15.44275091039781,1.2283780733198693,,,,,,,,,,,,,,,,,,,,,,,
reg,,,684.0,,,,cc2,C,1,raw,XBI,TLT,2024-26,-8.165160697551554,-0.7905307926936985,,,,,,,,,,,,,,,,,,,,,,,
reg,,,1006.0,,,,cc2,C,1,raw,XBI,UUP,2020-23,-4.375905646674617,-0.3686400999169184,,,,,,,,,,,,,,,,,,,,,,,
reg,,,684.0,,,,cc2,C,1,raw,XBI,UUP,2024-26,-3.9719685679483643,-0.3763511805891902,,,,,,,,,,,,,,,,,,,,,,,
reg,,,1006.0,,,,cc2,C,1,raw,XBI,USO,2020-23,-14.816130312243146,-1.1541452379022155,,,,,,,,,,,,,,,,,,,,,,,
reg,,,684.0,,,,cc2,C,1,raw,XBI,USO,2024-26,7.1257086952861215,0.785002192651891,,,,,,,,,,,,,,,,,,,,,,,
reg,,,1006.0,,,,cc2,C,1,raw,XBI,GLD,2020-23,19.191364608196665,1.4829595031821567,,,,,,,,,,,,,,,,,,,,,,,
reg,,,684.0,,,,cc2,C,1,raw,XBI,GLD,2024-26,-6.684356278467798,-0.6758868015856575,,,,,,,,,,,,,,,,,,,,,,,
reg,,,1006.0,,,,cc2,C,1,raw,XBI,HYG,2020-23,-12.750979947007718,-1.0676858364596444,,,,,,,,,,,,,,,,,,,,,,,
reg,,,684.0,,,,cc2,C,1,raw,XBI,HYG,2024-26,-5.367886271285336,-0.4665136775910798,,,,,,,,,,,,,,,,,,,,,,,
reg,,,752.0,,,,cc2,C,1,raw,XBI,BTC,2020-23,-20.76493607128864,-1.8581271418224707,,,,,,,,,,,,,,,,,,,,,,,
reg,,,684.0,,,,cc2,C,1,raw,XBI,BTC,2024-26,-10.974653226581859,-1.3079970133757217,,,,,,,,,,,,,,,,,,,,,,,
reg,,,1006.0,,,,cc2,C,1,raw,XBI,VIX,2020-23,-7.449701200371397,-0.5534151096781221,,,,,,,,,,,,,,,,,,,,,,,
reg,,,684.0,,,,cc2,C,1,raw,XBI,VIX,2024-26,1.8104139901530594,0.20872947879370404,,,,,,,,,,,,,,,,,,,,,,,
reg,,,1006.0,,,,cc2,C,1,raw,XBI,SPY,2020-23,-18.553581735791052,-1.6291002388251445,,,,,,,,,,,,,,,,,,,,,,,
reg,,,684.0,,,,cc2,C,1,raw,XBI,SPY,2024-26,-9.41802448925404,-0.7756551726148383,,,,,,,,,,,,,,,,,,,,,,,
reg,,,1006.0,,,,cc2,C,1,raw,KRE,TLT,2020-23,-4.211171786157853,-0.32404245270361703,,,,,,,,,,,,,,,,,,,,,,,
reg,,,684.0,,,,cc2,C,1,raw,KRE,TLT,2024-26,-17.387423590044044,-1.5524881048813344,,,,,,,,,,,,,,,,,,,,,,,
reg,,,1006.0,,,,cc2,C,1,raw,KRE,UUP,2020-23,-11.257134296931852,-0.7669688226870076,,,,,,,,,,,,,,,,,,,,,,,
reg,,,684.0,,,,cc2,C,1,raw,KRE,UUP,2024-26,13.286472169500595,1.2598127321718582,,,,,,,,,,,,,,,,,,,,,,,
reg,,,1006.0,,,,cc2,C,1,raw,KRE,USO,2020-23,-11.73466512572444,-0.8262801017499433,,,,,,,,,,,,,,,,,,,,,,,
reg,,,684.0,,,,cc2,C,1,raw,KRE,USO,2024-26,9.577644466949572,1.201705055669378,,,,,,,,,,,,,,,,,,,,,,,
reg,,,1006.0,,,,cc2,C,1,raw,KRE,GLD,2020-23,15.876678173995854,0.9813555916835903,,,,,,,,,,,,,,,,,,,,,,,
reg,,,684.0,,,,cc2,C,1,raw,KRE,GLD,2024-26,-17.556845032149443,-2.3294746070946295,,,,,,,,,,,,,,,,,,,,,,,
reg,,,1006.0,,,,cc2,C,1,raw,KRE,HYG,2020-23,3.38613222401235,0.29336370580642007,,,,,,,,,,,,,,,,,,,,,,,
reg,,,684.0,,,,cc2,C,1,raw,KRE,HYG,2024-26,-18.602463344515073,-1.8083580095895395,,,,,,,,,,,,,,,,,,,,,,,
reg,,,752.0,,,,cc2,C,1,raw,KRE,BTC,2020-23,11.033402730328497,1.114570323724568,,,,,,,,,,,,,,,,,,,,,,,
reg,,,684.0,,,,cc2,C,1,raw,KRE,BTC,2024-26,-15.616582846050514,-1.7528820960705807,,,,,,,,,,,,,,,,,,,,,,,
reg,,,1006.0,,,,cc2,C,1,raw,KRE,VIX,2020-23,-15.221442571333371,-1.071553921847606,,,,,,,,,,,,,,,,,,,,,,,
reg,,,684.0,,,,cc2,C,1,raw,KRE,VIX,2024-26,13.587429725049326,1.8323790873545744,,,,,,,,,,,,,,,,,,,,,,,
reg,,,1006.0,,,,cc2,C,1,raw,KRE,SPY,2020-23,0.2922669802034845,0.023300018155876654,,,,,,,,,,,,,,,,,,,,,,,
reg,,,684.0,,,,cc2,C,1,raw,KRE,SPY,2024-26,-20.5435532120456,-2.132022544574078,,,,,,,,,,,,,,,,,,,,,,,
reg,,,1006.0,,,,cc2,C,1,excess,XLK,TLT,2020-23,7.91217535268615,2.619320952765967,,,,,,,,,,,,,,,,,,,,,,,
reg,,,684.0,,,,cc2,C,1,excess,XLK,TLT,2024-26,4.699337230495705,1.0152585666271239,,,,,,,,,,,,,,,,,,,,,,,
reg,,,1006.0,,,,cc2,C,1,excess,XLK,UUP,2020-23,-2.6138170394622837,-0.7376991514126082,,,,,,,,,,,,,,,,,,,,,,,
reg,,,684.0,,,,cc2,C,1,excess,XLK,UUP,2024-26,-0.24046055017593082,-0.06149453819993846,,,,,,,,,,,,,,,,,,,,,,,
reg,,,1006.0,,,,cc2,C,1,excess,XLK,USO,2020-23,-5.264472113578077,-1.3926571823049196,,,,,,,,,,,,,,,,,,,,,,,
reg,,,684.0,,,,cc2,C,1,excess,XLK,USO,2024-26,-1.4438402795738599,-0.29693985103972087,,,,,,,,,,,,,,,,,,,,,,,
reg,,,1006.0,,,,cc2,C,1,excess,XLK,GLD,2020-23,0.5557281232496833,0.17856131373724254,,,,,,,,,,,,,,,,,,,,,,,
reg,,,684.0,,,,cc2,C,1,excess,XLK,GLD,2024-26,-4.231533957336447,-1.0692197567171935,,,,,,,,,,,,,,,,,,,,,,,
reg,,,1006.0,,,,cc2,C,1,excess,XLK,HYG,2020-23,-8.454874787969299,-2.164932752894322,,,,,,,,,,,,,,,,,,,,,,,
reg,,,684.0,,,,cc2,C,1,excess,XLK,HYG,2024-26,1.6003448359059438,0.3760817429768504,,,,,,,,,,,,,,,,,,,,,,,
reg,,,752.0,,,,cc2,C,1,excess,XLK,BTC,2020-23,-8.448913457744544,-2.6439265093167585,,,,,,,,,,,,,,,,,,,,,,,
reg,,,684.0,,,,cc2,C,1,excess,XLK,BTC,2024-26,-2.6532362282390443,-0.538305684590355,,,,,,,,,,,,,,,,,,,,,,,
reg,,,1006.0,,,,cc2,C,1,excess,XLK,VIX,2020-23,2.5158410745795106,0.7937965003902209,,,,,,,,,,,,,,,,,,,,,,,
reg,,,684.0,,,,cc2,C,1,excess,XLK,VIX,2024-26,-4.774932788587673,-1.0457013671582833,,,,,,,,,,,,,,,,,,,,,,,
reg,,,1006.0,,,,cc2,C,1,excess,XLK,SPY,2020-23,-10.601180355674588,-3.5377788571505624,,,,,,,,,,,,,,,,,,,,,,,
reg,,,684.0,,,,cc2,C,1,excess,XLK,SPY,2024-26,0.869658043973736,0.21777766182403227,,,,,,,,,,,,,,,,,,,,,,,
reg,,,1006.0,,,,cc2,C,1,excess,XLF,TLT,2020-23,-8.044794133969054,-1.9851970290828589,,,,,,,,,,,,,,,,,,,,,,,
reg,,,684.0,,,,cc2,C,1,excess,XLF,TLT,2024-26,-1.4895374265765147,-0.3385365031017527,,,,,,,,,,,,,,,,,,,,,,,
reg,,,1006.0,,,,cc2,C,1,excess,XLF,UUP,2020-23,0.7796369154311366,0.17670312980718772,,,,,,,,,,,,,,,,,,,,,,,
reg,,,684.0,,,,cc2,C,1,excess,XLF,UUP,2024-26,2.4251499404593573,0.5542305359532017,,,,,,,,,,,,,,,,,,,,,,,
reg,,,1006.0,,,,cc2,C,1,excess,XLF,USO,2020-23,0.6170454418358138,0.12052876158153877,,,,,,,,,,,,,,,,,,,,,,,
reg,,,684.0,,,,cc2,C,1,excess,XLF,USO,2024-26,3.0674715613428987,0.7525393647886551,,,,,,,,,,,,,,,,,,,,,,,
reg,,,1006.0,,,,cc2,C,1,excess,XLF,GLD,2020-23,-0.6295186961523096,-0.11185098104670545,,,,,,,,,,,,,,,,,,,,,,,
reg,,,684.0,,,,cc2,C,1,excess,XLF,GLD,2024-26,0.5275487429469514,0.1478186408776242,,,,,,,,,,,,,,,,,,,,,,,
reg,,,1006.0,,,,cc2,C,1,excess,XLF,HYG,2020-23,-2.575335281843064,-0.5220878296372464,,,,,,,,,,,,,,,,,,,,,,,
reg,,,684.0,,,,cc2,C,1,excess,XLF,HYG,2024-26,1.4922019511854554,0.3669863798533984,,,,,,,,,,,,,,,,,,,,,,,
reg,,,752.0,,,,cc2,C,1,excess,XLF,BTC,2020-23,5.858558021165252,1.5249905317880987,,,,,,,,,,,,,,,,,,,,,,,
reg,,,684.0,,,,cc2,C,1,excess,XLF,BTC,2024-26,0.7611428318320665,0.17291602915746496,,,,,,,,,,,,,,,,,,,,,,,
reg,,,1006.0,,,,cc2,C,1,excess,XLF,VIX,2020-23,-3.522222803420105,-0.8284397796573306,,,,,,,,,,,,,,,,,,,,,,,
reg,,,684.0,,,,cc2,C,1,excess,XLF,VIX,2024-26,5.977343187291521,1.7646502611313046,,,,,,,,,,,,,,,,,,,,,,,
reg,,,1006.0,,,,cc2,C,1,excess,XLF,SPY,2020-23,-0.8131834779328287,-0.18097128613887442,,,,,,,,,,,,,,,,,,,,,,,
reg,,,684.0,,,,cc2,C,1,excess,XLF,SPY,2024-26,1.5547903787657162,0.37253037220049845,,,,,,,,,,,,,,,,,,,,,,,
reg,,,1006.0,,,,cc2,C,1,excess,XLE,TLT,2020-23,-21.003603372885298,-1.4838166401758952,,,,,,,,,,,,,,,,,,,,,,,
reg,,,684.0,,,,cc2,C,1,excess,XLE,TLT,2024-26,-4.646624742804235,-0.6459402999964852,,,,,,,,,,,,,,,,,,,,,,,
reg,,,1006.0,,,,cc2,C,1,excess,XLE,UUP,2020-23,23.225082620451598,1.8460834978256975,,,,,,,,,,,,,,,,,,,,,,,
reg,,,684.0,,,,cc2,C,1,excess,XLE,UUP,2024-26,5.987644916190373,0.8697868994049044,,,,,,,,,,,,,,,,,,,,,,,
reg,,,1006.0,,,,cc2,C,1,excess,XLE,USO,2020-23,-1.5579020772077115,-0.11196917446844316,,,,,,,,,,,,,,,,,,,,,,,
reg,,,684.0,,,,cc2,C,1,excess,XLE,USO,2024-26,4.27206776494727,0.5242258575860215,,,,,,,,,,,,,,,,,,,,,,,
reg,,,1006.0,,,,cc2,C,1,excess,XLE,GLD,2020-23,-5.840122773283263,-0.47079700354521414,,,,,,,,,,,,,,,,,,,,,,,
reg,,,684.0,,,,cc2,C,1,excess,XLE,GLD,2024-26,-7.010644322389876,-0.98321064705838,,,,,,,,,,,,,,,,,,,,,,,
reg,,,1006.0,,,,cc2,C,1,excess,XLE,HYG,2020-23,-0.519204143089578,-0.034214046158093946,,,,,,,,,,,,,,,,,,,,,,,
reg,,,684.0,,,,cc2,C,1,excess,XLE,HYG,2024-26,0.30984497868962485,0.04222618692938094,,,,,,,,,,,,,,,,,,,,,,,
reg,,,752.0,,,,cc2,C,1,excess,XLE,BTC,2020-23,5.968765120398744,0.5627295031980847,,,,,,,,,,,,,,,,,,,,,,,
reg,,,684.0,,,,cc2,C,1,excess,XLE,BTC,2024-26,-5.544162559460536,-0.7972862401499692,,,,,,,,,,,,,,,,,,,,,,,
reg,,,1006.0,,,,cc2,C,1,excess,XLE,VIX,2020-23,-16.036212955168686,-1.6556109436312536,,,,,,,,,,,,,,,,,,,,,,,
reg,,,684.0,,,,cc2,C,1,excess,XLE,VIX,2024-26,-9.329357376456608,-1.273783135150861,,,,,,,,,,,,,,,,,,,,,,,
reg,,,1006.0,,,,cc2,C,1,excess,XLE,SPY,2020-23,8.896716810590963,0.654001664725499,,,,,,,,,,,,,,,,,,,,,,,
reg,,,684.0,,,,cc2,C,1,excess,XLE,SPY,2024-26,0.24376169358636549,0.03560087391710191,,,,,,,,,,,,,,,,,,,,,,,
reg,,,1006.0,,,,cc2,C,1,excess,XLV,TLT,2020-23,-2.441482953954961,-0.5503438209804332,,,,,,,,,,,,,,,,,,,,,,,
reg,,,684.0,,,,cc2,C,1,excess,XLV,TLT,2024-26,5.521114718443775,0.8743674800455575,,,,,,,,,,,,,,,,,,,,,,,
reg,,,1006.0,,,,cc2,C,1,excess,XLV,UUP,2020-23,-4.301873009254436,-1.0607301037706611,,,,,,,,,,,,,,,,,,,,,,,
reg,,,684.0,,,,cc2,C,1,excess,XLV,UUP,2024-26,-0.36485354781412743,-0.0637738650863987,,,,,,,,,,,,,,,,,,,,,,,
reg,,,1006.0,,,,cc2,C,1,excess,XLV,USO,2020-23,-0.23630617747847094,-0.05267634375717473,,,,,,,,,,,,,,,,,,,,,,,
reg,,,684.0,,,,cc2,C,1,excess,XLV,USO,2024-26,-2.6758944942958593,-0.4340800569365805,,,,,,,,,,,,,,,,,,,,,,,
reg,,,1006.0,,,,cc2,C,1,excess,XLV,GLD,2020-23,1.3959560429663989,0.408563138317672,,,,,,,,,,,,,,,,,,,,,,,
reg,,,684.0,,,,cc2,C,1,excess,XLV,GLD,2024-26,4.640774679501264,0.8621173770867777,,,,,,,,,,,,,,,,,,,,,,,
reg,,,1006.0,,,,cc2,C,1,excess,XLV,HYG,2020-23,4.8086538580486895,1.066876933682651,,,,,,,,,,,,,,,,,,,,,,,
reg,,,684.0,,,,cc2,C,1,excess,XLV,HYG,2024-26,3.950057071767386,0.5720476168615828,,,,,,,,,,,,,,,,,,,,,,,
reg,,,752.0,,,,cc2,C,1,excess,XLV,BTC,2020-23,4.618365557125745,1.164043782250373,,,,,,,,,,,,,,,,,,,,,,,
reg,,,684.0,,,,cc2,C,1,excess,XLV,BTC,2024-26,1.5736982793705665,0.27817599962967304,,,,,,,,,,,,,,,,,,,,,,,
reg,,,1006.0,,,,cc2,C,1,excess,XLV,VIX,2020-23,4.347119997532173,1.2783439369752594,,,,,,,,,,,,,,,,,,,,,,,
reg,,,684.0,,,,cc2,C,1,excess,XLV,VIX,2024-26,0.7132053320448769,0.12712344103761308,,,,,,,,,,,,,,,,,,,,,,,
reg,,,1006.0,,,,cc2,C,1,excess,XLV,SPY,2020-23,2.6166779902923682,0.6811708976956448,,,,,,,,,,,,,,,,,,,,,,,
reg,,,684.0,,,,cc2,C,1,excess,XLV,SPY,2024-26,3.7570202916398263,0.6435827745703893,,,,,,,,,,,,,,,,,,,,,,,
reg,,,1006.0,,,,cc2,C,1,excess,XLI,TLT,2020-23,-2.2844893302822498,-0.601446766119856,,,,,,,,,,,,,,,,,,,,,,,
reg,,,684.0,,,,cc2,C,1,excess,XLI,TLT,2024-26,-0.6060628699353663,-0.1792947201639231,,,,,,,,,,,,,,,,,,,,,,,
reg,,,1006.0,,,,cc2,C,1,excess,XLI,UUP,2020-23,3.223598211814191,0.8096613707519913,,,,,,,,,,,,,,,,,,,,,,,
reg,,,684.0,,,,cc2,C,1,excess,XLI,UUP,2024-26,4.371940802520003,1.253943851612312,,,,,,,,,,,,,,,,,,,,,,,
reg,,,1006.0,,,,cc2,C,1,excess,XLI,USO,2020-23,4.876273686588297,1.2504385516497971,,,,,,,,,,,,,,,,,,,,,,,
reg,,,684.0,,,,cc2,C,1,excess,XLI,USO,2024-26,-0.38680859466831746,-0.09536504091442087,,,,,,,,,,,,,,,,,,,,,,,
reg,,,1006.0,,,,cc2,C,1,excess,XLI,GLD,2020-23,4.260591541825435,0.7274313621778563,,,,,,,,,,,,,,,,,,,,,,,
reg,,,684.0,,,,cc2,C,1,excess,XLI,GLD,2024-26,-4.0104915567255155,-0.9915727263995393,,,,,,,,,,,,,,,,,,,,,,,
reg,,,1006.0,,,,cc2,C,1,excess,XLI,HYG,2020-23,2.8566789621401694,0.557300411761556,,,,,,,,,,,,,,,,,,,,,,,
reg,,,684.0,,,,cc2,C,1,excess,XLI,HYG,2024-26,-2.6873191814083692,-0.7102008705840739,,,,,,,,,,,,,,,,,,,,,,,
reg,,,752.0,,,,cc2,C,1,excess,XLI,BTC,2020-23,6.589777523109554,2.040423967965658,,,,,,,,,,,,,,,,,,,,,,,
reg,,,684.0,,,,cc2,C,1,excess,XLI,BTC,2024-26,-1.3005041512425608,-0.3708440757488417,,,,,,,,,,,,,,,,,,,,,,,
reg,,,1006.0,,,,cc2,C,1,excess,XLI,VIX,2020-23,-5.123991990484324,-1.6694060430223625,,,,,,,,,,,,,,,,,,,,,,,
reg,,,684.0,,,,cc2,C,1,excess,XLI,VIX,2024-26,0.1643648590596286,0.06132527977929587,,,,,,,,,,,,,,,,,,,,,,,
reg,,,1006.0,,,,cc2,C,1,excess,XLI,SPY,2020-23,6.007123742642204,1.764193857290727,,,,,,,,,,,,,,,,,,,,,,,
reg,,,684.0,,,,cc2,C,1,excess,XLI,SPY,2024-26,-1.1594962532504849,-0.31425373834543824,,,,,,,,,,,,,,,,,,,,,,,
reg,,,1006.0,,,,cc2,C,1,excess,XLY,TLT,2020-23,2.934688182009692,0.6172246768307806,,,,,,,,,,,,,,,,,,,,,,,
reg,,,684.0,,,,cc2,C,1,excess,XLY,TLT,2024-26,-2.566642151611454,-0.7444075882363512,,,,,,,,,,,,,,,,,,,,,,,
reg,,,1006.0,,,,cc2,C,1,excess,XLY,UUP,2020-23,4.222607053469982,0.7643041299442601,,,,,,,,,,,,,,,,,,,,,,,
reg,,,684.0,,,,cc2,C,1,excess,XLY,UUP,2024-26,1.3441437492406414,0.33423096671657937,,,,,,,,,,,,,,,,,,,,,,,
reg,,,1006.0,,,,cc2,C,1,excess,XLY,USO,2020-23,-1.3369370054316767,-0.3254518011746318,,,,,,,,,,,,,,,,,,,,,,,
reg,,,684.0,,,,cc2,C,1,excess,XLY,USO,2024-26,0.027889336784872414,0.0077099240070361424,,,,,,,,,,,,,,,,,,,,,,,
reg,,,1006.0,,,,cc2,C,1,excess,XLY,GLD,2020-23,2.5682525506632268,0.5770206532939747,,,,,,,,,,,,,,,,,,,,,,,
reg,,,684.0,,,,cc2,C,1,excess,XLY,GLD,2024-26,-2.128071879750038,-0.6043014468309896,,,,,,,,,,,,,,,,,,,,,,,
reg,,,1006.0,,,,cc2,C,1,excess,XLY,HYG,2020-23,-2.0943674323850257,-0.30792189028799316,,,,,,,,,,,,,,,,,,,,,,,
reg,,,684.0,,,,cc2,C,1,excess,XLY,HYG,2024-26,0.48322925172364656,0.1565571137121913,,,,,,,,,,,,,,,,,,,,,,,
reg,,,752.0,,,,cc2,C,1,excess,XLY,BTC,2020-23,0.08843856937403392,0.021792193945258637,,,,,,,,,,,,,,,,,,,,,,,
reg,,,684.0,,,,cc2,C,1,excess,XLY,BTC,2024-26,3.198318694942048,0.9167731276940456,,,,,,,,,,,,,,,,,,,,,,,
reg,,,1006.0,,,,cc2,C,1,excess,XLY,VIX,2020-23,-2.2225732929082733,-0.6601552707212475,,,,,,,,,,,,,,,,,,,,,,,
reg,,,684.0,,,,cc2,C,1,excess,XLY,VIX,2024-26,-0.3462827687281298,-0.08414745085002123,,,,,,,,,,,,,,,,,,,,,,,
reg,,,1006.0,,,,cc2,C,1,excess,XLY,SPY,2020-23,4.456533845588696,0.8566585125153782,,,,,,,,,,,,,,,,,,,,,,,
reg,,,684.0,,,,cc2,C,1,excess,XLY,SPY,2024-26,-2.056131296959592,-0.597099844266949,,,,,,,,,,,,,,,,,,,,,,,
reg,,,1006.0,,,,cc2,C,1,excess,XLP,TLT,2020-23,-0.7718004497029949,-0.12582831173784748,,,,,,,,,,,,,,,,,,,,,,,
reg,,,684.0,,,,cc2,C,1,excess,XLP,TLT,2024-26,0.6050545087311129,0.09259564297670887,,,,,,,,,,,,,,,,,,,,,,,
reg,,,1006.0,,,,cc2,C,1,excess,XLP,UUP,2020-23,-0.37282860608064905,-0.059657679626805474,,,,,,,,,,,,,,,,,,,,,,,
reg,,,684.0,,,,cc2,C,1,excess,XLP,UUP,2024-26,-1.771766687738431,-0.28460484680732134,,,,,,,,,,,,,,,,,,,,,,,
reg,,,1006.0,,,,cc2,C,1,excess,XLP,USO,2020-23,5.511948555032359,1.0185774809513994,,,,,,,,,,,,,,,,,,,,,,,
reg,,,684.0,,,,cc2,C,1,excess,XLP,USO,2024-26,-1.7310367765618873,-0.25662714425607625,,,,,,,,,,,,,,,,,,,,,,,
reg,,,1006.0,,,,cc2,C,1,excess,XLP,GLD,2020-23,-10.04832584664687,-1.4942536802993105,,,,,,,,,,,,,,,,,,,,,,,
reg,,,684.0,,,,cc2,C,1,excess,XLP,GLD,2024-26,8.179643811409065,1.1799314229906666,,,,,,,,,,,,,,,,,,,,,,,
reg,,,1006.0,,,,cc2,C,1,excess,XLP,HYG,2020-23,6.244077474335667,0.8423476570236429,,,,,,,,,,,,,,,,,,,,,,,
reg,,,684.0,,,,cc2,C,1,excess,XLP,HYG,2024-26,5.947907652880536,0.7209668532307941,,,,,,,,,,,,,,,,,,,,,,,
reg,,,752.0,,,,cc2,C,1,excess,XLP,BTC,2020-23,4.617848945795634,1.0793811579860906,,,,,,,,,,,,,,,,,,,,,,,
reg,,,684.0,,,,cc2,C,1,excess,XLP,BTC,2024-26,3.5094936657524154,0.5499017866029468,,,,,,,,,,,,,,,,,,,,,,,
reg,,,1006.0,,,,cc2,C,1,excess,XLP,VIX,2020-23,-1.1781224414147087,-0.24097327507098032,,,,,,,,,,,,,,,,,,,,,,,
reg,,,684.0,,,,cc2,C,1,excess,XLP,VIX,2024-26,-3.7328117117504385,-0.5159659765240734,,,,,,,,,,,,,,,,,,,,,,,
reg,,,1006.0,,,,cc2,C,1,excess,XLP,SPY,2020-23,0.2627843487986224,0.04318166040402332,,,,,,,,,,,,,,,,,,,,,,,
reg,,,684.0,,,,cc2,C,1,excess,XLP,SPY,2024-26,6.434736002446471,0.8848015691524334,,,,,,,,,,,,,,,,,,,,,,,
reg,,,1006.0,,,,cc2,C,1,excess,XLU,TLT,2020-23,7.396637258523875,0.8484877311524474,,,,,,,,,,,,,,,,,,,,,,,
reg,,,684.0,,,,cc2,C,1,excess,XLU,TLT,2024-26,-4.7786076820386025,-0.7179248579245022,,,,,,,,,,,,,,,,,,,,,,,
reg,,,1006.0,,,,cc2,C,1,excess,XLU,UUP,2020-23,-13.441802569003803,-1.2333399769877993,,,,,,,,,,,,,,,,,,,,,,,
reg,,,684.0,,,,cc2,C,1,excess,XLU,UUP,2024-26,8.486046696579361,1.3854944587112858,,,,,,,,,,,,,,,,,,,,,,,
reg,,,1006.0,,,,cc2,C,1,excess,XLU,USO,2020-23,8.893478714516633,1.2241594092257755,,,,,,,,,,,,,,,,,,,,,,,
reg,,,684.0,,,,cc2,C,1,excess,XLU,USO,2024-26,7.393480584688619,1.1959259540925011,,,,,,,,,,,,,,,,,,,,,,,
reg,,,1006.0,,,,cc2,C,1,excess,XLU,GLD,2020-23,1.8176824341514892,0.27908349298877594,,,,,,,,,,,,,,,,,,,,,,,
reg,,,684.0,,,,cc2,C,1,excess,XLU,GLD,2024-26,6.706649914671151,1.1366820808327656,,,,,,,,,,,,,,,,,,,,,,,
reg,,,1006.0,,,,cc2,C,1,excess,XLU,HYG,2020-23,16.30345107989062,1.6879598052539964,,,,,,,,,,,,,,,,,,,,,,,
reg,,,684.0,,,,cc2,C,1,excess,XLU,HYG,2024-26,1.8547391507026894,0.23021210593146807,,,,,,,,,,,,,,,,,,,,,,,
reg,,,752.0,,,,cc2,C,1,excess,XLU,BTC,2020-23,7.565007205081332,1.3635747924909765,,,,,,,,,,,,,,,,,,,,,,,
reg,,,684.0,,,,cc2,C,1,excess,XLU,BTC,2024-26,5.217633701338409,0.8608191282458088,,,,,,,,,,,,,,,,,,,,,,,
reg,,,1006.0,,,,cc2,C,1,excess,XLU,VIX,2020-23,-11.062936373530428,-2.033590251745591,,,,,,,,,,,,,,,,,,,,,,,
reg,,,684.0,,,,cc2,C,1,excess,XLU,VIX,2024-26,-2.4392270726214105,-0.3902255179611704,,,,,,,,,,,,,,,,,,,,,,,
reg,,,1006.0,,,,cc2,C,1,excess,XLU,SPY,2020-23,11.451276022342878,1.5388186715739143,,,,,,,,,,,,,,,,,,,,,,,
reg,,,684.0,,,,cc2,C,1,excess,XLU,SPY,2024-26,3.9540867157000488,0.5648985677072532,,,,,,,,,,,,,,,,,,,,,,,
reg,,,1006.0,,,,cc2,C,1,excess,XLB,TLT,2020-23,-4.173923610989425,-1.0832421288364973,,,,,,,,,,,,,,,,,,,,,,,
reg,,,684.0,,,,cc2,C,1,excess,XLB,TLT,2024-26,-1.0240144577134125,-0.21198948813647775,,,,,,,,,,,,,,,,,,,,,,,
reg,,,1006.0,,,,cc2,C,1,excess,XLB,UUP,2020-23,7.60124503083313,2.090997017805614,,,,,,,,,,,,,,,,,,,,,,,
reg,,,684.0,,,,cc2,C,1,excess,XLB,UUP,2024-26,-5.581033100723862,-1.0416174175527175,,,,,,,,,,,,,,,,,,,,,,,
reg,,,1006.0,,,,cc2,C,1,excess,XLB,USO,2020-23,0.26742450670367995,0.05572328944012622,,,,,,,,,,,,,,,,,,,,,,,
reg,,,684.0,,,,cc2,C,1,excess,XLB,USO,2024-26,-8.352120080672105,-1.399211123025085,,,,,,,,,,,,,,,,,,,,,,,
reg,,,1006.0,,,,cc2,C,1,excess,XLB,GLD,2020-23,0.15608075828695964,0.036034347245548215,,,,,,,,,,,,,,,,,,,,,,,
reg,,,684.0,,,,cc2,C,1,excess,XLB,GLD,2024-26,0.5933979796826514,0.08357725188613924,,,,,,,,,,,,,,,,,,,,,,,
reg,,,1006.0,,,,cc2,C,1,excess,XLB,HYG,2020-23,2.1087353948187815,0.45392745369855053,,,,,,,,,,,,,,,,,,,,,,,
reg,,,684.0,,,,cc2,C,1,excess,XLB,HYG,2024-26,3.087520645076887,0.5112749084151639,,,,,,,,,,,,,,,,,,,,,,,
reg,,,752.0,,,,cc2,C,1,excess,XLB,BTC,2020-23,8.278607953801133,2.023098091747553,,,,,,,,,,,,,,,,,,,,,,,
reg,,,684.0,,,,cc2,C,1,excess,XLB,BTC,2024-26,6.28592532219761,1.3024506900617618,,,,,,,,,,,,,,,,,,,,,,,
reg,,,1006.0,,,,cc2,C,1,excess,XLB,VIX,2020-23,0.9622490238830672,0.2806960803558157,,,,,,,,,,,,,,,,,,,,,,,
reg,,,684.0,,,,cc2,C,1,excess,XLB,VIX,2024-26,-2.2097055588552212,-0.4272667725159961,,,,,,,,,,,,,,,,,,,,,,,
reg,,,1006.0,,,,cc2,C,1,excess,XLB,SPY,2020-23,3.9597441219197855,0.8385629902540038,,,,,,,,,,,,,,,,,,,,,,,
reg,,,684.0,,,,cc2,C,1,excess,XLB,SPY,2024-26,5.850029939592949,1.079999205755272,,,,,,,,,,,,,,,,,,,,,,,
reg,,,1006.0,,,,cc2,C,1,excess,XLRE,TLT,2020-23,5.195132422926764,1.2080122728397769,,,,,,,,,,,,,,,,,,,,,,,
reg,,,684.0,,,,cc2,C,1,excess,XLRE,TLT,2024-26,0.1297149534071302,0.0193904008228742,,,,,,,,,,,,,,,,,,,,,,,
reg,,,1006.0,,,,cc2,C,1,excess,XLRE,UUP,2020-23,-11.299525732642334,-1.8300558071710555,,,,,,,,,,,,,,,,,,,,,,,
reg,,,684.0,,,,cc2,C,1,excess,XLRE,UUP,2024-26,4.0372778407503755,0.6802458977495784,,,,,,,,,,,,,,,,,,,,,,,
reg,,,1006.0,,,,cc2,C,1,excess,XLRE,USO,2020-23,5.591261097664254,1.0947974559783684,,,,,,,,,,,,,,,,,,,,,,,
reg,,,684.0,,,,cc2,C,1,excess,XLRE,USO,2024-26,4.864394761255474,0.7773310070829182,,,,,,,,,,,,,,,,,,,,,,,
reg,,,1006.0,,,,cc2,C,1,excess,XLRE,GLD,2020-23,13.340499160165258,2.1627608871403123,,,,,,,,,,,,,,,,,,,,,,,
reg,,,684.0,,,,cc2,C,1,excess,XLRE,GLD,2024-26,10.829213239158753,2.01612537147856,,,,,,,,,,,,,,,,,,,,,,,
reg,,,1006.0,,,,cc2,C,1,excess,XLRE,HYG,2020-23,12.974313176208046,1.7158654124917416,,,,,,,,,,,,,,,,,,,,,,,
reg,,,684.0,,,,cc2,C,1,excess,XLRE,HYG,2024-26,4.281699633878439,0.5673911823741209,,,,,,,,,,,,,,,,,,,,,,,
reg,,,752.0,,,,cc2,C,1,excess,XLRE,BTC,2020-23,-1.4852659968709467,-0.338736738523102,,,,,,,,,,,,,,,,,,,,,,,
reg,,,684.0,,,,cc2,C,1,excess,XLRE,BTC,2024-26,3.178977442276727,0.5369125998621512,,,,,,,,,,,,,,,,,,,,,,,
reg,,,1006.0,,,,cc2,C,1,excess,XLRE,VIX,2020-23,-7.0472435408202205,-1.3646725725601,,,,,,,,,,,,,,,,,,,,,,,
reg,,,684.0,,,,cc2,C,1,excess,XLRE,VIX,2024-26,4.309114243640356,0.582977164877994,,,,,,,,,,,,,,,,,,,,,,,
reg,,,1006.0,,,,cc2,C,1,excess,XLRE,SPY,2020-23,9.628474533390541,1.5924492305497753,,,,,,,,,,,,,,,,,,,,,,,
reg,,,684.0,,,,cc2,C,1,excess,XLRE,SPY,2024-26,3.3203691531100366,0.49946753335198163,,,,,,,,,,,,,,,,,,,,,,,
reg,,,1006.0,,,,cc2,C,1,excess,XLC,TLT,2020-23,-3.0558394676228073,-0.7639398021916055,,,,,,,,,,,,,,,,,,,,,,,
reg,,,684.0,,,,cc2,C,1,excess,XLC,TLT,2024-26,-1.050753767730941,-0.2851450279509318,,,,,,,,,,,,,,,,,,,,,,,
reg,,,1006.0,,,,cc2,C,1,excess,XLC,UUP,2020-23,-2.0600926947437253,-0.416872478994603,,,,,,,,,,,,,,,,,,,,,,,
reg,,,684.0,,,,cc2,C,1,excess,XLC,UUP,2024-26,-2.9952644795674015,-0.9468171072717505,,,,,,,,,,,,,,,,,,,,,,,
reg,,,1006.0,,,,cc2,C,1,excess,XLC,USO,2020-23,-0.42527324465185584,-0.11520164875411802,,,,,,,,,,,,,,,,,,,,,,,
reg,,,684.0,,,,cc2,C,1,excess,XLC,USO,2024-26,1.7632182960089242,0.41812344865660966,,,,,,,,,,,,,,,,,,,,,,,
reg,,,1006.0,,,,cc2,C,1,excess,XLC,GLD,2020-23,2.073686405113681,0.3953427900297134,,,,,,,,,,,,,,,,,,,,,,,
reg,,,684.0,,,,cc2,C,1,excess,XLC,GLD,2024-26,7.0288478845042555,1.7611258419042892,,,,,,,,,,,,,,,,,,,,,,,
reg,,,1006.0,,,,cc2,C,1,excess,XLC,HYG,2020-23,-2.492982724956741,-0.651476467541211,,,,,,,,,,,,,,,,,,,,,,,
reg,,,684.0,,,,cc2,C,1,excess,XLC,HYG,2024-26,1.9633396213084804,0.6506147920043507,,,,,,,,,,,,,,,,,,,,,,,
reg,,,752.0,,,,cc2,C,1,excess,XLC,BTC,2020-23,0.7241139490928451,0.1573606748360938,,,,,,,,,,,,,,,,,,,,,,,
reg,,,684.0,,,,cc2,C,1,excess,XLC,BTC,2024-26,3.5965770039796303,1.0630059144320703,,,,,,,,,,,,,,,,,,,,,,,
reg,,,1006.0,,,,cc2,C,1,excess,XLC,VIX,2020-23,3.709414434556557,1.0688891524254034,,,,,,,,,,,,,,,,,,,,,,,
reg,,,684.0,,,,cc2,C,1,excess,XLC,VIX,2024-26,4.719288304636407,1.4700202737479815,,,,,,,,,,,,,,,,,,,,,,,
reg,,,1006.0,,,,cc2,C,1,excess,XLC,SPY,2020-23,-1.430286591738315,-0.41752223325862653,,,,,,,,,,,,,,,,,,,,,,,
reg,,,684.0,,,,cc2,C,1,excess,XLC,SPY,2024-26,0.44967365157286543,0.13837874053648105,,,,,,,,,,,,,,,,,,,,,,,
reg,,,1006.0,,,,cc2,C,1,excess,SMH,TLT,2020-23,12.36497086704929,1.8951032395964231,,,,,,,,,,,,,,,,,,,,,,,
reg,,,684.0,,,,cc2,C,1,excess,SMH,TLT,2024-26,6.1624878465155195,0.7095403912165268,,,,,,,,,,,,,,,,,,,,,,,
reg,,,1006.0,,,,cc2,C,1,excess,SMH,UUP,2020-23,4.581388072896356,0.6060690128731296,,,,,,,,,,,,,,,,,,,,,,,
reg,,,684.0,,,,cc2,C,1,excess,SMH,UUP,2024-26,5.403307785291388,0.7052184878111076,,,,,,,,,,,,,,,,,,,,,,,
reg,,,1006.0,,,,cc2,C,1,excess,SMH,USO,2020-23,-5.169245635618723,-0.8044916023913782,,,,,,,,,,,,,,,,,,,,,,,
reg,,,684.0,,,,cc2,C,1,excess,SMH,USO,2024-26,4.782934194805919,0.4875244770705815,,,,,,,,,,,,,,,,,,,,,,,
reg,,,1006.0,,,,cc2,C,1,excess,SMH,GLD,2020-23,2.791685146897853,0.4644438390532947,,,,,,,,,,,,,,,,,,,,,,,
reg,,,684.0,,,,cc2,C,1,excess,SMH,GLD,2024-26,-10.025694516860145,-1.3311485928646904,,,,,,,,,,,,,,,,,,,,,,,
reg,,,1006.0,,,,cc2,C,1,excess,SMH,HYG,2020-23,-15.388249793184501,-1.813171047639376,,,,,,,,,,,,,,,,,,,,,,,
reg,,,684.0,,,,cc2,C,1,excess,SMH,HYG,2024-26,-6.821580937801986,-0.7987116223619809,,,,,,,,,,,,,,,,,,,,,,,
reg,,,752.0,,,,cc2,C,1,excess,SMH,BTC,2020-23,-12.221556549314338,-1.8000374347064558,,,,,,,,,,,,,,,,,,,,,,,
reg,,,684.0,,,,cc2,C,1,excess,SMH,BTC,2024-26,-10.205761914095714,-1.0974003926920048,,,,,,,,,,,,,,,,,,,,,,,
reg,,,1006.0,,,,cc2,C,1,excess,SMH,VIX,2020-23,4.68905395912088,0.8446598016573245,,,,,,,,,,,,,,,,,,,,,,,
reg,,,684.0,,,,cc2,C,1,excess,SMH,VIX,2024-26,-0.2982529488621485,-0.0348335912355168,,,,,,,,,,,,,,,,,,,,,,,
reg,,,1006.0,,,,cc2,C,1,excess,SMH,SPY,2020-23,-16.230447457423214,-2.667415627861299,,,,,,,,,,,,,,,,,,,,,,,
reg,,,684.0,,,,cc2,C,1,excess,SMH,SPY,2024-26,-12.546787129790854,-1.5687927654352354,,,,,,,,,,,,,,,,,,,,,,,
reg,,,1006.0,,,,cc2,C,1,excess,XBI,TLT,2020-23,0.26403681043975513,0.029514955116562287,,,,,,,,,,,,,,,,,,,,,,,
reg,,,684.0,,,,cc2,C,1,excess,XBI,TLT,2024-26,2.173681788172022,0.26514444541776166,,,,,,,,,,,,,,,,,,,,,,,
reg,,,1006.0,,,,cc2,C,1,excess,XBI,UUP,2020-23,12.34706131742253,1.36443963589299,,,,,,,,,,,,,,,,,,,,,,,
reg,,,684.0,,,,cc2,C,1,excess,XBI,UUP,2024-26,-5.874968018951504,-0.7130980291481526,,,,,,,,,,,,,,,,,,,,,,,
reg,,,1006.0,,,,cc2,C,1,excess,XBI,USO,2020-23,-9.345106591367173,-0.8804116855596641,,,,,,,,,,,,,,,,,,,,,,,
reg,,,684.0,,,,cc2,C,1,excess,XBI,USO,2024-26,1.9556561455881842,0.25671801183528975,,,,,,,,,,,,,,,,,,,,,,,
reg,,,1006.0,,,,cc2,C,1,excess,XBI,GLD,2020-23,2.9083420236570823,0.3780799890365179,,,,,,,,,,,,,,,,,,,,,,,
reg,,,684.0,,,,cc2,C,1,excess,XBI,GLD,2024-26,-3.212827764243269,-0.3483006226806207,,,,,,,,,,,,,,,,,,,,,,,
reg,,,1006.0,,,,cc2,C,1,excess,XBI,HYG,2020-23,-17.597579811896868,-1.6775355614433534,,,,,,,,,,,,,,,,,,,,,,,
reg,,,684.0,,,,cc2,C,1,excess,XBI,HYG,2024-26,2.5227844573501734,0.2857560451722551,,,,,,,,,,,,,,,,,,,,,,,
reg,,,752.0,,,,cc2,C,1,excess,XBI,BTC,2020-23,-17.212040940632825,-1.8774544938937867,,,,,,,,,,,,,,,,,,,,,,,
reg,,,684.0,,,,cc2,C,1,excess,XBI,BTC,2024-26,-7.5629976293865795,-1.0719596803759834,,,,,,,,,,,,,,,,,,,,,,,
reg,,,1006.0,,,,cc2,C,1,excess,XBI,VIX,2020-23,6.724799811434126,0.8216574091978666,,,,,,,,,,,,,,,,,,,,,,,
reg,,,684.0,,,,cc2,C,1,excess,XBI,VIX,2024-26,-0.21712291266613515,-0.023766390993378197,,,,,,,,,,,,,,,,,,,,,,,
reg,,,1006.0,,,,cc2,C,1,excess,XBI,SPY,2020-23,-14.66002885609816,-1.6591363417063008,,,,,,,,,,,,,,,,,,,,,,,
reg,,,684.0,,,,cc2,C,1,excess,XBI,SPY,2024-26,-4.347222140148344,-0.49012601913547976,,,,,,,,,,,,,,,,,,,,,,,
reg,,,1006.0,,,,cc2,C,1,excess,KRE,TLT,2020-23,-19.38988588611589,-2.0713223613578107,,,,,,,,,,,,,,,,,,,,,,,
reg,,,684.0,,,,cc2,C,1,excess,KRE,TLT,2024-26,-7.04858110432048,-0.7385881400839325,,,,,,,,,,,,,,,,,,,,,,,
reg,,,1006.0,,,,cc2,C,1,excess,KRE,UUP,2020-23,5.465832667165296,0.6298370393283953,,,,,,,,,,,,,,,,,,,,,,,
reg,,,684.0,,,,cc2,C,1,excess,KRE,UUP,2024-26,11.383472718497448,1.3777132067551365,,,,,,,,,,,,,,,,,,,,,,,
reg,,,1006.0,,,,cc2,C,1,excess,KRE,USO,2020-23,-6.263641404848448,-0.631453106895903,,,,,,,,,,,,,,,,,,,,,,,
reg,,,684.0,,,,cc2,C,1,excess,KRE,USO,2024-26,4.407591917251652,0.6821310740858555,,,,,,,,,,,,,,,,,,,,,,,
reg,,,1006.0,,,,cc2,C,1,excess,KRE,GLD,2020-23,-0.4063444105437004,-0.039173049063711086,,,,,,,,,,,,,,,,,,,,,,,
reg,,,684.0,,,,cc2,C,1,excess,KRE,GLD,2024-26,-14.085316517924921,-2.0270512969328673,,,,,,,,,,,,,,,,,,,,,,,
reg,,,1006.0,,,,cc2,C,1,excess,KRE,HYG,2020-23,-1.4604676408767765,-0.1555634320615963,,,,,,,,,,,,,,,,,,,,,,,
reg,,,684.0,,,,cc2,C,1,excess,KRE,HYG,2024-26,-10.711792615879567,-1.6985099423682706,,,,,,,,,,,,,,,,,,,,,,,
reg,,,752.0,,,,cc2,C,1,excess,KRE,BTC,2020-23,14.586297860984319,1.8871029283811025,,,,,,,,,,,,,,,,,,,,,,,
reg,,,684.0,,,,cc2,C,1,excess,KRE,BTC,2024-26,-12.204927248855242,-1.6364132792784212,,,,,,,,,,,,,,,,,,,,,,,
reg,,,1006.0,,,,cc2,C,1,excess,KRE,VIX,2020-23,-1.0469415595278628,-0.12508684302978965,,,,,,,,,,,,,,,,,,,,,,,
reg,,,684.0,,,,cc2,C,1,excess,KRE,VIX,2024-26,11.55989282223012,1.9361118231840913,,,,,,,,,,,,,,,,,,,,,,,
reg,,,1006.0,,,,cc2,C,1,excess,KRE,SPY,2020-23,4.185819859896382,0.4876716959187855,,,,,,,,,,,,,,,,,,,,,,,
reg,,,684.0,,,,cc2,C,1,excess,KRE,SPY,2024-26,-15.472750862939888,-2.663296475529578,,,,,,,,,,,,,,,,,,,,,,,
reg,,,1006.0,,,,cc2,C,5,raw,XLK,TLT,2020-23,22.42259978200883,2.104417467786852,,,,,,,,,,,,,,,,,,,,,,,
reg,,,684.0,,,,cc2,C,5,raw,XLK,TLT,2024-26,-0.7721308300994849,-0.06306676614852058,,,,,,,,,,,,,,,,,,,,,,,
reg,,,1006.0,,,,cc2,C,5,raw,XLK,UUP,2020-23,0.37900733760484306,0.03474756356429401,,,,,,,,,,,,,,,,,,,,,,,
reg,,,684.0,,,,cc2,C,5,raw,XLK,UUP,2024-26,3.520497232658256,0.29365843168120603,,,,,,,,,,,,,,,,,,,,,,,
reg,,,1006.0,,,,cc2,C,5,raw,XLK,USO,2020-23,-10.71001275833076,-0.7545781367361102,,,,,,,,,,,,,,,,,,,,,,,
reg,,,684.0,,,,cc2,C,5,raw,XLK,USO,2024-26,-10.662944288840668,-0.8696608273482401,,,,,,,,,,,,,,,,,,,,,,,
reg,,,1006.0,,,,cc2,C,5,raw,XLK,GLD,2020-23,4.790380892411764,0.46789161227232917,,,,,,,,,,,,,,,,,,,,,,,
reg,,,684.0,,,,cc2,C,5,raw,XLK,GLD,2024-26,-9.46079055146848,-0.7822409868794592,,,,,,,,,,,,,,,,,,,,,,,
reg,,,1006.0,,,,cc2,C,5,raw,XLK,HYG,2020-23,-3.226943757864619,-0.19782887041716044,,,,,,,,,,,,,,,,,,,,,,,
reg,,,684.0,,,,cc2,C,5,raw,XLK,HYG,2024-26,-1.7061501248785913,-0.09816147667608102,,,,,,,,,,,,,,,,,,,,,,,
reg,,,748.0,,,,cc2,C,5,raw,XLK,BTC,2020-23,-9.822950294510296,-1.1218913703252262,,,,,,,,,,,,,,,,,,,,,,,
reg,,,684.0,,,,cc2,C,5,raw,XLK,BTC,2024-26,-4.665604839611685,-0.41140560781311547,,,,,,,,,,,,,,,,,,,,,,,
reg,,,1006.0,,,,cc2,C,5,raw,XLK,VIX,2020-23,-8.478877356807141,-0.7205791756140831,,,,,,,,,,,,,,,,,,,,,,,
reg,,,684.0,,,,cc2,C,5,raw,XLK,VIX,2024-26,5.2872260347624955,0.38164701922899424,,,,,,,,,,,,,,,,,,,,,,,
reg,,,1006.0,,,,cc2,C,5,raw,XLK,SPY,2020-23,-13.305345024292423,-1.0012785372081308,,,,,,,,,,,,,,,,,,,,,,,
reg,,,684.0,,,,cc2,C,5,raw,XLK,SPY,2024-26,-18.112596197818682,-1.2014316283826614,,,,,,,,,,,,,,,,,,,,,,,
reg,,,1006.0,,,,cc2,C,5,raw,XLF,TLT,2020-23,12.70803002999836,0.9597323030865704,,,,,,,,,,,,,,,,,,,,,,,
reg,,,684.0,,,,cc2,C,5,raw,XLF,TLT,2024-26,-14.386866885951946,-1.6192467630043115,,,,,,,,,,,,,,,,,,,,,,,
reg,,,1006.0,,,,cc2,C,5,raw,XLF,UUP,2020-23,6.238481958587791,0.41191034701024315,,,,,,,,,,,,,,,,,,,,,,,
reg,,,684.0,,,,cc2,C,5,raw,XLF,UUP,2024-26,3.434966371969779,0.443597837620556,,,,,,,,,,,,,,,,,,,,,,,
reg,,,1006.0,,,,cc2,C,5,raw,XLF,USO,2020-23,5.683151288562484,0.3167839309211091,,,,,,,,,,,,,,,,,,,,,,,
reg,,,684.0,,,,cc2,C,5,raw,XLF,USO,2024-26,-1.5307722368959413,-0.19343545815478083,,,,,,,,,,,,,,,,,,,,,,,
reg,,,1006.0,,,,cc2,C,5,raw,XLF,GLD,2020-23,12.142345844316516,0.9297622216274504,,,,,,,,,,,,,,,,,,,,,,,
reg,,,684.0,,,,cc2,C,5,raw,XLF,GLD,2024-26,-7.707501170489614,-1.0901716919998246,,,,,,,,,,,,,,,,,,,,,,,
reg,,,1006.0,,,,cc2,C,5,raw,XLF,HYG,2020-23,-11.749638338798015,-0.5724028409605182,,,,,,,,,,,,,,,,,,,,,,,
reg,,,684.0,,,,cc2,C,5,raw,XLF,HYG,2024-26,-10.171361721044892,-1.0408562622507678,,,,,,,,,,,,,,,,,,,,,,,
reg,,,748.0,,,,cc2,C,5,raw,XLF,BTC,2020-23,-1.4520798674600615,-0.196283930807218,,,,,,,,,,,,,,,,,,,,,,,
reg,,,684.0,,,,cc2,C,5,raw,XLF,BTC,2024-26,-11.622233974092687,-1.9816803838338746,,,,,,,,,,,,,,,,,,,,,,,
reg,,,1006.0,,,,cc2,C,5,raw,XLF,VIX,2020-23,-18.20649008684255,-1.3998825786433085,,,,,,,,,,,,,,,,,,,,,,,
reg,,,684.0,,,,cc2,C,5,raw,XLF,VIX,2024-26,4.375304825639075,0.47771740941997304,,,,,,,,,,,,,,,,,,,,,,,
reg,,,1006.0,,,,cc2,C,5,raw,XLF,SPY,2020-23,-9.149254701856833,-0.5705491489480545,,,,,,,,,,,,,,,,,,,,,,,
reg,,,684.0,,,,cc2,C,5,raw,XLF,SPY,2024-26,-11.349836904331163,-1.17604904735501,,,,,,,,,,,,,,,,,,,,,,,
reg,,,1006.0,,,,cc2,C,5,raw,XLE,TLT,2020-23,1.284933943985418,0.06282352841286386,,,,,,,,,,,,,,,,,,,,,,,
reg,,,684.0,,,,cc2,C,5,raw,XLE,TLT,2024-26,-13.110156425979941,-1.0521265486255633,,,,,,,,,,,,,,,,,,,,,,,
reg,,,1006.0,,,,cc2,C,5,raw,XLE,UUP,2020-23,25.445389521298356,1.1700361916294504,,,,,,,,,,,,,,,,,,,,,,,
reg,,,684.0,,,,cc2,C,5,raw,XLE,UUP,2024-26,-8.813059091310949,-0.9317434020089367,,,,,,,,,,,,,,,,,,,,,,,
reg,,,1006.0,,,,cc2,C,5,raw,XLE,USO,2020-23,-3.508652388341676,-0.13578068171849358,,,,,,,,,,,,,,,,,,,,,,,
reg,,,684.0,,,,cc2,C,5,raw,XLE,USO,2024-26,-0.01463216645507736,-0.0017897493126904876,,,,,,,,,,,,,,,,,,,,,,,
reg,,,1006.0,,,,cc2,C,5,raw,XLE,GLD,2020-23,-3.62186436784442,-0.16889017735660092,,,,,,,,,,,,,,,,,,,,,,,
reg,,,684.0,,,,cc2,C,5,raw,XLE,GLD,2024-26,-0.3095991398527692,-0.03119751461881085,,,,,,,,,,,,,,,,,,,,,,,
reg,,,1006.0,,,,cc2,C,5,raw,XLE,HYG,2020-23,0.9057608009739435,0.030226448994199406,,,,,,,,,,,,,,,,,,,,,,,
reg,,,684.0,,,,cc2,C,5,raw,XLE,HYG,2024-26,-2.1387380903089164,-0.25033422756735507,,,,,,,,,,,,,,,,,,,,,,,
reg,,,748.0,,,,cc2,C,5,raw,XLE,BTC,2020-23,2.4444368941720596,0.16167141138645222,,,,,,,,,,,,,,,,,,,,,,,
reg,,,684.0,,,,cc2,C,5,raw,XLE,BTC,2024-26,-6.179618310841569,-0.7480500088750137,,,,,,,,,,,,,,,,,,,,,,,
reg,,,1006.0,,,,cc2,C,5,raw,XLE,VIX,2020-23,-24.779879911107383,-1.2812606472838999,,,,,,,,,,,,,,,,,,,,,,,
reg,,,684.0,,,,cc2,C,5,raw,XLE,VIX,2024-26,-8.902716090444416,-0.8872706645631334,,,,,,,,,,,,,,,,,,,,,,,
reg,,,1006.0,,,,cc2,C,5,raw,XLE,SPY,2020-23,2.569503868082474,0.10244665845053659,,,,,,,,,,,,,,,,,,,,,,,
reg,,,684.0,,,,cc2,C,5,raw,XLE,SPY,2024-26,4.700476745296312,0.44632838218566834,,,,,,,,,,,,,,,,,,,,,,,
reg,,,1006.0,,,,cc2,C,5,raw,XLV,TLT,2020-23,18.104378012925604,1.8061385162254053,,,,,,,,,,,,,,,,,,,,,,,
reg,,,684.0,,,,cc2,C,5,raw,XLV,TLT,2024-26,-1.2651341547082202,-0.19266148439922795,,,,,,,,,,,,,,,,,,,,,,,
reg,,,1006.0,,,,cc2,C,5,raw,XLV,UUP,2020-23,-6.059983337680627,-0.6225065068138536,,,,,,,,,,,,,,,,,,,,,,,
reg,,,684.0,,,,cc2,C,5,raw,XLV,UUP,2024-26,7.57612343589741,0.9703524999694095,,,,,,,,,,,,,,,,,,,,,,,
reg,,,1006.0,,,,cc2,C,5,raw,XLV,USO,2020-23,0.5916605447500695,0.04930191673832237,,,,,,,,,,,,,,,,,,,,,,,
reg,,,684.0,,,,cc2,C,5,raw,XLV,USO,2024-26,-4.3169637083899035,-0.6504832027838521,,,,,,,,,,,,,,,,,,,,,,,
reg,,,1006.0,,,,cc2,C,5,raw,XLV,GLD,2020-23,10.534228988578649,1.0731210576932197,,,,,,,,,,,,,,,,,,,,,,,
reg,,,684.0,,,,cc2,C,5,raw,XLV,GLD,2024-26,-7.480193236347787,-1.1223449183967773,,,,,,,,,,,,,,,,,,,,,,,
reg,,,1006.0,,,,cc2,C,5,raw,XLV,HYG,2020-23,9.108388571311066,0.7037173266563044,,,,,,,,,,,,,,,,,,,,,,,
reg,,,684.0,,,,cc2,C,5,raw,XLV,HYG,2024-26,-2.6853776026395395,-0.42957074419320684,,,,,,,,,,,,,,,,,,,,,,,
reg,,,748.0,,,,cc2,C,5,raw,XLV,BTC,2020-23,-6.874672660540363,-1.1381904857725405,,,,,,,,,,,,,,,,,,,,,,,
reg,,,684.0,,,,cc2,C,5,raw,XLV,BTC,2024-26,-19.58652375783557,-3.3498245137399625,,,,,,,,,,,,,,,,,,,,,,,
reg,,,1006.0,,,,cc2,C,5,raw,XLV,VIX,2020-23,-13.29888476261233,-1.2955511323269444,,,,,,,,,,,,,,,,,,,,,,,
reg,,,684.0,,,,cc2,C,5,raw,XLV,VIX,2024-26,12.535891484291534,1.9483978450753396,,,,,,,,,,,,,,,,,,,,,,,
reg,,,1006.0,,,,cc2,C,5,raw,XLV,SPY,2020-23,-0.3644474133782894,-0.03458270177458548,,,,,,,,,,,,,,,,,,,,,,,
reg,,,684.0,,,,cc2,C,5,raw,XLV,SPY,2024-26,-7.642048164746394,-1.1447916299992111,,,,,,,,,,,,,,,,,,,,,,,
reg,,,1006.0,,,,cc2,C,5,raw,XLI,TLT,2020-23,15.787256420569841,1.2272829197275572,,,,,,,,,,,,,,,,,,,,,,,
reg,,,684.0,,,,cc2,C,5,raw,XLI,TLT,2024-26,-3.883268159313235,-0.43828203197337123,,,,,,,,,,,,,,,,,,,,,,,
reg,,,1006.0,,,,cc2,C,5,raw,XLI,UUP,2020-23,7.91923339578903,0.5166049618481068,,,,,,,,,,,,,,,,,,,,,,,
reg,,,684.0,,,,cc2,C,5,raw,XLI,UUP,2024-26,2.5909747273545896,0.337188934869732,,,,,,,,,,,,,,,,,,,,,,,
reg,,,1006.0,,,,cc2,C,5,raw,XLI,USO,2020-23,1.9980473958956915,0.10558913067161364,,,,,,,,,,,,,,,,,,,,,,,
reg,,,684.0,,,,cc2,C,5,raw,XLI,USO,2024-26,-4.301090352382795,-0.48488767910053165,,,,,,,,,,,,,,,,,,,,,,,
reg,,,1006.0,,,,cc2,C,5,raw,XLI,GLD,2020-23,14.788555958730885,1.1618208227842943,,,,,,,,,,,,,,,,,,,,,,,
reg,,,684.0,,,,cc2,C,5,raw,XLI,GLD,2024-26,-7.267446219670352,-0.9329049831518735,,,,,,,,,,,,,,,,,,,,,,,
reg,,,1006.0,,,,cc2,C,5,raw,XLI,HYG,2020-23,-3.2232087780582304,-0.14086320900936214,,,,,,,,,,,,,,,,,,,,,,,
reg,,,684.0,,,,cc2,C,5,raw,XLI,HYG,2024-26,-3.816306160382635,-0.30541624118159694,,,,,,,,,,,,,,,,,,,,,,,
reg,,,748.0,,,,cc2,C,5,raw,XLI,BTC,2020-23,1.4788916422072134,0.2336945703802274,,,,,,,,,,,,,,,,,,,,,,,
reg,,,684.0,,,,cc2,C,5,raw,XLI,BTC,2024-26,-13.512839332435167,-2.2820970389313615,,,,,,,,,,,,,,,,,,,,,,,
reg,,,1006.0,,,,cc2,C,5,raw,XLI,VIX,2020-23,-16.424898676198254,-1.2477614104789156,,,,,,,,,,,,,,,,,,,,,,,
reg,,,684.0,,,,cc2,C,5,raw,XLI,VIX,2024-26,8.39155596941986,0.8893500599806309,,,,,,,,,,,,,,,,,,,,,,,
reg,,,1006.0,,,,cc2,C,5,raw,XLI,SPY,2020-23,-3.5487267886868987,-0.206425188923053,,,,,,,,,,,,,,,,,,,,,,,
reg,,,684.0,,,,cc2,C,5,raw,XLI,SPY,2024-26,-14.660614395980335,-1.3823261926759072,,,,,,,,,,,,,,,,,,,,,,,
reg,,,1006.0,,,,cc2,C,5,raw,XLY,TLT,2020-23,13.623340994539973,1.219401876255988,,,,,,,,,,,,,,,,,,,,,,,
reg,,,684.0,,,,cc2,C,5,raw,XLY,TLT,2024-26,-12.383227385024867,-1.2303684870092466,,,,,,,,,,,,,,,,,,,,,,,
reg,,,1006.0,,,,cc2,C,5,raw,XLY,UUP,2020-23,11.203527371903261,0.9321010729843213,,,,,,,,,,,,,,,,,,,,,,,
reg,,,684.0,,,,cc2,C,5,raw,XLY,UUP,2024-26,6.97062389863608,0.7057375655958459,,,,,,,,,,,,,,,,,,,,,,,
reg,,,1006.0,,,,cc2,C,5,raw,XLY,USO,2020-23,-2.2733976214234137,-0.11794676729378036,,,,,,,,,,,,,,,,,,,,,,,
reg,,,684.0,,,,cc2,C,5,raw,XLY,USO,2024-26,-5.566068350840624,-0.623195884932435,,,,,,,,,,,,,,,,,,,,,,,
reg,,,1006.0,,,,cc2,C,5,raw,XLY,GLD,2020-23,9.172700433464648,0.8115293915501083,,,,,,,,,,,,,,,,,,,,,,,
reg,,,684.0,,,,cc2,C,5,raw,XLY,GLD,2024-26,-6.5815128443130755,-0.7710473237479589,,,,,,,,,,,,,,,,,,,,,,,
reg,,,1006.0,,,,cc2,C,5,raw,XLY,HYG,2020-23,-4.4627236648499755,-0.20965712579457493,,,,,,,,,,,,,,,,,,,,,,,
reg,,,684.0,,,,cc2,C,5,raw,XLY,HYG,2024-26,-1.2366776213793744,-0.09716488711099842,,,,,,,,,,,,,,,,,,,,,,,
reg,,,748.0,,,,cc2,C,5,raw,XLY,BTC,2020-23,-8.15348880159618,-0.8847863122850976,,,,,,,,,,,,,,,,,,,,,,,
reg,,,684.0,,,,cc2,C,5,raw,XLY,BTC,2024-26,-7.018201955414868,-0.9222615163828561,,,,,,,,,,,,,,,,,,,,,,,
reg,,,1006.0,,,,cc2,C,5,raw,XLY,VIX,2020-23,-13.117546705974714,-0.9795956596160738,,,,,,,,,,,,,,,,,,,,,,,
reg,,,684.0,,,,cc2,C,5,raw,XLY,VIX,2024-26,1.3114934622053753,0.12290499379204568,,,,,,,,,,,,,,,,,,,,,,,
reg,,,1006.0,,,,cc2,C,5,raw,XLY,SPY,2020-23,-2.4859524806264486,-0.14298261546611774,,,,,,,,,,,,,,,,,,,,,,,
reg,,,684.0,,,,cc2,C,5,raw,XLY,SPY,2024-26,-13.556570713661523,-1.1813919901966128,,,,,,,,,,,,,,,,,,,,,,,
reg,,,1006.0,,,,cc2,C,5,raw,XLP,TLT,2020-23,9.640343928669932,0.8970645449417106,,,,,,,,,,,,,,,,,,,,,,,
reg,,,684.0,,,,cc2,C,5,raw,XLP,TLT,2024-26,-6.996217894685076,-1.1556112960323102,,,,,,,,,,,,,,,,,,,,,,,
reg,,,1006.0,,,,cc2,C,5,raw,XLP,UUP,2020-23,-13.193774670028937,-1.3113739520543601,,,,,,,,,,,,,,,,,,,,,,,
reg,,,684.0,,,,cc2,C,5,raw,XLP,UUP,2024-26,4.480575699202496,0.7659539990520492,,,,,,,,,,,,,,,,,,,,,,,
reg,,,1006.0,,,,cc2,C,5,raw,XLP,USO,2020-23,6.227809069688201,0.5359581888948489,,,,,,,,,,,,,,,,,,,,,,,
reg,,,684.0,,,,cc2,C,5,raw,XLP,USO,2024-26,-1.593410277396157,-0.23836958994837348,,,,,,,,,,,,,,,,,,,,,,,
reg,,,1006.0,,,,cc2,C,5,raw,XLP,GLD,2020-23,8.22160916905729,0.8444548989578815,,,,,,,,,,,,,,,,,,,,,,,
reg,,,684.0,,,,cc2,C,5,raw,XLP,GLD,2024-26,3.041415994045976,0.5581475537720855,,,,,,,,,,,,,,,,,,,,,,,
reg,,,1006.0,,,,cc2,C,5,raw,XLP,HYG,2020-23,15.185109814960699,1.355274354787532,,,,,,,,,,,,,,,,,,,,,,,
reg,,,684.0,,,,cc2,C,5,raw,XLP,HYG,2024-26,-4.657981123588551,-0.6424421519805971,,,,,,,,,,,,,,,,,,,,,,,
reg,,,748.0,,,,cc2,C,5,raw,XLP,BTC,2020-23,-2.3513264175964057,-0.4625282463178018,,,,,,,,,,,,,,,,,,,,,,,
reg,,,684.0,,,,cc2,C,5,raw,XLP,BTC,2024-26,-9.029482021132385,-1.8369850939728651,,,,,,,,,,,,,,,,,,,,,,,
reg,,,1006.0,,,,cc2,C,5,raw,XLP,VIX,2020-23,-16.274783059618258,-1.5156938463790344,,,,,,,,,,,,,,,,,,,,,,,
reg,,,684.0,,,,cc2,C,5,raw,XLP,VIX,2024-26,7.689661737946348,1.18377401799527,,,,,,,,,,,,,,,,,,,,,,,
reg,,,1006.0,,,,cc2,C,5,raw,XLP,SPY,2020-23,5.517291925883742,0.5794303328278771,,,,,,,,,,,,,,,,,,,,,,,
reg,,,684.0,,,,cc2,C,5,raw,XLP,SPY,2024-26,-0.04065547054296593,-0.005503985045129064,,,,,,,,,,,,,,,,,,,,,,,
reg,,,1006.0,,,,cc2,C,5,raw,XLU,TLT,2020-23,23.748352542203058,1.5043105806065789,,,,,,,,,,,,,,,,,,,,,,,
reg,,,684.0,,,,cc2,C,5,raw,XLU,TLT,2024-26,-15.040776384891378,-1.8544541086852289,,,,,,,,,,,,,,,,,,,,,,,
reg,,,1006.0,,,,cc2,C,5,raw,XLU,UUP,2020-23,-7.784682437004852,-0.4776418391694379,,,,,,,,,,,,,,,,,,,,,,,
reg,,,684.0,,,,cc2,C,5,raw,XLU,UUP,2024-26,16.824366824567146,2.4211346546401424,,,,,,,,,,,,,,,,,,,,,,,
reg,,,1006.0,,,,cc2,C,5,raw,XLU,USO,2020-23,23.942810476846173,1.3119326406327543,,,,,,,,,,,,,,,,,,,,,,,
reg,,,684.0,,,,cc2,C,5,raw,XLU,USO,2024-26,-0.12794365695382465,-0.01800764624866034,,,,,,,,,,,,,,,,,,,,,,,
reg,,,1006.0,,,,cc2,C,5,raw,XLU,GLD,2020-23,19.345226202020196,1.3728082154326013,,,,,,,,,,,,,,,,,,,,,,,
reg,,,684.0,,,,cc2,C,5,raw,XLU,GLD,2024-26,-4.445408851672358,-0.6928660956619553,,,,,,,,,,,,,,,,,,,,,,,
reg,,,1006.0,,,,cc2,C,5,raw,XLU,HYG,2020-23,10.882486974185952,0.4978995091684995,,,,,,,,,,,,,,,,,,,,,,,
reg,,,684.0,,,,cc2,C,5,raw,XLU,HYG,2024-26,-12.58604756268651,-1.6982413754332182,,,,,,,,,,,,,,,,,,,,,,,
reg,,,748.0,,,,cc2,C,5,raw,XLU,BTC,2020-23,-0.15470735801160207,-0.022148713647499447,,,,,,,,,,,,,,,,,,,,,,,
reg,,,684.0,,,,cc2,C,5,raw,XLU,BTC,2024-26,-9.28091318939462,-1.5124363839392714,,,,,,,,,,,,,,,,,,,,,,,
reg,,,1006.0,,,,cc2,C,5,raw,XLU,VIX,2020-23,-28.308465827708073,-1.9456366662119808,,,,,,,,,,,,,,,,,,,,,,,
reg,,,684.0,,,,cc2,C,5,raw,XLU,VIX,2024-26,11.94079195459788,1.79646487169679,,,,,,,,,,,,,,,,,,,,,,,
reg,,,1006.0,,,,cc2,C,5,raw,XLU,SPY,2020-23,12.394976921718937,0.7741162846018669,,,,,,,,,,,,,,,,,,,,,,,
reg,,,684.0,,,,cc2,C,5,raw,XLU,SPY,2024-26,-9.933345039785397,-1.343249346137149,,,,,,,,,,,,,,,,,,,,,,,
reg,,,1006.0,,,,cc2,C,5,raw,XLB,TLT,2020-23,11.86976649813159,0.9974479086937957,,,,,,,,,,,,,,,,,,,,,,,
reg,,,684.0,,,,cc2,C,5,raw,XLB,TLT,2024-26,-11.572263353628095,-1.1853130824577889,,,,,,,,,,,,,,,,,,,,,,,
reg,,,1006.0,,,,cc2,C,5,raw,XLB,UUP,2020-23,15.859819905283318,1.2722974692085796,,,,,,,,,,,,,,,,,,,,,,,
reg,,,684.0,,,,cc2,C,5,raw,XLB,UUP,2024-26,-1.4727517524755553,-0.18258127732433793,,,,,,,,,,,,,,,,,,,,,,,
reg,,,1006.0,,,,cc2,C,5,raw,XLB,USO,2020-23,-1.8720493417103075,-0.10029573455496575,,,,,,,,,,,,,,,,,,,,,,,
reg,,,684.0,,,,cc2,C,5,raw,XLB,USO,2024-26,-11.040159906451253,-1.4130996372286568,,,,,,,,,,,,,,,,,,,,,,,
reg,,,1006.0,,,,cc2,C,5,raw,XLB,GLD,2020-23,4.894119694090557,0.45379021640970085,,,,,,,,,,,,,,,,,,,,,,,
reg,,,684.0,,,,cc2,C,5,raw,XLB,GLD,2024-26,-10.489551425857885,-1.283734505822515,,,,,,,,,,,,,,,,,,,,,,,
reg,,,1006.0,,,,cc2,C,5,raw,XLB,HYG,2020-23,-11.88201619930592,-0.6581322959554075,,,,,,,,,,,,,,,,,,,,,,,
reg,,,684.0,,,,cc2,C,5,raw,XLB,HYG,2024-26,-2.0792970521137244,-0.1971551855654942,,,,,,,,,,,,,,,,,,,,,,,
reg,,,748.0,,,,cc2,C,5,raw,XLB,BTC,2020-23,6.646755676131242,0.9002770980719258,,,,,,,,,,,,,,,,,,,,,,,
reg,,,684.0,,,,cc2,C,5,raw,XLB,BTC,2024-26,-10.507331738456784,-1.530886839922192,,,,,,,,,,,,,,,,,,,,,,,
reg,,,1006.0,,,,cc2,C,5,raw,XLB,VIX,2020-23,-8.453279008199281,-0.6795892882926434,,,,,,,,,,,,,,,,,,,,,,,
reg,,,684.0,,,,cc2,C,5,raw,XLB,VIX,2024-26,9.953287872696004,1.1439771236712484,,,,,,,,,,,,,,,,,,,,,,,
reg,,,1006.0,,,,cc2,C,5,raw,XLB,SPY,2020-23,-11.762504837664064,-0.7890700022073931,,,,,,,,,,,,,,,,,,,,,,,
reg,,,684.0,,,,cc2,C,5,raw,XLB,SPY,2024-26,-11.735160129554023,-1.1928633555582093,,,,,,,,,,,,,,,,,,,,,,,
reg,,,1006.0,,,,cc2,C,5,raw,XLRE,TLT,2020-23,30.214000878551623,2.1101117948961696,,,,,,,,,,,,,,,,,,,,,,,
reg,,,684.0,,,,cc2,C,5,raw,XLRE,TLT,2024-26,-9.374769494491542,-1.0561132839583818,,,,,,,,,,,,,,,,,,,,,,,
reg,,,1006.0,,,,cc2,C,5,raw,XLRE,UUP,2020-23,-2.6738789781508263,-0.1673078776771626,,,,,,,,,,,,,,,,,,,,,,,
reg,,,684.0,,,,cc2,C,5,raw,XLRE,UUP,2024-26,8.793043751824985,1.1680585591643335,,,,,,,,,,,,,,,,,,,,,,,
reg,,,1006.0,,,,cc2,C,5,raw,XLRE,USO,2020-23,19.230412657362507,1.0158544957803473,,,,,,,,,,,,,,,,,,,,,,,
reg,,,684.0,,,,cc2,C,5,raw,XLRE,USO,2024-26,1.9540236554027774,0.27585342855307077,,,,,,,,,,,,,,,,,,,,,,,
reg,,,1006.0,,,,cc2,C,5,raw,XLRE,GLD,2020-23,23.82773438112805,1.5228302036282146,,,,,,,,,,,,,,,,,,,,,,,
reg,,,684.0,,,,cc2,C,5,raw,XLRE,GLD,2024-26,2.0000886563532085,0.2906450472643291,,,,,,,,,,,,,,,,,,,,,,,
reg,,,1006.0,,,,cc2,C,5,raw,XLRE,HYG,2020-23,2.8806602489114197,0.12413313693953845,,,,,,,,,,,,,,,,,,,,,,,
reg,,,684.0,,,,cc2,C,5,raw,XLRE,HYG,2024-26,-5.833376152733578,-0.7370211389583448,,,,,,,,,,,,,,,,,,,,,,,
reg,,,748.0,,,,cc2,C,5,raw,XLRE,BTC,2020-23,-5.23156384947563,-0.6680885868429434,,,,,,,,,,,,,,,,,,,,,,,
reg,,,684.0,,,,cc2,C,5,raw,XLRE,BTC,2024-26,-19.46423664971985,-3.0854979021961055,,,,,,,,,,,,,,,,,,,,,,,
reg,,,1006.0,,,,cc2,C,5,raw,XLRE,VIX,2020-23,-31.051198750846456,-1.9212382072724892,,,,,,,,,,,,,,,,,,,,,,,
reg,,,684.0,,,,cc2,C,5,raw,XLRE,VIX,2024-26,10.397135930231741,1.4704009487744227,,,,,,,,,,,,,,,,,,,,,,,
reg,,,1006.0,,,,cc2,C,5,raw,XLRE,SPY,2020-23,5.472949720363485,0.29068503713345234,,,,,,,,,,,,,,,,,,,,,,,
reg,,,684.0,,,,cc2,C,5,raw,XLRE,SPY,2024-26,-4.461911316614932,-0.5384361864589939,,,,,,,,,,,,,,,,,,,,,,,
reg,,,1006.0,,,,cc2,C,5,raw,XLC,TLT,2020-23,14.192686745380225,1.4818291827833006,,,,,,,,,,,,,,,,,,,,,,,
reg,,,684.0,,,,cc2,C,5,raw,XLC,TLT,2024-26,-0.7880828476690632,-0.09352127834204811,,,,,,,,,,,,,,,,,,,,,,,
reg,,,1006.0,,,,cc2,C,5,raw,XLC,UUP,2020-23,1.9448630845088652,0.21128046087151017,,,,,,,,,,,,,,,,,,,,,,,
reg,,,684.0,,,,cc2,C,5,raw,XLC,UUP,2024-26,1.3771690199645563,0.17054145199869625,,,,,,,,,,,,,,,,,,,,,,,
reg,,,1006.0,,,,cc2,C,5,raw,XLC,USO,2020-23,-4.354519388034094,-0.3280632977132449,,,,,,,,,,,,,,,,,,,,,,,
reg,,,684.0,,,,cc2,C,5,raw,XLC,USO,2024-26,-3.158434246759947,-0.38648688960233396,,,,,,,,,,,,,,,,,,,,,,,
reg,,,1006.0,,,,cc2,C,5,raw,XLC,GLD,2020-23,4.786770615044308,0.5162907127297701,,,,,,,,,,,,,,,,,,,,,,,
reg,,,684.0,,,,cc2,C,5,raw,XLC,GLD,2024-26,6.264974490088305,0.8312325204818684,,,,,,,,,,,,,,,,,,,,,,,
reg,,,1006.0,,,,cc2,C,5,raw,XLC,HYG,2020-23,-2.0292745487731345,-0.15954405584237635,,,,,,,,,,,,,,,,,,,,,,,
reg,,,684.0,,,,cc2,C,5,raw,XLC,HYG,2024-26,-4.5423062503181475,-0.44037755152913033,,,,,,,,,,,,,,,,,,,,,,,
reg,,,748.0,,,,cc2,C,5,raw,XLC,BTC,2020-23,-10.931482051492628,-1.2471278556966194,,,,,,,,,,,,,,,,,,,,,,,
reg,,,684.0,,,,cc2,C,5,raw,XLC,BTC,2024-26,-7.461660040874746,-1.2084590983580303,,,,,,,,,,,,,,,,,,,,,,,
reg,,,1006.0,,,,cc2,C,5,raw,XLC,VIX,2020-23,-5.447126827109506,-0.4879292427218504,,,,,,,,,,,,,,,,,,,,,,,
reg,,,684.0,,,,cc2,C,5,raw,XLC,VIX,2024-26,2.2036649350689625,0.25821514833497083,,,,,,,,,,,,,,,,,,,,,,,
reg,,,1006.0,,,,cc2,C,5,raw,XLC,SPY,2020-23,-9.80796801133313,-0.8232792646313142,,,,,,,,,,,,,,,,,,,,,,,
reg,,,684.0,,,,cc2,C,5,raw,XLC,SPY,2024-26,-10.244920539921514,-1.0601999906691502,,,,,,,,,,,,,,,,,,,,,,,
reg,,,1006.0,,,,cc2,C,5,raw,SMH,TLT,2020-23,18.757948676232356,1.5074079250416197,,,,,,,,,,,,,,,,,,,,,,,
reg,,,684.0,,,,cc2,C,5,raw,SMH,TLT,2024-26,-2.881999204319959,-0.1836512057572417,,,,,,,,,,,,,,,,,,,,,,,
reg,,,1006.0,,,,cc2,C,5,raw,SMH,UUP,2020-23,11.562150742730369,0.8390687762806479,,,,,,,,,,,,,,,,,,,,,,,
reg,,,684.0,,,,cc2,C,5,raw,SMH,UUP,2024-26,10.989288845484522,0.7111860704445533,,,,,,,,,,,,,,,,,,,,,,,
reg,,,1006.0,,,,cc2,C,5,raw,SMH,USO,2020-23,-13.735306537011052,-0.723973245618869,,,,,,,,,,,,,,,,,,,,,,,
reg,,,684.0,,,,cc2,C,5,raw,SMH,USO,2024-26,-4.348079868349545,-0.26860956985624096,,,,,,,,,,,,,,,,,,,,,,,
reg,,,1006.0,,,,cc2,C,5,raw,SMH,GLD,2020-23,-1.5451124599423862,-0.1200758516327298,,,,,,,,,,,,,,,,,,,,,,,
reg,,,684.0,,,,cc2,C,5,raw,SMH,GLD,2024-26,-20.35970587477352,-1.282107537936605,,,,,,,,,,,,,,,,,,,,,,,
reg,,,1006.0,,,,cc2,C,5,raw,SMH,HYG,2020-23,-9.458095094094027,-0.42586751909072035,,,,,,,,,,,,,,,,,,,,,,,
reg,,,684.0,,,,cc2,C,5,raw,SMH,HYG,2024-26,-8.264203807425654,-0.38718543744015455,,,,,,,,,,,,,,,,,,,,,,,
reg,,,748.0,,,,cc2,C,5,raw,SMH,BTC,2020-23,-9.989380160019628,-0.7650819259211776,,,,,,,,,,,,,,,,,,,,,,,
reg,,,684.0,,,,cc2,C,5,raw,SMH,BTC,2024-26,-12.689583023267527,-0.8159209772906713,,,,,,,,,,,,,,,,,,,,,,,
reg,,,1006.0,,,,cc2,C,5,raw,SMH,VIX,2020-23,-9.565080116288486,-0.6932463429452518,,,,,,,,,,,,,,,,,,,,,,,
reg,,,684.0,,,,cc2,C,5,raw,SMH,VIX,2024-26,9.712723415693699,0.5546694172277741,,,,,,,,,,,,,,,,,,,,,,,
reg,,,1006.0,,,,cc2,C,5,raw,SMH,SPY,2020-23,-16.766091056369447,-0.9235878872271339,,,,,,,,,,,,,,,,,,,,,,,
reg,,,684.0,,,,cc2,C,5,raw,SMH,SPY,2024-26,-35.79442850855796,-1.9712622792141037,,,,,,,,,,,,,,,,,,,,,,,
reg,,,1006.0,,,,cc2,C,5,raw,XBI,TLT,2020-23,3.258357948053414,0.21918132902695406,,,,,,,,,,,,,,,,,,,,,,,
reg,,,684.0,,,,cc2,C,5,raw,XBI,TLT,2024-26,-9.217076359206386,-0.7560525136429541,,,,,,,,,,,,,,,,,,,,,,,
reg,,,1006.0,,,,cc2,C,5,raw,XBI,UUP,2020-23,18.64023901503351,1.537560924498914,,,,,,,,,,,,,,,,,,,,,,,
reg,,,684.0,,,,cc2,C,5,raw,XBI,UUP,2024-26,0.7064163113581622,0.05973538633420283,,,,,,,,,,,,,,,,,,,,,,,
reg,,,1006.0,,,,cc2,C,5,raw,XBI,USO,2020-23,-11.679706602687002,-0.5454936565482196,,,,,,,,,,,,,,,,,,,,,,,
reg,,,684.0,,,,cc2,C,5,raw,XBI,USO,2024-26,-7.054942569756032,-0.5982169558934188,,,,,,,,,,,,,,,,,,,,,,,
reg,,,1006.0,,,,cc2,C,5,raw,XBI,GLD,2020-23,-4.7384604150164735,-0.3470557569769453,,,,,,,,,,,,,,,,,,,,,,,
reg,,,684.0,,,,cc2,C,5,raw,XBI,GLD,2024-26,-9.509696768273887,-0.9262225320025496,,,,,,,,,,,,,,,,,,,,,,,
reg,,,1006.0,,,,cc2,C,5,raw,XBI,HYG,2020-23,-10.496757528433996,-0.5026132810701326,,,,,,,,,,,,,,,,,,,,,,,
reg,,,684.0,,,,cc2,C,5,raw,XBI,HYG,2024-26,-5.110406730708283,-0.4512633808152172,,,,,,,,,,,,,,,,,,,,,,,
reg,,,748.0,,,,cc2,C,5,raw,XBI,BTC,2020-23,-30.25814489312125,-1.989317517336889,,,,,,,,,,,,,,,,,,,,,,,
reg,,,684.0,,,,cc2,C,5,raw,XBI,BTC,2024-26,-31.20098443634023,-2.6635970990556914,,,,,,,,,,,,,,,,,,,,,,,
reg,,,1006.0,,,,cc2,C,5,raw,XBI,VIX,2020-23,-4.855061183453555,-0.30874501872657306,,,,,,,,,,,,,,,,,,,,,,,
reg,,,684.0,,,,cc2,C,5,raw,XBI,VIX,2024-26,6.704332873247906,0.5739330469447399,,,,,,,,,,,,,,,,,,,,,,,
reg,,,1006.0,,,,cc2,C,5,raw,XBI,SPY,2020-23,-15.700803811980883,-0.8180668823198721,,,,,,,,,,,,,,,,,,,,,,,
reg,,,684.0,,,,cc2,C,5,raw,XBI,SPY,2024-26,-13.55520127602137,-1.1675949025109704,,,,,,,,,,,,,,,,,,,,,,,
reg,,,1006.0,,,,cc2,C,5,raw,KRE,TLT,2020-23,10.207661947007377,0.5857565818551679,,,,,,,,,,,,,,,,,,,,,,,
reg,,,684.0,,,,cc2,C,5,raw,KRE,TLT,2024-26,-26.34678484891583,-2.070110207776515,,,,,,,,,,,,,,,,,,,,,,,
reg,,,1006.0,,,,cc2,C,5,raw,KRE,UUP,2020-23,13.477790008498415,0.698937092855548,,,,,,,,,,,,,,,,,,,,,,,
reg,,,684.0,,,,cc2,C,5,raw,KRE,UUP,2024-26,6.94581567038762,0.6229566184056646,,,,,,,,,,,,,,,,,,,,,,,
reg,,,1006.0,,,,cc2,C,5,raw,KRE,USO,2020-23,6.509349483880218,0.2482560885149549,,,,,,,,,,,,,,,,,,,,,,,
reg,,,684.0,,,,cc2,C,5,raw,KRE,USO,2024-26,10.133466460393521,0.9657697266597272,,,,,,,,,,,,,,,,,,,,,,,
reg,,,1006.0,,,,cc2,C,5,raw,KRE,GLD,2020-23,18.870078318331945,1.1480515957578177,,,,,,,,,,,,,,,,,,,,,,,
reg,,,684.0,,,,cc2,C,5,raw,KRE,GLD,2024-26,-12.736462973886454,-1.3266049651028617,,,,,,,,,,,,,,,,,,,,,,,
reg,,,1006.0,,,,cc2,C,5,raw,KRE,HYG,2020-23,-17.53171154844328,-0.7512458001050906,,,,,,,,,,,,,,,,,,,,,,,
reg,,,684.0,,,,cc2,C,5,raw,KRE,HYG,2024-26,-11.645430541783254,-1.1581502452602486,,,,,,,,,,,,,,,,,,,,,,,
reg,,,748.0,,,,cc2,C,5,raw,KRE,BTC,2020-23,4.258894054996157,0.37709824665075703,,,,,,,,,,,,,,,,,,,,,,,
reg,,,684.0,,,,cc2,C,5,raw,KRE,BTC,2024-26,-34.9320941645512,-3.177861169464247,,,,,,,,,,,,,,,,,,,,,,,
reg,,,1006.0,,,,cc2,C,5,raw,KRE,VIX,2020-23,-16.067190170774417,-1.005924787466322,,,,,,,,,,,,,,,,,,,,,,,
reg,,,684.0,,,,cc2,C,5,raw,KRE,VIX,2024-26,-8.492421700756914,-0.7924061618583585,,,,,,,,,,,,,,,,,,,,,,,
reg,,,1006.0,,,,cc2,C,5,raw,KRE,SPY,2020-23,-13.75922032168758,-0.7507436747149555,,,,,,,,,,,,,,,,,,,,,,,
reg,,,684.0,,,,cc2,C,5,raw,KRE,SPY,2024-26,-10.826621985215578,-0.9868490725965818,,,,,,,,,,,,,,,,,,,,,,,
reg,,,1006.0,,,,cc2,C,5,excess,XLK,TLT,2020-23,5.88544193073473,1.4938845728543113,,,,,,,,,,,,,,,,,,,,,,,
reg,,,684.0,,,,cc2,C,5,excess,XLK,TLT,2024-26,4.343127802092058,0.7895114429453837,,,,,,,,,,,,,,,,,,,,,,,
reg,,,1006.0,,,,cc2,C,5,excess,XLK,UUP,2020-23,-1.6520497780692325,-0.4314307557065795,,,,,,,,,,,,,,,,,,,,,,,
reg,,,684.0,,,,cc2,C,5,excess,XLK,UUP,2024-26,0.09678965137083939,0.017501410812558685,,,,,,,,,,,,,,,,,,,,,,,
reg,,,1006.0,,,,cc2,C,5,excess,XLK,USO,2020-23,-9.60973932655212,-2.571004033392848,,,,,,,,,,,,,,,,,,,,,,,
reg,,,684.0,,,,cc2,C,5,excess,XLK,USO,2024-26,-5.320252540112364,-0.7773800919711971,,,,,,,,,,,,,,,,,,,,,,,
reg,,,1006.0,,,,cc2,C,5,excess,XLK,GLD,2020-23,-3.484733043352918,-0.8188872749432179,,,,,,,,,,,,,,,,,,,,,,,
reg,,,684.0,,,,cc2,C,5,excess,XLK,GLD,2024-26,-3.182490182258224,-0.5340369137743846,,,,,,,,,,,,,,,,,,,,,,,
reg,,,1006.0,,,,cc2,C,5,excess,XLK,HYG,2020-23,-3.446889989019608,-0.8463304716808825,,,,,,,,,,,,,,,,,,,,,,,
reg,,,684.0,,,,cc2,C,5,excess,XLK,HYG,2024-26,2.8532448467093365,0.43168815701820323,,,,,,,,,,,,,,,,,,,,,,,
reg,,,748.0,,,,cc2,C,5,excess,XLK,BTC,2020-23,-3.6261255846606244,-0.999322863532522,,,,,,,,,,,,,,,,,,,,,,,
reg,,,684.0,,,,cc2,C,5,excess,XLK,BTC,2024-26,2.82401597598563,0.4363799588311607,,,,,,,,,,,,,,,,,,,,,,,
reg,,,1006.0,,,,cc2,C,5,excess,XLK,VIX,2020-23,4.519474902881537,1.3227492397567382,,,,,,,,,,,,,,,,,,,,,,,
reg,,,684.0,,,,cc2,C,5,excess,XLK,VIX,2024-26,-1.020431649760299,-0.17868199490817582,,,,,,,,,,,,,,,,,,,,,,,
reg,,,1006.0,,,,cc2,C,5,excess,XLK,SPY,2020-23,-8.281941199441816,-2.3126837673837137,,,,,,,,,,,,,,,,,,,,,,,
reg,,,684.0,,,,cc2,C,5,excess,XLK,SPY,2024-26,-4.875341298777408,-0.8141519701218923,,,,,,,,,,,,,,,,,,,,,,,
reg,,,1006.0,,,,cc2,C,5,excess,XLF,TLT,2020-23,-3.8291278212757236,-0.7120288021649224,,,,,,,,,,,,,,,,,,,,,,,
reg,,,684.0,,,,cc2,C,5,excess,XLF,TLT,2024-26,-9.271608253760405,-1.919651050620567,,,,,,,,,,,,,,,,,,,,,,,
reg,,,1006.0,,,,cc2,C,5,excess,XLF,UUP,2020-23,4.207424842913714,0.6493686961774662,,,,,,,,,,,,,,,,,,,,,,,
reg,,,684.0,,,,cc2,C,5,excess,XLF,UUP,2024-26,0.011258790682368909,0.002408694449485654,,,,,,,,,,,,,,,,,,,,,,,
reg,,,1006.0,,,,cc2,C,5,excess,XLF,USO,2020-23,6.783424720341121,0.9529681810069065,,,,,,,,,,,,,,,,,,,,,,,
reg,,,684.0,,,,cc2,C,5,excess,XLF,USO,2024-26,3.811919511832366,0.7297453255656623,,,,,,,,,,,,,,,,,,,,,,,
reg,,,1006.0,,,,cc2,C,5,excess,XLF,GLD,2020-23,3.8672319085518563,0.6120205124360123,,,,,,,,,,,,,,,,,,,,,,,
reg,,,684.0,,,,cc2,C,5,excess,XLF,GLD,2024-26,-1.4292008012793633,-0.3171510809853278,,,,,,,,,,,,,,,,,,,,,,,
reg,,,1006.0,,,,cc2,C,5,excess,XLF,HYG,2020-23,-11.969584569953014,-1.4455894342296927,,,,,,,,,,,,,,,,,,,,,,,
reg,,,684.0,,,,cc2,C,5,excess,XLF,HYG,2024-26,-5.611966749456988,-1.1671451839850442,,,,,,,,,,,,,,,,,,,,,,,
reg,,,748.0,,,,cc2,C,5,excess,XLF,BTC,2020-23,4.744744842389598,0.9933725297120527,,,,,,,,,,,,,,,,,,,,,,,
reg,,,684.0,,,,cc2,C,5,excess,XLF,BTC,2024-26,-4.132613158495368,-0.7464397058160142,,,,,,,,,,,,,,,,,,,,,,,
reg,,,1006.0,,,,cc2,C,5,excess,XLF,VIX,2020-23,-5.208137827153864,-0.9251897666175851,,,,,,,,,,,,,,,,,,,,,,,
reg,,,684.0,,,,cc2,C,5,excess,XLF,VIX,2024-26,-1.9323528588837167,-0.4536400215965884,,,,,,,,,,,,,,,,,,,,,,,
reg,,,1006.0,,,,cc2,C,5,excess,XLF,SPY,2020-23,-4.125850877006236,-0.587381754550554,,,,,,,,,,,,,,,,,,,,,,,
reg,,,684.0,,,,cc2,C,5,excess,XLF,SPY,2024-26,1.8874179947101124,0.4098197839791247,,,,,,,,,,,,,,,,,,,,,,,
reg,,,1006.0,,,,cc2,C,5,excess,XLE,TLT,2020-23,-15.25222390728867,-1.0440742901662845,,,,,,,,,,,,,,,,,,,,,,,
reg,,,684.0,,,,cc2,C,5,excess,XLE,TLT,2024-26,-7.994897793788397,-0.859250701053669,,,,,,,,,,,,,,,,,,,,,,,
reg,,,1006.0,,,,cc2,C,5,excess,XLE,UUP,2020-23,23.41433240562427,1.4591863528054725,,,,,,,,,,,,,,,,,,,,,,,
reg,,,684.0,,,,cc2,C,5,excess,XLE,UUP,2024-26,-12.236766672598362,-1.104826129731029,,,,,,,,,,,,,,,,,,,,,,,
reg,,,1006.0,,,,cc2,C,5,excess,XLE,USO,2020-23,-2.4083789565630327,-0.15174582991714047,,,,,,,,,,,,,,,,,,,,,,,
reg,,,684.0,,,,cc2,C,5,excess,XLE,USO,2024-26,5.328059582273229,0.45949855016573,,,,,,,,,,,,,,,,,,,,,,,
reg,,,1006.0,,,,cc2,C,5,excess,XLE,GLD,2020-23,-11.89697830360911,-0.7227851857037799,,,,,,,,,,,,,,,,,,,,,,,
reg,,,684.0,,,,cc2,C,5,excess,XLE,GLD,2024-26,5.9687012293574755,0.48529975333722736,,,,,,,,,,,,,,,,,,,,,,,
reg,,,1006.0,,,,cc2,C,5,excess,XLE,HYG,2020-23,0.6858145698189537,0.03517556096230945,,,,,,,,,,,,,,,,,,,,,,,
reg,,,684.0,,,,cc2,C,5,excess,XLE,HYG,2024-26,2.4206568812790032,0.18509487657828336,,,,,,,,,,,,,,,,,,,,,,,
reg,,,748.0,,,,cc2,C,5,excess,XLE,BTC,2020-23,8.64126160402173,0.6023969743152224,,,,,,,,,,,,,,,,,,,,,,,
reg,,,684.0,,,,cc2,C,5,excess,XLE,BTC,2024-26,1.3100025047557549,0.14288110630480322,,,,,,,,,,,,,,,,,,,,,,,
reg,,,1006.0,,,,cc2,C,5,excess,XLE,VIX,2020-23,-11.781527651418724,-0.8912348933588164,,,,,,,,,,,,,,,,,,,,,,,
reg,,,684.0,,,,cc2,C,5,excess,XLE,VIX,2024-26,-15.210373774967213,-1.401345981089828,,,,,,,,,,,,,,,,,,,,,,,
reg,,,1006.0,,,,cc2,C,5,excess,XLE,SPY,2020-23,7.592907692933064,0.4519007112052801,,,,,,,,,,,,,,,,,,,,,,,
reg,,,684.0,,,,cc2,C,5,excess,XLE,SPY,2024-26,17.93773164433759,1.4476513098323025,,,,,,,,,,,,,,,,,,,,,,,
reg,,,1006.0,,,,cc2,C,5,excess,XLV,TLT,2020-23,1.5672201616515213,0.3421812601085373,,,,,,,,,,,,,,,,,,,,,,,
reg,,,684.0,,,,cc2,C,5,excess,XLV,TLT,2024-26,3.8501244774833134,0.6467184030210615,,,,,,,,,,,,,,,,,,,,,,,
reg,,,1006.0,,,,cc2,C,5,excess,XLV,UUP,2020-23,-8.091040453354694,-1.529513291144449,,,,,,,,,,,,,,,,,,,,,,,
reg,,,684.0,,,,cc2,C,5,excess,XLV,UUP,2024-26,4.152415854609995,0.5711280234577727,,,,,,,,,,,,,,,,,,,,,,,
reg,,,1006.0,,,,cc2,C,5,excess,XLV,USO,2020-23,1.691933976528704,0.2717391660945459,,,,,,,,,,,,,,,,,,,,,,,
reg,,,684.0,,,,cc2,C,5,excess,XLV,USO,2024-26,1.0257280403383968,0.1283924300339512,,,,,,,,,,,,,,,,,,,,,,,
reg,,,1006.0,,,,cc2,C,5,excess,XLV,GLD,2020-23,2.259115052813962,0.4750098842839009,,,,,,,,,,,,,,,,,,,,,,,
reg,,,684.0,,,,cc2,C,5,excess,XLV,GLD,2024-26,-1.2018928671375353,-0.16866401373122092,,,,,,,,,,,,,,,,,,,,,,,
reg,,,1006.0,,,,cc2,C,5,excess,XLV,HYG,2020-23,8.888442340156075,1.3285868791594073,,,,,,,,,,,,,,,,,,,,,,,
reg,,,684.0,,,,cc2,C,5,excess,XLV,HYG,2024-26,1.8740173689483721,0.20340677729791004,,,,,,,,,,,,,,,,,,,,,,,
reg,,,748.0,,,,cc2,C,5,excess,XLV,BTC,2020-23,-0.6778479506907081,-0.13821843386960492,,,,,,,,,,,,,,,,,,,,,,,
reg,,,684.0,,,,cc2,C,5,excess,XLV,BTC,2024-26,-12.096902942238247,-1.7319673674701206,,,,,,,,,,,,,,,,,,,,,,,
reg,,,1006.0,,,,cc2,C,5,excess,XLV,VIX,2020-23,-0.30053250292365935,-0.064432982030792,,,,,,,,,,,,,,,,,,,,,,,
reg,,,684.0,,,,cc2,C,5,excess,XLV,VIX,2024-26,6.228233799768744,0.7856241189730866,,,,,,,,,,,,,,,,,,,,,,,
reg,,,1006.0,,,,cc2,C,5,excess,XLV,SPY,2020-23,4.658956411472318,0.8413658206538759,,,,,,,,,,,,,,,,,,,,,,,
reg,,,684.0,,,,cc2,C,5,excess,XLV,SPY,2024-26,5.5952067342948775,0.6238618027860626,,,,,,,,,,,,,,,,,,,,,,,
reg,,,1006.0,,,,cc2,C,5,excess,XLI,TLT,2020-23,-0.7499014307042537,-0.16415583188414357,,,,,,,,,,,,,,,,,,,,,,,
reg,,,684.0,,,,cc2,C,5,excess,XLI,TLT,2024-26,1.2319904728783098,0.331589336770384,,,,,,,,,,,,,,,,,,,,,,,
reg,,,1006.0,,,,cc2,C,5,excess,XLI,UUP,2020-23,5.888176280114959,0.955755088248392,,,,,,,,,,,,,,,,,,,,,,,
reg,,,684.0,,,,cc2,C,5,excess,XLI,UUP,2024-26,-0.8327328539328211,-0.1988404350704049,,,,,,,,,,,,,,,,,,,,,,,
reg,,,1006.0,,,,cc2,C,5,excess,XLI,USO,2020-23,3.098320827674347,0.48849209055132276,,,,,,,,,,,,,,,,,,,,,,,
reg,,,684.0,,,,cc2,C,5,excess,XLI,USO,2024-26,1.0416013963455082,0.21800980683763935,,,,,,,,,,,,,,,,,,,,,,,
reg,,,1006.0,,,,cc2,C,5,excess,XLI,GLD,2020-23,6.513442022966189,1.1622176705787044,,,,,,,,,,,,,,,,,,,,,,,
reg,,,684.0,,,,cc2,C,5,excess,XLI,GLD,2024-26,-0.9891458504600988,-0.24512809621338866,,,,,,,,,,,,,,,,,,,,,,,
reg,,,1006.0,,,,cc2,C,5,excess,XLI,HYG,2020-23,-3.4431550092132155,-0.39902892973056076,,,,,,,,,,,,,,,,,,,,,,,
reg,,,684.0,,,,cc2,C,5,excess,XLI,HYG,2024-26,0.7430888112052904,0.22333749823110066,,,,,,,,,,,,,,,,,,,,,,,
reg,,,748.0,,,,cc2,C,5,excess,XLI,BTC,2020-23,7.675716352056873,2.130920823077345,,,,,,,,,,,,,,,,,,,,,,,
reg,,,684.0,,,,cc2,C,5,excess,XLI,BTC,2024-26,-6.023218516837845,-1.5043854253655604,,,,,,,,,,,,,,,,,,,,,,,
reg,,,1006.0,,,,cc2,C,5,excess,XLI,VIX,2020-23,-3.426546416509552,-0.744487864984973,,,,,,,,,,,,,,,,,,,,,,,
reg,,,684.0,,,,cc2,C,5,excess,XLI,VIX,2024-26,2.0838982848970704,0.5688186109408515,,,,,,,,,,,,,,,,,,,,,,,
reg,,,1006.0,,,,cc2,C,5,excess,XLI,SPY,2020-23,1.4746770361637134,0.22618434747361194,,,,,,,,,,,,,,,,,,,,,,,
reg,,,684.0,,,,cc2,C,5,excess,XLI,SPY,2024-26,-1.4233594969390733,-0.37928882357293303,,,,,,,,,,,,,,,,,,,,,,,
reg,,,1006.0,,,,cc2,C,5,excess,XLY,TLT,2020-23,-2.913816856734124,-0.582542218346223,,,,,,,,,,,,,,,,,,,,,,,
reg,,,684.0,,,,cc2,C,5,excess,XLY,TLT,2024-26,-7.267968752833317,-1.5366193617014907,,,,,,,,,,,,,,,,,,,,,,,
reg,,,1006.0,,,,cc2,C,5,excess,XLY,UUP,2020-23,9.17247025622919,1.525894294172809,,,,,,,,,,,,,,,,,,,,,,,
reg,,,684.0,,,,cc2,C,5,excess,XLY,UUP,2024-26,3.5469163173486695,0.8191461256699071,,,,,,,,,,,,,,,,,,,,,,,
reg,,,1006.0,,,,cc2,C,5,excess,XLY,USO,2020-23,-1.1731241896447704,-0.156622755767855,,,,,,,,,,,,,,,,,,,,,,,
reg,,,684.0,,,,cc2,C,5,excess,XLY,USO,2024-26,-0.2233766021123193,-0.04981879173225949,,,,,,,,,,,,,,,,,,,,,,,
reg,,,1006.0,,,,cc2,C,5,excess,XLY,GLD,2020-23,0.8975864976999641,0.14971735782236978,,,,,,,,,,,,,,,,,,,,,,,
reg,,,684.0,,,,cc2,C,5,excess,XLY,GLD,2024-26,-0.30321247510281385,-0.062048320180425845,,,,,,,,,,,,,,,,,,,,,,,
reg,,,1006.0,,,,cc2,C,5,excess,XLY,HYG,2020-23,-4.682669896004977,-0.5133491583365295,,,,,,,,,,,,,,,,,,,,,,,
reg,,,684.0,,,,cc2,C,5,excess,XLY,HYG,2024-26,3.322717350208537,0.8376446483221086,,,,,,,,,,,,,,,,,,,,,,,
reg,,,748.0,,,,cc2,C,5,excess,XLY,BTC,2020-23,-1.956664091746519,-0.4373811946846764,,,,,,,,,,,,,,,,,,,,,,,
reg,,,684.0,,,,cc2,C,5,excess,XLY,BTC,2024-26,0.47141886018245316,0.09581030441409817,,,,,,,,,,,,,,,,,,,,,,,
reg,,,1006.0,,,,cc2,C,5,excess,XLY,VIX,2020-23,-0.1191944462860482,-0.021824274223286314,,,,,,,,,,,,,,,,,,,,,,,
reg,,,684.0,,,,cc2,C,5,excess,XLY,VIX,2024-26,-4.996164222317414,-1.2637422020697935,,,,,,,,,,,,,,,,,,,,,,,
reg,,,1006.0,,,,cc2,C,5,excess,XLY,SPY,2020-23,2.5374513442241566,0.33466203684617535,,,,,,,,,,,,,,,,,,,,,,,
reg,,,684.0,,,,cc2,C,5,excess,XLY,SPY,2024-26,-0.31931581462024716,-0.08169613454797639,,,,,,,,,,,,,,,,,,,,,,,
reg,,,1006.0,,,,cc2,C,5,excess,XLP,TLT,2020-23,-6.896813922604175,-1.095821277566194,,,,,,,,,,,,,,,,,,,,,,,
reg,,,684.0,,,,cc2,C,5,excess,XLP,TLT,2024-26,-1.8809592624935287,-0.2699463020389367,,,,,,,,,,,,,,,,,,,,,,,
reg,,,1006.0,,,,cc2,C,5,excess,XLP,UUP,2020-23,-15.224831785703014,-1.9146050836911905,,,,,,,,,,,,,,,,,,,,,,,
reg,,,684.0,,,,cc2,C,5,excess,XLP,UUP,2024-26,1.0568681179150865,0.13138086645729377,,,,,,,,,,,,,,,,,,,,,,,
reg,,,1006.0,,,,cc2,C,5,excess,XLP,USO,2020-23,7.328082501466837,0.7558077664997063,,,,,,,,,,,,,,,,,,,,,,,
reg,,,684.0,,,,cc2,C,5,excess,XLP,USO,2024-26,3.749281471332148,0.4839303867098518,,,,,,,,,,,,,,,,,,,,,,,
reg,,,1006.0,,,,cc2,C,5,excess,XLP,GLD,2020-23,-0.05350476670738008,-0.006594702980471293,,,,,,,,,,,,,,,,,,,,,,,
reg,,,684.0,,,,cc2,C,5,excess,XLP,GLD,2024-26,9.319716363256235,1.134495871731128,,,,,,,,,,,,,,,,,,,,,,,
reg,,,1006.0,,,,cc2,C,5,excess,XLP,HYG,2020-23,14.965163583805726,1.2873695394189704,,,,,,,,,,,,,,,,,,,,,,,
reg,,,684.0,,,,cc2,C,5,excess,XLP,HYG,2024-26,-0.0985861520006392,-0.011429729852024591,,,,,,,,,,,,,,,,,,,,,,,
reg,,,748.0,,,,cc2,C,5,excess,XLP,BTC,2020-23,3.8454982922532563,0.7530575918748303,,,,,,,,,,,,,,,,,,,,,,,
reg,,,684.0,,,,cc2,C,5,excess,XLP,BTC,2024-26,-1.5398612055350642,-0.19862923946533537,,,,,,,,,,,,,,,,,,,,,,,
reg,,,1006.0,,,,cc2,C,5,excess,XLP,VIX,2020-23,-3.2764307999295834,-0.42826643323008534,,,,,,,,,,,,,,,,,,,,,,,
reg,,,684.0,,,,cc2,C,5,excess,XLP,VIX,2024-26,1.3820040534235492,0.1749045544309786,,,,,,,,,,,,,,,,,,,,,,,
reg,,,1006.0,,,,cc2,C,5,excess,XLP,SPY,2020-23,10.540695750734345,1.034428735256805,,,,,,,,,,,,,,,,,,,,,,,
reg,,,684.0,,,,cc2,C,5,excess,XLP,SPY,2024-26,13.196599428498303,1.7128304495173905,,,,,,,,,,,,,,,,,,,,,,,
reg,,,1006.0,,,,cc2,C,5,excess,XLU,TLT,2020-23,7.211194690928966,0.752567208857546,,,,,,,,,,,,,,,,,,,,,,,
reg,,,684.0,,,,cc2,C,5,excess,XLU,TLT,2024-26,-9.92551775269984,-1.2034307393257557,,,,,,,,,,,,,,,,,,,,,,,
reg,,,1006.0,,,,cc2,C,5,excess,XLU,UUP,2020-23,-9.815739552678922,-0.9897395936662058,,,,,,,,,,,,,,,,,,,,,,,
reg,,,684.0,,,,cc2,C,5,excess,XLU,UUP,2024-26,13.400659243279728,1.3282118312239295,,,,,,,,,,,,,,,,,,,,,,,
reg,,,1006.0,,,,cc2,C,5,excess,XLU,USO,2020-23,25.043083908624837,2.9508104436003393,,,,,,,,,,,,,,,,,,,,,,,
reg,,,684.0,,,,cc2,C,5,excess,XLU,USO,2024-26,5.21474809177448,0.6345313011078955,,,,,,,,,,,,,,,,,,,,,,,
reg,,,1006.0,,,,cc2,C,5,excess,XLU,GLD,2020-23,11.070112266255505,1.1443976094317687,,,,,,,,,,,,,,,,,,,,,,,
reg,,,684.0,,,,cc2,C,5,excess,XLU,GLD,2024-26,1.8328915175378964,0.2238567172399022,,,,,,,,,,,,,,,,,,,,,,,
reg,,,1006.0,,,,cc2,C,5,excess,XLU,HYG,2020-23,10.662540743030982,0.9599852439940851,,,,,,,,,,,,,,,,,,,,,,,
reg,,,684.0,,,,cc2,C,5,excess,XLU,HYG,2024-26,-8.02665259109859,-0.8395222315575923,,,,,,,,,,,,,,,,,,,,,,,
reg,,,748.0,,,,cc2,C,5,excess,XLU,BTC,2020-23,6.04211735183806,0.8828664959354788,,,,,,,,,,,,,,,,,,,,,,,
reg,,,684.0,,,,cc2,C,5,excess,XLU,BTC,2024-26,-1.7912923737972992,-0.235252223090619,,,,,,,,,,,,,,,,,,,,,,,
reg,,,1006.0,,,,cc2,C,5,excess,XLU,VIX,2020-23,-15.310113568019386,-1.7515350771073466,,,,,,,,,,,,,,,,,,,,,,,
reg,,,684.0,,,,cc2,C,5,excess,XLU,VIX,2024-26,5.633134270075092,0.7046152942913588,,,,,,,,,,,,,,,,,,,,,,,
reg,,,1006.0,,,,cc2,C,5,excess,XLU,SPY,2020-23,17.418380746569564,1.9850991397478424,,,,,,,,,,,,,,,,,,,,,,,
reg,,,684.0,,,,cc2,C,5,excess,XLU,SPY,2024-26,3.30390985925587,0.3840971952023184,,,,,,,,,,,,,,,,,,,,,,,
reg,,,1006.0,,,,cc2,C,5,excess,XLB,TLT,2020-23,-4.6673913531425075,-1.0599396400898828,,,,,,,,,,,,,,,,,,,,,,,
reg,,,684.0,,,,cc2,C,5,excess,XLB,TLT,2024-26,-6.457004721436554,-1.1822574870110438,,,,,,,,,,,,,,,,,,,,,,,
reg,,,1006.0,,,,cc2,C,5,excess,XLB,UUP,2020-23,13.828762789609254,3.065284696168016,,,,,,,,,,,,,,,,,,,,,,,
reg,,,684.0,,,,cc2,C,5,excess,XLB,UUP,2024-26,-4.896459333762968,-0.8478569288165434,,,,,,,,,,,,,,,,,,,,,,,
reg,,,1006.0,,,,cc2,C,5,excess,XLB,USO,2020-23,-0.7717759099316657,-0.10983765822927992,,,,,,,,,,,,,,,,,,,,,,,
reg,,,684.0,,,,cc2,C,5,excess,XLB,USO,2024-26,-5.69746815772295,-0.9433102034160182,,,,,,,,,,,,,,,,,,,,,,,
reg,,,1006.0,,,,cc2,C,5,excess,XLB,GLD,2020-23,-3.3809942416741245,-0.6928764157681752,,,,,,,,,,,,,,,,,,,,,,,
reg,,,684.0,,,,cc2,C,5,excess,XLB,GLD,2024-26,-4.211251056647625,-0.4969423231946651,,,,,,,,,,,,,,,,,,,,,,,
reg,,,1006.0,,,,cc2,C,5,excess,XLB,HYG,2020-23,-12.101962430460897,-1.9758931909574684,,,,,,,,,,,,,,,,,,,,,,,
reg,,,684.0,,,,cc2,C,5,excess,XLB,HYG,2024-26,2.480097919474192,0.4146196747945152,,,,,,,,,,,,,,,,,,,,,,,
reg,,,748.0,,,,cc2,C,5,excess,XLB,BTC,2020-23,12.843580385980909,2.7591485508231286,,,,,,,,,,,,,,,,,,,,,,,
reg,,,684.0,,,,cc2,C,5,excess,XLB,BTC,2024-26,-3.01771092285946,-0.5223959519766112,,,,,,,,,,,,,,,,,,,,,,,
reg,,,1006.0,,,,cc2,C,5,excess,XLB,VIX,2020-23,4.545073251489399,0.9690602530992526,,,,,,,,,,,,,,,,,,,,,,,
reg,,,684.0,,,,cc2,C,5,excess,XLB,VIX,2024-26,3.6456301881732123,0.5872071488052625,,,,,,,,,,,,,,,,,,,,,,,
reg,,,1006.0,,,,cc2,C,5,excess,XLB,SPY,2020-23,-6.739101012813453,-1.231674554688433,,,,,,,,,,,,,,,,,,,,,,,
reg,,,684.0,,,,cc2,C,5,excess,XLB,SPY,2024-26,1.5020947694872433,0.22383794594328235,,,,,,,,,,,,,,,,,,,,,,,
reg,,,1006.0,,,,cc2,C,5,excess,XLRE,TLT,2020-23,13.676843027277512,2.0092343741375105,,,,,,,,,,,,,,,,,,,,,,,
reg,,,684.0,,,,cc2,C,5,excess,XLRE,TLT,2024-26,-4.259510862299998,-0.5842511972370321,,,,,,,,,,,,,,,,,,,,,,,
reg,,,1006.0,,,,cc2,C,5,excess,XLRE,UUP,2020-23,-4.704936093824892,-0.5894512789117659,,,,,,,,,,,,,,,,,,,,,,,
reg,,,684.0,,,,cc2,C,5,excess,XLRE,UUP,2024-26,5.369336170537569,0.6688081568693536,,,,,,,,,,,,,,,,,,,,,,,
reg,,,1006.0,,,,cc2,C,5,excess,XLRE,USO,2020-23,20.330686089141103,2.7187688215192796,,,,,,,,,,,,,,,,,,,,,,,
reg,,,684.0,,,,cc2,C,5,excess,XLRE,USO,2024-26,7.296715404131086,0.9921110190144505,,,,,,,,,,,,,,,,,,,,,,,
reg,,,1006.0,,,,cc2,C,5,excess,XLRE,GLD,2020-23,15.55262044536335,1.8510324863860712,,,,,,,,,,,,,,,,,,,,,,,
reg,,,684.0,,,,cc2,C,5,excess,XLRE,GLD,2024-26,8.278389025563458,1.0720081567119453,,,,,,,,,,,,,,,,,,,,,,,
reg,,,1006.0,,,,cc2,C,5,excess,XLRE,HYG,2020-23,2.6607140177564355,0.24255223084632918,,,,,,,,,,,,,,,,,,,,,,,
reg,,,684.0,,,,cc2,C,5,excess,XLRE,HYG,2024-26,-1.2739811811456578,-0.14354003599706353,,,,,,,,,,,,,,,,,,,,,,,
reg,,,748.0,,,,cc2,C,5,excess,XLRE,BTC,2020-23,0.9652608603740296,0.17457857072688032,,,,,,,,,,,,,,,,,,,,,,,
reg,,,684.0,,,,cc2,C,5,excess,XLRE,BTC,2024-26,-11.974615834122533,-1.6760302090915025,,,,,,,,,,,,,,,,,,,,,,,
reg,,,1006.0,,,,cc2,C,5,excess,XLRE,VIX,2020-23,-18.052846491157762,-2.2722730727638707,,,,,,,,,,,,,,,,,,,,,,,
reg,,,684.0,,,,cc2,C,5,excess,XLRE,VIX,2024-26,4.089478245708956,0.5150350403276912,,,,,,,,,,,,,,,,,,,,,,,
reg,,,1006.0,,,,cc2,C,5,excess,XLRE,SPY,2020-23,10.496353545214092,1.1992745791696324,,,,,,,,,,,,,,,,,,,,,,,
reg,,,684.0,,,,cc2,C,5,excess,XLRE,SPY,2024-26,8.775343582426332,1.0547989799693025,,,,,,,,,,,,,,,,,,,,,,,
reg,,,1006.0,,,,cc2,C,5,excess,XLC,TLT,2020-23,-2.3444711058938776,-0.4921013766879987,,,,,,,,,,,,,,,,,,,,,,,
reg,,,684.0,,,,cc2,C,5,excess,XLC,TLT,2024-26,4.327175784522487,1.1660770604320045,,,,,,,,,,,,,,,,,,,,,,,
reg,,,1006.0,,,,cc2,C,5,excess,XLC,UUP,2020-23,-0.08619403116521458,-0.014592344346712766,,,,,,,,,,,,,,,,,,,,,,,
reg,,,684.0,,,,cc2,C,5,excess,XLC,UUP,2024-26,-2.046538561322853,-0.4981154205134409,,,,,,,,,,,,,,,,,,,,,,,
reg,,,1006.0,,,,cc2,C,5,excess,XLC,USO,2020-23,-3.2542459562554518,-0.7622182461171263,,,,,,,,,,,,,,,,,,,,,,,
reg,,,684.0,,,,cc2,C,5,excess,XLC,USO,2024-26,2.184257501968357,0.4505629794328265,,,,,,,,,,,,,,,,,,,,,,,
reg,,,1006.0,,,,cc2,C,5,excess,XLC,GLD,2020-23,-3.488343320720382,-0.6924548600915401,,,,,,,,,,,,,,,,,,,,,,,
reg,,,684.0,,,,cc2,C,5,excess,XLC,GLD,2024-26,12.543274859298561,2.9694553698210777,,,,,,,,,,,,,,,,,,,,,,,
reg,,,1006.0,,,,cc2,C,5,excess,XLC,HYG,2020-23,-2.249220779928115,-0.36883928550681583,,,,,,,,,,,,,,,,,,,,,,,
reg,,,684.0,,,,cc2,C,5,excess,XLC,HYG,2024-26,0.01708872126976937,0.004335038261645784,,,,,,,,,,,,,,,,,,,,,,,
reg,,,748.0,,,,cc2,C,5,excess,XLC,BTC,2020-23,-4.734657341642966,-1.0210681229244494,,,,,,,,,,,,,,,,,,,,,,,
reg,,,684.0,,,,cc2,C,5,excess,XLC,BTC,2024-26,0.02796077472256988,0.007398726842771159,,,,,,,,,,,,,,,,,,,,,,,
reg,,,1006.0,,,,cc2,C,5,excess,XLC,VIX,2020-23,7.551225432579179,1.5994650630431577,,,,,,,,,,,,,,,,,,,,,,,
reg,,,684.0,,,,cc2,C,5,excess,XLC,VIX,2024-26,-4.103992749453823,-1.1563867509826788,,,,,,,,,,,,,,,,,,,,,,,
reg,,,1006.0,,,,cc2,C,5,excess,XLC,SPY,2020-23,-4.784564186482527,-0.9473009347477849,,,,,,,,,,,,,,,,,,,,,,,
reg,,,684.0,,,,cc2,C,5,excess,XLC,SPY,2024-26,2.9923343591197584,0.8227841450424634,,,,,,,,,,,,,,,,,,,,,,,
reg,,,1006.0,,,,cc2,C,5,excess,SMH,TLT,2020-23,2.2207908249582577,0.32235114319539626,,,,,,,,,,,,,,,,,,,,,,,
reg,,,684.0,,,,cc2,C,5,excess,SMH,TLT,2024-26,2.2332594278715856,0.23277630952396533,,,,,,,,,,,,,,,,,,,,,,,
reg,,,1006.0,,,,cc2,C,5,excess,SMH,UUP,2020-23,9.531093627056304,1.0590431079685896,,,,,,,,,,,,,,,,,,,,,,,
reg,,,684.0,,,,cc2,C,5,excess,SMH,UUP,2024-26,7.565581264197114,0.748744777103097,,,,,,,,,,,,,,,,,,,,,,,
reg,,,1006.0,,,,cc2,C,5,excess,SMH,USO,2020-23,-12.635033105232408,-1.4922189866026754,,,,,,,,,,,,,,,,,,,,,,,
reg,,,684.0,,,,cc2,C,5,excess,SMH,USO,2024-26,0.9946118803787569,0.08827878036401565,,,,,,,,,,,,,,,,,,,,,,,
reg,,,1006.0,,,,cc2,C,5,excess,SMH,GLD,2020-23,-9.820226395707058,-1.1510758054453458,,,,,,,,,,,,,,,,,,,,,,,
reg,,,684.0,,,,cc2,C,5,excess,SMH,GLD,2024-26,-14.081405505563263,-1.3765659307648141,,,,,,,,,,,,,,,,,,,,,,,
reg,,,1006.0,,,,cc2,C,5,excess,SMH,HYG,2020-23,-9.678041325249014,-0.9075955464372559,,,,,,,,,,,,,,,,,,,,,,,
reg,,,684.0,,,,cc2,C,5,excess,SMH,HYG,2024-26,-3.7048088358377456,-0.3143299585082108,,,,,,,,,,,,,,,,,,,,,,,
reg,,,748.0,,,,cc2,C,5,excess,SMH,BTC,2020-23,-3.792555450169967,-0.43070998854830084,,,,,,,,,,,,,,,,,,,,,,,
reg,,,684.0,,,,cc2,C,5,excess,SMH,BTC,2024-26,-5.199962207670207,-0.45525021246938846,,,,,,,,,,,,,,,,,,,,,,,
reg,,,1006.0,,,,cc2,C,5,excess,SMH,VIX,2020-23,3.433272143400167,0.4995398631703916,,,,,,,,,,,,,,,,,,,,,,,
reg,,,684.0,,,,cc2,C,5,excess,SMH,VIX,2024-26,3.405065731170923,0.3325490987820086,,,,,,,,,,,,,,,,,,,,,,,
reg,,,1006.0,,,,cc2,C,5,excess,SMH,SPY,2020-23,-11.742687231518854,-1.4609928539816377,,,,,,,,,,,,,,,,,,,,,,,
reg,,,684.0,,,,cc2,C,5,excess,SMH,SPY,2024-26,-22.557173609516703,-2.139341579050306,,,,,,,,,,,,,,,,,,,,,,,
reg,,,1006.0,,,,cc2,C,5,excess,XBI,TLT,2020-23,-13.278799903220703,-1.2944029273157704,,,,,,,,,,,,,,,,,,,,,,,
reg,,,684.0,,,,cc2,C,5,excess,XBI,TLT,2024-26,-4.101817727014854,-0.4616084968989215,,,,,,,,,,,,,,,,,,,,,,,
reg,,,1006.0,,,,cc2,C,5,excess,XBI,UUP,2020-23,16.609181899359438,1.5399291121188468,,,,,,,,,,,,,,,,,,,,,,,
reg,,,684.0,,,,cc2,C,5,excess,XBI,UUP,2024-26,-2.7172912699292504,-0.26372891342426497,,,,,,,,,,,,,,,,,,,,,,,
reg,,,1006.0,,,,cc2,C,5,excess,XBI,USO,2020-23,-10.579433170908356,-0.7488679645532021,,,,,,,,,,,,,,,,,,,,,,,
reg,,,684.0,,,,cc2,C,5,excess,XBI,USO,2024-26,-1.712250821027735,-0.14654403298334795,,,,,,,,,,,,,,,,,,,,,,,
reg,,,1006.0,,,,cc2,C,5,excess,XBI,GLD,2020-23,-13.013574350781145,-1.186345605417506,,,,,,,,,,,,,,,,,,,,,,,
reg,,,684.0,,,,cc2,C,5,excess,XBI,GLD,2024-26,-3.231396399063635,-0.347144335245149,,,,,,,,,,,,,,,,,,,,,,,
reg,,,1006.0,,,,cc2,C,5,excess,XBI,HYG,2020-23,-10.716703759588974,-0.7588757393159135,,,,,,,,,,,,,,,,,,,,,,,
reg,,,684.0,,,,cc2,C,5,excess,XBI,HYG,2024-26,-0.5510117591203705,-0.04887471378817807,,,,,,,,,,,,,,,,,,,,,,,
reg,,,748.0,,,,cc2,C,5,excess,XBI,BTC,2020-23,-24.06132018327158,-1.8317591725824827,,,,,,,,,,,,,,,,,,,,,,,
reg,,,684.0,,,,cc2,C,5,excess,XBI,BTC,2024-26,-23.711363620742908,-2.4436556277763537,,,,,,,,,,,,,,,,,,,,,,,
reg,,,1006.0,,,,cc2,C,5,excess,XBI,VIX,2020-23,8.143291076235144,0.761558924532565,,,,,,,,,,,,,,,,,,,,,,,
reg,,,684.0,,,,cc2,C,5,excess,XBI,VIX,2024-26,0.3966751887251255,0.03754423122937952,,,,,,,,,,,,,,,,,,,,,,,
reg,,,1006.0,,,,cc2,C,5,excess,XBI,SPY,2020-23,-10.677399987130288,-0.815486609158833,,,,,,,,,,,,,,,,,,,,,,,
reg,,,684.0,,,,cc2,C,5,excess,XBI,SPY,2024-26,-0.31794637698011124,-0.026977488298134168,,,,,,,,,,,,,,,,,,,,,,,
reg,,,1006.0,,,,cc2,C,5,excess,KRE,TLT,2020-23,-6.32949590426672,-0.583816782519352,,,,,,,,,,,,,,,,,,,,,,,
reg,,,684.0,,,,cc2,C,5,excess,KRE,TLT,2024-26,-21.231526216724276,-2.144667939286292,,,,,,,,,,,,,,,,,,,,,,,
reg,,,1006.0,,,,cc2,C,5,excess,KRE,UUP,2020-23,11.446732892824297,0.9567361383221731,,,,,,,,,,,,,,,,,,,,,,,
reg,,,684.0,,,,cc2,C,5,excess,KRE,UUP,2024-26,3.522108089100214,0.3467353310624892,,,,,,,,,,,,,,,,,,,,,,,
reg,,,1006.0,,,,cc2,C,5,excess,KRE,USO,2020-23,7.609622915658871,0.4268996269908529,,,,,,,,,,,,,,,,,,,,,,,
reg,,,684.0,,,,cc2,C,5,excess,KRE,USO,2024-26,15.476158209121818,1.5949977452696757,,,,,,,,,,,,,,,,,,,,,,,
reg,,,1006.0,,,,cc2,C,5,excess,KRE,GLD,2020-23,10.594964382567246,0.9416273661817892,,,,,,,,,,,,,,,,,,,,,,,
reg,,,684.0,,,,cc2,C,5,excess,KRE,GLD,2024-26,-6.458162604676198,-0.7190368820180868,,,,,,,,,,,,,,,,,,,,,,,
reg,,,1006.0,,,,cc2,C,5,excess,KRE,HYG,2020-23,-17.751657779598254,-1.143780908619538,,,,,,,,,,,,,,,,,,,,,,,
reg,,,684.0,,,,cc2,C,5,excess,KRE,HYG,2024-26,-7.086035570195344,-0.6027203619060704,,,,,,,,,,,,,,,,,,,,,,,
reg,,,748.0,,,,cc2,C,5,excess,KRE,BTC,2020-23,10.45571876484582,1.0989474306397695,,,,,,,,,,,,,,,,,,,,,,,
reg,,,684.0,,,,cc2,C,5,excess,KRE,BTC,2024-26,-27.442473348953865,-2.51897135951136,,,,,,,,,,,,,,,,,,,,,,,
reg,,,1006.0,,,,cc2,C,5,excess,KRE,VIX,2020-23,-3.0688379110857236,-0.28879316371407837,,,,,,,,,,,,,,,,,,,,,,,
reg,,,684.0,,,,cc2,C,5,excess,KRE,VIX,2024-26,-14.8000793852797,-1.6634079919326352,,,,,,,,,,,,,,,,,,,,,,,
reg,,,1006.0,,,,cc2,C,5,excess,KRE,SPY,2020-23,-8.735816496836964,-0.730881228093931,,,,,,,,,,,,,,,,,,,,,,,
reg,,,684.0,,,,cc2,C,5,excess,KRE,SPY,2024-26,2.4106329138256934,0.22308928326533678,,,,,,,,,,,,,,,,,,,,,,,
reg,,,1006.0,,,,cc3,C,1,raw,XLK,TLT,2020-23,30.457516220297496,1.975948632759691,,,,,,,,,,,,,,,,,,,,,,,
reg,,,683.0,,,,cc3,C,1,raw,XLK,TLT,2024-26,-4.066379279386152,-0.35551831967383074,,,,,,,,,,,,,,,,,,,,,,,
reg,,,1006.0,,,,cc3,C,1,raw,XLK,UUP,2020-23,-5.968493578767048,-0.4988408832682638,,,,,,,,,,,,,,,,,,,,,,,
reg,,,683.0,,,,cc3,C,1,raw,XLK,UUP,2024-26,0.7023337899149674,0.051484939722062466,,,,,,,,,,,,,,,,,,,,,,,
reg,,,1006.0,,,,cc3,C,1,raw,XLK,USO,2020-23,10.287729012147812,0.6826110528391415,,,,,,,,,,,,,,,,,,,,,,,
reg,,,683.0,,,,cc3,C,1,raw,XLK,USO,2024-26,-0.35313495216490065,-0.029273820841857427,,,,,,,,,,,,,,,,,,,,,,,
reg,,,1006.0,,,,cc3,C,1,raw,XLK,GLD,2020-23,8.908962017339263,0.7633462684659521,,,,,,,,,,,,,,,,,,,,,,,
reg,,,683.0,,,,cc3,C,1,raw,XLK,GLD,2024-26,-2.670344331892269,-0.2570226130270142,,,,,,,,,,,,,,,,,,,,,,,
reg,,,1006.0,,,,cc3,C,1,raw,XLK,HYG,2020-23,-6.549475039011986,-0.5070576876515606,,,,,,,,,,,,,,,,,,,,,,,
reg,,,683.0,,,,cc3,C,1,raw,XLK,HYG,2024-26,-9.058505431464186,-0.6147181534231493,,,,,,,,,,,,,,,,,,,,,,,
reg,,,752.0,,,,cc3,C,1,raw,XLK,BTC,2020-23,-10.869489565179386,-1.1115464769962167,,,,,,,,,,,,,,,,,,,,,,,
reg,,,683.0,,,,cc3,C,1,raw,XLK,BTC,2024-26,2.950934439838895,0.27288114418233167,,,,,,,,,,,,,,,,,,,,,,,
reg,,,1006.0,,,,cc3,C,1,raw,XLK,VIX,2020-23,-2.8791864079637306,-0.24515347197057,,,,,,,,,,,,,,,,,,,,,,,
reg,,,683.0,,,,cc3,C,1,raw,XLK,VIX,2024-26,-1.9649395874057518,-0.15058192360198772,,,,,,,,,,,,,,,,,,,,,,,
reg,,,1006.0,,,,cc3,C,1,raw,XLK,SPY,2020-23,-19.96355701279171,-1.6303290358312836,,,,,,,,,,,,,,,,,,,,,,,
reg,,,683.0,,,,cc3,C,1,raw,XLK,SPY,2024-26,-13.38304142798522,-1.0489321207368103,,,,,,,,,,,,,,,,,,,,,,,
reg,,,1006.0,,,,cc3,C,1,raw,XLF,TLT,2020-23,20.90148736526075,1.1881135825314217,,,,,,,,,,,,,,,,,,,,,,,
reg,,,683.0,,,,cc3,C,1,raw,XLF,TLT,2024-26,-10.117204047705338,-1.451975681580946,,,,,,,,,,,,,,,,,,,,,,,
reg,,,1006.0,,,,cc3,C,1,raw,XLF,UUP,2020-23,-4.5959258934150125,-0.3584308063190545,,,,,,,,,,,,,,,,,,,,,,,
reg,,,683.0,,,,cc3,C,1,raw,XLF,UUP,2024-26,7.704250328584244,0.7479604511439094,,,,,,,,,,,,,,,,,,,,,,,
reg,,,1006.0,,,,cc3,C,1,raw,XLF,USO,2020-23,22.742158651539675,1.3815958666238657,,,,,,,,,,,,,,,,,,,,,,,
reg,,,683.0,,,,cc3,C,1,raw,XLF,USO,2024-26,5.597799212785076,0.7729120749471377,,,,,,,,,,,,,,,,,,,,,,,
reg,,,1006.0,,,,cc3,C,1,raw,XLF,GLD,2020-23,14.73409523269113,0.9034128729509722,,,,,,,,,,,,,,,,,,,,,,,
reg,,,683.0,,,,cc3,C,1,raw,XLF,GLD,2024-26,-8.26584488526616,-1.5146515490851786,,,,,,,,,,,,,,,,,,,,,,,
reg,,,1006.0,,,,cc3,C,1,raw,XLF,HYG,2020-23,0.6284773822965276,0.04358003157097136,,,,,,,,,,,,,,,,,,,,,,,
reg,,,683.0,,,,cc3,C,1,raw,XLF,HYG,2024-26,-10.659795628690405,-1.3943237455561965,,,,,,,,,,,,,,,,,,,,,,,
reg,,,752.0,,,,cc3,C,1,raw,XLF,BTC,2020-23,6.349432011092742,0.8021780188133628,,,,,,,,,,,,,,,,,,,,,,,
reg,,,683.0,,,,cc3,C,1,raw,XLF,BTC,2024-26,-7.034268452280301,-1.2178236709562398,,,,,,,,,,,,,,,,,,,,,,,
reg,,,1006.0,,,,cc3,C,1,raw,XLF,VIX,2020-23,-15.084723254340034,-1.1089021721945638,,,,,,,,,,,,,,,,,,,,,,,
reg,,,683.0,,,,cc3,C,1,raw,XLF,VIX,2024-26,10.22916201580701,1.3277818295484767,,,,,,,,,,,,,,,,,,,,,,,
reg,,,1006.0,,,,cc3,C,1,raw,XLF,SPY,2020-23,-3.102560381791253,-0.2173578048055919,,,,,,,,,,,,,,,,,,,,,,,
reg,,,683.0,,,,cc3,C,1,raw,XLF,SPY,2024-26,-11.98359233240315,-1.6357953103183187,,,,,,,,,,,,,,,,,,,,,,,
reg,,,1006.0,,,,cc3,C,1,raw,XLE,TLT,2020-23,11.531861182224322,0.47620586646480517,,,,,,,,,,,,,,,,,,,,,,,
reg,,,683.0,,,,cc3,C,1,raw,XLE,TLT,2024-26,-12.285936476572962,-1.5752801204848068,,,,,,,,,,,,,,,,,,,,,,,
reg,,,1006.0,,,,cc3,C,1,raw,XLE,UUP,2020-23,20.967564035616917,1.2398566912199065,,,,,,,,,,,,,,,,,,,,,,,
reg,,,683.0,,,,cc3,C,1,raw,XLE,UUP,2024-26,-1.139239576741324,-0.08876679304638367,,,,,,,,,,,,,,,,,,,,,,,
reg,,,1006.0,,,,cc3,C,1,raw,XLE,USO,2020-23,16.401678810266937,0.6303180068484839,,,,,,,,,,,,,,,,,,,,,,,
reg,,,683.0,,,,cc3,C,1,raw,XLE,USO,2024-26,1.4434641862205886,0.16009856980589232,,,,,,,,,,,,,,,,,,,,,,,
reg,,,1006.0,,,,cc3,C,1,raw,XLE,GLD,2020-23,4.419593121873481,0.19061231538087609,,,,,,,,,,,,,,,,,,,,,,,
reg,,,683.0,,,,cc3,C,1,raw,XLE,GLD,2024-26,-11.949837809140126,-1.440485611260032,,,,,,,,,,,,,,,,,,,,,,,
reg,,,1006.0,,,,cc3,C,1,raw,XLE,HYG,2020-23,0.7399303723857118,0.03060117796339011,,,,,,,,,,,,,,,,,,,,,,,
reg,,,683.0,,,,cc3,C,1,raw,XLE,HYG,2024-26,-5.305655633811423,-0.565547157686684,,,,,,,,,,,,,,,,,,,,,,,
reg,,,752.0,,,,cc3,C,1,raw,XLE,BTC,2020-23,11.029465913864472,0.768457685984465,,,,,,,,,,,,,,,,,,,,,,,
reg,,,683.0,,,,cc3,C,1,raw,XLE,BTC,2024-26,-6.403193669557654,-0.7918603520602836,,,,,,,,,,,,,,,,,,,,,,,
reg,,,1006.0,,,,cc3,C,1,raw,XLE,VIX,2020-23,-32.40572660924604,-1.6465136868041013,,,,,,,,,,,,,,,,,,,,,,,
reg,,,683.0,,,,cc3,C,1,raw,XLE,VIX,2024-26,-6.116024846581269,-0.7949644548276191,,,,,,,,,,,,,,,,,,,,,,,
reg,,,1006.0,,,,cc3,C,1,raw,XLE,SPY,2020-23,2.0344850006756507,0.0943548772755991,,,,,,,,,,,,,,,,,,,,,,,
reg,,,683.0,,,,cc3,C,1,raw,XLE,SPY,2024-26,-6.893378532885061,-0.6741685823573494,,,,,,,,,,,,,,,,,,,,,,,
reg,,,1006.0,,,,cc3,C,1,raw,XLV,TLT,2020-23,19.31614993316049,1.4839238501238632,,,,,,,,,,,,,,,,,,,,,,,
reg,,,683.0,,,,cc3,C,1,raw,XLV,TLT,2024-26,-1.392868247825881,-0.2198134486634161,,,,,,,,,,,,,,,,,,,,,,,
reg,,,1006.0,,,,cc3,C,1,raw,XLV,UUP,2020-23,-14.026215797844774,-1.2543966661871857,,,,,,,,,,,,,,,,,,,,,,,
reg,,,683.0,,,,cc3,C,1,raw,XLV,UUP,2024-26,5.0706399900766845,0.5898700376242193,,,,,,,,,,,,,,,,,,,,,,,
reg,,,1006.0,,,,cc3,C,1,raw,XLV,USO,2020-23,11.684287581439584,0.9283830648036924,,,,,,,,,,,,,,,,,,,,,,,
reg,,,683.0,,,,cc3,C,1,raw,XLV,USO,2024-26,4.473117923058502,0.6487399429973093,,,,,,,,,,,,,,,,,,,,,,,
reg,,,1006.0,,,,cc3,C,1,raw,XLV,GLD,2020-23,14.606614777337484,1.2882221016423614,,,,,,,,,,,,,,,,,,,,,,,
reg,,,683.0,,,,cc3,C,1,raw,XLV,GLD,2024-26,-2.8989296842850893,-0.47383793579640987,,,,,,,,,,,,,,,,,,,,,,,
reg,,,1006.0,,,,cc3,C,1,raw,XLV,HYG,2020-23,11.795828824058383,1.1256790574722384,,,,,,,,,,,,,,,,,,,,,,,
reg,,,683.0,,,,cc3,C,1,raw,XLV,HYG,2024-26,-5.20571565838655,-0.8347141756798607,,,,,,,,,,,,,,,,,,,,,,,
reg,,,752.0,,,,cc3,C,1,raw,XLV,BTC,2020-23,-2.1511076807816694,-0.3990483986854821,,,,,,,,,,,,,,,,,,,,,,,
reg,,,683.0,,,,cc3,C,1,raw,XLV,BTC,2024-26,-8.689955804055698,-1.4997684896324435,,,,,,,,,,,,,,,,,,,,,,,
reg,,,1006.0,,,,cc3,C,1,raw,XLV,VIX,2020-23,-9.709574315331615,-1.1191675037700999,,,,,,,,,,,,,,,,,,,,,,,
reg,,,683.0,,,,cc3,C,1,raw,XLV,VIX,2024-26,7.618472946682238,1.4097799307944325,,,,,,,,,,,,,,,,,,,,,,,
reg,,,1006.0,,,,cc3,C,1,raw,XLV,SPY,2020-23,-3.095868506808147,-0.3146435550972375,,,,,,,,,,,,,,,,,,,,,,,
reg,,,683.0,,,,cc3,C,1,raw,XLV,SPY,2024-26,-6.907642933303496,-1.0768208889527249,,,,,,,,,,,,,,,,,,,,,,,
reg,,,1006.0,,,,cc3,C,1,raw,XLI,TLT,2020-23,26.20709255042889,1.3556083184335106,,,,,,,,,,,,,,,,,,,,,,,
reg,,,683.0,,,,cc3,C,1,raw,XLI,TLT,2024-26,-5.0296000507322765,-0.6716050968484877,,,,,,,,,,,,,,,,,,,,,,,
reg,,,1006.0,,,,cc3,C,1,raw,XLI,UUP,2020-23,-3.1724505427332197,-0.25913611253502505,,,,,,,,,,,,,,,,,,,,,,,
reg,,,683.0,,,,cc3,C,1,raw,XLI,UUP,2024-26,2.37685395779077,0.2432712177988027,,,,,,,,,,,,,,,,,,,,,,,
reg,,,1006.0,,,,cc3,C,1,raw,XLI,USO,2020-23,23.042951404307523,1.4041691222318096,,,,,,,,,,,,,,,,,,,,,,,
reg,,,683.0,,,,cc3,C,1,raw,XLI,USO,2024-26,5.199454526725495,0.6248467221128338,,,,,,,,,,,,,,,,,,,,,,,
reg,,,1006.0,,,,cc3,C,1,raw,XLI,GLD,2020-23,20.17146411582612,1.205015930455151,,,,,,,,,,,,,,,,,,,,,,,
reg,,,683.0,,,,cc3,C,1,raw,XLI,GLD,2024-26,-6.540926358163179,-1.1720216013701397,,,,,,,,,,,,,,,,,,,,,,,
reg,,,1006.0,,,,cc3,C,1,raw,XLI,HYG,2020-23,4.565571612541254,0.31760164819483844,,,,,,,,,,,,,,,,,,,,,,,
reg,,,683.0,,,,cc3,C,1,raw,XLI,HYG,2024-26,-7.862197073510474,-0.9241036532208176,,,,,,,,,,,,,,,,,,,,,,,
reg,,,752.0,,,,cc3,C,1,raw,XLI,BTC,2020-23,7.044355658129191,1.0215535225514598,,,,,,,,,,,,,,,,,,,,,,,
reg,,,683.0,,,,cc3,C,1,raw,XLI,BTC,2024-26,-5.82681021215863,-0.9082112379248207,,,,,,,,,,,,,,,,,,,,,,,
reg,,,1006.0,,,,cc3,C,1,raw,XLI,VIX,2020-23,-17.025381646081478,-1.2879766395019125,,,,,,,,,,,,,,,,,,,,,,,
reg,,,683.0,,,,cc3,C,1,raw,XLI,VIX,2024-26,9.25740103500943,1.110874871235592,,,,,,,,,,,,,,,,,,,,,,,
reg,,,1006.0,,,,cc3,C,1,raw,XLI,SPY,2020-23,-1.5663202061244492,-0.12312475826843591,,,,,,,,,,,,,,,,,,,,,,,
reg,,,683.0,,,,cc3,C,1,raw,XLI,SPY,2024-26,-9.095424280295568,-1.2564559299980433,,,,,,,,,,,,,,,,,,,,,,,
reg,,,1006.0,,,,cc3,C,1,raw,XLY,TLT,2020-23,27.159414405266347,1.8343089500363283,,,,,,,,,,,,,,,,,,,,,,,
reg,,,683.0,,,,cc3,C,1,raw,XLY,TLT,2024-26,-11.711833599751687,-1.4096555396118737,,,,,,,,,,,,,,,,,,,,,,,
reg,,,1006.0,,,,cc3,C,1,raw,XLY,UUP,2020-23,1.046611308943457,0.08541173881119814,,,,,,,,,,,,,,,,,,,,,,,
reg,,,683.0,,,,cc3,C,1,raw,XLY,UUP,2024-26,9.351800885675637,0.8162316644313898,,,,,,,,,,,,,,,,,,,,,,,
reg,,,1006.0,,,,cc3,C,1,raw,XLY,USO,2020-23,11.124425168987308,0.6830380798642378,,,,,,,,,,,,,,,,,,,,,,,
reg,,,683.0,,,,cc3,C,1,raw,XLY,USO,2024-26,7.830956216173205,0.9692644408898848,,,,,,,,,,,,,,,,,,,,,,,
reg,,,1006.0,,,,cc3,C,1,raw,XLY,GLD,2020-23,16.926506141218145,1.2805677300957425,,,,,,,,,,,,,,,,,,,,,,,
reg,,,683.0,,,,cc3,C,1,raw,XLY,GLD,2024-26,-9.298244719601671,-1.265357119142509,,,,,,,,,,,,,,,,,,,,,,,
reg,,,1006.0,,,,cc3,C,1,raw,XLY,HYG,2020-23,-2.650841105478249,-0.16454563621716514,,,,,,,,,,,,,,,,,,,,,,,
reg,,,683.0,,,,cc3,C,1,raw,XLY,HYG,2024-26,-10.001929935542476,-0.99483109797795,,,,,,,,,,,,,,,,,,,,,,,
reg,,,752.0,,,,cc3,C,1,raw,XLY,BTC,2020-23,-2.4311062776283014,-0.2518128992249034,,,,,,,,,,,,,,,,,,,,,,,
reg,,,683.0,,,,cc3,C,1,raw,XLY,BTC,2024-26,-0.7250663923653669,-0.09029288253368217,,,,,,,,,,,,,,,,,,,,,,,
reg,,,1006.0,,,,cc3,C,1,raw,XLY,VIX,2020-23,-11.701148119513464,-0.9108437899305952,,,,,,,,,,,,,,,,,,,,,,,
reg,,,683.0,,,,cc3,C,1,raw,XLY,VIX,2024-26,6.482358150919802,0.7218087264297042,,,,,,,,,,,,,,,,,,,,,,,
reg,,,1006.0,,,,cc3,C,1,raw,XLY,SPY,2020-23,-5.607201024876358,-0.39496934255265487,,,,,,,,,,,,,,,,,,,,,,,
reg,,,683.0,,,,cc3,C,1,raw,XLY,SPY,2024-26,-14.548844047981234,-1.5141608140254907,,,,,,,,,,,,,,,,,,,,,,,
reg,,,1006.0,,,,cc3,C,1,raw,XLP,TLT,2020-23,16.78050855270077,1.258983670472158,,,,,,,,,,,,,,,,,,,,,,,
reg,,,683.0,,,,cc3,C,1,raw,XLP,TLT,2024-26,-4.658681994512405,-0.9195289685024493,,,,,,,,,,,,,,,,,,,,,,,
reg,,,1006.0,,,,cc3,C,1,raw,XLP,UUP,2020-23,-11.307600762735378,-0.8771703559297199,,,,,,,,,,,,,,,,,,,,,,,
reg,,,683.0,,,,cc3,C,1,raw,XLP,UUP,2024-26,0.06831771932612589,0.0098100833020067,,,,,,,,,,,,,,,,,,,,,,,
reg,,,1006.0,,,,cc3,C,1,raw,XLP,USO,2020-23,19.991064786399317,1.5799348933567947,,,,,,,,,,,,,,,,,,,,,,,
reg,,,683.0,,,,cc3,C,1,raw,XLP,USO,2024-26,8.921485477116395,1.4846435318216407,,,,,,,,,,,,,,,,,,,,,,,
reg,,,1006.0,,,,cc3,C,1,raw,XLP,GLD,2020-23,4.602525550811179,0.4743175013285716,,,,,,,,,,,,,,,,,,,,,,,
reg,,,683.0,,,,cc3,C,1,raw,XLP,GLD,2024-26,1.8281114741134727,0.2958102613377021,,,,,,,,,,,,,,,,,,,,,,,
reg,,,1006.0,,,,cc3,C,1,raw,XLP,HYG,2020-23,19.491663756253402,1.670967593234024,,,,,,,,,,,,,,,,,,,,,,,
reg,,,683.0,,,,cc3,C,1,raw,XLP,HYG,2024-26,0.22585004476588474,0.044463155562659534,,,,,,,,,,,,,,,,,,,,,,,
reg,,,752.0,,,,cc3,C,1,raw,XLP,BTC,2020-23,0.4175683084482731,0.07713713616611513,,,,,,,,,,,,,,,,,,,,,,,
reg,,,683.0,,,,cc3,C,1,raw,XLP,BTC,2024-26,-6.35522452316782,-1.2587604822841123,,,,,,,,,,,,,,,,,,,,,,,
reg,,,1006.0,,,,cc3,C,1,raw,XLP,VIX,2020-23,-15.770038521162935,-1.824774403687578,,,,,,,,,,,,,,,,,,,,,,,
reg,,,683.0,,,,cc3,C,1,raw,XLP,VIX,2024-26,0.719092042783835,0.14069269529985068,,,,,,,,,,,,,,,,,,,,,,,
reg,,,1006.0,,,,cc3,C,1,raw,XLP,SPY,2020-23,-0.6283911386130662,-0.05660626862548226,,,,,,,,,,,,,,,,,,,,,,,
reg,,,683.0,,,,cc3,C,1,raw,XLP,SPY,2024-26,0.7358553435875903,0.11992516261025503,,,,,,,,,,,,,,,,,,,,,,,
reg,,,1006.0,,,,cc3,C,1,raw,XLU,TLT,2020-23,31.033565852356098,1.4580045454354753,,,,,,,,,,,,,,,,,,,,,,,
reg,,,683.0,,,,cc3,C,1,raw,XLU,TLT,2024-26,-8.653136062355696,-1.3190656040717323,,,,,,,,,,,,,,,,,,,,,,,
reg,,,1006.0,,,,cc3,C,1,raw,XLU,UUP,2020-23,-23.85424508591405,-1.3850329563748662,,,,,,,,,,,,,,,,,,,,,,,
reg,,,683.0,,,,cc3,C,1,raw,XLU,UUP,2024-26,11.922735683190144,1.4473241249797497,,,,,,,,,,,,,,,,,,,,,,,
reg,,,1006.0,,,,cc3,C,1,raw,XLU,USO,2020-23,33.59060295377633,1.8832296987594925,,,,,,,,,,,,,,,,,,,,,,,
reg,,,683.0,,,,cc3,C,1,raw,XLU,USO,2024-26,14.616604033570901,2.1811406826212747,,,,,,,,,,,,,,,,,,,,,,,
reg,,,1006.0,,,,cc3,C,1,raw,XLU,GLD,2020-23,22.25999219886241,1.310432343415918,,,,,,,,,,,,,,,,,,,,,,,
reg,,,683.0,,,,cc3,C,1,raw,XLU,GLD,2024-26,-0.06400882574507459,-0.012205232029373288,,,,,,,,,,,,,,,,,,,,,,,
reg,,,1006.0,,,,cc3,C,1,raw,XLU,HYG,2020-23,29.19147904030137,1.8147386937392305,,,,,,,,,,,,,,,,,,,,,,,
reg,,,683.0,,,,cc3,C,1,raw,XLU,HYG,2024-26,-4.297227550874838,-0.714212838474045,,,,,,,,,,,,,,,,,,,,,,,
reg,,,752.0,,,,cc3,C,1,raw,XLU,BTC,2020-23,6.7745819532381875,0.9360080089543418,,,,,,,,,,,,,,,,,,,,,,,
reg,,,683.0,,,,cc3,C,1,raw,XLU,BTC,2024-26,-4.580246606371221,-0.8008350426212919,,,,,,,,,,,,,,,,,,,,,,,
reg,,,1006.0,,,,cc3,C,1,raw,XLU,VIX,2020-23,-23.470878137522906,-1.951336388357802,,,,,,,,,,,,,,,,,,,,,,,
reg,,,683.0,,,,cc3,C,1,raw,XLU,VIX,2024-26,4.830994073084977,0.8197964527803976,,,,,,,,,,,,,,,,,,,,,,,
reg,,,1006.0,,,,cc3,C,1,raw,XLU,SPY,2020-23,17.13067570473884,1.1906089646935152,,,,,,,,,,,,,,,,,,,,,,,
reg,,,683.0,,,,cc3,C,1,raw,XLU,SPY,2024-26,-4.185189497445071,-0.6479020272830923,,,,,,,,,,,,,,,,,,,,,,,
reg,,,1006.0,,,,cc3,C,1,raw,XLB,TLT,2020-23,20.797008429378486,1.2721988829992363,,,,,,,,,,,,,,,,,,,,,,,
reg,,,683.0,,,,cc3,C,1,raw,XLB,TLT,2024-26,-7.834373413622301,-1.0374745286749314,,,,,,,,,,,,,,,,,,,,,,,
reg,,,1006.0,,,,cc3,C,1,raw,XLB,UUP,2020-23,1.9446564762220269,0.15774300432458097,,,,,,,,,,,,,,,,,,,,,,,
reg,,,683.0,,,,cc3,C,1,raw,XLB,UUP,2024-26,-2.959529813790457,-0.266978910845929,,,,,,,,,,,,,,,,,,,,,,,
reg,,,1006.0,,,,cc3,C,1,raw,XLB,USO,2020-23,16.25604245238222,0.9805416966026874,,,,,,,,,,,,,,,,,,,,,,,
reg,,,683.0,,,,cc3,C,1,raw,XLB,USO,2024-26,-0.7386271181294679,-0.09271084451653194,,,,,,,,,,,,,,,,,,,,,,,
reg,,,1006.0,,,,cc3,C,1,raw,XLB,GLD,2020-23,13.333099518916377,0.9430587651068312,,,,,,,,,,,,,,,,,,,,,,,
reg,,,683.0,,,,cc3,C,1,raw,XLB,GLD,2024-26,-4.105941319219793,-0.4899138017594505,,,,,,,,,,,,,,,,,,,,,,,
reg,,,1006.0,,,,cc3,C,1,raw,XLB,HYG,2020-23,0.3036959617189685,0.021941927395942366,,,,,,,,,,,,,,,,,,,,,,,
reg,,,683.0,,,,cc3,C,1,raw,XLB,HYG,2024-26,-4.568851478593905,-0.5752483085372393,,,,,,,,,,,,,,,,,,,,,,,
reg,,,752.0,,,,cc3,C,1,raw,XLB,BTC,2020-23,9.36434694033924,1.061667172701291,,,,,,,,,,,,,,,,,,,,,,,
reg,,,683.0,,,,cc3,C,1,raw,XLB,BTC,2024-26,1.4586703747159036,0.21539018679485042,,,,,,,,,,,,,,,,,,,,,,,
reg,,,1006.0,,,,cc3,C,1,raw,XLB,VIX,2020-23,-11.913561815978893,-0.9758785535381338,,,,,,,,,,,,,,,,,,,,,,,
reg,,,683.0,,,,cc3,C,1,raw,XLB,VIX,2024-26,5.756650519010121,0.8673912556069174,,,,,,,,,,,,,,,,,,,,,,,
reg,,,1006.0,,,,cc3,C,1,raw,XLB,SPY,2020-23,-4.529610739724513,-0.3304181093514613,,,,,,,,,,,,,,,,,,,,,,,
reg,,,683.0,,,,cc3,C,1,raw,XLB,SPY,2024-26,-5.998098517454002,-0.7426872361155918,,,,,,,,,,,,,,,,,,,,,,,
reg,,,1006.0,,,,cc3,C,1,raw,XLRE,TLT,2020-23,31.368765830640275,1.856690079547092,,,,,,,,,,,,,,,,,,,,,,,
reg,,,683.0,,,,cc3,C,1,raw,XLRE,TLT,2024-26,-2.1589178052645748,-0.35892414970457337,,,,,,,,,,,,,,,,,,,,,,,
reg,,,1006.0,,,,cc3,C,1,raw,XLRE,UUP,2020-23,-21.092977045296145,-1.343529580088227,,,,,,,,,,,,,,,,,,,,,,,
reg,,,683.0,,,,cc3,C,1,raw,XLRE,UUP,2024-26,8.650095175496793,0.89161105865851,,,,,,,,,,,,,,,,,,,,,,,
reg,,,1006.0,,,,cc3,C,1,raw,XLRE,USO,2020-23,26.69370707216811,1.690640575450067,,,,,,,,,,,,,,,,,,,,,,,
reg,,,683.0,,,,cc3,C,1,raw,XLRE,USO,2024-26,15.603275700411139,2.3130991071589566,,,,,,,,,,,,,,,,,,,,,,,
reg,,,1006.0,,,,cc3,C,1,raw,XLRE,GLD,2020-23,32.550122121151546,1.8090882518285323,,,,,,,,,,,,,,,,,,,,,,,
reg,,,683.0,,,,cc3,C,1,raw,XLRE,GLD,2024-26,3.682444006689741,0.6382017940995376,,,,,,,,,,,,,,,,,,,,,,,
reg,,,1006.0,,,,cc3,C,1,raw,XLRE,HYG,2020-23,22.217051262255556,1.5042968800645373,,,,,,,,,,,,,,,,,,,,,,,
reg,,,683.0,,,,cc3,C,1,raw,XLRE,HYG,2024-26,-2.6725973577084026,-0.3842227612752622,,,,,,,,,,,,,,,,,,,,,,,
reg,,,752.0,,,,cc3,C,1,raw,XLRE,BTC,2020-23,-3.1714276272785082,-0.3823201231982936,,,,,,,,,,,,,,,,,,,,,,,
reg,,,683.0,,,,cc3,C,1,raw,XLRE,BTC,2024-26,-9.124673415094977,-1.3036466166512157,,,,,,,,,,,,,,,,,,,,,,,
reg,,,1006.0,,,,cc3,C,1,raw,XLRE,VIX,2020-23,-19.04208080812403,-1.3249509988142862,,,,,,,,,,,,,,,,,,,,,,,
reg,,,683.0,,,,cc3,C,1,raw,XLRE,VIX,2024-26,8.75577202551908,1.6392117376451971,,,,,,,,,,,,,,,,,,,,,,,
reg,,,1006.0,,,,cc3,C,1,raw,XLRE,SPY,2020-23,11.135531723922616,0.7686350987493146,,,,,,,,,,,,,,,,,,,,,,,
reg,,,683.0,,,,cc3,C,1,raw,XLRE,SPY,2024-26,-6.827524457838238,-0.8916402674366097,,,,,,,,,,,,,,,,,,,,,,,
reg,,,1006.0,,,,cc3,C,1,raw,XLC,TLT,2020-23,17.761575127991907,1.4552832923239616,,,,,,,,,,,,,,,,,,,,,,,
reg,,,683.0,,,,cc3,C,1,raw,XLC,TLT,2024-26,-8.9088777984123,-1.3074754365801586,,,,,,,,,,,,,,,,,,,,,,,
reg,,,1006.0,,,,cc3,C,1,raw,XLC,UUP,2020-23,-9.301021062685347,-0.8768741502111538,,,,,,,,,,,,,,,,,,,,,,,
reg,,,683.0,,,,cc3,C,1,raw,XLC,UUP,2024-26,2.784535732252771,0.29729907672532313,,,,,,,,,,,,,,,,,,,,,,,
reg,,,1006.0,,,,cc3,C,1,raw,XLC,USO,2020-23,11.886068748867451,0.8346507235753127,,,,,,,,,,,,,,,,,,,,,,,
reg,,,683.0,,,,cc3,C,1,raw,XLC,USO,2024-26,10.40777583770902,1.3749937355999085,,,,,,,,,,,,,,,,,,,,,,,
reg,,,1006.0,,,,cc3,C,1,raw,XLC,GLD,2020-23,12.168086428992497,1.2568755519833483,,,,,,,,,,,,,,,,,,,,,,,
reg,,,683.0,,,,cc3,C,1,raw,XLC,GLD,2024-26,3.458198099269587,0.4899651574830637,,,,,,,,,,,,,,,,,,,,,,,
reg,,,1006.0,,,,cc3,C,1,raw,XLC,HYG,2020-23,0.05293465760608719,0.004461601771273157,,,,,,,,,,,,,,,,,,,,,,,
reg,,,683.0,,,,cc3,C,1,raw,XLC,HYG,2024-26,-10.155701232410893,-1.1702252648805045,,,,,,,,,,,,,,,,,,,,,,,
reg,,,752.0,,,,cc3,C,1,raw,XLC,BTC,2020-23,-1.7102661405927182,-0.16657240126142353,,,,,,,,,,,,,,,,,,,,,,,
reg,,,683.0,,,,cc3,C,1,raw,XLC,BTC,2024-26,0.772808255232222,0.12024774063098026,,,,,,,,,,,,,,,,,,,,,,,
reg,,,1006.0,,,,cc3,C,1,raw,XLC,VIX,2020-23,-4.583116069667757,-0.43121693078533113,,,,,,,,,,,,,,,,,,,,,,,
reg,,,683.0,,,,cc3,C,1,raw,XLC,VIX,2024-26,8.29921746174005,1.0608494866993947,,,,,,,,,,,,,,,,,,,,,,,
reg,,,1006.0,,,,cc3,C,1,raw,XLC,SPY,2020-23,-10.575997301137201,-0.9274015881778137,,,,,,,,,,,,,,,,,,,,,,,
reg,,,683.0,,,,cc3,C,1,raw,XLC,SPY,2024-26,-12.578427183187706,-1.525478949850172,,,,,,,,,,,,,,,,,,,,,,,
reg,,,1006.0,,,,cc3,C,1,raw,SMH,TLT,2020-23,35.348699214980414,2.0738330493883805,,,,,,,,,,,,,,,,,,,,,,,
reg,,,683.0,,,,cc3,C,1,raw,SMH,TLT,2024-26,-3.1602237678581653,-0.21130869836279514,,,,,,,,,,,,,,,,,,,,,,,
reg,,,1006.0,,,,cc3,C,1,raw,SMH,UUP,2020-23,1.7240786249902367,0.12375011813157724,,,,,,,,,,,,,,,,,,,,,,,
reg,,,683.0,,,,cc3,C,1,raw,SMH,UUP,2024-26,4.4213340458504495,0.2549476221289829,,,,,,,,,,,,,,,,,,,,,,,
reg,,,1006.0,,,,cc3,C,1,raw,SMH,USO,2020-23,6.510680463896729,0.3431770335479501,,,,,,,,,,,,,,,,,,,,,,,
reg,,,683.0,,,,cc3,C,1,raw,SMH,USO,2024-26,5.971211134061696,0.3481606572739251,,,,,,,,,,,,,,,,,,,,,,,
reg,,,1006.0,,,,cc3,C,1,raw,SMH,GLD,2020-23,10.954275775362538,0.8668910106130447,,,,,,,,,,,,,,,,,,,,,,,
reg,,,683.0,,,,cc3,C,1,raw,SMH,GLD,2024-26,-10.28079964862998,-0.6577943692956565,,,,,,,,,,,,,,,,,,,,,,,
reg,,,1006.0,,,,cc3,C,1,raw,SMH,HYG,2020-23,-21.87297118446264,-1.136318447061783,,,,,,,,,,,,,,,,,,,,,,,
reg,,,683.0,,,,cc3,C,1,raw,SMH,HYG,2024-26,-19.440961481142896,-0.9881170901850765,,,,,,,,,,,,,,,,,,,,,,,
reg,,,752.0,,,,cc3,C,1,raw,SMH,BTC,2020-23,-17.23195491594379,-1.2116901729234528,,,,,,,,,,,,,,,,,,,,,,,
reg,,,683.0,,,,cc3,C,1,raw,SMH,BTC,2024-26,-1.8812836682613614,-0.12591678368396875,,,,,,,,,,,,,,,,,,,,,,,
reg,,,1006.0,,,,cc3,C,1,raw,SMH,VIX,2020-23,-3.7385093114107844,-0.2524683441329385,,,,,,,,,,,,,,,,,,,,,,,
reg,,,683.0,,,,cc3,C,1,raw,SMH,VIX,2024-26,1.6915761910883764,0.0998077223763969,,,,,,,,,,,,,,,,,,,,,,,
reg,,,1006.0,,,,cc3,C,1,raw,SMH,SPY,2020-23,-33.582318990931896,-2.1174253442333213,,,,,,,,,,,,,,,,,,,,,,,
reg,,,683.0,,,,cc3,C,1,raw,SMH,SPY,2024-26,-29.344934095854633,-1.7415083381238712,,,,,,,,,,,,,,,,,,,,,,,
reg,,,1006.0,,,,cc3,C,1,raw,XBI,TLT,2020-23,17.049454592302926,1.0028124894064625,,,,,,,,,,,,,,,,,,,,,,,
reg,,,683.0,,,,cc3,C,1,raw,XBI,TLT,2024-26,-3.3973392413123773,-0.27810808631859774,,,,,,,,,,,,,,,,,,,,,,,
reg,,,1006.0,,,,cc3,C,1,raw,XBI,UUP,2020-23,5.269174925096402,0.368281185704158,,,,,,,,,,,,,,,,,,,,,,,
reg,,,683.0,,,,cc3,C,1,raw,XBI,UUP,2024-26,1.4541846095288853,0.10277242163113272,,,,,,,,,,,,,,,,,,,,,,,
reg,,,1006.0,,,,cc3,C,1,raw,XBI,USO,2020-23,2.695353494262919,0.11773758567924805,,,,,,,,,,,,,,,,,,,,,,,
reg,,,683.0,,,,cc3,C,1,raw,XBI,USO,2024-26,4.901656994711561,0.43949409110129617,,,,,,,,,,,,,,,,,,,,,,,
reg,,,1006.0,,,,cc3,C,1,raw,XBI,GLD,2020-23,10.806640833814358,0.7658802220490917,,,,,,,,,,,,,,,,,,,,,,,
reg,,,683.0,,,,cc3,C,1,raw,XBI,GLD,2024-26,-2.389539278578863,-0.23887764122006724,,,,,,,,,,,,,,,,,,,,,,,
reg,,,1006.0,,,,cc3,C,1,raw,XBI,HYG,2020-23,-17.46935897379618,-0.8602638308588877,,,,,,,,,,,,,,,,,,,,,,,
reg,,,683.0,,,,cc3,C,1,raw,XBI,HYG,2024-26,-0.6310800143869804,-0.05374170638187748,,,,,,,,,,,,,,,,,,,,,,,
reg,,,752.0,,,,cc3,C,1,raw,XBI,BTC,2020-23,-29.26834712758522,-2.325801436197179,,,,,,,,,,,,,,,,,,,,,,,
reg,,,683.0,,,,cc3,C,1,raw,XBI,BTC,2024-26,-15.475968737139478,-1.409345312698998,,,,,,,,,,,,,,,,,,,,,,,
reg,,,1006.0,,,,cc3,C,1,raw,XBI,VIX,2020-23,-5.245530999496286,-0.3558598176783034,,,,,,,,,,,,,,,,,,,,,,,
reg,,,683.0,,,,cc3,C,1,raw,XBI,VIX,2024-26,1.3577605186597144,0.136134151800811,,,,,,,,,,,,,,,,,,,,,,,
reg,,,1006.0,,,,cc3,C,1,raw,XBI,SPY,2020-23,-20.723101108724613,-1.1834580202768228,,,,,,,,,,,,,,,,,,,,,,,
reg,,,683.0,,,,cc3,C,1,raw,XBI,SPY,2024-26,-12.985112973616067,-1.0691187958812767,,,,,,,,,,,,,,,,,,,,,,,
reg,,,1006.0,,,,cc3,C,1,raw,KRE,TLT,2020-23,21.01246862861031,1.0158652250094575,,,,,,,,,,,,,,,,,,,,,,,
reg,,,683.0,,,,cc3,C,1,raw,KRE,TLT,2024-26,-15.983503622340775,-1.5111940038355114,,,,,,,,,,,,,,,,,,,,,,,
reg,,,1006.0,,,,cc3,C,1,raw,KRE,UUP,2020-23,0.6398750764844021,0.03354059049602326,,,,,,,,,,,,,,,,,,,,,,,
reg,,,683.0,,,,cc3,C,1,raw,KRE,UUP,2024-26,18.206750843246255,1.4203997388261034,,,,,,,,,,,,,,,,,,,,,,,
reg,,,1006.0,,,,cc3,C,1,raw,KRE,USO,2020-23,14.358598945186166,0.7023781901945311,,,,,,,,,,,,,,,,,,,,,,,
reg,,,683.0,,,,cc3,C,1,raw,KRE,USO,2024-26,7.723643707405564,0.7829509724128622,,,,,,,,,,,,,,,,,,,,,,,
reg,,,1006.0,,,,cc3,C,1,raw,KRE,GLD,2020-23,15.314239596392314,0.772273752033144,,,,,,,,,,,,,,,,,,,,,,,
reg,,,683.0,,,,cc3,C,1,raw,KRE,GLD,2024-26,-27.412805345176917,-3.1375920782504783,,,,,,,,,,,,,,,,,,,,,,,
reg,,,1006.0,,,,cc3,C,1,raw,KRE,HYG,2020-23,-6.1761891064183585,-0.3466550703111181,,,,,,,,,,,,,,,,,,,,,,,
reg,,,683.0,,,,cc3,C,1,raw,KRE,HYG,2024-26,-19.856171537111546,-1.9930491946038082,,,,,,,,,,,,,,,,,,,,,,,
reg,,,752.0,,,,cc3,C,1,raw,KRE,BTC,2020-23,18.79375231264956,1.625697043018719,,,,,,,,,,,,,,,,,,,,,,,
reg,,,683.0,,,,cc3,C,1,raw,KRE,BTC,2024-26,-23.527368024622113,-2.5642012366855083,,,,,,,,,,,,,,,,,,,,,,,
reg,,,1006.0,,,,cc3,C,1,raw,KRE,VIX,2020-23,-17.095389265507826,-0.965984644498239,,,,,,,,,,,,,,,,,,,,,,,
reg,,,683.0,,,,cc3,C,1,raw,KRE,VIX,2024-26,10.552552826977772,1.2578525430672114,,,,,,,,,,,,,,,,,,,,,,,
reg,,,1006.0,,,,cc3,C,1,raw,KRE,SPY,2020-23,-5.993391904884437,-0.3349629897684706,,,,,,,,,,,,,,,,,,,,,,,
reg,,,683.0,,,,cc3,C,1,raw,KRE,SPY,2024-26,-28.961342956658857,-3.2512058701369413,,,,,,,,,,,,,,,,,,,,,,,
reg,,,1006.0,,,,cc3,C,1,excess,XLK,TLT,2020-23,7.086395842267183,2.1487589312780844,,,,,,,,,,,,,,,,,,,,,,,
reg,,,683.0,,,,cc3,C,1,excess,XLK,TLT,2024-26,2.515691249427189,0.4780148785228913,,,,,,,,,,,,,,,,,,,,,,,
reg,,,1006.0,,,,cc3,C,1,excess,XLK,UUP,2020-23,0.20370344736053103,0.05096314908477212,,,,,,,,,,,,,,,,,,,,,,,
reg,,,683.0,,,,cc3,C,1,excess,XLK,UUP,2024-26,-2.6519213375322774,-0.5039704292293633,,,,,,,,,,,,,,,,,,,,,,,
reg,,,1006.0,,,,cc3,C,1,excess,XLK,USO,2020-23,-4.728353703945485,-1.236099371265651,,,,,,,,,,,,,,,,,,,,,,,
reg,,,683.0,,,,cc3,C,1,excess,XLK,USO,2024-26,-4.608839690852617,-0.6964003907103505,,,,,,,,,,,,,,,,,,,,,,,
reg,,,1006.0,,,,cc3,C,1,excess,XLK,GLD,2020-23,-4.030161625454046,-1.0559348612223305,,,,,,,,,,,,,,,,,,,,,,,
reg,,,683.0,,,,cc3,C,1,excess,XLK,GLD,2024-26,1.2805775543798308,0.21602037666297402,,,,,,,,,,,,,,,,,,,,,,,
reg,,,1006.0,,,,cc3,C,1,excess,XLK,HYG,2020-23,-10.655499888070215,-2.3425477103015857,,,,,,,,,,,,,,,,,,,,,,,
reg,,,683.0,,,,cc3,C,1,excess,XLK,HYG,2024-26,0.44898568501279057,0.07718985631156187,,,,,,,,,,,,,,,,,,,,,,,
reg,,,752.0,,,,cc3,C,1,excess,XLK,BTC,2020-23,-8.771100556014384,-2.218315936390662,,,,,,,,,,,,,,,,,,,,,,,
reg,,,683.0,,,,cc3,C,1,excess,XLK,BTC,2024-26,4.675872617991827,0.7927296623838037,,,,,,,,,,,,,,,,,,,,,,,
reg,,,1006.0,,,,cc3,C,1,excess,XLK,VIX,2020-23,7.624101657792454,2.1388360548684435,,,,,,,,,,,,,,,,,,,,,,,
reg,,,683.0,,,,cc3,C,1,excess,XLK,VIX,2024-26,-6.615870239549681,-1.2176095428603029,,,,,,,,,,,,,,,,,,,,,,,
reg,,,1006.0,,,,cc3,C,1,excess,XLK,SPY,2020-23,-13.232665409522532,-4.027570827734326,,,,,,,,,,,,,,,,,,,,,,,
reg,,,683.0,,,,cc3,C,1,excess,XLK,SPY,2024-26,-1.2140802826162582,-0.22512906810772143,,,,,,,,,,,,,,,,,,,,,,,
reg,,,1006.0,,,,cc3,C,1,excess,XLF,TLT,2020-23,-2.469633012769562,-0.4571219990304806,,,,,,,,,,,,,,,,,,,,,,,
reg,,,683.0,,,,cc3,C,1,excess,XLF,TLT,2024-26,-3.5351335188919935,-0.8244041700172398,,,,,,,,,,,,,,,,,,,,,,,
reg,,,1006.0,,,,cc3,C,1,excess,XLF,UUP,2020-23,1.5762711327125682,0.3167209316383494,,,,,,,,,,,,,,,,,,,,,,,
reg,,,683.0,,,,cc3,C,1,excess,XLF,UUP,2024-26,4.3499952011369984,0.8973305174612656,,,,,,,,,,,,,,,,,,,,,,,
reg,,,1006.0,,,,cc3,C,1,excess,XLF,USO,2020-23,7.726075935446401,1.5665034823309105,,,,,,,,,,,,,,,,,,,,,,,
reg,,,683.0,,,,cc3,C,1,excess,XLF,USO,2024-26,1.3420944740973393,0.25528909637931824,,,,,,,,,,,,,,,,,,,,,,,
reg,,,1006.0,,,,cc3,C,1,excess,XLF,GLD,2020-23,1.7949715898978107,0.26091984518283945,,,,,,,,,,,,,,,,,,,,,,,
reg,,,683.0,,,,cc3,C,1,excess,XLF,GLD,2024-26,-4.31492299899406,-0.9528705694320998,,,,,,,,,,,,,,,,,,,,,,,
reg,,,1006.0,,,,cc3,C,1,excess,XLF,HYG,2020-23,-3.47754746676169,-0.518597264388623,,,,,,,,,,,,,,,,,,,,,,,
reg,,,683.0,,,,cc3,C,1,excess,XLF,HYG,2024-26,-1.1523045122134292,-0.23715431444707505,,,,,,,,,,,,,,,,,,,,,,,
reg,,,752.0,,,,cc3,C,1,excess,XLF,BTC,2020-23,8.447821020257742,1.8987308177746434,,,,,,,,,,,,,,,,,,,,,,,
reg,,,683.0,,,,cc3,C,1,excess,XLF,BTC,2024-26,-5.309330274127354,-1.0448156704565152,,,,,,,,,,,,,,,,,,,,,,,
reg,,,1006.0,,,,cc3,C,1,excess,XLF,VIX,2020-23,-4.58143518858386,-0.8410758419464681,,,,,,,,,,,,,,,,,,,,,,,
reg,,,683.0,,,,cc3,C,1,excess,XLF,VIX,2024-26,5.578231363663085,1.4452464341080227,,,,,,,,,,,,,,,,,,,,,,,
reg,,,1006.0,,,,cc3,C,1,excess,XLF,SPY,2020-23,3.6283312214779375,0.6841015723001593,,,,,,,,,,,,,,,,,,,,,,,
reg,,,683.0,,,,cc3,C,1,excess,XLF,SPY,2024-26,0.18536881296580046,0.03630022774467362,,,,,,,,,,,,,,,,,,,,,,,
reg,,,1006.0,,,,cc3,C,1,excess,XLE,TLT,2020-23,-11.839259195805994,-0.8073670950563465,,,,,,,,,,,,,,,,,,,,,,,
reg,,,683.0,,,,cc3,C,1,excess,XLE,TLT,2024-26,-5.7038659477596125,-0.6529841022123696,,,,,,,,,,,,,,,,,,,,,,,
reg,,,1006.0,,,,cc3,C,1,excess,XLE,UUP,2020-23,27.139761061744473,2.0468971811819987,,,,,,,,,,,,,,,,,,,,,,,
reg,,,683.0,,,,cc3,C,1,excess,XLE,UUP,2024-26,-4.493494704188563,-0.49504030683705985,,,,,,,,,,,,,,,,,,,,,,,
reg,,,1006.0,,,,cc3,C,1,excess,XLE,USO,2020-23,1.3855960941736523,0.09279678350496505,,,,,,,,,,,,,,,,,,,,,,,
reg,,,683.0,,,,cc3,C,1,excess,XLE,USO,2024-26,-2.8122405524671525,-0.25269125371922174,,,,,,,,,,,,,,,,,,,,,,,
reg,,,1006.0,,,,cc3,C,1,excess,XLE,GLD,2020-23,-8.519530520919831,-0.5328503304184834,,,,,,,,,,,,,,,,,,,,,,,
reg,,,683.0,,,,cc3,C,1,excess,XLE,GLD,2024-26,-7.998915922868022,-0.7953465041809787,,,,,,,,,,,,,,,,,,,,,,,
reg,,,1006.0,,,,cc3,C,1,excess,XLE,HYG,2020-23,-3.366094476672511,-0.19798694222021654,,,,,,,,,,,,,,,,,,,,,,,
reg,,,683.0,,,,cc3,C,1,excess,XLE,HYG,2024-26,4.201835482665556,0.46168294489510137,,,,,,,,,,,,,,,,,,,,,,,
reg,,,752.0,,,,cc3,C,1,excess,XLE,BTC,2020-23,13.127854923029462,1.0017740138927365,,,,,,,,,,,,,,,,,,,,,,,
reg,,,683.0,,,,cc3,C,1,excess,XLE,BTC,2024-26,-4.678255491404723,-0.5358443825942402,,,,,,,,,,,,,,,,,,,,,,,
reg,,,1006.0,,,,cc3,C,1,excess,XLE,VIX,2020-23,-21.90243854348983,-1.7197699400263484,,,,,,,,,,,,,,,,,,,,,,,
reg,,,683.0,,,,cc3,C,1,excess,XLE,VIX,2024-26,-10.766955498725215,-1.1171054084061935,,,,,,,,,,,,,,,,,,,,,,,
reg,,,1006.0,,,,cc3,C,1,excess,XLE,SPY,2020-23,8.765376603944851,0.6275623499842696,,,,,,,,,,,,,,,,,,,,,,,
reg,,,683.0,,,,cc3,C,1,excess,XLE,SPY,2024-26,5.275582612483916,0.5992975888708277,,,,,,,,,,,,,,,,,,,,,,,
reg,,,1006.0,,,,cc3,C,1,excess,XLV,TLT,2020-23,-4.054970444869868,-0.91920460705807,,,,,,,,,,,,,,,,,,,,,,,
reg,,,683.0,,,,cc3,C,1,excess,XLV,TLT,2024-26,5.189202280987453,0.9045954750161446,,,,,,,,,,,,,,,,,,,,,,,
reg,,,1006.0,,,,cc3,C,1,excess,XLV,UUP,2020-23,-7.854018771717191,-1.5386240889255929,,,,,,,,,,,,,,,,,,,,,,,
reg,,,683.0,,,,cc3,C,1,excess,XLV,UUP,2024-26,1.7163848626294391,0.21500416379065565,,,,,,,,,,,,,,,,,,,,,,,
reg,,,1006.0,,,,cc3,C,1,excess,XLV,USO,2020-23,-3.3317951346536927,-0.5842915398227447,,,,,,,,,,,,,,,,,,,,,,,
reg,,,683.0,,,,cc3,C,1,excess,XLV,USO,2024-26,0.21741318437076046,0.02768193051787183,,,,,,,,,,,,,,,,,,,,,,,
reg,,,1006.0,,,,cc3,C,1,excess,XLV,GLD,2020-23,1.667491134544163,0.3908809065194856,,,,,,,,,,,,,,,,,,,,,,,
reg,,,683.0,,,,cc3,C,1,excess,XLV,GLD,2024-26,1.0519922019870078,0.14796413929200672,,,,,,,,,,,,,,,,,,,,,,,
reg,,,1006.0,,,,cc3,C,1,excess,XLV,HYG,2020-23,7.689803975000155,1.0906730570898073,,,,,,,,,,,,,,,,,,,,,,,
reg,,,683.0,,,,cc3,C,1,excess,XLV,HYG,2024-26,4.301775458090421,0.4824772267282041,,,,,,,,,,,,,,,,,,,,,,,
reg,,,752.0,,,,cc3,C,1,excess,XLV,BTC,2020-23,-0.052718671616665,-0.010695996653509128,,,,,,,,,,,,,,,,,,,,,,,
reg,,,683.0,,,,cc3,C,1,excess,XLV,BTC,2024-26,-6.965017625902774,-1.0510858373844243,,,,,,,,,,,,,,,,,,,,,,,
reg,,,1006.0,,,,cc3,C,1,excess,XLV,VIX,2020-23,0.7937137504245749,0.19438534272610103,,,,,,,,,,,,,,,,,,,,,,,
reg,,,683.0,,,,cc3,C,1,excess,XLV,VIX,2024-26,2.9675422945383048,0.40362983948480985,,,,,,,,,,,,,,,,,,,,,,,
reg,,,1006.0,,,,cc3,C,1,excess,XLV,SPY,2020-23,3.635023096461045,0.6750860798952949,,,,,,,,,,,,,,,,,,,,,,,
reg,,,683.0,,,,cc3,C,1,excess,XLV,SPY,2024-26,5.261318212065481,0.6206378633076446,,,,,,,,,,,,,,,,,,,,,,,
reg,,,1006.0,,,,cc3,C,1,excess,XLI,TLT,2020-23,2.8359721723985727,0.44907522632939567,,,,,,,,,,,,,,,,,,,,,,,
reg,,,683.0,,,,cc3,C,1,excess,XLI,TLT,2024-26,1.5524704780810656,0.3897093241901361,,,,,,,,,,,,,,,,,,,,,,,
reg,,,1006.0,,,,cc3,C,1,excess,XLI,UUP,2020-23,2.9997464833943552,0.7271160832597701,,,,,,,,,,,,,,,,,,,,,,,
reg,,,683.0,,,,cc3,C,1,excess,XLI,UUP,2024-26,-0.9774011696564783,-0.22954391300644847,,,,,,,,,,,,,,,,,,,,,,,
reg,,,1006.0,,,,cc3,C,1,excess,XLI,USO,2020-23,8.02686868821426,1.6759887551876314,,,,,,,,,,,,,,,,,,,,,,,
reg,,,683.0,,,,cc3,C,1,excess,XLI,USO,2024-26,0.9437497880377642,0.18189613435716834,,,,,,,,,,,,,,,,,,,,,,,
reg,,,1006.0,,,,cc3,C,1,excess,XLI,GLD,2020-23,7.232340473032812,1.0911289177761354,,,,,,,,,,,,,,,,,,,,,,,
reg,,,683.0,,,,cc3,C,1,excess,XLI,GLD,2024-26,-2.5900044718910857,-0.5337892700624484,,,,,,,,,,,,,,,,,,,,,,,
reg,,,1006.0,,,,cc3,C,1,excess,XLI,HYG,2020-23,0.459546763483017,0.06689364984023047,,,,,,,,,,,,,,,,,,,,,,,
reg,,,683.0,,,,cc3,C,1,excess,XLI,HYG,2024-26,1.645294042966506,0.4629925727781804,,,,,,,,,,,,,,,,,,,,,,,
reg,,,752.0,,,,cc3,C,1,excess,XLI,BTC,2020-23,9.142744667294195,2.3141540900719444,,,,,,,,,,,,,,,,,,,,,,,
reg,,,683.0,,,,cc3,C,1,excess,XLI,BTC,2024-26,-4.101872034005698,-0.9579105368730804,,,,,,,,,,,,,,,,,,,,,,,
reg,,,1006.0,,,,cc3,C,1,excess,XLI,VIX,2020-23,-6.522093580325289,-1.4795565528250316,,,,,,,,,,,,,,,,,,,,,,,
reg,,,683.0,,,,cc3,C,1,excess,XLI,VIX,2024-26,4.606470382865499,1.30532795157104,,,,,,,,,,,,,,,,,,,,,,,
reg,,,1006.0,,,,cc3,C,1,excess,XLI,SPY,2020-23,5.164571397144741,1.1988343581353278,,,,,,,,,,,,,,,,,,,,,,,
reg,,,683.0,,,,cc3,C,1,excess,XLI,SPY,2024-26,3.073536865073395,0.8271353115505533,,,,,,,,,,,,,,,,,,,,,,,
reg,,,1006.0,,,,cc3,C,1,excess,XLY,TLT,2020-23,3.788294027236012,0.7097527398646757,,,,,,,,,,,,,,,,,,,,,,,
reg,,,683.0,,,,cc3,C,1,excess,XLY,TLT,2024-26,-5.12976307093835,-1.3208015391494594,,,,,,,,,,,,,,,,,,,,,,,
reg,,,1006.0,,,,cc3,C,1,excess,XLY,UUP,2020-23,7.218808335071036,1.0600903923230776,,,,,,,,,,,,,,,,,,,,,,,
reg,,,683.0,,,,cc3,C,1,excess,XLY,UUP,2024-26,5.997545758228396,1.2426987068849777,,,,,,,,,,,,,,,,,,,,,,,
reg,,,1006.0,,,,cc3,C,1,excess,XLY,USO,2020-23,-3.891657547105959,-0.6459435477139305,,,,,,,,,,,,,,,,,,,,,,,
reg,,,683.0,,,,cc3,C,1,excess,XLY,USO,2024-26,3.5752514774854607,0.8824578299720346,,,,,,,,,,,,,,,,,,,,,,,
reg,,,1006.0,,,,cc3,C,1,excess,XLY,GLD,2020-23,3.987382498424842,0.7080129663549047,,,,,,,,,,,,,,,,,,,,,,,
reg,,,683.0,,,,cc3,C,1,excess,XLY,GLD,2024-26,-5.34732283332957,-1.2272922859691748,,,,,,,,,,,,,,,,,,,,,,,
reg,,,1006.0,,,,cc3,C,1,excess,XLY,HYG,2020-23,-6.75686595453648,-0.7550673555907051,,,,,,,,,,,,,,,,,,,,,,,
reg,,,683.0,,,,cc3,C,1,excess,XLY,HYG,2024-26,-0.4944388190655177,-0.13163490482639645,,,,,,,,,,,,,,,,,,,,,,,
reg,,,752.0,,,,cc3,C,1,excess,XLY,BTC,2020-23,-0.3327172684632968,-0.0765871837042502,,,,,,,,,,,,,,,,,,,,,,,
reg,,,683.0,,,,cc3,C,1,excess,XLY,BTC,2024-26,0.9998717857875618,0.2263042889536742,,,,,,,,,,,,,,,,,,,,,,,
reg,,,1006.0,,,,cc3,C,1,excess,XLY,VIX,2020-23,-1.1978600537572703,-0.28277836163106146,,,,,,,,,,,,,,,,,,,,,,,
reg,,,683.0,,,,cc3,C,1,excess,XLY,VIX,2024-26,1.8314274987758612,0.4630024244056219,,,,,,,,,,,,,,,,,,,,,,,
reg,,,1006.0,,,,cc3,C,1,excess,XLY,SPY,2020-23,1.1236905783928526,0.1728540410140133,,,,,,,,,,,,,,,,,,,,,,,
reg,,,683.0,,,,cc3,C,1,excess,XLY,SPY,2024-26,-2.3798829026122728,-0.5693925945520326,,,,,,,,,,,,,,,,,,,,,,,
reg,,,1006.0,,,,cc3,C,1,excess,XLP,TLT,2020-23,-6.590611825329563,-1.0468746016234016,,,,,,,,,,,,,,,,,,,,,,,
reg,,,683.0,,,,cc3,C,1,excess,XLP,TLT,2024-26,1.9233885343009316,0.3016858281559237,,,,,,,,,,,,,,,,,,,,,,,
reg,,,1006.0,,,,cc3,C,1,excess,XLP,UUP,2020-23,-5.135403736607808,-0.6870926881951734,,,,,,,,,,,,,,,,,,,,,,,
reg,,,683.0,,,,cc3,C,1,excess,XLP,UUP,2024-26,-3.2859374081211272,-0.38869611410176885,,,,,,,,,,,,,,,,,,,,,,,
reg,,,1006.0,,,,cc3,C,1,excess,XLP,USO,2020-23,4.974982070306043,0.7266960102020916,,,,,,,,,,,,,,,,,,,,,,,
reg,,,683.0,,,,cc3,C,1,excess,XLP,USO,2024-26,4.665780738428662,0.5338723562018718,,,,,,,,,,,,,,,,,,,,,,,
reg,,,1006.0,,,,cc3,C,1,excess,XLP,GLD,2020-23,-8.336598091982115,-1.0169744278017792,,,,,,,,,,,,,,,,,,,,,,,
reg,,,683.0,,,,cc3,C,1,excess,XLP,GLD,2024-26,5.77903336038557,0.6339390621001079,,,,,,,,,,,,,,,,,,,,,,,
reg,,,1006.0,,,,cc3,C,1,excess,XLP,HYG,2020-23,15.385638907195172,1.6363805919905314,,,,,,,,,,,,,,,,,,,,,,,
reg,,,683.0,,,,cc3,C,1,excess,XLP,HYG,2024-26,9.733341161242866,0.9627311855002657,,,,,,,,,,,,,,,,,,,,,,,
reg,,,752.0,,,,cc3,C,1,excess,XLP,BTC,2020-23,2.5159573176132803,0.4823547608274462,,,,,,,,,,,,,,,,,,,,,,,
reg,,,683.0,,,,cc3,C,1,excess,XLP,BTC,2024-26,-4.6302863450148966,-0.6122821491339634,,,,,,,,,,,,,,,,,,,,,,,
reg,,,1006.0,,,,cc3,C,1,excess,XLP,VIX,2020-23,-5.266750455406757,-0.8516461555199029,,,,,,,,,,,,,,,,,,,,,,,
reg,,,683.0,,,,cc3,C,1,excess,XLP,VIX,2024-26,-3.9318386093601023,-0.5186045142241694,,,,,,,,,,,,,,,,,,,,,,,
reg,,,1006.0,,,,cc3,C,1,excess,XLP,SPY,2020-23,6.102500464656124,0.8113393712692273,,,,,,,,,,,,,,,,,,,,,,,
reg,,,683.0,,,,cc3,C,1,excess,XLP,SPY,2024-26,12.904816488956593,1.2948867702604077,,,,,,,,,,,,,,,,,,,,,,,
reg,,,1006.0,,,,cc3,C,1,excess,XLU,TLT,2020-23,7.662445474325793,0.787862763129356,,,,,,,,,,,,,,,,,,,,,,,
reg,,,683.0,,,,cc3,C,1,excess,XLU,TLT,2024-26,-2.0710655335423596,-0.2860106276619782,,,,,,,,,,,,,,,,,,,,,,,
reg,,,1006.0,,,,cc3,C,1,excess,XLU,UUP,2020-23,-17.682048059786432,-1.7047515053518318,,,,,,,,,,,,,,,,,,,,,,,
reg,,,683.0,,,,cc3,C,1,excess,XLU,UUP,2024-26,8.568480555742893,0.9996041483249591,,,,,,,,,,,,,,,,,,,,,,,
reg,,,1006.0,,,,cc3,C,1,excess,XLU,USO,2020-23,18.57452023768309,1.994929817813743,,,,,,,,,,,,,,,,,,,,,,,
reg,,,683.0,,,,cc3,C,1,excess,XLU,USO,2024-26,10.360899294883161,1.1892967715475145,,,,,,,,,,,,,,,,,,,,,,,
reg,,,1006.0,,,,cc3,C,1,excess,XLU,GLD,2020-23,9.320868556069085,1.002250272445074,,,,,,,,,,,,,,,,,,,,,,,
reg,,,683.0,,,,cc3,C,1,excess,XLU,GLD,2024-26,3.8869130605270303,0.5416177809559963,,,,,,,,,,,,,,,,,,,,,,,
reg,,,1006.0,,,,cc3,C,1,excess,XLU,HYG,2020-23,25.085454191243134,2.295958948816807,,,,,,,,,,,,,,,,,,,,,,,
reg,,,683.0,,,,cc3,C,1,excess,XLU,HYG,2024-26,5.21026356560213,0.5376641543878287,,,,,,,,,,,,,,,,,,,,,,,
reg,,,752.0,,,,cc3,C,1,excess,XLU,BTC,2020-23,8.872970962403201,1.498659102774164,,,,,,,,,,,,,,,,,,,,,,,
reg,,,683.0,,,,cc3,C,1,excess,XLU,BTC,2024-26,-2.85530842821829,-0.4168142270943795,,,,,,,,,,,,,,,,,,,,,,,
reg,,,1006.0,,,,cc3,C,1,excess,XLU,VIX,2020-23,-12.967590071766754,-2.0884169989726495,,,,,,,,,,,,,,,,,,,,,,,
reg,,,683.0,,,,cc3,C,1,excess,XLU,VIX,2024-26,0.1800634209410363,0.02547072675614653,,,,,,,,,,,,,,,,,,,,,,,
reg,,,1006.0,,,,cc3,C,1,excess,XLU,SPY,2020-23,23.86156730800801,3.052354332769309,,,,,,,,,,,,,,,,,,,,,,,
reg,,,683.0,,,,cc3,C,1,excess,XLU,SPY,2024-26,7.983771647923904,0.8204570835807103,,,,,,,,,,,,,,,,,,,,,,,
reg,,,1006.0,,,,cc3,C,1,excess,XLB,TLT,2020-23,-2.574111948651853,-0.6220021822135566,,,,,,,,,,,,,,,,,,,,,,,
reg,,,683.0,,,,cc3,C,1,excess,XLB,TLT,2024-26,-1.2523028848089648,-0.24293182313035638,,,,,,,,,,,,,,,,,,,,,,,
reg,,,1006.0,,,,cc3,C,1,excess,XLB,UUP,2020-23,8.116853502349608,1.819458794648264,,,,,,,,,,,,,,,,,,,,,,,
reg,,,683.0,,,,cc3,C,1,excess,XLB,UUP,2024-26,-6.313784941237704,-0.9706178422946631,,,,,,,,,,,,,,,,,,,,,,,
reg,,,1006.0,,,,cc3,C,1,excess,XLB,USO,2020-23,1.2399597362889425,0.2723233272668664,,,,,,,,,,,,,,,,,,,,,,,
reg,,,683.0,,,,cc3,C,1,excess,XLB,USO,2024-26,-4.994331856817201,-0.7092443877593696,,,,,,,,,,,,,,,,,,,,,,,
reg,,,1006.0,,,,cc3,C,1,excess,XLB,GLD,2020-23,0.3939758761230597,0.07329846861022914,,,,,,,,,,,,,,,,,,,,,,,
reg,,,683.0,,,,cc3,C,1,excess,XLB,GLD,2024-26,-0.1550194329476869,-0.015592297929020935,,,,,,,,,,,,,,,,,,,,,,,
reg,,,1006.0,,,,cc3,C,1,excess,XLB,HYG,2020-23,-3.8023288873392986,-0.6936981604776036,,,,,,,,,,,,,,,,,,,,,,,
reg,,,683.0,,,,cc3,C,1,excess,XLB,HYG,2024-26,4.938639637883054,0.6827112585330537,,,,,,,,,,,,,,,,,,,,,,,
reg,,,752.0,,,,cc3,C,1,excess,XLB,BTC,2020-23,11.46273594950425,2.246205850374047,,,,,,,,,,,,,,,,,,,,,,,
reg,,,683.0,,,,cc3,C,1,excess,XLB,BTC,2024-26,3.183608552868834,0.5557919542956515,,,,,,,,,,,,,,,,,,,,,,,
reg,,,1006.0,,,,cc3,C,1,excess,XLB,VIX,2020-23,-1.4102737502226808,-0.32523195862938353,,,,,,,,,,,,,,,,,,,,,,,
reg,,,683.0,,,,cc3,C,1,excess,XLB,VIX,2024-26,1.105719866866175,0.1771067558944645,,,,,,,,,,,,,,,,,,,,,,,
reg,,,1006.0,,,,cc3,C,1,excess,XLB,SPY,2020-23,2.2012808635446643,0.43402693141531734,,,,,,,,,,,,,,,,,,,,,,,
reg,,,683.0,,,,cc3,C,1,excess,XLB,SPY,2024-26,6.170862627914967,0.8423088232337561,,,,,,,,,,,,,,,,,,,,,,,
reg,,,1006.0,,,,cc3,C,1,excess,XLRE,TLT,2020-23,7.997645452609987,1.5825984488366531,,,,,,,,,,,,,,,,,,,,,,,
reg,,,683.0,,,,cc3,C,1,excess,XLRE,TLT,2024-26,4.423152723548764,0.7009655709404138,,,,,,,,,,,,,,,,,,,,,,,
reg,,,1006.0,,,,cc3,C,1,excess,XLRE,UUP,2020-23,-14.920780019168527,-2.011238220607993,,,,,,,,,,,,,,,,,,,,,,,
reg,,,683.0,,,,cc3,C,1,excess,XLRE,UUP,2024-26,5.295840048049543,0.7074597259792561,,,,,,,,,,,,,,,,,,,,,,,
reg,,,1006.0,,,,cc3,C,1,excess,XLRE,USO,2020-23,11.677624356074839,1.7693843471440045,,,,,,,,,,,,,,,,,,,,,,,
reg,,,683.0,,,,cc3,C,1,excess,XLRE,USO,2024-26,11.347570961723399,1.4065952960552408,,,,,,,,,,,,,,,,,,,,,,,
reg,,,1006.0,,,,cc3,C,1,excess,XLRE,GLD,2020-23,19.6109984783582,2.3028596770048386,,,,,,,,,,,,,,,,,,,,,,,
reg,,,683.0,,,,cc3,C,1,excess,XLRE,GLD,2024-26,7.6333658929618355,1.1108437681480459,,,,,,,,,,,,,,,,,,,,,,,
reg,,,1006.0,,,,cc3,C,1,excess,XLRE,HYG,2020-23,18.111026413197376,1.8802383854501201,,,,,,,,,,,,,,,,,,,,,,,
reg,,,683.0,,,,cc3,C,1,excess,XLRE,HYG,2024-26,6.834893758768558,0.6940288367627578,,,,,,,,,,,,,,,,,,,,,,,
reg,,,752.0,,,,cc3,C,1,excess,XLRE,BTC,2020-23,-1.0730386181134954,-0.2027429865789507,,,,,,,,,,,,,,,,,,,,,,,
reg,,,683.0,,,,cc3,C,1,excess,XLRE,BTC,2024-26,-7.399735236942053,-1.0397082589314275,,,,,,,,,,,,,,,,,,,,,,,
reg,,,1006.0,,,,cc3,C,1,excess,XLRE,VIX,2020-23,-8.538792742367828,-1.4552887070567433,,,,,,,,,,,,,,,,,,,,,,,
reg,,,683.0,,,,cc3,C,1,excess,XLRE,VIX,2024-26,4.104841373375129,0.5079495233958429,,,,,,,,,,,,,,,,,,,,,,,
reg,,,1006.0,,,,cc3,C,1,excess,XLRE,SPY,2020-23,17.866423327191814,2.5106713824888893,,,,,,,,,,,,,,,,,,,,,,,
reg,,,683.0,,,,cc3,C,1,excess,XLRE,SPY,2024-26,5.341436687530777,0.5238584974628745,,,,,,,,,,,,,,,,,,,,,,,
reg,,,1006.0,,,,cc3,C,1,excess,XLC,TLT,2020-23,-5.609545250038419,-0.9386504643474479,,,,,,,,,,,,,,,,,,,,,,,
reg,,,683.0,,,,cc3,C,1,excess,XLC,TLT,2024-26,-2.3268072695989592,-0.6320990639396735,,,,,,,,,,,,,,,,,,,,,,,
reg,,,1006.0,,,,cc3,C,1,excess,XLC,UUP,2020-23,-3.128824036557766,-0.567112218110165,,,,,,,,,,,,,,,,,,,,,,,
reg,,,683.0,,,,cc3,C,1,excess,XLC,UUP,2024-26,-0.5697193951944727,-0.1602291024266237,,,,,,,,,,,,,,,,,,,,,,,
reg,,,1006.0,,,,cc3,C,1,excess,XLC,USO,2020-23,-3.130013967225814,-0.6069129111753795,,,,,,,,,,,,,,,,,,,,,,,
reg,,,683.0,,,,cc3,C,1,excess,XLC,USO,2024-26,6.152071099021292,1.357471340178868,,,,,,,,,,,,,,,,,,,,,,,
reg,,,1006.0,,,,cc3,C,1,excess,XLC,GLD,2020-23,-0.7710372138008216,-0.12095568918023732,,,,,,,,,,,,,,,,,,,,,,,
reg,,,683.0,,,,cc3,C,1,excess,XLC,GLD,2024-26,7.409119985541686,1.7133961011491141,,,,,,,,,,,,,,,,,,,,,,,
reg,,,1006.0,,,,cc3,C,1,excess,XLC,HYG,2020-23,-4.053090191452117,-0.7602050504443464,,,,,,,,,,,,,,,,,,,,,,,
reg,,,683.0,,,,cc3,C,1,excess,XLC,HYG,2024-26,-0.6482101159339166,-0.206655521479489,,,,,,,,,,,,,,,,,,,,,,,
reg,,,752.0,,,,cc3,C,1,excess,XLC,BTC,2020-23,0.38812286857227907,0.07005908307794692,,,,,,,,,,,,,,,,,,,,,,,
reg,,,683.0,,,,cc3,C,1,excess,XLC,BTC,2024-26,2.4977464333851502,0.6745406091352115,,,,,,,,,,,,,,,,,,,,,,,
reg,,,1006.0,,,,cc3,C,1,excess,XLC,VIX,2020-23,5.920171996088424,1.425926150800768,,,,,,,,,,,,,,,,,,,,,,,
reg,,,683.0,,,,cc3,C,1,excess,XLC,VIX,2024-26,3.6482868095961156,0.9605307304786117,,,,,,,,,,,,,,,,,,,,,,,
reg,,,1006.0,,,,cc3,C,1,excess,XLC,SPY,2020-23,-3.8451056978680103,-0.9184595726399182,,,,,,,,,,,,,,,,,,,,,,,
reg,,,683.0,,,,cc3,C,1,excess,XLC,SPY,2024-26,-0.4094660378187363,-0.11906684619916427,,,,,,,,,,,,,,,,,,,,,,,
reg,,,1006.0,,,,cc3,C,1,excess,SMH,TLT,2020-23,11.977578836950052,1.8045501731890874,,,,,,,,,,,,,,,,,,,,,,,
reg,,,683.0,,,,cc3,C,1,excess,SMH,TLT,2024-26,3.4218467609551673,0.364263669892002,,,,,,,,,,,,,,,,,,,,,,,
reg,,,1006.0,,,,cc3,C,1,excess,SMH,UUP,2020-23,7.896275651117819,0.7664747597140005,,,,,,,,,,,,,,,,,,,,,,,
reg,,,683.0,,,,cc3,C,1,excess,SMH,UUP,2024-26,1.0670789184032061,0.10956990384574057,,,,,,,,,,,,,,,,,,,,,,,
reg,,,1006.0,,,,cc3,C,1,excess,SMH,USO,2020-23,-8.505402252196571,-1.0222540973119192,,,,,,,,,,,,,,,,,,,,,,,
reg,,,683.0,,,,cc3,C,1,excess,SMH,USO,2024-26,1.715506395373942,0.1464320804873274,,,,,,,,,,,,,,,,,,,,,,,
reg,,,1006.0,,,,cc3,C,1,excess,SMH,GLD,2020-23,-1.9848478674307588,-0.25973096194686573,,,,,,,,,,,,,,,,,,,,,,,
reg,,,683.0,,,,cc3,C,1,excess,SMH,GLD,2024-26,-6.329877762357879,-0.5455900390728422,,,,,,,,,,,,,,,,,,,,,,,
reg,,,1006.0,,,,cc3,C,1,excess,SMH,HYG,2020-23,-25.978996033520872,-2.1716982826213753,,,,,,,,,,,,,,,,,,,,,,,
reg,,,683.0,,,,cc3,C,1,excess,SMH,HYG,2024-26,-9.933470364665924,-0.8823767095566315,,,,,,,,,,,,,,,,,,,,,,,
reg,,,752.0,,,,cc3,C,1,excess,SMH,BTC,2020-23,-15.13356590677878,-1.7080568276211794,,,,,,,,,,,,,,,,,,,,,,,
reg,,,683.0,,,,cc3,C,1,excess,SMH,BTC,2024-26,-0.15634549010843454,-0.014830996675875445,,,,,,,,,,,,,,,,,,,,,,,
reg,,,1006.0,,,,cc3,C,1,excess,SMH,VIX,2020-23,6.7647787543454365,0.9669843044581056,,,,,,,,,,,,,,,,,,,,,,,
reg,,,683.0,,,,cc3,C,1,excess,SMH,VIX,2024-26,-2.9593544610555527,-0.29612576418085435,,,,,,,,,,,,,,,,,,,,,,,
reg,,,1006.0,,,,cc3,C,1,excess,SMH,SPY,2020-23,-26.851427387662756,-3.281746702228413,,,,,,,,,,,,,,,,,,,,,,,
reg,,,683.0,,,,cc3,C,1,excess,SMH,SPY,2024-26,-17.17597295048566,-1.6623046615408343,,,,,,,,,,,,,,,,,,,,,,,
reg,,,1006.0,,,,cc3,C,1,excess,XBI,TLT,2020-23,-6.321665785727399,-0.5807224372012579,,,,,,,,,,,,,,,,,,,,,,,
reg,,,683.0,,,,cc3,C,1,excess,XBI,TLT,2024-26,3.184731287500957,0.33891079595842494,,,,,,,,,,,,,,,,,,,,,,,
reg,,,1006.0,,,,cc3,C,1,excess,XBI,UUP,2020-23,11.441371951223996,1.105421725752082,,,,,,,,,,,,,,,,,,,,,,,
reg,,,683.0,,,,cc3,C,1,excess,XBI,UUP,2024-26,-1.900070517918369,-0.17948765281887025,,,,,,,,,,,,,,,,,,,,,,,
reg,,,1006.0,,,,cc3,C,1,excess,XBI,USO,2020-23,-12.320729221830332,-0.8188265771836741,,,,,,,,,,,,,,,,,,,,,,,
reg,,,683.0,,,,cc3,C,1,excess,XBI,USO,2024-26,0.6459522560238141,0.061124380697323046,,,,,,,,,,,,,,,,,,,,,,,
reg,,,1006.0,,,,cc3,C,1,excess,XBI,GLD,2020-23,-2.1324828089789323,-0.22563450294581955,,,,,,,,,,,,,,,,,,,,,,,
reg,,,683.0,,,,cc3,C,1,excess,XBI,GLD,2024-26,1.5613826076932404,0.15424849725287335,,,,,,,,,,,,,,,,,,,,,,,
reg,,,1006.0,,,,cc3,C,1,excess,XBI,HYG,2020-23,-21.575383822854395,-1.6612393288050349,,,,,,,,,,,,,,,,,,,,,,,
reg,,,683.0,,,,cc3,C,1,excess,XBI,HYG,2024-26,8.876411102089984,0.756760942350844,,,,,,,,,,,,,,,,,,,,,,,
reg,,,752.0,,,,cc3,C,1,excess,XBI,BTC,2020-23,-27.169958118420226,-2.516809541150386,,,,,,,,,,,,,,,,,,,,,,,
reg,,,683.0,,,,cc3,C,1,excess,XBI,BTC,2024-26,-13.751030558986578,-1.4843718546979658,,,,,,,,,,,,,,,,,,,,,,,
reg,,,1006.0,,,,cc3,C,1,excess,XBI,VIX,2020-23,5.257757066259864,0.534500860700406,,,,,,,,,,,,,,,,,,,,,,,
reg,,,683.0,,,,cc3,C,1,excess,XBI,VIX,2024-26,-3.293170133484227,-0.30065269407058676,,,,,,,,,,,,,,,,,,,,,,,
reg,,,1006.0,,,,cc3,C,1,excess,XBI,SPY,2020-23,-13.992209505455353,-1.3407371603562426,,,,,,,,,,,,,,,,,,,,,,,
reg,,,683.0,,,,cc3,C,1,excess,XBI,SPY,2024-26,-0.8161518282470986,-0.06410635741343595,,,,,,,,,,,,,,,,,,,,,,,
reg,,,1006.0,,,,cc3,C,1,excess,KRE,TLT,2020-23,-2.3586517494200194,-0.20864677491942576,,,,,,,,,,,,,,,,,,,,,,,
reg,,,683.0,,,,cc3,C,1,excess,KRE,TLT,2024-26,-9.401433093527421,-0.9970248519008063,,,,,,,,,,,,,,,,,,,,,,,
reg,,,1006.0,,,,cc3,C,1,excess,KRE,UUP,2020-23,6.812072102611982,0.6046499962331526,,,,,,,,,,,,,,,,,,,,,,,
reg,,,683.0,,,,cc3,C,1,excess,KRE,UUP,2024-26,14.852495715799003,1.6168964373327854,,,,,,,,,,,,,,,,,,,,,,,
reg,,,1006.0,,,,cc3,C,1,excess,KRE,USO,2020-23,-0.6574837709071133,-0.06623857832354291,,,,,,,,,,,,,,,,,,,,,,,
reg,,,683.0,,,,cc3,C,1,excess,KRE,USO,2024-26,3.467938968717829,0.4296924277995128,,,,,,,,,,,,,,,,,,,,,,,
reg,,,1006.0,,,,cc3,C,1,excess,KRE,GLD,2020-23,2.375115953599017,0.19363421215012352,,,,,,,,,,,,,,,,,,,,,,,
reg,,,683.0,,,,cc3,C,1,excess,KRE,GLD,2024-26,-23.461883458904826,-2.734364008094061,,,,,,,,,,,,,,,,,,,,,,,
reg,,,1006.0,,,,cc3,C,1,excess,KRE,HYG,2020-23,-10.282213955476609,-0.7895299227710826,,,,,,,,,,,,,,,,,,,,,,,
reg,,,683.0,,,,cc3,C,1,excess,KRE,HYG,2024-26,-10.348680420634581,-1.2864057120179604,,,,,,,,,,,,,,,,,,,,,,,
reg,,,752.0,,,,cc3,C,1,excess,KRE,BTC,2020-23,20.892141321814567,2.2926424472348566,,,,,,,,,,,,,,,,,,,,,,,
reg,,,683.0,,,,cc3,C,1,excess,KRE,BTC,2024-26,-21.802429846469202,-2.556945894263427,,,,,,,,,,,,,,,,,,,,,,,
reg,,,1006.0,,,,cc3,C,1,excess,KRE,VIX,2020-23,-6.592101199751634,-0.6255639051470888,,,,,,,,,,,,,,,,,,,,,,,
reg,,,683.0,,,,cc3,C,1,excess,KRE,VIX,2024-26,5.901622174833832,0.7328083983530116,,,,,,,,,,,,,,,,,,,,,,,
reg,,,1006.0,,,,cc3,C,1,excess,KRE,SPY,2020-23,0.737499698384762,0.06715494089938254,,,,,,,,,,,,,,,,,,,,,,,
reg,,,683.0,,,,cc3,C,1,excess,KRE,SPY,2024-26,-16.79238181128986,-2.404779054399767,,,,,,,,,,,,,,,,,,,,,,,
reg,,,1006.0,,,,cc3,C,5,raw,XLK,TLT,2020-23,23.92810208350168,1.4996918137901032,,,,,,,,,,,,,,,,,,,,,,,
reg,,,683.0,,,,cc3,C,5,raw,XLK,TLT,2024-26,5.558959136822483,0.37245185068570075,,,,,,,,,,,,,,,,,,,,,,,
reg,,,1006.0,,,,cc3,C,5,raw,XLK,UUP,2020-23,14.175351531971279,0.9015552338850094,,,,,,,,,,,,,,,,,,,,,,,
reg,,,683.0,,,,cc3,C,5,raw,XLK,UUP,2024-26,3.172217022504845,0.20279453055727273,,,,,,,,,,,,,,,,,,,,,,,
reg,,,1006.0,,,,cc3,C,5,raw,XLK,USO,2020-23,-16.306840011838403,-0.7794654291368537,,,,,,,,,,,,,,,,,,,,,,,
reg,,,683.0,,,,cc3,C,5,raw,XLK,USO,2024-26,-17.01013852095511,-1.009764833259366,,,,,,,,,,,,,,,,,,,,,,,
reg,,,1006.0,,,,cc3,C,5,raw,XLK,GLD,2020-23,-7.240165016712184,-0.5092099688307622,,,,,,,,,,,,,,,,,,,,,,,
reg,,,683.0,,,,cc3,C,5,raw,XLK,GLD,2024-26,-12.26812360225804,-0.7300342540630139,,,,,,,,,,,,,,,,,,,,,,,
reg,,,1006.0,,,,cc3,C,5,raw,XLK,HYG,2020-23,-4.92942282432879,-0.21607336473486805,,,,,,,,,,,,,,,,,,,,,,,
reg,,,683.0,,,,cc3,C,5,raw,XLK,HYG,2024-26,-3.3779188686029467,-0.1548828721505925,,,,,,,,,,,,,,,,,,,,,,,
reg,,,748.0,,,,cc3,C,5,raw,XLK,BTC,2020-23,-8.625905597286188,-0.7895606727667618,,,,,,,,,,,,,,,,,,,,,,,
reg,,,683.0,,,,cc3,C,5,raw,XLK,BTC,2024-26,-7.599946061394742,-0.5073379864327365,,,,,,,,,,,,,,,,,,,,,,,
reg,,,1006.0,,,,cc3,C,5,raw,XLK,VIX,2020-23,-0.7243556995177888,-0.05231701944059388,,,,,,,,,,,,,,,,,,,,,,,
reg,,,683.0,,,,cc3,C,5,raw,XLK,VIX,2024-26,8.091815862176896,0.4817610294755805,,,,,,,,,,,,,,,,,,,,,,,
reg,,,1006.0,,,,cc3,C,5,raw,XLK,SPY,2020-23,-14.122196313516076,-0.7345598192616394,,,,,,,,,,,,,,,,,,,,,,,
reg,,,683.0,,,,cc3,C,5,raw,XLK,SPY,2024-26,-27.806748491209788,-1.379733657733483,,,,,,,,,,,,,,,,,,,,,,,
reg,,,1006.0,,,,cc3,C,5,raw,XLF,TLT,2020-23,9.955070248843564,0.503853554379175,,,,,,,,,,,,,,,,,,,,,,,
reg,,,683.0,,,,cc3,C,5,raw,XLF,TLT,2024-26,-15.7108136487438,-1.4637064691287263,,,,,,,,,,,,,,,,,,,,,,,
reg,,,1006.0,,,,cc3,C,5,raw,XLF,UUP,2020-23,17.67162907324555,0.8153946566651549,,,,,,,,,,,,,,,,,,,,,,,
reg,,,683.0,,,,cc3,C,5,raw,XLF,UUP,2024-26,0.7338581801490788,0.07957955780684302,,,,,,,,,,,,,,,,,,,,,,,
reg,,,1006.0,,,,cc3,C,5,raw,XLF,USO,2020-23,10.475869027209297,0.3836242732220551,,,,,,,,,,,,,,,,,,,,,,,
reg,,,683.0,,,,cc3,C,5,raw,XLF,USO,2024-26,-7.86932039956341,-0.7367806296616912,,,,,,,,,,,,,,,,,,,,,,,
reg,,,1006.0,,,,cc3,C,5,raw,XLF,GLD,2020-23,4.6212980661600485,0.25763705005141846,,,,,,,,,,,,,,,,,,,,,,,
reg,,,683.0,,,,cc3,C,5,raw,XLF,GLD,2024-26,-10.445043856253179,-1.0330717425584877,,,,,,,,,,,,,,,,,,,,,,,
reg,,,1006.0,,,,cc3,C,5,raw,XLF,HYG,2020-23,-13.05241121708457,-0.4211637552172128,,,,,,,,,,,,,,,,,,,,,,,
reg,,,683.0,,,,cc3,C,5,raw,XLF,HYG,2024-26,-13.002155826665152,-1.0274453028847546,,,,,,,,,,,,,,,,,,,,,,,
reg,,,748.0,,,,cc3,C,5,raw,XLF,BTC,2020-23,1.561480115930939,0.16052068317626134,,,,,,,,,,,,,,,,,,,,,,,
reg,,,683.0,,,,cc3,C,5,raw,XLF,BTC,2024-26,-14.727333946692518,-1.7695598070644813,,,,,,,,,,,,,,,,,,,,,,,
reg,,,1006.0,,,,cc3,C,5,raw,XLF,VIX,2020-23,-18.58789222999337,-1.0866280538500348,,,,,,,,,,,,,,,,,,,,,,,
reg,,,683.0,,,,cc3,C,5,raw,XLF,VIX,2024-26,3.6792028207697602,0.3058005115555549,,,,,,,,,,,,,,,,,,,,,,,
reg,,,1006.0,,,,cc3,C,5,raw,XLF,SPY,2020-23,-2.695046116931773,-0.10896265404972903,,,,,,,,,,,,,,,,,,,,,,,
reg,,,683.0,,,,cc3,C,5,raw,XLF,SPY,2024-26,-16.291539925734945,-1.265339739219052,,,,,,,,,,,,,,,,,,,,,,,
reg,,,1006.0,,,,cc3,C,5,raw,XLE,TLT,2020-23,-6.33539453887751,-0.21101436918311922,,,,,,,,,,,,,,,,,,,,,,,
reg,,,683.0,,,,cc3,C,5,raw,XLE,TLT,2024-26,-15.07553748483874,-0.9251505193565795,,,,,,,,,,,,,,,,,,,,,,,
reg,,,1006.0,,,,cc3,C,5,raw,XLE,UUP,2020-23,37.972115435610526,1.2619905613419835,,,,,,,,,,,,,,,,,,,,,,,
reg,,,683.0,,,,cc3,C,5,raw,XLE,UUP,2024-26,-17.784720463499088,-1.5002902795545519,,,,,,,,,,,,,,,,,,,,,,,
reg,,,1006.0,,,,cc3,C,5,raw,XLE,USO,2020-23,-1.3696064392253076,-0.03302277041840395,,,,,,,,,,,,,,,,,,,,,,,
reg,,,683.0,,,,cc3,C,5,raw,XLE,USO,2024-26,-4.287748732125377,-0.35939393932416536,,,,,,,,,,,,,,,,,,,,,,,
reg,,,1006.0,,,,cc3,C,5,raw,XLE,GLD,2020-23,-13.617583528463266,-0.501840467291056,,,,,,,,,,,,,,,,,,,,,,,
reg,,,683.0,,,,cc3,C,5,raw,XLE,GLD,2024-26,8.196912151278175,0.5480347094229676,,,,,,,,,,,,,,,,,,,,,,,
reg,,,1006.0,,,,cc3,C,5,raw,XLE,HYG,2020-23,11.38241362543885,0.25380671410055217,,,,,,,,,,,,,,,,,,,,,,,
reg,,,683.0,,,,cc3,C,5,raw,XLE,HYG,2024-26,-1.5433720771032327,-0.12903333856855606,,,,,,,,,,,,,,,,,,,,,,,
reg,,,748.0,,,,cc3,C,5,raw,XLE,BTC,2020-23,5.951644071755157,0.27555142484175044,,,,,,,,,,,,,,,,,,,,,,,
reg,,,683.0,,,,cc3,C,5,raw,XLE,BTC,2024-26,-5.70973462318546,-0.46994326149976046,,,,,,,,,,,,,,,,,,,,,,,
reg,,,1006.0,,,,cc3,C,5,raw,XLE,VIX,2020-23,-29.658471037445548,-1.0846932706847794,,,,,,,,,,,,,,,,,,,,,,,
reg,,,683.0,,,,cc3,C,5,raw,XLE,VIX,2024-26,-12.186637492389275,-0.9066978545429557,,,,,,,,,,,,,,,,,,,,,,,
reg,,,1006.0,,,,cc3,C,5,raw,XLE,SPY,2020-23,17.08414284607779,0.45842536923518856,,,,,,,,,,,,,,,,,,,,,,,
reg,,,683.0,,,,cc3,C,5,raw,XLE,SPY,2024-26,8.851801350167527,0.5992449990069081,,,,,,,,,,,,,,,,,,,,,,,
reg,,,1006.0,,,,cc3,C,5,raw,XLV,TLT,2020-23,22.054071915793894,1.4706694518767458,,,,,,,,,,,,,,,,,,,,,,,
reg,,,683.0,,,,cc3,C,5,raw,XLV,TLT,2024-26,1.4025278231354896,0.16968756103734234,,,,,,,,,,,,,,,,,,,,,,,
reg,,,1006.0,,,,cc3,C,5,raw,XLV,UUP,2020-23,-0.8541405402578574,-0.06622035772757796,,,,,,,,,,,,,,,,,,,,,,,
reg,,,683.0,,,,cc3,C,5,raw,XLV,UUP,2024-26,7.971068754831195,0.7857321635979804,,,,,,,,,,,,,,,,,,,,,,,
reg,,,1006.0,,,,cc3,C,5,raw,XLV,USO,2020-23,1.2987521890623264,0.07369861113578609,,,,,,,,,,,,,,,,,,,,,,,
reg,,,683.0,,,,cc3,C,5,raw,XLV,USO,2024-26,-8.14409828887706,-0.8690107929129994,,,,,,,,,,,,,,,,,,,,,,,
reg,,,1006.0,,,,cc3,C,5,raw,XLV,GLD,2020-23,6.187469874380378,0.4333674518726302,,,,,,,,,,,,,,,,,,,,,,,
reg,,,683.0,,,,cc3,C,5,raw,XLV,GLD,2024-26,-8.855750358607867,-0.9832003402484891,,,,,,,,,,,,,,,,,,,,,,,
reg,,,1006.0,,,,cc3,C,5,raw,XLV,HYG,2020-23,10.915441131751878,0.5783803724908814,,,,,,,,,,,,,,,,,,,,,,,
reg,,,683.0,,,,cc3,C,5,raw,XLV,HYG,2024-26,-4.84522818087316,-0.5840790966929913,,,,,,,,,,,,,,,,,,,,,,,
reg,,,748.0,,,,cc3,C,5,raw,XLV,BTC,2020-23,-9.217630439351847,-1.066920888613069,,,,,,,,,,,,,,,,,,,,,,,
reg,,,683.0,,,,cc3,C,5,raw,XLV,BTC,2024-26,-31.260078947918466,-3.8500175787011015,,,,,,,,,,,,,,,,,,,,,,,
reg,,,1006.0,,,,cc3,C,5,raw,XLV,VIX,2020-23,-11.6538787617438,-0.912627576439375,,,,,,,,,,,,,,,,,,,,,,,
reg,,,683.0,,,,cc3,C,5,raw,XLV,VIX,2024-26,17.68150575109778,1.9930433098460847,,,,,,,,,,,,,,,,,,,,,,,
reg,,,1006.0,,,,cc3,C,5,raw,XLV,SPY,2020-23,2.3816585096406686,0.14266099694690138,,,,,,,,,,,,,,,,,,,,,,,
reg,,,683.0,,,,cc3,C,5,raw,XLV,SPY,2024-26,-16.258112550845834,-1.7241799326353737,,,,,,,,,,,,,,,,,,,,,,,
reg,,,1006.0,,,,cc3,C,5,raw,XLI,TLT,2020-23,14.890340527936102,0.7696628005337974,,,,,,,,,,,,,,,,,,,,,,,
reg,,,683.0,,,,cc3,C,5,raw,XLI,TLT,2024-26,1.5062022871509875,0.14162823546694334,,,,,,,,,,,,,,,,,,,,,,,
reg,,,1006.0,,,,cc3,C,5,raw,XLI,UUP,2020-23,17.090783164212652,0.815778598881662,,,,,,,,,,,,,,,,,,,,,,,
reg,,,683.0,,,,cc3,C,5,raw,XLI,UUP,2024-26,0.6684869345121766,0.07099566091337278,,,,,,,,,,,,,,,,,,,,,,,
reg,,,1006.0,,,,cc3,C,5,raw,XLI,USO,2020-23,2.27389263976715,0.07897699649923486,,,,,,,,,,,,,,,,,,,,,,,
reg,,,683.0,,,,cc3,C,5,raw,XLI,USO,2024-26,-9.763819690651136,-0.8074444634283144,,,,,,,,,,,,,,,,,,,,,,,
reg,,,1006.0,,,,cc3,C,5,raw,XLI,GLD,2020-23,9.184961018864753,0.5212804312972007,,,,,,,,,,,,,,,,,,,,,,,
reg,,,683.0,,,,cc3,C,5,raw,XLI,GLD,2024-26,-8.18860403250754,-0.7449352900485544,,,,,,,,,,,,,,,,,,,,,,,
reg,,,1006.0,,,,cc3,C,5,raw,XLI,HYG,2020-23,-2.672659383900936,-0.07913487136608467,,,,,,,,,,,,,,,,,,,,,,,
reg,,,683.0,,,,cc3,C,5,raw,XLI,HYG,2024-26,-1.222884343110078,-0.07539784588567805,,,,,,,,,,,,,,,,,,,,,,,
reg,,,748.0,,,,cc3,C,5,raw,XLI,BTC,2020-23,5.239633257112726,0.6634277233852861,,,,,,,,,,,,,,,,,,,,,,,
reg,,,683.0,,,,cc3,C,5,raw,XLI,BTC,2024-26,-20.503802389862834,-2.5151601788718247,,,,,,,,,,,,,,,,,,,,,,,
reg,,,1006.0,,,,cc3,C,5,raw,XLI,VIX,2020-23,-15.918886185229086,-0.9317841244977806,,,,,,,,,,,,,,,,,,,,,,,
reg,,,683.0,,,,cc3,C,5,raw,XLI,VIX,2024-26,13.051926940603723,1.124815586996698,,,,,,,,,,,,,,,,,,,,,,,
reg,,,1006.0,,,,cc3,C,5,raw,XLI,SPY,2020-23,1.890490831591797,0.07163872852564138,,,,,,,,,,,,,,,,,,,,,,,
reg,,,683.0,,,,cc3,C,5,raw,XLI,SPY,2024-26,-20.608385063776037,-1.5144053519322904,,,,,,,,,,,,,,,,,,,,,,,
reg,,,1006.0,,,,cc3,C,5,raw,XLY,TLT,2020-23,12.236931602636012,0.7000633351223792,,,,,,,,,,,,,,,,,,,,,,,
reg,,,683.0,,,,cc3,C,5,raw,XLY,TLT,2024-26,-8.55404885117821,-0.6731184953217529,,,,,,,,,,,,,,,,,,,,,,,
reg,,,1006.0,,,,cc3,C,5,raw,XLY,UUP,2020-23,26.65014058046789,1.516147428696376,,,,,,,,,,,,,,,,,,,,,,,
reg,,,683.0,,,,cc3,C,5,raw,XLY,UUP,2024-26,7.197069966965674,0.58077663866276,,,,,,,,,,,,,,,,,,,,,,,
reg,,,1006.0,,,,cc3,C,5,raw,XLY,USO,2020-23,-3.525001602318584,-0.12003744912688948,,,,,,,,,,,,,,,,,,,,,,,
reg,,,683.0,,,,cc3,C,5,raw,XLY,USO,2024-26,-8.354291093031799,-0.7071784264220411,,,,,,,,,,,,,,,,,,,,,,,
reg,,,1006.0,,,,cc3,C,5,raw,XLY,GLD,2020-23,-0.5107808877228042,-0.03423221894178375,,,,,,,,,,,,,,,,,,,,,,,
reg,,,683.0,,,,cc3,C,5,raw,XLY,GLD,2024-26,-7.904118533847551,-0.6609663062041145,,,,,,,,,,,,,,,,,,,,,,,
reg,,,1006.0,,,,cc3,C,5,raw,XLY,HYG,2020-23,-6.0023335974492005,-0.19333183234037876,,,,,,,,,,,,,,,,,,,,,,,
reg,,,683.0,,,,cc3,C,5,raw,XLY,HYG,2024-26,-0.1881063516602607,-0.012369627556135262,,,,,,,,,,,,,,,,,,,,,,,
reg,,,748.0,,,,cc3,C,5,raw,XLY,BTC,2020-23,-7.1281372208291,-0.6069671428124932,,,,,,,,,,,,,,,,,,,,,,,
reg,,,683.0,,,,cc3,C,5,raw,XLY,BTC,2024-26,-10.918777335420375,-1.0499918949133573,,,,,,,,,,,,,,,,,,,,,,,
reg,,,1006.0,,,,cc3,C,5,raw,XLY,VIX,2020-23,-9.333826337609667,-0.5531605244841544,,,,,,,,,,,,,,,,,,,,,,,
reg,,,683.0,,,,cc3,C,5,raw,XLY,VIX,2024-26,-1.4239744276939736,-0.10847340185331551,,,,,,,,,,,,,,,,,,,,,,,
reg,,,1006.0,,,,cc3,C,5,raw,XLY,SPY,2020-23,-1.978106486498522,-0.07717212087275833,,,,,,,,,,,,,,,,,,,,,,,
reg,,,683.0,,,,cc3,C,5,raw,XLY,SPY,2024-26,-19.34988436925041,-1.289116210027924,,,,,,,,,,,,,,,,,,,,,,,
reg,,,1006.0,,,,cc3,C,5,raw,XLP,TLT,2020-23,9.130852493395768,0.5584827577781103,,,,,,,,,,,,,,,,,,,,,,,
reg,,,683.0,,,,cc3,C,5,raw,XLP,TLT,2024-26,-4.919625804768702,-0.6315627613907904,,,,,,,,,,,,,,,,,,,,,,,
reg,,,1006.0,,,,cc3,C,5,raw,XLP,UUP,2020-23,-14.729490773677453,-1.1438108536233191,,,,,,,,,,,,,,,,,,,,,,,
reg,,,683.0,,,,cc3,C,5,raw,XLP,UUP,2024-26,5.059635508463037,0.6076487188524187,,,,,,,,,,,,,,,,,,,,,,,
reg,,,1006.0,,,,cc3,C,5,raw,XLP,USO,2020-23,8.898931256019493,0.5800214243209272,,,,,,,,,,,,,,,,,,,,,,,
reg,,,683.0,,,,cc3,C,5,raw,XLP,USO,2024-26,-3.5103043902821276,-0.3775239737478683,,,,,,,,,,,,,,,,,,,,,,,
reg,,,1006.0,,,,cc3,C,5,raw,XLP,GLD,2020-23,8.69899740591436,0.6084779607121945,,,,,,,,,,,,,,,,,,,,,,,
reg,,,683.0,,,,cc3,C,5,raw,XLP,GLD,2024-26,5.006093054954155,0.6726501209671816,,,,,,,,,,,,,,,,,,,,,,,
reg,,,1006.0,,,,cc3,C,5,raw,XLP,HYG,2020-23,20.641467783654694,1.4465196280769477,,,,,,,,,,,,,,,,,,,,,,,
reg,,,683.0,,,,cc3,C,5,raw,XLP,HYG,2024-26,-7.394680018275294,-0.7604554833170308,,,,,,,,,,,,,,,,,,,,,,,
reg,,,748.0,,,,cc3,C,5,raw,XLP,BTC,2020-23,-2.5855994622641743,-0.35917207962279113,,,,,,,,,,,,,,,,,,,,,,,
reg,,,683.0,,,,cc3,C,5,raw,XLP,BTC,2024-26,-15.105952620257689,-2.2239049014441075,,,,,,,,,,,,,,,,,,,,,,,
reg,,,1006.0,,,,cc3,C,5,raw,XLP,VIX,2020-23,-16.81234668781956,-1.3862001315337256,,,,,,,,,,,,,,,,,,,,,,,
reg,,,683.0,,,,cc3,C,5,raw,XLP,VIX,2024-26,11.593684096951444,1.3127998755989592,,,,,,,,,,,,,,,,,,,,,,,
reg,,,1006.0,,,,cc3,C,5,raw,XLP,SPY,2020-23,13.876841959839126,1.0250134436154765,,,,,,,,,,,,,,,,,,,,,,,
reg,,,683.0,,,,cc3,C,5,raw,XLP,SPY,2024-26,-2.6679360239503525,-0.27307744603125256,,,,,,,,,,,,,,,,,,,,,,,
reg,,,1006.0,,,,cc3,C,5,raw,XLU,TLT,2020-23,25.353529587601514,1.1105023048224842,,,,,,,,,,,,,,,,,,,,,,,
reg,,,683.0,,,,cc3,C,5,raw,XLU,TLT,2024-26,-16.714450276428504,-1.6033192270330088,,,,,,,,,,,,,,,,,,,,,,,
reg,,,1006.0,,,,cc3,C,5,raw,XLU,UUP,2020-23,-0.24710369876897825,-0.011146931103732858,,,,,,,,,,,,,,,,,,,,,,,
reg,,,683.0,,,,cc3,C,5,raw,XLU,UUP,2024-26,19.24008990614886,2.182317985292927,,,,,,,,,,,,,,,,,,,,,,,
reg,,,1006.0,,,,cc3,C,5,raw,XLU,USO,2020-23,30.35821502850863,1.217315575859629,,,,,,,,,,,,,,,,,,,,,,,
reg,,,683.0,,,,cc3,C,5,raw,XLU,USO,2024-26,-4.6388057555556115,-0.47369020219444924,,,,,,,,,,,,,,,,,,,,,,,
reg,,,1006.0,,,,cc3,C,5,raw,XLU,GLD,2020-23,16.19857269315593,0.8159982463289586,,,,,,,,,,,,,,,,,,,,,,,
reg,,,683.0,,,,cc3,C,5,raw,XLU,GLD,2024-26,-8.6197579119403,-1.0031919287288056,,,,,,,,,,,,,,,,,,,,,,,
reg,,,1006.0,,,,cc3,C,5,raw,XLU,HYG,2020-23,8.969474104566586,0.28705550800741514,,,,,,,,,,,,,,,,,,,,,,,
reg,,,683.0,,,,cc3,C,5,raw,XLU,HYG,2024-26,-18.24084821877849,-1.8378986230634182,,,,,,,,,,,,,,,,,,,,,,,
reg,,,748.0,,,,cc3,C,5,raw,XLU,BTC,2020-23,-1.2201219990501166,-0.12945813362784928,,,,,,,,,,,,,,,,,,,,,,,
reg,,,683.0,,,,cc3,C,5,raw,XLU,BTC,2024-26,-15.457352463250594,-1.693353476495923,,,,,,,,,,,,,,,,,,,,,,,
reg,,,1006.0,,,,cc3,C,5,raw,XLU,VIX,2020-23,-29.434663496464964,-1.6771016628492004,,,,,,,,,,,,,,,,,,,,,,,
reg,,,683.0,,,,cc3,C,5,raw,XLU,VIX,2024-26,15.762666569916707,1.6689234795095165,,,,,,,,,,,,,,,,,,,,,,,
reg,,,1006.0,,,,cc3,C,5,raw,XLU,SPY,2020-23,18.673863019218015,0.7959468832791936,,,,,,,,,,,,,,,,,,,,,,,
reg,,,683.0,,,,cc3,C,5,raw,XLU,SPY,2024-26,-18.224708575448265,-1.9428503975204443,,,,,,,,,,,,,,,,,,,,,,,
reg,,,1006.0,,,,cc3,C,5,raw,XLB,TLT,2020-23,11.964065985891478,0.6494306454582048,,,,,,,,,,,,,,,,,,,,,,,
reg,,,683.0,,,,cc3,C,5,raw,XLB,TLT,2024-26,-11.920636797043448,-0.969433647649873,,,,,,,,,,,,,,,,,,,,,,,
reg,,,1006.0,,,,cc3,C,5,raw,XLB,UUP,2020-23,27.860203260456124,1.6187420254028475,,,,,,,,,,,,,,,,,,,,,,,
reg,,,683.0,,,,cc3,C,5,raw,XLB,UUP,2024-26,-3.828461193421546,-0.38097222566419264,,,,,,,,,,,,,,,,,,,,,,,
reg,,,1006.0,,,,cc3,C,5,raw,XLB,USO,2020-23,-3.8727598620334325,-0.13980115391213607,,,,,,,,,,,,,,,,,,,,,,,
reg,,,683.0,,,,cc3,C,5,raw,XLB,USO,2024-26,-17.184979014067476,-1.582585748263444,,,,,,,,,,,,,,,,,,,,,,,
reg,,,1006.0,,,,cc3,C,5,raw,XLB,GLD,2020-23,-4.311604865542989,-0.2972435668282749,,,,,,,,,,,,,,,,,,,,,,,
reg,,,683.0,,,,cc3,C,5,raw,XLB,GLD,2024-26,-16.160172091839097,-1.4863349879155616,,,,,,,,,,,,,,,,,,,,,,,
reg,,,1006.0,,,,cc3,C,5,raw,XLB,HYG,2020-23,-16.240917951561507,-0.6111237862364205,,,,,,,,,,,,,,,,,,,,,,,
reg,,,683.0,,,,cc3,C,5,raw,XLB,HYG,2024-26,-1.8167710667935721,-0.12815765996679268,,,,,,,,,,,,,,,,,,,,,,,
reg,,,748.0,,,,cc3,C,5,raw,XLB,BTC,2020-23,14.188856990623579,1.559418489921536,,,,,,,,,,,,,,,,,,,,,,,
reg,,,683.0,,,,cc3,C,5,raw,XLB,BTC,2024-26,-16.96306609184101,-1.7014547869655003,,,,,,,,,,,,,,,,,,,,,,,
reg,,,1006.0,,,,cc3,C,5,raw,XLB,VIX,2020-23,-6.4286536718644545,-0.4271362536703867,,,,,,,,,,,,,,,,,,,,,,,
reg,,,683.0,,,,cc3,C,5,raw,XLB,VIX,2024-26,15.09024896680562,1.3224503254007545,,,,,,,,,,,,,,,,,,,,,,,
reg,,,1006.0,,,,cc3,C,5,raw,XLB,SPY,2020-23,-11.405873391846267,-0.5161640113860829,,,,,,,,,,,,,,,,,,,,,,,
reg,,,683.0,,,,cc3,C,5,raw,XLB,SPY,2024-26,-20.014113397141877,-1.568981035222463,,,,,,,,,,,,,,,,,,,,,,,
reg,,,1006.0,,,,cc3,C,5,raw,XLRE,TLT,2020-23,32.626721943787786,1.609691450300835,,,,,,,,,,,,,,,,,,,,,,,
reg,,,683.0,,,,cc3,C,5,raw,XLRE,TLT,2024-26,-8.029115908504988,-0.6830818703647799,,,,,,,,,,,,,,,,,,,,,,,
reg,,,1006.0,,,,cc3,C,5,raw,XLRE,UUP,2020-23,8.30446845280454,0.36921991476440597,,,,,,,,,,,,,,,,,,,,,,,
reg,,,683.0,,,,cc3,C,5,raw,XLRE,UUP,2024-26,8.41572086722783,0.8544993994888271,,,,,,,,,,,,,,,,,,,,,,,
reg,,,1006.0,,,,cc3,C,5,raw,XLRE,USO,2020-23,26.782573063183317,0.9123982987320202,,,,,,,,,,,,,,,,,,,,,,,
reg,,,683.0,,,,cc3,C,5,raw,XLRE,USO,2024-26,-1.1871344207878072,-0.12018819756792198,,,,,,,,,,,,,,,,,,,,,,,
reg,,,1006.0,,,,cc3,C,5,raw,XLRE,GLD,2020-23,16.664205095331397,0.753873223983846,,,,,,,,,,,,,,,,,,,,,,,
reg,,,683.0,,,,cc3,C,5,raw,XLRE,GLD,2024-26,0.1519064593546623,0.015883416114547706,,,,,,,,,,,,,,,,,,,,,,,
reg,,,1006.0,,,,cc3,C,5,raw,XLRE,HYG,2020-23,1.5977715274662638,0.044448757852678406,,,,,,,,,,,,,,,,,,,,,,,
reg,,,683.0,,,,cc3,C,5,raw,XLRE,HYG,2024-26,-8.645122926836123,-0.8372049404542826,,,,,,,,,,,,,,,,,,,,,,,
reg,,,748.0,,,,cc3,C,5,raw,XLRE,BTC,2020-23,-2.2001388240253434,-0.20307202014961717,,,,,,,,,,,,,,,,,,,,,,,
reg,,,683.0,,,,cc3,C,5,raw,XLRE,BTC,2024-26,-30.725088631276712,-3.6475262116475116,,,,,,,,,,,,,,,,,,,,,,,
reg,,,1006.0,,,,cc3,C,5,raw,XLRE,VIX,2020-23,-36.592289762478934,-1.7601288864818372,,,,,,,,,,,,,,,,,,,,,,,
reg,,,683.0,,,,cc3,C,5,raw,XLRE,VIX,2024-26,12.251972550304393,1.2439587631153555,,,,,,,,,,,,,,,,,,,,,,,
reg,,,1006.0,,,,cc3,C,5,raw,XLRE,SPY,2020-23,11.380354178952976,0.38495057598236787,,,,,,,,,,,,,,,,,,,,,,,
reg,,,683.0,,,,cc3,C,5,raw,XLRE,SPY,2024-26,-8.615533557969544,-0.8367960193307997,,,,,,,,,,,,,,,,,,,,,,,
reg,,,1006.0,,,,cc3,C,5,raw,XLC,TLT,2020-23,16.336783872809065,1.076510900748831,,,,,,,,,,,,,,,,,,,,,,,
reg,,,683.0,,,,cc3,C,5,raw,XLC,TLT,2024-26,5.427463186159166,0.5286909830432643,,,,,,,,,,,,,,,,,,,,,,,
reg,,,1006.0,,,,cc3,C,5,raw,XLC,UUP,2020-23,15.400459949555744,1.1765019145049778,,,,,,,,,,,,,,,,,,,,,,,
reg,,,683.0,,,,cc3,C,5,raw,XLC,UUP,2024-26,1.4714335261054303,0.14390917677057366,,,,,,,,,,,,,,,,,,,,,,,
reg,,,1006.0,,,,cc3,C,5,raw,XLC,USO,2020-23,-6.380174069056219,-0.31461050130190693,,,,,,,,,,,,,,,,,,,,,,,
reg,,,683.0,,,,cc3,C,5,raw,XLC,USO,2024-26,-6.5005440853366565,-0.5964002546695857,,,,,,,,,,,,,,,,,,,,,,,
reg,,,1006.0,,,,cc3,C,5,raw,XLC,GLD,2020-23,-5.714919744581558,-0.4468370995121145,,,,,,,,,,,,,,,,,,,,,,,
reg,,,683.0,,,,cc3,C,5,raw,XLC,GLD,2024-26,9.696350477960133,0.923120597332138,,,,,,,,,,,,,,,,,,,,,,,
reg,,,1006.0,,,,cc3,C,5,raw,XLC,HYG,2020-23,-3.7461382742395335,-0.2026095611135827,,,,,,,,,,,,,,,,,,,,,,,
reg,,,683.0,,,,cc3,C,5,raw,XLC,HYG,2024-26,-5.3233748315275164,-0.42818282576353456,,,,,,,,,,,,,,,,,,,,,,,
reg,,,748.0,,,,cc3,C,5,raw,XLC,BTC,2020-23,-15.959929638912941,-1.4109059488616131,,,,,,,,,,,,,,,,,,,,,,,
reg,,,683.0,,,,cc3,C,5,raw,XLC,BTC,2024-26,-11.015913622500925,-1.3082002809385163,,,,,,,,,,,,,,,,,,,,,,,
reg,,,1006.0,,,,cc3,C,5,raw,XLC,VIX,2020-23,-0.10745530838306512,-0.007881070879893821,,,,,,,,,,,,,,,,,,,,,,,
reg,,,683.0,,,,cc3,C,5,raw,XLC,VIX,2024-26,-1.415141251792166,-0.1362808862072551,,,,,,,,,,,,,,,,,,,,,,,
reg,,,1006.0,,,,cc3,C,5,raw,XLC,SPY,2020-23,-12.07394730433751,-0.6740324958910544,,,,,,,,,,,,,,,,,,,,,,,
reg,,,683.0,,,,cc3,C,5,raw,XLC,SPY,2024-26,-15.17012817678037,-1.215546223087727,,,,,,,,,,,,,,,,,,,,,,,
reg,,,1006.0,,,,cc3,C,5,raw,SMH,TLT,2020-23,18.263523749338116,0.9495460267168572,,,,,,,,,,,,,,,,,,,,,,,
reg,,,683.0,,,,cc3,C,5,raw,SMH,TLT,2024-26,2.2161028845799593,0.11164132332614778,,,,,,,,,,,,,,,,,,,,,,,
reg,,,1006.0,,,,cc3,C,5,raw,SMH,UUP,2020-23,30.080932510032035,1.471760328844072,,,,,,,,,,,,,,,,,,,,,,,
reg,,,683.0,,,,cc3,C,5,raw,SMH,UUP,2024-26,11.134810076051723,0.5353763372018913,,,,,,,,,,,,,,,,,,,,,,,
reg,,,1006.0,,,,cc3,C,5,raw,SMH,USO,2020-23,-19.826074654625074,-0.7104246055025387,,,,,,,,,,,,,,,,,,,,,,,
reg,,,683.0,,,,cc3,C,5,raw,SMH,USO,2024-26,-8.274379574070684,-0.37798528584718694,,,,,,,,,,,,,,,,,,,,,,,
reg,,,1006.0,,,,cc3,C,5,raw,SMH,GLD,2020-23,-19.10743427513005,-1.0754595584086037,,,,,,,,,,,,,,,,,,,,,,,
reg,,,683.0,,,,cc3,C,5,raw,SMH,GLD,2024-26,-26.216562872875993,-1.2131770308351344,,,,,,,,,,,,,,,,,,,,,,,
reg,,,1006.0,,,,cc3,C,5,raw,SMH,HYG,2020-23,-11.22618905839622,-0.36567498625156186,,,,,,,,,,,,,,,,,,,,,,,
reg,,,683.0,,,,cc3,C,5,raw,SMH,HYG,2024-26,-10.215135179975846,-0.37724529002228774,,,,,,,,,,,,,,,,,,,,,,,
reg,,,748.0,,,,cc3,C,5,raw,SMH,BTC,2020-23,-5.764420443273276,-0.3437326128770011,,,,,,,,,,,,,,,,,,,,,,,
reg,,,683.0,,,,cc3,C,5,raw,SMH,BTC,2024-26,-20.38296477600415,-0.9744975116971996,,,,,,,,,,,,,,,,,,,,,,,
reg,,,1006.0,,,,cc3,C,5,raw,SMH,VIX,2020-23,-3.143173326216236,-0.1782816728288482,,,,,,,,,,,,,,,,,,,,,,,
reg,,,683.0,,,,cc3,C,5,raw,SMH,VIX,2024-26,13.171099064407635,0.6319014210173505,,,,,,,,,,,,,,,,,,,,,,,
reg,,,1006.0,,,,cc3,C,5,raw,SMH,SPY,2020-23,-18.19206229936706,-0.713285634358631,,,,,,,,,,,,,,,,,,,,,,,
reg,,,683.0,,,,cc3,C,5,raw,SMH,SPY,2024-26,-47.77941750021386,-1.9727169661383612,,,,,,,,,,,,,,,,,,,,,,,
reg,,,1006.0,,,,cc3,C,5,raw,XBI,TLT,2020-23,3.955377334251556,0.1705251761589895,,,,,,,,,,,,,,,,,,,,,,,
reg,,,683.0,,,,cc3,C,5,raw,XBI,TLT,2024-26,-6.8571823646758885,-0.4451732322296978,,,,,,,,,,,,,,,,,,,,,,,
reg,,,1006.0,,,,cc3,C,5,raw,XBI,UUP,2020-23,32.47782348451117,1.8192891648115541,,,,,,,,,,,,,,,,,,,,,,,
reg,,,683.0,,,,cc3,C,5,raw,XBI,UUP,2024-26,-6.240260248228307,-0.38864907701008555,,,,,,,,,,,,,,,,,,,,,,,
reg,,,1006.0,,,,cc3,C,5,raw,XBI,USO,2020-23,-14.235813564252176,-0.444660524634454,,,,,,,,,,,,,,,,,,,,,,,
reg,,,683.0,,,,cc3,C,5,raw,XBI,USO,2024-26,-13.855750661317064,-0.850082740895876,,,,,,,,,,,,,,,,,,,,,,,
reg,,,1006.0,,,,cc3,C,5,raw,XBI,GLD,2020-23,-19.149925846779755,-1.062873131122695,,,,,,,,,,,,,,,,,,,,,,,
reg,,,683.0,,,,cc3,C,5,raw,XBI,GLD,2024-26,-11.736207879522798,-0.8290161460239021,,,,,,,,,,,,,,,,,,,,,,,
reg,,,1006.0,,,,cc3,C,5,raw,XBI,HYG,2020-23,-9.999281348159304,-0.3258402389439514,,,,,,,,,,,,,,,,,,,,,,,
reg,,,683.0,,,,cc3,C,5,raw,XBI,HYG,2024-26,-6.544412844335349,-0.41532334443172303,,,,,,,,,,,,,,,,,,,,,,,
reg,,,748.0,,,,cc3,C,5,raw,XBI,BTC,2020-23,-35.497653836309595,-1.5710187827191515,,,,,,,,,,,,,,,,,,,,,,,
reg,,,683.0,,,,cc3,C,5,raw,XBI,BTC,2024-26,-43.04167460075102,-2.609974583239303,,,,,,,,,,,,,,,,,,,,,,,
reg,,,1006.0,,,,cc3,C,5,raw,XBI,VIX,2020-23,5.139836079288198,0.26797534135127943,,,,,,,,,,,,,,,,,,,,,,,
reg,,,683.0,,,,cc3,C,5,raw,XBI,VIX,2024-26,10.513159695018185,0.6224348899471075,,,,,,,,,,,,,,,,,,,,,,,
reg,,,1006.0,,,,cc3,C,5,raw,XBI,SPY,2020-23,-19.40454803590217,-0.7028971642370679,,,,,,,,,,,,,,,,,,,,,,,
reg,,,683.0,,,,cc3,C,5,raw,XBI,SPY,2024-26,-22.29740653432015,-1.36794734392779,,,,,,,,,,,,,,,,,,,,,,,
reg,,,1006.0,,,,cc3,C,5,raw,KRE,TLT,2020-23,8.779713621281376,0.3521708471310783,,,,,,,,,,,,,,,,,,,,,,,
reg,,,683.0,,,,cc3,C,5,raw,KRE,TLT,2024-26,-29.52452164371674,-1.7432361623109152,,,,,,,,,,,,,,,,,,,,,,,
reg,,,1006.0,,,,cc3,C,5,raw,KRE,UUP,2020-23,27.263443713371633,1.0075613629031963,,,,,,,,,,,,,,,,,,,,,,,
reg,,,683.0,,,,cc3,C,5,raw,KRE,UUP,2024-26,1.00781820443755,0.06719118385249044,,,,,,,,,,,,,,,,,,,,,,,
reg,,,1006.0,,,,cc3,C,5,raw,KRE,USO,2020-23,12.498867273219181,0.3203184072107318,,,,,,,,,,,,,,,,,,,,,,,
reg,,,683.0,,,,cc3,C,5,raw,KRE,USO,2024-26,5.052311473456358,0.3542015201551861,,,,,,,,,,,,,,,,,,,,,,,
reg,,,1006.0,,,,cc3,C,5,raw,KRE,GLD,2020-23,14.364635819233351,0.6472933796386218,,,,,,,,,,,,,,,,,,,,,,,
reg,,,683.0,,,,cc3,C,5,raw,KRE,GLD,2024-26,-11.804386380608777,-0.8869354622779024,,,,,,,,,,,,,,,,,,,,,,,
reg,,,1006.0,,,,cc3,C,5,raw,KRE,HYG,2020-23,-19.918912902490305,-0.5700657151020923,,,,,,,,,,,,,,,,,,,,,,,
reg,,,683.0,,,,cc3,C,5,raw,KRE,HYG,2024-26,-6.6637112129499565,-0.4875955323053892,,,,,,,,,,,,,,,,,,,,,,,
reg,,,748.0,,,,cc3,C,5,raw,KRE,BTC,2020-23,10.058525902852175,0.6736941441173937,,,,,,,,,,,,,,,,,,,,,,,
reg,,,683.0,,,,cc3,C,5,raw,KRE,BTC,2024-26,-43.290652677271375,-2.8908485280798555,,,,,,,,,,,,,,,,,,,,,,,
reg,,,1006.0,,,,cc3,C,5,raw,KRE,VIX,2020-23,-19.814290232007906,-0.9014732004300146,,,,,,,,,,,,,,,,,,,,,,,
reg,,,683.0,,,,cc3,C,5,raw,KRE,VIX,2024-26,-15.210476154902048,-1.08549391745127,,,,,,,,,,,,,,,,,,,,,,,
reg,,,1006.0,,,,cc3,C,5,raw,KRE,SPY,2020-23,-8.201621840752729,-0.28991273536147116,,,,,,,,,,,,,,,,,,,,,,,
reg,,,683.0,,,,cc3,C,5,raw,KRE,SPY,2024-26,-5.3096944197922165,-0.3690495353861137,,,,,,,,,,,,,,,,,,,,,,,
reg,,,1006.0,,,,cc3,C,5,excess,XLK,TLT,2020-23,6.6681034365336735,1.2102671650052894,,,,,,,,,,,,,,,,,,,,,,,
reg,,,683.0,,,,cc3,C,5,excess,XLK,TLT,2024-26,6.306517804703772,0.8572648028826946,,,,,,,,,,,,,,,,,,,,,,,
reg,,,1006.0,,,,cc3,C,5,excess,XLK,UUP,2020-23,1.6083658649761015,0.29757864388347766,,,,,,,,,,,,,,,,,,,,,,,
reg,,,683.0,,,,cc3,C,5,excess,XLK,UUP,2024-26,0.6651326066343095,0.08464583368580277,,,,,,,,,,,,,,,,,,,,,,,
reg,,,1006.0,,,,cc3,C,5,excess,XLK,USO,2020-23,-14.35024995675406,-3.001648197630922,,,,,,,,,,,,,,,,,,,,,,,
reg,,,683.0,,,,cc3,C,5,excess,XLK,USO,2024-26,-7.083450575203724,-0.7350316585954667,,,,,,,,,,,,,,,,,,,,,,,
reg,,,1006.0,,,,cc3,C,5,excess,XLK,GLD,2020-23,-7.723725505739076,-1.3049480233465947,,,,,,,,,,,,,,,,,,,,,,,
reg,,,683.0,,,,cc3,C,5,excess,XLK,GLD,2024-26,-4.70198669882255,-0.5802310345621206,,,,,,,,,,,,,,,,,,,,,,,
reg,,,1006.0,,,,cc3,C,5,excess,XLK,HYG,2020-23,-4.980489163434253,-0.9664061967857499,,,,,,,,,,,,,,,,,,,,,,,
reg,,,683.0,,,,cc3,C,5,excess,XLK,HYG,2024-26,2.3598520944596317,0.26417620436570144,,,,,,,,,,,,,,,,,,,,,,,
reg,,,748.0,,,,cc3,C,5,excess,XLK,BTC,2020-23,-2.848867434798076,-0.607783429440464,,,,,,,,,,,,,,,,,,,,,,,
reg,,,683.0,,,,cc3,C,5,excess,XLK,BTC,2024-26,3.3006143795129934,0.3928852128175124,,,,,,,,,,,,,,,,,,,,,,,
reg,,,1006.0,,,,cc3,C,5,excess,XLK,VIX,2020-23,9.302879380163253,1.980360589237617,,,,,,,,,,,,,,,,,,,,,,,
reg,,,683.0,,,,cc3,C,5,excess,XLK,VIX,2024-26,0.35943063493349825,0.04909053644688967,,,,,,,,,,,,,,,,,,,,,,,
reg,,,1006.0,,,,cc3,C,5,excess,XLK,SPY,2020-23,-11.349094236247671,-2.502100526772967,,,,,,,,,,,,,,,,,,,,,,,
reg,,,683.0,,,,cc3,C,5,excess,XLK,SPY,2024-26,-7.803208912873384,-0.9293715823194812,,,,,,,,,,,,,,,,,,,,,,,
reg,,,1006.0,,,,cc3,C,5,excess,XLF,TLT,2020-23,-7.3049283981244315,-0.9566582559904659,,,,,,,,,,,,,,,,,,,,,,,
reg,,,683.0,,,,cc3,C,5,excess,XLF,TLT,2024-26,-14.963254980862494,-2.2395477684429643,,,,,,,,,,,,,,,,,,,,,,,
reg,,,1006.0,,,,cc3,C,5,excess,XLF,UUP,2020-23,5.1046434062503865,0.5707416791773726,,,,,,,,,,,,,,,,,,,,,,,
reg,,,683.0,,,,cc3,C,5,excess,XLF,UUP,2024-26,-1.773226235721454,-0.26736342043129213,,,,,,,,,,,,,,,,,,,,,,,
reg,,,1006.0,,,,cc3,C,5,excess,XLF,USO,2020-23,12.432459082293615,1.2706151963854093,,,,,,,,,,,,,,,,,,,,,,,
reg,,,683.0,,,,cc3,C,5,excess,XLF,USO,2024-26,2.05736754618797,0.29417444557620126,,,,,,,,,,,,,,,,,,,,,,,
reg,,,1006.0,,,,cc3,C,5,excess,XLF,GLD,2020-23,4.137737577133177,0.49630409883089355,,,,,,,,,,,,,,,,,,,,,,,
reg,,,683.0,,,,cc3,C,5,excess,XLF,GLD,2024-26,-2.8789069528176836,-0.48752888036463754,,,,,,,,,,,,,,,,,,,,,,,
reg,,,1006.0,,,,cc3,C,5,excess,XLF,HYG,2020-23,-13.103477556190029,-1.1102724524796401,,,,,,,,,,,,,,,,,,,,,,,
reg,,,683.0,,,,cc3,C,5,excess,XLF,HYG,2024-26,-7.264384863602584,-1.1284602991492163,,,,,,,,,,,,,,,,,,,,,,,
reg,,,748.0,,,,cc3,C,5,excess,XLF,BTC,2020-23,7.338518278419043,1.0950011329268503,,,,,,,,,,,,,,,,,,,,,,,
reg,,,683.0,,,,cc3,C,5,excess,XLF,BTC,2024-26,-3.826773505784779,-0.5003241431182088,,,,,,,,,,,,,,,,,,,,,,,
reg,,,1006.0,,,,cc3,C,5,excess,XLF,VIX,2020-23,-8.560657150312304,-1.0427822602432013,,,,,,,,,,,,,,,,,,,,,,,
reg,,,683.0,,,,cc3,C,5,excess,XLF,VIX,2024-26,-4.053182406473635,-0.6670165196501571,,,,,,,,,,,,,,,,,,,,,,,
reg,,,1006.0,,,,cc3,C,5,excess,XLF,SPY,2020-23,0.07805596033661544,0.0075569416435821895,,,,,,,,,,,,,,,,,,,,,,,
reg,,,683.0,,,,cc3,C,5,excess,XLF,SPY,2024-26,3.711999652601466,0.6069343245575636,,,,,,,,,,,,,,,,,,,,,,,
reg,,,1006.0,,,,cc3,C,5,excess,XLE,TLT,2020-23,-23.595393185845523,-1.1950341164963594,,,,,,,,,,,,,,,,,,,,,,,
reg,,,683.0,,,,cc3,C,5,excess,XLE,TLT,2024-26,-14.327978816957453,-1.1052996464018752,,,,,,,,,,,,,,,,,,,,,,,
reg,,,1006.0,,,,cc3,C,5,excess,XLE,UUP,2020-23,25.405129768615375,1.1906011609038343,,,,,,,,,,,,,,,,,,,,,,,
reg,,,683.0,,,,cc3,C,5,excess,XLE,UUP,2024-26,-20.291804879369636,-1.3563672666446793,,,,,,,,,,,,,,,,,,,,,,,
reg,,,1006.0,,,,cc3,C,5,excess,XLE,USO,2020-23,0.5869836158590618,0.02440888734345882,,,,,,,,,,,,,,,,,,,,,,,
reg,,,683.0,,,,cc3,C,5,excess,XLE,USO,2024-26,5.638939213626006,0.33768153791523714,,,,,,,,,,,,,,,,,,,,,,,
reg,,,1006.0,,,,cc3,C,5,excess,XLE,GLD,2020-23,-14.101144017490176,-0.7116011787752243,,,,,,,,,,,,,,,,,,,,,,,
reg,,,683.0,,,,cc3,C,5,excess,XLE,GLD,2024-26,15.763049054713685,0.8448975886382684,,,,,,,,,,,,,,,,,,,,,,,
reg,,,1006.0,,,,cc3,C,5,excess,XLE,HYG,2020-23,11.331347286333395,0.40105614200033457,,,,,,,,,,,,,,,,,,,,,,,
reg,,,683.0,,,,cc3,C,5,excess,XLE,HYG,2024-26,4.194398885959354,0.23054412368793553,,,,,,,,,,,,,,,,,,,,,,,
reg,,,748.0,,,,cc3,C,5,excess,XLE,BTC,2020-23,11.728682234243239,0.5441163587569693,,,,,,,,,,,,,,,,,,,,,,,
reg,,,683.0,,,,cc3,C,5,excess,XLE,BTC,2024-26,5.190825817722269,0.3985037833096189,,,,,,,,,,,,,,,,,,,,,,,
reg,,,1006.0,,,,cc3,C,5,excess,XLE,VIX,2020-23,-19.631235957764527,-1.010948980951276,,,,,,,,,,,,,,,,,,,,,,,
reg,,,683.0,,,,cc3,C,5,excess,XLE,VIX,2024-26,-19.919022719632668,-1.3098303111820593,,,,,,,,,,,,,,,,,,,,,,,
reg,,,1006.0,,,,cc3,C,5,excess,XLE,SPY,2020-23,19.857244923346173,0.8107806393987884,,,,,,,,,,,,,,,,,,,,,,,
reg,,,683.0,,,,cc3,C,5,excess,XLE,SPY,2024-26,28.855340928503917,1.6247874237812319,,,,,,,,,,,,,,,,,,,,,,,
reg,,,1006.0,,,,cc3,C,5,excess,XLV,TLT,2020-23,4.794073268825898,0.6841650157580821,,,,,,,,,,,,,,,,,,,,,,,
reg,,,683.0,,,,cc3,C,5,excess,XLV,TLT,2024-26,2.150086491016777,0.2644729694502953,,,,,,,,,,,,,,,,,,,,,,,
reg,,,1006.0,,,,cc3,C,5,excess,XLV,UUP,2020-23,-13.421126207253023,-1.8021728754404256,,,,,,,,,,,,,,,,,,,,,,,
reg,,,683.0,,,,cc3,C,5,excess,XLV,UUP,2024-26,5.463984338960652,0.5863789610609369,,,,,,,,,,,,,,,,,,,,,,,
reg,,,1006.0,,,,cc3,C,5,excess,XLV,USO,2020-23,3.2553422441466706,0.3691460899663364,,,,,,,,,,,,,,,,,,,,,,,
reg,,,683.0,,,,cc3,C,5,excess,XLV,USO,2024-26,1.7825896568743278,0.16101649085221686,,,,,,,,,,,,,,,,,,,,,,,
reg,,,1006.0,,,,cc3,C,5,excess,XLV,GLD,2020-23,5.703909385353491,0.8227423635090232,,,,,,,,,,,,,,,,,,,,,,,
reg,,,683.0,,,,cc3,C,5,excess,XLV,GLD,2024-26,-1.289613455172371,-0.13701668269581757,,,,,,,,,,,,,,,,,,,,,,,
reg,,,1006.0,,,,cc3,C,5,excess,XLV,HYG,2020-23,10.864374792646416,1.1396614997079313,,,,,,,,,,,,,,,,,,,,,,,
reg,,,683.0,,,,cc3,C,5,excess,XLV,HYG,2024-26,0.8925427821894102,0.07734880616605044,,,,,,,,,,,,,,,,,,,,,,,
reg,,,748.0,,,,cc3,C,5,excess,XLV,BTC,2020-23,-3.440592276863745,-0.4931759463886326,,,,,,,,,,,,,,,,,,,,,,,
reg,,,683.0,,,,cc3,C,5,excess,XLV,BTC,2024-26,-20.359518507010733,-2.1955095639298756,,,,,,,,,,,,,,,,,,,,,,,
reg,,,1006.0,,,,cc3,C,5,excess,XLV,VIX,2020-23,-1.6266436820627614,-0.2193435629733254,,,,,,,,,,,,,,,,,,,,,,,
reg,,,683.0,,,,cc3,C,5,excess,XLV,VIX,2024-26,9.949120523854395,0.9793967186946535,,,,,,,,,,,,,,,,,,,,,,,
reg,,,1006.0,,,,cc3,C,5,excess,XLV,SPY,2020-23,5.154760586909065,0.6091199571428705,,,,,,,,,,,,,,,,,,,,,,,
reg,,,683.0,,,,cc3,C,5,excess,XLV,SPY,2024-26,3.745427027490559,0.3065299080236667,,,,,,,,,,,,,,,,,,,,,,,
reg,,,1006.0,,,,cc3,C,5,excess,XLI,TLT,2020-23,-2.3696581190318966,-0.37568810495871197,,,,,,,,,,,,,,,,,,,,,,,
reg,,,683.0,,,,cc3,C,5,excess,XLI,TLT,2024-26,2.253760955032279,0.4242446902443382,,,,,,,,,,,,,,,,,,,,,,,
reg,,,1006.0,,,,cc3,C,5,excess,XLI,UUP,2020-23,4.523797497217503,0.5852384799651813,,,,,,,,,,,,,,,,,,,,,,,
reg,,,683.0,,,,cc3,C,5,excess,XLI,UUP,2024-26,-1.8385974813583579,-0.33415390900948344,,,,,,,,,,,,,,,,,,,,,,,
reg,,,1006.0,,,,cc3,C,5,excess,XLI,USO,2020-23,4.230482694851499,0.45465925547688024,,,,,,,,,,,,,,,,,,,,,,,
reg,,,683.0,,,,cc3,C,5,excess,XLI,USO,2024-26,0.16286825510024464,0.02497102381998395,,,,,,,,,,,,,,,,,,,,,,,
reg,,,1006.0,,,,cc3,C,5,excess,XLI,GLD,2020-23,8.701400529837867,1.1621066685439834,,,,,,,,,,,,,,,,,,,,,,,
reg,,,683.0,,,,cc3,C,5,excess,XLI,GLD,2024-26,-0.6224671290720403,-0.12184661031642066,,,,,,,,,,,,,,,,,,,,,,,
reg,,,1006.0,,,,cc3,C,5,excess,XLI,HYG,2020-23,-2.7237257230063943,-0.2242391055969085,,,,,,,,,,,,,,,,,,,,,,,
reg,,,683.0,,,,cc3,C,5,excess,XLI,HYG,2024-26,4.514886619952497,0.9657022310690788,,,,,,,,,,,,,,,,,,,,,,,
reg,,,748.0,,,,cc3,C,5,excess,XLI,BTC,2020-23,11.01667141960083,2.1749186519899646,,,,,,,,,,,,,,,,,,,,,,,
reg,,,683.0,,,,cc3,C,5,excess,XLI,BTC,2024-26,-9.603241948955112,-1.736128220892278,,,,,,,,,,,,,,,,,,,,,,,
reg,,,1006.0,,,,cc3,C,5,excess,XLI,VIX,2020-23,-5.891651105548031,-0.8595949042004761,,,,,,,,,,,,,,,,,,,,,,,
reg,,,683.0,,,,cc3,C,5,excess,XLI,VIX,2024-26,5.319541713360317,1.0527035972658472,,,,,,,,,,,,,,,,,,,,,,,
reg,,,1006.0,,,,cc3,C,5,excess,XLI,SPY,2020-23,4.663592908860174,0.4786689337021058,,,,,,,,,,,,,,,,,,,,,,,
reg,,,683.0,,,,cc3,C,5,excess,XLI,SPY,2024-26,-0.6048454854396402,-0.11942850447851926,,,,,,,,,,,,,,,,,,,,,,,
reg,,,1006.0,,,,cc3,C,5,excess,XLY,TLT,2020-23,-5.023067044331992,-0.7208944189748354,,,,,,,,,,,,,,,,,,,,,,,
reg,,,683.0,,,,cc3,C,5,excess,XLY,TLT,2024-26,-7.806490183296921,-1.1882958769179224,,,,,,,,,,,,,,,,,,,,,,,
reg,,,1006.0,,,,cc3,C,5,excess,XLY,UUP,2020-23,14.083154913472706,1.8069786159494408,,,,,,,,,,,,,,,,,,,,,,,
reg,,,683.0,,,,cc3,C,5,excess,XLY,UUP,2024-26,4.68998555109513,0.8098930542328161,,,,,,,,,,,,,,,,,,,,,,,
reg,,,1006.0,,,,cc3,C,5,excess,XLY,USO,2020-23,-1.5684115472342384,-0.14988037363361964,,,,,,,,,,,,,,,,,,,,,,,
reg,,,683.0,,,,cc3,C,5,excess,XLY,USO,2024-26,1.5723968527195822,0.2535447610980173,,,,,,,,,,,,,,,,,,,,,,,
reg,,,1006.0,,,,cc3,C,5,excess,XLY,GLD,2020-23,-0.9943413767497026,-0.12174510334938167,,,,,,,,,,,,,,,,,,,,,,,
reg,,,683.0,,,,cc3,C,5,excess,XLY,GLD,2024-26,-0.33798163041205315,-0.052910051324020886,,,,,,,,,,,,,,,,,,,,,,,
reg,,,1006.0,,,,cc3,C,5,excess,XLY,HYG,2020-23,-6.053399936554677,-0.5018401351947356,,,,,,,,,,,,,,,,,,,,,,,
reg,,,683.0,,,,cc3,C,5,excess,XLY,HYG,2024-26,5.549664611402316,1.0539926396942128,,,,,,,,,,,,,,,,,,,,,,,
reg,,,748.0,,,,cc3,C,5,excess,XLY,BTC,2020-23,-1.3510990583409934,-0.22127401545035053,,,,,,,,,,,,,,,,,,,,,,,
reg,,,683.0,,,,cc3,C,5,excess,XLY,BTC,2024-26,-0.018216894512644324,-0.002688460187054289,,,,,,,,,,,,,,,,,,,,,,,
reg,,,1006.0,,,,cc3,C,5,excess,XLY,VIX,2020-23,0.6934087420713727,0.09175277824057014,,,,,,,,,,,,,,,,,,,,,,,
reg,,,683.0,,,,cc3,C,5,excess,XLY,VIX,2024-26,-9.156359654937361,-1.7175371076841062,,,,,,,,,,,,,,,,,,,,,,,
reg,,,1006.0,,,,cc3,C,5,excess,XLY,SPY,2020-23,0.794995590769857,0.07519538944948126,,,,,,,,,,,,,,,,,,,,,,,
reg,,,683.0,,,,cc3,C,5,excess,XLY,SPY,2024-26,0.6536552090859926,0.11918044912280587,,,,,,,,,,,,,,,,,,,,,,,
reg,,,1006.0,,,,cc3,C,5,excess,XLP,TLT,2020-23,-8.129146153572226,-0.9485354356690684,,,,,,,,,,,,,,,,,,,,,,,
reg,,,683.0,,,,cc3,C,5,excess,XLP,TLT,2024-26,-4.17206713688741,-0.46121270006200193,,,,,,,,,,,,,,,,,,,,,,,
reg,,,1006.0,,,,cc3,C,5,excess,XLP,UUP,2020-23,-27.296476440672627,-2.662902891083603,,,,,,,,,,,,,,,,,,,,,,,
reg,,,683.0,,,,cc3,C,5,excess,XLP,UUP,2024-26,2.5525510925924935,0.23403706323987944,,,,,,,,,,,,,,,,,,,,,,,
reg,,,1006.0,,,,cc3,C,5,excess,XLP,USO,2020-23,10.855521311103859,0.7744432258955849,,,,,,,,,,,,,,,,,,,,,,,
reg,,,683.0,,,,cc3,C,5,excess,XLP,USO,2024-26,6.416383555469257,0.6381373044664168,,,,,,,,,,,,,,,,,,,,,,,
reg,,,1006.0,,,,cc3,C,5,excess,XLP,GLD,2020-23,8.215436916887478,0.8310538143605386,,,,,,,,,,,,,,,,,,,,,,,
reg,,,683.0,,,,cc3,C,5,excess,XLP,GLD,2024-26,12.572229958389656,1.1199357201147966,,,,,,,,,,,,,,,,,,,,,,,
reg,,,1006.0,,,,cc3,C,5,excess,XLP,HYG,2020-23,20.590401444549244,1.2704631465671539,,,,,,,,,,,,,,,,,,,,,,,
reg,,,683.0,,,,cc3,C,5,excess,XLP,HYG,2024-26,-1.6569090552127261,-0.15921195147449108,,,,,,,,,,,,,,,,,,,,,,,
reg,,,748.0,,,,cc3,C,5,excess,XLP,BTC,2020-23,3.19143870022393,0.463300339532939,,,,,,,,,,,,,,,,,,,,,,,
reg,,,683.0,,,,cc3,C,5,excess,XLP,BTC,2024-26,-4.2053921793499525,-0.4030049835768574,,,,,,,,,,,,,,,,,,,,,,,
reg,,,1006.0,,,,cc3,C,5,excess,XLP,VIX,2020-23,-6.78511160813852,-0.6143449716460124,,,,,,,,,,,,,,,,,,,,,,,
reg,,,683.0,,,,cc3,C,5,excess,XLP,VIX,2024-26,3.8612988697080346,0.4261333859855038,,,,,,,,,,,,,,,,,,,,,,,
reg,,,1006.0,,,,cc3,C,5,excess,XLP,SPY,2020-23,16.649944037107524,1.1444468257156162,,,,,,,,,,,,,,,,,,,,,,,
reg,,,683.0,,,,cc3,C,5,excess,XLP,SPY,2024-26,17.335603554386026,1.7440069177099888,,,,,,,,,,,,,,,,,,,,,,,
reg,,,1006.0,,,,cc3,C,5,excess,XLU,TLT,2020-23,8.093530940633512,0.6400183482804439,,,,,,,,,,,,,,,,,,,,,,,
reg,,,683.0,,,,cc3,C,5,excess,XLU,TLT,2024-26,-15.966891608547211,-1.4838022770334518,,,,,,,,,,,,,,,,,,,,,,,
reg,,,1006.0,,,,cc3,C,5,excess,XLU,UUP,2020-23,-12.81408936576417,-1.02324173971366,,,,,,,,,,,,,,,,,,,,,,,
reg,,,683.0,,,,cc3,C,5,excess,XLU,UUP,2024-26,16.733005490278327,1.2389762120667442,,,,,,,,,,,,,,,,,,,,,,,
reg,,,1006.0,,,,cc3,C,5,excess,XLU,USO,2020-23,32.31480508359299,3.2068425710119683,,,,,,,,,,,,,,,,,,,,,,,
reg,,,683.0,,,,cc3,C,5,excess,XLU,USO,2024-26,5.287882190195766,0.47334108894677374,,,,,,,,,,,,,,,,,,,,,,,
reg,,,1006.0,,,,cc3,C,5,excess,XLU,GLD,2020-23,15.715012204129053,1.2897732101479709,,,,,,,,,,,,,,,,,,,,,,,
reg,,,683.0,,,,cc3,C,5,excess,XLU,GLD,2024-26,-1.0536210085048021,-0.09338671624660204,,,,,,,,,,,,,,,,,,,,,,,
reg,,,1006.0,,,,cc3,C,5,excess,XLU,HYG,2020-23,8.918407765461124,0.6196147610698555,,,,,,,,,,,,,,,,,,,,,,,
reg,,,683.0,,,,cc3,C,5,excess,XLU,HYG,2024-26,-12.503077255715922,-1.0717161673584206,,,,,,,,,,,,,,,,,,,,,,,
reg,,,748.0,,,,cc3,C,5,excess,XLU,BTC,2020-23,4.556916163437993,0.49969426194776717,,,,,,,,,,,,,,,,,,,,,,,
reg,,,683.0,,,,cc3,C,5,excess,XLU,BTC,2024-26,-4.5567920223428615,-0.41313607774586025,,,,,,,,,,,,,,,,,,,,,,,
reg,,,1006.0,,,,cc3,C,5,excess,XLU,VIX,2020-23,-19.40742841678391,-1.5706707964005995,,,,,,,,,,,,,,,,,,,,,,,
reg,,,683.0,,,,cc3,C,5,excess,XLU,VIX,2024-26,8.030281342673314,0.7918871427604505,,,,,,,,,,,,,,,,,,,,,,,
reg,,,1006.0,,,,cc3,C,5,excess,XLU,SPY,2020-23,21.44696509648641,1.8257068475182332,,,,,,,,,,,,,,,,,,,,,,,
reg,,,683.0,,,,cc3,C,5,excess,XLU,SPY,2024-26,1.7788310028881438,0.15877388592511346,,,,,,,,,,,,,,,,,,,,,,,
reg,,,1006.0,,,,cc3,C,5,excess,XLB,TLT,2020-23,-5.295932661076521,-0.8787639075498329,,,,,,,,,,,,,,,,,,,,,,,
reg,,,683.0,,,,cc3,C,5,excess,XLB,TLT,2024-26,-11.173078129162159,-1.4323543570660109,,,,,,,,,,,,,,,,,,,,,,,
reg,,,1006.0,,,,cc3,C,5,excess,XLB,UUP,2020-23,15.293217593460966,2.5434228137604573,,,,,,,,,,,,,,,,,,,,,,,
reg,,,683.0,,,,cc3,C,5,excess,XLB,UUP,2024-26,-6.335545609292086,-0.8074322503633596,,,,,,,,,,,,,,,,,,,,,,,
reg,,,1006.0,,,,cc3,C,5,excess,XLB,USO,2020-23,-1.9161698069490856,-0.21135886873829549,,,,,,,,,,,,,,,,,,,,,,,
reg,,,683.0,,,,cc3,C,5,excess,XLB,USO,2024-26,-7.2582910683160975,-0.9003471299631103,,,,,,,,,,,,,,,,,,,,,,,
reg,,,1006.0,,,,cc3,C,5,excess,XLB,GLD,2020-23,-4.795165354569882,-0.7806031386298322,,,,,,,,,,,,,,,,,,,,,,,
reg,,,683.0,,,,cc3,C,5,excess,XLB,GLD,2024-26,-8.594035188403598,-0.7579356036614695,,,,,,,,,,,,,,,,,,,,,,,
reg,,,1006.0,,,,cc3,C,5,excess,XLB,HYG,2020-23,-16.291984290666978,-1.9267039294260322,,,,,,,,,,,,,,,,,,,,,,,
reg,,,683.0,,,,cc3,C,5,excess,XLB,HYG,2024-26,3.920999896269003,0.5491420105579948,,,,,,,,,,,,,,,,,,,,,,,
reg,,,748.0,,,,cc3,C,5,excess,XLB,BTC,2020-23,19.96589515311167,3.0068376400835444,,,,,,,,,,,,,,,,,,,,,,,
reg,,,683.0,,,,cc3,C,5,excess,XLB,BTC,2024-26,-6.06250565093329,-0.7177988619610675,,,,,,,,,,,,,,,,,,,,,,,
reg,,,1006.0,,,,cc3,C,5,excess,XLB,VIX,2020-23,3.5985814078165923,0.6031102218355255,,,,,,,,,,,,,,,,,,,,,,,
reg,,,683.0,,,,cc3,C,5,excess,XLB,VIX,2024-26,7.357863739562222,0.9064347916106008,,,,,,,,,,,,,,,,,,,,,,,
reg,,,1006.0,,,,cc3,C,5,excess,XLB,SPY,2020-23,-8.632771314577838,-1.1856073750281069,,,,,,,,,,,,,,,,,,,,,,,
reg,,,683.0,,,,cc3,C,5,excess,XLB,SPY,2024-26,-0.010573818805475735,-0.0012289447936165078,,,,,,,,,,,,,,,,,,,,,,,
reg,,,1006.0,,,,cc3,C,5,excess,XLRE,TLT,2020-23,15.366723296819785,1.6836812613510717,,,,,,,,,,,,,,,,,,,,,,,
reg,,,683.0,,,,cc3,C,5,excess,XLRE,TLT,2024-26,-7.281557240623698,-0.7191823923606446,,,,,,,,,,,,,,,,,,,,,,,
reg,,,1006.0,,,,cc3,C,5,excess,XLRE,UUP,2020-23,-4.262517214190629,-0.36975002060807594,,,,,,,,,,,,,,,,,,,,,,,
reg,,,683.0,,,,cc3,C,5,excess,XLRE,UUP,2024-26,5.908636451357291,0.5592079965405128,,,,,,,,,,,,,,,,,,,,,,,
reg,,,1006.0,,,,cc3,C,5,excess,XLRE,USO,2020-23,28.73916311826767,2.622649497821874,,,,,,,,,,,,,,,,,,,,,,,
reg,,,683.0,,,,cc3,C,5,excess,XLRE,USO,2024-26,8.739553524963577,0.9262684738757041,,,,,,,,,,,,,,,,,,,,,,,
reg,,,1006.0,,,,cc3,C,5,excess,XLRE,GLD,2020-23,16.180644606304494,1.3509874273186881,,,,,,,,,,,,,,,,,,,,,,,
reg,,,683.0,,,,cc3,C,5,excess,XLRE,GLD,2024-26,7.718043362790164,0.7672376156952694,,,,,,,,,,,,,,,,,,,,,,,
reg,,,1006.0,,,,cc3,C,5,excess,XLRE,HYG,2020-23,1.5467051883607985,0.09336917366310304,,,,,,,,,,,,,,,,,,,,,,,
reg,,,683.0,,,,cc3,C,5,excess,XLRE,HYG,2024-26,-2.907351963773533,-0.29211281461527694,,,,,,,,,,,,,,,,,,,,,,,
reg,,,748.0,,,,cc3,C,5,excess,XLRE,BTC,2020-23,3.5768993384627583,0.44085098440829534,,,,,,,,,,,,,,,,,,,,,,,
reg,,,683.0,,,,cc3,C,5,excess,XLRE,BTC,2024-26,-19.824528190368994,-2.0036945710245617,,,,,,,,,,,,,,,,,,,,,,,
reg,,,1006.0,,,,cc3,C,5,excess,XLRE,VIX,2020-23,-26.565054682797864,-2.297472644866293,,,,,,,,,,,,,,,,,,,,,,,
reg,,,683.0,,,,cc3,C,5,excess,XLRE,VIX,2024-26,4.51958732306098,0.49461051619619456,,,,,,,,,,,,,,,,,,,,,,,
reg,,,1006.0,,,,cc3,C,5,excess,XLRE,SPY,2020-23,14.15345625622141,1.0654204756722228,,,,,,,,,,,,,,,,,,,,,,,
reg,,,683.0,,,,cc3,C,5,excess,XLRE,SPY,2024-26,11.38800602036687,1.0975490869191575,,,,,,,,,,,,,,,,,,,,,,,
reg,,,1006.0,,,,cc3,C,5,excess,XLC,TLT,2020-23,-0.9232147741589466,-0.13597266397445412,,,,,,,,,,,,,,,,,,,,,,,
reg,,,683.0,,,,cc3,C,5,excess,XLC,TLT,2024-26,6.175021854040459,1.2347404689027965,,,,,,,,,,,,,,,,,,,,,,,
reg,,,1006.0,,,,cc3,C,5,excess,XLC,UUP,2020-23,2.833474282560576,0.36652269534560394,,,,,,,,,,,,,,,,,,,,,,,
reg,,,683.0,,,,cc3,C,5,excess,XLC,UUP,2024-26,-1.035650889765112,-0.1872305094946133,,,,,,,,,,,,,,,,,,,,,,,
reg,,,1006.0,,,,cc3,C,5,excess,XLC,USO,2020-23,-4.423584013971855,-0.7779518725339168,,,,,,,,,,,,,,,,,,,,,,,
reg,,,683.0,,,,cc3,C,5,excess,XLC,USO,2024-26,3.426143860414732,0.5159132622460263,,,,,,,,,,,,,,,,,,,,,,,
reg,,,1006.0,,,,cc3,C,5,excess,XLC,GLD,2020-23,-6.198480233608445,-0.9383899319329945,,,,,,,,,,,,,,,,,,,,,,,
reg,,,683.0,,,,cc3,C,5,excess,XLC,GLD,2024-26,17.26248738139563,3.3632961472427634,,,,,,,,,,,,,,,,,,,,,,,
reg,,,1006.0,,,,cc3,C,5,excess,XLC,HYG,2020-23,-3.7972046133450115,-0.44418472293138667,,,,,,,,,,,,,,,,,,,,,,,
reg,,,683.0,,,,cc3,C,5,excess,XLC,HYG,2024-26,0.41439613153505733,0.07929287994601539,,,,,,,,,,,,,,,,,,,,,,,
reg,,,748.0,,,,cc3,C,5,excess,XLC,BTC,2020-23,-10.182891476424851,-1.5831659353906675,,,,,,,,,,,,,,,,,,,,,,,
reg,,,683.0,,,,cc3,C,5,excess,XLC,BTC,2024-26,-0.11535318159318021,-0.022741589295609304,,,,,,,,,,,,,,,,,,,,,,,
reg,,,1006.0,,,,cc3,C,5,excess,XLC,VIX,2020-23,9.91977977129798,1.5581341382214478,,,,,,,,,,,,,,,,,,,,,,,
reg,,,683.0,,,,cc3,C,5,excess,XLC,VIX,2024-26,-9.147526479035552,-2.144967525840013,,,,,,,,,,,,,,,,,,,,,,,
reg,,,1006.0,,,,cc3,C,5,excess,XLC,SPY,2020-23,-9.300845227069097,-1.3032038279409615,,,,,,,,,,,,,,,,,,,,,,,
reg,,,683.0,,,,cc3,C,5,excess,XLC,SPY,2024-26,4.833411401556029,0.9987967031883191,,,,,,,,,,,,,,,,,,,,,,,
reg,,,1006.0,,,,cc3,C,5,excess,SMH,TLT,2020-23,1.0035251023700995,0.09972909967795862,,,,,,,,,,,,,,,,,,,,,,,
reg,,,683.0,,,,cc3,C,5,excess,SMH,TLT,2024-26,2.963661552461244,0.2255152108291208,,,,,,,,,,,,,,,,,,,,,,,
reg,,,1006.0,,,,cc3,C,5,excess,SMH,UUP,2020-23,17.513946843036848,1.4329785480336883,,,,,,,,,,,,,,,,,,,,,,,
reg,,,683.0,,,,cc3,C,5,excess,SMH,UUP,2024-26,8.627725660181179,0.596522012482799,,,,,,,,,,,,,,,,,,,,,,,
reg,,,1006.0,,,,cc3,C,5,excess,SMH,USO,2020-23,-17.869484599540726,-1.479810492927674,,,,,,,,,,,,,,,,,,,,,,,
reg,,,683.0,,,,cc3,C,5,excess,SMH,USO,2024-26,1.6523083716807123,0.10842916351390577,,,,,,,,,,,,,,,,,,,,,,,
reg,,,1006.0,,,,cc3,C,5,excess,SMH,GLD,2020-23,-19.590994764156914,-1.6351373704316625,,,,,,,,,,,,,,,,,,,,,,,
reg,,,683.0,,,,cc3,C,5,excess,SMH,GLD,2024-26,-18.650425969440498,-1.3553722283072351,,,,,,,,,,,,,,,,,,,,,,,
reg,,,1006.0,,,,cc3,C,5,excess,SMH,HYG,2020-23,-11.27725539750168,-0.8291712880850178,,,,,,,,,,,,,,,,,,,,,,,
reg,,,683.0,,,,cc3,C,5,excess,SMH,HYG,2024-26,-4.4773642169132675,-0.2787294087555984,,,,,,,,,,,,,,,,,,,,,,,
reg,,,748.0,,,,cc3,C,5,excess,SMH,BTC,2020-23,0.012617719214824772,0.001040398544654093,,,,,,,,,,,,,,,,,,,,,,,
reg,,,683.0,,,,cc3,C,5,excess,SMH,BTC,2024-26,-9.482404335096401,-0.6144577191442402,,,,,,,,,,,,,,,,,,,,,,,
reg,,,1006.0,,,,cc3,C,5,excess,SMH,VIX,2020-23,6.884061753464792,0.6807275348045272,,,,,,,,,,,,,,,,,,,,,,,
reg,,,683.0,,,,cc3,C,5,excess,SMH,VIX,2024-26,5.438713837164253,0.42200317741152105,,,,,,,,,,,,,,,,,,,,,,,
reg,,,1006.0,,,,cc3,C,5,excess,SMH,SPY,2020-23,-15.41896022209864,-1.3921290093076564,,,,,,,,,,,,,,,,,,,,,,,
reg,,,683.0,,,,cc3,C,5,excess,SMH,SPY,2024-26,-27.775877921877484,-1.9229195395899872,,,,,,,,,,,,,,,,,,,,,,,
reg,,,1006.0,,,,cc3,C,5,excess,XBI,TLT,2020-23,-13.304621312716451,-0.911023098359595,,,,,,,,,,,,,,,,,,,,,,,
reg,,,683.0,,,,cc3,C,5,excess,XBI,TLT,2024-26,-6.109623696794595,-0.4963144309937635,,,,,,,,,,,,,,,,,,,,,,,
reg,,,1006.0,,,,cc3,C,5,excess,XBI,UUP,2020-23,19.910837817516004,1.3526554439415066,,,,,,,,,,,,,,,,,,,,,,,
reg,,,683.0,,,,cc3,C,5,excess,XBI,UUP,2024-26,-8.747344664098838,-0.6289562578101758,,,,,,,,,,,,,,,,,,,,,,,
reg,,,1006.0,,,,cc3,C,5,excess,XBI,USO,2020-23,-12.279223509167826,-0.6389772645365085,,,,,,,,,,,,,,,,,,,,,,,
reg,,,683.0,,,,cc3,C,5,excess,XBI,USO,2024-26,-3.9290627155656788,-0.24482749689614342,,,,,,,,,,,,,,,,,,,,,,,
reg,,,1006.0,,,,cc3,C,5,excess,XBI,GLD,2020-23,-19.63348633580664,-1.260430689169767,,,,,,,,,,,,,,,,,,,,,,,
reg,,,683.0,,,,cc3,C,5,excess,XBI,GLD,2024-26,-4.170070976087306,-0.3248432325969744,,,,,,,,,,,,,,,,,,,,,,,
reg,,,1006.0,,,,cc3,C,5,excess,XBI,HYG,2020-23,-10.050347687264761,-0.4961903475881536,,,,,,,,,,,,,,,,,,,,,,,
reg,,,683.0,,,,cc3,C,5,excess,XBI,HYG,2024-26,-0.8066418812727568,-0.06155964479079059,,,,,,,,,,,,,,,,,,,,,,,
reg,,,748.0,,,,cc3,C,5,excess,XBI,BTC,2020-23,-29.720615673821488,-1.4696249966231714,,,,,,,,,,,,,,,,,,,,,,,
reg,,,683.0,,,,cc3,C,5,excess,XBI,BTC,2024-26,-32.14111415984332,-2.3489160279528947,,,,,,,,,,,,,,,,,,,,,,,
reg,,,1006.0,,,,cc3,C,5,excess,XBI,VIX,2020-23,15.167071158969232,1.0743184406139872,,,,,,,,,,,,,,,,,,,,,,,
reg,,,683.0,,,,cc3,C,5,excess,XBI,VIX,2024-26,2.7807744677747888,0.20208038603135126,,,,,,,,,,,,,,,,,,,,,,,
reg,,,1006.0,,,,cc3,C,5,excess,XBI,SPY,2020-23,-16.631445958633762,-0.8958998062778519,,,,,,,,,,,,,,,,,,,,,,,
reg,,,683.0,,,,cc3,C,5,excess,XBI,SPY,2024-26,-2.293866955983754,-0.15372260327016657,,,,,,,,,,,,,,,,,,,,,,,
reg,,,1006.0,,,,cc3,C,5,excess,KRE,TLT,2020-23,-8.48028502568663,-0.5719651505893507,,,,,,,,,,,,,,,,,,,,,,,
reg,,,683.0,,,,cc3,C,5,excess,KRE,TLT,2024-26,-28.776962975835442,-2.101689220640415,,,,,,,,,,,,,,,,,,,,,,,
reg,,,1006.0,,,,cc3,C,5,excess,KRE,UUP,2020-23,14.696458046376467,0.8935056166705746,,,,,,,,,,,,,,,,,,,,,,,
reg,,,683.0,,,,cc3,C,5,excess,KRE,UUP,2024-26,-1.4992662114329944,-0.10545114003832955,,,,,,,,,,,,,,,,,,,,,,,
reg,,,1006.0,,,,cc3,C,5,excess,KRE,USO,2020-23,14.455457328303536,0.5565251159565651,,,,,,,,,,,,,,,,,,,,,,,
reg,,,683.0,,,,cc3,C,5,excess,KRE,USO,2024-26,14.97899941920774,1.1090691805488817,,,,,,,,,,,,,,,,,,,,,,,
reg,,,1006.0,,,,cc3,C,5,excess,KRE,GLD,2020-23,13.881075330206448,0.9507240996745349,,,,,,,,,,,,,,,,,,,,,,,
reg,,,683.0,,,,cc3,C,5,excess,KRE,GLD,2024-26,-4.238249477173275,-0.3358155794351425,,,,,,,,,,,,,,,,,,,,,,,
reg,,,1006.0,,,,cc3,C,5,excess,KRE,HYG,2020-23,-19.969979241595748,-0.9278218124498842,,,,,,,,,,,,,,,,,,,,,,,
reg,,,683.0,,,,cc3,C,5,excess,KRE,HYG,2024-26,-0.9259402498873721,-0.05628469453945449,,,,,,,,,,,,,,,,,,,,,,,
reg,,,748.0,,,,cc3,C,5,excess,KRE,BTC,2020-23,15.835564065340286,1.2371248863221036,,,,,,,,,,,,,,,,,,,,,,,
reg,,,683.0,,,,cc3,C,5,excess,KRE,BTC,2024-26,-32.39009223636365,-2.1753242843038882,,,,,,,,,,,,,,,,,,,,,,,
reg,,,1006.0,,,,cc3,C,5,excess,KRE,VIX,2020-23,-9.787055152326877,-0.6487526127716045,,,,,,,,,,,,,,,,,,,,,,,
reg,,,683.0,,,,cc3,C,5,excess,KRE,VIX,2024-26,-22.942861382145445,-1.9124595587611668,,,,,,,,,,,,,,,,,,,,,,,
reg,,,1006.0,,,,cc3,C,5,excess,KRE,SPY,2020-23,-5.428519763484328,-0.3081568440291645,,,,,,,,,,,,,,,,,,,,,,,
reg,,,683.0,,,,cc3,C,5,excess,KRE,SPY,2024-26,14.693845158544201,0.9862688174861821,,,,,,,,,,,,,,,,,,,,,,,
reg,,,1006.0,,,,cc4,C,1,raw,XLK,TLT,2020-23,30.395955182422433,1.9613531874427286,,,,,,,,,,,,,,,,,,,,,,,
reg,,,682.0,,,,cc4,C,1,raw,XLK,TLT,2024-26,1.7235762027282506,0.12559655175891538,,,,,,,,,,,,,,,,,,,,,,,
reg,,,1006.0,,,,cc4,C,1,raw,XLK,UUP,2020-23,-10.843916898977792,-0.8511806786031033,,,,,,,,,,,,,,,,,,,,,,,
reg,,,682.0,,,,cc4,C,1,raw,XLK,UUP,2024-26,-9.646423527394354,-0.7901279549905372,,,,,,,,,,,,,,,,,,,,,,,
reg,,,1006.0,,,,cc4,C,1,raw,XLK,USO,2020-23,-13.349746916209831,-1.0125497359725453,,,,,,,,,,,,,,,,,,,,,,,
reg,,,682.0,,,,cc4,C,1,raw,XLK,USO,2024-26,-5.02185576023098,-0.32673664406454733,,,,,,,,,,,,,,,,,,,,,,,
reg,,,1006.0,,,,cc4,C,1,raw,XLK,GLD,2020-23,6.403804033996661,0.4655324138793525,,,,,,,,,,,,,,,,,,,,,,,
reg,,,682.0,,,,cc4,C,1,raw,XLK,GLD,2024-26,-4.784740930349521,-0.38599114327812745,,,,,,,,,,,,,,,,,,,,,,,
reg,,,1006.0,,,,cc4,C,1,raw,XLK,HYG,2020-23,-17.381479547820618,-1.3613301101426107,,,,,,,,,,,,,,,,,,,,,,,
reg,,,682.0,,,,cc4,C,1,raw,XLK,HYG,2024-26,-6.796142931093363,-0.39480267177766587,,,,,,,,,,,,,,,,,,,,,,,
reg,,,752.0,,,,cc4,C,1,raw,XLK,BTC,2020-23,-16.244472142827643,-1.5976945679210344,,,,,,,,,,,,,,,,,,,,,,,
reg,,,682.0,,,,cc4,C,1,raw,XLK,BTC,2024-26,-7.862016419242335,-0.6227564852828729,,,,,,,,,,,,,,,,,,,,,,,
reg,,,1006.0,,,,cc4,C,1,raw,XLK,VIX,2020-23,-16.18334562283118,-1.0296873095977586,,,,,,,,,,,,,,,,,,,,,,,
reg,,,682.0,,,,cc4,C,1,raw,XLK,VIX,2024-26,0.1666100233168791,0.011702529609468734,,,,,,,,,,,,,,,,,,,,,,,
reg,,,1006.0,,,,cc4,C,1,raw,XLK,SPY,2020-23,-30.59469841028237,-2.845771606392214,,,,,,,,,,,,,,,,,,,,,,,
reg,,,682.0,,,,cc4,C,1,raw,XLK,SPY,2024-26,-20.803500993276366,-1.5338913290746137,,,,,,,,,,,,,,,,,,,,,,,
reg,,,1006.0,,,,cc4,C,1,raw,XLF,TLT,2020-23,23.282024379169577,1.192920120995442,,,,,,,,,,,,,,,,,,,,,,,
reg,,,682.0,,,,cc4,C,1,raw,XLF,TLT,2024-26,-10.83900853024072,-1.2425795138919447,,,,,,,,,,,,,,,,,,,,,,,
reg,,,1006.0,,,,cc4,C,1,raw,XLF,UUP,2020-23,-10.256525338417392,-0.7363813468497129,,,,,,,,,,,,,,,,,,,,,,,
reg,,,682.0,,,,cc4,C,1,raw,XLF,UUP,2024-26,-0.6397297388079476,-0.07515633201633022,,,,,,,,,,,,,,,,,,,,,,,
reg,,,1006.0,,,,cc4,C,1,raw,XLF,USO,2020-23,6.723547597439972,0.4024261921987058,,,,,,,,,,,,,,,,,,,,,,,
reg,,,682.0,,,,cc4,C,1,raw,XLF,USO,2024-26,2.389140267830776,0.2665674240542178,,,,,,,,,,,,,,,,,,,,,,,
reg,,,1006.0,,,,cc4,C,1,raw,XLF,GLD,2020-23,16.108812059359828,0.9117336452637632,,,,,,,,,,,,,,,,,,,,,,,
reg,,,682.0,,,,cc4,C,1,raw,XLF,GLD,2024-26,-4.782010728325154,-0.7421339810179115,,,,,,,,,,,,,,,,,,,,,,,
reg,,,1006.0,,,,cc4,C,1,raw,XLF,HYG,2020-23,-19.64233416270436,-1.2013604975949341,,,,,,,,,,,,,,,,,,,,,,,
reg,,,682.0,,,,cc4,C,1,raw,XLF,HYG,2024-26,-12.68651088405078,-1.5196648005282112,,,,,,,,,,,,,,,,,,,,,,,
reg,,,752.0,,,,cc4,C,1,raw,XLF,BTC,2020-23,-0.8360073059739196,-0.09994832677195574,,,,,,,,,,,,,,,,,,,,,,,
reg,,,682.0,,,,cc4,C,1,raw,XLF,BTC,2024-26,-10.035698156152208,-1.6850251041595474,,,,,,,,,,,,,,,,,,,,,,,
reg,,,1006.0,,,,cc4,C,1,raw,XLF,VIX,2020-23,-28.407319668575727,-1.482315980370247,,,,,,,,,,,,,,,,,,,,,,,
reg,,,682.0,,,,cc4,C,1,raw,XLF,VIX,2024-26,6.866601405875093,0.8002234814919149,,,,,,,,,,,,,,,,,,,,,,,
reg,,,1006.0,,,,cc4,C,1,raw,XLF,SPY,2020-23,-17.465833443480047,-1.200347261264286,,,,,,,,,,,,,,,,,,,,,,,
reg,,,682.0,,,,cc4,C,1,raw,XLF,SPY,2024-26,-16.214907918245057,-2.3363131630693474,,,,,,,,,,,,,,,,,,,,,,,
reg,,,1006.0,,,,cc4,C,1,raw,XLE,TLT,2020-23,12.526348289324616,0.44978563476836647,,,,,,,,,,,,,,,,,,,,,,,
reg,,,682.0,,,,cc4,C,1,raw,XLE,TLT,2024-26,-14.00567222429116,-1.2613665065861068,,,,,,,,,,,,,,,,,,,,,,,
reg,,,1006.0,,,,cc4,C,1,raw,XLE,UUP,2020-23,13.606641162577603,0.6592317070176562,,,,,,,,,,,,,,,,,,,,,,,
reg,,,682.0,,,,cc4,C,1,raw,XLE,UUP,2024-26,-9.068296755601391,-0.8724511324789591,,,,,,,,,,,,,,,,,,,,,,,
reg,,,1006.0,,,,cc4,C,1,raw,XLE,USO,2020-23,12.75885396382256,0.5206252249194644,,,,,,,,,,,,,,,,,,,,,,,
reg,,,682.0,,,,cc4,C,1,raw,XLE,USO,2024-26,0.6178191655371513,0.06120271523122439,,,,,,,,,,,,,,,,,,,,,,,
reg,,,1006.0,,,,cc4,C,1,raw,XLE,GLD,2020-23,0.7833641987668452,0.02895959668114344,,,,,,,,,,,,,,,,,,,,,,,
reg,,,682.0,,,,cc4,C,1,raw,XLE,GLD,2024-26,-5.757816361915916,-0.5693559814767296,,,,,,,,,,,,,,,,,,,,,,,
reg,,,1006.0,,,,cc4,C,1,raw,XLE,HYG,2020-23,-9.92415603603456,-0.3097241489915326,,,,,,,,,,,,,,,,,,,,,,,
reg,,,682.0,,,,cc4,C,1,raw,XLE,HYG,2024-26,-10.319932649296437,-1.1321502906829264,,,,,,,,,,,,,,,,,,,,,,,
reg,,,752.0,,,,cc4,C,1,raw,XLE,BTC,2020-23,7.26447596282732,0.387831708565653,,,,,,,,,,,,,,,,,,,,,,,
reg,,,682.0,,,,cc4,C,1,raw,XLE,BTC,2024-26,-9.45253228170805,-1.007212871461535,,,,,,,,,,,,,,,,,,,,,,,
reg,,,1006.0,,,,cc4,C,1,raw,XLE,VIX,2020-23,-30.985722450050257,-1.1580942936237606,,,,,,,,,,,,,,,,,,,,,,,
reg,,,682.0,,,,cc4,C,1,raw,XLE,VIX,2024-26,-6.217879831845333,-0.6701326973521874,,,,,,,,,,,,,,,,,,,,,,,
reg,,,1006.0,,,,cc4,C,1,raw,XLE,SPY,2020-23,-3.0817583661006167,-0.110191853538179,,,,,,,,,,,,,,,,,,,,,,,
reg,,,682.0,,,,cc4,C,1,raw,XLE,SPY,2024-26,-8.48213441637602,-0.8604307946653911,,,,,,,,,,,,,,,,,,,,,,,
reg,,,1006.0,,,,cc4,C,1,raw,XLV,TLT,2020-23,23.718283159177023,1.6005041510378077,,,,,,,,,,,,,,,,,,,,,,,
reg,,,682.0,,,,cc4,C,1,raw,XLV,TLT,2024-26,-0.7381367029921561,-0.10347081000375977,,,,,,,,,,,,,,,,,,,,,,,
reg,,,1006.0,,,,cc4,C,1,raw,XLV,UUP,2020-23,-17.698065905318618,-1.6048472785313252,,,,,,,,,,,,,,,,,,,,,,,
reg,,,682.0,,,,cc4,C,1,raw,XLV,UUP,2024-26,-1.9579039117156587,-0.24101863637668536,,,,,,,,,,,,,,,,,,,,,,,
reg,,,1006.0,,,,cc4,C,1,raw,XLV,USO,2020-23,-1.816506608037167,-0.16387862587130622,,,,,,,,,,,,,,,,,,,,,,,
reg,,,682.0,,,,cc4,C,1,raw,XLV,USO,2024-26,-4.092339314908559,-0.5060113946089301,,,,,,,,,,,,,,,,,,,,,,,
reg,,,1006.0,,,,cc4,C,1,raw,XLV,GLD,2020-23,13.515408452087526,1.0397953113361094,,,,,,,,,,,,,,,,,,,,,,,
reg,,,682.0,,,,cc4,C,1,raw,XLV,GLD,2024-26,0.1542347659923761,0.023384693555443842,,,,,,,,,,,,,,,,,,,,,,,
reg,,,1006.0,,,,cc4,C,1,raw,XLV,HYG,2020-23,5.202204893495086,0.576648550195847,,,,,,,,,,,,,,,,,,,,,,,
reg,,,682.0,,,,cc4,C,1,raw,XLV,HYG,2024-26,-6.605069652461795,-1.0771522115437167,,,,,,,,,,,,,,,,,,,,,,,
reg,,,752.0,,,,cc4,C,1,raw,XLV,BTC,2020-23,-2.445101112398734,-0.43424405479301964,,,,,,,,,,,,,,,,,,,,,,,
reg,,,682.0,,,,cc4,C,1,raw,XLV,BTC,2024-26,-16.628563928122155,-2.4730333958176822,,,,,,,,,,,,,,,,,,,,,,,
reg,,,1006.0,,,,cc4,C,1,raw,XLV,VIX,2020-23,-21.920347846343677,-1.6089080749075544,,,,,,,,,,,,,,,,,,,,,,,
reg,,,682.0,,,,cc4,C,1,raw,XLV,VIX,2024-26,2.6771691445019283,0.3956088720853075,,,,,,,,,,,,,,,,,,,,,,,
reg,,,1006.0,,,,cc4,C,1,raw,XLV,SPY,2020-23,-10.136294631807752,-1.0589909231985315,,,,,,,,,,,,,,,,,,,,,,,
reg,,,682.0,,,,cc4,C,1,raw,XLV,SPY,2024-26,-11.635100115069699,-1.9733799026051484,,,,,,,,,,,,,,,,,,,,,,,
reg,,,1006.0,,,,cc4,C,1,raw,XLI,TLT,2020-23,24.391904537222647,1.1603646870559052,,,,,,,,,,,,,,,,,,,,,,,
reg,,,682.0,,,,cc4,C,1,raw,XLI,TLT,2024-26,-1.150662874590975,-0.12369220592522932,,,,,,,,,,,,,,,,,,,,,,,
reg,,,1006.0,,,,cc4,C,1,raw,XLI,UUP,2020-23,-3.2435790541226073,-0.26608673119741205,,,,,,,,,,,,,,,,,,,,,,,
reg,,,682.0,,,,cc4,C,1,raw,XLI,UUP,2024-26,-6.394057838340821,-0.8442288403954489,,,,,,,,,,,,,,,,,,,,,,,
reg,,,1006.0,,,,cc4,C,1,raw,XLI,USO,2020-23,11.792856557352916,0.7445868701598691,,,,,,,,,,,,,,,,,,,,,,,
reg,,,682.0,,,,cc4,C,1,raw,XLI,USO,2024-26,-3.024540957497756,-0.28626233820566405,,,,,,,,,,,,,,,,,,,,,,,
reg,,,1006.0,,,,cc4,C,1,raw,XLI,GLD,2020-23,18.7944965166181,1.088756565494232,,,,,,,,,,,,,,,,,,,,,,,
reg,,,682.0,,,,cc4,C,1,raw,XLI,GLD,2024-26,-6.719189083921487,-1.0014606551154022,,,,,,,,,,,,,,,,,,,,,,,
reg,,,1006.0,,,,cc4,C,1,raw,XLI,HYG,2020-23,-8.79766020984745,-0.5212214465279209,,,,,,,,,,,,,,,,,,,,,,,
reg,,,682.0,,,,cc4,C,1,raw,XLI,HYG,2024-26,-9.428254386630305,-0.8618830353990987,,,,,,,,,,,,,,,,,,,,,,,
reg,,,752.0,,,,cc4,C,1,raw,XLI,BTC,2020-23,2.7611361142695747,0.3654837252439111,,,,,,,,,,,,,,,,,,,,,,,
reg,,,682.0,,,,cc4,C,1,raw,XLI,BTC,2024-26,-11.434671529587803,-1.5138562450283273,,,,,,,,,,,,,,,,,,,,,,,
reg,,,1006.0,,,,cc4,C,1,raw,XLI,VIX,2020-23,-28.71114809292747,-1.5492680667201302,,,,,,,,,,,,,,,,,,,,,,,
reg,,,682.0,,,,cc4,C,1,raw,XLI,VIX,2024-26,10.053698297573819,1.1575432727318549,,,,,,,,,,,,,,,,,,,,,,,
reg,,,1006.0,,,,cc4,C,1,raw,XLI,SPY,2020-23,-10.216595942955385,-0.7139313470935195,,,,,,,,,,,,,,,,,,,,,,,
reg,,,682.0,,,,cc4,C,1,raw,XLI,SPY,2024-26,-17.80454929259115,-2.2997498339860263,,,,,,,,,,,,,,,,,,,,,,,
reg,,,1006.0,,,,cc4,C,1,raw,XLY,TLT,2020-23,21.42051181897747,1.338845363164982,,,,,,,,,,,,,,,,,,,,,,,
reg,,,682.0,,,,cc4,C,1,raw,XLY,TLT,2024-26,-7.507673472381806,-0.7861082312778291,,,,,,,,,,,,,,,,,,,,,,,
reg,,,1006.0,,,,cc4,C,1,raw,XLY,UUP,2020-23,0.798244915719343,0.05648947732550446,,,,,,,,,,,,,,,,,,,,,,,
reg,,,682.0,,,,cc4,C,1,raw,XLY,UUP,2024-26,0.8428418208980618,0.07923242941173654,,,,,,,,,,,,,,,,,,,,,,,
reg,,,1006.0,,,,cc4,C,1,raw,XLY,USO,2020-23,-0.30281156553151206,-0.01767932531994229,,,,,,,,,,,,,,,,,,,,,,,
reg,,,682.0,,,,cc4,C,1,raw,XLY,USO,2024-26,-2.822897599643742,-0.2624473191461427,,,,,,,,,,,,,,,,,,,,,,,
reg,,,1006.0,,,,cc4,C,1,raw,XLY,GLD,2020-23,11.693235425981833,0.7631312501865726,,,,,,,,,,,,,,,,,,,,,,,
reg,,,682.0,,,,cc4,C,1,raw,XLY,GLD,2024-26,-9.774189835649437,-1.0772873779098515,,,,,,,,,,,,,,,,,,,,,,,
reg,,,1006.0,,,,cc4,C,1,raw,XLY,HYG,2020-23,-9.886831310330132,-0.524008807332755,,,,,,,,,,,,,,,,,,,,,,,
reg,,,682.0,,,,cc4,C,1,raw,XLY,HYG,2024-26,-11.917277827654209,-1.0403864044775808,,,,,,,,,,,,,,,,,,,,,,,
reg,,,752.0,,,,cc4,C,1,raw,XLY,BTC,2020-23,-10.700741074999497,-1.0953057508913593,,,,,,,,,,,,,,,,,,,,,,,
reg,,,682.0,,,,cc4,C,1,raw,XLY,BTC,2024-26,-8.685335641208807,-0.9735891592834603,,,,,,,,,,,,,,,,,,,,,,,
reg,,,1006.0,,,,cc4,C,1,raw,XLY,VIX,2020-23,-22.5063574166623,-1.351753097382291,,,,,,,,,,,,,,,,,,,,,,,
reg,,,682.0,,,,cc4,C,1,raw,XLY,VIX,2024-26,1.4470921923974434,0.13644541099082438,,,,,,,,,,,,,,,,,,,,,,,
reg,,,1006.0,,,,cc4,C,1,raw,XLY,SPY,2020-23,-9.853674412758558,-0.6602838007682301,,,,,,,,,,,,,,,,,,,,,,,
reg,,,682.0,,,,cc4,C,1,raw,XLY,SPY,2024-26,-22.699291814741432,-2.249009145393222,,,,,,,,,,,,,,,,,,,,,,,
reg,,,1006.0,,,,cc4,C,1,raw,XLP,TLT,2020-23,12.597114782046987,0.8800639564986612,,,,,,,,,,,,,,,,,,,,,,,
reg,,,682.0,,,,cc4,C,1,raw,XLP,TLT,2024-26,-4.217280450837629,-0.7117348963147533,,,,,,,,,,,,,,,,,,,,,,,
reg,,,1006.0,,,,cc4,C,1,raw,XLP,UUP,2020-23,-15.65427657383516,-1.3646183806755594,,,,,,,,,,,,,,,,,,,,,,,
reg,,,682.0,,,,cc4,C,1,raw,XLP,UUP,2024-26,-0.1475817303047731,-0.023986177521858727,,,,,,,,,,,,,,,,,,,,,,,
reg,,,1006.0,,,,cc4,C,1,raw,XLP,USO,2020-23,6.1700224482329,0.6165796132418461,,,,,,,,,,,,,,,,,,,,,,,
reg,,,682.0,,,,cc4,C,1,raw,XLP,USO,2024-26,0.7836843808608407,0.11491028707295371,,,,,,,,,,,,,,,,,,,,,,,
reg,,,1006.0,,,,cc4,C,1,raw,XLP,GLD,2020-23,7.380635858492995,0.6616143620928411,,,,,,,,,,,,,,,,,,,,,,,
reg,,,682.0,,,,cc4,C,1,raw,XLP,GLD,2024-26,3.906831898638347,0.5685344255002241,,,,,,,,,,,,,,,,,,,,,,,
reg,,,1006.0,,,,cc4,C,1,raw,XLP,HYG,2020-23,15.124853763329405,1.6208097552581384,,,,,,,,,,,,,,,,,,,,,,,
reg,,,682.0,,,,cc4,C,1,raw,XLP,HYG,2024-26,-2.710578979327661,-0.5459891151352477,,,,,,,,,,,,,,,,,,,,,,,
reg,,,752.0,,,,cc4,C,1,raw,XLP,BTC,2020-23,-0.4688002590864403,-0.08243521257643349,,,,,,,,,,,,,,,,,,,,,,,
reg,,,682.0,,,,cc4,C,1,raw,XLP,BTC,2024-26,-8.587014679715251,-1.5095975919933353,,,,,,,,,,,,,,,,,,,,,,,
reg,,,1006.0,,,,cc4,C,1,raw,XLP,VIX,2020-23,-23.664360271163126,-2.0260158945924567,,,,,,,,,,,,,,,,,,,,,,,
reg,,,682.0,,,,cc4,C,1,raw,XLP,VIX,2024-26,2.3879641344945592,0.3999233350564605,,,,,,,,,,,,,,,,,,,,,,,
reg,,,1006.0,,,,cc4,C,1,raw,XLP,SPY,2020-23,-4.384731655370416,-0.42137471047028857,,,,,,,,,,,,,,,,,,,,,,,
reg,,,682.0,,,,cc4,C,1,raw,XLP,SPY,2024-26,-0.44971680838875067,-0.08453347786945226,,,,,,,,,,,,,,,,,,,,,,,
reg,,,1006.0,,,,cc4,C,1,raw,XLU,TLT,2020-23,30.286024801728,1.2897824782097904,,,,,,,,,,,,,,,,,,,,,,,
reg,,,682.0,,,,cc4,C,1,raw,XLU,TLT,2024-26,-10.389723971243265,-1.2681642908136486,,,,,,,,,,,,,,,,,,,,,,,
reg,,,1006.0,,,,cc4,C,1,raw,XLU,UUP,2020-23,-23.68029455074135,-1.522455910254192,,,,,,,,,,,,,,,,,,,,,,,
reg,,,682.0,,,,cc4,C,1,raw,XLU,UUP,2024-26,12.818575973015765,1.674246286007784,,,,,,,,,,,,,,,,,,,,,,,
reg,,,1006.0,,,,cc4,C,1,raw,XLU,USO,2020-23,26.87925639408321,1.6106466069944758,,,,,,,,,,,,,,,,,,,,,,,
reg,,,682.0,,,,cc4,C,1,raw,XLU,USO,2024-26,9.811337792319241,1.354622619023306,,,,,,,,,,,,,,,,,,,,,,,
reg,,,1006.0,,,,cc4,C,1,raw,XLU,GLD,2020-23,26.00456075532331,1.3839643786102338,,,,,,,,,,,,,,,,,,,,,,,
reg,,,682.0,,,,cc4,C,1,raw,XLU,GLD,2024-26,-0.1970772635539824,-0.03590956127315681,,,,,,,,,,,,,,,,,,,,,,,
reg,,,1006.0,,,,cc4,C,1,raw,XLU,HYG,2020-23,13.104132108135332,0.9118858676948365,,,,,,,,,,,,,,,,,,,,,,,
reg,,,682.0,,,,cc4,C,1,raw,XLU,HYG,2024-26,-10.321626576078271,-1.6851501139436993,,,,,,,,,,,,,,,,,,,,,,,
reg,,,752.0,,,,cc4,C,1,raw,XLU,BTC,2020-23,4.285072065498653,0.5455458453354686,,,,,,,,,,,,,,,,,,,,,,,
reg,,,682.0,,,,cc4,C,1,raw,XLU,BTC,2024-26,-8.154836249836015,-1.3009894572149467,,,,,,,,,,,,,,,,,,,,,,,
reg,,,1006.0,,,,cc4,C,1,raw,XLU,VIX,2020-23,-37.47302128951367,-1.9883230211757932,,,,,,,,,,,,,,,,,,,,,,,
reg,,,682.0,,,,cc4,C,1,raw,XLU,VIX,2024-26,7.0442414307921775,1.069142767955177,,,,,,,,,,,,,,,,,,,,,,,
reg,,,1006.0,,,,cc4,C,1,raw,XLU,SPY,2020-23,1.0610495658981327,0.0767158089371399,,,,,,,,,,,,,,,,,,,,,,,
reg,,,682.0,,,,cc4,C,1,raw,XLU,SPY,2024-26,-10.341470304943398,-1.7200352735382918,,,,,,,,,,,,,,,,,,,,,,,
reg,,,1006.0,,,,cc4,C,1,raw,XLB,TLT,2020-23,20.539617646420982,1.1558064568039041,,,,,,,,,,,,,,,,,,,,,,,
reg,,,682.0,,,,cc4,C,1,raw,XLB,TLT,2024-26,-8.775343331973575,-0.8986927395099642,,,,,,,,,,,,,,,,,,,,,,,
reg,,,1006.0,,,,cc4,C,1,raw,XLB,UUP,2020-23,-0.14948407847545808,-0.011885940400281325,,,,,,,,,,,,,,,,,,,,,,,
reg,,,682.0,,,,cc4,C,1,raw,XLB,UUP,2024-26,-12.635769709391505,-1.5647992219868172,,,,,,,,,,,,,,,,,,,,,,,
reg,,,1006.0,,,,cc4,C,1,raw,XLB,USO,2020-23,4.418060242439613,0.24310476394640923,,,,,,,,,,,,,,,,,,,,,,,
reg,,,682.0,,,,cc4,C,1,raw,XLB,USO,2024-26,-6.371789000461752,-0.7083379515917853,,,,,,,,,,,,,,,,,,,,,,,
reg,,,1006.0,,,,cc4,C,1,raw,XLB,GLD,2020-23,10.130473623898789,0.657684610786154,,,,,,,,,,,,,,,,,,,,,,,
reg,,,682.0,,,,cc4,C,1,raw,XLB,GLD,2024-26,-1.0099016245204306,-0.12810351146342291,,,,,,,,,,,,,,,,,,,,,,,
reg,,,1006.0,,,,cc4,C,1,raw,XLB,HYG,2020-23,-14.267861430078854,-0.8978191854190438,,,,,,,,,,,,,,,,,,,,,,,
reg,,,682.0,,,,cc4,C,1,raw,XLB,HYG,2024-26,-9.618381862490587,-1.175982713345516,,,,,,,,,,,,,,,,,,,,,,,
reg,,,752.0,,,,cc4,C,1,raw,XLB,BTC,2020-23,9.193917422845974,0.9796392758071663,,,,,,,,,,,,,,,,,,,,,,,
reg,,,682.0,,,,cc4,C,1,raw,XLB,BTC,2024-26,-8.4151247927863,-0.9880276759283004,,,,,,,,,,,,,,,,,,,,,,,
reg,,,1006.0,,,,cc4,C,1,raw,XLB,VIX,2020-23,-20.44150901894972,-1.199405218880541,,,,,,,,,,,,,,,,,,,,,,,
reg,,,682.0,,,,cc4,C,1,raw,XLB,VIX,2024-26,6.073957966659342,0.7756889857155813,,,,,,,,,,,,,,,,,,,,,,,
reg,,,1006.0,,,,cc4,C,1,raw,XLB,SPY,2020-23,-15.445989828117341,-1.065733296300304,,,,,,,,,,,,,,,,,,,,,,,
reg,,,682.0,,,,cc4,C,1,raw,XLB,SPY,2024-26,-15.661089305109371,-2.370753334873973,,,,,,,,,,,,,,,,,,,,,,,
reg,,,1006.0,,,,cc4,C,1,raw,XLRE,TLT,2020-23,35.56573956088702,1.789500710044783,,,,,,,,,,,,,,,,,,,,,,,
reg,,,682.0,,,,cc4,C,1,raw,XLRE,TLT,2024-26,-5.418809404704143,-0.6566430017837783,,,,,,,,,,,,,,,,,,,,,,,
reg,,,1006.0,,,,cc4,C,1,raw,XLRE,UUP,2020-23,-22.39493891896655,-1.3779075871981996,,,,,,,,,,,,,,,,,,,,,,,
reg,,,682.0,,,,cc4,C,1,raw,XLRE,UUP,2024-26,3.0505109319950314,0.33955642357466803,,,,,,,,,,,,,,,,,,,,,,,
reg,,,1006.0,,,,cc4,C,1,raw,XLRE,USO,2020-23,18.568025623262823,1.0279385700929695,,,,,,,,,,,,,,,,,,,,,,,
reg,,,682.0,,,,cc4,C,1,raw,XLRE,USO,2024-26,9.070516102035077,1.1849484240174073,,,,,,,,,,,,,,,,,,,,,,,
reg,,,1006.0,,,,cc4,C,1,raw,XLRE,GLD,2020-23,31.535189699996454,1.4551686384373923,,,,,,,,,,,,,,,,,,,,,,,
reg,,,682.0,,,,cc4,C,1,raw,XLRE,GLD,2024-26,9.732426846962971,1.5051408179959433,,,,,,,,,,,,,,,,,,,,,,,
reg,,,1006.0,,,,cc4,C,1,raw,XLRE,HYG,2020-23,0.9627418528108539,0.06381615513845007,,,,,,,,,,,,,,,,,,,,,,,
reg,,,682.0,,,,cc4,C,1,raw,XLRE,HYG,2024-26,-8.204522730830659,-1.2971757881777293,,,,,,,,,,,,,,,,,,,,,,,
reg,,,752.0,,,,cc4,C,1,raw,XLRE,BTC,2020-23,-7.0365038279614405,-0.8688509267898085,,,,,,,,,,,,,,,,,,,,,,,
reg,,,682.0,,,,cc4,C,1,raw,XLRE,BTC,2024-26,-13.01360967495626,-1.854656638822238,,,,,,,,,,,,,,,,,,,,,,,
reg,,,1006.0,,,,cc4,C,1,raw,XLRE,VIX,2020-23,-35.6295713612799,-1.7144301988558859,,,,,,,,,,,,,,,,,,,,,,,
reg,,,682.0,,,,cc4,C,1,raw,XLRE,VIX,2024-26,5.793553523579833,0.9172869521078664,,,,,,,,,,,,,,,,,,,,,,,
reg,,,1006.0,,,,cc4,C,1,raw,XLRE,SPY,2020-23,-4.964627016128174,-0.37488790704039965,,,,,,,,,,,,,,,,,,,,,,,
reg,,,682.0,,,,cc4,C,1,raw,XLRE,SPY,2024-26,-10.46709405113032,-1.8023695741725907,,,,,,,,,,,,,,,,,,,,,,,
reg,,,1006.0,,,,cc4,C,1,raw,XLC,TLT,2020-23,17.739182458485505,1.3939031206550982,,,,,,,,,,,,,,,,,,,,,,,
reg,,,682.0,,,,cc4,C,1,raw,XLC,TLT,2024-26,-3.4760763359440334,-0.43382377645901826,,,,,,,,,,,,,,,,,,,,,,,
reg,,,1006.0,,,,cc4,C,1,raw,XLC,UUP,2020-23,-11.27427511340037,-0.9462100052880491,,,,,,,,,,,,,,,,,,,,,,,
reg,,,682.0,,,,cc4,C,1,raw,XLC,UUP,2024-26,-5.219085088460349,-0.6787084051694636,,,,,,,,,,,,,,,,,,,,,,,
reg,,,1006.0,,,,cc4,C,1,raw,XLC,USO,2020-23,-4.0391390515603,-0.3229869145292361,,,,,,,,,,,,,,,,,,,,,,,
reg,,,682.0,,,,cc4,C,1,raw,XLC,USO,2024-26,1.4463323128520056,0.14981521824151267,,,,,,,,,,,,,,,,,,,,,,,
reg,,,1006.0,,,,cc4,C,1,raw,XLC,GLD,2020-23,10.015911917124752,0.8191498475856797,,,,,,,,,,,,,,,,,,,,,,,
reg,,,682.0,,,,cc4,C,1,raw,XLC,GLD,2024-26,6.180982165829818,0.7228379065362521,,,,,,,,,,,,,,,,,,,,,,,
reg,,,1006.0,,,,cc4,C,1,raw,XLC,HYG,2020-23,-6.1612760369141535,-0.5712967776164786,,,,,,,,,,,,,,,,,,,,,,,
reg,,,682.0,,,,cc4,C,1,raw,XLC,HYG,2024-26,-9.826107768160993,-1.0635777984544041,,,,,,,,,,,,,,,,,,,,,,,
reg,,,752.0,,,,cc4,C,1,raw,XLC,BTC,2020-23,-12.92194685463216,-1.2382935250460774,,,,,,,,,,,,,,,,,,,,,,,
reg,,,682.0,,,,cc4,C,1,raw,XLC,BTC,2024-26,-6.798597013622774,-0.9279093372189804,,,,,,,,,,,,,,,,,,,,,,,
reg,,,1006.0,,,,cc4,C,1,raw,XLC,VIX,2020-23,-9.568500403236342,-0.7018955365232121,,,,,,,,,,,,,,,,,,,,,,,
reg,,,682.0,,,,cc4,C,1,raw,XLC,VIX,2024-26,2.189441705067878,0.2590906219680866,,,,,,,,,,,,,,,,,,,,,,,
reg,,,1006.0,,,,cc4,C,1,raw,XLC,SPY,2020-23,-16.08545470445767,-1.6146476340155036,,,,,,,,,,,,,,,,,,,,,,,
reg,,,682.0,,,,cc4,C,1,raw,XLC,SPY,2024-26,-15.118972082199114,-1.864202600515215,,,,,,,,,,,,,,,,,,,,,,,
reg,,,1006.0,,,,cc4,C,1,raw,SMH,TLT,2020-23,32.467770480432314,1.8651820963844938,,,,,,,,,,,,,,,,,,,,,,,
reg,,,682.0,,,,cc4,C,1,raw,SMH,TLT,2024-26,7.858775026778699,0.4438552436103,,,,,,,,,,,,,,,,,,,,,,,
reg,,,1006.0,,,,cc4,C,1,raw,SMH,UUP,2020-23,-4.736083367521638,-0.2777524301472749,,,,,,,,,,,,,,,,,,,,,,,
reg,,,682.0,,,,cc4,C,1,raw,SMH,UUP,2024-26,-8.39245204456724,-0.5057212526765232,,,,,,,,,,,,,,,,,,,,,,,
reg,,,1006.0,,,,cc4,C,1,raw,SMH,USO,2020-23,-15.904714747789365,-0.8934943738961378,,,,,,,,,,,,,,,,,,,,,,,
reg,,,682.0,,,,cc4,C,1,raw,SMH,USO,2024-26,0.29690351460537534,0.01402479711324076,,,,,,,,,,,,,,,,,,,,,,,
reg,,,1006.0,,,,cc4,C,1,raw,SMH,GLD,2020-23,6.466411589211432,0.39687416615826443,,,,,,,,,,,,,,,,,,,,,,,
reg,,,682.0,,,,cc4,C,1,raw,SMH,GLD,2024-26,-19.122880456986117,-1.1406978251610114,,,,,,,,,,,,,,,,,,,,,,,
reg,,,1006.0,,,,cc4,C,1,raw,SMH,HYG,2020-23,-27.79962741877858,-1.323222892823531,,,,,,,,,,,,,,,,,,,,,,,
reg,,,682.0,,,,cc4,C,1,raw,SMH,HYG,2024-26,-13.672885957562022,-0.6097051204666416,,,,,,,,,,,,,,,,,,,,,,,
reg,,,752.0,,,,cc4,C,1,raw,SMH,BTC,2020-23,-20.745384589771117,-1.3072582675714561,,,,,,,,,,,,,,,,,,,,,,,
reg,,,682.0,,,,cc4,C,1,raw,SMH,BTC,2024-26,-17.197058255398737,-0.9631955442452732,,,,,,,,,,,,,,,,,,,,,,,
reg,,,1006.0,,,,cc4,C,1,raw,SMH,VIX,2020-23,-17.193008766837668,-0.8909351776806985,,,,,,,,,,,,,,,,,,,,,,,
reg,,,682.0,,,,cc4,C,1,raw,SMH,VIX,2024-26,7.478078616211762,0.4142000779393384,,,,,,,,,,,,,,,,,,,,,,,
reg,,,1006.0,,,,cc4,C,1,raw,SMH,SPY,2020-23,-39.33585643996988,-2.5516422867026534,,,,,,,,,,,,,,,,,,,,,,,
reg,,,682.0,,,,cc4,C,1,raw,SMH,SPY,2024-26,-40.754087346357046,-2.3455835701643015,,,,,,,,,,,,,,,,,,,,,,,
reg,,,1006.0,,,,cc4,C,1,raw,XBI,TLT,2020-23,20.8214632046439,1.067759073420237,,,,,,,,,,,,,,,,,,,,,,,
reg,,,682.0,,,,cc4,C,1,raw,XBI,TLT,2024-26,-7.6441220335189595,-0.5365401664827011,,,,,,,,,,,,,,,,,,,,,,,
reg,,,1006.0,,,,cc4,C,1,raw,XBI,UUP,2020-23,2.082737784921756,0.1365546610855758,,,,,,,,,,,,,,,,,,,,,,,
reg,,,682.0,,,,cc4,C,1,raw,XBI,UUP,2024-26,-7.853709213635695,-0.5674064809207028,,,,,,,,,,,,,,,,,,,,,,,
reg,,,1006.0,,,,cc4,C,1,raw,XBI,USO,2020-23,-8.98275317473486,-0.39107424895706105,,,,,,,,,,,,,,,,,,,,,,,
reg,,,682.0,,,,cc4,C,1,raw,XBI,USO,2024-26,-0.7225309692816388,-0.05563929143720517,,,,,,,,,,,,,,,,,,,,,,,
reg,,,1006.0,,,,cc4,C,1,raw,XBI,GLD,2020-23,4.8292503383175625,0.30054843587491203,,,,,,,,,,,,,,,,,,,,,,,
reg,,,682.0,,,,cc4,C,1,raw,XBI,GLD,2024-26,-0.3648998697685949,-0.02969757471796991,,,,,,,,,,,,,,,,,,,,,,,
reg,,,1006.0,,,,cc4,C,1,raw,XBI,HYG,2020-23,-21.307123452503255,-1.0208129345990704,,,,,,,,,,,,,,,,,,,,,,,
reg,,,682.0,,,,cc4,C,1,raw,XBI,HYG,2024-26,-3.427182481479527,-0.3220686445607283,,,,,,,,,,,,,,,,,,,,,,,
reg,,,752.0,,,,cc4,C,1,raw,XBI,BTC,2020-23,-46.47421274878701,-3.2085273820302875,,,,,,,,,,,,,,,,,,,,,,,
reg,,,682.0,,,,cc4,C,1,raw,XBI,BTC,2024-26,-19.612567237687937,-1.4585937028359897,,,,,,,,,,,,,,,,,,,,,,,
reg,,,1006.0,,,,cc4,C,1,raw,XBI,VIX,2020-23,-17.023103593438815,-0.9437258437790006,,,,,,,,,,,,,,,,,,,,,,,
reg,,,682.0,,,,cc4,C,1,raw,XBI,VIX,2024-26,8.091419135106213,0.7142742269840079,,,,,,,,,,,,,,,,,,,,,,,
reg,,,1006.0,,,,cc4,C,1,raw,XBI,SPY,2020-23,-23.280915756725097,-1.3231000444385967,,,,,,,,,,,,,,,,,,,,,,,
reg,,,682.0,,,,cc4,C,1,raw,XBI,SPY,2024-26,-16.168959933396067,-1.4181371399988651,,,,,,,,,,,,,,,,,,,,,,,
reg,,,1006.0,,,,cc4,C,1,raw,KRE,TLT,2020-23,22.354342368122502,0.9803682261049375,,,,,,,,,,,,,,,,,,,,,,,
reg,,,682.0,,,,cc4,C,1,raw,KRE,TLT,2024-26,-20.60907686985995,-1.5133017482937525,,,,,,,,,,,,,,,,,,,,,,,
reg,,,1006.0,,,,cc4,C,1,raw,KRE,UUP,2020-23,-7.730999440040941,-0.3994658287534812,,,,,,,,,,,,,,,,,,,,,,,
reg,,,682.0,,,,cc4,C,1,raw,KRE,UUP,2024-26,7.490409502809764,0.5624026592270208,,,,,,,,,,,,,,,,,,,,,,,
reg,,,1006.0,,,,cc4,C,1,raw,KRE,USO,2020-23,5.888778036556002,0.23740783744240887,,,,,,,,,,,,,,,,,,,,,,,
reg,,,682.0,,,,cc4,C,1,raw,KRE,USO,2024-26,13.681562095237677,1.1400821127269987,,,,,,,,,,,,,,,,,,,,,,,
reg,,,1006.0,,,,cc4,C,1,raw,KRE,GLD,2020-23,17.43364906574536,0.8091827211218351,,,,,,,,,,,,,,,,,,,,,,,
reg,,,682.0,,,,cc4,C,1,raw,KRE,GLD,2024-26,-20.525204146247315,-2.0019811336061455,,,,,,,,,,,,,,,,,,,,,,,
reg,,,1006.0,,,,cc4,C,1,raw,KRE,HYG,2020-23,-27.912873597971522,-1.2225725474575755,,,,,,,,,,,,,,,,,,,,,,,
reg,,,682.0,,,,cc4,C,1,raw,KRE,HYG,2024-26,-23.18477509618903,-2.44707217724611,,,,,,,,,,,,,,,,,,,,,,,
reg,,,752.0,,,,cc4,C,1,raw,KRE,BTC,2020-23,4.0697836675685615,0.3503354338639615,,,,,,,,,,,,,,,,,,,,,,,
reg,,,682.0,,,,cc4,C,1,raw,KRE,BTC,2024-26,-28.67427475375289,-2.6355214385053864,,,,,,,,,,,,,,,,,,,,,,,
reg,,,1006.0,,,,cc4,C,1,raw,KRE,VIX,2020-23,-29.73744216986232,-1.3515580995319798,,,,,,,,,,,,,,,,,,,,,,,
reg,,,682.0,,,,cc4,C,1,raw,KRE,VIX,2024-26,5.515730025228466,0.5367373545044861,,,,,,,,,,,,,,,,,,,,,,,
reg,,,1006.0,,,,cc4,C,1,raw,KRE,SPY,2020-23,-19.521832168331354,-1.0589774841817563,,,,,,,,,,,,,,,,,,,,,,,
reg,,,682.0,,,,cc4,C,1,raw,KRE,SPY,2024-26,-30.770103772744037,-3.4652827683473495,,,,,,,,,,,,,,,,,,,,,,,
reg,,,1006.0,,,,cc4,C,1,excess,XLK,TLT,2020-23,7.387340594055091,1.6841149061461091,,,,,,,,,,,,,,,,,,,,,,,
reg,,,682.0,,,,cc4,C,1,excess,XLK,TLT,2024-26,5.318266479919775,0.8405638423427975,,,,,,,,,,,,,,,,,,,,,,,
reg,,,1006.0,,,,cc4,C,1,excess,XLK,UUP,2020-23,-1.9072168958231621,-0.40706647754961994,,,,,,,,,,,,,,,,,,,,,,,
reg,,,682.0,,,,cc4,C,1,excess,XLK,UUP,2024-26,-4.2829884275932075,-0.7043190743084491,,,,,,,,,,,,,,,,,,,,,,,
reg,,,1006.0,,,,cc4,C,1,excess,XLK,USO,2020-23,-14.307464385178367,-2.6729042624381147,,,,,,,,,,,,,,,,,,,,,,,
reg,,,682.0,,,,cc4,C,1,excess,XLK,USO,2024-26,-2.75208132462982,-0.34041442677392997,,,,,,,,,,,,,,,,,,,,,,,
reg,,,1006.0,,,,cc4,C,1,excess,XLK,GLD,2020-23,-5.124041890428961,-1.1417654574787734,,,,,,,,,,,,,,,,,,,,,,,
reg,,,682.0,,,,cc4,C,1,excess,XLK,GLD,2024-26,-0.9139480880348507,-0.14228765502938567,,,,,,,,,,,,,,,,,,,,,,,
reg,,,1006.0,,,,cc4,C,1,excess,XLK,HYG,2020-23,-12.184769267149784,-1.9430932299399475,,,,,,,,,,,,,,,,,,,,,,,
reg,,,682.0,,,,cc4,C,1,excess,XLK,HYG,2024-26,3.300625434830798,0.5012721903344372,,,,,,,,,,,,,,,,,,,,,,,
reg,,,752.0,,,,cc4,C,1,excess,XLK,BTC,2020-23,-8.716656158684344,-1.907472795910804,,,,,,,,,,,,,,,,,,,,,,,
reg,,,682.0,,,,cc4,C,1,excess,XLK,BTC,2024-26,0.6197207281980461,0.09353930293190278,,,,,,,,,,,,,,,,,,,,,,,
reg,,,1006.0,,,,cc4,C,1,excess,XLK,VIX,2020-23,4.752962116498858,1.2548314309203232,,,,,,,,,,,,,,,,,,,,,,,
reg,,,682.0,,,,cc4,C,1,excess,XLK,VIX,2024-26,-3.298267479498157,-0.5063274927380259,,,,,,,,,,,,,,,,,,,,,,,
reg,,,1006.0,,,,cc4,C,1,excess,XLK,SPY,2020-23,-16.427440915769083,-4.093816913492112,,,,,,,,,,,,,,,,,,,,,,,
reg,,,682.0,,,,cc4,C,1,excess,XLK,SPY,2024-26,-2.7850856893690725,-0.4634450372606973,,,,,,,,,,,,,,,,,,,,,,,
reg,,,1006.0,,,,cc4,C,1,excess,XLF,TLT,2020-23,0.273409790802242,0.044543335614813405,,,,,,,,,,,,,,,,,,,,,,,
reg,,,682.0,,,,cc4,C,1,excess,XLF,TLT,2024-26,-7.244318253049193,-1.3450898606801818,,,,,,,,,,,,,,,,,,,,,,,
reg,,,1006.0,,,,cc4,C,1,excess,XLF,UUP,2020-23,-1.3198253352627454,-0.21240026347550042,,,,,,,,,,,,,,,,,,,,,,,
reg,,,682.0,,,,cc4,C,1,excess,XLF,UUP,2024-26,4.723705360993195,0.82061252157843,,,,,,,,,,,,,,,,,,,,,,,
reg,,,1006.0,,,,cc4,C,1,excess,XLF,USO,2020-23,5.765830128471454,0.8533176958736609,,,,,,,,,,,,,,,,,,,,,,,
reg,,,682.0,,,,cc4,C,1,excess,XLF,USO,2024-26,4.65891470343194,0.7435461482325805,,,,,,,,,,,,,,,,,,,,,,,
reg,,,1006.0,,,,cc4,C,1,excess,XLF,GLD,2020-23,4.580966134934208,0.6387687188735705,,,,,,,,,,,,,,,,,,,,,,,
reg,,,682.0,,,,cc4,C,1,excess,XLF,GLD,2024-26,-0.9112178860104798,-0.18146215759404938,,,,,,,,,,,,,,,,,,,,,,,
reg,,,1006.0,,,,cc4,C,1,excess,XLF,HYG,2020-23,-14.445623882033505,-1.5084859644694237,,,,,,,,,,,,,,,,,,,,,,,
reg,,,682.0,,,,cc4,C,1,excess,XLF,HYG,2024-26,-2.5897425181266227,-0.43148645577590294,,,,,,,,,,,,,,,,,,,,,,,
reg,,,752.0,,,,cc4,C,1,excess,XLF,BTC,2020-23,6.691808678169364,1.2540127441503421,,,,,,,,,,,,,,,,,,,,,,,
reg,,,682.0,,,,cc4,C,1,excess,XLF,BTC,2024-26,-1.5539610087118183,-0.27207653125473147,,,,,,,,,,,,,,,,,,,,,,,
reg,,,1006.0,,,,cc4,C,1,excess,XLF,VIX,2020-23,-7.471011929245733,-1.1683524904957217,,,,,,,,,,,,,,,,,,,,,,,
reg,,,682.0,,,,cc4,C,1,excess,XLF,VIX,2024-26,3.4017239030600597,0.7284758305466275,,,,,,,,,,,,,,,,,,,,,,,
reg,,,1006.0,,,,cc4,C,1,excess,XLF,SPY,2020-23,-3.2985759489667883,-0.5131936110226694,,,,,,,,,,,,,,,,,,,,,,,
reg,,,682.0,,,,cc4,C,1,excess,XLF,SPY,2024-26,1.803507385662238,0.31776281364744735,,,,,,,,,,,,,,,,,,,,,,,
reg,,,1006.0,,,,cc4,C,1,excess,XLE,TLT,2020-23,-10.482266299042717,-0.6357456481064314,,,,,,,,,,,,,,,,,,,,,,,
reg,,,682.0,,,,cc4,C,1,excess,XLE,TLT,2024-26,-10.410981947099625,-1.0296266409665462,,,,,,,,,,,,,,,,,,,,,,,
reg,,,1006.0,,,,cc4,C,1,excess,XLE,UUP,2020-23,22.54334116573222,1.4461013757570857,,,,,,,,,,,,,,,,,,,,,,,
reg,,,682.0,,,,cc4,C,1,excess,XLE,UUP,2024-26,-3.7048616558002405,-0.3105447282325234,,,,,,,,,,,,,,,,,,,,,,,
reg,,,1006.0,,,,cc4,C,1,excess,XLE,USO,2020-23,11.801136494854015,0.678827450278869,,,,,,,,,,,,,,,,,,,,,,,
reg,,,682.0,,,,cc4,C,1,excess,XLE,USO,2024-26,2.8875936011383163,0.2072653716707221,,,,,,,,,,,,,,,,,,,,,,,
reg,,,1006.0,,,,cc4,C,1,excess,XLE,GLD,2020-23,-10.744481725658769,-0.5761693127902677,,,,,,,,,,,,,,,,,,,,,,,
reg,,,682.0,,,,cc4,C,1,excess,XLE,GLD,2024-26,-1.8870235196012475,-0.1540194593174791,,,,,,,,,,,,,,,,,,,,,,,
reg,,,1006.0,,,,cc4,C,1,excess,XLE,HYG,2020-23,-4.727445755363754,-0.19038064480287828,,,,,,,,,,,,,,,,,,,,,,,
reg,,,682.0,,,,cc4,C,1,excess,XLE,HYG,2024-26,-0.22316428337229718,-0.019132525799499856,,,,,,,,,,,,,,,,,,,,,,,
reg,,,752.0,,,,cc4,C,1,excess,XLE,BTC,2020-23,14.792291946970613,0.8975430918238857,,,,,,,,,,,,,,,,,,,,,,,
reg,,,682.0,,,,cc4,C,1,excess,XLE,BTC,2024-26,-0.9707951342676671,-0.09582858053354594,,,,,,,,,,,,,,,,,,,,,,,
reg,,,1006.0,,,,cc4,C,1,excess,XLE,VIX,2020-23,-10.049414710720171,-0.6690658319767011,,,,,,,,,,,,,,,,,,,,,,,
reg,,,682.0,,,,cc4,C,1,excess,XLE,VIX,2024-26,-9.682757334660371,-0.7897196841845088,,,,,,,,,,,,,,,,,,,,,,,
reg,,,1006.0,,,,cc4,C,1,excess,XLE,SPY,2020-23,11.085499128412662,0.533482859329388,,,,,,,,,,,,,,,,,,,,,,,
reg,,,682.0,,,,cc4,C,1,excess,XLE,SPY,2024-26,9.536280887531271,0.8042655106464421,,,,,,,,,,,,,,,,,,,,,,,
reg,,,1006.0,,,,cc4,C,1,excess,XLV,TLT,2020-23,0.7096685708096542,0.14107724871615668,,,,,,,,,,,,,,,,,,,,,,,
reg,,,682.0,,,,cc4,C,1,excess,XLV,TLT,2024-26,2.8565535741993675,0.42827390194049314,,,,,,,,,,,,,,,,,,,,,,,
reg,,,1006.0,,,,cc4,C,1,excess,XLV,UUP,2020-23,-8.761365902164012,-1.2529088451063204,,,,,,,,,,,,,,,,,,,,,,,
reg,,,682.0,,,,cc4,C,1,excess,XLV,UUP,2024-26,3.405531188085487,0.3739448128317868,,,,,,,,,,,,,,,,,,,,,,,
reg,,,1006.0,,,,cc4,C,1,excess,XLV,USO,2020-23,-2.774224077005699,-0.4444265483889841,,,,,,,,,,,,,,,,,,,,,,,
reg,,,682.0,,,,cc4,C,1,excess,XLV,USO,2024-26,-1.8225648793073916,-0.1788497498962179,,,,,,,,,,,,,,,,,,,,,,,
reg,,,1006.0,,,,cc4,C,1,excess,XLV,GLD,2020-23,1.9875625276619189,0.3831258830671499,,,,,,,,,,,,,,,,,,,,,,,
reg,,,682.0,,,,cc4,C,1,excess,XLV,GLD,2024-26,4.025027608307039,0.4929791018381834,,,,,,,,,,,,,,,,,,,,,,,
reg,,,1006.0,,,,cc4,C,1,excess,XLV,HYG,2020-23,10.39891517416592,1.178472510928573,,,,,,,,,,,,,,,,,,,,,,,
reg,,,682.0,,,,cc4,C,1,excess,XLV,HYG,2024-26,3.49169871346236,0.3397332515627113,,,,,,,,,,,,,,,,,,,,,,,
reg,,,752.0,,,,cc4,C,1,excess,XLV,BTC,2020-23,5.082714871744554,0.985838540296648,,,,,,,,,,,,,,,,,,,,,,,
reg,,,682.0,,,,cc4,C,1,excess,XLV,BTC,2024-26,-8.14682678068178,-1.0046490986183874,,,,,,,,,,,,,,,,,,,,,,,
reg,,,1006.0,,,,cc4,C,1,excess,XLV,VIX,2020-23,-0.9840401070136464,-0.21677604034672537,,,,,,,,,,,,,,,,,,,,,,,
reg,,,682.0,,,,cc4,C,1,excess,XLV,VIX,2024-26,-0.7877083583131064,-0.10399799230351875,,,,,,,,,,,,,,,,,,,,,,,
reg,,,1006.0,,,,cc4,C,1,excess,XLV,SPY,2020-23,4.030962862705512,0.6117917453669851,,,,,,,,,,,,,,,,,,,,,,,
reg,,,682.0,,,,cc4,C,1,excess,XLV,SPY,2024-26,6.383315188837599,0.6507370820728635,,,,,,,,,,,,,,,,,,,,,,,
reg,,,1006.0,,,,cc4,C,1,excess,XLI,TLT,2020-23,1.3832899488553088,0.19669573673602259,,,,,,,,,,,,,,,,,,,,,,,
reg,,,682.0,,,,cc4,C,1,excess,XLI,TLT,2024-26,2.444027402600544,0.5176276959224939,,,,,,,,,,,,,,,,,,,,,,,
reg,,,1006.0,,,,cc4,C,1,excess,XLI,UUP,2020-23,5.693120949032027,1.2619189289314239,,,,,,,,,,,,,,,,,,,,,,,
reg,,,682.0,,,,cc4,C,1,excess,XLI,UUP,2024-26,-1.0306227385396678,-0.20386366875425468,,,,,,,,,,,,,,,,,,,,,,,
reg,,,1006.0,,,,cc4,C,1,excess,XLI,USO,2020-23,10.835139088384402,1.8644070382266622,,,,,,,,,,,,,,,,,,,,,,,
reg,,,682.0,,,,cc4,C,1,excess,XLI,USO,2024-26,-0.7547665218965919,-0.12366052696060256,,,,,,,,,,,,,,,,,,,,,,,
reg,,,1006.0,,,,cc4,C,1,excess,XLI,GLD,2020-23,7.266650592192478,1.1799363619517136,,,,,,,,,,,,,,,,,,,,,,,
reg,,,682.0,,,,cc4,C,1,excess,XLI,GLD,2024-26,-2.848396241606811,-0.5052054335173555,,,,,,,,,,,,,,,,,,,,,,,
reg,,,1006.0,,,,cc4,C,1,excess,XLI,HYG,2020-23,-3.6009499291766116,-0.3798420985570964,,,,,,,,,,,,,,,,,,,,,,,
reg,,,682.0,,,,cc4,C,1,excess,XLI,HYG,2024-26,0.668513979293833,0.20102017341675404,,,,,,,,,,,,,,,,,,,,,,,
reg,,,752.0,,,,cc4,C,1,excess,XLI,BTC,2020-23,10.288952098412864,2.4036574993750106,,,,,,,,,,,,,,,,,,,,,,,
reg,,,682.0,,,,cc4,C,1,excess,XLI,BTC,2024-26,-2.9529343821474203,-0.5883433714821351,,,,,,,,,,,,,,,,,,,,,,,
reg,,,1006.0,,,,cc4,C,1,excess,XLI,VIX,2020-23,-7.774840353597469,-1.488061447757464,,,,,,,,,,,,,,,,,,,,,,,
reg,,,682.0,,,,cc4,C,1,excess,XLI,VIX,2024-26,6.5888207947587905,1.5548320550820711,,,,,,,,,,,,,,,,,,,,,,,
reg,,,1006.0,,,,cc4,C,1,excess,XLI,SPY,2020-23,3.950661551557884,0.6048889802380955,,,,,,,,,,,,,,,,,,,,,,,
reg,,,682.0,,,,cc4,C,1,excess,XLI,SPY,2024-26,0.21386601131614194,0.053970816637696324,,,,,,,,,,,,,,,,,,,,,,,
reg,,,1006.0,,,,cc4,C,1,excess,XLY,TLT,2020-23,-1.5881027693898695,-0.273511141094393,,,,,,,,,,,,,,,,,,,,,,,
reg,,,682.0,,,,cc4,C,1,excess,XLY,TLT,2024-26,-3.9129831951902814,-0.8623836405753545,,,,,,,,,,,,,,,,,,,,,,,
reg,,,1006.0,,,,cc4,C,1,excess,XLY,UUP,2020-23,9.734944918873984,1.3197204094127524,,,,,,,,,,,,,,,,,,,,,,,
reg,,,682.0,,,,cc4,C,1,excess,XLY,UUP,2024-26,6.206276920699209,1.2058973697377484,,,,,,,,,,,,,,,,,,,,,,,
reg,,,1006.0,,,,cc4,C,1,excess,XLY,USO,2020-23,-1.2605290345000253,-0.17686978254440386,,,,,,,,,,,,,,,,,,,,,,,
reg,,,682.0,,,,cc4,C,1,excess,XLY,USO,2024-26,-0.5531231640425749,-0.10688612591527967,,,,,,,,,,,,,,,,,,,,,,,
reg,,,1006.0,,,,cc4,C,1,excess,XLY,GLD,2020-23,0.16538950155621018,0.027560147843044402,,,,,,,,,,,,,,,,,,,,,,,
reg,,,682.0,,,,cc4,C,1,excess,XLY,GLD,2024-26,-5.903396993334752,-1.2218514856951368,,,,,,,,,,,,,,,,,,,,,,,
reg,,,1006.0,,,,cc4,C,1,excess,XLY,HYG,2020-23,-4.690121029659325,-0.4539536269321805,,,,,,,,,,,,,,,,,,,,,,,
reg,,,682.0,,,,cc4,C,1,excess,XLY,HYG,2024-26,-1.820509461730067,-0.4325122777502758,,,,,,,,,,,,,,,,,,,,,,,
reg,,,752.0,,,,cc4,C,1,excess,XLY,BTC,2020-23,-3.172925090856201,-0.6535115232525339,,,,,,,,,,,,,,,,,,,,,,,
reg,,,682.0,,,,cc4,C,1,excess,XLY,BTC,2024-26,-0.20359849376842812,-0.04104452208604473,,,,,,,,,,,,,,,,,,,,,,,
reg,,,1006.0,,,,cc4,C,1,excess,XLY,VIX,2020-23,-1.5700496773322754,-0.3323033812598264,,,,,,,,,,,,,,,,,,,,,,,
reg,,,682.0,,,,cc4,C,1,excess,XLY,VIX,2024-26,-2.017785310417596,-0.4148854987211077,,,,,,,,,,,,,,,,,,,,,,,
reg,,,1006.0,,,,cc4,C,1,excess,XLY,SPY,2020-23,4.313583081754704,0.590665319869061,,,,,,,,,,,,,,,,,,,,,,,
reg,,,682.0,,,,cc4,C,1,excess,XLY,SPY,2024-26,-4.68087651083414,-0.9856168789753028,,,,,,,,,,,,,,,,,,,,,,,
reg,,,1006.0,,,,cc4,C,1,excess,XLP,TLT,2020-23,-10.41149980632034,-1.5677220667383782,,,,,,,,,,,,,,,,,,,,,,,
reg,,,682.0,,,,cc4,C,1,excess,XLP,TLT,2024-26,-0.6225901736461091,-0.08174362503356711,,,,,,,,,,,,,,,,,,,,,,,
reg,,,1006.0,,,,cc4,C,1,excess,XLP,UUP,2020-23,-6.717576570680505,-0.6934931029363106,,,,,,,,,,,,,,,,,,,,,,,
reg,,,682.0,,,,cc4,C,1,excess,XLP,UUP,2024-26,5.215853369496364,0.5679939026465465,,,,,,,,,,,,,,,,,,,,,,,
reg,,,1006.0,,,,cc4,C,1,excess,XLP,USO,2020-23,5.212304979264361,0.5776472516065548,,,,,,,,,,,,,,,,,,,,,,,
reg,,,682.0,,,,cc4,C,1,excess,XLP,USO,2024-26,3.0534588164619985,0.3017901359754239,,,,,,,,,,,,,,,,,,,,,,,
reg,,,1006.0,,,,cc4,C,1,excess,XLP,GLD,2020-23,-4.147210065932633,-0.4971626557995426,,,,,,,,,,,,,,,,,,,,,,,
reg,,,682.0,,,,cc4,C,1,excess,XLP,GLD,2024-26,7.777624740953019,0.7516902356800074,,,,,,,,,,,,,,,,,,,,,,,
reg,,,1006.0,,,,cc4,C,1,excess,XLP,HYG,2020-23,20.32156404400025,1.6991455035118093,,,,,,,,,,,,,,,,,,,,,,,
reg,,,682.0,,,,cc4,C,1,excess,XLP,HYG,2024-26,7.386189386596493,0.6939274066152509,,,,,,,,,,,,,,,,,,,,,,,
reg,,,752.0,,,,cc4,C,1,excess,XLP,BTC,2020-23,7.059015725056855,1.1860675784559198,,,,,,,,,,,,,,,,,,,,,,,
reg,,,682.0,,,,cc4,C,1,excess,XLP,BTC,2024-26,-0.10527753227486665,-0.011717072255025615,,,,,,,,,,,,,,,,,,,,,,,
reg,,,1006.0,,,,cc4,C,1,excess,XLP,VIX,2020-23,-2.728052531833073,-0.41558554478316184,,,,,,,,,,,,,,,,,,,,,,,
reg,,,682.0,,,,cc4,C,1,excess,XLP,VIX,2024-26,-1.0769133683204888,-0.1436597312626964,,,,,,,,,,,,,,,,,,,,,,,
reg,,,1006.0,,,,cc4,C,1,excess,XLP,SPY,2020-23,9.782525839142847,1.0346463508919976,,,,,,,,,,,,,,,,,,,,,,,
reg,,,682.0,,,,cc4,C,1,excess,XLP,SPY,2024-26,17.56869849551855,1.8719131032622012,,,,,,,,,,,,,,,,,,,,,,,
reg,,,1006.0,,,,cc4,C,1,excess,XLU,TLT,2020-23,7.277410213360642,0.6377426234623459,,,,,,,,,,,,,,,,,,,,,,,
reg,,,682.0,,,,cc4,C,1,excess,XLU,TLT,2024-26,-6.795033694051747,-0.7822933323367142,,,,,,,,,,,,,,,,,,,,,,,
reg,,,1006.0,,,,cc4,C,1,excess,XLU,UUP,2020-23,-14.743594547586724,-1.3881039157691781,,,,,,,,,,,,,,,,,,,,,,,
reg,,,682.0,,,,cc4,C,1,excess,XLU,UUP,2024-26,18.182011072816916,1.724428278750155,,,,,,,,,,,,,,,,,,,,,,,
reg,,,1006.0,,,,cc4,C,1,excess,XLU,USO,2020-23,25.921538925114668,2.803585718852985,,,,,,,,,,,,,,,,,,,,,,,
reg,,,682.0,,,,cc4,C,1,excess,XLU,USO,2024-26,12.081112227920393,1.193021900601764,,,,,,,,,,,,,,,,,,,,,,,
reg,,,1006.0,,,,cc4,C,1,excess,XLU,GLD,2020-23,14.4767148308977,1.4144988352319394,,,,,,,,,,,,,,,,,,,,,,,
reg,,,682.0,,,,cc4,C,1,excess,XLU,GLD,2024-26,3.673715578760689,0.47283083551227667,,,,,,,,,,,,,,,,,,,,,,,
reg,,,1006.0,,,,cc4,C,1,excess,XLU,HYG,2020-23,18.300842388806142,1.7348952580655366,,,,,,,,,,,,,,,,,,,,,,,
reg,,,682.0,,,,cc4,C,1,excess,XLU,HYG,2024-26,-0.22485821015411475,-0.01954309185399496,,,,,,,,,,,,,,,,,,,,,,,
reg,,,752.0,,,,cc4,C,1,excess,XLU,BTC,2020-23,11.812888049641936,1.6592782171705966,,,,,,,,,,,,,,,,,,,,,,,
reg,,,682.0,,,,cc4,C,1,excess,XLU,BTC,2024-26,0.3269008976043689,0.0408354075483885,,,,,,,,,,,,,,,,,,,,,,,
reg,,,1006.0,,,,cc4,C,1,excess,XLU,VIX,2020-23,-16.53671355018362,-2.1642066773189663,,,,,,,,,,,,,,,,,,,,,,,
reg,,,682.0,,,,cc4,C,1,excess,XLU,VIX,2024-26,3.579363927977144,0.4456691616562134,,,,,,,,,,,,,,,,,,,,,,,
reg,,,1006.0,,,,cc4,C,1,excess,XLU,SPY,2020-23,15.228307060411426,1.8976536817283245,,,,,,,,,,,,,,,,,,,,,,,
reg,,,682.0,,,,cc4,C,1,excess,XLU,SPY,2024-26,7.676944998963901,0.7133256701196137,,,,,,,,,,,,,,,,,,,,,,,
reg,,,1006.0,,,,cc4,C,1,excess,XLB,TLT,2020-23,-2.468996941946352,-0.48721904990474724,,,,,,,,,,,,,,,,,,,,,,,
reg,,,682.0,,,,cc4,C,1,excess,XLB,TLT,2024-26,-5.1806530547820575,-0.8482014880017557,,,,,,,,,,,,,,,,,,,,,,,
reg,,,1006.0,,,,cc4,C,1,excess,XLB,UUP,2020-23,8.787215924679174,1.7913470243022729,,,,,,,,,,,,,,,,,,,,,,,
reg,,,682.0,,,,cc4,C,1,excess,XLB,UUP,2024-26,-7.272334609590355,-1.0147005875626267,,,,,,,,,,,,,,,,,,,,,,,
reg,,,1006.0,,,,cc4,C,1,excess,XLB,USO,2020-23,3.4603427734710936,0.47416324090380857,,,,,,,,,,,,,,,,,,,,,,,
reg,,,682.0,,,,cc4,C,1,excess,XLB,USO,2024-26,-4.102014564860589,-0.5051584709044936,,,,,,,,,,,,,,,,,,,,,,,
reg,,,1006.0,,,,cc4,C,1,excess,XLB,GLD,2020-23,-1.3973723005268253,-0.23447301680855248,,,,,,,,,,,,,,,,,,,,,,,
reg,,,682.0,,,,cc4,C,1,excess,XLB,GLD,2024-26,2.860891217794242,0.30057411932339756,,,,,,,,,,,,,,,,,,,,,,,
reg,,,1006.0,,,,cc4,C,1,excess,XLB,HYG,2020-23,-9.071151149408054,-1.169376408145653,,,,,,,,,,,,,,,,,,,,,,,
reg,,,682.0,,,,cc4,C,1,excess,XLB,HYG,2024-26,0.47838650343357525,0.06618342142508303,,,,,,,,,,,,,,,,,,,,,,,
reg,,,752.0,,,,cc4,C,1,excess,XLB,BTC,2020-23,16.721733406989273,2.8251829129898174,,,,,,,,,,,,,,,,,,,,,,,
reg,,,682.0,,,,cc4,C,1,excess,XLB,BTC,2024-26,0.06661235465407736,0.009601113347512732,,,,,,,,,,,,,,,,,,,,,,,
reg,,,1006.0,,,,cc4,C,1,excess,XLB,VIX,2020-23,0.4947987203803095,0.10655773662927386,,,,,,,,,,,,,,,,,,,,,,,
reg,,,682.0,,,,cc4,C,1,excess,XLB,VIX,2024-26,2.609080463844309,0.37815351449850937,,,,,,,,,,,,,,,,,,,,,,,
reg,,,1006.0,,,,cc4,C,1,excess,XLB,SPY,2020-23,-1.2787323336040652,-0.21730125982279017,,,,,,,,,,,,,,,,,,,,,,,
reg,,,682.0,,,,cc4,C,1,excess,XLB,SPY,2024-26,2.3573259987979114,0.30755967424088637,,,,,,,,,,,,,,,,,,,,,,,
reg,,,1006.0,,,,cc4,C,1,excess,XLRE,TLT,2020-23,12.557124972519679,1.7125701607259942,,,,,,,,,,,,,,,,,,,,,,,
reg,,,682.0,,,,cc4,C,1,excess,XLRE,TLT,2024-26,-1.8241191275126205,-0.22971044665108714,,,,,,,,,,,,,,,,,,,,,,,
reg,,,1006.0,,,,cc4,C,1,excess,XLRE,UUP,2020-23,-13.458238915811933,-1.584489551684923,,,,,,,,,,,,,,,,,,,,,,,
reg,,,682.0,,,,cc4,C,1,excess,XLRE,UUP,2024-26,8.413946031796177,0.9351452397988673,,,,,,,,,,,,,,,,,,,,,,,
reg,,,1006.0,,,,cc4,C,1,excess,XLRE,USO,2020-23,17.610308154294277,1.8819863285092795,,,,,,,,,,,,,,,,,,,,,,,
reg,,,682.0,,,,cc4,C,1,excess,XLRE,USO,2024-26,11.340290537636225,1.157880598674392,,,,,,,,,,,,,,,,,,,,,,,
reg,,,1006.0,,,,cc4,C,1,excess,XLRE,GLD,2020-23,20.00734377557084,1.8805475445625135,,,,,,,,,,,,,,,,,,,,,,,
reg,,,682.0,,,,cc4,C,1,excess,XLRE,GLD,2024-26,13.603219689277639,1.7171159931740885,,,,,,,,,,,,,,,,,,,,,,,
reg,,,1006.0,,,,cc4,C,1,excess,XLRE,HYG,2020-23,6.159452133481676,0.5672313473305549,,,,,,,,,,,,,,,,,,,,,,,
reg,,,682.0,,,,cc4,C,1,excess,XLRE,HYG,2024-26,1.8922456350934997,0.17009026155081003,,,,,,,,,,,,,,,,,,,,,,,
reg,,,752.0,,,,cc4,C,1,excess,XLRE,BTC,2020-23,0.49131215618185037,0.07428076834503484,,,,,,,,,,,,,,,,,,,,,,,
reg,,,682.0,,,,cc4,C,1,excess,XLRE,BTC,2024-26,-4.531872527515876,-0.5541472689132727,,,,,,,,,,,,,,,,,,,,,,,
reg,,,1006.0,,,,cc4,C,1,excess,XLRE,VIX,2020-23,-14.693263621949857,-1.853003082382526,,,,,,,,,,,,,,,,,,,,,,,
reg,,,682.0,,,,cc4,C,1,excess,XLRE,VIX,2024-26,2.3286760207647887,0.28001713623557356,,,,,,,,,,,,,,,,,,,,,,,
reg,,,1006.0,,,,cc4,C,1,excess,XLRE,SPY,2020-23,9.202630478385101,1.409045266728357,,,,,,,,,,,,,,,,,,,,,,,
reg,,,682.0,,,,cc4,C,1,excess,XLRE,SPY,2024-26,7.551321252776953,0.7212934024764798,,,,,,,,,,,,,,,,,,,,,,,
reg,,,1006.0,,,,cc4,C,1,excess,XLC,TLT,2020-23,-5.269432129881828,-0.7276457672776815,,,,,,,,,,,,,,,,,,,,,,,
reg,,,682.0,,,,cc4,C,1,excess,XLC,TLT,2024-26,0.11861394124748816,0.02620292030854345,,,,,,,,,,,,,,,,,,,,,,,
reg,,,1006.0,,,,cc4,C,1,excess,XLC,UUP,2020-23,-2.337575110245737,-0.3784648958459518,,,,,,,,,,,,,,,,,,,,,,,
reg,,,682.0,,,,cc4,C,1,excess,XLC,UUP,2024-26,0.14435001134080677,0.0315798838513191,,,,,,,,,,,,,,,,,,,,,,,
reg,,,1006.0,,,,cc4,C,1,excess,XLC,USO,2020-23,-4.99685652052883,-0.9929525697591874,,,,,,,,,,,,,,,,,,,,,,,
reg,,,682.0,,,,cc4,C,1,excess,XLC,USO,2024-26,3.7161067484531665,0.6510300866960795,,,,,,,,,,,,,,,,,,,,,,,
reg,,,1006.0,,,,cc4,C,1,excess,XLC,GLD,2020-23,-1.5119340073008658,-0.22175949029234054,,,,,,,,,,,,,,,,,,,,,,,
reg,,,682.0,,,,cc4,C,1,excess,XLC,GLD,2024-26,10.051775008144483,2.1965107645094553,,,,,,,,,,,,,,,,,,,,,,,
reg,,,1006.0,,,,cc4,C,1,excess,XLC,HYG,2020-23,-0.9645657562433295,-0.18885492627051773,,,,,,,,,,,,,,,,,,,,,,,
reg,,,682.0,,,,cc4,C,1,excess,XLC,HYG,2024-26,0.2706605977631643,0.06029140042777098,,,,,,,,,,,,,,,,,,,,,,,
reg,,,752.0,,,,cc4,C,1,excess,XLC,BTC,2020-23,-5.394130870488863,-0.8849606981736351,,,,,,,,,,,,,,,,,,,,,,,
reg,,,682.0,,,,cc4,C,1,excess,XLC,BTC,2024-26,1.6831401338176042,0.36389156434002207,,,,,,,,,,,,,,,,,,,,,,,
reg,,,1006.0,,,,cc4,C,1,excess,XLC,VIX,2020-23,11.367807336093694,2.1133609093974726,,,,,,,,,,,,,,,,,,,,,,,
reg,,,682.0,,,,cc4,C,1,excess,XLC,VIX,2024-26,-1.275435797747159,-0.3101882274403655,,,,,,,,,,,,,,,,,,,,,,,
reg,,,1006.0,,,,cc4,C,1,excess,XLC,SPY,2020-23,-1.918197209944403,-0.42087152447740045,,,,,,,,,,,,,,,,,,,,,,,
reg,,,682.0,,,,cc4,C,1,excess,XLC,SPY,2024-26,2.8994432217081876,0.6996295816591864,,,,,,,,,,,,,,,,,,,,,,,
reg,,,1006.0,,,,cc4,C,1,excess,SMH,TLT,2020-23,9.459155892064985,1.2377498421577147,,,,,,,,,,,,,,,,,,,,,,,
reg,,,682.0,,,,cc4,C,1,excess,SMH,TLT,2024-26,11.453465303970214,1.0306193661102905,,,,,,,,,,,,,,,,,,,,,,,
reg,,,1006.0,,,,cc4,C,1,excess,SMH,UUP,2020-23,4.200616635632996,0.3754104762185317,,,,,,,,,,,,,,,,,,,,,,,
reg,,,682.0,,,,cc4,C,1,excess,SMH,UUP,2024-26,-3.02901694476608,-0.2654089237105669,,,,,,,,,,,,,,,,,,,,,,,
reg,,,1006.0,,,,cc4,C,1,excess,SMH,USO,2020-23,-16.862432216757888,-1.8095643030894346,,,,,,,,,,,,,,,,,,,,,,,
reg,,,682.0,,,,cc4,C,1,excess,SMH,USO,2024-26,2.566677950206524,0.1856406323406208,,,,,,,,,,,,,,,,,,,,,,,
reg,,,1006.0,,,,cc4,C,1,excess,SMH,GLD,2020-23,-5.06143433521417,-0.5590228110626313,,,,,,,,,,,,,,,,,,,,,,,
reg,,,682.0,,,,cc4,C,1,excess,SMH,GLD,2024-26,-15.252087614671439,-1.3423092019548044,,,,,,,,,,,,,,,,,,,,,,,
reg,,,1006.0,,,,cc4,C,1,excess,SMH,HYG,2020-23,-22.602917138107767,-1.737199133363722,,,,,,,,,,,,,,,,,,,,,,,
reg,,,682.0,,,,cc4,C,1,excess,SMH,HYG,2024-26,-3.5761175916378787,-0.287603964877498,,,,,,,,,,,,,,,,,,,,,,,
reg,,,752.0,,,,cc4,C,1,excess,SMH,BTC,2020-23,-13.217568605627838,-1.2346490106336514,,,,,,,,,,,,,,,,,,,,,,,
reg,,,682.0,,,,cc4,C,1,excess,SMH,BTC,2024-26,-8.715321107958353,-0.702173582112037,,,,,,,,,,,,,,,,,,,,,,,
reg,,,1006.0,,,,cc4,C,1,excess,SMH,VIX,2020-23,3.743298972492348,0.498741392252554,,,,,,,,,,,,,,,,,,,,,,,
reg,,,682.0,,,,cc4,C,1,excess,SMH,VIX,2024-26,4.013201113396732,0.35535238603346925,,,,,,,,,,,,,,,,,,,,,,,
reg,,,1006.0,,,,cc4,C,1,excess,SMH,SPY,2020-23,-25.168598945456633,-3.2155292989854143,,,,,,,,,,,,,,,,,,,,,,,
reg,,,682.0,,,,cc4,C,1,excess,SMH,SPY,2024-26,-22.735672042449774,-2.0617957684891346,,,,,,,,,,,,,,,,,,,,,,,
reg,,,1006.0,,,,cc4,C,1,excess,XBI,TLT,2020-23,-2.187151383723434,-0.17527543449124733,,,,,,,,,,,,,,,,,,,,,,,
reg,,,682.0,,,,cc4,C,1,excess,XBI,TLT,2024-26,-4.049431756327442,-0.3824904494215179,,,,,,,,,,,,,,,,,,,,,,,
reg,,,1006.0,,,,cc4,C,1,excess,XBI,UUP,2020-23,11.019437788076392,0.9988595130067625,,,,,,,,,,,,,,,,,,,,,,,
reg,,,682.0,,,,cc4,C,1,excess,XBI,UUP,2024-26,-2.490274113834554,-0.1898381127329127,,,,,,,,,,,,,,,,,,,,,,,
reg,,,1006.0,,,,cc4,C,1,excess,XBI,USO,2020-23,-9.940470643703426,-0.5771759523246002,,,,,,,,,,,,,,,,,,,,,,,
reg,,,682.0,,,,cc4,C,1,excess,XBI,USO,2024-26,1.5472434663195298,0.11732735594588313,,,,,,,,,,,,,,,,,,,,,,,
reg,,,1006.0,,,,cc4,C,1,excess,XBI,GLD,2020-23,-6.698595586108069,-0.6660710056775995,,,,,,,,,,,,,,,,,,,,,,,
reg,,,682.0,,,,cc4,C,1,excess,XBI,GLD,2024-26,3.505892972546088,0.30935354262990744,,,,,,,,,,,,,,,,,,,,,,,
reg,,,1006.0,,,,cc4,C,1,excess,XBI,HYG,2020-23,-16.110413171832434,-1.1165215882795676,,,,,,,,,,,,,,,,,,,,,,,
reg,,,682.0,,,,cc4,C,1,excess,XBI,HYG,2024-26,6.669585884444607,0.5238699260040642,,,,,,,,,,,,,,,,,,,,,,,
reg,,,752.0,,,,cc4,C,1,excess,XBI,BTC,2020-23,-38.946396764643715,-2.841567480744627,,,,,,,,,,,,,,,,,,,,,,,
reg,,,682.0,,,,cc4,C,1,excess,XBI,BTC,2024-26,-11.130830090247557,-0.944256360343162,,,,,,,,,,,,,,,,,,,,,,,
reg,,,1006.0,,,,cc4,C,1,excess,XBI,VIX,2020-23,3.9132041458912292,0.3925353214019481,,,,,,,,,,,,,,,,,,,,,,,
reg,,,682.0,,,,cc4,C,1,excess,XBI,VIX,2024-26,4.626541632291169,0.4114621527194239,,,,,,,,,,,,,,,,,,,,,,,
reg,,,1006.0,,,,cc4,C,1,excess,XBI,SPY,2020-23,-9.113658262211837,-0.7801038253716936,,,,,,,,,,,,,,,,,,,,,,,
reg,,,682.0,,,,cc4,C,1,excess,XBI,SPY,2024-26,1.849455370511207,0.13293289320343385,,,,,,,,,,,,,,,,,,,,,,,
reg,,,1006.0,,,,cc4,C,1,excess,KRE,TLT,2020-23,-0.654272220244836,-0.05466198236744186,,,,,,,,,,,,,,,,,,,,,,,
reg,,,682.0,,,,cc4,C,1,excess,KRE,TLT,2024-26,-17.01438659266843,-1.4062316702080297,,,,,,,,,,,,,,,,,,,,,,,
reg,,,1006.0,,,,cc4,C,1,excess,KRE,UUP,2020-23,1.2057005631136755,0.09390459855317901,,,,,,,,,,,,,,,,,,,,,,,
reg,,,682.0,,,,cc4,C,1,excess,KRE,UUP,2024-26,12.853844602610884,1.1630122199762447,,,,,,,,,,,,,,,,,,,,,,,
reg,,,1006.0,,,,cc4,C,1,excess,KRE,USO,2020-23,4.931060567587501,0.3195243196168834,,,,,,,,,,,,,,,,,,,,,,,
reg,,,682.0,,,,cc4,C,1,excess,KRE,USO,2024-26,15.951336530838846,1.663047690219999,,,,,,,,,,,,,,,,,,,,,,,
reg,,,1006.0,,,,cc4,C,1,excess,KRE,GLD,2020-23,5.905803141319743,0.4393102580852805,,,,,,,,,,,,,,,,,,,,,,,
reg,,,682.0,,,,cc4,C,1,excess,KRE,GLD,2024-26,-16.654411303932648,-1.5838437020501137,,,,,,,,,,,,,,,,,,,,,,,
reg,,,1006.0,,,,cc4,C,1,excess,KRE,HYG,2020-23,-22.71616331730071,-1.1992765162809682,,,,,,,,,,,,,,,,,,,,,,,
reg,,,682.0,,,,cc4,C,1,excess,KRE,HYG,2024-26,-13.088006730264862,-1.2097301518768553,,,,,,,,,,,,,,,,,,,,,,,
reg,,,752.0,,,,cc4,C,1,excess,KRE,BTC,2020-23,11.59759965171185,1.1819827048847558,,,,,,,,,,,,,,,,,,,,,,,
reg,,,682.0,,,,cc4,C,1,excess,KRE,BTC,2024-26,-20.192537606312523,-1.8700572969827778,,,,,,,,,,,,,,,,,,,,,,,
reg,,,1006.0,,,,cc4,C,1,excess,KRE,VIX,2020-23,-8.80113443053229,-0.8099874396597051,,,,,,,,,,,,,,,,,,,,,,,
reg,,,682.0,,,,cc4,C,1,excess,KRE,VIX,2024-26,2.0508525224134266,0.19170486879679466,,,,,,,,,,,,,,,,,,,,,,,
reg,,,1006.0,,,,cc4,C,1,excess,KRE,SPY,2020-23,-5.354574673818067,-0.4515805676625476,,,,,,,,,,,,,,,,,,,,,,,
reg,,,682.0,,,,cc4,C,1,excess,KRE,SPY,2024-26,-12.75168846883674,-1.3433290240388698,,,,,,,,,,,,,,,,,,,,,,,
reg,,,1006.0,,,,cc4,C,5,raw,XLK,TLT,2020-23,31.30512282775182,1.6786888273079412,,,,,,,,,,,,,,,,,,,,,,,
reg,,,682.0,,,,cc4,C,5,raw,XLK,TLT,2024-26,12.672643766721373,0.7703793784702248,,,,,,,,,,,,,,,,,,,,,,,
reg,,,1006.0,,,,cc4,C,5,raw,XLK,UUP,2020-23,19.260390535067614,1.0459129677674635,,,,,,,,,,,,,,,,,,,,,,,
reg,,,682.0,,,,cc4,C,5,raw,XLK,UUP,2024-26,3.398491060328764,0.18710068043590175,,,,,,,,,,,,,,,,,,,,,,,
reg,,,1006.0,,,,cc4,C,5,raw,XLK,USO,2020-23,-32.867484070611496,-1.370778391489852,,,,,,,,,,,,,,,,,,,,,,,
reg,,,682.0,,,,cc4,C,5,raw,XLK,USO,2024-26,-20.59306913344357,-1.014451876757966,,,,,,,,,,,,,,,,,,,,,,,
reg,,,1006.0,,,,cc4,C,5,raw,XLK,GLD,2020-23,-14.612579959482428,-0.8602879161608836,,,,,,,,,,,,,,,,,,,,,,,
reg,,,682.0,,,,cc4,C,5,raw,XLK,GLD,2024-26,-19.148662678650112,-0.8923637117725824,,,,,,,,,,,,,,,,,,,,,,,
reg,,,1006.0,,,,cc4,C,5,raw,XLK,HYG,2020-23,-12.694977892418917,-0.4737463566502924,,,,,,,,,,,,,,,,,,,,,,,
reg,,,682.0,,,,cc4,C,5,raw,XLK,HYG,2024-26,-4.147382521850573,-0.1686938060375816,,,,,,,,,,,,,,,,,,,,,,,
reg,,,748.0,,,,cc4,C,5,raw,XLK,BTC,2020-23,-9.84977268631201,-0.7199279859285934,,,,,,,,,,,,,,,,,,,,,,,
reg,,,682.0,,,,cc4,C,5,raw,XLK,BTC,2024-26,-16.963541521561385,-0.9876631102727894,,,,,,,,,,,,,,,,,,,,,,,
reg,,,1006.0,,,,cc4,C,5,raw,XLK,VIX,2020-23,-10.723840624021824,-0.5909987964584873,,,,,,,,,,,,,,,,,,,,,,,
reg,,,682.0,,,,cc4,C,5,raw,XLK,VIX,2024-26,12.374508430141853,0.6623364608008281,,,,,,,,,,,,,,,,,,,,,,,
reg,,,1006.0,,,,cc4,C,5,raw,XLK,SPY,2020-23,-25.649137395659743,-1.1741472249118423,,,,,,,,,,,,,,,,,,,,,,,
reg,,,682.0,,,,cc4,C,5,raw,XLK,SPY,2024-26,-34.19986897236013,-1.4507749702692585,,,,,,,,,,,,,,,,,,,,,,,
reg,,,1006.0,,,,cc4,C,5,raw,XLF,TLT,2020-23,7.919277817128434,0.3540513442875553,,,,,,,,,,,,,,,,,,,,,,,
reg,,,682.0,,,,cc4,C,5,raw,XLF,TLT,2024-26,-17.507439865133584,-1.4964495235922672,,,,,,,,,,,,,,,,,,,,,,,
reg,,,1006.0,,,,cc4,C,5,raw,XLF,UUP,2020-23,22.308243504611234,0.896926916473541,,,,,,,,,,,,,,,,,,,,,,,
reg,,,682.0,,,,cc4,C,5,raw,XLF,UUP,2024-26,-4.974863929538418,-0.49341180129185486,,,,,,,,,,,,,,,,,,,,,,,
reg,,,1006.0,,,,cc4,C,5,raw,XLF,USO,2020-23,-0.49750068293904554,-0.015942689878450007,,,,,,,,,,,,,,,,,,,,,,,
reg,,,682.0,,,,cc4,C,5,raw,XLF,USO,2024-26,-13.757166787177852,-1.0404429864309166,,,,,,,,,,,,,,,,,,,,,,,
reg,,,1006.0,,,,cc4,C,5,raw,XLF,GLD,2020-23,-3.1256672416777387,-0.15343914847204365,,,,,,,,,,,,,,,,,,,,,,,
reg,,,682.0,,,,cc4,C,5,raw,XLF,GLD,2024-26,-9.242633992460474,-0.7424527588928045,,,,,,,,,,,,,,,,,,,,,,,
reg,,,1006.0,,,,cc4,C,5,raw,XLF,HYG,2020-23,-18.283891271502977,-0.49254351006004454,,,,,,,,,,,,,,,,,,,,,,,
reg,,,682.0,,,,cc4,C,5,raw,XLF,HYG,2024-26,-11.430466918055371,-0.7409433946524238,,,,,,,,,,,,,,,,,,,,,,,
reg,,,748.0,,,,cc4,C,5,raw,XLF,BTC,2020-23,-0.31560824723494874,-0.026659820902350088,,,,,,,,,,,,,,,,,,,,,,,
reg,,,682.0,,,,cc4,C,5,raw,XLF,BTC,2024-26,-18.179500840753608,-1.6084704311974303,,,,,,,,,,,,,,,,,,,,,,,
reg,,,1006.0,,,,cc4,C,5,raw,XLF,VIX,2020-23,-28.963179448570603,-1.2496897928717754,,,,,,,,,,,,,,,,,,,,,,,
reg,,,682.0,,,,cc4,C,5,raw,XLF,VIX,2024-26,4.022160465000241,0.3014641670574934,,,,,,,,,,,,,,,,,,,,,,,
reg,,,1006.0,,,,cc4,C,5,raw,XLF,SPY,2020-23,-7.27542083593129,-0.24090330338824917,,,,,,,,,,,,,,,,,,,,,,,
reg,,,682.0,,,,cc4,C,5,raw,XLF,SPY,2024-26,-15.655411317226893,-1.0135799750656604,,,,,,,,,,,,,,,,,,,,,,,
reg,,,1006.0,,,,cc4,C,5,raw,XLE,TLT,2020-23,-16.630461139328457,-0.4664955254486097,,,,,,,,,,,,,,,,,,,,,,,
reg,,,682.0,,,,cc4,C,5,raw,XLE,TLT,2024-26,-18.383102426168296,-0.9482078785504285,,,,,,,,,,,,,,,,,,,,,,,
reg,,,1006.0,,,,cc4,C,5,raw,XLE,UUP,2020-23,38.96763770696231,1.1190881431673587,,,,,,,,,,,,,,,,,,,,,,,
reg,,,682.0,,,,cc4,C,5,raw,XLE,UUP,2024-26,-22.733893598708438,-1.61667716983889,,,,,,,,,,,,,,,,,,,,,,,
reg,,,1006.0,,,,cc4,C,5,raw,XLE,USO,2020-23,-12.955283388529507,-0.24941806326006,,,,,,,,,,,,,,,,,,,,,,,
reg,,,682.0,,,,cc4,C,5,raw,XLE,USO,2024-26,-4.892766194010808,-0.32590196608956146,,,,,,,,,,,,,,,,,,,,,,,
reg,,,1006.0,,,,cc4,C,5,raw,XLE,GLD,2020-23,-23.41152659579131,-0.8306188432545787,,,,,,,,,,,,,,,,,,,,,,,
reg,,,682.0,,,,cc4,C,5,raw,XLE,GLD,2024-26,17.98547141242002,0.9052078088241934,,,,,,,,,,,,,,,,,,,,,,,
reg,,,1006.0,,,,cc4,C,5,raw,XLE,HYG,2020-23,23.176793229349606,0.42444987360301084,,,,,,,,,,,,,,,,,,,,,,,
reg,,,682.0,,,,cc4,C,5,raw,XLE,HYG,2024-26,-1.9361377545914695,-0.12041704584571283,,,,,,,,,,,,,,,,,,,,,,,
reg,,,748.0,,,,cc4,C,5,raw,XLE,BTC,2020-23,8.012916713047698,0.29895942936704983,,,,,,,,,,,,,,,,,,,,,,,
reg,,,682.0,,,,cc4,C,5,raw,XLE,BTC,2024-26,-7.024271673638159,-0.4547528688495863,,,,,,,,,,,,,,,,,,,,,,,
reg,,,1006.0,,,,cc4,C,5,raw,XLE,VIX,2020-23,-45.07506166427734,-1.2423866644876067,,,,,,,,,,,,,,,,,,,,,,,
reg,,,682.0,,,,cc4,C,5,raw,XLE,VIX,2024-26,-14.084948588674807,-0.8745508632517827,,,,,,,,,,,,,,,,,,,,,,,
reg,,,1006.0,,,,cc4,C,5,raw,XLE,SPY,2020-23,25.269739059937244,0.5551428132289951,,,,,,,,,,,,,,,,,,,,,,,
reg,,,682.0,,,,cc4,C,5,raw,XLE,SPY,2024-26,13.1332176162715,0.7048310413798825,,,,,,,,,,,,,,,,,,,,,,,
reg,,,1006.0,,,,cc4,C,5,raw,XLV,TLT,2020-23,28.97467713912723,1.7020886856661395,,,,,,,,,,,,,,,,,,,,,,,
reg,,,682.0,,,,cc4,C,5,raw,XLV,TLT,2024-26,0.8727464010316907,0.09093270477719993,,,,,,,,,,,,,,,,,,,,,,,
reg,,,1006.0,,,,cc4,C,5,raw,XLV,UUP,2020-23,0.9534258924191649,0.06511617153780305,,,,,,,,,,,,,,,,,,,,,,,
reg,,,682.0,,,,cc4,C,5,raw,XLV,UUP,2024-26,6.781583752210722,0.5743137122300076,,,,,,,,,,,,,,,,,,,,,,,
reg,,,1006.0,,,,cc4,C,5,raw,XLV,USO,2020-23,-6.288592608638725,-0.3100213060225087,,,,,,,,,,,,,,,,,,,,,,,
reg,,,682.0,,,,cc4,C,5,raw,XLV,USO,2024-26,-14.05692324861133,-1.1687144069473396,,,,,,,,,,,,,,,,,,,,,,,
reg,,,1006.0,,,,cc4,C,5,raw,XLV,GLD,2020-23,4.099113214992884,0.2460619250578961,,,,,,,,,,,,,,,,,,,,,,,
reg,,,682.0,,,,cc4,C,5,raw,XLV,GLD,2024-26,-10.08132658628518,-0.9156552000069069,,,,,,,,,,,,,,,,,,,,,,,
reg,,,1006.0,,,,cc4,C,5,raw,XLV,HYG,2020-23,6.679019250302018,0.28556699929622514,,,,,,,,,,,,,,,,,,,,,,,
reg,,,682.0,,,,cc4,C,5,raw,XLV,HYG,2024-26,-7.167908150450265,-0.682274690171302,,,,,,,,,,,,,,,,,,,,,,,
reg,,,748.0,,,,cc4,C,5,raw,XLV,BTC,2020-23,-12.928464799358709,-1.1096754796170751,,,,,,,,,,,,,,,,,,,,,,,
reg,,,682.0,,,,cc4,C,5,raw,XLV,BTC,2024-26,-40.21676678193953,-3.985234234181774,,,,,,,,,,,,,,,,,,,,,,,
reg,,,1006.0,,,,cc4,C,5,raw,XLV,VIX,2020-23,-17.56974959238505,-1.0532008754062898,,,,,,,,,,,,,,,,,,,,,,,
reg,,,682.0,,,,cc4,C,5,raw,XLV,VIX,2024-26,19.200051351237484,1.7416133510181928,,,,,,,,,,,,,,,,,,,,,,,
reg,,,1006.0,,,,cc4,C,5,raw,XLV,SPY,2020-23,-3.4233294474376548,-0.17297255362024924,,,,,,,,,,,,,,,,,,,,,,,
reg,,,682.0,,,,cc4,C,5,raw,XLV,SPY,2024-26,-21.727671348237525,-1.851681955705145,,,,,,,,,,,,,,,,,,,,,,,
reg,,,1006.0,,,,cc4,C,5,raw,XLI,TLT,2020-23,14.172713173607756,0.6386216050400741,,,,,,,,,,,,,,,,,,,,,,,
reg,,,682.0,,,,cc4,C,5,raw,XLI,TLT,2024-26,1.5260833592985235,0.13195554819353805,,,,,,,,,,,,,,,,,,,,,,,
reg,,,1006.0,,,,cc4,C,5,raw,XLI,UUP,2020-23,20.834842954830915,0.8814827174066547,,,,,,,,,,,,,,,,,,,,,,,
reg,,,682.0,,,,cc4,C,5,raw,XLI,UUP,2024-26,0.4681480433440875,0.04467993479692554,,,,,,,,,,,,,,,,,,,,,,,
reg,,,1006.0,,,,cc4,C,5,raw,XLI,USO,2020-23,-8.911535096083101,-0.2609072535880307,,,,,,,,,,,,,,,,,,,,,,,
reg,,,682.0,,,,cc4,C,5,raw,XLI,USO,2024-26,-15.060417658574986,-0.9897989609048056,,,,,,,,,,,,,,,,,,,,,,,
reg,,,1006.0,,,,cc4,C,5,raw,XLI,GLD,2020-23,2.102378697724915,0.10413837372090977,,,,,,,,,,,,,,,,,,,,,,,
reg,,,682.0,,,,cc4,C,5,raw,XLI,GLD,2024-26,-10.656718054031067,-0.7647983962744165,,,,,,,,,,,,,,,,,,,,,,,
reg,,,1006.0,,,,cc4,C,5,raw,XLI,HYG,2020-23,-4.31348072543121,-0.10591528283440825,,,,,,,,,,,,,,,,,,,,,,,
reg,,,682.0,,,,cc4,C,5,raw,XLI,HYG,2024-26,-1.2113815398902381,-0.06427193833759251,,,,,,,,,,,,,,,,,,,,,,,
reg,,,748.0,,,,cc4,C,5,raw,XLI,BTC,2020-23,5.444415417654011,0.5980915187329182,,,,,,,,,,,,,,,,,,,,,,,
reg,,,682.0,,,,cc4,C,5,raw,XLI,BTC,2024-26,-29.905541860049457,-3.028538009271645,,,,,,,,,,,,,,,,,,,,,,,
reg,,,1006.0,,,,cc4,C,5,raw,XLI,VIX,2020-23,-24.373613375769978,-1.0912785822187183,,,,,,,,,,,,,,,,,,,,,,,
reg,,,682.0,,,,cc4,C,5,raw,XLI,VIX,2024-26,16.47046237589008,1.3199715330117172,,,,,,,,,,,,,,,,,,,,,,,
reg,,,1006.0,,,,cc4,C,5,raw,XLI,SPY,2020-23,0.3166539355086633,0.009930277547575648,,,,,,,,,,,,,,,,,,,,,,,
reg,,,682.0,,,,cc4,C,5,raw,XLI,SPY,2024-26,-25.234808178381325,-1.6010486799972818,,,,,,,,,,,,,,,,,,,,,,,
reg,,,1006.0,,,,cc4,C,5,raw,XLY,TLT,2020-23,13.497674726976298,0.6142810105559617,,,,,,,,,,,,,,,,,,,,,,,
reg,,,682.0,,,,cc4,C,5,raw,XLY,TLT,2024-26,-4.416794354697154,-0.29547474914420835,,,,,,,,,,,,,,,,,,,,,,,
reg,,,1006.0,,,,cc4,C,5,raw,XLY,UUP,2020-23,34.35948496612926,1.6346081092621947,,,,,,,,,,,,,,,,,,,,,,,
reg,,,682.0,,,,cc4,C,5,raw,XLY,UUP,2024-26,5.050383585821321,0.35371149063998736,,,,,,,,,,,,,,,,,,,,,,,
reg,,,1006.0,,,,cc4,C,5,raw,XLY,USO,2020-23,-14.740746132811404,-0.42150857671629366,,,,,,,,,,,,,,,,,,,,,,,
reg,,,682.0,,,,cc4,C,5,raw,XLY,USO,2024-26,-13.746001876989737,-0.9320488978934709,,,,,,,,,,,,,,,,,,,,,,,
reg,,,1006.0,,,,cc4,C,5,raw,XLY,GLD,2020-23,-9.029212027489447,-0.4955599260221683,,,,,,,,,,,,,,,,,,,,,,,
reg,,,682.0,,,,cc4,C,5,raw,XLY,GLD,2024-26,-9.0903356010092,-0.6179606945513221,,,,,,,,,,,,,,,,,,,,,,,
reg,,,1006.0,,,,cc4,C,5,raw,XLY,HYG,2020-23,-10.375467698245735,-0.28184161943076314,,,,,,,,,,,,,,,,,,,,,,,
reg,,,682.0,,,,cc4,C,5,raw,XLY,HYG,2024-26,2.986283794840171,0.17675520167660994,,,,,,,,,,,,,,,,,,,,,,,
reg,,,748.0,,,,cc4,C,5,raw,XLY,BTC,2020-23,-7.1499238703381,-0.4785567193155779,,,,,,,,,,,,,,,,,,,,,,,
reg,,,682.0,,,,cc4,C,5,raw,XLY,BTC,2024-26,-16.617074075084044,-1.3144017952113647,,,,,,,,,,,,,,,,,,,,,,,
reg,,,1006.0,,,,cc4,C,5,raw,XLY,VIX,2020-23,-20.67953787332645,-0.9630980682857146,,,,,,,,,,,,,,,,,,,,,,,
reg,,,682.0,,,,cc4,C,5,raw,XLY,VIX,2024-26,-5.6847894975949425,-0.3853869317067196,,,,,,,,,,,,,,,,,,,,,,,
reg,,,1006.0,,,,cc4,C,5,raw,XLY,SPY,2020-23,-8.220024349245167,-0.27267395669769107,,,,,,,,,,,,,,,,,,,,,,,
reg,,,682.0,,,,cc4,C,5,raw,XLY,SPY,2024-26,-20.294984395275755,-1.1587387229070019,,,,,,,,,,,,,,,,,,,,,,,
reg,,,1006.0,,,,cc4,C,5,raw,XLP,TLT,2020-23,14.644079923176623,0.8173702293838833,,,,,,,,,,,,,,,,,,,,,,,
reg,,,682.0,,,,cc4,C,5,raw,XLP,TLT,2024-26,-5.918096322628559,-0.6435730811287073,,,,,,,,,,,,,,,,,,,,,,,
reg,,,1006.0,,,,cc4,C,5,raw,XLP,UUP,2020-23,-21.233932751385773,-1.4786720715357289,,,,,,,,,,,,,,,,,,,,,,,
reg,,,682.0,,,,cc4,C,5,raw,XLP,UUP,2024-26,5.429302598622226,0.5158880481013629,,,,,,,,,,,,,,,,,,,,,,,
reg,,,1006.0,,,,cc4,C,5,raw,XLP,USO,2020-23,1.678041839261839,0.11428181648649405,,,,,,,,,,,,,,,,,,,,,,,
reg,,,682.0,,,,cc4,C,5,raw,XLP,USO,2024-26,-9.53255999396047,-0.8333843766227579,,,,,,,,,,,,,,,,,,,,,,,
reg,,,1006.0,,,,cc4,C,5,raw,XLP,GLD,2020-23,14.59981759604636,0.8713164379110615,,,,,,,,,,,,,,,,,,,,,,,
reg,,,682.0,,,,cc4,C,5,raw,XLP,GLD,2024-26,6.009581007572448,0.6278246885452086,,,,,,,,,,,,,,,,,,,,,,,
reg,,,1006.0,,,,cc4,C,5,raw,XLP,HYG,2020-23,19.332083036304187,1.2343877575835438,,,,,,,,,,,,,,,,,,,,,,,
reg,,,682.0,,,,cc4,C,5,raw,XLP,HYG,2024-26,-10.112983066907855,-0.8387758429668808,,,,,,,,,,,,,,,,,,,,,,,
reg,,,748.0,,,,cc4,C,5,raw,XLP,BTC,2020-23,-4.0727121235677055,-0.3944381323576692,,,,,,,,,,,,,,,,,,,,,,,
reg,,,682.0,,,,cc4,C,5,raw,XLP,BTC,2024-26,-18.319054236941977,-2.0971475492212637,,,,,,,,,,,,,,,,,,,,,,,
reg,,,1006.0,,,,cc4,C,5,raw,XLP,VIX,2020-23,-24.042180368560782,-1.6682303976782096,,,,,,,,,,,,,,,,,,,,,,,
reg,,,682.0,,,,cc4,C,5,raw,XLP,VIX,2024-26,13.27246607188516,1.272144523705219,,,,,,,,,,,,,,,,,,,,,,,
reg,,,1006.0,,,,cc4,C,5,raw,XLP,SPY,2020-23,13.663695787464011,0.9918587542851622,,,,,,,,,,,,,,,,,,,,,,,
reg,,,682.0,,,,cc4,C,5,raw,XLP,SPY,2024-26,-3.0515360534739364,-0.25573413985576243,,,,,,,,,,,,,,,,,,,,,,,
reg,,,1006.0,,,,cc4,C,5,raw,XLU,TLT,2020-23,27.729047194017518,1.1083272279662064,,,,,,,,,,,,,,,,,,,,,,,
reg,,,682.0,,,,cc4,C,5,raw,XLU,TLT,2024-26,-21.857013577926647,-1.739199221462815,,,,,,,,,,,,,,,,,,,,,,,
reg,,,1006.0,,,,cc4,C,5,raw,XLU,UUP,2020-23,3.728226404713711,0.14465337094570552,,,,,,,,,,,,,,,,,,,,,,,
reg,,,682.0,,,,cc4,C,5,raw,XLU,UUP,2024-26,20.77354138735694,1.9460106915060094,,,,,,,,,,,,,,,,,,,,,,,
reg,,,1006.0,,,,cc4,C,5,raw,XLU,USO,2020-23,23.262454027976908,0.8415272293438633,,,,,,,,,,,,,,,,,,,,,,,
reg,,,682.0,,,,cc4,C,5,raw,XLU,USO,2024-26,-11.420961678641506,-0.9844899881511563,,,,,,,,,,,,,,,,,,,,,,,
reg,,,1006.0,,,,cc4,C,5,raw,XLU,GLD,2020-23,13.238039729698107,0.5741822817981056,,,,,,,,,,,,,,,,,,,,,,,
reg,,,682.0,,,,cc4,C,5,raw,XLU,GLD,2024-26,-10.132527661187837,-0.9418298770950385,,,,,,,,,,,,,,,,,,,,,,,
reg,,,1006.0,,,,cc4,C,5,raw,XLU,HYG,2020-23,1.9445633114421859,0.05063536936833368,,,,,,,,,,,,,,,,,,,,,,,
reg,,,682.0,,,,cc4,C,5,raw,XLU,HYG,2024-26,-21.38854330621903,-1.6800611985113514,,,,,,,,,,,,,,,,,,,,,,,
reg,,,748.0,,,,cc4,C,5,raw,XLU,BTC,2020-23,-5.219762453960001,-0.43260002746497495,,,,,,,,,,,,,,,,,,,,,,,
reg,,,682.0,,,,cc4,C,5,raw,XLU,BTC,2024-26,-17.86150940214381,-1.4348881316514146,,,,,,,,,,,,,,,,,,,,,,,
reg,,,1006.0,,,,cc4,C,5,raw,XLU,VIX,2020-23,-37.49423261120113,-1.7089886042546725,,,,,,,,,,,,,,,,,,,,,,,
reg,,,682.0,,,,cc4,C,5,raw,XLU,VIX,2024-26,18.0652633893943,1.512728593259526,,,,,,,,,,,,,,,,,,,,,,,
reg,,,1006.0,,,,cc4,C,5,raw,XLU,SPY,2020-23,12.031597783781825,0.4270644907109884,,,,,,,,,,,,,,,,,,,,,,,
reg,,,682.0,,,,cc4,C,5,raw,XLU,SPY,2024-26,-20.655984635653695,-1.7844595251071098,,,,,,,,,,,,,,,,,,,,,,,
reg,,,1006.0,,,,cc4,C,5,raw,XLB,TLT,2020-23,15.363916278377214,0.7021681040502359,,,,,,,,,,,,,,,,,,,,,,,
reg,,,682.0,,,,cc4,C,5,raw,XLB,TLT,2024-26,-14.315148902548701,-1.0149156213894193,,,,,,,,,,,,,,,,,,,,,,,
reg,,,1006.0,,,,cc4,C,5,raw,XLB,UUP,2020-23,31.334225966434616,1.5687233110616012,,,,,,,,,,,,,,,,,,,,,,,
reg,,,682.0,,,,cc4,C,5,raw,XLB,UUP,2024-26,-6.053070359631302,-0.5450336006012763,,,,,,,,,,,,,,,,,,,,,,,
reg,,,1006.0,,,,cc4,C,5,raw,XLB,USO,2020-23,-19.401029459071864,-0.6130960488615309,,,,,,,,,,,,,,,,,,,,,,,
reg,,,682.0,,,,cc4,C,5,raw,XLB,USO,2024-26,-23.279284469588887,-1.7516642271460914,,,,,,,,,,,,,,,,,,,,,,,
reg,,,1006.0,,,,cc4,C,5,raw,XLB,GLD,2020-23,-12.950978548647322,-0.7884977840797983,,,,,,,,,,,,,,,,,,,,,,,
reg,,,682.0,,,,cc4,C,5,raw,XLB,GLD,2024-26,-22.884438075667443,-1.6501586030255102,,,,,,,,,,,,,,,,,,,,,,,
reg,,,1006.0,,,,cc4,C,5,raw,XLB,HYG,2020-23,-21.765791390350937,-0.6862177760552125,,,,,,,,,,,,,,,,,,,,,,,
reg,,,682.0,,,,cc4,C,5,raw,XLB,HYG,2024-26,-1.5892246784970063,-0.09062480373149878,,,,,,,,,,,,,,,,,,,,,,,
reg,,,748.0,,,,cc4,C,5,raw,XLB,BTC,2020-23,17.523673749330737,1.7627700638966268,,,,,,,,,,,,,,,,,,,,,,,
reg,,,682.0,,,,cc4,C,5,raw,XLB,BTC,2024-26,-25.300825539790228,-2.052910898829965,,,,,,,,,,,,,,,,,,,,,,,
reg,,,1006.0,,,,cc4,C,5,raw,XLB,VIX,2020-23,-12.264568983902649,-0.6452339067371001,,,,,,,,,,,,,,,,,,,,,,,
reg,,,682.0,,,,cc4,C,5,raw,XLB,VIX,2024-26,18.090301574561636,1.382563806842178,,,,,,,,,,,,,,,,,,,,,,,
reg,,,1006.0,,,,cc4,C,5,raw,XLB,SPY,2020-23,-18.246525548253555,-0.7005423118503976,,,,,,,,,,,,,,,,,,,,,,,
reg,,,682.0,,,,cc4,C,5,raw,XLB,SPY,2024-26,-25.971837307872374,-1.7691283637538806,,,,,,,,,,,,,,,,,,,,,,,
reg,,,1006.0,,,,cc4,C,5,raw,XLRE,TLT,2020-23,33.961378659136216,1.5304766455233354,,,,,,,,,,,,,,,,,,,,,,,
reg,,,682.0,,,,cc4,C,5,raw,XLRE,TLT,2024-26,-9.753253323795,-0.6893239852263131,,,,,,,,,,,,,,,,,,,,,,,
reg,,,1006.0,,,,cc4,C,5,raw,XLRE,UUP,2020-23,15.159513712993737,0.5874473020559752,,,,,,,,,,,,,,,,,,,,,,,
reg,,,682.0,,,,cc4,C,5,raw,XLRE,UUP,2024-26,6.254774469477076,0.5571226673034906,,,,,,,,,,,,,,,,,,,,,,,
reg,,,1006.0,,,,cc4,C,5,raw,XLRE,USO,2020-23,21.186880225330974,0.5976995317497835,,,,,,,,,,,,,,,,,,,,,,,
reg,,,682.0,,,,cc4,C,5,raw,XLRE,USO,2024-26,-10.319078282438074,-0.8493339740191373,,,,,,,,,,,,,,,,,,,,,,,
reg,,,1006.0,,,,cc4,C,5,raw,XLRE,GLD,2020-23,9.422437412664738,0.3593679955484719,,,,,,,,,,,,,,,,,,,,,,,
reg,,,682.0,,,,cc4,C,5,raw,XLRE,GLD,2024-26,-0.04333827304926892,-0.0035452903905224317,,,,,,,,,,,,,,,,,,,,,,,
reg,,,1006.0,,,,cc4,C,5,raw,XLRE,HYG,2020-23,-3.9411644770730323,-0.08780230190732072,,,,,,,,,,,,,,,,,,,,,,,
reg,,,682.0,,,,cc4,C,5,raw,XLRE,HYG,2024-26,-8.084759327869575,-0.5873864378123556,,,,,,,,,,,,,,,,,,,,,,,
reg,,,748.0,,,,cc4,C,5,raw,XLRE,BTC,2020-23,-0.9342807202691503,-0.06442415439849157,,,,,,,,,,,,,,,,,,,,,,,
reg,,,682.0,,,,cc4,C,5,raw,XLRE,BTC,2024-26,-38.279955474895814,-3.606024363188026,,,,,,,,,,,,,,,,,,,,,,,
reg,,,1006.0,,,,cc4,C,5,raw,XLRE,VIX,2020-23,-50.99488411376583,-1.9111623837438299,,,,,,,,,,,,,,,,,,,,,,,
reg,,,682.0,,,,cc4,C,5,raw,XLRE,VIX,2024-26,12.26226104590053,0.9969293342250283,,,,,,,,,,,,,,,,,,,,,,,
reg,,,1006.0,,,,cc4,C,5,raw,XLRE,SPY,2020-23,7.617612661996325,0.2070142094657867,,,,,,,,,,,,,,,,,,,,,,,
reg,,,682.0,,,,cc4,C,5,raw,XLRE,SPY,2024-26,-7.8926954942816145,-0.6218891102213716,,,,,,,,,,,,,,,,,,,,,,,
reg,,,1006.0,,,,cc4,C,5,raw,XLC,TLT,2020-23,22.50024339081983,1.2237026570734386,,,,,,,,,,,,,,,,,,,,,,,
reg,,,682.0,,,,cc4,C,5,raw,XLC,TLT,2024-26,12.251451509148923,1.0568012724822171,,,,,,,,,,,,,,,,,,,,,,,
reg,,,1006.0,,,,cc4,C,5,raw,XLC,UUP,2020-23,20.45576683431212,1.3423170408542027,,,,,,,,,,,,,,,,,,,,,,,
reg,,,682.0,,,,cc4,C,5,raw,XLC,UUP,2024-26,-0.7298884693353541,-0.06287218227119029,,,,,,,,,,,,,,,,,,,,,,,
reg,,,1006.0,,,,cc4,C,5,raw,XLC,USO,2020-23,-18.54776351110969,-0.800136639598516,,,,,,,,,,,,,,,,,,,,,,,
reg,,,682.0,,,,cc4,C,5,raw,XLC,USO,2024-26,-13.14641289517037,-0.9810146081093841,,,,,,,,,,,,,,,,,,,,,,,
reg,,,1006.0,,,,cc4,C,5,raw,XLC,GLD,2020-23,-12.49534843806005,-0.8124187779630712,,,,,,,,,,,,,,,,,,,,,,,
reg,,,682.0,,,,cc4,C,5,raw,XLC,GLD,2024-26,13.42642970000137,1.0613913378439543,,,,,,,,,,,,,,,,,,,,,,,
reg,,,1006.0,,,,cc4,C,5,raw,XLC,HYG,2020-23,-10.61308851226471,-0.49311342800111924,,,,,,,,,,,,,,,,,,,,,,,
reg,,,682.0,,,,cc4,C,5,raw,XLC,HYG,2024-26,-0.7894370673883756,-0.05473429389874925,,,,,,,,,,,,,,,,,,,,,,,
reg,,,748.0,,,,cc4,C,5,raw,XLC,BTC,2020-23,-23.767987410242654,-1.7145380163517636,,,,,,,,,,,,,,,,,,,,,,,
reg,,,682.0,,,,cc4,C,5,raw,XLC,BTC,2024-26,-15.00093759457041,-1.4327494290010476,,,,,,,,,,,,,,,,,,,,,,,
reg,,,1006.0,,,,cc4,C,5,raw,XLC,VIX,2020-23,-9.591799927703631,-0.5439040328356121,,,,,,,,,,,,,,,,,,,,,,,
reg,,,682.0,,,,cc4,C,5,raw,XLC,VIX,2024-26,-4.6796632258677775,-0.41509388753456167,,,,,,,,,,,,,,,,,,,,,,,
reg,,,1006.0,,,,cc4,C,5,raw,XLC,SPY,2020-23,-21.76615452058761,-1.0632640073824986,,,,,,,,,,,,,,,,,,,,,,,
reg,,,682.0,,,,cc4,C,5,raw,XLC,SPY,2024-26,-13.678696541569208,-0.9543208504927795,,,,,,,,,,,,,,,,,,,,,,,
reg,,,1006.0,,,,cc4,C,5,raw,SMH,TLT,2020-23,23.461725819634225,1.0053104476203754,,,,,,,,,,,,,,,,,,,,,,,
reg,,,682.0,,,,cc4,C,5,raw,SMH,TLT,2024-26,8.918768253295447,0.38505675203313333,,,,,,,,,,,,,,,,,,,,,,,
reg,,,1006.0,,,,cc4,C,5,raw,SMH,UUP,2020-23,40.520041932260874,1.7376617088043076,,,,,,,,,,,,,,,,,,,,,,,
reg,,,682.0,,,,cc4,C,5,raw,SMH,UUP,2024-26,12.842583642837468,0.5171678857078552,,,,,,,,,,,,,,,,,,,,,,,
reg,,,1006.0,,,,cc4,C,5,raw,SMH,USO,2020-23,-34.859070152185424,-1.0282578221516332,,,,,,,,,,,,,,,,,,,,,,,
reg,,,682.0,,,,cc4,C,5,raw,SMH,USO,2024-26,-10.456007310744054,-0.38952260461778043,,,,,,,,,,,,,,,,,,,,,,,
reg,,,1006.0,,,,cc4,C,5,raw,SMH,GLD,2020-23,-34.948936279581794,-1.6460564379105334,,,,,,,,,,,,,,,,,,,,,,,
reg,,,682.0,,,,cc4,C,5,raw,SMH,GLD,2024-26,-38.20285031075454,-1.3691908751889839,,,,,,,,,,,,,,,,,,,,,,,
reg,,,1006.0,,,,cc4,C,5,raw,SMH,HYG,2020-23,-15.99462599487183,-0.43903397848347653,,,,,,,,,,,,,,,,,,,,,,,
reg,,,682.0,,,,cc4,C,5,raw,SMH,HYG,2024-26,-11.661811750686683,-0.3823198772057099,,,,,,,,,,,,,,,,,,,,,,,
reg,,,748.0,,,,cc4,C,5,raw,SMH,BTC,2020-23,-5.094222557156168,-0.25657344409634314,,,,,,,,,,,,,,,,,,,,,,,
reg,,,682.0,,,,cc4,C,5,raw,SMH,BTC,2024-26,-36.17095234701855,-1.4953271392314142,,,,,,,,,,,,,,,,,,,,,,,
reg,,,1006.0,,,,cc4,C,5,raw,SMH,VIX,2020-23,-15.368166009934713,-0.674768444724762,,,,,,,,,,,,,,,,,,,,,,,
reg,,,682.0,,,,cc4,C,5,raw,SMH,VIX,2024-26,18.241748492245055,0.7859477685368723,,,,,,,,,,,,,,,,,,,,,,,
reg,,,1006.0,,,,cc4,C,5,raw,SMH,SPY,2020-23,-27.726507692273703,-0.9280327390432824,,,,,,,,,,,,,,,,,,,,,,,
reg,,,682.0,,,,cc4,C,5,raw,SMH,SPY,2024-26,-55.588981461813034,-1.976236677410819,,,,,,,,,,,,,,,,,,,,,,,
reg,,,1006.0,,,,cc4,C,5,raw,XBI,TLT,2020-23,12.833596018697444,0.42583940852004265,,,,,,,,,,,,,,,,,,,,,,,
reg,,,682.0,,,,cc4,C,5,raw,XBI,TLT,2024-26,-8.244874208301333,-0.4629646702209783,,,,,,,,,,,,,,,,,,,,,,,
reg,,,1006.0,,,,cc4,C,5,raw,XBI,UUP,2020-23,41.19104320652026,1.8014935941766548,,,,,,,,,,,,,,,,,,,,,,,
reg,,,682.0,,,,cc4,C,5,raw,XBI,UUP,2024-26,-14.086354703665895,-0.7429966148480844,,,,,,,,,,,,,,,,,,,,,,,
reg,,,1006.0,,,,cc4,C,5,raw,XBI,USO,2020-23,-26.96007143484447,-0.7134911777686003,,,,,,,,,,,,,,,,,,,,,,,
reg,,,682.0,,,,cc4,C,5,raw,XBI,USO,2024-26,-25.505092315353494,-1.2233812533533404,,,,,,,,,,,,,,,,,,,,,,,
reg,,,1006.0,,,,cc4,C,5,raw,XBI,GLD,2020-23,-24.831218125465163,-1.1431388919478689,,,,,,,,,,,,,,,,,,,,,,,
reg,,,682.0,,,,cc4,C,5,raw,XBI,GLD,2024-26,-19.268853048975764,-1.0851472842081078,,,,,,,,,,,,,,,,,,,,,,,
reg,,,1006.0,,,,cc4,C,5,raw,XBI,HYG,2020-23,-11.295922207845475,-0.297423965112129,,,,,,,,,,,,,,,,,,,,,,,
reg,,,682.0,,,,cc4,C,5,raw,XBI,HYG,2024-26,-11.395291479018585,-0.5755989985335555,,,,,,,,,,,,,,,,,,,,,,,
reg,,,748.0,,,,cc4,C,5,raw,XBI,BTC,2020-23,-40.5979415559871,-1.3409764822378176,,,,,,,,,,,,,,,,,,,,,,,
reg,,,682.0,,,,cc4,C,5,raw,XBI,BTC,2024-26,-55.54690308361816,-2.7647178828353383,,,,,,,,,,,,,,,,,,,,,,,
reg,,,1006.0,,,,cc4,C,5,raw,XBI,VIX,2020-23,-0.1690950439145038,-0.0068519293367894606,,,,,,,,,,,,,,,,,,,,,,,
reg,,,682.0,,,,cc4,C,5,raw,XBI,VIX,2024-26,15.076370466724441,0.7127048885508046,,,,,,,,,,,,,,,,,,,,,,,
reg,,,1006.0,,,,cc4,C,5,raw,XBI,SPY,2020-23,-28.924512546610437,-0.8894700897966221,,,,,,,,,,,,,,,,,,,,,,,
reg,,,682.0,,,,cc4,C,5,raw,XBI,SPY,2024-26,-31.610300907545987,-1.6016233785381377,,,,,,,,,,,,,,,,,,,,,,,
reg,,,1006.0,,,,cc4,C,5,raw,KRE,TLT,2020-23,6.177264371325031,0.21242396380486672,,,,,,,,,,,,,,,,,,,,,,,
reg,,,682.0,,,,cc4,C,5,raw,KRE,TLT,2024-26,-33.195144683430975,-1.650509206963735,,,,,,,,,,,,,,,,,,,,,,,
reg,,,1006.0,,,,cc4,C,5,raw,KRE,UUP,2020-23,30.037180975643953,0.9654827748321448,,,,,,,,,,,,,,,,,,,,,,,
reg,,,682.0,,,,cc4,C,5,raw,KRE,UUP,2024-26,-9.953819337938073,-0.5324789469074326,,,,,,,,,,,,,,,,,,,,,,,
reg,,,1006.0,,,,cc4,C,5,raw,KRE,USO,2020-23,0.48827906293018714,0.011075725239827396,,,,,,,,,,,,,,,,,,,,,,,
reg,,,682.0,,,,cc4,C,5,raw,KRE,USO,2024-26,-0.25343327651258013,-0.013854686811006019,,,,,,,,,,,,,,,,,,,,,,,
reg,,,1006.0,,,,cc4,C,5,raw,KRE,GLD,2020-23,8.261769076683484,0.320423604942632,,,,,,,,,,,,,,,,,,,,,,,
reg,,,682.0,,,,cc4,C,5,raw,KRE,GLD,2024-26,-4.625988229577116,-0.28313860306244826,,,,,,,,,,,,,,,,,,,,,,,
reg,,,1006.0,,,,cc4,C,5,raw,KRE,HYG,2020-23,-22.768726450482784,-0.5556803592815145,,,,,,,,,,,,,,,,,,,,,,,
reg,,,682.0,,,,cc4,C,5,raw,KRE,HYG,2024-26,-1.610199874906013,-0.0885609779330879,,,,,,,,,,,,,,,,,,,,,,,
reg,,,748.0,,,,cc4,C,5,raw,KRE,BTC,2020-23,10.012300398640912,0.5465864336583341,,,,,,,,,,,,,,,,,,,,,,,
reg,,,682.0,,,,cc4,C,5,raw,KRE,BTC,2024-26,-51.696610265116085,-2.7070092763750404,,,,,,,,,,,,,,,,,,,,,,,
reg,,,1006.0,,,,cc4,C,5,raw,KRE,VIX,2020-23,-31.21888514327165,-1.0498825021081104,,,,,,,,,,,,,,,,,,,,,,,
reg,,,682.0,,,,cc4,C,5,raw,KRE,VIX,2024-26,-18.266153999922892,-1.1003922918888502,,,,,,,,,,,,,,,,,,,,,,,
reg,,,1006.0,,,,cc4,C,5,raw,KRE,SPY,2020-23,-8.881446224106751,-0.25270281200651773,,,,,,,,,,,,,,,,,,,,,,,
reg,,,682.0,,,,cc4,C,5,raw,KRE,SPY,2024-26,0.9020977423486821,0.050253469472525014,,,,,,,,,,,,,,,,,,,,,,,
reg,,,1006.0,,,,cc4,C,5,excess,XLK,TLT,2020-23,10.163550088379258,1.4708029969131937,,,,,,,,,,,,,,,,,,,,,,,
reg,,,682.0,,,,cc4,C,5,excess,XLK,TLT,2024-26,10.268251489472803,1.1799058903441704,,,,,,,,,,,,,,,,,,,,,,,
reg,,,1006.0,,,,cc4,C,5,excess,XLK,UUP,2020-23,2.759922961294078,0.42961017179559324,,,,,,,,,,,,,,,,,,,,,,,
reg,,,682.0,,,,cc4,C,5,excess,XLK,UUP,2024-26,2.553415164610678,0.2541242513752199,,,,,,,,,,,,,,,,,,,,,,,
reg,,,1006.0,,,,cc4,C,5,excess,XLK,USO,2020-23,-19.42519594210021,-3.241125388388785,,,,,,,,,,,,,,,,,,,,,,,
reg,,,682.0,,,,cc4,C,5,excess,XLK,USO,2024-26,-6.21947870047099,-0.5413726343981827,,,,,,,,,,,,,,,,,,,,,,,
reg,,,1006.0,,,,cc4,C,5,excess,XLK,GLD,2020-23,-9.603853125767039,-1.3274328257767471,,,,,,,,,,,,,,,,,,,,,,,
reg,,,682.0,,,,cc4,C,5,excess,XLK,GLD,2024-26,-9.946072108002724,-0.903572187536681,,,,,,,,,,,,,,,,,,,,,,,
reg,,,1006.0,,,,cc4,C,5,excess,XLK,HYG,2020-23,-8.052192698972325,-1.262441993209849,,,,,,,,,,,,,,,,,,,,,,,
reg,,,682.0,,,,cc4,C,5,excess,XLK,HYG,2024-26,1.292896896842199,0.12430388848544675,,,,,,,,,,,,,,,,,,,,,,,
reg,,,748.0,,,,cc4,C,5,excess,XLK,BTC,2020-23,-2.038878991676058,-0.35381635129697525,,,,,,,,,,,,,,,,,,,,,,,
reg,,,682.0,,,,cc4,C,5,excess,XLK,BTC,2024-26,-0.32156677195300765,-0.03324459468802252,,,,,,,,,,,,,,,,,,,,,,,
reg,,,1006.0,,,,cc4,C,5,excess,XLK,VIX,2020-23,8.292052594316816,1.4921688065894527,,,,,,,,,,,,,,,,,,,,,,,
reg,,,682.0,,,,cc4,C,5,excess,XLK,VIX,2024-26,3.4209278591173375,0.38993647930808667,,,,,,,,,,,,,,,,,,,,,,,
reg,,,1006.0,,,,cc4,C,5,excess,XLK,SPY,2020-23,-16.705841266405784,-2.8642145665343324,,,,,,,,,,,,,,,,,,,,,,,
reg,,,682.0,,,,cc4,C,5,excess,XLK,SPY,2024-26,-11.244335487051375,-1.1072680085507562,,,,,,,,,,,,,,,,,,,,,,,
reg,,,1006.0,,,,cc4,C,5,excess,XLF,TLT,2020-23,-13.22229492224409,-1.4570586248502393,,,,,,,,,,,,,,,,,,,,,,,
reg,,,682.0,,,,cc4,C,5,excess,XLF,TLT,2024-26,-19.911832142382167,-2.4168317428012696,,,,,,,,,,,,,,,,,,,,,,,
reg,,,1006.0,,,,cc4,C,5,excess,XLF,UUP,2020-23,5.8077759308377095,0.565668200703539,,,,,,,,,,,,,,,,,,,,,,,
reg,,,682.0,,,,cc4,C,5,excess,XLF,UUP,2024-26,-5.8199398252565056,-0.6969896886910689,,,,,,,,,,,,,,,,,,,,,,,
reg,,,1006.0,,,,cc4,C,5,excess,XLF,USO,2020-23,12.944787445572258,1.1636465187961142,,,,,,,,,,,,,,,,,,,,,,,
reg,,,682.0,,,,cc4,C,5,excess,XLF,USO,2024-26,0.6164236457947208,0.0711502247003759,,,,,,,,,,,,,,,,,,,,,,,
reg,,,1006.0,,,,cc4,C,5,excess,XLF,GLD,2020-23,1.8830595920376296,0.19380250415627684,,,,,,,,,,,,,,,,,,,,,,,
reg,,,682.0,,,,cc4,C,5,excess,XLF,GLD,2024-26,-0.040043421813093706,-0.00517942757690631,,,,,,,,,,,,,,,,,,,,,,,
reg,,,1006.0,,,,cc4,C,5,excess,XLF,HYG,2020-23,-13.641106078056396,-1.0213386659059518,,,,,,,,,,,,,,,,,,,,,,,
reg,,,682.0,,,,cc4,C,5,excess,XLF,HYG,2024-26,-5.990187499362604,-0.7288704362767461,,,,,,,,,,,,,,,,,,,,,,,
reg,,,748.0,,,,cc4,C,5,excess,XLF,BTC,2020-23,7.495285447401006,0.8667809347900185,,,,,,,,,,,,,,,,,,,,,,,
reg,,,682.0,,,,cc4,C,5,excess,XLF,BTC,2024-26,-1.5375260911452158,-0.16061834573302675,,,,,,,,,,,,,,,,,,,,,,,
reg,,,1006.0,,,,cc4,C,5,excess,XLF,VIX,2020-23,-9.947286230232024,-0.9038014316098543,,,,,,,,,,,,,,,,,,,,,,,
reg,,,682.0,,,,cc4,C,5,excess,XLF,VIX,2024-26,-4.931420106024273,-0.691099231295268,,,,,,,,,,,,,,,,,,,,,,,
reg,,,1006.0,,,,cc4,C,5,excess,XLF,SPY,2020-23,1.6678752933226915,0.12964686960859573,,,,,,,,,,,,,,,,,,,,,,,
reg,,,682.0,,,,cc4,C,5,excess,XLF,SPY,2024-26,7.300122168081837,0.9416252751875701,,,,,,,,,,,,,,,,,,,,,,,
reg,,,1006.0,,,,cc4,C,5,excess,XLE,TLT,2020-23,-37.772033878700974,-1.608647763990326,,,,,,,,,,,,,,,,,,,,,,,
reg,,,682.0,,,,cc4,C,5,excess,XLE,TLT,2024-26,-20.78749470341688,-1.2385852234913446,,,,,,,,,,,,,,,,,,,,,,,
reg,,,1006.0,,,,cc4,C,5,excess,XLE,UUP,2020-23,22.467170133188805,0.8756963303753043,,,,,,,,,,,,,,,,,,,,,,,
reg,,,682.0,,,,cc4,C,5,excess,XLE,UUP,2024-26,-23.57896949442653,-1.2865578231561081,,,,,,,,,,,,,,,,,,,,,,,
reg,,,1006.0,,,,cc4,C,5,excess,XLE,USO,2020-23,0.4870047399817883,0.01534293737085449,,,,,,,,,,,,,,,,,,,,,,,
reg,,,682.0,,,,cc4,C,5,excess,XLE,USO,2024-26,9.48082423896177,0.45141823159985994,,,,,,,,,,,,,,,,,,,,,,,
reg,,,1006.0,,,,cc4,C,5,excess,XLE,GLD,2020-23,-18.402799762075933,-0.9001239207566911,,,,,,,,,,,,,,,,,,,,,,,
reg,,,682.0,,,,cc4,C,5,excess,XLE,GLD,2024-26,27.188061983067392,1.1166705819688254,,,,,,,,,,,,,,,,,,,,,,,
reg,,,1006.0,,,,cc4,C,5,excess,XLE,HYG,2020-23,27.819578422796255,0.8270635381833871,,,,,,,,,,,,,,,,,,,,,,,
reg,,,682.0,,,,cc4,C,5,excess,XLE,HYG,2024-26,3.504141664101307,0.15498111232953374,,,,,,,,,,,,,,,,,,,,,,,
reg,,,748.0,,,,cc4,C,5,excess,XLE,BTC,2020-23,15.823810407683649,0.5473972126693277,,,,,,,,,,,,,,,,,,,,,,,
reg,,,682.0,,,,cc4,C,5,excess,XLE,BTC,2024-26,9.617703075970232,0.5846130882479655,,,,,,,,,,,,,,,,,,,,,,,
reg,,,1006.0,,,,cc4,C,5,excess,XLE,VIX,2020-23,-26.059168445938678,-1.0357376692826605,,,,,,,,,,,,,,,,,,,,,,,
reg,,,682.0,,,,cc4,C,5,excess,XLE,VIX,2024-26,-23.038529159699326,-1.260564651276778,,,,,,,,,,,,,,,,,,,,,,,
reg,,,1006.0,,,,cc4,C,5,excess,XLE,SPY,2020-23,34.21303518919123,1.1238887072334933,,,,,,,,,,,,,,,,,,,,,,,
reg,,,682.0,,,,cc4,C,5,excess,XLE,SPY,2024-26,36.08875110158025,1.5985397841218518,,,,,,,,,,,,,,,,,,,,,,,
reg,,,1006.0,,,,cc4,C,5,excess,XLV,TLT,2020-23,7.833104399754702,0.8347564138695566,,,,,,,,,,,,,,,,,,,,,,,
reg,,,682.0,,,,cc4,C,5,excess,XLV,TLT,2024-26,-1.5316458762168765,-0.15118267892349596,,,,,,,,,,,,,,,,,,,,,,,
reg,,,1006.0,,,,cc4,C,5,excess,XLV,UUP,2020-23,-15.547041681354381,-1.7408848082832924,,,,,,,,,,,,,,,,,,,,,,,
reg,,,682.0,,,,cc4,C,5,excess,XLV,UUP,2024-26,5.936507856492631,0.5396213885526826,,,,,,,,,,,,,,,,,,,,,,,
reg,,,1006.0,,,,cc4,C,5,excess,XLV,USO,2020-23,7.153695519872564,0.7130196604107131,,,,,,,,,,,,,,,,,,,,,,,
reg,,,682.0,,,,cc4,C,5,excess,XLV,USO,2024-26,0.3166671843612486,0.02309548324162891,,,,,,,,,,,,,,,,,,,,,,,
reg,,,1006.0,,,,cc4,C,5,excess,XLV,GLD,2020-23,9.10784004870827,1.0219697832286463,,,,,,,,,,,,,,,,,,,,,,,
reg,,,682.0,,,,cc4,C,5,excess,XLV,GLD,2024-26,-0.8787360156377922,-0.07899885210112643,,,,,,,,,,,,,,,,,,,,,,,
reg,,,1006.0,,,,cc4,C,5,excess,XLV,HYG,2020-23,11.321804443748652,1.0361289099695867,,,,,,,,,,,,,,,,,,,,,,,
reg,,,682.0,,,,cc4,C,5,excess,XLV,HYG,2024-26,-1.7276287317574932,-0.13130859145688856,,,,,,,,,,,,,,,,,,,,,,,
reg,,,748.0,,,,cc4,C,5,excess,XLV,BTC,2020-23,-5.117571104722757,-0.5880667756311616,,,,,,,,,,,,,,,,,,,,,,,
reg,,,682.0,,,,cc4,C,5,excess,XLV,BTC,2024-26,-23.574792032331136,-2.095046694216777,,,,,,,,,,,,,,,,,,,,,,,
reg,,,1006.0,,,,cc4,C,5,excess,XLV,VIX,2020-23,1.4461436259535883,0.1450649539554266,,,,,,,,,,,,,,,,,,,,,,,
reg,,,682.0,,,,cc4,C,5,excess,XLV,VIX,2024-26,10.24647078021297,0.8475497857388076,,,,,,,,,,,,,,,,,,,,,,,
reg,,,1006.0,,,,cc4,C,5,excess,XLV,SPY,2020-23,5.519966681816306,0.5204665902945758,,,,,,,,,,,,,,,,,,,,,,,
reg,,,682.0,,,,cc4,C,5,excess,XLV,SPY,2024-26,1.2278621370712082,0.08436783775233916,,,,,,,,,,,,,,,,,,,,,,,
reg,,,1006.0,,,,cc4,C,5,excess,XLI,TLT,2020-23,-6.968859565764794,-0.9460824942633096,,,,,,,,,,,,,,,,,,,,,,,
reg,,,682.0,,,,cc4,C,5,excess,XLI,TLT,2024-26,-0.8783089179500384,-0.1294434750583478,,,,,,,,,,,,,,,,,,,,,,,
reg,,,1006.0,,,,cc4,C,5,excess,XLI,UUP,2020-23,4.334375381057389,0.4966451607247037,,,,,,,,,,,,,,,,,,,,,,,
reg,,,682.0,,,,cc4,C,5,excess,XLI,UUP,2024-26,-0.3769278523739992,-0.05599458487534968,,,,,,,,,,,,,,,,,,,,,,,
reg,,,1006.0,,,,cc4,C,5,excess,XLI,USO,2020-23,4.530753032428188,0.3894023163395888,,,,,,,,,,,,,,,,,,,,,,,
reg,,,682.0,,,,cc4,C,5,excess,XLI,USO,2024-26,-0.6868272256024045,-0.08293589945005939,,,,,,,,,,,,,,,,,,,,,,,
reg,,,1006.0,,,,cc4,C,5,excess,XLI,GLD,2020-23,7.1111055314402725,0.8233759788207926,,,,,,,,,,,,,,,,,,,,,,,
reg,,,682.0,,,,cc4,C,5,excess,XLI,GLD,2024-26,-1.45412748338369,-0.22902605507109147,,,,,,,,,,,,,,,,,,,,,,,
reg,,,1006.0,,,,cc4,C,5,excess,XLI,HYG,2020-23,0.32930446801544505,0.023298614754136304,,,,,,,,,,,,,,,,,,,,,,,
reg,,,682.0,,,,cc4,C,5,excess,XLI,HYG,2024-26,4.22889787880254,0.7157489763189143,,,,,,,,,,,,,,,,,,,,,,,
reg,,,748.0,,,,cc4,C,5,excess,XLI,BTC,2020-23,13.255309112289966,2.033931885315584,,,,,,,,,,,,,,,,,,,,,,,
reg,,,682.0,,,,cc4,C,5,excess,XLI,BTC,2024-26,-13.263567110441063,-1.8116795974090054,,,,,,,,,,,,,,,,,,,,,,,
reg,,,1006.0,,,,cc4,C,5,excess,XLI,VIX,2020-23,-5.357720157431335,-0.6148255157695799,,,,,,,,,,,,,,,,,,,,,,,
reg,,,682.0,,,,cc4,C,5,excess,XLI,VIX,2024-26,7.5168818048655615,1.1700632972761564,,,,,,,,,,,,,,,,,,,,,,,
reg,,,1006.0,,,,cc4,C,5,excess,XLI,SPY,2020-23,9.25995006476263,0.7810273657600469,,,,,,,,,,,,,,,,,,,,,,,
reg,,,682.0,,,,cc4,C,5,excess,XLI,SPY,2024-26,-2.27927469307258,-0.3576068030799283,,,,,,,,,,,,,,,,,,,,,,,
reg,,,1006.0,,,,cc4,C,5,excess,XLY,TLT,2020-23,-7.64389801239623,-0.8052495681040376,,,,,,,,,,,,,,,,,,,,,,,
reg,,,682.0,,,,cc4,C,5,excess,XLY,TLT,2024-26,-6.8211866319457135,-0.8085048994433305,,,,,,,,,,,,,,,,,,,,,,,
reg,,,1006.0,,,,cc4,C,5,excess,XLY,UUP,2020-23,17.859017392355774,1.9009215203647833,,,,,,,,,,,,,,,,,,,,,,,
reg,,,682.0,,,,cc4,C,5,excess,XLY,UUP,2024-26,4.205307690103239,0.5752019635149984,,,,,,,,,,,,,,,,,,,,,,,
reg,,,1006.0,,,,cc4,C,5,excess,XLY,USO,2020-23,-1.2984580043001062,-0.10811526484612766,,,,,,,,,,,,,,,,,,,,,,,
reg,,,682.0,,,,cc4,C,5,excess,XLY,USO,2024-26,0.6275885559828444,0.08069605891671143,,,,,,,,,,,,,,,,,,,,,,,
reg,,,1006.0,,,,cc4,C,5,excess,XLY,GLD,2020-23,-4.020485193774062,-0.3904828527112896,,,,,,,,,,,,,,,,,,,,,,,
reg,,,682.0,,,,cc4,C,5,excess,XLY,GLD,2024-26,0.11225496963818918,0.014699003698850356,,,,,,,,,,,,,,,,,,,,,,,
reg,,,1006.0,,,,cc4,C,5,excess,XLY,HYG,2020-23,-5.732682504799097,-0.44159511618937974,,,,,,,,,,,,,,,,,,,,,,,
reg,,,682.0,,,,cc4,C,5,excess,XLY,HYG,2024-26,8.42656321353294,1.2915869291818856,,,,,,,,,,,,,,,,,,,,,,,
reg,,,748.0,,,,cc4,C,5,excess,XLY,BTC,2020-23,0.6609698242978471,0.08279321017084855,,,,,,,,,,,,,,,,,,,,,,,
reg,,,682.0,,,,cc4,C,5,excess,XLY,BTC,2024-26,0.024900674524348305,0.0030455001505178565,,,,,,,,,,,,,,,,,,,,,,,
reg,,,1006.0,,,,cc4,C,5,excess,XLY,VIX,2020-23,-1.6636446549878219,-0.1855733936191833,,,,,,,,,,,,,,,,,,,,,,,
reg,,,682.0,,,,cc4,C,5,excess,XLY,VIX,2024-26,-14.638370068619459,-2.27755778358981,,,,,,,,,,,,,,,,,,,,,,,
reg,,,1006.0,,,,cc4,C,5,excess,XLY,SPY,2020-23,0.7232717800088226,0.06057793819226374,,,,,,,,,,,,,,,,,,,,,,,
reg,,,682.0,,,,cc4,C,5,excess,XLY,SPY,2024-26,2.6605490900329793,0.3808090458058564,,,,,,,,,,,,,,,,,,,,,,,
reg,,,1006.0,,,,cc4,C,5,excess,XLP,TLT,2020-23,-6.4974928161959244,-0.5805843386814874,,,,,,,,,,,,,,,,,,,,,,,
reg,,,682.0,,,,cc4,C,5,excess,XLP,TLT,2024-26,-8.322488599877131,-0.7665436799737939,,,,,,,,,,,,,,,,,,,,,,,
reg,,,1006.0,,,,cc4,C,5,excess,XLP,UUP,2020-23,-37.734400325159264,-3.2752182648479446,,,,,,,,,,,,,,,,,,,,,,,
reg,,,682.0,,,,cc4,C,5,excess,XLP,UUP,2024-26,4.584226702904141,0.3468272161831884,,,,,,,,,,,,,,,,,,,,,,,
reg,,,1006.0,,,,cc4,C,5,excess,XLP,USO,2020-23,15.120329967773129,0.8952503950112353,,,,,,,,,,,,,,,,,,,,,,,
reg,,,682.0,,,,cc4,C,5,excess,XLP,USO,2024-26,4.841030439012101,0.4152249585729984,,,,,,,,,,,,,,,,,,,,,,,
reg,,,1006.0,,,,cc4,C,5,excess,XLP,GLD,2020-23,19.608544429761732,1.7412417797188147,,,,,,,,,,,,,,,,,,,,,,,
reg,,,682.0,,,,cc4,C,5,excess,XLP,GLD,2024-26,15.212171578219834,1.1035064258565774,,,,,,,,,,,,,,,,,,,,,,,
reg,,,1006.0,,,,cc4,C,5,excess,XLP,HYG,2020-23,23.974868229750804,1.2997169666348904,,,,,,,,,,,,,,,,,,,,,,,
reg,,,682.0,,,,cc4,C,5,excess,XLP,HYG,2024-26,-4.672703648215072,-0.3961039396970507,,,,,,,,,,,,,,,,,,,,,,,
reg,,,748.0,,,,cc4,C,5,excess,XLP,BTC,2020-23,3.738181571068251,0.4286668757665451,,,,,,,,,,,,,,,,,,,,,,,
reg,,,682.0,,,,cc4,C,5,excess,XLP,BTC,2024-26,-1.6770794873335786,-0.1331692740431071,,,,,,,,,,,,,,,,,,,,,,,
reg,,,1006.0,,,,cc4,C,5,excess,XLP,VIX,2020-23,-5.026287150222156,-0.37010741529770697,,,,,,,,,,,,,,,,,,,,,,,
reg,,,682.0,,,,cc4,C,5,excess,XLP,VIX,2024-26,4.318885500860653,0.42107912151659843,,,,,,,,,,,,,,,,,,,,,,,
reg,,,1006.0,,,,cc4,C,5,excess,XLP,SPY,2020-23,22.606991916718,1.2987853462895396,,,,,,,,,,,,,,,,,,,,,,,
reg,,,682.0,,,,cc4,C,5,excess,XLP,SPY,2024-26,19.903997431834817,1.7013082946414375,,,,,,,,,,,,,,,,,,,,,,,
reg,,,1006.0,,,,cc4,C,5,excess,XLU,TLT,2020-23,6.587474454644983,0.4568929899855084,,,,,,,,,,,,,,,,,,,,,,,
reg,,,682.0,,,,cc4,C,5,excess,XLU,TLT,2024-26,-24.26140585517523,-1.8762017515957914,,,,,,,,,,,,,,,,,,,,,,,
reg,,,1006.0,,,,cc4,C,5,excess,XLU,UUP,2020-23,-12.772241169059827,-0.8669173826068723,,,,,,,,,,,,,,,,,,,,,,,
reg,,,682.0,,,,cc4,C,5,excess,XLU,UUP,2024-26,19.92846549163884,1.2644889716518457,,,,,,,,,,,,,,,,,,,,,,,
reg,,,1006.0,,,,cc4,C,5,excess,XLU,USO,2020-23,36.70474215648819,3.5168535811356803,,,,,,,,,,,,,,,,,,,,,,,
reg,,,682.0,,,,cc4,C,5,excess,XLU,USO,2024-26,2.95262875433107,0.22122190400215988,,,,,,,,,,,,,,,,,,,,,,,
reg,,,1006.0,,,,cc4,C,5,excess,XLU,GLD,2020-23,18.246766563413484,1.3169849567053875,,,,,,,,,,,,,,,,,,,,,,,
reg,,,682.0,,,,cc4,C,5,excess,XLU,GLD,2024-26,-0.9299370905404584,-0.0665574726366833,,,,,,,,,,,,,,,,,,,,,,,
reg,,,1006.0,,,,cc4,C,5,excess,XLU,HYG,2020-23,6.587348504888818,0.39026658074206505,,,,,,,,,,,,,,,,,,,,,,,
reg,,,682.0,,,,cc4,C,5,excess,XLU,HYG,2024-26,-15.94826388752627,-1.1977647199319077,,,,,,,,,,,,,,,,,,,,,,,
reg,,,748.0,,,,cc4,C,5,excess,XLU,BTC,2020-23,2.5911312406759524,0.2286158013154529,,,,,,,,,,,,,,,,,,,,,,,
reg,,,682.0,,,,cc4,C,5,excess,XLU,BTC,2024-26,-1.2195346525354167,-0.08392604290990376,,,,,,,,,,,,,,,,,,,,,,,
reg,,,1006.0,,,,cc4,C,5,excess,XLU,VIX,2020-23,-18.478339392862537,-1.2189242732980938,,,,,,,,,,,,,,,,,,,,,,,
reg,,,682.0,,,,cc4,C,5,excess,XLU,VIX,2024-26,9.111682818369786,0.7405665510399279,,,,,,,,,,,,,,,,,,,,,,,
reg,,,1006.0,,,,cc4,C,5,excess,XLU,SPY,2020-23,20.974893913035782,1.4792487305359767,,,,,,,,,,,,,,,,,,,,,,,
reg,,,682.0,,,,cc4,C,5,excess,XLU,SPY,2024-26,2.299548849655048,0.17583278182295983,,,,,,,,,,,,,,,,,,,,,,,
reg,,,1006.0,,,,cc4,C,5,excess,XLB,TLT,2020-23,-5.7776564609953365,-0.7432359747063512,,,,,,,,,,,,,,,,,,,,,,,
reg,,,682.0,,,,cc4,C,5,excess,XLB,TLT,2024-26,-16.71954117979729,-1.67259001624437,,,,,,,,,,,,,,,,,,,,,,,
reg,,,1006.0,,,,cc4,C,5,excess,XLB,UUP,2020-23,14.833758392661085,1.9677544412643495,,,,,,,,,,,,,,,,,,,,,,,
reg,,,682.0,,,,cc4,C,5,excess,XLB,UUP,2024-26,-6.898146255349385,-0.7193020162141431,,,,,,,,,,,,,,,,,,,,,,,
reg,,,1006.0,,,,cc4,C,5,excess,XLB,USO,2020-23,-5.958741330560576,-0.5881461979912544,,,,,,,,,,,,,,,,,,,,,,,
reg,,,682.0,,,,cc4,C,5,excess,XLB,USO,2024-26,-8.905694036616314,-0.9626590765502491,,,,,,,,,,,,,,,,,,,,,,,
reg,,,1006.0,,,,cc4,C,5,excess,XLB,GLD,2020-23,-7.942251714931968,-1.0572967357968512,,,,,,,,,,,,,,,,,,,,,,,
reg,,,682.0,,,,cc4,C,5,excess,XLB,GLD,2024-26,-13.681847505020068,-0.9645985538228992,,,,,,,,,,,,,,,,,,,,,,,
reg,,,1006.0,,,,cc4,C,5,excess,XLB,HYG,2020-23,-17.123006196904335,-1.6841215637442715,,,,,,,,,,,,,,,,,,,,,,,
reg,,,682.0,,,,cc4,C,5,excess,XLB,HYG,2024-26,3.851054740195757,0.4611098387447698,,,,,,,,,,,,,,,,,,,,,,,
reg,,,748.0,,,,cc4,C,5,excess,XLB,BTC,2020-23,25.33456744396669,2.9824774780745513,,,,,,,,,,,,,,,,,,,,,,,
reg,,,682.0,,,,cc4,C,5,excess,XLB,BTC,2024-26,-8.65885079018184,-0.769949483218387,,,,,,,,,,,,,,,,,,,,,,,
reg,,,1006.0,,,,cc4,C,5,excess,XLB,VIX,2020-23,6.751324234435976,0.9946114356929175,,,,,,,,,,,,,,,,,,,,,,,
reg,,,682.0,,,,cc4,C,5,excess,XLB,VIX,2024-26,9.136721003537124,0.966708673019704,,,,,,,,,,,,,,,,,,,,,,,
reg,,,1006.0,,,,cc4,C,5,excess,XLB,SPY,2020-23,-9.303229418999592,-1.0011994023782147,,,,,,,,,,,,,,,,,,,,,,,
reg,,,682.0,,,,cc4,C,5,excess,XLB,SPY,2024-26,-3.0163038225636143,-0.2943514230428133,,,,,,,,,,,,,,,,,,,,,,,
reg,,,1006.0,,,,cc4,C,5,excess,XLRE,TLT,2020-23,12.819805919763684,1.2307974559923647,,,,,,,,,,,,,,,,,,,,,,,
reg,,,682.0,,,,cc4,C,5,excess,XLRE,TLT,2024-26,-12.15764560104356,-0.9305743206403484,,,,,,,,,,,,,,,,,,,,,,,
reg,,,1006.0,,,,cc4,C,5,excess,XLRE,UUP,2020-23,-1.3409538607797953,-0.09835885097970383,,,,,,,,,,,,,,,,,,,,,,,
reg,,,682.0,,,,cc4,C,5,excess,XLRE,UUP,2024-26,5.409698573758987,0.45267634155227887,,,,,,,,,,,,,,,,,,,,,,,
reg,,,1006.0,,,,cc4,C,5,excess,XLRE,USO,2020-23,34.62916835384228,2.5102038595186973,,,,,,,,,,,,,,,,,,,,,,,
reg,,,682.0,,,,cc4,C,5,excess,XLRE,USO,2024-26,4.054512150534503,0.37921948338625394,,,,,,,,,,,,,,,,,,,,,,,
reg,,,1006.0,,,,cc4,C,5,excess,XLRE,GLD,2020-23,14.431164246380126,0.9715921484723538,,,,,,,,,,,,,,,,,,,,,,,
reg,,,682.0,,,,cc4,C,5,excess,XLRE,GLD,2024-26,9.159252297598112,0.7819031159246125,,,,,,,,,,,,,,,,,,,,,,,
reg,,,1006.0,,,,cc4,C,5,excess,XLRE,HYG,2020-23,0.7016207163736097,0.03316836110028308,,,,,,,,,,,,,,,,,,,,,,,
reg,,,682.0,,,,cc4,C,5,excess,XLRE,HYG,2024-26,-2.6444799091767974,-0.2735859704238117,,,,,,,,,,,,,,,,,,,,,,,
reg,,,748.0,,,,cc4,C,5,excess,XLRE,BTC,2020-23,6.87661297436681,0.6836250357056248,,,,,,,,,,,,,,,,,,,,,,,
reg,,,682.0,,,,cc4,C,5,excess,XLRE,BTC,2024-26,-21.637980725287413,-1.7377009913213262,,,,,,,,,,,,,,,,,,,,,,,
reg,,,1006.0,,,,cc4,C,5,excess,XLRE,VIX,2020-23,-31.97899089542719,-2.1381903865873064,,,,,,,,,,,,,,,,,,,,,,,
reg,,,682.0,,,,cc4,C,5,excess,XLRE,VIX,2024-26,3.30868047487601,0.3292743697072265,,,,,,,,,,,,,,,,,,,,,,,
reg,,,1006.0,,,,cc4,C,5,excess,XLRE,SPY,2020-23,16.56090879125027,0.9281808914556939,,,,,,,,,,,,,,,,,,,,,,,
reg,,,682.0,,,,cc4,C,5,excess,XLRE,SPY,2024-26,15.062837991027159,1.3685737387298058,,,,,,,,,,,,,,,,,,,,,,,
reg,,,1006.0,,,,cc4,C,5,excess,XLC,TLT,2020-23,1.3586706514472966,0.1671763832761832,,,,,,,,,,,,,,,,,,,,,,,
reg,,,682.0,,,,cc4,C,5,excess,XLC,TLT,2024-26,9.847059231900351,1.521566035530116,,,,,,,,,,,,,,,,,,,,,,,
reg,,,1006.0,,,,cc4,C,5,excess,XLC,UUP,2020-23,3.9552992605385784,0.43438599904825886,,,,,,,,,,,,,,,,,,,,,,,
reg,,,682.0,,,,cc4,C,5,excess,XLC,UUP,2024-26,-1.5749643650534355,-0.23417024113736068,,,,,,,,,,,,,,,,,,,,,,,
reg,,,1006.0,,,,cc4,C,5,excess,XLC,USO,2020-23,-5.1054753825983985,-0.7275076861996025,,,,,,,,,,,,,,,,,,,,,,,
reg,,,682.0,,,,cc4,C,5,excess,XLC,USO,2024-26,1.227177537802208,0.15193538329251333,,,,,,,,,,,,,,,,,,,,,,,
reg,,,1006.0,,,,cc4,C,5,excess,XLC,GLD,2020-23,-7.486621604344669,-1.0021591158055678,,,,,,,,,,,,,,,,,,,,,,,
reg,,,682.0,,,,cc4,C,5,excess,XLC,GLD,2024-26,22.629020270648763,3.541435351106014,,,,,,,,,,,,,,,,,,,,,,,
reg,,,1006.0,,,,cc4,C,5,excess,XLC,HYG,2020-23,-5.9703033188180505,-0.585164003721467,,,,,,,,,,,,,,,,,,,,,,,
reg,,,682.0,,,,cc4,C,5,excess,XLC,HYG,2024-26,4.650842351304402,0.7330206691548817,,,,,,,,,,,,,,,,,,,,,,,
reg,,,748.0,,,,cc4,C,5,excess,XLC,BTC,2020-23,-15.957093715606705,-1.9697182353880276,,,,,,,,,,,,,,,,,,,,,,,
reg,,,682.0,,,,cc4,C,5,excess,XLC,BTC,2024-26,1.6410371550379868,0.2643015352639633,,,,,,,,,,,,,,,,,,,,,,,
reg,,,1006.0,,,,cc4,C,5,excess,XLC,VIX,2020-23,9.424093290634994,1.2848939878226884,,,,,,,,,,,,,,,,,,,,,,,
reg,,,682.0,,,,cc4,C,5,excess,XLC,VIX,2024-26,-13.633243796892286,-2.7110789955457624,,,,,,,,,,,,,,,,,,,,,,,
reg,,,1006.0,,,,cc4,C,5,excess,XLC,SPY,2020-23,-12.822858391333634,-1.5077690214252766,,,,,,,,,,,,,,,,,,,,,,,
reg,,,682.0,,,,cc4,C,5,excess,XLC,SPY,2024-26,9.276836943739541,1.5563163603520251,,,,,,,,,,,,,,,,,,,,,,,
reg,,,1006.0,,,,cc4,C,5,excess,SMH,TLT,2020-23,2.320153080261667,0.18549845107337146,,,,,,,,,,,,,,,,,,,,,,,
reg,,,682.0,,,,cc4,C,5,excess,SMH,TLT,2024-26,6.514375976046882,0.39796903064009187,,,,,,,,,,,,,,,,,,,,,,,
reg,,,1006.0,,,,cc4,C,5,excess,SMH,UUP,2020-23,24.019574358487297,1.7886006861510924,,,,,,,,,,,,,,,,,,,,,,,
reg,,,682.0,,,,cc4,C,5,excess,SMH,UUP,2024-26,11.997507747119384,0.6485984835557674,,,,,,,,,,,,,,,,,,,,,,,
reg,,,1006.0,,,,cc4,C,5,excess,SMH,USO,2020-23,-21.41678202367413,-1.456299432593695,,,,,,,,,,,,,,,,,,,,,,,
reg,,,682.0,,,,cc4,C,5,excess,SMH,USO,2024-26,3.9175831222285167,0.21031996590381796,,,,,,,,,,,,,,,,,,,,,,,
reg,,,1006.0,,,,cc4,C,5,excess,SMH,GLD,2020-23,-29.94020944586648,-2.0969629620734493,,,,,,,,,,,,,,,,,,,,,,,
reg,,,682.0,,,,cc4,C,5,excess,SMH,GLD,2024-26,-29.000259740107158,-1.5747162667243242,,,,,,,,,,,,,,,,,,,,,,,
reg,,,1006.0,,,,cc4,C,5,excess,SMH,HYG,2020-23,-11.35184080142522,-0.7441929183326362,,,,,,,,,,,,,,,,,,,,,,,
reg,,,682.0,,,,cc4,C,5,excess,SMH,HYG,2024-26,-6.221532331993923,-0.32680825238168276,,,,,,,,,,,,,,,,,,,,,,,
reg,,,748.0,,,,cc4,C,5,excess,SMH,BTC,2020-23,2.7166711374798025,0.18102459852550504,,,,,,,,,,,,,,,,,,,,,,,
reg,,,682.0,,,,cc4,C,5,excess,SMH,BTC,2024-26,-19.528977597410144,-1.0616886548937452,,,,,,,,,,,,,,,,,,,,,,,
reg,,,1006.0,,,,cc4,C,5,excess,SMH,VIX,2020-23,3.6477272084039023,0.2944247754032134,,,,,,,,,,,,,,,,,,,,,,,
reg,,,682.0,,,,cc4,C,5,excess,SMH,VIX,2024-26,9.288167921220527,0.6135845069499725,,,,,,,,,,,,,,,,,,,,,,,
reg,,,1006.0,,,,cc4,C,5,excess,SMH,SPY,2020-23,-18.783211563019726,-1.3877990631901356,,,,,,,,,,,,,,,,,,,,,,,
reg,,,682.0,,,,cc4,C,5,excess,SMH,SPY,2024-26,-32.63344797650428,-1.884450752358758,,,,,,,,,,,,,,,,,,,,,,,
reg,,,1006.0,,,,cc4,C,5,excess,XBI,TLT,2020-23,-8.307976720675121,-0.4176701965976973,,,,,,,,,,,,,,,,,,,,,,,
reg,,,682.0,,,,cc4,C,5,excess,XBI,TLT,2024-26,-10.649266485549898,-0.690269697486894,,,,,,,,,,,,,,,,,,,,,,,
reg,,,1006.0,,,,cc4,C,5,excess,XBI,UUP,2020-23,24.690575632746707,1.3305671678098823,,,,,,,,,,,,,,,,,,,,,,,
reg,,,682.0,,,,cc4,C,5,excess,XBI,UUP,2024-26,-14.931430599383992,-0.9061602960042576,,,,,,,,,,,,,,,,,,,,,,,
reg,,,1006.0,,,,cc4,C,5,excess,XBI,USO,2020-23,-13.517783306333204,-0.6169194898753307,,,,,,,,,,,,,,,,,,,,,,,
reg,,,682.0,,,,cc4,C,5,excess,XBI,USO,2024-26,-11.131501882380922,-0.549493631442767,,,,,,,,,,,,,,,,,,,,,,,
reg,,,1006.0,,,,cc4,C,5,excess,XBI,GLD,2020-23,-19.822491291749824,-0.9879855600143231,,,,,,,,,,,,,,,,,,,,,,,
reg,,,682.0,,,,cc4,C,5,excess,XBI,GLD,2024-26,-10.066262478328394,-0.643384949565322,,,,,,,,,,,,,,,,,,,,,,,
reg,,,1006.0,,,,cc4,C,5,excess,XBI,HYG,2020-23,-6.653137014398847,-0.2572578737422538,,,,,,,,,,,,,,,,,,,,,,,
reg,,,682.0,,,,cc4,C,5,excess,XBI,HYG,2024-26,-5.955012060325809,-0.41808513850166107,,,,,,,,,,,,,,,,,,,,,,,
reg,,,748.0,,,,cc4,C,5,excess,XBI,BTC,2020-23,-32.78704786135119,-1.2354883718323946,,,,,,,,,,,,,,,,,,,,,,,
reg,,,682.0,,,,cc4,C,5,excess,XBI,BTC,2024-26,-38.90492833400978,-2.271476805387081,,,,,,,,,,,,,,,,,,,,,,,
reg,,,1006.0,,,,cc4,C,5,excess,XBI,VIX,2020-23,18.84679817442414,1.0457381350280748,,,,,,,,,,,,,,,,,,,,,,,
reg,,,682.0,,,,cc4,C,5,excess,XBI,VIX,2024-26,6.122789895699929,0.3684082571752474,,,,,,,,,,,,,,,,,,,,,,,
reg,,,1006.0,,,,cc4,C,5,excess,XBI,SPY,2020-23,-19.981216417356453,-0.8527719175600483,,,,,,,,,,,,,,,,,,,,,,,
reg,,,682.0,,,,cc4,C,5,excess,XBI,SPY,2024-26,-8.65476742223726,-0.5005186117051181,,,,,,,,,,,,,,,,,,,,,,,
reg,,,1006.0,,,,cc4,C,5,excess,KRE,TLT,2020-23,-14.964308368047543,-0.8521006922668092,,,,,,,,,,,,,,,,,,,,,,,
reg,,,682.0,,,,cc4,C,5,excess,KRE,TLT,2024-26,-35.59953696067954,-2.0924155690503357,,,,,,,,,,,,,,,,,,,,,,,
reg,,,1006.0,,,,cc4,C,5,excess,KRE,UUP,2020-23,13.536713401870392,0.697687311194598,,,,,,,,,,,,,,,,,,,,,,,
reg,,,682.0,,,,cc4,C,5,excess,KRE,UUP,2024-26,-10.798895233656163,-0.5982611963488828,,,,,,,,,,,,,,,,,,,,,,,
reg,,,1006.0,,,,cc4,C,5,excess,KRE,USO,2020-23,13.930567191441483,0.4540628163405879,,,,,,,,,,,,,,,,,,,,,,,
reg,,,682.0,,,,cc4,C,5,excess,KRE,USO,2024-26,14.12015715646,0.8510764419715002,,,,,,,,,,,,,,,,,,,,,,,
reg,,,1006.0,,,,cc4,C,5,excess,KRE,GLD,2020-23,13.270495910398859,0.7710999871963559,,,,,,,,,,,,,,,,,,,,,,,
reg,,,682.0,,,,cc4,C,5,excess,KRE,GLD,2024-26,4.576602341070271,0.28674762692223243,,,,,,,,,,,,,,,,,,,,,,,
reg,,,1006.0,,,,cc4,C,5,excess,KRE,HYG,2020-23,-18.12594125703612,-0.7607675510942448,,,,,,,,,,,,,,,,,,,,,,,
reg,,,682.0,,,,cc4,C,5,excess,KRE,HYG,2024-26,3.8300795437867654,0.19334325776541023,,,,,,,,,,,,,,,,,,,,,,,
reg,,,748.0,,,,cc4,C,5,excess,KRE,BTC,2020-23,17.823194093276854,1.103031778145793,,,,,,,,,,,,,,,,,,,,,,,
reg,,,682.0,,,,cc4,C,5,excess,KRE,BTC,2024-26,-35.054635515507684,-1.8613216906846701,,,,,,,,,,,,,,,,,,,,,,,
reg,,,1006.0,,,,cc4,C,5,excess,KRE,VIX,2020-23,-12.202991924933045,-0.603182025259314,,,,,,,,,,,,,,,,,,,,,,,
reg,,,682.0,,,,cc4,C,5,excess,KRE,VIX,2024-26,-27.2197345709474,-2.0089744169064123,,,,,,,,,,,,,,,,,,,,,,,
reg,,,1006.0,,,,cc4,C,5,excess,KRE,SPY,2020-23,0.061849905147207736,0.0028467909094685834,,,,,,,,,,,,,,,,,,,,,,,
reg,,,682.0,,,,cc4,C,5,excess,KRE,SPY,2024-26,23.857631227657446,1.351367233071506,,,,,,,,,,,,,,,,,,,,,,,
reg,,,1006.0,,,,cc5,C,1,raw,XLK,TLT,2020-23,30.240110111495788,2.222580462309538,,,,,,,,,,,,,,,,,,,,,,,
reg,,,681.0,,,,cc5,C,1,raw,XLK,TLT,2024-26,-3.292566905401636,-0.21678920217370362,,,,,,,,,,,,,,,,,,,,,,,
reg,,,1006.0,,,,cc5,C,1,raw,XLK,UUP,2020-23,2.267093779956158,0.1809760394357103,,,,,,,,,,,,,,,,,,,,,,,
reg,,,681.0,,,,cc5,C,1,raw,XLK,UUP,2024-26,0.014361528215316645,0.0010958170037198723,,,,,,,,,,,,,,,,,,,,,,,
reg,,,1006.0,,,,cc5,C,1,raw,XLK,USO,2020-23,-8.067298101095947,-0.4465949380367051,,,,,,,,,,,,,,,,,,,,,,,
reg,,,681.0,,,,cc5,C,1,raw,XLK,USO,2024-26,-7.343800194324469,-0.45170966459325484,,,,,,,,,,,,,,,,,,,,,,,
reg,,,1006.0,,,,cc5,C,1,raw,XLK,GLD,2020-23,10.832550114811667,0.6905982154676694,,,,,,,,,,,,,,,,,,,,,,,
reg,,,681.0,,,,cc5,C,1,raw,XLK,GLD,2024-26,-10.206875043036826,-0.8154985316938667,,,,,,,,,,,,,,,,,,,,,,,
reg,,,1006.0,,,,cc5,C,1,raw,XLK,HYG,2020-23,-1.6647706673888663,-0.08812897415587097,,,,,,,,,,,,,,,,,,,,,,,
reg,,,681.0,,,,cc5,C,1,raw,XLK,HYG,2024-26,-7.250378597052527,-0.3630204745987824,,,,,,,,,,,,,,,,,,,,,,,
reg,,,752.0,,,,cc5,C,1,raw,XLK,BTC,2020-23,-18.26542339698353,-1.761450008897686,,,,,,,,,,,,,,,,,,,,,,,
reg,,,681.0,,,,cc5,C,1,raw,XLK,BTC,2024-26,-4.051963856103456,-0.3118846867025853,,,,,,,,,,,,,,,,,,,,,,,
reg,,,1006.0,,,,cc5,C,1,raw,XLK,VIX,2020-23,-5.674444972262694,-0.46147508889131256,,,,,,,,,,,,,,,,,,,,,,,
reg,,,681.0,,,,cc5,C,1,raw,XLK,VIX,2024-26,-0.05480866144301933,-0.0037718494838196908,,,,,,,,,,,,,,,,,,,,,,,
reg,,,1006.0,,,,cc5,C,1,raw,XLK,SPY,2020-23,-17.56309047211732,-1.3089426125547534,,,,,,,,,,,,,,,,,,,,,,,
reg,,,681.0,,,,cc5,C,1,raw,XLK,SPY,2024-26,-23.74076462210093,-1.435227000958722,,,,,,,,,,,,,,,,,,,,,,,
reg,,,1006.0,,,,cc5,C,1,raw,XLF,TLT,2020-23,13.19975185876788,0.8052789222882872,,,,,,,,,,,,,,,,,,,,,,,
reg,,,681.0,,,,cc5,C,1,raw,XLF,TLT,2024-26,-17.26897016807105,-1.5936384008006135,,,,,,,,,,,,,,,,,,,,,,,
reg,,,1006.0,,,,cc5,C,1,raw,XLF,UUP,2020-23,10.327076802275968,0.7084051329413069,,,,,,,,,,,,,,,,,,,,,,,
reg,,,681.0,,,,cc5,C,1,raw,XLF,UUP,2024-26,4.162883048117246,0.44488399030232806,,,,,,,,,,,,,,,,,,,,,,,
reg,,,1006.0,,,,cc5,C,1,raw,XLF,USO,2020-23,15.497574726724167,0.6580739396551686,,,,,,,,,,,,,,,,,,,,,,,
reg,,,681.0,,,,cc5,C,1,raw,XLF,USO,2024-26,0.49611808844382627,0.04987809917848811,,,,,,,,,,,,,,,,,,,,,,,
reg,,,1006.0,,,,cc5,C,1,raw,XLF,GLD,2020-23,17.60449517660095,0.9195765677347654,,,,,,,,,,,,,,,,,,,,,,,
reg,,,681.0,,,,cc5,C,1,raw,XLF,GLD,2024-26,-6.735166004636294,-0.8778400718333367,,,,,,,,,,,,,,,,,,,,,,,
reg,,,1006.0,,,,cc5,C,1,raw,XLF,HYG,2020-23,-4.52668462654887,-0.18347312800245932,,,,,,,,,,,,,,,,,,,,,,,
reg,,,681.0,,,,cc5,C,1,raw,XLF,HYG,2024-26,-11.44168855136932,-1.1085068856168228,,,,,,,,,,,,,,,,,,,,,,,
reg,,,752.0,,,,cc5,C,1,raw,XLF,BTC,2020-23,-0.1716453613136176,-0.019835141293835148,,,,,,,,,,,,,,,,,,,,,,,
reg,,,681.0,,,,cc5,C,1,raw,XLF,BTC,2024-26,-8.983242657509141,-1.319818063101649,,,,,,,,,,,,,,,,,,,,,,,
reg,,,1006.0,,,,cc5,C,1,raw,XLF,VIX,2020-23,-11.097167983828669,-0.7647563778768113,,,,,,,,,,,,,,,,,,,,,,,
reg,,,681.0,,,,cc5,C,1,raw,XLF,VIX,2024-26,1.9604108697900036,0.20593626552817879,,,,,,,,,,,,,,,,,,,,,,,
reg,,,1006.0,,,,cc5,C,1,raw,XLF,SPY,2020-23,-1.8772362499542874,-0.10187075399929962,,,,,,,,,,,,,,,,,,,,,,,
reg,,,681.0,,,,cc5,C,1,raw,XLF,SPY,2024-26,-13.094121238092638,-1.3347979622769577,,,,,,,,,,,,,,,,,,,,,,,
reg,,,1006.0,,,,cc5,C,1,raw,XLE,TLT,2020-23,0.1889527388804785,0.0075190484324013495,,,,,,,,,,,,,,,,,,,,,,,
reg,,,681.0,,,,cc5,C,1,raw,XLE,TLT,2024-26,-19.731309186369597,-1.351689740864262,,,,,,,,,,,,,,,,,,,,,,,
reg,,,1006.0,,,,cc5,C,1,raw,XLE,UUP,2020-23,43.441772427684555,1.896730610199945,,,,,,,,,,,,,,,,,,,,,,,
reg,,,681.0,,,,cc5,C,1,raw,XLE,UUP,2024-26,-6.070806016949924,-0.4496638095969993,,,,,,,,,,,,,,,,,,,,,,,
reg,,,1006.0,,,,cc5,C,1,raw,XLE,USO,2020-23,10.404494874194887,0.2790025242392911,,,,,,,,,,,,,,,,,,,,,,,
reg,,,681.0,,,,cc5,C,1,raw,XLE,USO,2024-26,4.346630883948308,0.3952245721669797,,,,,,,,,,,,,,,,,,,,,,,
reg,,,1006.0,,,,cc5,C,1,raw,XLE,GLD,2020-23,-4.85495047870797,-0.179377726539362,,,,,,,,,,,,,,,,,,,,,,,
reg,,,681.0,,,,cc5,C,1,raw,XLE,GLD,2024-26,-6.704667943374309,-0.5513525372012085,,,,,,,,,,,,,,,,,,,,,,,
reg,,,1006.0,,,,cc5,C,1,raw,XLE,HYG,2020-23,6.6589009881210535,0.16939926277848835,,,,,,,,,,,,,,,,,,,,,,,
reg,,,681.0,,,,cc5,C,1,raw,XLE,HYG,2024-26,-10.890034035001635,-1.0248470215839083,,,,,,,,,,,,,,,,,,,,,,,
reg,,,752.0,,,,cc5,C,1,raw,XLE,BTC,2020-23,2.4119987023284035,0.1305782999467004,,,,,,,,,,,,,,,,,,,,,,,
reg,,,681.0,,,,cc5,C,1,raw,XLE,BTC,2024-26,-8.599781274783277,-0.8426623295391812,,,,,,,,,,,,,,,,,,,,,,,
reg,,,1006.0,,,,cc5,C,1,raw,XLE,VIX,2020-23,-19.92616606317205,-0.9736045967563545,,,,,,,,,,,,,,,,,,,,,,,
reg,,,681.0,,,,cc5,C,1,raw,XLE,VIX,2024-26,-14.52341304559028,-1.3324782143249605,,,,,,,,,,,,,,,,,,,,,,,
reg,,,1006.0,,,,cc5,C,1,raw,XLE,SPY,2020-23,10.009265549360295,0.2989405450462916,,,,,,,,,,,,,,,,,,,,,,,
reg,,,681.0,,,,cc5,C,1,raw,XLE,SPY,2024-26,-6.862156304096301,-0.49071138261510955,,,,,,,,,,,,,,,,,,,,,,,
reg,,,1006.0,,,,cc5,C,1,raw,XLV,TLT,2020-23,20.121678975352562,1.5143849189023837,,,,,,,,,,,,,,,,,,,,,,,
reg,,,681.0,,,,cc5,C,1,raw,XLV,TLT,2024-26,-3.157772805310607,-0.36997455284936837,,,,,,,,,,,,,,,,,,,,,,,
reg,,,1006.0,,,,cc5,C,1,raw,XLV,UUP,2020-23,-4.257071329725807,-0.52875701501897,,,,,,,,,,,,,,,,,,,,,,,
reg,,,681.0,,,,cc5,C,1,raw,XLV,UUP,2024-26,6.953276982381029,0.7342005197258954,,,,,,,,,,,,,,,,,,,,,,,
reg,,,1006.0,,,,cc5,C,1,raw,XLV,USO,2020-23,7.391793104690317,0.44526481933560275,,,,,,,,,,,,,,,,,,,,,,,
reg,,,681.0,,,,cc5,C,1,raw,XLV,USO,2024-26,-4.35698022988387,-0.5072364128343259,,,,,,,,,,,,,,,,,,,,,,,
reg,,,1006.0,,,,cc5,C,1,raw,XLV,GLD,2020-23,17.889112216585808,1.1053601225250562,,,,,,,,,,,,,,,,,,,,,,,
reg,,,681.0,,,,cc5,C,1,raw,XLV,GLD,2024-26,-3.3260193123203936,-0.4389546890848261,,,,,,,,,,,,,,,,,,,,,,,
reg,,,1006.0,,,,cc5,C,1,raw,XLV,HYG,2020-23,19.468084731122232,1.4932710542743617,,,,,,,,,,,,,,,,,,,,,,,
reg,,,681.0,,,,cc5,C,1,raw,XLV,HYG,2024-26,-3.434987216325943,-0.473833275479942,,,,,,,,,,,,,,,,,,,,,,,
reg,,,752.0,,,,cc5,C,1,raw,XLV,BTC,2020-23,-6.174214408352126,-0.9806945343803823,,,,,,,,,,,,,,,,,,,,,,,
reg,,,681.0,,,,cc5,C,1,raw,XLV,BTC,2024-26,-18.52875440936682,-2.514702575385419,,,,,,,,,,,,,,,,,,,,,,,
reg,,,1006.0,,,,cc5,C,1,raw,XLV,VIX,2020-23,-11.956176985770563,-1.1439610327665952,,,,,,,,,,,,,,,,,,,,,,,
reg,,,681.0,,,,cc5,C,1,raw,XLV,VIX,2024-26,7.8869655594411165,1.1364422503141935,,,,,,,,,,,,,,,,,,,,,,,
reg,,,1006.0,,,,cc5,C,1,raw,XLV,SPY,2020-23,3.892129546246467,0.3435112211036644,,,,,,,,,,,,,,,,,,,,,,,
reg,,,681.0,,,,cc5,C,1,raw,XLV,SPY,2024-26,-7.7652555751909045,-1.0018605948404067,,,,,,,,,,,,,,,,,,,,,,,
reg,,,1006.0,,,,cc5,C,1,raw,XLI,TLT,2020-23,16.35666592883871,0.9556361191065141,,,,,,,,,,,,,,,,,,,,,,,
reg,,,681.0,,,,cc5,C,1,raw,XLI,TLT,2024-26,-8.269060845546374,-0.7412721595418209,,,,,,,,,,,,,,,,,,,,,,,
reg,,,1006.0,,,,cc5,C,1,raw,XLI,UUP,2020-23,15.505485175027898,1.1900153257669173,,,,,,,,,,,,,,,,,,,,,,,
reg,,,681.0,,,,cc5,C,1,raw,XLI,UUP,2024-26,1.8722863384069028,0.2137961888255378,,,,,,,,,,,,,,,,,,,,,,,
reg,,,1006.0,,,,cc5,C,1,raw,XLI,USO,2020-23,13.243659588455674,0.5484334475632664,,,,,,,,,,,,,,,,,,,,,,,
reg,,,681.0,,,,cc5,C,1,raw,XLI,USO,2024-26,-2.269254480169272,-0.19001191126817754,,,,,,,,,,,,,,,,,,,,,,,
reg,,,1006.0,,,,cc5,C,1,raw,XLI,GLD,2020-23,21.718126102141497,1.1310299156308496,,,,,,,,,,,,,,,,,,,,,,,
reg,,,681.0,,,,cc5,C,1,raw,XLI,GLD,2024-26,-6.811280738979315,-0.7614437490090082,,,,,,,,,,,,,,,,,,,,,,,
reg,,,1006.0,,,,cc5,C,1,raw,XLI,HYG,2020-23,6.6631933637332725,0.2574208063550264,,,,,,,,,,,,,,,,,,,,,,,
reg,,,681.0,,,,cc5,C,1,raw,XLI,HYG,2024-26,-9.1738538302485,-0.7039936671016076,,,,,,,,,,,,,,,,,,,,,,,
reg,,,752.0,,,,cc5,C,1,raw,XLI,BTC,2020-23,3.3646065254204265,0.47053636459605125,,,,,,,,,,,,,,,,,,,,,,,
reg,,,681.0,,,,cc5,C,1,raw,XLI,BTC,2024-26,-13.712432611169035,-1.8555194040609149,,,,,,,,,,,,,,,,,,,,,,,
reg,,,1006.0,,,,cc5,C,1,raw,XLI,VIX,2020-23,-13.522313073659282,-0.9065264201059435,,,,,,,,,,,,,,,,,,,,,,,
reg,,,681.0,,,,cc5,C,1,raw,XLI,VIX,2024-26,6.332862592174801,0.6717783817327992,,,,,,,,,,,,,,,,,,,,,,,
reg,,,1006.0,,,,cc5,C,1,raw,XLI,SPY,2020-23,3.938613599361481,0.20291409699339139,,,,,,,,,,,,,,,,,,,,,,,
reg,,,681.0,,,,cc5,C,1,raw,XLI,SPY,2024-26,-18.936498830158282,-1.9576310089083446,,,,,,,,,,,,,,,,,,,,,,,
reg,,,1006.0,,,,cc5,C,1,raw,XLY,TLT,2020-23,19.978508345173573,1.3919646904877194,,,,,,,,,,,,,,,,,,,,,,,
reg,,,681.0,,,,cc5,C,1,raw,XLY,TLT,2024-26,-14.054153830125403,-1.2439569365688465,,,,,,,,,,,,,,,,,,,,,,,
reg,,,1006.0,,,,cc5,C,1,raw,XLY,UUP,2020-23,15.440265904460592,1.0390201124608072,,,,,,,,,,,,,,,,,,,,,,,
reg,,,681.0,,,,cc5,C,1,raw,XLY,UUP,2024-26,5.759756884868647,0.5047102943107997,,,,,,,,,,,,,,,,,,,,,,,
reg,,,1006.0,,,,cc5,C,1,raw,XLY,USO,2020-23,-0.2833130534771404,-0.01102377097991534,,,,,,,,,,,,,,,,,,,,,,,
reg,,,681.0,,,,cc5,C,1,raw,XLY,USO,2024-26,-9.163397503475032,-0.783693627757167,,,,,,,,,,,,,,,,,,,,,,,
reg,,,1006.0,,,,cc5,C,1,raw,XLY,GLD,2020-23,13.898047629679303,0.8593975066058636,,,,,,,,,,,,,,,,,,,,,,,
reg,,,681.0,,,,cc5,C,1,raw,XLY,GLD,2024-26,-2.9241779647061206,-0.2947936169101702,,,,,,,,,,,,,,,,,,,,,,,
reg,,,1006.0,,,,cc5,C,1,raw,XLY,HYG,2020-23,0.4417070534622618,0.01585611682717163,,,,,,,,,,,,,,,,,,,,,,,
reg,,,681.0,,,,cc5,C,1,raw,XLY,HYG,2024-26,-6.84430882136699,-0.4883882651949184,,,,,,,,,,,,,,,,,,,,,,,
reg,,,752.0,,,,cc5,C,1,raw,XLY,BTC,2020-23,-11.480207683894722,-1.1331099495464863,,,,,,,,,,,,,,,,,,,,,,,
reg,,,681.0,,,,cc5,C,1,raw,XLY,BTC,2024-26,-5.219605716054672,-0.5388247865581035,,,,,,,,,,,,,,,,,,,,,,,
reg,,,1006.0,,,,cc5,C,1,raw,XLY,VIX,2020-23,-12.173456565466815,-0.8440952640106262,,,,,,,,,,,,,,,,,,,,,,,
reg,,,681.0,,,,cc5,C,1,raw,XLY,VIX,2024-26,-3.57634027417622,-0.3497475717927799,,,,,,,,,,,,,,,,,,,,,,,
reg,,,1006.0,,,,cc5,C,1,raw,XLY,SPY,2020-23,-2.8429630610489407,-0.14360937397462525,,,,,,,,,,,,,,,,,,,,,,,
reg,,,681.0,,,,cc5,C,1,raw,XLY,SPY,2024-26,-17.873453960352645,-1.3278870036514383,,,,,,,,,,,,,,,,,,,,,,,
reg,,,1006.0,,,,cc5,C,1,raw,XLP,TLT,2020-23,12.24553324691088,0.8400983866601869,,,,,,,,,,,,,,,,,,,,,,,
reg,,,681.0,,,,cc5,C,1,raw,XLP,TLT,2024-26,-9.829829269296171,-1.2723595423327614,,,,,,,,,,,,,,,,,,,,,,,
reg,,,1006.0,,,,cc5,C,1,raw,XLP,UUP,2020-23,-8.931869784056861,-0.8914103465945791,,,,,,,,,,,,,,,,,,,,,,,
reg,,,681.0,,,,cc5,C,1,raw,XLP,UUP,2024-26,2.953612742982069,0.4395013554075971,,,,,,,,,,,,,,,,,,,,,,,
reg,,,1006.0,,,,cc5,C,1,raw,XLP,USO,2020-23,11.022153353327173,0.7248401148788445,,,,,,,,,,,,,,,,,,,,,,,
reg,,,681.0,,,,cc5,C,1,raw,XLP,USO,2024-26,-1.1811241460537338,-0.1596009395970007,,,,,,,,,,,,,,,,,,,,,,,
reg,,,1006.0,,,,cc5,C,1,raw,XLP,GLD,2020-23,11.37240037349743,0.845990484163581,,,,,,,,,,,,,,,,,,,,,,,
reg,,,681.0,,,,cc5,C,1,raw,XLP,GLD,2024-26,4.455910294291015,0.5941162103392534,,,,,,,,,,,,,,,,,,,,,,,
reg,,,1006.0,,,,cc5,C,1,raw,XLP,HYG,2020-23,25.06687217654225,2.6240881223546118,,,,,,,,,,,,,,,,,,,,,,,
reg,,,681.0,,,,cc5,C,1,raw,XLP,HYG,2024-26,-7.078867579458739,-1.1162445816310649,,,,,,,,,,,,,,,,,,,,,,,
reg,,,752.0,,,,cc5,C,1,raw,XLP,BTC,2020-23,-3.1838935711813843,-0.5321144049031475,,,,,,,,,,,,,,,,,,,,,,,
reg,,,681.0,,,,cc5,C,1,raw,XLP,BTC,2024-26,-8.965491359151526,-1.5227955945623737,,,,,,,,,,,,,,,,,,,,,,,
reg,,,1006.0,,,,cc5,C,1,raw,XLP,VIX,2020-23,-15.221811908885158,-1.5687648885927539,,,,,,,,,,,,,,,,,,,,,,,
reg,,,681.0,,,,cc5,C,1,raw,XLP,VIX,2024-26,3.276241069777122,0.5058757629378392,,,,,,,,,,,,,,,,,,,,,,,
reg,,,1006.0,,,,cc5,C,1,raw,XLP,SPY,2020-23,6.865538183109091,0.7449733374337543,,,,,,,,,,,,,,,,,,,,,,,
reg,,,681.0,,,,cc5,C,1,raw,XLP,SPY,2024-26,-1.3061305842269222,-0.20859028006522706,,,,,,,,,,,,,,,,,,,,,,,
reg,,,1006.0,,,,cc5,C,1,raw,XLU,TLT,2020-23,26.069863425813235,1.0962292161407994,,,,,,,,,,,,,,,,,,,,,,,
reg,,,681.0,,,,cc5,C,1,raw,XLU,TLT,2024-26,-18.21796287349714,-1.8621393662670118,,,,,,,,,,,,,,,,,,,,,,,
reg,,,1006.0,,,,cc5,C,1,raw,XLU,UUP,2020-23,-5.211523166113512,-0.39981050647062777,,,,,,,,,,,,,,,,,,,,,,,
reg,,,681.0,,,,cc5,C,1,raw,XLU,UUP,2024-26,16.98134034797574,2.066089644510236,,,,,,,,,,,,,,,,,,,,,,,
reg,,,1006.0,,,,cc5,C,1,raw,XLU,USO,2020-23,35.977352983969276,1.351657231035188,,,,,,,,,,,,,,,,,,,,,,,
reg,,,681.0,,,,cc5,C,1,raw,XLU,USO,2024-26,8.851269602566283,1.1072909400435407,,,,,,,,,,,,,,,,,,,,,,,
reg,,,1006.0,,,,cc5,C,1,raw,XLU,GLD,2020-23,33.05276438980022,1.508417616037625,,,,,,,,,,,,,,,,,,,,,,,
reg,,,681.0,,,,cc5,C,1,raw,XLU,GLD,2024-26,-1.3772853141313373,-0.21573281617091303,,,,,,,,,,,,,,,,,,,,,,,
reg,,,1006.0,,,,cc5,C,1,raw,XLU,HYG,2020-23,26.527167535211458,1.1446620355864128,,,,,,,,,,,,,,,,,,,,,,,
reg,,,681.0,,,,cc5,C,1,raw,XLU,HYG,2024-26,-12.391720104182921,-1.7261087750464712,,,,,,,,,,,,,,,,,,,,,,,
reg,,,752.0,,,,cc5,C,1,raw,XLU,BTC,2020-23,3.5516347605862135,0.44670741042060236,,,,,,,,,,,,,,,,,,,,,,,
reg,,,681.0,,,,cc5,C,1,raw,XLU,BTC,2024-26,-7.9877388191064735,-1.1403718378678729,,,,,,,,,,,,,,,,,,,,,,,
reg,,,1006.0,,,,cc5,C,1,raw,XLU,VIX,2020-23,-26.98669284980694,-1.8084066681903588,,,,,,,,,,,,,,,,,,,,,,,
reg,,,681.0,,,,cc5,C,1,raw,XLU,VIX,2024-26,6.774163466910731,0.8997285590494634,,,,,,,,,,,,,,,,,,,,,,,
reg,,,1006.0,,,,cc5,C,1,raw,XLU,SPY,2020-23,16.697031649052843,0.9310672180904322,,,,,,,,,,,,,,,,,,,,,,,
reg,,,681.0,,,,cc5,C,1,raw,XLU,SPY,2024-26,-11.286907378675656,-1.612668573077648,,,,,,,,,,,,,,,,,,,,,,,
reg,,,1006.0,,,,cc5,C,1,raw,XLB,TLT,2020-23,12.119777502272212,0.7740065695990237,,,,,,,,,,,,,,,,,,,,,,,
reg,,,681.0,,,,cc5,C,1,raw,XLB,TLT,2024-26,-14.96819663406972,-1.2394144805816103,,,,,,,,,,,,,,,,,,,,,,,
reg,,,1006.0,,,,cc5,C,1,raw,XLB,UUP,2020-23,22.331215663166375,1.7984379430816555,,,,,,,,,,,,,,,,,,,,,,,
reg,,,681.0,,,,cc5,C,1,raw,XLB,UUP,2024-26,-4.684476338386688,-0.47090867244020573,,,,,,,,,,,,,,,,,,,,,,,
reg,,,1006.0,,,,cc5,C,1,raw,XLB,USO,2020-23,7.86975236552006,0.29327494745551297,,,,,,,,,,,,,,,,,,,,,,,
reg,,,681.0,,,,cc5,C,1,raw,XLB,USO,2024-26,-7.706150453327505,-0.73425030095292,,,,,,,,,,,,,,,,,,,,,,,
reg,,,1006.0,,,,cc5,C,1,raw,XLB,GLD,2020-23,9.748373028693539,0.5669139984505838,,,,,,,,,,,,,,,,,,,,,,,
reg,,,681.0,,,,cc5,C,1,raw,XLB,GLD,2024-26,-6.3643155192298035,-0.7182174401013948,,,,,,,,,,,,,,,,,,,,,,,
reg,,,1006.0,,,,cc5,C,1,raw,XLB,HYG,2020-23,-2.8320339810886033,-0.12079285562440713,,,,,,,,,,,,,,,,,,,,,,,
reg,,,681.0,,,,cc5,C,1,raw,XLB,HYG,2024-26,-6.676712660742522,-0.6365720754736904,,,,,,,,,,,,,,,,,,,,,,,
reg,,,752.0,,,,cc5,C,1,raw,XLB,BTC,2020-23,7.402397723277632,0.8659770582646988,,,,,,,,,,,,,,,,,,,,,,,
reg,,,681.0,,,,cc5,C,1,raw,XLB,BTC,2024-26,-8.851904737541853,-1.0547454450921785,,,,,,,,,,,,,,,,,,,,,,,
reg,,,1006.0,,,,cc5,C,1,raw,XLB,VIX,2020-23,-4.695677935477647,-0.3778155506791357,,,,,,,,,,,,,,,,,,,,,,,
reg,,,681.0,,,,cc5,C,1,raw,XLB,VIX,2024-26,5.9209019412410315,0.6396418126424891,,,,,,,,,,,,,,,,,,,,,,,
reg,,,1006.0,,,,cc5,C,1,raw,XLB,SPY,2020-23,-4.966001654982223,-0.27390355899116997,,,,,,,,,,,,,,,,,,,,,,,
reg,,,681.0,,,,cc5,C,1,raw,XLB,SPY,2024-26,-14.785662446931628,-1.6442597254263949,,,,,,,,,,,,,,,,,,,,,,,
reg,,,1006.0,,,,cc5,C,1,raw,XLRE,TLT,2020-23,31.99053057147146,1.7898856470010314,,,,,,,,,,,,,,,,,,,,,,,
reg,,,681.0,,,,cc5,C,1,raw,XLRE,TLT,2024-26,-11.837461437553646,-1.0592254357685027,,,,,,,,,,,,,,,,,,,,,,,
reg,,,1006.0,,,,cc5,C,1,raw,XLRE,UUP,2020-23,-2.524691139905074,-0.19600582575972614,,,,,,,,,,,,,,,,,,,,,,,
reg,,,681.0,,,,cc5,C,1,raw,XLRE,UUP,2024-26,6.888288531643559,0.7019021708460149,,,,,,,,,,,,,,,,,,,,,,,
reg,,,1006.0,,,,cc5,C,1,raw,XLRE,USO,2020-23,28.118227409033864,1.1022154793540848,,,,,,,,,,,,,,,,,,,,,,,
reg,,,681.0,,,,cc5,C,1,raw,XLRE,USO,2024-26,6.817892378896558,0.8099080782402247,,,,,,,,,,,,,,,,,,,,,,,
reg,,,1006.0,,,,cc5,C,1,raw,XLRE,GLD,2020-23,36.151036014879,1.4928763867134154,,,,,,,,,,,,,,,,,,,,,,,
reg,,,681.0,,,,cc5,C,1,raw,XLRE,GLD,2024-26,8.836668012218329,1.2125856422586225,,,,,,,,,,,,,,,,,,,,,,,
reg,,,1006.0,,,,cc5,C,1,raw,XLRE,HYG,2020-23,15.238492128268426,0.6104217204272577,,,,,,,,,,,,,,,,,,,,,,,
reg,,,681.0,,,,cc5,C,1,raw,XLRE,HYG,2024-26,-6.681695085351073,-0.8621444881640145,,,,,,,,,,,,,,,,,,,,,,,
reg,,,752.0,,,,cc5,C,1,raw,XLRE,BTC,2020-23,-5.394778538711593,-0.616749159065352,,,,,,,,,,,,,,,,,,,,,,,
reg,,,681.0,,,,cc5,C,1,raw,XLRE,BTC,2024-26,-17.128627412967347,-2.348794818373543,,,,,,,,,,,,,,,,,,,,,,,
reg,,,1006.0,,,,cc5,C,1,raw,XLRE,VIX,2020-23,-26.672385590334972,-1.5244457673023715,,,,,,,,,,,,,,,,,,,,,,,
reg,,,681.0,,,,cc5,C,1,raw,XLRE,VIX,2024-26,5.912010968122454,0.799002207553621,,,,,,,,,,,,,,,,,,,,,,,
reg,,,1006.0,,,,cc5,C,1,raw,XLRE,SPY,2020-23,9.790428117292278,0.5046716721428712,,,,,,,,,,,,,,,,,,,,,,,
reg,,,681.0,,,,cc5,C,1,raw,XLRE,SPY,2024-26,-6.709929471093548,-0.9052204272889396,,,,,,,,,,,,,,,,,,,,,,,
reg,,,1006.0,,,,cc5,C,1,raw,XLC,TLT,2020-23,17.420769309083532,1.4301875531643846,,,,,,,,,,,,,,,,,,,,,,,
reg,,,681.0,,,,cc5,C,1,raw,XLC,TLT,2024-26,-1.535167775642625,-0.15913193468954054,,,,,,,,,,,,,,,,,,,,,,,
reg,,,1006.0,,,,cc5,C,1,raw,XLC,UUP,2020-23,2.3612937242474255,0.1925793742279372,,,,,,,,,,,,,,,,,,,,,,,
reg,,,681.0,,,,cc5,C,1,raw,XLC,UUP,2024-26,-3.690831926707514,-0.40592532784657076,,,,,,,,,,,,,,,,,,,,,,,
reg,,,1006.0,,,,cc5,C,1,raw,XLC,USO,2020-23,-1.7184127755831375,-0.09848492374042327,,,,,,,,,,,,,,,,,,,,,,,
reg,,,681.0,,,,cc5,C,1,raw,XLC,USO,2024-26,-2.875088534483175,-0.27691662169085113,,,,,,,,,,,,,,,,,,,,,,,
reg,,,1006.0,,,,cc5,C,1,raw,XLC,GLD,2020-23,10.25597178501947,0.7268274655951441,,,,,,,,,,,,,,,,,,,,,,,
reg,,,681.0,,,,cc5,C,1,raw,XLC,GLD,2024-26,12.054457955478455,1.2688103972852933,,,,,,,,,,,,,,,,,,,,,,,
reg,,,1006.0,,,,cc5,C,1,raw,XLC,HYG,2020-23,2.403190605859128,0.15413109346905202,,,,,,,,,,,,,,,,,,,,,,,
reg,,,681.0,,,,cc5,C,1,raw,XLC,HYG,2024-26,-6.728012880323572,-0.5623869861955229,,,,,,,,,,,,,,,,,,,,,,,
reg,,,752.0,,,,cc5,C,1,raw,XLC,BTC,2020-23,-14.961714841258654,-1.3323491042413496,,,,,,,,,,,,,,,,,,,,,,,
reg,,,681.0,,,,cc5,C,1,raw,XLC,BTC,2024-26,-2.89476095574286,-0.3815913372166771,,,,,,,,,,,,,,,,,,,,,,,
reg,,,1006.0,,,,cc5,C,1,raw,XLC,VIX,2020-23,-3.456495248548039,-0.27928492243897796,,,,,,,,,,,,,,,,,,,,,,,
reg,,,681.0,,,,cc5,C,1,raw,XLC,VIX,2024-26,-1.1125131586942438,-0.13011710939696183,,,,,,,,,,,,,,,,,,,,,,,
reg,,,1006.0,,,,cc5,C,1,raw,XLC,SPY,2020-23,-10.47066258307116,-0.834670790857063,,,,,,,,,,,,,,,,,,,,,,,
reg,,,681.0,,,,cc5,C,1,raw,XLC,SPY,2024-26,-11.151800214096268,-0.9551470961458556,,,,,,,,,,,,,,,,,,,,,,,
reg,,,1006.0,,,,cc5,C,1,raw,SMH,TLT,2020-23,31.711524467413945,1.9139567696837974,,,,,,,,,,,,,,,,,,,,,,,
reg,,,681.0,,,,cc5,C,1,raw,SMH,TLT,2024-26,-1.3152902852261295,-0.07051258862640236,,,,,,,,,,,,,,,,,,,,,,,
reg,,,1006.0,,,,cc5,C,1,raw,SMH,UUP,2020-23,12.623692770591596,0.7026522145182788,,,,,,,,,,,,,,,,,,,,,,,
reg,,,681.0,,,,cc5,C,1,raw,SMH,UUP,2024-26,7.206142421561944,0.41183777082743533,,,,,,,,,,,,,,,,,,,,,,,
reg,,,1006.0,,,,cc5,C,1,raw,SMH,USO,2020-23,-14.16709885111461,-0.5517851434325858,,,,,,,,,,,,,,,,,,,,,,,
reg,,,681.0,,,,cc5,C,1,raw,SMH,USO,2024-26,0.25202407403996624,0.01169894351960157,,,,,,,,,,,,,,,,,,,,,,,
reg,,,1006.0,,,,cc5,C,1,raw,SMH,GLD,2020-23,5.8389333129426575,0.339576334937551,,,,,,,,,,,,,,,,,,,,,,,
reg,,,681.0,,,,cc5,C,1,raw,SMH,GLD,2024-26,-25.232727487638122,-1.5455535390414723,,,,,,,,,,,,,,,,,,,,,,,
reg,,,1006.0,,,,cc5,C,1,raw,SMH,HYG,2020-23,-12.840536859420212,-0.43511035841025925,,,,,,,,,,,,,,,,,,,,,,,
reg,,,681.0,,,,cc5,C,1,raw,SMH,HYG,2024-26,-15.674824814685447,-0.6310044412574678,,,,,,,,,,,,,,,,,,,,,,,
reg,,,752.0,,,,cc5,C,1,raw,SMH,BTC,2020-23,-22.91596370263811,-1.4905039771473416,,,,,,,,,,,,,,,,,,,,,,,
reg,,,681.0,,,,cc5,C,1,raw,SMH,BTC,2024-26,-13.409619611725468,-0.7598790328863488,,,,,,,,,,,,,,,,,,,,,,,
reg,,,1006.0,,,,cc5,C,1,raw,SMH,VIX,2020-23,-6.930771296427454,-0.445893937213349,,,,,,,,,,,,,,,,,,,,,,,
reg,,,681.0,,,,cc5,C,1,raw,SMH,VIX,2024-26,7.072120723349698,0.3971995929825255,,,,,,,,,,,,,,,,,,,,,,,
reg,,,1006.0,,,,cc5,C,1,raw,SMH,SPY,2020-23,-25.379588449787327,-1.2088594269817974,,,,,,,,,,,,,,,,,,,,,,,
reg,,,681.0,,,,cc5,C,1,raw,SMH,SPY,2024-26,-48.27537549556128,-2.4205539344892935,,,,,,,,,,,,,,,,,,,,,,,
reg,,,1006.0,,,,cc5,C,1,raw,XBI,TLT,2020-23,14.667954103859545,0.7645375792339344,,,,,,,,,,,,,,,,,,,,,,,
reg,,,681.0,,,,cc5,C,1,raw,XBI,TLT,2024-26,-17.334375652097272,-1.1119930474695772,,,,,,,,,,,,,,,,,,,,,,,
reg,,,1006.0,,,,cc5,C,1,raw,XBI,UUP,2020-23,24.64350567257725,1.6038244881981971,,,,,,,,,,,,,,,,,,,,,,,
reg,,,681.0,,,,cc5,C,1,raw,XBI,UUP,2024-26,3.9041814026100052,0.24387718201980518,,,,,,,,,,,,,,,,,,,,,,,
reg,,,1006.0,,,,cc5,C,1,raw,XBI,USO,2020-23,-13.038434012554681,-0.4169553147152062,,,,,,,,,,,,,,,,,,,,,,,
reg,,,681.0,,,,cc5,C,1,raw,XBI,USO,2024-26,-2.5011236931757437,-0.16916561604086072,,,,,,,,,,,,,,,,,,,,,,,
reg,,,1006.0,,,,cc5,C,1,raw,XBI,GLD,2020-23,4.898141831255854,0.2801307621951451,,,,,,,,,,,,,,,,,,,,,,,
reg,,,681.0,,,,cc5,C,1,raw,XBI,GLD,2024-26,-7.658520417885084,-0.6285748034839106,,,,,,,,,,,,,,,,,,,,,,,
reg,,,1006.0,,,,cc5,C,1,raw,XBI,HYG,2020-23,-11.501137869481006,-0.4037567353278337,,,,,,,,,,,,,,,,,,,,,,,
reg,,,681.0,,,,cc5,C,1,raw,XBI,HYG,2024-26,-14.057185996224383,-1.1569149102545238,,,,,,,,,,,,,,,,,,,,,,,
reg,,,752.0,,,,cc5,C,1,raw,XBI,BTC,2020-23,-47.10711196258419,-2.891463500995155,,,,,,,,,,,,,,,,,,,,,,,
reg,,,681.0,,,,cc5,C,1,raw,XBI,BTC,2024-26,-33.38802941654692,-2.3386825255030677,,,,,,,,,,,,,,,,,,,,,,,
reg,,,1006.0,,,,cc5,C,1,raw,XBI,VIX,2020-23,-3.0566382857330736,-0.19467219367724664,,,,,,,,,,,,,,,,,,,,,,,
reg,,,681.0,,,,cc5,C,1,raw,XBI,VIX,2024-26,4.219899652819365,0.3345556919532676,,,,,,,,,,,,,,,,,,,,,,,
reg,,,1006.0,,,,cc5,C,1,raw,XBI,SPY,2020-23,-16.7578069162634,-0.7871399522341964,,,,,,,,,,,,,,,,,,,,,,,
reg,,,681.0,,,,cc5,C,1,raw,XBI,SPY,2024-26,-23.684868975270113,-1.7282948258939814,,,,,,,,,,,,,,,,,,,,,,,
reg,,,1006.0,,,,cc5,C,1,raw,KRE,TLT,2020-23,9.532895029568964,0.4595705958446052,,,,,,,,,,,,,,,,,,,,,,,
reg,,,681.0,,,,cc5,C,1,raw,KRE,TLT,2024-26,-31.47236708167018,-1.9124395711738946,,,,,,,,,,,,,,,,,,,,,,,
reg,,,1006.0,,,,cc5,C,1,raw,KRE,UUP,2020-23,19.536621376511054,1.0397500327513194,,,,,,,,,,,,,,,,,,,,,,,
reg,,,681.0,,,,cc5,C,1,raw,KRE,UUP,2024-26,11.103222094766812,0.7337149877097674,,,,,,,,,,,,,,,,,,,,,,,
reg,,,1006.0,,,,cc5,C,1,raw,KRE,USO,2020-23,14.17331289653471,0.41271492212773075,,,,,,,,,,,,,,,,,,,,,,,
reg,,,681.0,,,,cc5,C,1,raw,KRE,USO,2024-26,16.006464253286936,1.1976247777018463,,,,,,,,,,,,,,,,,,,,,,,
reg,,,1006.0,,,,cc5,C,1,raw,KRE,GLD,2020-23,22.03938376771319,0.9807621759003886,,,,,,,,,,,,,,,,,,,,,,,
reg,,,681.0,,,,cc5,C,1,raw,KRE,GLD,2024-26,-17.424340024534047,-1.4514938008731475,,,,,,,,,,,,,,,,,,,,,,,
reg,,,1006.0,,,,cc5,C,1,raw,KRE,HYG,2020-23,-10.000009076786187,-0.3567764235145197,,,,,,,,,,,,,,,,,,,,,,,
reg,,,681.0,,,,cc5,C,1,raw,KRE,HYG,2024-26,-19.078450575549354,-1.726450280135275,,,,,,,,,,,,,,,,,,,,,,,
reg,,,752.0,,,,cc5,C,1,raw,KRE,BTC,2020-23,7.0544639467632395,0.5366367768538679,,,,,,,,,,,,,,,,,,,,,,,
reg,,,681.0,,,,cc5,C,1,raw,KRE,BTC,2024-26,-36.01241288804549,-2.7535289799335234,,,,,,,,,,,,,,,,,,,,,,,
reg,,,1006.0,,,,cc5,C,1,raw,KRE,VIX,2020-23,-5.849453467800289,-0.31374282168270173,,,,,,,,,,,,,,,,,,,,,,,
reg,,,681.0,,,,cc5,C,1,raw,KRE,VIX,2024-26,-3.9735563202850925,-0.34648700183244313,,,,,,,,,,,,,,,,,,,,,,,
reg,,,1006.0,,,,cc5,C,1,raw,KRE,SPY,2020-23,-3.5865093532143306,-0.16918258064865704,,,,,,,,,,,,,,,,,,,,,,,
reg,,,681.0,,,,cc5,C,1,raw,KRE,SPY,2024-26,-23.441916557173286,-1.905898095699081,,,,,,,,,,,,,,,,,,,,,,,
reg,,,1006.0,,,,cc5,C,1,excess,XLK,TLT,2020-23,10.007363845962866,2.1376820128054717,,,,,,,,,,,,,,,,,,,,,,,
reg,,,681.0,,,,cc5,C,1,excess,XLK,TLT,2024-26,5.149048045667712,0.7849288337251162,,,,,,,,,,,,,,,,,,,,,,,
reg,,,1006.0,,,,cc5,C,1,excess,XLK,UUP,2020-23,-2.9458947517661542,-0.6144884807459255,,,,,,,,,,,,,,,,,,,,,,,
reg,,,681.0,,,,cc5,C,1,excess,XLK,UUP,2024-26,-1.2548075622307584,-0.20606458030071984,,,,,,,,,,,,,,,,,,,,,,,
reg,,,1006.0,,,,cc5,C,1,excess,XLK,USO,2020-23,-12.69429218407845,-2.7886247302749085,,,,,,,,,,,,,,,,,,,,,,,
reg,,,681.0,,,,cc5,C,1,excess,XLK,USO,2024-26,-3.397982866108354,-0.39475093376640846,,,,,,,,,,,,,,,,,,,,,,,
reg,,,1006.0,,,,cc5,C,1,excess,XLK,GLD,2020-23,-3.4873619668014384,-0.7213415781721563,,,,,,,,,,,,,,,,,,,,,,,
reg,,,681.0,,,,cc5,C,1,excess,XLK,GLD,2024-26,-5.735851280337928,-0.9869610344876649,,,,,,,,,,,,,,,,,,,,,,,
reg,,,1006.0,,,,cc5,C,1,excess,XLK,HYG,2020-23,-8.794967192660739,-1.5062431249161123,,,,,,,,,,,,,,,,,,,,,,,
reg,,,681.0,,,,cc5,C,1,excess,XLK,HYG,2024-26,1.806457558925758,0.24343759176184152,,,,,,,,,,,,,,,,,,,,,,,
reg,,,752.0,,,,cc5,C,1,excess,XLK,BTC,2020-23,-9.18703418052159,-2.037927056424349,,,,,,,,,,,,,,,,,,,,,,,
reg,,,681.0,,,,cc5,C,1,excess,XLK,BTC,2024-26,2.4289286889910127,0.3523176479978432,,,,,,,,,,,,,,,,,,,,,,,
reg,,,1006.0,,,,cc5,C,1,excess,XLK,VIX,2020-23,5.081897768927691,1.3626621001138433,,,,,,,,,,,,,,,,,,,,,,,
reg,,,681.0,,,,cc5,C,1,excess,XLK,VIX,2024-26,-2.3215105472439763,-0.34359773837062435,,,,,,,,,,,,,,,,,,,,,,,
reg,,,1006.0,,,,cc5,C,1,excess,XLK,SPY,2020-23,-14.241529379343547,-3.309198592948908,,,,,,,,,,,,,,,,,,,,,,,
reg,,,681.0,,,,cc5,C,1,excess,XLK,SPY,2024-26,-6.652767155821811,-0.9972369354125133,,,,,,,,,,,,,,,,,,,,,,,
reg,,,1006.0,,,,cc5,C,1,excess,XLF,TLT,2020-23,-7.032994406765055,-1.1926361525397093,,,,,,,,,,,,,,,,,,,,,,,
reg,,,681.0,,,,cc5,C,1,excess,XLF,TLT,2024-26,-8.827355217001703,-1.4957574623253607,,,,,,,,,,,,,,,,,,,,,,,
reg,,,1006.0,,,,cc5,C,1,excess,XLF,UUP,2020-23,5.114088270553676,0.7121670310163817,,,,,,,,,,,,,,,,,,,,,,,
reg,,,681.0,,,,cc5,C,1,excess,XLF,UUP,2024-26,2.893713957671164,0.4999646517500883,,,,,,,,,,,,,,,,,,,,,,,
reg,,,1006.0,,,,cc5,C,1,excess,XLF,USO,2020-23,10.870580643741654,1.330850462910149,,,,,,,,,,,,,,,,,,,,,,,
reg,,,681.0,,,,cc5,C,1,excess,XLF,USO,2024-26,4.441935416659942,0.6867584731815766,,,,,,,,,,,,,,,,,,,,,,,
reg,,,1006.0,,,,cc5,C,1,excess,XLF,GLD,2020-23,3.284583094987828,0.4589056870526639,,,,,,,,,,,,,,,,,,,,,,,
reg,,,681.0,,,,cc5,C,1,excess,XLF,GLD,2024-26,-2.264142241937403,-0.41255989241113133,,,,,,,,,,,,,,,,,,,,,,,
reg,,,1006.0,,,,cc5,C,1,excess,XLF,HYG,2020-23,-11.656881151820757,-1.1203135200723109,,,,,,,,,,,,,,,,,,,,,,,
reg,,,681.0,,,,cc5,C,1,excess,XLF,HYG,2024-26,-2.384852395391033,-0.3844161883323068,,,,,,,,,,,,,,,,,,,,,,,
reg,,,752.0,,,,cc5,C,1,excess,XLF,BTC,2020-23,8.906743855148326,1.4741418946064042,,,,,,,,,,,,,,,,,,,,,,,
reg,,,681.0,,,,cc5,C,1,excess,XLF,BTC,2024-26,-2.5023501124146845,-0.4084963590052991,,,,,,,,,,,,,,,,,,,,,,,
reg,,,1006.0,,,,cc5,C,1,excess,XLF,VIX,2020-23,-0.34082524263830555,-0.05588895170090615,,,,,,,,,,,,,,,,,,,,,,,
reg,,,681.0,,,,cc5,C,1,excess,XLF,VIX,2024-26,-0.3062910160109577,-0.06398953720221245,,,,,,,,,,,,,,,,,,,,,,,
reg,,,1006.0,,,,cc5,C,1,excess,XLF,SPY,2020-23,1.4443248428194937,0.19185338038775668,,,,,,,,,,,,,,,,,,,,,,,
reg,,,681.0,,,,cc5,C,1,excess,XLF,SPY,2024-26,3.9938762281864975,0.6931105652810601,,,,,,,,,,,,,,,,,,,,,,,
reg,,,1006.0,,,,cc5,C,1,excess,XLE,TLT,2020-23,-20.043793526652458,-1.1595681668154771,,,,,,,,,,,,,,,,,,,,,,,
reg,,,681.0,,,,cc5,C,1,excess,XLE,TLT,2024-26,-11.289694235300272,-1.0042692015813564,,,,,,,,,,,,,,,,,,,,,,,
reg,,,1006.0,,,,cc5,C,1,excess,XLE,UUP,2020-23,38.22878389596233,2.193633669602244,,,,,,,,,,,,,,,,,,,,,,,
reg,,,681.0,,,,cc5,C,1,excess,XLE,UUP,2024-26,-7.339975107396004,-0.521022407258023,,,,,,,,,,,,,,,,,,,,,,,
reg,,,1006.0,,,,cc5,C,1,excess,XLE,USO,2020-23,5.777500791212401,0.25576309010539616,,,,,,,,,,,,,,,,,,,,,,,
reg,,,681.0,,,,cc5,C,1,excess,XLE,USO,2024-26,8.29244821216443,0.5381842471890977,,,,,,,,,,,,,,,,,,,,,,,
reg,,,1006.0,,,,cc5,C,1,excess,XLE,GLD,2020-23,-19.17486256032112,-1.1142442375365882,,,,,,,,,,,,,,,,,,,,,,,
reg,,,681.0,,,,cc5,C,1,excess,XLE,GLD,2024-26,-2.23364418067543,-0.14976755857297644,,,,,,,,,,,,,,,,,,,,,,,
reg,,,1006.0,,,,cc5,C,1,excess,XLE,HYG,2020-23,-0.4712955371507952,-0.01916581665972735,,,,,,,,,,,,,,,,,,,,,,,
reg,,,681.0,,,,cc5,C,1,excess,XLE,HYG,2024-26,-1.833197879023357,-0.12644823420607296,,,,,,,,,,,,,,,,,,,,,,,
reg,,,752.0,,,,cc5,C,1,excess,XLE,BTC,2020-23,11.490387918790335,0.6211575605872541,,,,,,,,,,,,,,,,,,,,,,,
reg,,,681.0,,,,cc5,C,1,excess,XLE,BTC,2024-26,-2.1188887296888206,-0.18597965147593903,,,,,,,,,,,,,,,,,,,,,,,
reg,,,1006.0,,,,cc5,C,1,excess,XLE,VIX,2020-23,-9.169823321981628,-0.6930041314789672,,,,,,,,,,,,,,,,,,,,,,,
reg,,,681.0,,,,cc5,C,1,excess,XLE,VIX,2024-26,-16.79011493139125,-1.2726695275573532,,,,,,,,,,,,,,,,,,,,,,,
reg,,,1006.0,,,,cc5,C,1,excess,XLE,SPY,2020-23,13.33082664213401,0.5901687197552693,,,,,,,,,,,,,,,,,,,,,,,
reg,,,681.0,,,,cc5,C,1,excess,XLE,SPY,2024-26,10.225841162182826,0.7191827683248057,,,,,,,,,,,,,,,,,,,,,,,
reg,,,1006.0,,,,cc5,C,1,excess,XLV,TLT,2020-23,-0.11106729018035248,-0.021610967693984098,,,,,,,,,,,,,,,,,,,,,,,
reg,,,681.0,,,,cc5,C,1,excess,XLV,TLT,2024-26,5.283842145758736,0.7588966504835261,,,,,,,,,,,,,,,,,,,,,,,
reg,,,1006.0,,,,cc5,C,1,excess,XLV,UUP,2020-23,-9.470059861448092,-1.2557360247535514,,,,,,,,,,,,,,,,,,,,,,,
reg,,,681.0,,,,cc5,C,1,excess,XLV,UUP,2024-26,5.684107891934961,0.6206540757246863,,,,,,,,,,,,,,,,,,,,,,,
reg,,,1006.0,,,,cc5,C,1,excess,XLV,USO,2020-23,2.764799021707799,0.35143466457638756,,,,,,,,,,,,,,,,,,,,,,,
reg,,,681.0,,,,cc5,C,1,excess,XLV,USO,2024-26,-0.41116290166775593,-0.03977738748468667,,,,,,,,,,,,,,,,,,,,,,,
reg,,,1006.0,,,,cc5,C,1,excess,XLV,GLD,2020-23,3.5692001349727147,0.6341897900368693,,,,,,,,,,,,,,,,,,,,,,,
reg,,,681.0,,,,cc5,C,1,excess,XLV,GLD,2024-26,1.1450044503784949,0.13942411171791966,,,,,,,,,,,,,,,,,,,,,,,
reg,,,1006.0,,,,cc5,C,1,excess,XLV,HYG,2020-23,12.337888205850364,1.238293391366473,,,,,,,,,,,,,,,,,,,,,,,
reg,,,681.0,,,,cc5,C,1,excess,XLV,HYG,2024-26,5.6218489396523434,0.5260510313193765,,,,,,,,,,,,,,,,,,,,,,,
reg,,,752.0,,,,cc5,C,1,excess,XLV,BTC,2020-23,2.9041748081098224,0.508809874044595,,,,,,,,,,,,,,,,,,,,,,,
reg,,,681.0,,,,cc5,C,1,excess,XLV,BTC,2024-26,-12.047861864272365,-1.3383054889013648,,,,,,,,,,,,,,,,,,,,,,,
reg,,,1006.0,,,,cc5,C,1,excess,XLV,VIX,2020-23,-1.199834244580169,-0.24269051440990466,,,,,,,,,,,,,,,,,,,,,,,
reg,,,681.0,,,,cc5,C,1,excess,XLV,VIX,2024-26,5.620263673640159,0.7327458152628002,,,,,,,,,,,,,,,,,,,,,,,
reg,,,1006.0,,,,cc5,C,1,excess,XLV,SPY,2020-23,7.2136906390202435,0.9855851932422447,,,,,,,,,,,,,,,,,,,,,,,
reg,,,681.0,,,,cc5,C,1,excess,XLV,SPY,2024-26,9.322741891088242,0.8877904485426256,,,,,,,,,,,,,,,,,,,,,,,
reg,,,1006.0,,,,cc5,C,1,excess,XLI,TLT,2020-23,-3.876080336694234,-0.7304407514864004,,,,,,,,,,,,,,,,,,,,,,,
reg,,,681.0,,,,cc5,C,1,excess,XLI,TLT,2024-26,0.1725541055229756,0.034624205454722376,,,,,,,,,,,,,,,,,,,,,,,
reg,,,1006.0,,,,cc5,C,1,excess,XLI,UUP,2020-23,10.292496643305643,1.816408151566177,,,,,,,,,,,,,,,,,,,,,,,
reg,,,681.0,,,,cc5,C,1,excess,XLI,UUP,2024-26,0.6031172479608283,0.11228467472765173,,,,,,,,,,,,,,,,,,,,,,,
reg,,,1006.0,,,,cc5,C,1,excess,XLI,USO,2020-23,8.616665505473168,1.1929134086245345,,,,,,,,,,,,,,,,,,,,,,,
reg,,,681.0,,,,cc5,C,1,excess,XLI,USO,2024-26,1.6765628480468384,0.2549185720830838,,,,,,,,,,,,,,,,,,,,,,,
reg,,,1006.0,,,,cc5,C,1,excess,XLI,GLD,2020-23,7.398214020528387,1.1349914539739434,,,,,,,,,,,,,,,,,,,,,,,
reg,,,681.0,,,,cc5,C,1,excess,XLI,GLD,2024-26,-2.3402569762804317,-0.3786101659832163,,,,,,,,,,,,,,,,,,,,,,,
reg,,,1006.0,,,,cc5,C,1,excess,XLI,HYG,2020-23,-0.4670031615385797,-0.045850679654580756,,,,,,,,,,,,,,,,,,,,,,,
reg,,,681.0,,,,cc5,C,1,excess,XLI,HYG,2024-26,-0.11701767427021727,-0.031008573356020964,,,,,,,,,,,,,,,,,,,,,,,
reg,,,752.0,,,,cc5,C,1,excess,XLI,BTC,2020-23,12.442995741882381,2.676986301886862,,,,,,,,,,,,,,,,,,,,,,,
reg,,,681.0,,,,cc5,C,1,excess,XLI,BTC,2024-26,-7.231540066074577,-1.335389208117062,,,,,,,,,,,,,,,,,,,,,,,
reg,,,1006.0,,,,cc5,C,1,excess,XLI,VIX,2020-23,-2.7659703324689184,-0.5423762927208646,,,,,,,,,,,,,,,,,,,,,,,
reg,,,681.0,,,,cc5,C,1,excess,XLI,VIX,2024-26,4.06616070637383,0.9244169766637358,,,,,,,,,,,,,,,,,,,,,,,
reg,,,1006.0,,,,cc5,C,1,excess,XLI,SPY,2020-23,7.260174692135265,0.9641107809770734,,,,,,,,,,,,,,,,,,,,,,,
reg,,,681.0,,,,cc5,C,1,excess,XLI,SPY,2024-26,-1.848501363879161,-0.38117970394318484,,,,,,,,,,,,,,,,,,,,,,,
reg,,,1006.0,,,,cc5,C,1,excess,XLY,TLT,2020-23,-0.2542379203593451,-0.04475446799847258,,,,,,,,,,,,,,,,,,,,,,,
reg,,,681.0,,,,cc5,C,1,excess,XLY,TLT,2024-26,-5.612538879056058,-1.0272053134236279,,,,,,,,,,,,,,,,,,,,,,,
reg,,,1006.0,,,,cc5,C,1,excess,XLY,UUP,2020-23,10.227277372738339,1.3788959751952523,,,,,,,,,,,,,,,,,,,,,,,
reg,,,681.0,,,,cc5,C,1,excess,XLY,UUP,2024-26,4.490587794422565,0.8243564467122941,,,,,,,,,,,,,,,,,,,,,,,
reg,,,1006.0,,,,cc5,C,1,excess,XLY,USO,2020-23,-4.910307136459648,-0.5137483982610644,,,,,,,,,,,,,,,,,,,,,,,
reg,,,681.0,,,,cc5,C,1,excess,XLY,USO,2024-26,-5.217580175258933,-0.9146905333092161,,,,,,,,,,,,,,,,,,,,,,,
reg,,,1006.0,,,,cc5,C,1,excess,XLY,GLD,2020-23,-0.4218644519338203,-0.06772580995417835,,,,,,,,,,,,,,,,,,,,,,,
reg,,,681.0,,,,cc5,C,1,excess,XLY,GLD,2024-26,1.5468457979927592,0.2896092032904698,,,,,,,,,,,,,,,,,,,,,,,
reg,,,1006.0,,,,cc5,C,1,excess,XLY,HYG,2020-23,-6.688489471809603,-0.5669128789583487,,,,,,,,,,,,,,,,,,,,,,,
reg,,,681.0,,,,cc5,C,1,excess,XLY,HYG,2024-26,2.212527334611296,0.5057719685986161,,,,,,,,,,,,,,,,,,,,,,,
reg,,,752.0,,,,cc5,C,1,excess,XLY,BTC,2020-23,-2.401818467432786,-0.4412950478008569,,,,,,,,,,,,,,,,,,,,,,,
reg,,,681.0,,,,cc5,C,1,excess,XLY,BTC,2024-26,1.2612868290397838,0.21871949132944626,,,,,,,,,,,,,,,,,,,,,,,
reg,,,1006.0,,,,cc5,C,1,excess,XLY,VIX,2020-23,-1.4171138242764854,-0.26632162965785583,,,,,,,,,,,,,,,,,,,,,,,
reg,,,681.0,,,,cc5,C,1,excess,XLY,VIX,2024-26,-5.843042159977182,-1.3459827784599354,,,,,,,,,,,,,,,,,,,,,,,
reg,,,1006.0,,,,cc5,C,1,excess,XLY,SPY,2020-23,0.4785980317248503,0.05886692237597457,,,,,,,,,,,,,,,,,,,,,,,
reg,,,681.0,,,,cc5,C,1,excess,XLY,SPY,2024-26,-0.7854564940735194,-0.15572606316136867,,,,,,,,,,,,,,,,,,,,,,,
reg,,,1006.0,,,,cc5,C,1,excess,XLP,TLT,2020-23,-7.987213018622061,-1.1638034583419907,,,,,,,,,,,,,,,,,,,,,,,
reg,,,681.0,,,,cc5,C,1,excess,XLP,TLT,2024-26,-1.3882143182268294,-0.17649044778673065,,,,,,,,,,,,,,,,,,,,,,,
reg,,,1006.0,,,,cc5,C,1,excess,XLP,UUP,2020-23,-14.144858315779166,-1.2965260588517873,,,,,,,,,,,,,,,,,,,,,,,
reg,,,681.0,,,,cc5,C,1,excess,XLP,UUP,2024-26,1.6844436525359905,0.1859698337747685,,,,,,,,,,,,,,,,,,,,,,,
reg,,,1006.0,,,,cc5,C,1,excess,XLP,USO,2020-23,6.395159270344644,0.5856780317148382,,,,,,,,,,,,,,,,,,,,,,,
reg,,,681.0,,,,cc5,C,1,excess,XLP,USO,2024-26,2.764693182162387,0.28504741811048223,,,,,,,,,,,,,,,,,,,,,,,
reg,,,1006.0,,,,cc5,C,1,excess,XLP,GLD,2020-23,-2.9475117081156927,-0.4178644907669989,,,,,,,,,,,,,,,,,,,,,,,
reg,,,681.0,,,,cc5,C,1,excess,XLP,GLD,2024-26,8.926934056989893,0.88272868128335,,,,,,,,,,,,,,,,,,,,,,,
reg,,,1006.0,,,,cc5,C,1,excess,XLP,HYG,2020-23,17.936675651270406,1.3102366160002095,,,,,,,,,,,,,,,,,,,,,,,
reg,,,681.0,,,,cc5,C,1,excess,XLP,HYG,2024-26,1.977968576519559,0.1969194895800018,,,,,,,,,,,,,,,,,,,,,,,
reg,,,752.0,,,,cc5,C,1,excess,XLP,BTC,2020-23,5.894495645280559,1.0218490955432569,,,,,,,,,,,,,,,,,,,,,,,
reg,,,681.0,,,,cc5,C,1,excess,XLP,BTC,2024-26,-2.4845988140570654,-0.26339768180064865,,,,,,,,,,,,,,,,,,,,,,,
reg,,,1006.0,,,,cc5,C,1,excess,XLP,VIX,2020-23,-4.465469167694801,-0.6698054601440977,,,,,,,,,,,,,,,,,,,,,,,
reg,,,681.0,,,,cc5,C,1,excess,XLP,VIX,2024-26,1.0095391839761565,0.14621256451620562,,,,,,,,,,,,,,,,,,,,,,,
reg,,,1006.0,,,,cc5,C,1,excess,XLP,SPY,2020-23,10.187099275882897,1.0562974319588678,,,,,,,,,,,,,,,,,,,,,,,
reg,,,681.0,,,,cc5,C,1,excess,XLP,SPY,2024-26,15.781866882052212,1.720227247085132,,,,,,,,,,,,,,,,,,,,,,,
reg,,,1006.0,,,,cc5,C,1,excess,XLU,TLT,2020-23,5.837117160280295,0.4273038888428192,,,,,,,,,,,,,,,,,,,,,,,
reg,,,681.0,,,,cc5,C,1,excess,XLU,TLT,2024-26,-9.77634792242779,-1.041670865356678,,,,,,,,,,,,,,,,,,,,,,,
reg,,,1006.0,,,,cc5,C,1,excess,XLU,UUP,2020-23,-10.424511697835783,-1.0206390203726228,,,,,,,,,,,,,,,,,,,,,,,
reg,,,681.0,,,,cc5,C,1,excess,XLU,UUP,2024-26,15.712171257529675,1.3384787389375965,,,,,,,,,,,,,,,,,,,,,,,
reg,,,1006.0,,,,cc5,C,1,excess,XLU,USO,2020-23,31.35035890098673,2.8039594006220625,,,,,,,,,,,,,,,,,,,,,,,
reg,,,681.0,,,,cc5,C,1,excess,XLU,USO,2024-26,12.797086930782404,1.2026804689980655,,,,,,,,,,,,,,,,,,,,,,,
reg,,,1006.0,,,,cc5,C,1,excess,XLU,GLD,2020-23,18.732852308187095,1.8144867436705225,,,,,,,,,,,,,,,,,,,,,,,
reg,,,681.0,,,,cc5,C,1,excess,XLU,GLD,2024-26,3.0937384485675463,0.3507884207314194,,,,,,,,,,,,,,,,,,,,,,,
reg,,,1006.0,,,,cc5,C,1,excess,XLU,HYG,2020-23,19.39697100993961,1.7761129897039103,,,,,,,,,,,,,,,,,,,,,,,
reg,,,681.0,,,,cc5,C,1,excess,XLU,HYG,2024-26,-3.334883948204655,-0.27960052711779576,,,,,,,,,,,,,,,,,,,,,,,
reg,,,752.0,,,,cc5,C,1,excess,XLU,BTC,2020-23,12.630023977048166,1.6594241667249738,,,,,,,,,,,,,,,,,,,,,,,
reg,,,681.0,,,,cc5,C,1,excess,XLU,BTC,2024-26,-1.5068462740120212,-0.1736611567985529,,,,,,,,,,,,,,,,,,,,,,,
reg,,,1006.0,,,,cc5,C,1,excess,XLU,VIX,2020-23,-16.230350108616573,-2.054400314921223,,,,,,,,,,,,,,,,,,,,,,,
reg,,,681.0,,,,cc5,C,1,excess,XLU,VIX,2024-26,4.507461581109763,0.5611433501539612,,,,,,,,,,,,,,,,,,,,,,,
reg,,,1006.0,,,,cc5,C,1,excess,XLU,SPY,2020-23,20.018592741826623,2.5834463993459145,,,,,,,,,,,,,,,,,,,,,,,
reg,,,681.0,,,,cc5,C,1,excess,XLU,SPY,2024-26,5.8010900876034714,0.5025295820300263,,,,,,,,,,,,,,,,,,,,,,,
reg,,,1006.0,,,,cc5,C,1,excess,XLB,TLT,2020-23,-8.112968763260731,-1.4397383465416176,,,,,,,,,,,,,,,,,,,,,,,
reg,,,681.0,,,,cc5,C,1,excess,XLB,TLT,2024-26,-6.526581683000382,-1.0152320792686536,,,,,,,,,,,,,,,,,,,,,,,
reg,,,1006.0,,,,cc5,C,1,excess,XLB,UUP,2020-23,17.11822713144411,3.236009708156777,,,,,,,,,,,,,,,,,,,,,,,
reg,,,681.0,,,,cc5,C,1,excess,XLB,UUP,2024-26,-5.953645428832756,-0.764647139402135,,,,,,,,,,,,,,,,,,,,,,,
reg,,,1006.0,,,,cc5,C,1,excess,XLB,USO,2020-23,3.24275828253757,0.3170842904506897,,,,,,,,,,,,,,,,,,,,,,,
reg,,,681.0,,,,cc5,C,1,excess,XLB,USO,2024-26,-3.760333125111406,-0.41390913826572356,,,,,,,,,,,,,,,,,,,,,,,
reg,,,1006.0,,,,cc5,C,1,excess,XLB,GLD,2020-23,-4.571539052919564,-0.7507927231270397,,,,,,,,,,,,,,,,,,,,,,,
reg,,,681.0,,,,cc5,C,1,excess,XLB,GLD,2024-26,-1.893291756530919,-0.1910141937034595,,,,,,,,,,,,,,,,,,,,,,,
reg,,,1006.0,,,,cc5,C,1,excess,XLB,HYG,2020-23,-9.962230506360505,-1.2601538960627396,,,,,,,,,,,,,,,,,,,,,,,
reg,,,681.0,,,,cc5,C,1,excess,XLB,HYG,2024-26,2.3801234952357495,0.3410840652634083,,,,,,,,,,,,,,,,,,,,,,,
reg,,,752.0,,,,cc5,C,1,excess,XLB,BTC,2020-23,16.480786939739577,2.6077923774998837,,,,,,,,,,,,,,,,,,,,,,,
reg,,,681.0,,,,cc5,C,1,excess,XLB,BTC,2024-26,-2.371012192447396,-0.3130832316234538,,,,,,,,,,,,,,,,,,,,,,,
reg,,,1006.0,,,,cc5,C,1,excess,XLB,VIX,2020-23,6.060664805712737,1.258627360138122,,,,,,,,,,,,,,,,,,,,,,,
reg,,,681.0,,,,cc5,C,1,excess,XLB,VIX,2024-26,3.6542000554400653,0.5488605819933194,,,,,,,,,,,,,,,,,,,,,,,
reg,,,1006.0,,,,cc5,C,1,excess,XLB,SPY,2020-23,-1.6444405622084484,-0.26923575567516933,,,,,,,,,,,,,,,,,,,,,,,
reg,,,681.0,,,,cc5,C,1,excess,XLB,SPY,2024-26,2.3023350193475,0.28509652526737345,,,,,,,,,,,,,,,,,,,,,,,
reg,,,1006.0,,,,cc5,C,1,excess,XLRE,TLT,2020-23,11.757784305938511,1.5737454500949726,,,,,,,,,,,,,,,,,,,,,,,
reg,,,681.0,,,,cc5,C,1,excess,XLRE,TLT,2024-26,-3.395846486484303,-0.3883359342612968,,,,,,,,,,,,,,,,,,,,,,,
reg,,,1006.0,,,,cc5,C,1,excess,XLRE,UUP,2020-23,-7.737679671627353,-1.025900720259179,,,,,,,,,,,,,,,,,,,,,,,
reg,,,681.0,,,,cc5,C,1,excess,XLRE,UUP,2024-26,5.619119441197485,0.5706368511582385,,,,,,,,,,,,,,,,,,,,,,,
reg,,,1006.0,,,,cc5,C,1,excess,XLRE,USO,2020-23,23.49123332605137,2.4596345543403713,,,,,,,,,,,,,,,,,,,,,,,
reg,,,681.0,,,,cc5,C,1,excess,XLRE,USO,2024-26,10.763709707112659,1.1475402825245136,,,,,,,,,,,,,,,,,,,,,,,
reg,,,1006.0,,,,cc5,C,1,excess,XLRE,GLD,2020-23,21.83112393326586,1.9262374558565938,,,,,,,,,,,,,,,,,,,,,,,
reg,,,681.0,,,,cc5,C,1,excess,XLRE,GLD,2024-26,13.307691774917217,1.5767130875669861,,,,,,,,,,,,,,,,,,,,,,,
reg,,,1006.0,,,,cc5,C,1,excess,XLRE,HYG,2020-23,8.108295602996565,0.6717814259681602,,,,,,,,,,,,,,,,,,,,,,,
reg,,,681.0,,,,cc5,C,1,excess,XLRE,HYG,2024-26,2.3751410706272003,0.21820452708391969,,,,,,,,,,,,,,,,,,,,,,,
reg,,,752.0,,,,cc5,C,1,excess,XLRE,BTC,2020-23,3.6836106777503526,0.5851046395583926,,,,,,,,,,,,,,,,,,,,,,,
reg,,,681.0,,,,cc5,C,1,excess,XLRE,BTC,2024-26,-10.647734867872883,-1.178427339602101,,,,,,,,,,,,,,,,,,,,,,,
reg,,,1006.0,,,,cc5,C,1,excess,XLRE,VIX,2020-23,-15.916042849144606,-1.9074640726722583,,,,,,,,,,,,,,,,,,,,,,,
reg,,,681.0,,,,cc5,C,1,excess,XLRE,VIX,2024-26,3.6453090823214933,0.43602759346151887,,,,,,,,,,,,,,,,,,,,,,,
reg,,,1006.0,,,,cc5,C,1,excess,XLRE,SPY,2020-23,13.111989210066065,1.6653334352250506,,,,,,,,,,,,,,,,,,,,,,,
reg,,,681.0,,,,cc5,C,1,excess,XLRE,SPY,2024-26,10.378067995185607,0.9977616974220945,,,,,,,,,,,,,,,,,,,,,,,
reg,,,1006.0,,,,cc5,C,1,excess,XLC,TLT,2020-23,-2.8119769564493957,-0.4307374577373493,,,,,,,,,,,,,,,,,,,,,,,
reg,,,681.0,,,,cc5,C,1,excess,XLC,TLT,2024-26,6.906447175426721,1.518048691252781,,,,,,,,,,,,,,,,,,,,,,,
reg,,,1006.0,,,,cc5,C,1,excess,XLC,UUP,2020-23,-2.851694807474862,-0.4433217920887295,,,,,,,,,,,,,,,,,,,,,,,
reg,,,681.0,,,,cc5,C,1,excess,XLC,UUP,2024-26,-4.960001017153586,-0.9862611765350108,,,,,,,,,,,,,,,,,,,,,,,
reg,,,1006.0,,,,cc5,C,1,excess,XLC,USO,2020-23,-6.345406858565668,-1.2693152595745878,,,,,,,,,,,,,,,,,,,,,,,
reg,,,681.0,,,,cc5,C,1,excess,XLC,USO,2024-26,1.0707287937329395,0.1934893055481994,,,,,,,,,,,,,,,,,,,,,,,
reg,,,1006.0,,,,cc5,C,1,excess,XLC,GLD,2020-23,-4.063940296593639,-0.6030817063762942,,,,,,,,,,,,,,,,,,,,,,,
reg,,,681.0,,,,cc5,C,1,excess,XLC,GLD,2024-26,16.525481718177343,2.9363151254520456,,,,,,,,,,,,,,,,,,,,,,,
reg,,,1006.0,,,,cc5,C,1,excess,XLC,HYG,2020-23,-4.7270059194127425,-0.7451299825587837,,,,,,,,,,,,,,,,,,,,,,,
reg,,,681.0,,,,cc5,C,1,excess,XLC,HYG,2024-26,2.328823275654724,0.5655437560357122,,,,,,,,,,,,,,,,,,,,,,,
reg,,,752.0,,,,cc5,C,1,excess,XLC,BTC,2020-23,-5.8833256247967,-0.9109007820570286,,,,,,,,,,,,,,,,,,,,,,,
reg,,,681.0,,,,cc5,C,1,excess,XLC,BTC,2024-26,3.5861315893515955,0.7702911205277619,,,,,,,,,,,,,,,,,,,,,,,
reg,,,1006.0,,,,cc5,C,1,excess,XLC,VIX,2020-23,7.299847492642347,1.4715147737881225,,,,,,,,,,,,,,,,,,,,,,,
reg,,,681.0,,,,cc5,C,1,excess,XLC,VIX,2024-26,-3.3792150444952105,-0.8018312655643597,,,,,,,,,,,,,,,,,,,,,,,
reg,,,1006.0,,,,cc5,C,1,excess,XLC,SPY,2020-23,-7.14910149029738,-1.2811372918822503,,,,,,,,,,,,,,,,,,,,,,,
reg,,,681.0,,,,cc5,C,1,excess,XLC,SPY,2024-26,5.936197252182856,1.4815390145202012,,,,,,,,,,,,,,,,,,,,,,,
reg,,,1006.0,,,,cc5,C,1,excess,SMH,TLT,2020-23,11.478778201880989,1.5195228586547596,,,,,,,,,,,,,,,,,,,,,,,
reg,,,681.0,,,,cc5,C,1,excess,SMH,TLT,2024-26,7.126324665843206,0.6574665607629234,,,,,,,,,,,,,,,,,,,,,,,
reg,,,1006.0,,,,cc5,C,1,excess,SMH,UUP,2020-23,7.410704238869325,0.671672651031051,,,,,,,,,,,,,,,,,,,,,,,
reg,,,681.0,,,,cc5,C,1,excess,SMH,UUP,2024-26,5.936973331115864,0.5148913026261361,,,,,,,,,,,,,,,,,,,,,,,
reg,,,1006.0,,,,cc5,C,1,excess,SMH,USO,2020-23,-18.794092934097122,-1.800281520727278,,,,,,,,,,,,,,,,,,,,,,,
reg,,,681.0,,,,cc5,C,1,excess,SMH,USO,2024-26,4.197841402256071,0.29909414494255454,,,,,,,,,,,,,,,,,,,,,,,
reg,,,1006.0,,,,cc5,C,1,excess,SMH,GLD,2020-23,-8.48097876867044,-0.8910159357650768,,,,,,,,,,,,,,,,,,,,,,,
reg,,,681.0,,,,cc5,C,1,excess,SMH,GLD,2024-26,-20.76170372493924,-2.033852856484102,,,,,,,,,,,,,,,,,,,,,,,
reg,,,1006.0,,,,cc5,C,1,excess,SMH,HYG,2020-23,-19.970733384692075,-1.4094856676917475,,,,,,,,,,,,,,,,,,,,,,,
reg,,,681.0,,,,cc5,C,1,excess,SMH,HYG,2024-26,-6.6179886587071675,-0.49655461555522207,,,,,,,,,,,,,,,,,,,,,,,
reg,,,752.0,,,,cc5,C,1,excess,SMH,BTC,2020-23,-13.837574486176157,-1.2682601568407657,,,,,,,,,,,,,,,,,,,,,,,
reg,,,681.0,,,,cc5,C,1,excess,SMH,BTC,2024-26,-6.9287270666310175,-0.5520345031579833,,,,,,,,,,,,,,,,,,,,,,,
reg,,,1006.0,,,,cc5,C,1,excess,SMH,VIX,2020-23,3.8255714447629026,0.5381954042666379,,,,,,,,,,,,,,,,,,,,,,,
reg,,,681.0,,,,cc5,C,1,excess,SMH,VIX,2024-26,4.805418837548725,0.4414960665753377,,,,,,,,,,,,,,,,,,,,,,,
reg,,,1006.0,,,,cc5,C,1,excess,SMH,SPY,2020-23,-22.058027357013543,-2.3751204356327418,,,,,,,,,,,,,,,,,,,,,,,
reg,,,681.0,,,,cc5,C,1,excess,SMH,SPY,2024-26,-31.18737802928214,-2.6191300996666143,,,,,,,,,,,,,,,,,,,,,,,
reg,,,1006.0,,,,cc5,C,1,excess,XBI,TLT,2020-23,-5.564792161673407,-0.43578352345201293,,,,,,,,,,,,,,,,,,,,,,,
reg,,,681.0,,,,cc5,C,1,excess,XBI,TLT,2024-26,-8.892760701027926,-0.8314183531573975,,,,,,,,,,,,,,,,,,,,,,,
reg,,,1006.0,,,,cc5,C,1,excess,XBI,UUP,2020-23,19.430517140854977,1.7807778346161345,,,,,,,,,,,,,,,,,,,,,,,
reg,,,681.0,,,,cc5,C,1,excess,XBI,UUP,2024-26,2.6350123121639215,0.18275549373862948,,,,,,,,,,,,,,,,,,,,,,,
reg,,,1006.0,,,,cc5,C,1,excess,XBI,USO,2020-23,-17.66542809553714,-0.9525884645929243,,,,,,,,,,,,,,,,,,,,,,,
reg,,,681.0,,,,cc5,C,1,excess,XBI,USO,2024-26,1.4446936350403867,0.10245836988005035,,,,,,,,,,,,,,,,,,,,,,,
reg,,,1006.0,,,,cc5,C,1,excess,XBI,GLD,2020-23,-9.421770250357264,-0.8145640919559104,,,,,,,,,,,,,,,,,,,,,,,
reg,,,681.0,,,,cc5,C,1,excess,XBI,GLD,2024-26,-3.1874966551862016,-0.27350630930127223,,,,,,,,,,,,,,,,,,,,,,,
reg,,,1006.0,,,,cc5,C,1,excess,XBI,HYG,2020-23,-18.6313343947529,-1.1553945826420393,,,,,,,,,,,,,,,,,,,,,,,
reg,,,681.0,,,,cc5,C,1,excess,XBI,HYG,2024-26,-5.000349840246104,-0.38651921666754485,,,,,,,,,,,,,,,,,,,,,,,
reg,,,752.0,,,,cc5,C,1,excess,XBI,BTC,2020-23,-38.028722746122284,-2.5026415345609405,,,,,,,,,,,,,,,,,,,,,,,
reg,,,681.0,,,,cc5,C,1,excess,XBI,BTC,2024-26,-26.90713687145246,-2.168247384166064,,,,,,,,,,,,,,,,,,,,,,,
reg,,,1006.0,,,,cc5,C,1,excess,XBI,VIX,2020-23,7.699704455457353,0.7228301172975016,,,,,,,,,,,,,,,,,,,,,,,
reg,,,681.0,,,,cc5,C,1,excess,XBI,VIX,2024-26,1.9531977670183933,0.17714375045474454,,,,,,,,,,,,,,,,,,,,,,,
reg,,,1006.0,,,,cc5,C,1,excess,XBI,SPY,2020-23,-13.436245823489509,-1.1266155563864595,,,,,,,,,,,,,,,,,,,,,,,
reg,,,681.0,,,,cc5,C,1,excess,XBI,SPY,2024-26,-6.596871508991004,-0.46014571112626285,,,,,,,,,,,,,,,,,,,,,,,
reg,,,1006.0,,,,cc5,C,1,excess,KRE,TLT,2020-23,-10.699851235963974,-0.851776484338394,,,,,,,,,,,,,,,,,,,,,,,
reg,,,681.0,,,,cc5,C,1,excess,KRE,TLT,2024-26,-23.030752130600845,-1.7147012651248648,,,,,,,,,,,,,,,,,,,,,,,
reg,,,1006.0,,,,cc5,C,1,excess,KRE,UUP,2020-23,14.323632844788776,1.1185075415079782,,,,,,,,,,,,,,,,,,,,,,,
reg,,,681.0,,,,cc5,C,1,excess,KRE,UUP,2024-26,9.834053004320728,0.7787576759616357,,,,,,,,,,,,,,,,,,,,,,,
reg,,,1006.0,,,,cc5,C,1,excess,KRE,USO,2020-23,9.54631881355219,0.45644133749652815,,,,,,,,,,,,,,,,,,,,,,,
reg,,,681.0,,,,cc5,C,1,excess,KRE,USO,2024-26,19.952281581503044,1.8229757520756642,,,,,,,,,,,,,,,,,,,,,,,
reg,,,1006.0,,,,cc5,C,1,excess,KRE,GLD,2020-23,7.719471686100083,0.5732552537579785,,,,,,,,,,,,,,,,,,,,,,,
reg,,,681.0,,,,cc5,C,1,excess,KRE,GLD,2024-26,-12.953316261835162,-1.1186501364989943,,,,,,,,,,,,,,,,,,,,,,,
reg,,,1006.0,,,,cc5,C,1,excess,KRE,HYG,2020-23,-17.130205602058073,-0.930847747982675,,,,,,,,,,,,,,,,,,,,,,,
reg,,,681.0,,,,cc5,C,1,excess,KRE,HYG,2024-26,-10.021614419571097,-0.7632527047870616,,,,,,,,,,,,,,,,,,,,,,,
reg,,,752.0,,,,cc5,C,1,excess,KRE,BTC,2020-23,16.13285316322519,1.4598118009597751,,,,,,,,,,,,,,,,,,,,,,,
reg,,,681.0,,,,cc5,C,1,excess,KRE,BTC,2024-26,-29.53152034295102,-2.2672084510367374,,,,,,,,,,,,,,,,,,,,,,,
reg,,,1006.0,,,,cc5,C,1,excess,KRE,VIX,2020-23,4.90688927339007,0.424812050266402,,,,,,,,,,,,,,,,,,,,,,,
reg,,,681.0,,,,cc5,C,1,excess,KRE,VIX,2024-26,-6.240258206086043,-0.5476736048345254,,,,,,,,,,,,,,,,,,,,,,,
reg,,,1006.0,,,,cc5,C,1,excess,KRE,SPY,2020-23,-0.2649482604405455,-0.021409555272118408,,,,,,,,,,,,,,,,,,,,,,,
reg,,,681.0,,,,cc5,C,1,excess,KRE,SPY,2024-26,-6.353919090894152,-0.5434737347048294,,,,,,,,,,,,,,,,,,,,,,,
reg,,,1006.0,,,,cc5,C,5,raw,XLK,TLT,2020-23,28.96247420005251,1.2106735013256755,,,,,,,,,,,,,,,,,,,,,,,
reg,,,681.0,,,,cc5,C,5,raw,XLK,TLT,2024-26,12.498916760665827,0.6846571045078588,,,,,,,,,,,,,,,,,,,,,,,
reg,,,1006.0,,,,cc5,C,5,raw,XLK,UUP,2020-23,28.026388538417848,1.2505452242889137,,,,,,,,,,,,,,,,,,,,,,,
reg,,,681.0,,,,cc5,C,5,raw,XLK,UUP,2024-26,6.571861834240522,0.322630060873448,,,,,,,,,,,,,,,,,,,,,,,
reg,,,1006.0,,,,cc5,C,5,raw,XLK,USO,2020-23,-35.92422967225822,-1.1839227360469085,,,,,,,,,,,,,,,,,,,,,,,
reg,,,681.0,,,,cc5,C,5,raw,XLK,USO,2024-26,-19.278989010355215,-0.8631438677173324,,,,,,,,,,,,,,,,,,,,,,,
reg,,,1006.0,,,,cc5,C,5,raw,XLK,GLD,2020-23,-18.48220747651409,-1.0333528531451803,,,,,,,,,,,,,,,,,,,,,,,
reg,,,681.0,,,,cc5,C,5,raw,XLK,GLD,2024-26,-20.331841542657017,-0.8227796136095334,,,,,,,,,,,,,,,,,,,,,,,
reg,,,1006.0,,,,cc5,C,5,raw,XLK,HYG,2020-23,-4.969766309346184,-0.16564182421428736,,,,,,,,,,,,,,,,,,,,,,,
reg,,,681.0,,,,cc5,C,5,raw,XLK,HYG,2024-26,-7.929849610593833,-0.31069627636865144,,,,,,,,,,,,,,,,,,,,,,,
reg,,,748.0,,,,cc5,C,5,raw,XLK,BTC,2020-23,-5.242018045245684,-0.30707564729761344,,,,,,,,,,,,,,,,,,,,,,,
reg,,,681.0,,,,cc5,C,5,raw,XLK,BTC,2024-26,-18.359679927860206,-0.9811821897870354,,,,,,,,,,,,,,,,,,,,,,,
reg,,,1006.0,,,,cc5,C,5,raw,XLK,VIX,2020-23,-12.315151304931234,-0.564722674936162,,,,,,,,,,,,,,,,,,,,,,,
reg,,,681.0,,,,cc5,C,5,raw,XLK,VIX,2024-26,16.21781471553028,0.7595852159751728,,,,,,,,,,,,,,,,,,,,,,,
reg,,,1006.0,,,,cc5,C,5,raw,XLK,SPY,2020-23,-15.163122964271041,-0.6100971763328855,,,,,,,,,,,,,,,,,,,,,,,
reg,,,681.0,,,,cc5,C,5,raw,XLK,SPY,2024-26,-37.1786022930642,-1.451307256546481,,,,,,,,,,,,,,,,,,,,,,,
reg,,,1006.0,,,,cc5,C,5,raw,XLF,TLT,2020-23,-1.2555538782873403,-0.04488146556096436,,,,,,,,,,,,,,,,,,,,,,,
reg,,,681.0,,,,cc5,C,5,raw,XLF,TLT,2024-26,-20.47211014870177,-1.6404836578048552,,,,,,,,,,,,,,,,,,,,,,,
reg,,,1006.0,,,,cc5,C,5,raw,XLF,UUP,2020-23,28.715992285563065,1.0332378364820343,,,,,,,,,,,,,,,,,,,,,,,
reg,,,681.0,,,,cc5,C,5,raw,XLF,UUP,2024-26,-6.531587901243496,-0.5828011171432677,,,,,,,,,,,,,,,,,,,,,,,
reg,,,1006.0,,,,cc5,C,5,raw,XLF,USO,2020-23,-0.9718449723210569,-0.026007942746828588,,,,,,,,,,,,,,,,,,,,,,,
reg,,,681.0,,,,cc5,C,5,raw,XLF,USO,2024-26,-16.0793402692525,-1.0943212654211676,,,,,,,,,,,,,,,,,,,,,,,
reg,,,1006.0,,,,cc5,C,5,raw,XLF,GLD,2020-23,-9.225756519349007,-0.4422208382582043,,,,,,,,,,,,,,,,,,,,,,,
reg,,,681.0,,,,cc5,C,5,raw,XLF,GLD,2024-26,-6.777878247570543,-0.48458593384610044,,,,,,,,,,,,,,,,,,,,,,,
reg,,,1006.0,,,,cc5,C,5,raw,XLF,HYG,2020-23,-6.071209474265014,-0.14927601022714346,,,,,,,,,,,,,,,,,,,,,,,
reg,,,681.0,,,,cc5,C,5,raw,XLF,HYG,2024-26,-10.058964203088774,-0.591837605787156,,,,,,,,,,,,,,,,,,,,,,,
reg,,,748.0,,,,cc5,C,5,raw,XLF,BTC,2020-23,5.9839137598585745,0.41598792807834306,,,,,,,,,,,,,,,,,,,,,,,
reg,,,681.0,,,,cc5,C,5,raw,XLF,BTC,2024-26,-16.74927302402374,-1.2044642599327802,,,,,,,,,,,,,,,,,,,,,,,
reg,,,1006.0,,,,cc5,C,5,raw,XLF,VIX,2020-23,-31.604957784940225,-1.0350456517784983,,,,,,,,,,,,,,,,,,,,,,,
reg,,,681.0,,,,cc5,C,5,raw,XLF,VIX,2024-26,4.626129579440445,0.33367417862702525,,,,,,,,,,,,,,,,,,,,,,,
reg,,,1006.0,,,,cc5,C,5,raw,XLF,SPY,2020-23,7.150536468779808,0.2065333808595602,,,,,,,,,,,,,,,,,,,,,,,
reg,,,681.0,,,,cc5,C,5,raw,XLF,SPY,2024-26,-15.038549481832966,-0.8988347319164457,,,,,,,,,,,,,,,,,,,,,,,
reg,,,1006.0,,,,cc5,C,5,raw,XLE,TLT,2020-23,-33.26042712135433,-0.7254893357374018,,,,,,,,,,,,,,,,,,,,,,,
reg,,,681.0,,,,cc5,C,5,raw,XLE,TLT,2024-26,-18.19581614265727,-0.8592131274223147,,,,,,,,,,,,,,,,,,,,,,,
reg,,,1006.0,,,,cc5,C,5,raw,XLE,UUP,2020-23,45.186347306354,1.0617793025639057,,,,,,,,,,,,,,,,,,,,,,,
reg,,,681.0,,,,cc5,C,5,raw,XLE,UUP,2024-26,-25.390593926988217,-1.4986726894658133,,,,,,,,,,,,,,,,,,,,,,,
reg,,,1006.0,,,,cc5,C,5,raw,XLE,USO,2020-23,-23.919712096146824,-0.37729059581364965,,,,,,,,,,,,,,,,,,,,,,,
reg,,,681.0,,,,cc5,C,5,raw,XLE,USO,2024-26,-9.218437554468036,-0.5035683561515948,,,,,,,,,,,,,,,,,,,,,,,
reg,,,1006.0,,,,cc5,C,5,raw,XLE,GLD,2020-23,-32.01590755701052,-1.2011741975680328,,,,,,,,,,,,,,,,,,,,,,,
reg,,,681.0,,,,cc5,C,5,raw,XLE,GLD,2024-26,25.016517841876727,1.0800977886583605,,,,,,,,,,,,,,,,,,,,,,,
reg,,,1006.0,,,,cc5,C,5,raw,XLE,HYG,2020-23,46.03878852287688,0.7734068771900751,,,,,,,,,,,,,,,,,,,,,,,
reg,,,681.0,,,,cc5,C,5,raw,XLE,HYG,2024-26,-2.290840360921146,-0.11490180419059266,,,,,,,,,,,,,,,,,,,,,,,
reg,,,748.0,,,,cc5,C,5,raw,XLE,BTC,2020-23,14.096185143329823,0.47848627824268786,,,,,,,,,,,,,,,,,,,,,,,
reg,,,681.0,,,,cc5,C,5,raw,XLE,BTC,2024-26,-7.382185833638672,-0.3991012393606485,,,,,,,,,,,,,,,,,,,,,,,
reg,,,1006.0,,,,cc5,C,5,raw,XLE,VIX,2020-23,-58.031865926184146,-1.2131278712118032,,,,,,,,,,,,,,,,,,,,,,,
reg,,,681.0,,,,cc5,C,5,raw,XLE,VIX,2024-26,-14.022086491585714,-0.813524079870847,,,,,,,,,,,,,,,,,,,,,,,
reg,,,1006.0,,,,cc5,C,5,raw,XLE,SPY,2020-23,45.004139114282104,0.8881281377775129,,,,,,,,,,,,,,,,,,,,,,,
reg,,,681.0,,,,cc5,C,5,raw,XLE,SPY,2024-26,16.705773855872103,0.7537116494281462,,,,,,,,,,,,,,,,,,,,,,,
reg,,,1006.0,,,,cc5,C,5,raw,XLV,TLT,2020-23,29.3964519519147,1.5339849493001456,,,,,,,,,,,,,,,,,,,,,,,
reg,,,681.0,,,,cc5,C,5,raw,XLV,TLT,2024-26,-0.19767071547831466,-0.01827752510169975,,,,,,,,,,,,,,,,,,,,,,,
reg,,,1006.0,,,,cc5,C,5,raw,XLV,UUP,2020-23,6.05746934617037,0.3571542612085849,,,,,,,,,,,,,,,,,,,,,,,
reg,,,681.0,,,,cc5,C,5,raw,XLV,UUP,2024-26,5.709726273497288,0.4370329040989283,,,,,,,,,,,,,,,,,,,,,,,
reg,,,1006.0,,,,cc5,C,5,raw,XLV,USO,2020-23,-5.773736422978551,-0.2246413040558042,,,,,,,,,,,,,,,,,,,,,,,
reg,,,681.0,,,,cc5,C,5,raw,XLV,USO,2024-26,-17.19121658966095,-1.2096433071436177,,,,,,,,,,,,,,,,,,,,,,,
reg,,,1006.0,,,,cc5,C,5,raw,XLV,GLD,2020-23,6.656951005343473,0.37739773622919115,,,,,,,,,,,,,,,,,,,,,,,
reg,,,681.0,,,,cc5,C,5,raw,XLV,GLD,2024-26,-9.430424249374019,-0.7589200222539306,,,,,,,,,,,,,,,,,,,,,,,
reg,,,1006.0,,,,cc5,C,5,raw,XLV,HYG,2020-23,12.023928603689937,0.43976607397909606,,,,,,,,,,,,,,,,,,,,,,,
reg,,,681.0,,,,cc5,C,5,raw,XLV,HYG,2024-26,-8.850952941447074,-0.7549097276971387,,,,,,,,,,,,,,,,,,,,,,,
reg,,,748.0,,,,cc5,C,5,raw,XLV,BTC,2020-23,-16.14975084860379,-1.0877020300808018,,,,,,,,,,,,,,,,,,,,,,,
reg,,,681.0,,,,cc5,C,5,raw,XLV,BTC,2024-26,-44.02479468378517,-3.868956294084862,,,,,,,,,,,,,,,,,,,,,,,
reg,,,1006.0,,,,cc5,C,5,raw,XLV,VIX,2020-23,-17.34701294101065,-0.9649291984815687,,,,,,,,,,,,,,,,,,,,,,,
reg,,,681.0,,,,cc5,C,5,raw,XLV,VIX,2024-26,20.718607141827718,1.637376181669444,,,,,,,,,,,,,,,,,,,,,,,
reg,,,1006.0,,,,cc5,C,5,raw,XLV,SPY,2020-23,3.734101734601524,0.15750489995296837,,,,,,,,,,,,,,,,,,,,,,,
reg,,,681.0,,,,cc5,C,5,raw,XLV,SPY,2024-26,-24.668056261484065,-1.8118273895108017,,,,,,,,,,,,,,,,,,,,,,,
reg,,,1006.0,,,,cc5,C,5,raw,XLI,TLT,2020-23,6.714738198323581,0.24703521628320455,,,,,,,,,,,,,,,,,,,,,,,
reg,,,681.0,,,,cc5,C,5,raw,XLI,TLT,2024-26,-0.2638174587723568,-0.022026057438295978,,,,,,,,,,,,,,,,,,,,,,,
reg,,,1006.0,,,,cc5,C,5,raw,XLI,UUP,2020-23,25.815760746051392,0.9557511108359616,,,,,,,,,,,,,,,,,,,,,,,
reg,,,681.0,,,,cc5,C,5,raw,XLI,UUP,2024-26,2.9004001731870033,0.2568367754955937,,,,,,,,,,,,,,,,,,,,,,,
reg,,,1006.0,,,,cc5,C,5,raw,XLI,USO,2020-23,-10.262315429916988,-0.24833877753763287,,,,,,,,,,,,,,,,,,,,,,,
reg,,,681.0,,,,cc5,C,5,raw,XLI,USO,2024-26,-17.640055711924433,-1.0185568293451064,,,,,,,,,,,,,,,,,,,,,,,
reg,,,1006.0,,,,cc5,C,5,raw,XLI,GLD,2020-23,-2.354979410505616,-0.1177497621404715,,,,,,,,,,,,,,,,,,,,,,,
reg,,,681.0,,,,cc5,C,5,raw,XLI,GLD,2024-26,-10.64662971793704,-0.6941196937234959,,,,,,,,,,,,,,,,,,,,,,,
reg,,,1006.0,,,,cc5,C,5,raw,XLI,HYG,2020-23,7.988794616098227,0.1765425941894971,,,,,,,,,,,,,,,,,,,,,,,
reg,,,681.0,,,,cc5,C,5,raw,XLI,HYG,2024-26,-2.283429630810141,-0.117463156091099,,,,,,,,,,,,,,,,,,,,,,,
reg,,,748.0,,,,cc5,C,5,raw,XLI,BTC,2020-23,10.906020476161283,1.0091718084450454,,,,,,,,,,,,,,,,,,,,,,,
reg,,,681.0,,,,cc5,C,5,raw,XLI,BTC,2024-26,-32.97240231558945,-2.92881493787043,,,,,,,,,,,,,,,,,,,,,,,
reg,,,1006.0,,,,cc5,C,5,raw,XLI,VIX,2020-23,-27.659941770353903,-1.0208951980206697,,,,,,,,,,,,,,,,,,,,,,,
reg,,,681.0,,,,cc5,C,5,raw,XLI,VIX,2024-26,18.620437035772422,1.4090103767388908,,,,,,,,,,,,,,,,,,,,,,,
reg,,,1006.0,,,,cc5,C,5,raw,XLI,SPY,2020-23,13.78982996081962,0.38455629307637323,,,,,,,,,,,,,,,,,,,,,,,
reg,,,681.0,,,,cc5,C,5,raw,XLI,SPY,2024-26,-28.317095461586682,-1.7082781980682487,,,,,,,,,,,,,,,,,,,,,,,
reg,,,1006.0,,,,cc5,C,5,raw,XLY,TLT,2020-23,8.519708019159118,0.28970066751392265,,,,,,,,,,,,,,,,,,,,,,,
reg,,,681.0,,,,cc5,C,5,raw,XLY,TLT,2024-26,-6.1819736877134455,-0.36084644101282637,,,,,,,,,,,,,,,,,,,,,,,
reg,,,1006.0,,,,cc5,C,5,raw,XLY,UUP,2020-23,41.963628178764516,1.6397411804797395,,,,,,,,,,,,,,,,,,,,,,,
reg,,,681.0,,,,cc5,C,5,raw,XLY,UUP,2024-26,7.9875758238490935,0.500493983832467,,,,,,,,,,,,,,,,,,,,,,,
reg,,,1006.0,,,,cc5,C,5,raw,XLY,USO,2020-23,-17.989745689418594,-0.43528646785189434,,,,,,,,,,,,,,,,,,,,,,,
reg,,,681.0,,,,cc5,C,5,raw,XLY,USO,2024-26,-12.747084006968356,-0.7451650516214023,,,,,,,,,,,,,,,,,,,,,,,
reg,,,1006.0,,,,cc5,C,5,raw,XLY,GLD,2020-23,-15.17586010096444,-0.7580339376221032,,,,,,,,,,,,,,,,,,,,,,,
reg,,,681.0,,,,cc5,C,5,raw,XLY,GLD,2024-26,-6.6435135231403235,-0.39279383711580795,,,,,,,,,,,,,,,,,,,,,,,
reg,,,1006.0,,,,cc5,C,5,raw,XLY,HYG,2020-23,-1.9264676012030517,-0.04814735601631446,,,,,,,,,,,,,,,,,,,,,,,
reg,,,681.0,,,,cc5,C,5,raw,XLY,HYG,2024-26,5.565229766921248,0.3128053103177668,,,,,,,,,,,,,,,,,,,,,,,
reg,,,748.0,,,,cc5,C,5,raw,XLY,BTC,2020-23,1.3255852676159563,0.0700027813469207,,,,,,,,,,,,,,,,,,,,,,,
reg,,,681.0,,,,cc5,C,5,raw,XLY,BTC,2024-26,-11.953435894914662,-0.80631951029294,,,,,,,,,,,,,,,,,,,,,,,
reg,,,1006.0,,,,cc5,C,5,raw,XLY,VIX,2020-23,-25.759842569238927,-1.0366431424849132,,,,,,,,,,,,,,,,,,,,,,,
reg,,,681.0,,,,cc5,C,5,raw,XLY,VIX,2024-26,-9.070241021972212,-0.5442944560941594,,,,,,,,,,,,,,,,,,,,,,,
reg,,,1006.0,,,,cc5,C,5,raw,XLY,SPY,2020-23,2.8940725359429265,0.08780607286750114,,,,,,,,,,,,,,,,,,,,,,,
reg,,,681.0,,,,cc5,C,5,raw,XLY,SPY,2024-26,-17.131440700328046,-0.8967719720526086,,,,,,,,,,,,,,,,,,,,,,,
reg,,,1006.0,,,,cc5,C,5,raw,XLP,TLT,2020-23,17.492488008664658,0.9183207657995088,,,,,,,,,,,,,,,,,,,,,,,
reg,,,681.0,,,,cc5,C,5,raw,XLP,TLT,2024-26,-6.27531757105898,-0.6326286974064971,,,,,,,,,,,,,,,,,,,,,,,
reg,,,1006.0,,,,cc5,C,5,raw,XLP,UUP,2020-23,-23.13456056156139,-1.502641523208941,,,,,,,,,,,,,,,,,,,,,,,
reg,,,681.0,,,,cc5,C,5,raw,XLP,UUP,2024-26,7.125474693199403,0.5716967179784487,,,,,,,,,,,,,,,,,,,,,,,
reg,,,1006.0,,,,cc5,C,5,raw,XLP,USO,2020-23,4.4533828217917275,0.24349521442442085,,,,,,,,,,,,,,,,,,,,,,,
reg,,,681.0,,,,cc5,C,5,raw,XLP,USO,2024-26,-12.777244530190712,-1.0078463494278092,,,,,,,,,,,,,,,,,,,,,,,
reg,,,1006.0,,,,cc5,C,5,raw,XLP,GLD,2020-23,22.345216497798834,1.269582911243461,,,,,,,,,,,,,,,,,,,,,,,
reg,,,681.0,,,,cc5,C,5,raw,XLP,GLD,2024-26,4.431657239326736,0.3891355591005765,,,,,,,,,,,,,,,,,,,,,,,
reg,,,1006.0,,,,cc5,C,5,raw,XLP,HYG,2020-23,25.648812807899255,1.3937346751680968,,,,,,,,,,,,,,,,,,,,,,,
reg,,,681.0,,,,cc5,C,5,raw,XLP,HYG,2024-26,-11.29984526699987,-0.8435409128107135,,,,,,,,,,,,,,,,,,,,,,,
reg,,,748.0,,,,cc5,C,5,raw,XLP,BTC,2020-23,-3.435590264678543,-0.2432543310192337,,,,,,,,,,,,,,,,,,,,,,,
reg,,,681.0,,,,cc5,C,5,raw,XLP,BTC,2024-26,-18.817704313656936,-1.8045489151785348,,,,,,,,,,,,,,,,,,,,,,,
reg,,,1006.0,,,,cc5,C,5,raw,XLP,VIX,2020-23,-27.667770227258973,-1.8189332579829502,,,,,,,,,,,,,,,,,,,,,,,
reg,,,681.0,,,,cc5,C,5,raw,XLP,VIX,2024-26,14.739250929236578,1.2891608915135337,,,,,,,,,,,,,,,,,,,,,,,
reg,,,1006.0,,,,cc5,C,5,raw,XLP,SPY,2020-23,24.800348727715267,1.509253648588375,,,,,,,,,,,,,,,,,,,,,,,
reg,,,681.0,,,,cc5,C,5,raw,XLP,SPY,2024-26,-2.9758822797670765,-0.22464537323427816,,,,,,,,,,,,,,,,,,,,,,,
reg,,,1006.0,,,,cc5,C,5,raw,XLU,TLT,2020-23,24.4721363077786,0.9013691271951644,,,,,,,,,,,,,,,,,,,,,,,
reg,,,681.0,,,,cc5,C,5,raw,XLU,TLT,2024-26,-25.485351021487507,-1.8050050013677794,,,,,,,,,,,,,,,,,,,,,,,
reg,,,1006.0,,,,cc5,C,5,raw,XLU,UUP,2020-23,9.766659072941424,0.356330868822223,,,,,,,,,,,,,,,,,,,,,,,
reg,,,681.0,,,,cc5,C,5,raw,XLU,UUP,2024-26,23.62843852673341,1.8370764967136295,,,,,,,,,,,,,,,,,,,,,,,
reg,,,1006.0,,,,cc5,C,5,raw,XLU,USO,2020-23,23.622556129940797,0.6896014587136284,,,,,,,,,,,,,,,,,,,,,,,
reg,,,681.0,,,,cc5,C,5,raw,XLU,USO,2024-26,-17.122492199650043,-1.3216672108763239,,,,,,,,,,,,,,,,,,,,,,,
reg,,,1006.0,,,,cc5,C,5,raw,XLU,GLD,2020-23,10.727483508407897,0.45145193322249366,,,,,,,,,,,,,,,,,,,,,,,
reg,,,681.0,,,,cc5,C,5,raw,XLU,GLD,2024-26,-12.09899244974572,-0.9882604856258369,,,,,,,,,,,,,,,,,,,,,,,
reg,,,1006.0,,,,cc5,C,5,raw,XLU,HYG,2020-23,9.408218176316202,0.2116971855783028,,,,,,,,,,,,,,,,,,,,,,,
reg,,,681.0,,,,cc5,C,5,raw,XLU,HYG,2024-26,-19.949363299230846,-1.3202785596229818,,,,,,,,,,,,,,,,,,,,,,,
reg,,,748.0,,,,cc5,C,5,raw,XLU,BTC,2020-23,-8.380213804136396,-0.5589605125159898,,,,,,,,,,,,,,,,,,,,,,,
reg,,,681.0,,,,cc5,C,5,raw,XLU,BTC,2024-26,-16.65402499138674,-1.0770540794201398,,,,,,,,,,,,,,,,,,,,,,,
reg,,,1006.0,,,,cc5,C,5,raw,XLU,VIX,2020-23,-38.71658380863094,-1.6724934411453178,,,,,,,,,,,,,,,,,,,,,,,
reg,,,681.0,,,,cc5,C,5,raw,XLU,VIX,2024-26,19.124611038251714,1.4591770830693256,,,,,,,,,,,,,,,,,,,,,,,
reg,,,1006.0,,,,cc5,C,5,raw,XLU,SPY,2020-23,21.816400350654302,0.6403964726023235,,,,,,,,,,,,,,,,,,,,,,,
reg,,,681.0,,,,cc5,C,5,raw,XLU,SPY,2024-26,-20.737528012401707,-1.521510241972406,,,,,,,,,,,,,,,,,,,,,,,
reg,,,1006.0,,,,cc5,C,5,raw,XLB,TLT,2020-23,15.06818224667709,0.5461392151856684,,,,,,,,,,,,,,,,,,,,,,,
reg,,,681.0,,,,cc5,C,5,raw,XLB,TLT,2024-26,-17.36553641165481,-1.1671403731117729,,,,,,,,,,,,,,,,,,,,,,,
reg,,,1006.0,,,,cc5,C,5,raw,XLB,UUP,2020-23,35.18808169190389,1.4662217044463324,,,,,,,,,,,,,,,,,,,,,,,
reg,,,681.0,,,,cc5,C,5,raw,XLB,UUP,2024-26,-5.527291785629937,-0.44183994866455095,,,,,,,,,,,,,,,,,,,,,,,
reg,,,1006.0,,,,cc5,C,5,raw,XLB,USO,2020-23,-26.99715679191053,-0.7328400466190746,,,,,,,,,,,,,,,,,,,,,,,
reg,,,681.0,,,,cc5,C,5,raw,XLB,USO,2024-26,-24.168932483156954,-1.5809310410975868,,,,,,,,,,,,,,,,,,,,,,,
reg,,,1006.0,,,,cc5,C,5,raw,XLB,GLD,2020-23,-16.24397701789036,-0.9629564266841308,,,,,,,,,,,,,,,,,,,,,,,
reg,,,681.0,,,,cc5,C,5,raw,XLB,GLD,2024-26,-28.82877669668916,-1.7789469096071344,,,,,,,,,,,,,,,,,,,,,,,
reg,,,1006.0,,,,cc5,C,5,raw,XLB,HYG,2020-23,-11.794382189761917,-0.3357219812983294,,,,,,,,,,,,,,,,,,,,,,,
reg,,,681.0,,,,cc5,C,5,raw,XLB,HYG,2024-26,-1.0953575547018823,-0.05798875974006245,,,,,,,,,,,,,,,,,,,,,,,
reg,,,748.0,,,,cc5,C,5,raw,XLB,BTC,2020-23,23.837156778243457,2.2132008004860437,,,,,,,,,,,,,,,,,,,,,,,
reg,,,681.0,,,,cc5,C,5,raw,XLB,BTC,2024-26,-27.37913732884182,-1.9547335410256732,,,,,,,,,,,,,,,,,,,,,,,
reg,,,1006.0,,,,cc5,C,5,raw,XLB,VIX,2020-23,-13.308972025085799,-0.590842561121722,,,,,,,,,,,,,,,,,,,,,,,
reg,,,681.0,,,,cc5,C,5,raw,XLB,VIX,2024-26,19.139195369460023,1.3769975025494303,,,,,,,,,,,,,,,,,,,,,,,
reg,,,1006.0,,,,cc5,C,5,raw,XLB,SPY,2020-23,-8.233902948001273,-0.28463538934209254,,,,,,,,,,,,,,,,,,,,,,,
reg,,,681.0,,,,cc5,C,5,raw,XLB,SPY,2024-26,-29.665388507350894,-1.8938889954039784,,,,,,,,,,,,,,,,,,,,,,,
reg,,,1006.0,,,,cc5,C,5,raw,XLRE,TLT,2020-23,29.40942720387561,1.1156681356720375,,,,,,,,,,,,,,,,,,,,,,,
reg,,,681.0,,,,cc5,C,5,raw,XLRE,TLT,2024-26,-13.137603134674462,-0.8707062695227797,,,,,,,,,,,,,,,,,,,,,,,
reg,,,1006.0,,,,cc5,C,5,raw,XLRE,UUP,2020-23,20.379708820728187,0.7567173020386649,,,,,,,,,,,,,,,,,,,,,,,
reg,,,681.0,,,,cc5,C,5,raw,XLRE,UUP,2024-26,6.550239081454109,0.5254303479519155,,,,,,,,,,,,,,,,,,,,,,,
reg,,,1006.0,,,,cc5,C,5,raw,XLRE,USO,2020-23,23.153594800278945,0.5258532948059709,,,,,,,,,,,,,,,,,,,,,,,
reg,,,681.0,,,,cc5,C,5,raw,XLRE,USO,2024-26,-15.290247969828915,-1.0898261047113706,,,,,,,,,,,,,,,,,,,,,,,
reg,,,1006.0,,,,cc5,C,5,raw,XLRE,GLD,2020-23,5.068151180824581,0.18794577494305023,,,,,,,,,,,,,,,,,,,,,,,
reg,,,681.0,,,,cc5,C,5,raw,XLRE,GLD,2024-26,-3.199502659930235,-0.22470357415569253,,,,,,,,,,,,,,,,,,,,,,,
reg,,,1006.0,,,,cc5,C,5,raw,XLRE,HYG,2020-23,9.053863330920553,0.1763894612305773,,,,,,,,,,,,,,,,,,,,,,,
reg,,,681.0,,,,cc5,C,5,raw,XLRE,HYG,2024-26,-6.579019774425568,-0.397930879938203,,,,,,,,,,,,,,,,,,,,,,,
reg,,,748.0,,,,cc5,C,5,raw,XLRE,BTC,2020-23,3.3480368931816256,0.18226005612766122,,,,,,,,,,,,,,,,,,,,,,,
reg,,,681.0,,,,cc5,C,5,raw,XLRE,BTC,2024-26,-39.11547183850469,-3.107486599010328,,,,,,,,,,,,,,,,,,,,,,,
reg,,,1006.0,,,,cc5,C,5,raw,XLRE,VIX,2020-23,-54.710527645233746,-1.8976837216839975,,,,,,,,,,,,,,,,,,,,,,,
reg,,,681.0,,,,cc5,C,5,raw,XLRE,VIX,2024-26,12.779542626902321,0.9446005719466173,,,,,,,,,,,,,,,,,,,,,,,
reg,,,1006.0,,,,cc5,C,5,raw,XLRE,SPY,2020-23,22.727469628664846,0.527918399352952,,,,,,,,,,,,,,,,,,,,,,,
reg,,,681.0,,,,cc5,C,5,raw,XLRE,SPY,2024-26,-6.640028072369836,-0.4491720231129849,,,,,,,,,,,,,,,,,,,,,,,
reg,,,1006.0,,,,cc5,C,5,raw,XLC,TLT,2020-23,18.97367319123139,0.8042672512496415,,,,,,,,,,,,,,,,,,,,,,,
reg,,,681.0,,,,cc5,C,5,raw,XLC,TLT,2024-26,12.774043804232088,1.004460211227243,,,,,,,,,,,,,,,,,,,,,,,
reg,,,1006.0,,,,cc5,C,5,raw,XLC,UUP,2020-23,28.788898206381766,1.5435369635233522,,,,,,,,,,,,,,,,,,,,,,,
reg,,,681.0,,,,cc5,C,5,raw,XLC,UUP,2024-26,1.6920306221484949,0.13580014769851106,,,,,,,,,,,,,,,,,,,,,,,
reg,,,1006.0,,,,cc5,C,5,raw,XLC,USO,2020-23,-20.619886135420817,-0.7087268353696164,,,,,,,,,,,,,,,,,,,,,,,
reg,,,681.0,,,,cc5,C,5,raw,XLC,USO,2024-26,-13.719220100709588,-0.884484634199191,,,,,,,,,,,,,,,,,,,,,,,
reg,,,1006.0,,,,cc5,C,5,raw,XLC,GLD,2020-23,-16.77098439565647,-1.0129591415760788,,,,,,,,,,,,,,,,,,,,,,,
reg,,,681.0,,,,cc5,C,5,raw,XLC,GLD,2024-26,19.63569552606881,1.4220267504912283,,,,,,,,,,,,,,,,,,,,,,,
reg,,,1006.0,,,,cc5,C,5,raw,XLC,HYG,2020-23,-4.193819082570139,-0.17234660386530704,,,,,,,,,,,,,,,,,,,,,,,
reg,,,681.0,,,,cc5,C,5,raw,XLC,HYG,2024-26,1.9612825088626593,0.12496519009357383,,,,,,,,,,,,,,,,,,,,,,,
reg,,,748.0,,,,cc5,C,5,raw,XLC,BTC,2020-23,-22.035742826738918,-1.3640781707182286,,,,,,,,,,,,,,,,,,,,,,,
reg,,,681.0,,,,cc5,C,5,raw,XLC,BTC,2024-26,-12.242010783325831,-1.018787766256417,,,,,,,,,,,,,,,,,,,,,,,
reg,,,1006.0,,,,cc5,C,5,raw,XLC,VIX,2020-23,-15.835452045482805,-0.7425952988959829,,,,,,,,,,,,,,,,,,,,,,,
reg,,,681.0,,,,cc5,C,5,raw,XLC,VIX,2024-26,-5.90548404402733,-0.48744857545920034,,,,,,,,,,,,,,,,,,,,,,,
reg,,,1006.0,,,,cc5,C,5,raw,XLC,SPY,2020-23,-12.238838790856313,-0.5250095932671843,,,,,,,,,,,,,,,,,,,,,,,
reg,,,681.0,,,,cc5,C,5,raw,XLC,SPY,2024-26,-11.797733219911917,-0.768846813270696,,,,,,,,,,,,,,,,,,,,,,,
reg,,,1006.0,,,,cc5,C,5,raw,SMH,TLT,2020-23,18.807980144887996,0.6041427106455228,,,,,,,,,,,,,,,,,,,,,,,
reg,,,681.0,,,,cc5,C,5,raw,SMH,TLT,2024-26,5.522052346858899,0.2038254574026645,,,,,,,,,,,,,,,,,,,,,,,
reg,,,1006.0,,,,cc5,C,5,raw,SMH,UUP,2020-23,54.58940851171236,1.893911804946233,,,,,,,,,,,,,,,,,,,,,,,
reg,,,681.0,,,,cc5,C,5,raw,SMH,UUP,2024-26,17.262737986776823,0.6180828842799116,,,,,,,,,,,,,,,,,,,,,,,
reg,,,1006.0,,,,cc5,C,5,raw,SMH,USO,2020-23,-36.250527887144706,-0.885545126177247,,,,,,,,,,,,,,,,,,,,,,,
reg,,,681.0,,,,cc5,C,5,raw,SMH,USO,2024-26,-10.30905333109315,-0.3404342153121221,,,,,,,,,,,,,,,,,,,,,,,
reg,,,1006.0,,,,cc5,C,5,raw,SMH,GLD,2020-23,-45.180317478679505,-1.9873736291421586,,,,,,,,,,,,,,,,,,,,,,,
reg,,,681.0,,,,cc5,C,5,raw,SMH,GLD,2024-26,-38.71738358355145,-1.182582613899483,,,,,,,,,,,,,,,,,,,,,,,
reg,,,1006.0,,,,cc5,C,5,raw,SMH,HYG,2020-23,-5.786739223156339,-0.14414371664925646,,,,,,,,,,,,,,,,,,,,,,,
reg,,,681.0,,,,cc5,C,5,raw,SMH,HYG,2024-26,-17.75201449715673,-0.5510856480654,,,,,,,,,,,,,,,,,,,,,,,
reg,,,748.0,,,,cc5,C,5,raw,SMH,BTC,2020-23,1.5007690660114998,0.06596094691456551,,,,,,,,,,,,,,,,,,,,,,,
reg,,,681.0,,,,cc5,C,5,raw,SMH,BTC,2024-26,-42.293622503828026,-1.6100712391345506,,,,,,,,,,,,,,,,,,,,,,,
reg,,,1006.0,,,,cc5,C,5,raw,SMH,VIX,2020-23,-17.849427501497335,-0.6909479916526673,,,,,,,,,,,,,,,,,,,,,,,
reg,,,681.0,,,,cc5,C,5,raw,SMH,VIX,2024-26,22.633305372141834,0.8101100273117413,,,,,,,,,,,,,,,,,,,,,,,
reg,,,1006.0,,,,cc5,C,5,raw,SMH,SPY,2020-23,-15.436377249299172,-0.4730260555340412,,,,,,,,,,,,,,,,,,,,,,,
reg,,,681.0,,,,cc5,C,5,raw,SMH,SPY,2024-26,-57.1503179746339,-1.8383082105654287,,,,,,,,,,,,,,,,,,,,,,,
reg,,,1006.0,,,,cc5,C,5,raw,XBI,TLT,2020-23,14.393711459622924,0.3697994873183697,,,,,,,,,,,,,,,,,,,,,,,
reg,,,681.0,,,,cc5,C,5,raw,XBI,TLT,2024-26,-14.831882952504124,-0.7604217289545685,,,,,,,,,,,,,,,,,,,,,,,
reg,,,1006.0,,,,cc5,C,5,raw,XBI,UUP,2020-23,50.16830209678891,1.6968471865951198,,,,,,,,,,,,,,,,,,,,,,,
reg,,,681.0,,,,cc5,C,5,raw,XBI,UUP,2024-26,-15.734401401808194,-0.7279209437449313,,,,,,,,,,,,,,,,,,,,,,,
reg,,,1006.0,,,,cc5,C,5,raw,XBI,USO,2020-23,-37.40742042431619,-0.8586467824532074,,,,,,,,,,,,,,,,,,,,,,,
reg,,,681.0,,,,cc5,C,5,raw,XBI,USO,2024-26,-34.95977992837605,-1.4157094087055777,,,,,,,,,,,,,,,,,,,,,,,
reg,,,1006.0,,,,cc5,C,5,raw,XBI,GLD,2020-23,-23.69066585033395,-0.9366348222209976,,,,,,,,,,,,,,,,,,,,,,,
reg,,,681.0,,,,cc5,C,5,raw,XBI,GLD,2024-26,-25.114431557992134,-1.1673539147447336,,,,,,,,,,,,,,,,,,,,,,,
reg,,,1006.0,,,,cc5,C,5,raw,XBI,HYG,2020-23,-3.073805595898586,-0.07024026048861456,,,,,,,,,,,,,,,,,,,,,,,
reg,,,681.0,,,,cc5,C,5,raw,XBI,HYG,2024-26,-20.768025424852805,-0.9184714881871591,,,,,,,,,,,,,,,,,,,,,,,
reg,,,748.0,,,,cc5,C,5,raw,XBI,BTC,2020-23,-40.912130989529714,-1.1184268333971112,,,,,,,,,,,,,,,,,,,,,,,
reg,,,681.0,,,,cc5,C,5,raw,XBI,BTC,2024-26,-64.9119063377378,-2.9555552567181453,,,,,,,,,,,,,,,,,,,,,,,
reg,,,1006.0,,,,cc5,C,5,raw,XBI,VIX,2020-23,0.41718552844109563,0.013821845879457504,,,,,,,,,,,,,,,,,,,,,,,
reg,,,681.0,,,,cc5,C,5,raw,XBI,VIX,2024-26,20.73690111567907,0.876963073183681,,,,,,,,,,,,,,,,,,,,,,,
reg,,,1006.0,,,,cc5,C,5,raw,XBI,SPY,2020-23,-22.12485748201961,-0.5889367314447077,,,,,,,,,,,,,,,,,,,,,,,
reg,,,681.0,,,,cc5,C,5,raw,XBI,SPY,2024-26,-42.17759710748936,-1.867853609276378,,,,,,,,,,,,,,,,,,,,,,,
reg,,,1006.0,,,,cc5,C,5,raw,KRE,TLT,2020-23,-3.3367338754001747,-0.09377971650063872,,,,,,,,,,,,,,,,,,,,,,,
reg,,,681.0,,,,cc5,C,5,raw,KRE,TLT,2024-26,-37.92620643522216,-1.6428503979681564,,,,,,,,,,,,,,,,,,,,,,,
reg,,,1006.0,,,,cc5,C,5,raw,KRE,UUP,2020-23,35.318925359759106,1.0422447875255259,,,,,,,,,,,,,,,,,,,,,,,
reg,,,681.0,,,,cc5,C,5,raw,KRE,UUP,2024-26,-15.909287358852811,-0.7004556174128888,,,,,,,,,,,,,,,,,,,,,,,
reg,,,1006.0,,,,cc5,C,5,raw,KRE,USO,2020-23,-4.635272135133392,-0.09357549692511834,,,,,,,,,,,,,,,,,,,,,,,
reg,,,681.0,,,,cc5,C,5,raw,KRE,USO,2024-26,-8.040180156823975,-0.37769584598522876,,,,,,,,,,,,,,,,,,,,,,,
reg,,,1006.0,,,,cc5,C,5,raw,KRE,GLD,2020-23,2.0796436574180728,0.0736980235389886,,,,,,,,,,,,,,,,,,,,,,,
reg,,,681.0,,,,cc5,C,5,raw,KRE,GLD,2024-26,-0.6284551764674937,-0.032684856060354,,,,,,,,,,,,,,,,,,,,,,,
reg,,,1006.0,,,,cc5,C,5,raw,KRE,HYG,2020-23,-2.9251082348295983,-0.06806850288956098,,,,,,,,,,,,,,,,,,,,,,,
reg,,,681.0,,,,cc5,C,5,raw,KRE,HYG,2024-26,1.4545249598838699,0.06435121308535037,,,,,,,,,,,,,,,,,,,,,,,
reg,,,748.0,,,,cc5,C,5,raw,KRE,BTC,2020-23,23.49451057828468,1.0809127502397202,,,,,,,,,,,,,,,,,,,,,,,
reg,,,681.0,,,,cc5,C,5,raw,KRE,BTC,2024-26,-51.93466983300128,-2.3658087845340274,,,,,,,,,,,,,,,,,,,,,,,
reg,,,1006.0,,,,cc5,C,5,raw,KRE,VIX,2020-23,-34.43098355291269,-0.8335150483830441,,,,,,,,,,,,,,,,,,,,,,,
reg,,,681.0,,,,cc5,C,5,raw,KRE,VIX,2024-26,-21.14369463482513,-1.123527059148669,,,,,,,,,,,,,,,,,,,,,,,
reg,,,1006.0,,,,cc5,C,5,raw,KRE,SPY,2020-23,13.641437697529707,0.3389802301152107,,,,,,,,,,,,,,,,,,,,,,,
reg,,,681.0,,,,cc5,C,5,raw,KRE,SPY,2024-26,5.662999643992588,0.27115608241376277,,,,,,,,,,,,,,,,,,,,,,,
reg,,,1006.0,,,,cc5,C,5,excess,XLK,TLT,2020-23,10.91683720793526,1.3776337896471538,,,,,,,,,,,,,,,,,,,,,,,
reg,,,681.0,,,,cc5,C,5,excess,XLK,TLT,2024-26,11.121097037283118,1.0983199328160667,,,,,,,,,,,,,,,,,,,,,,,
reg,,,1006.0,,,,cc5,C,5,excess,XLK,UUP,2020-23,5.345776565473984,0.7252556487732401,,,,,,,,,,,,,,,,,,,,,,,
reg,,,681.0,,,,cc5,C,5,excess,XLK,UUP,2024-26,4.188510635393071,0.34291254674581745,,,,,,,,,,,,,,,,,,,,,,,
reg,,,1006.0,,,,cc5,C,5,excess,XLK,USO,2020-23,-20.387254046341912,-3.3360380186800493,,,,,,,,,,,,,,,,,,,,,,,
reg,,,681.0,,,,cc5,C,5,excess,XLK,USO,2024-26,-4.962035754081208,-0.387822946216459,,,,,,,,,,,,,,,,,,,,,,,
reg,,,1006.0,,,,cc5,C,5,excess,XLK,GLD,2020-23,-10.884780872260613,-1.3438449158586872,,,,,,,,,,,,,,,,,,,,,,,
reg,,,681.0,,,,cc5,C,5,excess,XLK,GLD,2024-26,-12.732793957359323,-0.9230271280223423,,,,,,,,,,,,,,,,,,,,,,,
reg,,,1006.0,,,,cc5,C,5,excess,XLK,HYG,2020-23,-8.371242446606095,-1.1956920812595893,,,,,,,,,,,,,,,,,,,,,,,
reg,,,681.0,,,,cc5,C,5,excess,XLK,HYG,2024-26,-1.7864862145649874,-0.15468851289384453,,,,,,,,,,,,,,,,,,,,,,,
reg,,,748.0,,,,cc5,C,5,excess,XLK,BTC,2020-23,-0.9594815843090373,-0.13908827002311297,,,,,,,,,,,,,,,,,,,,,,,
reg,,,681.0,,,,cc5,C,5,excess,XLK,BTC,2024-26,-2.2683093675976047,-0.21233833658026416,,,,,,,,,,,,,,,,,,,,,,,
reg,,,1006.0,,,,cc5,C,5,excess,XLK,VIX,2020-23,9.869777426748323,1.5342249764182698,,,,,,,,,,,,,,,,,,,,,,,
reg,,,681.0,,,,cc5,C,5,excess,XLK,VIX,2024-26,6.040605091040931,0.572848398283921,,,,,,,,,,,,,,,,,,,,,,,
reg,,,1006.0,,,,cc5,C,5,excess,XLK,SPY,2020-23,-16.583927687979276,-2.506001198997778,,,,,,,,,,,,,,,,,,,,,,,
reg,,,681.0,,,,cc5,C,5,excess,XLK,SPY,2024-26,-13.45145038192515,-1.147503758600374,,,,,,,,,,,,,,,,,,,,,,,
reg,,,1006.0,,,,cc5,C,5,excess,XLF,TLT,2020-23,-19.301190870404607,-1.8344836012503922,,,,,,,,,,,,,,,,,,,,,,,
reg,,,681.0,,,,cc5,C,5,excess,XLF,TLT,2024-26,-21.84992987208446,-2.2950966041205914,,,,,,,,,,,,,,,,,,,,,,,
reg,,,1006.0,,,,cc5,C,5,excess,XLF,UUP,2020-23,6.035380312619232,0.5585097388510033,,,,,,,,,,,,,,,,,,,,,,,
reg,,,681.0,,,,cc5,C,5,excess,XLF,UUP,2024-26,-8.914939100090942,-0.8925341783413983,,,,,,,,,,,,,,,,,,,,,,,
reg,,,1006.0,,,,cc5,C,5,excess,XLF,USO,2020-23,14.565130653595235,1.2546565001946495,,,,,,,,,,,,,,,,,,,,,,,
reg,,,681.0,,,,cc5,C,5,excess,XLF,USO,2024-26,-1.7623870129784993,-0.1768463576146249,,,,,,,,,,,,,,,,,,,,,,,
reg,,,1006.0,,,,cc5,C,5,excess,XLF,GLD,2020-23,-1.6283299150955268,-0.14695385233752684,,,,,,,,,,,,,,,,,,,,,,,
reg,,,681.0,,,,cc5,C,5,excess,XLF,GLD,2024-26,0.821169337727135,0.08602484385743384,,,,,,,,,,,,,,,,,,,,,,,
reg,,,1006.0,,,,cc5,C,5,excess,XLF,HYG,2020-23,-9.472685611524886,-0.7099760292778219,,,,,,,,,,,,,,,,,,,,,,,
reg,,,681.0,,,,cc5,C,5,excess,XLF,HYG,2024-26,-3.915600807059921,-0.4129416878292132,,,,,,,,,,,,,,,,,,,,,,,
reg,,,748.0,,,,cc5,C,5,excess,XLF,BTC,2020-23,10.26645022079523,0.9826938369494861,,,,,,,,,,,,,,,,,,,,,,,
reg,,,681.0,,,,cc5,C,5,excess,XLF,BTC,2024-26,-0.6579024637611314,-0.05924459275086855,,,,,,,,,,,,,,,,,,,,,,,
reg,,,1006.0,,,,cc5,C,5,excess,XLF,VIX,2020-23,-9.420029053260688,-0.6412446840379067,,,,,,,,,,,,,,,,,,,,,,,
reg,,,681.0,,,,cc5,C,5,excess,XLF,VIX,2024-26,-5.551080045048888,-0.6763830462811601,,,,,,,,,,,,,,,,,,,,,,,
reg,,,1006.0,,,,cc5,C,5,excess,XLF,SPY,2020-23,5.7297317450715815,0.3894505869210753,,,,,,,,,,,,,,,,,,,,,,,
reg,,,681.0,,,,cc5,C,5,excess,XLF,SPY,2024-26,8.688602429306105,1.0031857771358077,,,,,,,,,,,,,,,,,,,,,,,
reg,,,1006.0,,,,cc5,C,5,excess,XLE,TLT,2020-23,-51.3060641134716,-1.7376973355902243,,,,,,,,,,,,,,,,,,,,,,,
reg,,,681.0,,,,cc5,C,5,excess,XLE,TLT,2024-26,-19.573635866039965,-0.9775629422994355,,,,,,,,,,,,,,,,,,,,,,,
reg,,,1006.0,,,,cc5,C,5,excess,XLE,UUP,2020-23,22.50573533341015,0.7290096549376189,,,,,,,,,,,,,,,,,,,,,,,
reg,,,681.0,,,,cc5,C,5,excess,XLE,UUP,2024-26,-27.773945125835656,-1.323885324814133,,,,,,,,,,,,,,,,,,,,,,,
reg,,,1006.0,,,,cc5,C,5,excess,XLE,USO,2020-23,-8.382736470230517,-0.22116275596995655,,,,,,,,,,,,,,,,,,,,,,,
reg,,,681.0,,,,cc5,C,5,excess,XLE,USO,2024-26,5.0985157018059795,0.1987529981037901,,,,,,,,,,,,,,,,,,,,,,,
reg,,,1006.0,,,,cc5,C,5,excess,XLE,GLD,2020-23,-24.418480952757065,-1.1698205975353615,,,,,,,,,,,,,,,,,,,,,,,
reg,,,681.0,,,,cc5,C,5,excess,XLE,GLD,2024-26,32.61556542717441,1.1551722519485346,,,,,,,,,,,,,,,,,,,,,,,
reg,,,1006.0,,,,cc5,C,5,excess,XLE,HYG,2020-23,42.637312385616944,1.212119807577477,,,,,,,,,,,,,,,,,,,,,,,
reg,,,681.0,,,,cc5,C,5,excess,XLE,HYG,2024-26,3.852523035107696,0.1510823948740071,,,,,,,,,,,,,,,,,,,,,,,
reg,,,748.0,,,,cc5,C,5,excess,XLE,BTC,2020-23,18.378721604266477,0.5378854164021675,,,,,,,,,,,,,,,,,,,,,,,
reg,,,681.0,,,,cc5,C,5,excess,XLE,BTC,2024-26,8.709184726623944,0.4488980456431064,,,,,,,,,,,,,,,,,,,,,,,
reg,,,1006.0,,,,cc5,C,5,excess,XLE,VIX,2020-23,-35.846937194504555,-1.075445576480952,,,,,,,,,,,,,,,,,,,,,,,
reg,,,681.0,,,,cc5,C,5,excess,XLE,VIX,2024-26,-24.19929611607503,-1.1645132974932224,,,,,,,,,,,,,,,,,,,,,,,
reg,,,1006.0,,,,cc5,C,5,excess,XLE,SPY,2020-23,43.58333439057382,1.2804603062363233,,,,,,,,,,,,,,,,,,,,,,,
reg,,,681.0,,,,cc5,C,5,excess,XLE,SPY,2024-26,40.43292576701118,1.5802138927359812,,,,,,,,,,,,,,,,,,,,,,,
reg,,,1006.0,,,,cc5,C,5,excess,XLV,TLT,2020-23,11.350814959797411,0.9723718044002584,,,,,,,,,,,,,,,,,,,,,,,
reg,,,681.0,,,,cc5,C,5,excess,XLV,TLT,2024-26,-1.5754904388610202,-0.12815341011554082,,,,,,,,,,,,,,,,,,,,,,,
reg,,,1006.0,,,,cc5,C,5,excess,XLV,UUP,2020-23,-16.62314262677345,-1.618055433409156,,,,,,,,,,,,,,,,,,,,,,,
reg,,,681.0,,,,cc5,C,5,excess,XLV,UUP,2024-26,3.326375074649847,0.26000692278744864,,,,,,,,,,,,,,,,,,,,,,,
reg,,,1006.0,,,,cc5,C,5,excess,XLV,USO,2020-23,9.763239202937731,0.8967528861768683,,,,,,,,,,,,,,,,,,,,,,,
reg,,,681.0,,,,cc5,C,5,excess,XLV,USO,2024-26,-2.874263333386948,-0.18447546541240947,,,,,,,,,,,,,,,,,,,,,,,
reg,,,1006.0,,,,cc5,C,5,excess,XLV,GLD,2020-23,14.254377609596945,1.3243056202113586,,,,,,,,,,,,,,,,,,,,,,,
reg,,,681.0,,,,cc5,C,5,excess,XLV,GLD,2024-26,-1.8313766640763323,-0.14825174684831105,,,,,,,,,,,,,,,,,,,,,,,
reg,,,1006.0,,,,cc5,C,5,excess,XLV,HYG,2020-23,8.62245246643002,0.737479619574656,,,,,,,,,,,,,,,,,,,,,,,
reg,,,681.0,,,,cc5,C,5,excess,XLV,HYG,2024-26,-2.7075895454182253,-0.18301671993150292,,,,,,,,,,,,,,,,,,,,,,,
reg,,,748.0,,,,cc5,C,5,excess,XLV,BTC,2020-23,-11.867214387667143,-1.1293856588309865,,,,,,,,,,,,,,,,,,,,,,,
reg,,,681.0,,,,cc5,C,5,excess,XLV,BTC,2024-26,-27.93342412352255,-2.1980958295291764,,,,,,,,,,,,,,,,,,,,,,,
reg,,,1006.0,,,,cc5,C,5,excess,XLV,VIX,2020-23,4.8379157906689345,0.37353406226591995,,,,,,,,,,,,,,,,,,,,,,,
reg,,,681.0,,,,cc5,C,5,excess,XLV,VIX,2024-26,10.541397517338398,0.7440016526574755,,,,,,,,,,,,,,,,,,,,,,,
reg,,,1006.0,,,,cc5,C,5,excess,XLV,SPY,2020-23,2.313297010893299,0.18735549190729325,,,,,,,,,,,,,,,,,,,,,,,
reg,,,681.0,,,,cc5,C,5,excess,XLV,SPY,2024-26,-0.9409043503449819,-0.05633631467809465,,,,,,,,,,,,,,,,,,,,,,,
reg,,,1006.0,,,,cc5,C,5,excess,XLI,TLT,2020-23,-11.330898793793697,-1.3409671924066444,,,,,,,,,,,,,,,,,,,,,,,
reg,,,681.0,,,,cc5,C,5,excess,XLI,TLT,2024-26,-1.6416371821550615,-0.20141669746775245,,,,,,,,,,,,,,,,,,,,,,,
reg,,,1006.0,,,,cc5,C,5,excess,XLI,UUP,2020-23,3.1351487731076055,0.3222760729767164,,,,,,,,,,,,,,,,,,,,,,,
reg,,,681.0,,,,cc5,C,5,excess,XLI,UUP,2024-26,0.5170489743395575,0.06255461593348423,,,,,,,,,,,,,,,,,,,,,,,
reg,,,1006.0,,,,cc5,C,5,excess,XLI,USO,2020-23,5.274660195999305,0.40119619517367056,,,,,,,,,,,,,,,,,,,,,,,
reg,,,681.0,,,,cc5,C,5,excess,XLI,USO,2024-26,-3.3231024556504294,-0.33615578845469524,,,,,,,,,,,,,,,,,,,,,,,
reg,,,1006.0,,,,cc5,C,5,excess,XLI,GLD,2020-23,5.242447193747865,0.5689736617304076,,,,,,,,,,,,,,,,,,,,,,,
reg,,,681.0,,,,cc5,C,5,excess,XLI,GLD,2024-26,-3.0475821326393584,-0.39907363426332826,,,,,,,,,,,,,,,,,,,,,,,
reg,,,1006.0,,,,cc5,C,5,excess,XLI,HYG,2020-23,4.587318478838304,0.3027034061964822,,,,,,,,,,,,,,,,,,,,,,,
reg,,,681.0,,,,cc5,C,5,excess,XLI,HYG,2024-26,3.8599337652186887,0.5212089032562348,,,,,,,,,,,,,,,,,,,,,,,
reg,,,748.0,,,,cc5,C,5,excess,XLI,BTC,2020-23,15.188556937097932,1.9496407424291662,,,,,,,,,,,,,,,,,,,,,,,
reg,,,681.0,,,,cc5,C,5,excess,XLI,BTC,2024-26,-16.881031755326838,-1.7901183884286123,,,,,,,,,,,,,,,,,,,,,,,
reg,,,1006.0,,,,cc5,C,5,excess,XLI,VIX,2020-23,-5.475013038674314,-0.5284172542318164,,,,,,,,,,,,,,,,,,,,,,,
reg,,,681.0,,,,cc5,C,5,excess,XLI,VIX,2024-26,8.443227411283093,1.0841687623457732,,,,,,,,,,,,,,,,,,,,,,,
reg,,,1006.0,,,,cc5,C,5,excess,XLI,SPY,2020-23,12.369025237111389,0.9496871957003648,,,,,,,,,,,,,,,,,,,,,,,
reg,,,681.0,,,,cc5,C,5,excess,XLI,SPY,2024-26,-4.589943550447601,-0.5810198551230017,,,,,,,,,,,,,,,,,,,,,,,
reg,,,1006.0,,,,cc5,C,5,excess,XLY,TLT,2020-23,-9.525928972958145,-0.8021579886127866,,,,,,,,,,,,,,,,,,,,,,,
reg,,,681.0,,,,cc5,C,5,excess,XLY,TLT,2024-26,-7.559793411096152,-0.7428030923718576,,,,,,,,,,,,,,,,,,,,,,,
reg,,,1006.0,,,,cc5,C,5,excess,XLY,UUP,2020-23,19.283016205820672,1.7567153905163342,,,,,,,,,,,,,,,,,,,,,,,
reg,,,681.0,,,,cc5,C,5,excess,XLY,UUP,2024-26,5.604224625001636,0.6477555398848867,,,,,,,,,,,,,,,,,,,,,,,
reg,,,1006.0,,,,cc5,C,5,excess,XLY,USO,2020-23,-2.4527700635023075,-0.19879331284926544,,,,,,,,,,,,,,,,,,,,,,,
reg,,,681.0,,,,cc5,C,5,excess,XLY,USO,2024-26,1.5698692493056403,0.17056785814854464,,,,,,,,,,,,,,,,,,,,,,,
reg,,,1006.0,,,,cc5,C,5,excess,XLY,GLD,2020-23,-7.578433496710965,-0.5914919105189241,,,,,,,,,,,,,,,,,,,,,,,
reg,,,681.0,,,,cc5,C,5,excess,XLY,GLD,2024-26,0.9555340621573698,0.10954617372409814,,,,,,,,,,,,,,,,,,,,,,,
reg,,,1006.0,,,,cc5,C,5,excess,XLY,HYG,2020-23,-5.327943738462957,-0.42115122087572016,,,,,,,,,,,,,,,,,,,,,,,
reg,,,681.0,,,,cc5,C,5,excess,XLY,HYG,2024-26,11.708593162950091,1.5016837934025973,,,,,,,,,,,,,,,,,,,,,,,
reg,,,748.0,,,,cc5,C,5,excess,XLY,BTC,2020-23,5.608121728552609,0.5669047157613964,,,,,,,,,,,,,,,,,,,,,,,
reg,,,681.0,,,,cc5,C,5,excess,XLY,BTC,2024-26,4.137934665347952,0.4413052633586173,,,,,,,,,,,,,,,,,,,,,,,
reg,,,1006.0,,,,cc5,C,5,excess,XLY,VIX,2020-23,-3.574913837559344,-0.3658902485358103,,,,,,,,,,,,,,,,,,,,,,,
reg,,,681.0,,,,cc5,C,5,excess,XLY,VIX,2024-26,-19.247450646461544,-2.6532322619940163,,,,,,,,,,,,,,,,,,,,,,,
reg,,,1006.0,,,,cc5,C,5,excess,XLY,SPY,2020-23,1.4732678122347185,0.1190998990557402,,,,,,,,,,,,,,,,,,,,,,,
reg,,,681.0,,,,cc5,C,5,excess,XLY,SPY,2024-26,6.595711210811047,0.7983842410782875,,,,,,,,,,,,,,,,,,,,,,,
reg,,,1006.0,,,,cc5,C,5,excess,XLP,TLT,2020-23,-0.5531489834526022,-0.0366159120850324,,,,,,,,,,,,,,,,,,,,,,,
reg,,,681.0,,,,cc5,C,5,excess,XLP,TLT,2024-26,-7.653137294441677,-0.5906953397205797,,,,,,,,,,,,,,,,,,,,,,,
reg,,,1006.0,,,,cc5,C,5,excess,XLP,UUP,2020-23,-45.815172534505194,-3.534320845301608,,,,,,,,,,,,,,,,,,,,,,,
reg,,,681.0,,,,cc5,C,5,excess,XLP,UUP,2024-26,4.742123494351959,0.31390612376535015,,,,,,,,,,,,,,,,,,,,,,,
reg,,,1006.0,,,,cc5,C,5,excess,XLP,USO,2020-23,19.990358447708026,1.0772576305605035,,,,,,,,,,,,,,,,,,,,,,,
reg,,,681.0,,,,cc5,C,5,excess,XLP,USO,2024-26,1.5397087260832787,0.1201477924500738,,,,,,,,,,,,,,,,,,,,,,,
reg,,,1006.0,,,,cc5,C,5,excess,XLP,GLD,2020-23,29.942643102052315,2.374137057848156,,,,,,,,,,,,,,,,,,,,,,,
reg,,,681.0,,,,cc5,C,5,excess,XLP,GLD,2024-26,12.030704824624417,0.7691030176264857,,,,,,,,,,,,,,,,,,,,,,,
reg,,,1006.0,,,,cc5,C,5,excess,XLP,HYG,2020-23,22.247336670639328,1.1964088031878481,,,,,,,,,,,,,,,,,,,,,,,
reg,,,681.0,,,,cc5,C,5,excess,XLP,HYG,2024-26,-5.156481870971018,-0.392617065103244,,,,,,,,,,,,,,,,,,,,,,,
reg,,,748.0,,,,cc5,C,5,excess,XLP,BTC,2020-23,0.8469461962581039,0.07979523725108394,,,,,,,,,,,,,,,,,,,,,,,
reg,,,681.0,,,,cc5,C,5,excess,XLP,BTC,2024-26,-2.7263337533943237,-0.1868642065402188,,,,,,,,,,,,,,,,,,,,,,,
reg,,,1006.0,,,,cc5,C,5,excess,XLP,VIX,2020-23,-5.482841495579415,-0.3290428736288933,,,,,,,,,,,,,,,,,,,,,,,
reg,,,681.0,,,,cc5,C,5,excess,XLP,VIX,2024-26,4.562041304747238,0.35138383816610197,,,,,,,,,,,,,,,,,,,,,,,
reg,,,1006.0,,,,cc5,C,5,excess,XLP,SPY,2020-23,23.379544004007094,1.2757060498498793,,,,,,,,,,,,,,,,,,,,,,,
reg,,,681.0,,,,cc5,C,5,excess,XLP,SPY,2024-26,20.751269631371997,1.588367216460905,,,,,,,,,,,,,,,,,,,,,,,
reg,,,1006.0,,,,cc5,C,5,excess,XLU,TLT,2020-23,6.42649931566133,0.4218448070224713,,,,,,,,,,,,,,,,,,,,,,,
reg,,,681.0,,,,cc5,C,5,excess,XLU,TLT,2024-26,-26.863170744870203,-1.8247376421459702,,,,,,,,,,,,,,,,,,,,,,,
reg,,,1006.0,,,,cc5,C,5,excess,XLU,UUP,2020-23,-12.913952900002366,-0.8044677927220374,,,,,,,,,,,,,,,,,,,,,,,
reg,,,681.0,,,,cc5,C,5,excess,XLU,UUP,2024-26,21.24508732788596,1.2383420823293527,,,,,,,,,,,,,,,,,,,,,,,
reg,,,1006.0,,,,cc5,C,5,excess,XLU,USO,2020-23,39.159531755857095,3.4915303103765307,,,,,,,,,,,,,,,,,,,,,,,
reg,,,681.0,,,,cc5,C,5,excess,XLU,USO,2024-26,-2.8055389433760425,-0.18165040248445616,,,,,,,,,,,,,,,,,,,,,,,
reg,,,1006.0,,,,cc5,C,5,excess,XLU,GLD,2020-23,18.324910112661353,1.1957251805736948,,,,,,,,,,,,,,,,,,,,,,,
reg,,,681.0,,,,cc5,C,5,excess,XLU,GLD,2024-26,-4.499944864448033,-0.2954634931848503,,,,,,,,,,,,,,,,,,,,,,,
reg,,,1006.0,,,,cc5,C,5,excess,XLU,HYG,2020-23,6.006742039056274,0.3130157692817823,,,,,,,,,,,,,,,,,,,,,,,
reg,,,681.0,,,,cc5,C,5,excess,XLU,HYG,2024-26,-13.805999903201993,-0.9312215839420565,,,,,,,,,,,,,,,,,,,,,,,
reg,,,748.0,,,,cc5,C,5,excess,XLU,BTC,2020-23,-4.097677343199746,-0.31432641435810393,,,,,,,,,,,,,,,,,,,,,,,
reg,,,681.0,,,,cc5,C,5,excess,XLU,BTC,2024-26,-0.5626544311241447,-0.03090302641604975,,,,,,,,,,,,,,,,,,,,,,,
reg,,,1006.0,,,,cc5,C,5,excess,XLU,VIX,2020-23,-16.531655076951335,-0.9029348781984957,,,,,,,,,,,,,,,,,,,,,,,
reg,,,681.0,,,,cc5,C,5,excess,XLU,VIX,2024-26,8.947401413762396,0.5961358248558787,,,,,,,,,,,,,,,,,,,,,,,
reg,,,1006.0,,,,cc5,C,5,excess,XLU,SPY,2020-23,20.3955956269461,1.2037642517056124,,,,,,,,,,,,,,,,,,,,,,,
reg,,,681.0,,,,cc5,C,5,excess,XLU,SPY,2024-26,2.9896238987373653,0.20041706367682388,,,,,,,,,,,,,,,,,,,,,,,
reg,,,1006.0,,,,cc5,C,5,excess,XLB,TLT,2020-23,-2.9774547454401707,-0.3225465202336487,,,,,,,,,,,,,,,,,,,,,,,
reg,,,681.0,,,,cc5,C,5,excess,XLB,TLT,2024-26,-18.743356135037498,-1.5601330040636054,,,,,,,,,,,,,,,,,,,,,,,
reg,,,1006.0,,,,cc5,C,5,excess,XLB,UUP,2020-23,12.507469718960078,1.4084593749368841,,,,,,,,,,,,,,,,,,,,,,,
reg,,,681.0,,,,cc5,C,5,excess,XLB,UUP,2024-26,-7.910642984477378,-0.7198377201140439,,,,,,,,,,,,,,,,,,,,,,,
reg,,,1006.0,,,,cc5,C,5,excess,XLB,USO,2020-23,-11.460181165994209,-1.191374513989085,,,,,,,,,,,,,,,,,,,,,,,
reg,,,681.0,,,,cc5,C,5,excess,XLB,USO,2024-26,-9.851979226882957,-0.9498828886335475,,,,,,,,,,,,,,,,,,,,,,,
reg,,,1006.0,,,,cc5,C,5,excess,XLB,GLD,2020-23,-8.646550413636874,-0.9762930043601932,,,,,,,,,,,,,,,,,,,,,,,
reg,,,681.0,,,,cc5,C,5,excess,XLB,GLD,2024-26,-21.229729111391478,-1.3205525608043853,,,,,,,,,,,,,,,,,,,,,,,
reg,,,1006.0,,,,cc5,C,5,excess,XLB,HYG,2020-23,-15.195858327021828,-1.4215050077604774,,,,,,,,,,,,,,,,,,,,,,,
reg,,,681.0,,,,cc5,C,5,excess,XLB,HYG,2024-26,5.048005841326963,0.5162983027945639,,,,,,,,,,,,,,,,,,,,,,,
reg,,,748.0,,,,cc5,C,5,excess,XLB,BTC,2020-23,28.119693239180105,2.686071141662481,,,,,,,,,,,,,,,,,,,,,,,
reg,,,681.0,,,,cc5,C,5,excess,XLB,BTC,2024-26,-11.287766768579221,-0.8210998789599343,,,,,,,,,,,,,,,,,,,,,,,
reg,,,1006.0,,,,cc5,C,5,excess,XLB,VIX,2020-23,8.875956706593751,1.1407293171554205,,,,,,,,,,,,,,,,,,,,,,,
reg,,,681.0,,,,cc5,C,5,excess,XLB,VIX,2024-26,8.961985744970677,0.8100990134284638,,,,,,,,,,,,,,,,,,,,,,,
reg,,,1006.0,,,,cc5,C,5,excess,XLB,SPY,2020-23,-9.65470767170949,-0.9101658610758123,,,,,,,,,,,,,,,,,,,,,,,
reg,,,681.0,,,,cc5,C,5,excess,XLB,SPY,2024-26,-5.938236596211827,-0.5250914230898972,,,,,,,,,,,,,,,,,,,,,,,
reg,,,1006.0,,,,cc5,C,5,excess,XLRE,TLT,2020-23,11.363790211758337,0.9914611030010849,,,,,,,,,,,,,,,,,,,,,,,
reg,,,681.0,,,,cc5,C,5,excess,XLRE,TLT,2024-26,-14.515422858057162,-0.9527053767453539,,,,,,,,,,,,,,,,,,,,,,,
reg,,,1006.0,,,,cc5,C,5,excess,XLRE,UUP,2020-23,-2.3009031522156267,-0.16850178041584574,,,,,,,,,,,,,,,,,,,,,,,
reg,,,681.0,,,,cc5,C,5,excess,XLRE,UUP,2024-26,4.1668878826066695,0.33124185640661163,,,,,,,,,,,,,,,,,,,,,,,
reg,,,1006.0,,,,cc5,C,5,excess,XLRE,USO,2020-23,38.69057042619519,2.4372696174059376,,,,,,,,,,,,,,,,,,,,,,,
reg,,,681.0,,,,cc5,C,5,excess,XLRE,USO,2024-26,-0.9732947135549124,-0.08591440479529501,,,,,,,,,,,,,,,,,,,,,,,
reg,,,1006.0,,,,cc5,C,5,excess,XLRE,GLD,2020-23,12.665577785078055,0.7698422613482452,,,,,,,,,,,,,,,,,,,,,,,
reg,,,681.0,,,,cc5,C,5,excess,XLRE,GLD,2024-26,4.39954492536745,0.35698452317241175,,,,,,,,,,,,,,,,,,,,,,,
reg,,,1006.0,,,,cc5,C,5,excess,XLRE,HYG,2020-23,5.65238719366064,0.2348694646127888,,,,,,,,,,,,,,,,,,,,,,,
reg,,,681.0,,,,cc5,C,5,excess,XLRE,HYG,2024-26,-0.43565637839671933,-0.04484970851110392,,,,,,,,,,,,,,,,,,,,,,,
reg,,,748.0,,,,cc5,C,5,excess,XLRE,BTC,2020-23,7.630573354118276,0.677534501306118,,,,,,,,,,,,,,,,,,,,,,,
reg,,,681.0,,,,cc5,C,5,excess,XLRE,BTC,2024-26,-23.024101278242078,-1.5464991620984065,,,,,,,,,,,,,,,,,,,,,,,
reg,,,1006.0,,,,cc5,C,5,excess,XLRE,VIX,2020-23,-32.52559891355424,-1.8720633691551867,,,,,,,,,,,,,,,,,,,,,,,
reg,,,681.0,,,,cc5,C,5,excess,XLRE,VIX,2024-26,2.6023330024129887,0.20516525979793188,,,,,,,,,,,,,,,,,,,,,,,
reg,,,1006.0,,,,cc5,C,5,excess,XLRE,SPY,2020-23,21.306664904956627,0.9966565707551355,,,,,,,,,,,,,,,,,,,,,,,
reg,,,681.0,,,,cc5,C,5,excess,XLRE,SPY,2024-26,17.08712383876924,1.517771982451135,,,,,,,,,,,,,,,,,,,,,,,
reg,,,1006.0,,,,cc5,C,5,excess,XLC,TLT,2020-23,0.9280361991141285,0.09760552480757126,,,,,,,,,,,,,,,,,,,,,,,
reg,,,681.0,,,,cc5,C,5,excess,XLC,TLT,2024-26,11.396224080849366,1.466212289864972,,,,,,,,,,,,,,,,,,,,,,,
reg,,,1006.0,,,,cc5,C,5,excess,XLC,UUP,2020-23,6.108286233437961,0.6285241767648306,,,,,,,,,,,,,,,,,,,,,,,
reg,,,681.0,,,,cc5,C,5,excess,XLC,UUP,2024-26,-0.6913205766989483,-0.09139040854708176,,,,,,,,,,,,,,,,,,,,,,,
reg,,,1006.0,,,,cc5,C,5,excess,XLC,USO,2020-23,-5.082910509504538,-0.5858382528552288,,,,,,,,,,,,,,,,,,,,,,,
reg,,,681.0,,,,cc5,C,5,excess,XLC,USO,2024-26,0.5977331555644065,0.06583666753405197,,,,,,,,,,,,,,,,,,,,,,,
reg,,,1006.0,,,,cc5,C,5,excess,XLC,GLD,2020-23,-9.173557791402985,-1.1043555694829565,,,,,,,,,,,,,,,,,,,,,,,
reg,,,681.0,,,,cc5,C,5,excess,XLC,GLD,2024-26,27.234743111366498,3.3496808673930984,,,,,,,,,,,,,,,,,,,,,,,
reg,,,1006.0,,,,cc5,C,5,excess,XLC,HYG,2020-23,-7.595295219830038,-0.6677497517404244,,,,,,,,,,,,,,,,,,,,,,,
reg,,,681.0,,,,cc5,C,5,excess,XLC,HYG,2024-26,8.104645904891507,1.1446809099366393,,,,,,,,,,,,,,,,,,,,,,,
reg,,,748.0,,,,cc5,C,5,excess,XLC,BTC,2020-23,-17.753206365802278,-1.839531153850637,,,,,,,,,,,,,,,,,,,,,,,
reg,,,681.0,,,,cc5,C,5,excess,XLC,BTC,2024-26,3.8493597769367676,0.5367494986012817,,,,,,,,,,,,,,,,,,,,,,,
reg,,,1006.0,,,,cc5,C,5,excess,XLC,VIX,2020-23,6.34947668619675,0.81717311981989,,,,,,,,,,,,,,,,,,,,,,,
reg,,,681.0,,,,cc5,C,5,excess,XLC,VIX,2024-26,-16.08269366851665,-2.5998540139838995,,,,,,,,,,,,,,,,,,,,,,,
reg,,,1006.0,,,,cc5,C,5,excess,XLC,SPY,2020-23,-13.659643514564554,-1.4468109199187233,,,,,,,,,,,,,,,,,,,,,,,
reg,,,681.0,,,,cc5,C,5,excess,XLC,SPY,2024-26,11.929418691227154,1.6690810380177994,,,,,,,,,,,,,,,,,,,,,,,
reg,,,1006.0,,,,cc5,C,5,excess,SMH,TLT,2020-23,0.7623431527707266,0.04875517634114682,,,,,,,,,,,,,,,,,,,,,,,
reg,,,681.0,,,,cc5,C,5,excess,SMH,TLT,2024-26,4.144232623476177,0.2100626023386251,,,,,,,,,,,,,,,,,,,,,,,
reg,,,1006.0,,,,cc5,C,5,excess,SMH,UUP,2020-23,31.90879653876849,2.046544694845273,,,,,,,,,,,,,,,,,,,,,,,
reg,,,681.0,,,,cc5,C,5,excess,SMH,UUP,2024-26,14.879386787929393,0.6887085854408903,,,,,,,,,,,,,,,,,,,,,,,
reg,,,1006.0,,,,cc5,C,5,excess,SMH,USO,2020-23,-20.713552261228447,-1.3154277581933917,,,,,,,,,,,,,,,,,,,,,,,
reg,,,681.0,,,,cc5,C,5,excess,SMH,USO,2024-26,4.007899925180852,0.1866068229061173,,,,,,,,,,,,,,,,,,,,,,,
reg,,,1006.0,,,,cc5,C,5,excess,SMH,GLD,2020-23,-37.582890874426056,-2.2465147622508246,,,,,,,,,,,,,,,,,,,,,,,
reg,,,681.0,,,,cc5,C,5,excess,SMH,GLD,2024-26,-31.118335998253777,-1.3522319939738259,,,,,,,,,,,,,,,,,,,,,,,
reg,,,1006.0,,,,cc5,C,5,excess,SMH,HYG,2020-23,-9.188215360416265,-0.5776987239610373,,,,,,,,,,,,,,,,,,,,,,,
reg,,,681.0,,,,cc5,C,5,excess,SMH,HYG,2024-26,-11.608651101127894,-0.5451728519850895,,,,,,,,,,,,,,,,,,,,,,,
reg,,,748.0,,,,cc5,C,5,excess,SMH,BTC,2020-23,5.783305526948159,0.3337828917915323,,,,,,,,,,,,,,,,,,,,,,,
reg,,,681.0,,,,cc5,C,5,excess,SMH,BTC,2024-26,-26.202251943565425,-1.2820137585999696,,,,,,,,,,,,,,,,,,,,,,,
reg,,,1006.0,,,,cc5,C,5,excess,SMH,VIX,2020-23,4.335501230182213,0.30822929933626325,,,,,,,,,,,,,,,,,,,,,,,
reg,,,681.0,,,,cc5,C,5,excess,SMH,VIX,2024-26,12.456095747652496,0.6581518890584059,,,,,,,,,,,,,,,,,,,,,,,
reg,,,1006.0,,,,cc5,C,5,excess,SMH,SPY,2020-23,-16.857181973007386,-1.158888512810974,,,,,,,,,,,,,,,,,,,,,,,
reg,,,681.0,,,,cc5,C,5,excess,SMH,SPY,2024-26,-33.423166063494804,-1.6796832797469263,,,,,,,,,,,,,,,,,,,,,,,
reg,,,1006.0,,,,cc5,C,5,excess,XBI,TLT,2020-23,-3.6519255324943223,-0.15113711004396035,,,,,,,,,,,,,,,,,,,,,,,
reg,,,681.0,,,,cc5,C,5,excess,XBI,TLT,2024-26,-16.209702675886795,-0.8816836649407035,,,,,,,,,,,,,,,,,,,,,,,
reg,,,1006.0,,,,cc5,C,5,excess,XBI,UUP,2020-23,27.48769012384507,1.253515547746802,,,,,,,,,,,,,,,,,,,,,,,
reg,,,681.0,,,,cc5,C,5,excess,XBI,UUP,2024-26,-18.11775260065566,-1.0240385521903863,,,,,,,,,,,,,,,,,,,,,,,
reg,,,1006.0,,,,cc5,C,5,excess,XBI,USO,2020-23,-21.87044479839991,-0.9504880302813028,,,,,,,,,,,,,,,,,,,,,,,
reg,,,681.0,,,,cc5,C,5,excess,XBI,USO,2024-26,-20.64282667210207,-0.8631547468645018,,,,,,,,,,,,,,,,,,,,,,,
reg,,,1006.0,,,,cc5,C,5,excess,XBI,GLD,2020-23,-16.093239246080476,-0.6533418242984117,,,,,,,,,,,,,,,,,,,,,,,
reg,,,681.0,,,,cc5,C,5,excess,XBI,GLD,2024-26,-17.515383972694455,-0.9143568164824694,,,,,,,,,,,,,,,,,,,,,,,
reg,,,1006.0,,,,cc5,C,5,excess,XBI,HYG,2020-23,-6.4752817331585115,-0.208809239745083,,,,,,,,,,,,,,,,,,,,,,,
reg,,,681.0,,,,cc5,C,5,excess,XBI,HYG,2024-26,-14.624662028823948,-0.8753540194554257,,,,,,,,,,,,,,,,,,,,,,,
reg,,,748.0,,,,cc5,C,5,excess,XBI,BTC,2020-23,-36.62959452859305,-1.181631610460774,,,,,,,,,,,,,,,,,,,,,,,
reg,,,681.0,,,,cc5,C,5,excess,XBI,BTC,2024-26,-48.820535777475214,-2.5506960479022105,,,,,,,,,,,,,,,,,,,,,,,
reg,,,1006.0,,,,cc5,C,5,excess,XBI,VIX,2020-23,22.602114260120672,1.0129136740149027,,,,,,,,,,,,,,,,,,,,,,,
reg,,,681.0,,,,cc5,C,5,excess,XBI,VIX,2024-26,10.559691491189758,0.5580202894859951,,,,,,,,,,,,,,,,,,,,,,,
reg,,,1006.0,,,,cc5,C,5,excess,XBI,SPY,2020-23,-23.54566220572782,-0.8386877324961125,,,,,,,,,,,,,,,,,,,,,,,
reg,,,681.0,,,,cc5,C,5,excess,XBI,SPY,2024-26,-18.45044519635028,-0.9144450118062658,,,,,,,,,,,,,,,,,,,,,,,
reg,,,1006.0,,,,cc5,C,5,excess,KRE,TLT,2020-23,-21.382370867517427,-1.0261053706546701,,,,,,,,,,,,,,,,,,,,,,,
reg,,,681.0,,,,cc5,C,5,excess,KRE,TLT,2024-26,-39.30402615860489,-1.9216547625952989,,,,,,,,,,,,,,,,,,,,,,,
reg,,,1006.0,,,,cc5,C,5,excess,KRE,UUP,2020-23,12.638313386815259,0.5984268410587564,,,,,,,,,,,,,,,,,,,,,,,
reg,,,681.0,,,,cc5,C,5,excess,KRE,UUP,2024-26,-18.292638557700254,-0.8472548486512324,,,,,,,,,,,,,,,,,,,,,,,
reg,,,1006.0,,,,cc5,C,5,excess,KRE,USO,2020-23,10.901703490782898,0.33335979164559043,,,,,,,,,,,,,,,,,,,,,,,
reg,,,681.0,,,,cc5,C,5,excess,KRE,USO,2024-26,6.27677309945001,0.33789478963600716,,,,,,,,,,,,,,,,,,,,,,,
reg,,,1006.0,,,,cc5,C,5,excess,KRE,GLD,2020-23,9.677070261671544,0.47956494231916696,,,,,,,,,,,,,,,,,,,,,,,
reg,,,681.0,,,,cc5,C,5,excess,KRE,GLD,2024-26,6.970592408830183,0.36804672981807196,,,,,,,,,,,,,,,,,,,,,,,
reg,,,1006.0,,,,cc5,C,5,excess,KRE,HYG,2020-23,-6.326584372089517,-0.2761994804270657,,,,,,,,,,,,,,,,,,,,,,,
reg,,,681.0,,,,cc5,C,5,excess,KRE,HYG,2024-26,7.597888355912708,0.3509170782392396,,,,,,,,,,,,,,,,,,,,,,,
reg,,,748.0,,,,cc5,C,5,excess,KRE,BTC,2020-23,27.77704703922133,1.4565254686796718,,,,,,,,,,,,,,,,,,,,,,,
reg,,,681.0,,,,cc5,C,5,excess,KRE,BTC,2024-26,-35.8432992727387,-1.7066786927259074,,,,,,,,,,,,,,,,,,,,,,,
reg,,,1006.0,,,,cc5,C,5,excess,KRE,VIX,2020-23,-12.246054821233182,-0.43988748552644213,,,,,,,,,,,,,,,,,,,,,,,
reg,,,681.0,,,,cc5,C,5,excess,KRE,VIX,2024-26,-31.320904259314496,-2.1321856627053783,,,,,,,,,,,,,,,,,,,,,,,
reg,,,1006.0,,,,cc5,C,5,excess,KRE,SPY,2020-23,12.220632973821463,0.49595821004318724,,,,,,,,,,,,,,,,,,,,,,,
reg,,,681.0,,,,cc5,C,5,excess,KRE,SPY,2024-26,29.390151555131663,1.567149754020923,,,,,,,,,,,,,,,,,,,,,,,
reg,,,1006.0,,,,day0,O,1,raw,XLK,TLT,2020-23,-1.1568394499026753,-0.2003810956091764,,,,,,,,,,,,,,,,,,,,,,,
reg,,,686.0,,,,day0,O,1,raw,XLK,TLT,2024-26,-10.161555725833821,-1.5627380132999638,,,,,,,,,,,,,,,,,,,,,,,
reg,,,1006.0,,,,day0,O,1,raw,XLK,UUP,2020-23,5.763236889063736,0.9543762883076635,,,,,,,,,,,,,,,,,,,,,,,
reg,,,686.0,,,,day0,O,1,raw,XLK,UUP,2024-26,-3.6065713809874205,-0.6077785227514761,,,,,,,,,,,,,,,,,,,,,,,
reg,,,1006.0,,,,day0,O,1,raw,XLK,USO,2020-23,2.3699646123748295,0.41857030931426803,,,,,,,,,,,,,,,,,,,,,,,
reg,,,686.0,,,,day0,O,1,raw,XLK,USO,2024-26,4.648373614187468,0.7257758818546297,,,,,,,,,,,,,,,,,,,,,,,
reg,,,1006.0,,,,day0,O,1,raw,XLK,GLD,2020-23,-1.5034220900429192,-0.2439802177078945,,,,,,,,,,,,,,,,,,,,,,,
reg,,,686.0,,,,day0,O,1,raw,XLK,GLD,2024-26,-1.8349923958243899,-0.31952648558389074,,,,,,,,,,,,,,,,,,,,,,,
reg,,,1006.0,,,,day0,O,1,raw,XLK,HYG,2020-23,5.281265405824611,0.7122946942460437,,,,,,,,,,,,,,,,,,,,,,,
reg,,,686.0,,,,day0,O,1,raw,XLK,HYG,2024-26,-17.852629301674956,-1.6584794812298944,,,,,,,,,,,,,,,,,,,,,,,
reg,,,752.0,,,,day0,O,1,raw,XLK,BTC,2020-23,-0.3889230559421883,-0.0830236324130807,,,,,,,,,,,,,,,,,,,,,,,
reg,,,686.0,,,,day0,O,1,raw,XLK,BTC,2024-26,-13.774874873378028,-2.4240590379363054,,,,,,,,,,,,,,,,,,,,,,,
reg,,,1006.0,,,,day0,O,1,raw,XLK,VIX,2020-23,8.86313207766071,1.5539508482456512,,,,,,,,,,,,,,,,,,,,,,,
reg,,,686.0,,,,day0,O,1,raw,XLK,VIX,2024-26,13.118616829886626,2.0364157342457405,,,,,,,,,,,,,,,,,,,,,,,
reg,,,1006.0,,,,day0,O,1,raw,XLK,SPY,2020-23,5.738171950139474,0.8221146106248252,,,,,,,,,,,,,,,,,,,,,,,
reg,,,686.0,,,,day0,O,1,raw,XLK,SPY,2024-26,-13.513408370122148,-1.6796881458777213,,,,,,,,,,,,,,,,,,,,,,,
reg,,,1006.0,,,,day0,O,1,raw,XLF,TLT,2020-23,1.9963258997112219,0.4151393964402645,,,,,,,,,,,,,,,,,,,,,,,
reg,,,686.0,,,,day0,O,1,raw,XLF,TLT,2024-26,-5.43003009217026,-1.1461992492888313,,,,,,,,,,,,,,,,,,,,,,,
reg,,,1006.0,,,,day0,O,1,raw,XLF,UUP,2020-23,5.314820008623801,0.8640618707649269,,,,,,,,,,,,,,,,,,,,,,,
reg,,,686.0,,,,day0,O,1,raw,XLF,UUP,2024-26,4.176932315507503,1.055273904621047,,,,,,,,,,,,,,,,,,,,,,,
reg,,,1006.0,,,,day0,O,1,raw,XLF,USO,2020-23,1.7091027099974256,0.37064120129770933,,,,,,,,,,,,,,,,,,,,,,,
reg,,,686.0,,,,day0,O,1,raw,XLF,USO,2024-26,-2.367938145481937,-0.5127400340587976,,,,,,,,,,,,,,,,,,,,,,,
reg,,,1006.0,,,,day0,O,1,raw,XLF,GLD,2020-23,-1.2296634714343078,-0.2321169892805865,,,,,,,,,,,,,,,,,,,,,,,
reg,,,686.0,,,,day0,O,1,raw,XLF,GLD,2024-26,0.9867955616676872,0.2604062129685053,,,,,,,,,,,,,,,,,,,,,,,
reg,,,1006.0,,,,day0,O,1,raw,XLF,HYG,2020-23,7.788360705095884,1.2698723660209885,,,,,,,,,,,,,,,,,,,,,,,
reg,,,686.0,,,,day0,O,1,raw,XLF,HYG,2024-26,-4.34863565762518,-0.5484364697744177,,,,,,,,,,,,,,,,,,,,,,,
reg,,,752.0,,,,day0,O,1,raw,XLF,BTC,2020-23,-2.772944868867981,-0.7705369184782442,,,,,,,,,,,,,,,,,,,,,,,
reg,,,686.0,,,,day0,O,1,raw,XLF,BTC,2024-26,2.2512993111326867,0.6637922136754743,,,,,,,,,,,,,,,,,,,,,,,
reg,,,1006.0,,,,day0,O,1,raw,XLF,VIX,2020-23,0.5175726547568007,0.10971761205841477,,,,,,,,,,,,,,,,,,,,,,,
reg,,,686.0,,,,day0,O,1,raw,XLF,VIX,2024-26,4.461738601706648,0.9302168870927232,,,,,,,,,,,,,,,,,,,,,,,
reg,,,1006.0,,,,day0,O,1,raw,XLF,SPY,2020-23,5.13715443952403,0.8457994441338214,,,,,,,,,,,,,,,,,,,,,,,
reg,,,686.0,,,,day0,O,1,raw,XLF,SPY,2024-26,-4.02472961433716,-0.7276872913943917,,,,,,,,,,,,,,,,,,,,,,,
reg,,,1006.0,,,,day0,O,1,raw,XLE,TLT,2020-23,-5.000991241240685,-0.7417254999966358,,,,,,,,,,,,,,,,,,,,,,,
reg,,,686.0,,,,day0,O,1,raw,XLE,TLT,2024-26,-5.322008654383532,-0.8713729632663874,,,,,,,,,,,,,,,,,,,,,,,
reg,,,1006.0,,,,day0,O,1,raw,XLE,UUP,2020-23,2.798682584421927,0.3793949236333922,,,,,,,,,,,,,,,,,,,,,,,
reg,,,686.0,,,,day0,O,1,raw,XLE,UUP,2024-26,2.693472109516548,0.5837714794061252,,,,,,,,,,,,,,,,,,,,,,,
reg,,,1006.0,,,,day0,O,1,raw,XLE,USO,2020-23,1.7675390187023363,0.20028884458144106,,,,,,,,,,,,,,,,,,,,,,,
reg,,,686.0,,,,day0,O,1,raw,XLE,USO,2024-26,-9.43020722514585,-1.4742517478994313,,,,,,,,,,,,,,,,,,,,,,,
reg,,,1006.0,,,,day0,O,1,raw,XLE,GLD,2020-23,-1.4674458456242603,-0.21591525757666236,,,,,,,,,,,,,,,,,,,,,,,
reg,,,686.0,,,,day0,O,1,raw,XLE,GLD,2024-26,5.718567830384416,1.1372360779416684,,,,,,,,,,,,,,,,,,,,,,,
reg,,,1006.0,,,,day0,O,1,raw,XLE,HYG,2020-23,17.303540875811567,1.7235405920251543,,,,,,,,,,,,,,,,,,,,,,,
reg,,,686.0,,,,day0,O,1,raw,XLE,HYG,2024-26,2.5512796107857394,0.2550708072924877,,,,,,,,,,,,,,,,,,,,,,,
reg,,,752.0,,,,day0,O,1,raw,XLE,BTC,2020-23,3.5350136308509748,0.496010222327903,,,,,,,,,,,,,,,,,,,,,,,
reg,,,686.0,,,,day0,O,1,raw,XLE,BTC,2024-26,-1.1474010358249656,-0.2372421846288599,,,,,,,,,,,,,,,,,,,,,,,
reg,,,1006.0,,,,day0,O,1,raw,XLE,VIX,2020-23,3.0782485635229597,0.47749815157007064,,,,,,,,,,,,,,,,,,,,,,,
reg,,,686.0,,,,day0,O,1,raw,XLE,VIX,2024-26,7.53522413623662,1.0251536469822002,,,,,,,,,,,,,,,,,,,,,,,
reg,,,1006.0,,,,day0,O,1,raw,XLE,SPY,2020-23,19.77017195248081,2.5979961022128886,,,,,,,,,,,,,,,,,,,,,,,
reg,,,686.0,,,,day0,O,1,raw,XLE,SPY,2024-26,6.061169281774382,0.8076489371404231,,,,,,,,,,,,,,,,,,,,,,,
reg,,,1006.0,,,,day0,O,1,raw,XLV,TLT,2020-23,1.8758365528839067,0.45152616487778,,,,,,,,,,,,,,,,,,,,,,,
reg,,,686.0,,,,day0,O,1,raw,XLV,TLT,2024-26,5.606992458285489,1.382674881465253,,,,,,,,,,,,,,,,,,,,,,,
reg,,,1006.0,,,,day0,O,1,raw,XLV,UUP,2020-23,5.83980352544396,1.4749532646444952,,,,,,,,,,,,,,,,,,,,,,,
reg,,,686.0,,,,day0,O,1,raw,XLV,UUP,2024-26,-2.130487301111279,-0.48467285556450107,,,,,,,,,,,,,,,,,,,,,,,
reg,,,1006.0,,,,day0,O,1,raw,XLV,USO,2020-23,0.1083623322687588,0.02598582613666386,,,,,,,,,,,,,,,,,,,,,,,
reg,,,686.0,,,,day0,O,1,raw,XLV,USO,2024-26,-4.70533053017456,-1.1942709024520983,,,,,,,,,,,,,,,,,,,,,,,
reg,,,1006.0,,,,day0,O,1,raw,XLV,GLD,2020-23,1.4691638988110012,0.3845322891554205,,,,,,,,,,,,,,,,,,,,,,,
reg,,,686.0,,,,day0,O,1,raw,XLV,GLD,2024-26,7.263284481178198,2.107697862924127,,,,,,,,,,,,,,,,,,,,,,,
reg,,,1006.0,,,,day0,O,1,raw,XLV,HYG,2020-23,0.49854077507893424,0.10713495648765745,,,,,,,,,,,,,,,,,,,,,,,
reg,,,686.0,,,,day0,O,1,raw,XLV,HYG,2024-26,-0.18196365543004606,-0.024888704656565952,,,,,,,,,,,,,,,,,,,,,,,
reg,,,752.0,,,,day0,O,1,raw,XLV,BTC,2020-23,-0.7096285174267914,-0.2730628855456078,,,,,,,,,,,,,,,,,,,,,,,
reg,,,686.0,,,,day0,O,1,raw,XLV,BTC,2024-26,-0.38577648332202186,-0.10603163397008715,,,,,,,,,,,,,,,,,,,,,,,
reg,,,1006.0,,,,day0,O,1,raw,XLV,VIX,2020-23,3.638024176181444,0.8534126210268479,,,,,,,,,,,,,,,,,,,,,,,
reg,,,686.0,,,,day0,O,1,raw,XLV,VIX,2024-26,6.725212084333542,1.4939184333102928,,,,,,,,,,,,,,,,,,,,,,,
reg,,,1006.0,,,,day0,O,1,raw,XLV,SPY,2020-23,1.2285556659505956,0.26188938059531963,,,,,,,,,,,,,,,,,,,,,,,
reg,,,686.0,,,,day0,O,1,raw,XLV,SPY,2024-26,-1.444980178404832,-0.2652318814882054,,,,,,,,,,,,,,,,,,,,,,,
reg,,,1006.0,,,,day0,O,1,raw,XLI,TLT,2020-23,-1.6574049408651266,-0.3543234689832556,,,,,,,,,,,,,,,,,,,,,,,
reg,,,686.0,,,,day0,O,1,raw,XLI,TLT,2024-26,-5.003317213779057,-1.0428388773734694,,,,,,,,,,,,,,,,,,,,,,,
reg,,,1006.0,,,,day0,O,1,raw,XLI,UUP,2020-23,8.140906997439297,1.6980380364325158,,,,,,,,,,,,,,,,,,,,,,,
reg,,,686.0,,,,day0,O,1,raw,XLI,UUP,2024-26,2.296156256757592,0.4997897480704039,,,,,,,,,,,,,,,,,,,,,,,
reg,,,1006.0,,,,day0,O,1,raw,XLI,USO,2020-23,3.2225059484997423,0.7509907273135896,,,,,,,,,,,,,,,,,,,,,,,
reg,,,686.0,,,,day0,O,1,raw,XLI,USO,2024-26,-3.278760064387825,-0.6869457606985567,,,,,,,,,,,,,,,,,,,,,,,
reg,,,1006.0,,,,day0,O,1,raw,XLI,GLD,2020-23,-0.2253610708459671,-0.04553908407855955,,,,,,,,,,,,,,,,,,,,,,,
reg,,,686.0,,,,day0,O,1,raw,XLI,GLD,2024-26,3.5479079347449525,0.8825296813434526,,,,,,,,,,,,,,,,,,,,,,,
reg,,,1006.0,,,,day0,O,1,raw,XLI,HYG,2020-23,7.281191195274172,1.3605716543456596,,,,,,,,,,,,,,,,,,,,,,,
reg,,,686.0,,,,day0,O,1,raw,XLI,HYG,2024-26,-6.355252852629776,-0.7896150696607811,,,,,,,,,,,,,,,,,,,,,,,
reg,,,752.0,,,,day0,O,1,raw,XLI,BTC,2020-23,-5.798013945269358,-1.7726677871762335,,,,,,,,,,,,,,,,,,,,,,,
reg,,,686.0,,,,day0,O,1,raw,XLI,BTC,2024-26,-5.26344176616912,-1.5944129982584858,,,,,,,,,,,,,,,,,,,,,,,
reg,,,1006.0,,,,day0,O,1,raw,XLI,VIX,2020-23,1.136765282496114,0.24118462747663105,,,,,,,,,,,,,,,,,,,,,,,
reg,,,686.0,,,,day0,O,1,raw,XLI,VIX,2024-26,5.510074041027237,1.2270725557862647,,,,,,,,,,,,,,,,,,,,,,,
reg,,,1006.0,,,,day0,O,1,raw,XLI,SPY,2020-23,6.732690385985456,1.2043524581089442,,,,,,,,,,,,,,,,,,,,,,,
reg,,,686.0,,,,day0,O,1,raw,XLI,SPY,2024-26,-4.766518252579897,-0.8627440215826687,,,,,,,,,,,,,,,,,,,,,,,
reg,,,1006.0,,,,day0,O,1,raw,XLY,TLT,2020-23,2.7073140639730884,0.4809581057771696,,,,,,,,,,,,,,,,,,,,,,,
reg,,,686.0,,,,day0,O,1,raw,XLY,TLT,2024-26,0.4507414721240756,0.0936490953599628,,,,,,,,,,,,,,,,,,,,,,,
reg,,,1006.0,,,,day0,O,1,raw,XLY,UUP,2020-23,11.212758268596236,1.7728129561047667,,,,,,,,,,,,,,,,,,,,,,,
reg,,,686.0,,,,day0,O,1,raw,XLY,UUP,2024-26,0.3888208475431069,0.08191643993571301,,,,,,,,,,,,,,,,,,,,,,,
reg,,,1006.0,,,,day0,O,1,raw,XLY,USO,2020-23,-3.188443021293265,-0.6613497015127368,,,,,,,,,,,,,,,,,,,,,,,
reg,,,686.0,,,,day0,O,1,raw,XLY,USO,2024-26,-5.186095052893027,-1.1534164685405124,,,,,,,,,,,,,,,,,,,,,,,
reg,,,1006.0,,,,day0,O,1,raw,XLY,GLD,2020-23,-0.9057020289991067,-0.16085281353055267,,,,,,,,,,,,,,,,,,,,,,,
reg,,,686.0,,,,day0,O,1,raw,XLY,GLD,2024-26,-1.274058822537986,-0.30672431151997137,,,,,,,,,,,,,,,,,,,,,,,
reg,,,1006.0,,,,day0,O,1,raw,XLY,HYG,2020-23,5.588290472383259,0.9129964739440002,,,,,,,,,,,,,,,,,,,,,,,
reg,,,686.0,,,,day0,O,1,raw,XLY,HYG,2024-26,-14.490079670960943,-1.5725577598101423,,,,,,,,,,,,,,,,,,,,,,,
reg,,,752.0,,,,day0,O,1,raw,XLY,BTC,2020-23,-2.3476523360125148,-0.5130278620244781,,,,,,,,,,,,,,,,,,,,,,,
reg,,,686.0,,,,day0,O,1,raw,XLY,BTC,2024-26,-5.706052347897242,-1.2082489438908663,,,,,,,,,,,,,,,,,,,,,,,
reg,,,1006.0,,,,day0,O,1,raw,XLY,VIX,2020-23,2.676554236988386,0.5627022935916645,,,,,,,,,,,,,,,,,,,,,,,
reg,,,686.0,,,,day0,O,1,raw,XLY,VIX,2024-26,10.61250077657365,1.974384696495001,,,,,,,,,,,,,,,,,,,,,,,
reg,,,1006.0,,,,day0,O,1,raw,XLY,SPY,2020-23,2.640794643385904,0.411877692789415,,,,,,,,,,,,,,,,,,,,,,,
reg,,,686.0,,,,day0,O,1,raw,XLY,SPY,2024-26,-9.395615072216293,-1.4014689328785725,,,,,,,,,,,,,,,,,,,,,,,
reg,,,1006.0,,,,day0,O,1,raw,XLP,TLT,2020-23,0.8692833273181335,0.17595900281200175,,,,,,,,,,,,,,,,,,,,,,,
reg,,,686.0,,,,day0,O,1,raw,XLP,TLT,2024-26,4.706174573645835,1.2298853928814542,,,,,,,,,,,,,,,,,,,,,,,
reg,,,1006.0,,,,day0,O,1,raw,XLP,UUP,2020-23,2.3238397759222624,0.7049187982950768,,,,,,,,,,,,,,,,,,,,,,,
reg,,,686.0,,,,day0,O,1,raw,XLP,UUP,2024-26,-5.144566601674117,-1.5998736014800052,,,,,,,,,,,,,,,,,,,,,,,
reg,,,1006.0,,,,day0,O,1,raw,XLP,USO,2020-23,-1.3342703752913898,-0.300519884566267,,,,,,,,,,,,,,,,,,,,,,,
reg,,,686.0,,,,day0,O,1,raw,XLP,USO,2024-26,-5.778551711497151,-1.5221946702591227,,,,,,,,,,,,,,,,,,,,,,,
reg,,,1006.0,,,,day0,O,1,raw,XLP,GLD,2020-23,-0.36573646281842176,-0.0826479876170415,,,,,,,,,,,,,,,,,,,,,,,
reg,,,686.0,,,,day0,O,1,raw,XLP,GLD,2024-26,7.414505738587787,2.119395712900464,,,,,,,,,,,,,,,,,,,,,,,
reg,,,1006.0,,,,day0,O,1,raw,XLP,HYG,2020-23,-0.3261477084774457,-0.05830857010524768,,,,,,,,,,,,,,,,,,,,,,,
reg,,,686.0,,,,day0,O,1,raw,XLP,HYG,2024-26,0.6893575228030651,0.12318054973059624,,,,,,,,,,,,,,,,,,,,,,,
reg,,,752.0,,,,day0,O,1,raw,XLP,BTC,2020-23,-0.534680060282064,-0.2064518418329724,,,,,,,,,,,,,,,,,,,,,,,
reg,,,686.0,,,,day0,O,1,raw,XLP,BTC,2024-26,2.3286206573315824,0.6058949840330523,,,,,,,,,,,,,,,,,,,,,,,
reg,,,1006.0,,,,day0,O,1,raw,XLP,VIX,2020-23,3.8358909223546025,0.9572390693744394,,,,,,,,,,,,,,,,,,,,,,,
reg,,,686.0,,,,day0,O,1,raw,XLP,VIX,2024-26,1.382025586633226,0.41466060693025,,,,,,,,,,,,,,,,,,,,,,,
reg,,,1006.0,,,,day0,O,1,raw,XLP,SPY,2020-23,-0.1865385660282472,-0.03566635915428197,,,,,,,,,,,,,,,,,,,,,,,
reg,,,686.0,,,,day0,O,1,raw,XLP,SPY,2024-26,-0.7118823422680478,-0.16114666508811903,,,,,,,,,,,,,,,,,,,,,,,
reg,,,1006.0,,,,day0,O,1,raw,XLU,TLT,2020-23,-1.1031725474190681,-0.15619295714901157,,,,,,,,,,,,,,,,,,,,,,,
reg,,,686.0,,,,day0,O,1,raw,XLU,TLT,2024-26,0.9186878173851522,0.18412472696737442,,,,,,,,,,,,,,,,,,,,,,,
reg,,,1006.0,,,,day0,O,1,raw,XLU,UUP,2020-23,3.519630648522882,0.5047603708192391,,,,,,,,,,,,,,,,,,,,,,,
reg,,,686.0,,,,day0,O,1,raw,XLU,UUP,2024-26,-3.74873910512034,-1.0480346212850398,,,,,,,,,,,,,,,,,,,,,,,
reg,,,1006.0,,,,day0,O,1,raw,XLU,USO,2020-23,1.4372781503828338,0.25108588132178256,,,,,,,,,,,,,,,,,,,,,,,
reg,,,686.0,,,,day0,O,1,raw,XLU,USO,2024-26,-0.6213427692581948,-0.12591943820573812,,,,,,,,,,,,,,,,,,,,,,,
reg,,,1006.0,,,,day0,O,1,raw,XLU,GLD,2020-23,11.892291166705084,2.2191297282927227,,,,,,,,,,,,,,,,,,,,,,,
reg,,,686.0,,,,day0,O,1,raw,XLU,GLD,2024-26,9.075552392191467,2.5962029030145026,,,,,,,,,,,,,,,,,,,,,,,
reg,,,1006.0,,,,day0,O,1,raw,XLU,HYG,2020-23,16.395810562726833,2.7148793225307073,,,,,,,,,,,,,,,,,,,,,,,
reg,,,686.0,,,,day0,O,1,raw,XLU,HYG,2024-26,6.741109103575942,0.9708513806150533,,,,,,,,,,,,,,,,,,,,,,,
reg,,,752.0,,,,day0,O,1,raw,XLU,BTC,2020-23,-0.20089563248211895,-0.04386434325645724,,,,,,,,,,,,,,,,,,,,,,,
reg,,,686.0,,,,day0,O,1,raw,XLU,BTC,2024-26,6.256391031252187,1.2844289783039686,,,,,,,,,,,,,,,,,,,,,,,
reg,,,1006.0,,,,day0,O,1,raw,XLU,VIX,2020-23,3.450260262062007,0.5714685524332356,,,,,,,,,,,,,,,,,,,,,,,
reg,,,686.0,,,,day0,O,1,raw,XLU,VIX,2024-26,-3.7775597326948294,-0.7554606806727717,,,,,,,,,,,,,,,,,,,,,,,
reg,,,1006.0,,,,day0,O,1,raw,XLU,SPY,2020-23,13.81597772262543,2.183984758437718,,,,,,,,,,,,,,,,,,,,,,,
reg,,,686.0,,,,day0,O,1,raw,XLU,SPY,2024-26,0.4905607405125897,0.08675511320256796,,,,,,,,,,,,,,,,,,,,,,,
reg,,,1006.0,,,,day0,O,1,raw,XLB,TLT,2020-23,2.335118883322574,0.34691723969187227,,,,,,,,,,,,,,,,,,,,,,,
reg,,,686.0,,,,day0,O,1,raw,XLB,TLT,2024-26,1.7438426724128353,0.3980611206009623,,,,,,,,,,,,,,,,,,,,,,,
reg,,,1006.0,,,,day0,O,1,raw,XLB,UUP,2020-23,0.4209524598883621,0.04962030839707947,,,,,,,,,,,,,,,,,,,,,,,
reg,,,686.0,,,,day0,O,1,raw,XLB,UUP,2024-26,0.7434419019891301,0.13471664413434112,,,,,,,,,,,,,,,,,,,,,,,
reg,,,1006.0,,,,day0,O,1,raw,XLB,USO,2020-23,-4.329389834165933,-0.600408934315509,,,,,,,,,,,,,,,,,,,,,,,
reg,,,686.0,,,,day0,O,1,raw,XLB,USO,2024-26,-7.090668064179238,-1.5707403867620404,,,,,,,,,,,,,,,,,,,,,,,
reg,,,1006.0,,,,day0,O,1,raw,XLB,GLD,2020-23,-7.3703261008418615,-1.0043808575981237,,,,,,,,,,,,,,,,,,,,,,,
reg,,,686.0,,,,day0,O,1,raw,XLB,GLD,2024-26,5.039659848518656,1.2774942698861544,,,,,,,,,,,,,,,,,,,,,,,
reg,,,1006.0,,,,day0,O,1,raw,XLB,HYG,2020-23,3.2811768316071888,0.31223224321086374,,,,,,,,,,,,,,,,,,,,,,,
reg,,,686.0,,,,day0,O,1,raw,XLB,HYG,2024-26,-4.734888570101625,-0.5716001512812909,,,,,,,,,,,,,,,,,,,,,,,
reg,,,752.0,,,,day0,O,1,raw,XLB,BTC,2020-23,-3.2637816779955373,-0.9294528812439425,,,,,,,,,,,,,,,,,,,,,,,
reg,,,686.0,,,,day0,O,1,raw,XLB,BTC,2024-26,-3.925115780033578,-1.1177252392153627,,,,,,,,,,,,,,,,,,,,,,,
reg,,,1006.0,,,,day0,O,1,raw,XLB,VIX,2020-23,-1.2722173642221852,-0.26130148433069866,,,,,,,,,,,,,,,,,,,,,,,
reg,,,686.0,,,,day0,O,1,raw,XLB,VIX,2024-26,3.6203166095087522,0.6930665422545345,,,,,,,,,,,,,,,,,,,,,,,
reg,,,1006.0,,,,day0,O,1,raw,XLB,SPY,2020-23,-1.6947958705854151,-0.1559782826733247,,,,,,,,,,,,,,,,,,,,,,,
reg,,,686.0,,,,day0,O,1,raw,XLB,SPY,2024-26,-1.1300633000776437,-0.20242305560370946,,,,,,,,,,,,,,,,,,,,,,,
reg,,,1006.0,,,,day0,O,1,raw,XLRE,TLT,2020-23,3.622504442080259,0.4845409961808608,,,,,,,,,,,,,,,,,,,,,,,
reg,,,686.0,,,,day0,O,1,raw,XLRE,TLT,2024-26,3.3733174521941223,0.7301334819897803,,,,,,,,,,,,,,,,,,,,,,,
reg,,,1006.0,,,,day0,O,1,raw,XLRE,UUP,2020-23,8.188447719089707,1.0769121201279486,,,,,,,,,,,,,,,,,,,,,,,
reg,,,686.0,,,,day0,O,1,raw,XLRE,UUP,2024-26,-5.262165700793224,-1.2882599308410212,,,,,,,,,,,,,,,,,,,,,,,
reg,,,1006.0,,,,day0,O,1,raw,XLRE,USO,2020-23,5.011976103170778,0.692452521633674,,,,,,,,,,,,,,,,,,,,,,,
reg,,,686.0,,,,day0,O,1,raw,XLRE,USO,2024-26,-0.8705049813820769,-0.18374888484881943,,,,,,,,,,,,,,,,,,,,,,,
reg,,,1006.0,,,,day0,O,1,raw,XLRE,GLD,2020-23,12.785032348383359,2.0644060634367767,,,,,,,,,,,,,,,,,,,,,,,
reg,,,686.0,,,,day0,O,1,raw,XLRE,GLD,2024-26,6.05843803367734,1.7462341134569865,,,,,,,,,,,,,,,,,,,,,,,
reg,,,1006.0,,,,day0,O,1,raw,XLRE,HYG,2020-23,24.825976010763405,3.5089269343272242,,,,,,,,,,,,,,,,,,,,,,,
reg,,,686.0,,,,day0,O,1,raw,XLRE,HYG,2024-26,-0.7580785229798258,-0.09639603738232315,,,,,,,,,,,,,,,,,,,,,,,
reg,,,752.0,,,,day0,O,1,raw,XLRE,BTC,2020-23,0.8020798007649381,0.19703340428885852,,,,,,,,,,,,,,,,,,,,,,,
reg,,,686.0,,,,day0,O,1,raw,XLRE,BTC,2024-26,3.8091479834013433,1.0762432123575603,,,,,,,,,,,,,,,,,,,,,,,
reg,,,1006.0,,,,day0,O,1,raw,XLRE,VIX,2020-23,4.9979293305060315,0.8277360016380166,,,,,,,,,,,,,,,,,,,,,,,
reg,,,686.0,,,,day0,O,1,raw,XLRE,VIX,2024-26,-3.5701171895479815,-0.6438003607293148,,,,,,,,,,,,,,,,,,,,,,,
reg,,,1006.0,,,,day0,O,1,raw,XLRE,SPY,2020-23,20.18870386317954,2.382699012945106,,,,,,,,,,,,,,,,,,,,,,,
reg,,,686.0,,,,day0,O,1,raw,XLRE,SPY,2024-26,-3.235715376156763,-0.5367875356307443,,,,,,,,,,,,,,,,,,,,,,,
reg,,,1006.0,,,,day0,O,1,raw,XLC,TLT,2020-23,1.2105993231755012,0.2373805921408256,,,,,,,,,,,,,,,,,,,,,,,
reg,,,686.0,,,,day0,O,1,raw,XLC,TLT,2024-26,-1.704530181267113,-0.35977975510786225,,,,,,,,,,,,,,,,,,,,,,,
reg,,,1006.0,,,,day0,O,1,raw,XLC,UUP,2020-23,4.762109861719911,0.8127922409890853,,,,,,,,,,,,,,,,,,,,,,,
reg,,,686.0,,,,day0,O,1,raw,XLC,UUP,2024-26,-2.18601867810301,-0.5717024417423932,,,,,,,,,,,,,,,,,,,,,,,
reg,,,1006.0,,,,day0,O,1,raw,XLC,USO,2020-23,0.6910680861941332,0.13950234176343881,,,,,,,,,,,,,,,,,,,,,,,
reg,,,686.0,,,,day0,O,1,raw,XLC,USO,2024-26,-1.3208422894185854,-0.3032544955398614,,,,,,,,,,,,,,,,,,,,,,,
reg,,,1006.0,,,,day0,O,1,raw,XLC,GLD,2020-23,-4.22975230257934,-0.7820471912648846,,,,,,,,,,,,,,,,,,,,,,,
reg,,,686.0,,,,day0,O,1,raw,XLC,GLD,2024-26,2.6109189571792597,0.6534782426350668,,,,,,,,,,,,,,,,,,,,,,,
reg,,,1006.0,,,,day0,O,1,raw,XLC,HYG,2020-23,1.6632883483476484,0.25534201459834754,,,,,,,,,,,,,,,,,,,,,,,
reg,,,686.0,,,,day0,O,1,raw,XLC,HYG,2024-26,-7.6736168349426395,-0.9455826809088231,,,,,,,,,,,,,,,,,,,,,,,
reg,,,752.0,,,,day0,O,1,raw,XLC,BTC,2020-23,-0.3658909524942972,-0.08390641122828832,,,,,,,,,,,,,,,,,,,,,,,
reg,,,686.0,,,,day0,O,1,raw,XLC,BTC,2024-26,-7.585209710102157,-2.1029753817527452,,,,,,,,,,,,,,,,,,,,,,,
reg,,,1006.0,,,,day0,O,1,raw,XLC,VIX,2020-23,0.29525106527124434,0.06798901135943629,,,,,,,,,,,,,,,,,,,,,,,
reg,,,686.0,,,,day0,O,1,raw,XLC,VIX,2024-26,6.941819366199372,1.3136794140609516,,,,,,,,,,,,,,,,,,,,,,,
reg,,,1006.0,,,,day0,O,1,raw,XLC,SPY,2020-23,-0.3068930596464964,-0.047801217243734845,,,,,,,,,,,,,,,,,,,,,,,
reg,,,686.0,,,,day0,O,1,raw,XLC,SPY,2024-26,-6.98402189598495,-1.1780885824506333,,,,,,,,,,,,,,,,,,,,,,,
reg,,,1006.0,,,,day0,O,1,raw,SMH,TLT,2020-23,-7.913776230966823,-1.1050869040198865,,,,,,,,,,,,,,,,,,,,,,,
reg,,,686.0,,,,day0,O,1,raw,SMH,TLT,2024-26,-14.056751641835554,-1.6211071003320945,,,,,,,,,,,,,,,,,,,,,,,
reg,,,1006.0,,,,day0,O,1,raw,SMH,UUP,2020-23,7.685640443555109,0.9889585916403507,,,,,,,,,,,,,,,,,,,,,,,
reg,,,686.0,,,,day0,O,1,raw,SMH,UUP,2024-26,-1.8298288501777766,-0.23564609900310204,,,,,,,,,,,,,,,,,,,,,,,
reg,,,1006.0,,,,day0,O,1,raw,SMH,USO,2020-23,6.109305302871079,0.9640428027050088,,,,,,,,,,,,,,,,,,,,,,,
reg,,,686.0,,,,day0,O,1,raw,SMH,USO,2024-26,6.645265044710667,0.7604711711304059,,,,,,,,,,,,,,,,,,,,,,,
reg,,,1006.0,,,,day0,O,1,raw,SMH,GLD,2020-23,1.9249284874643058,0.2718139036149634,,,,,,,,,,,,,,,,,,,,,,,
reg,,,686.0,,,,day0,O,1,raw,SMH,GLD,2024-26,-1.0186660313307545,-0.12777056458377198,,,,,,,,,,,,,,,,,,,,,,,
reg,,,1006.0,,,,day0,O,1,raw,SMH,HYG,2020-23,12.637599819835735,1.2930324326966132,,,,,,,,,,,,,,,,,,,,,,,
reg,,,686.0,,,,day0,O,1,raw,SMH,HYG,2024-26,-25.43326666684691,-1.8841241265663904,,,,,,,,,,,,,,,,,,,,,,,
reg,,,752.0,,,,day0,O,1,raw,SMH,BTC,2020-23,1.2406991572124777,0.17886540000750034,,,,,,,,,,,,,,,,,,,,,,,
reg,,,686.0,,,,day0,O,1,raw,SMH,BTC,2024-26,-20.99319500631236,-2.3258047441746834,,,,,,,,,,,,,,,,,,,,,,,
reg,,,1006.0,,,,day0,O,1,raw,SMH,VIX,2020-23,15.195547608492918,2.0641972470810206,,,,,,,,,,,,,,,,,,,,,,,
reg,,,686.0,,,,day0,O,1,raw,SMH,VIX,2024-26,20.290552251693946,2.1335626394759872,,,,,,,,,,,,,,,,,,,,,,,
reg,,,1006.0,,,,day0,O,1,raw,SMH,SPY,2020-23,16.391670901842918,2.079824668912864,,,,,,,,,,,,,,,,,,,,,,,
reg,,,686.0,,,,day0,O,1,raw,SMH,SPY,2024-26,-17.282689292419573,-1.5390450862221159,,,,,,,,,,,,,,,,,,,,,,,
reg,,,1006.0,,,,day0,O,1,raw,XBI,TLT,2020-23,14.003521076162302,1.7712296383514015,,,,,,,,,,,,,,,,,,,,,,,
reg,,,686.0,,,,day0,O,1,raw,XBI,TLT,2024-26,5.212844893317244,0.8942464117555466,,,,,,,,,,,,,,,,,,,,,,,
reg,,,1006.0,,,,day0,O,1,raw,XBI,UUP,2020-23,12.203925094272574,1.2654011334664401,,,,,,,,,,,,,,,,,,,,,,,
reg,,,686.0,,,,day0,O,1,raw,XBI,UUP,2024-26,-12.217206177441303,-1.708970660959764,,,,,,,,,,,,,,,,,,,,,,,
reg,,,1006.0,,,,day0,O,1,raw,XBI,USO,2020-23,-11.468117062344952,-1.6260836769070728,,,,,,,,,,,,,,,,,,,,,,,
reg,,,686.0,,,,day0,O,1,raw,XBI,USO,2024-26,-8.714944869543347,-1.2149925719133186,,,,,,,,,,,,,,,,,,,,,,,
reg,,,1006.0,,,,day0,O,1,raw,XBI,GLD,2020-23,4.216669951258492,0.5501863475564374,,,,,,,,,,,,,,,,,,,,,,,
reg,,,686.0,,,,day0,O,1,raw,XBI,GLD,2024-26,4.822004032635249,0.813797960399054,,,,,,,,,,,,,,,,,,,,,,,
reg,,,1006.0,,,,day0,O,1,raw,XBI,HYG,2020-23,6.144214230928145,0.7876324732897623,,,,,,,,,,,,,,,,,,,,,,,
reg,,,686.0,,,,day0,O,1,raw,XBI,HYG,2024-26,-12.920176836754859,-1.2257590039419588,,,,,,,,,,,,,,,,,,,,,,,
reg,,,752.0,,,,day0,O,1,raw,XBI,BTC,2020-23,2.386501865439594,0.27312060744693206,,,,,,,,,,,,,,,,,,,,,,,
reg,,,686.0,,,,day0,O,1,raw,XBI,BTC,2024-26,-7.2607576479655105,-1.0714133307381326,,,,,,,,,,,,,,,,,,,,,,,
reg,,,1006.0,,,,day0,O,1,raw,XBI,VIX,2020-23,11.222454232783354,1.5174926361472925,,,,,,,,,,,,,,,,,,,,,,,
reg,,,686.0,,,,day0,O,1,raw,XBI,VIX,2024-26,13.615084271104731,2.156284353171575,,,,,,,,,,,,,,,,,,,,,,,
reg,,,1006.0,,,,day0,O,1,raw,XBI,SPY,2020-23,-1.4858512759380758,-0.17097219024694116,,,,,,,,,,,,,,,,,,,,,,,
reg,,,686.0,,,,day0,O,1,raw,XBI,SPY,2024-26,-12.819195072822042,-1.6391306677893316,,,,,,,,,,,,,,,,,,,,,,,
reg,,,1006.0,,,,day0,O,1,raw,KRE,TLT,2020-23,-5.3446809060285,-0.6282341705112425,,,,,,,,,,,,,,,,,,,,,,,
reg,,,686.0,,,,day0,O,1,raw,KRE,TLT,2024-26,-8.986301669058431,-1.2264106136153972,,,,,,,,,,,,,,,,,,,,,,,
reg,,,1006.0,,,,day0,O,1,raw,KRE,UUP,2020-23,12.986922084239811,1.4296559587258573,,,,,,,,,,,,,,,,,,,,,,,
reg,,,686.0,,,,day0,O,1,raw,KRE,UUP,2024-26,17.124303483595117,2.5600737833650173,,,,,,,,,,,,,,,,,,,,,,,
reg,,,1006.0,,,,day0,O,1,raw,KRE,USO,2020-23,4.297117439156087,0.39766112185281394,,,,,,,,,,,,,,,,,,,,,,,
reg,,,686.0,,,,day0,O,1,raw,KRE,USO,2024-26,-7.007278514068018,-1.1143382844939869,,,,,,,,,,,,,,,,,,,,,,,
reg,,,1006.0,,,,day0,O,1,raw,KRE,GLD,2020-23,-9.173914381979815,-1.2230503158073873,,,,,,,,,,,,,,,,,,,,,,,
reg,,,686.0,,,,day0,O,1,raw,KRE,GLD,2024-26,-6.076497208757655,-1.0712502651103628,,,,,,,,,,,,,,,,,,,,,,,
reg,,,1006.0,,,,day0,O,1,raw,KRE,HYG,2020-23,20.01443495688529,2.3242895052370436,,,,,,,,,,,,,,,,,,,,,,,
reg,,,686.0,,,,day0,O,1,raw,KRE,HYG,2024-26,-10.932332013924494,-1.2171467329074923,,,,,,,,,,,,,,,,,,,,,,,
reg,,,752.0,,,,day0,O,1,raw,KRE,BTC,2020-23,-11.906550615700308,-2.018771143879543,,,,,,,,,,,,,,,,,,,,,,,
reg,,,686.0,,,,day0,O,1,raw,KRE,BTC,2024-26,-1.3020399944267778,-0.2204144194554835,,,,,,,,,,,,,,,,,,,,,,,
reg,,,1006.0,,,,day0,O,1,raw,KRE,VIX,2020-23,5.052961463188752,0.7531096725577117,,,,,,,,,,,,,,,,,,,,,,,
reg,,,686.0,,,,day0,O,1,raw,KRE,VIX,2024-26,11.243517646686072,1.4132545913844126,,,,,,,,,,,,,,,,,,,,,,,
reg,,,1006.0,,,,day0,O,1,raw,KRE,SPY,2020-23,15.576909456331542,1.8589818214948284,,,,,,,,,,,,,,,,,,,,,,,
reg,,,686.0,,,,day0,O,1,raw,KRE,SPY,2024-26,-8.061953832643544,-0.982922524262325,,,,,,,,,,,,,,,,,,,,,,,
reg,,,1006.0,,,,day0,O,1,excess,XLK,TLT,2020-23,-0.11152013397606449,-0.05190379073604856,,,,,,,,,,,,,,,,,,,,,,,
reg,,,686.0,,,,day0,O,1,excess,XLK,TLT,2024-26,-5.866144136120933,-2.2339127396484835,,,,,,,,,,,,,,,,,,,,,,,
reg,,,1006.0,,,,day0,O,1,excess,XLK,UUP,2020-23,-0.8081271215204774,-0.3218315351214192,,,,,,,,,,,,,,,,,,,,,,,
reg,,,686.0,,,,day0,O,1,excess,XLK,UUP,2024-26,-1.792430420236939,-0.7768804416352156,,,,,,,,,,,,,,,,,,,,,,,
reg,,,1006.0,,,,day0,O,1,excess,XLK,USO,2020-23,0.1048247882304516,0.03689770177737986,,,,,,,,,,,,,,,,,,,,,,,
reg,,,686.0,,,,day0,O,1,excess,XLK,USO,2024-26,5.512596440073685,1.9215165970701764,,,,,,,,,,,,,,,,,,,,,,,
reg,,,1006.0,,,,day0,O,1,excess,XLK,GLD,2020-23,-1.8754188160326029,-0.7463822141647857,,,,,,,,,,,,,,,,,,,,,,,
reg,,,686.0,,,,day0,O,1,excess,XLK,GLD,2024-26,-3.5750841964342004,-1.1879477749771057,,,,,,,,,,,,,,,,,,,,,,,
reg,,,1006.0,,,,day0,O,1,excess,XLK,HYG,2020-23,-1.5567635822096995,-0.5212129480552752,,,,,,,,,,,,,,,,,,,,,,,
reg,,,686.0,,,,day0,O,1,excess,XLK,HYG,2024-26,-8.495812034893445,-2.897814431755977,,,,,,,,,,,,,,,,,,,,,,,
reg,,,752.0,,,,day0,O,1,excess,XLK,BTC,2020-23,0.7103501896236825,0.3631619325130646,,,,,,,,,,,,,,,,,,,,,,,
reg,,,686.0,,,,day0,O,1,excess,XLK,BTC,2024-26,-7.78719523947321,-2.5201555786257335,,,,,,,,,,,,,,,,,,,,,,,
reg,,,1006.0,,,,day0,O,1,excess,XLK,VIX,2020-23,5.386527779957818,2.4868410191272963,,,,,,,,,,,,,,,,,,,,,,,
reg,,,686.0,,,,day0,O,1,excess,XLK,VIX,2024-26,5.536986708746067,2.1136056364569398,,,,,,,,,,,,,,,,,,,,,,,
reg,,,1006.0,,,,day0,O,1,excess,XLK,SPY,2020-23,-0.13160807791124463,-0.04698048651425323,,,,,,,,,,,,,,,,,,,,,,,
reg,,,686.0,,,,day0,O,1,excess,XLK,SPY,2024-26,-6.704397017521748,-2.1633765881381954,,,,,,,,,,,,,,,,,,,,,,,
reg,,,1006.0,,,,day0,O,1,excess,XLF,TLT,2020-23,3.0416452156378297,1.025037022325809,,,,,,,,,,,,,,,,,,,,,,,
reg,,,686.0,,,,day0,O,1,excess,XLF,TLT,2024-26,-1.1346185024573656,-0.45675838604267677,,,,,,,,,,,,,,,,,,,,,,,
reg,,,1006.0,,,,day0,O,1,excess,XLF,UUP,2020-23,-1.2565440019604124,-0.2928945131910639,,,,,,,,,,,,,,,,,,,,,,,
reg,,,686.0,,,,day0,O,1,excess,XLF,UUP,2024-26,5.991073276257979,2.529057550496545,,,,,,,,,,,,,,,,,,,,,,,
reg,,,1006.0,,,,day0,O,1,excess,XLF,USO,2020-23,-0.5560371141469453,-0.15397074341677305,,,,,,,,,,,,,,,,,,,,,,,
reg,,,686.0,,,,day0,O,1,excess,XLF,USO,2024-26,-1.5037153195957194,-0.6043275928466701,,,,,,,,,,,,,,,,,,,,,,,
reg,,,1006.0,,,,day0,O,1,excess,XLF,GLD,2020-23,-1.6016601974240086,-0.45795498642185767,,,,,,,,,,,,,,,,,,,,,,,
reg,,,686.0,,,,day0,O,1,excess,XLF,GLD,2024-26,-0.7532962389421255,-0.30566538515713904,,,,,,,,,,,,,,,,,,,,,,,
reg,,,1006.0,,,,day0,O,1,excess,XLF,HYG,2020-23,0.9503317170615673,0.23828552149706286,,,,,,,,,,,,,,,,,,,,,,,
reg,,,686.0,,,,day0,O,1,excess,XLF,HYG,2024-26,5.008181609156314,1.942913202667683,,,,,,,,,,,,,,,,,,,,,,,
reg,,,752.0,,,,day0,O,1,excess,XLF,BTC,2020-23,-1.673671623302117,-0.6919889289035751,,,,,,,,,,,,,,,,,,,,,,,
reg,,,686.0,,,,day0,O,1,excess,XLF,BTC,2024-26,8.238978945037525,3.0882324289022764,,,,,,,,,,,,,,,,,,,,,,,
reg,,,1006.0,,,,day0,O,1,excess,XLF,VIX,2020-23,-2.9590316429460817,-1.2944156842246424,,,,,,,,,,,,,,,,,,,,,,,
reg,,,686.0,,,,day0,O,1,excess,XLF,VIX,2024-26,-3.119891519433913,-1.4474634561322106,,,,,,,,,,,,,,,,,,,,,,,
reg,,,1006.0,,,,day0,O,1,excess,XLF,SPY,2020-23,-0.732625588526693,-0.1824120712255067,,,,,,,,,,,,,,,,,,,,,,,
reg,,,686.0,,,,day0,O,1,excess,XLF,SPY,2024-26,2.784281738263247,0.9945672626494934,,,,,,,,,,,,,,,,,,,,,,,
reg,,,1006.0,,,,day0,O,1,excess,XLE,TLT,2020-23,-3.955671925314068,-0.6394408482637661,,,,,,,,,,,,,,,,,,,,,,,
reg,,,686.0,,,,day0,O,1,excess,XLE,TLT,2024-26,-1.0265970646706477,-0.2227042351183484,,,,,,,,,,,,,,,,,,,,,,,
reg,,,1006.0,,,,day0,O,1,excess,XLE,UUP,2020-23,-3.7726814261622996,-0.5906440658187859,,,,,,,,,,,,,,,,,,,,,,,
reg,,,686.0,,,,day0,O,1,excess,XLE,UUP,2024-26,4.507613070267024,1.0421158674164954,,,,,,,,,,,,,,,,,,,,,,,
reg,,,1006.0,,,,day0,O,1,excess,XLE,USO,2020-23,-0.49760080544204016,-0.05472739190111845,,,,,,,,,,,,,,,,,,,,,,,
reg,,,686.0,,,,day0,O,1,excess,XLE,USO,2024-26,-8.565984399259628,-1.3924454680635618,,,,,,,,,,,,,,,,,,,,,,,
reg,,,1006.0,,,,day0,O,1,excess,XLE,GLD,2020-23,-1.8394425716139358,-0.290923537797128,,,,,,,,,,,,,,,,,,,,,,,
reg,,,686.0,,,,day0,O,1,excess,XLE,GLD,2024-26,3.978476029774601,0.7856125646571558,,,,,,,,,,,,,,,,,,,,,,,
reg,,,1006.0,,,,day0,O,1,excess,XLE,HYG,2020-23,10.465511887777266,1.1558183405415958,,,,,,,,,,,,,,,,,,,,,,,
reg,,,686.0,,,,day0,O,1,excess,XLE,HYG,2024-26,11.90809687756724,2.522632547653391,,,,,,,,,,,,,,,,,,,,,,,
reg,,,752.0,,,,day0,O,1,excess,XLE,BTC,2020-23,4.634286876416847,0.7486925864399944,,,,,,,,,,,,,,,,,,,,,,,
reg,,,686.0,,,,day0,O,1,excess,XLE,BTC,2024-26,4.840278598079864,1.1993161754841581,,,,,,,,,,,,,,,,,,,,,,,
reg,,,1006.0,,,,day0,O,1,excess,XLE,VIX,2020-23,-0.3983557341799323,-0.07670487902876999,,,,,,,,,,,,,,,,,,,,,,,
reg,,,686.0,,,,day0,O,1,excess,XLE,VIX,2024-26,-0.04640598490393864,-0.009521310869351752,,,,,,,,,,,,,,,,,,,,,,,
reg,,,1006.0,,,,day0,O,1,excess,XLE,SPY,2020-23,13.900391924430094,1.849550285538211,,,,,,,,,,,,,,,,,,,,,,,
reg,,,686.0,,,,day0,O,1,excess,XLE,SPY,2024-26,12.870180634374792,2.7351090604873147,,,,,,,,,,,,,,,,,,,,,,,
reg,,,1006.0,,,,day0,O,1,excess,XLV,TLT,2020-23,2.921155868810518,1.138734737867346,,,,,,,,,,,,,,,,,,,,,,,
reg,,,686.0,,,,day0,O,1,excess,XLV,TLT,2024-26,9.902404047998374,2.889952419363149,,,,,,,,,,,,,,,,,,,,,,,
reg,,,1006.0,,,,day0,O,1,excess,XLV,UUP,2020-23,-0.7315604851402587,-0.2696384219697825,,,,,,,,,,,,,,,,,,,,,,,
reg,,,686.0,,,,day0,O,1,excess,XLV,UUP,2024-26,-0.3163463403608064,-0.08256345199599095,,,,,,,,,,,,,,,,,,,,,,,
reg,,,1006.0,,,,day0,O,1,excess,XLV,USO,2020-23,-2.1567774918756175,-0.9013433645850023,,,,,,,,,,,,,,,,,,,,,,,
reg,,,686.0,,,,day0,O,1,excess,XLV,USO,2024-26,-3.8411077042883446,-1.1468009602554983,,,,,,,,,,,,,,,,,,,,,,,
reg,,,1006.0,,,,day0,O,1,excess,XLV,GLD,2020-23,1.097167172821312,0.49714886061800717,,,,,,,,,,,,,,,,,,,,,,,
reg,,,686.0,,,,day0,O,1,excess,XLV,GLD,2024-26,5.523192680568381,1.5901770583607726,,,,,,,,,,,,,,,,,,,,,,,
reg,,,1006.0,,,,day0,O,1,excess,XLV,HYG,2020-23,-6.339488212955371,-2.603107347044849,,,,,,,,,,,,,,,,,,,,,,,
reg,,,686.0,,,,day0,O,1,excess,XLV,HYG,2024-26,9.174853611351452,2.4774375756779925,,,,,,,,,,,,,,,,,,,,,,,
reg,,,752.0,,,,day0,O,1,excess,XLV,BTC,2020-23,0.3896447281390782,0.18082763851346842,,,,,,,,,,,,,,,,,,,,,,,
reg,,,686.0,,,,day0,O,1,excess,XLV,BTC,2024-26,5.601903150582797,1.4118606381165373,,,,,,,,,,,,,,,,,,,,,,,
reg,,,1006.0,,,,day0,O,1,excess,XLV,VIX,2020-23,0.16141987847855885,0.08466340634720293,,,,,,,,,,,,,,,,,,,,,,,
reg,,,686.0,,,,day0,O,1,excess,XLV,VIX,2024-26,-0.8564180368070181,-0.2758336139555852,,,,,,,,,,,,,,,,,,,,,,,
reg,,,1006.0,,,,day0,O,1,excess,XLV,SPY,2020-23,-4.6412243621001315,-1.720310398114638,,,,,,,,,,,,,,,,,,,,,,,
reg,,,686.0,,,,day0,O,1,excess,XLV,SPY,2024-26,5.364031174195575,1.4453441356225052,,,,,,,,,,,,,,,,,,,,,,,
reg,,,1006.0,,,,day0,O,1,excess,XLI,TLT,2020-23,-0.6120856249385106,-0.3142122674647063,,,,,,,,,,,,,,,,,,,,,,,
reg,,,686.0,,,,day0,O,1,excess,XLI,TLT,2024-26,-0.7079056240661673,-0.33321300244535923,,,,,,,,,,,,,,,,,,,,,,,
reg,,,1006.0,,,,day0,O,1,excess,XLI,UUP,2020-23,1.5695429868550774,0.7261221291439828,,,,,,,,,,,,,,,,,,,,,,,
reg,,,686.0,,,,day0,O,1,excess,XLI,UUP,2024-26,4.110297217508076,2.461966859799857,,,,,,,,,,,,,,,,,,,,,,,
reg,,,1006.0,,,,day0,O,1,excess,XLI,USO,2020-23,0.957366124355373,0.36135514898459326,,,,,,,,,,,,,,,,,,,,,,,
reg,,,686.0,,,,day0,O,1,excess,XLI,USO,2024-26,-2.414537238501605,-1.1459061651748315,,,,,,,,,,,,,,,,,,,,,,,
reg,,,1006.0,,,,day0,O,1,excess,XLI,GLD,2020-23,-0.5973577968356476,-0.26948412977034836,,,,,,,,,,,,,,,,,,,,,,,
reg,,,686.0,,,,day0,O,1,excess,XLI,GLD,2024-26,1.8078161341351398,0.7554558654121912,,,,,,,,,,,,,,,,,,,,,,,
reg,,,1006.0,,,,day0,O,1,excess,XLI,HYG,2020-23,0.44316220723986066,0.16774656905117652,,,,,,,,,,,,,,,,,,,,,,,
reg,,,686.0,,,,day0,O,1,excess,XLI,HYG,2024-26,3.001564414151714,1.2949940790369556,,,,,,,,,,,,,,,,,,,,,,,
reg,,,752.0,,,,day0,O,1,excess,XLI,BTC,2020-23,-4.6987406997034995,-2.5668057366280723,,,,,,,,,,,,,,,,,,,,,,,
reg,,,686.0,,,,day0,O,1,excess,XLI,BTC,2024-26,0.7242378677357045,0.30486631958453725,,,,,,,,,,,,,,,,,,,,,,,
reg,,,1006.0,,,,day0,O,1,excess,XLI,VIX,2020-23,-2.339839015206768,-1.2490677260149143,,,,,,,,,,,,,,,,,,,,,,,
reg,,,686.0,,,,day0,O,1,excess,XLI,VIX,2024-26,-2.0715560801133184,-0.9807697790786285,,,,,,,,,,,,,,,,,,,,,,,
reg,,,1006.0,,,,day0,O,1,excess,XLI,SPY,2020-23,0.8629103579347286,0.3118728253578382,,,,,,,,,,,,,,,,,,,,,,,
reg,,,686.0,,,,day0,O,1,excess,XLI,SPY,2024-26,2.0424931000205078,0.8718508572920536,,,,,,,,,,,,,,,,,,,,,,,
reg,,,1006.0,,,,day0,O,1,excess,XLY,TLT,2020-23,3.7526333798997036,1.444722506143276,,,,,,,,,,,,,,,,,,,,,,,
reg,,,686.0,,,,day0,O,1,excess,XLY,TLT,2024-26,4.746153061836967,1.7530264956700694,,,,,,,,,,,,,,,,,,,,,,,
reg,,,1006.0,,,,day0,O,1,excess,XLY,UUP,2020-23,4.641394258012026,1.4731560489254345,,,,,,,,,,,,,,,,,,,,,,,
reg,,,686.0,,,,day0,O,1,excess,XLY,UUP,2024-26,2.2029618082935785,1.0975723494401688,,,,,,,,,,,,,,,,,,,,,,,
reg,,,1006.0,,,,day0,O,1,excess,XLY,USO,2020-23,-5.453582845437643,-2.180145017453358,,,,,,,,,,,,,,,,,,,,,,,
reg,,,686.0,,,,day0,O,1,excess,XLY,USO,2024-26,-4.321872227006811,-1.3593537894931953,,,,,,,,,,,,,,,,,,,,,,,
reg,,,1006.0,,,,day0,O,1,excess,XLY,GLD,2020-23,-1.277698754988803,-0.5115034431440804,,,,,,,,,,,,,,,,,,,,,,,
reg,,,686.0,,,,day0,O,1,excess,XLY,GLD,2024-26,-3.014150623147797,-1.3599416668137678,,,,,,,,,,,,,,,,,,,,,,,
reg,,,1006.0,,,,day0,O,1,excess,XLY,HYG,2020-23,-1.2497385156510552,-0.4852072430676818,,,,,,,,,,,,,,,,,,,,,,,
reg,,,686.0,,,,day0,O,1,excess,XLY,HYG,2024-26,-5.133262404179455,-1.7312765131120664,,,,,,,,,,,,,,,,,,,,,,,
reg,,,752.0,,,,day0,O,1,excess,XLY,BTC,2020-23,-1.2483790904466483,-0.5865076570321095,,,,,,,,,,,,,,,,,,,,,,,
reg,,,686.0,,,,day0,O,1,excess,XLY,BTC,2024-26,0.28162728600759035,0.10400890067908912,,,,,,,,,,,,,,,,,,,,,,,
reg,,,1006.0,,,,day0,O,1,excess,XLY,VIX,2020-23,-0.8000500607145057,-0.41017281912601455,,,,,,,,,,,,,,,,,,,,,,,
reg,,,686.0,,,,day0,O,1,excess,XLY,VIX,2024-26,3.030870655433095,1.2827327288074208,,,,,,,,,,,,,,,,,,,,,,,
reg,,,1006.0,,,,day0,O,1,excess,XLY,SPY,2020-23,-3.228985384664815,-1.2072185814143404,,,,,,,,,,,,,,,,,,,,,,,
reg,,,686.0,,,,day0,O,1,excess,XLY,SPY,2024-26,-2.5866037196158813,-0.8085366000368678,,,,,,,,,,,,,,,,,,,,,,,
reg,,,1006.0,,,,day0,O,1,excess,XLP,TLT,2020-23,1.9146026432447463,0.5416447345518557,,,,,,,,,,,,,,,,,,,,,,,
reg,,,686.0,,,,day0,O,1,excess,XLP,TLT,2024-26,9.001586163358724,2.2364619684046403,,,,,,,,,,,,,,,,,,,,,,,
reg,,,1006.0,,,,day0,O,1,excess,XLP,UUP,2020-23,-4.247524234661946,-1.1017678015450816,,,,,,,,,,,,,,,,,,,,,,,
reg,,,686.0,,,,day0,O,1,excess,XLP,UUP,2024-26,-3.33042564092364,-0.898603267271742,,,,,,,,,,,,,,,,,,,,,,,
reg,,,1006.0,,,,day0,O,1,excess,XLP,USO,2020-23,-3.599410199435765,-1.0221409207976653,,,,,,,,,,,,,,,,,,,,,,,
reg,,,686.0,,,,day0,O,1,excess,XLP,USO,2024-26,-4.914328885610936,-1.1575497645135209,,,,,,,,,,,,,,,,,,,,,,,
reg,,,1006.0,,,,day0,O,1,excess,XLP,GLD,2020-23,-0.7377331888081167,-0.19008786513810264,,,,,,,,,,,,,,,,,,,,,,,
reg,,,686.0,,,,day0,O,1,excess,XLP,GLD,2024-26,5.674413937977977,1.3113263862278215,,,,,,,,,,,,,,,,,,,,,,,
reg,,,1006.0,,,,day0,O,1,excess,XLP,HYG,2020-23,-7.164176696511744,-1.923873218848454,,,,,,,,,,,,,,,,,,,,,,,
reg,,,686.0,,,,day0,O,1,excess,XLP,HYG,2024-26,10.046174789584555,1.9359796929874302,,,,,,,,,,,,,,,,,,,,,,,
reg,,,752.0,,,,day0,O,1,excess,XLP,BTC,2020-23,0.5645931852838032,0.20427600015904787,,,,,,,,,,,,,,,,,,,,,,,
reg,,,686.0,,,,day0,O,1,excess,XLP,BTC,2024-26,8.316300291236411,1.731014038813312,,,,,,,,,,,,,,,,,,,,,,,
reg,,,1006.0,,,,day0,O,1,excess,XLP,VIX,2020-23,0.35928662465172095,0.13302499827004566,,,,,,,,,,,,,,,,,,,,,,,
reg,,,686.0,,,,day0,O,1,excess,XLP,VIX,2024-26,-6.199604534507334,-1.4912947751724233,,,,,,,,,,,,,,,,,,,,,,,
reg,,,1006.0,,,,day0,O,1,excess,XLP,SPY,2020-23,-6.056318594078976,-1.5569319785804057,,,,,,,,,,,,,,,,,,,,,,,
reg,,,686.0,,,,day0,O,1,excess,XLP,SPY,2024-26,6.097129010332359,1.2691204541186378,,,,,,,,,,,,,,,,,,,,,,,
reg,,,1006.0,,,,day0,O,1,excess,XLU,TLT,2020-23,-0.05785323149245927,-0.013497975625090667,,,,,,,,,,,,,,,,,,,,,,,
reg,,,686.0,,,,day0,O,1,excess,XLU,TLT,2024-26,5.214099407098044,1.1981747520871864,,,,,,,,,,,,,,,,,,,,,,,
reg,,,1006.0,,,,day0,O,1,excess,XLU,UUP,2020-23,-3.0517333620613334,-0.516134516397948,,,,,,,,,,,,,,,,,,,,,,,
reg,,,686.0,,,,day0,O,1,excess,XLU,UUP,2024-26,-1.9345981443698628,-0.5003821820935002,,,,,,,,,,,,,,,,,,,,,,,
reg,,,1006.0,,,,day0,O,1,excess,XLU,USO,2020-23,-0.827861673761539,-0.21212387859939902,,,,,,,,,,,,,,,,,,,,,,,
reg,,,686.0,,,,day0,O,1,excess,XLU,USO,2024-26,0.24288005662802117,0.05472701830452753,,,,,,,,,,,,,,,,,,,,,,,
reg,,,1006.0,,,,day0,O,1,excess,XLU,GLD,2020-23,11.520294440715396,3.3082200892440246,,,,,,,,,,,,,,,,,,,,,,,
reg,,,686.0,,,,day0,O,1,excess,XLU,GLD,2024-26,7.335460591581651,1.7691204295196934,,,,,,,,,,,,,,,,,,,,,,,
reg,,,1006.0,,,,day0,O,1,excess,XLU,HYG,2020-23,9.557781574692557,2.3046747026342342,,,,,,,,,,,,,,,,,,,,,,,
reg,,,686.0,,,,day0,O,1,excess,XLU,HYG,2024-26,16.097926370357428,2.5058482562695428,,,,,,,,,,,,,,,,,,,,,,,
reg,,,752.0,,,,day0,O,1,excess,XLU,BTC,2020-23,0.8983776130837486,0.22282278395062788,,,,,,,,,,,,,,,,,,,,,,,
reg,,,686.0,,,,day0,O,1,excess,XLU,BTC,2024-26,12.244070665156995,2.069907648950759,,,,,,,,,,,,,,,,,,,,,,,
reg,,,1006.0,,,,day0,O,1,excess,XLU,VIX,2020-23,-0.026344035640877173,-0.0055804260590216264,,,,,,,,,,,,,,,,,,,,,,,
reg,,,686.0,,,,day0,O,1,excess,XLU,VIX,2024-26,-11.359189853835385,-2.1582643053876036,,,,,,,,,,,,,,,,,,,,,,,
reg,,,1006.0,,,,day0,O,1,excess,XLU,SPY,2020-23,7.946197694574717,2.0422289594338885,,,,,,,,,,,,,,,,,,,,,,,
reg,,,686.0,,,,day0,O,1,excess,XLU,SPY,2024-26,7.299572093113,1.1529670719198122,,,,,,,,,,,,,,,,,,,,,,,
reg,,,1006.0,,,,day0,O,1,excess,XLB,TLT,2020-23,3.3804381992491845,0.50136403308679,,,,,,,,,,,,,,,,,,,,,,,
reg,,,686.0,,,,day0,O,1,excess,XLB,TLT,2024-26,6.039254262125727,2.3144513391926345,,,,,,,,,,,,,,,,,,,,,,,
reg,,,1006.0,,,,day0,O,1,excess,XLB,UUP,2020-23,-6.1504115506958446,-0.7836017224822415,,,,,,,,,,,,,,,,,,,,,,,
reg,,,686.0,,,,day0,O,1,excess,XLB,UUP,2024-26,2.5575828627396042,0.8499585454055232,,,,,,,,,,,,,,,,,,,,,,,
reg,,,1006.0,,,,day0,O,1,excess,XLB,USO,2020-23,-6.594529658310305,-0.982789140874502,,,,,,,,,,,,,,,,,,,,,,,
reg,,,686.0,,,,day0,O,1,excess,XLB,USO,2024-26,-6.226445238293019,-2.1691274996208763,,,,,,,,,,,,,,,,,,,,,,,
reg,,,1006.0,,,,day0,O,1,excess,XLB,GLD,2020-23,-7.742322826831552,-1.2278494128622086,,,,,,,,,,,,,,,,,,,,,,,
reg,,,686.0,,,,day0,O,1,excess,XLB,GLD,2024-26,3.299568047908839,1.0223464719101378,,,,,,,,,,,,,,,,,,,,,,,
reg,,,1006.0,,,,day0,O,1,excess,XLB,HYG,2020-23,-3.5568521564271114,-0.33363205521402534,,,,,,,,,,,,,,,,,,,,,,,
reg,,,686.0,,,,day0,O,1,excess,XLB,HYG,2024-26,4.621928696679868,1.6606558196158205,,,,,,,,,,,,,,,,,,,,,,,
reg,,,752.0,,,,day0,O,1,excess,XLB,BTC,2020-23,-2.164508432429669,-0.9009579043709718,,,,,,,,,,,,,,,,,,,,,,,
reg,,,686.0,,,,day0,O,1,excess,XLB,BTC,2024-26,2.0625638538712545,0.6265097628402453,,,,,,,,,,,,,,,,,,,,,,,
reg,,,1006.0,,,,day0,O,1,excess,XLB,VIX,2020-23,-4.748821661925071,-1.186247885577793,,,,,,,,,,,,,,,,,,,,,,,
reg,,,686.0,,,,day0,O,1,excess,XLB,VIX,2024-26,-3.9613135116318063,-1.304103477953986,,,,,,,,,,,,,,,,,,,,,,,
reg,,,1006.0,,,,day0,O,1,excess,XLB,SPY,2020-23,-7.564575898636147,-0.6757254008376343,,,,,,,,,,,,,,,,,,,,,,,
reg,,,686.0,,,,day0,O,1,excess,XLB,SPY,2024-26,5.67894805252276,2.0683495605917432,,,,,,,,,,,,,,,,,,,,,,,
reg,,,1006.0,,,,day0,O,1,excess,XLRE,TLT,2020-23,4.6678237580068584,0.8934665351060369,,,,,,,,,,,,,,,,,,,,,,,
reg,,,686.0,,,,day0,O,1,excess,XLRE,TLT,2024-26,7.668729041907011,1.9424344713912671,,,,,,,,,,,,,,,,,,,,,,,
reg,,,1006.0,,,,day0,O,1,excess,XLRE,UUP,2020-23,1.6170837085055025,0.2957902966912908,,,,,,,,,,,,,,,,,,,,,,,
reg,,,686.0,,,,day0,O,1,excess,XLRE,UUP,2024-26,-3.4480247400427526,-1.0916669250932156,,,,,,,,,,,,,,,,,,,,,,,
reg,,,1006.0,,,,day0,O,1,excess,XLRE,USO,2020-23,2.746836279026414,0.4686001113750132,,,,,,,,,,,,,,,,,,,,,,,
reg,,,686.0,,,,day0,O,1,excess,XLRE,USO,2024-26,-0.0062821554958582045,-0.002070166728449851,,,,,,,,,,,,,,,,,,,,,,,
reg,,,1006.0,,,,day0,O,1,excess,XLRE,GLD,2020-23,12.413035622393688,2.7592897934015257,,,,,,,,,,,,,,,,,,,,,,,
reg,,,686.0,,,,day0,O,1,excess,XLRE,GLD,2024-26,4.3183462330675315,1.3655744341137401,,,,,,,,,,,,,,,,,,,,,,,
reg,,,1006.0,,,,day0,O,1,excess,XLRE,HYG,2020-23,17.987947022729095,3.2761600317544457,,,,,,,,,,,,,,,,,,,,,,,
reg,,,686.0,,,,day0,O,1,excess,XLRE,HYG,2024-26,8.598738743801663,2.010687437684498,,,,,,,,,,,,,,,,,,,,,,,
reg,,,752.0,,,,day0,O,1,excess,XLRE,BTC,2020-23,1.9013530463308024,0.7192449647414665,,,,,,,,,,,,,,,,,,,,,,,
reg,,,686.0,,,,day0,O,1,excess,XLRE,BTC,2024-26,9.796827617306171,2.1437095854403845,,,,,,,,,,,,,,,,,,,,,,,
reg,,,1006.0,,,,day0,O,1,excess,XLRE,VIX,2020-23,1.5213250328031513,0.3515513141180929,,,,,,,,,,,,,,,,,,,,,,,
reg,,,686.0,,,,day0,O,1,excess,XLRE,VIX,2024-26,-11.151747310688537,-2.8653321617508807,,,,,,,,,,,,,,,,,,,,,,,
reg,,,1006.0,,,,day0,O,1,excess,XLRE,SPY,2020-23,14.318923835128789,2.2082341457189743,,,,,,,,,,,,,,,,,,,,,,,
reg,,,686.0,,,,day0,O,1,excess,XLRE,SPY,2024-26,3.5732959764436436,0.7609534419512166,,,,,,,,,,,,,,,,,,,,,,,
reg,,,1006.0,,,,day0,O,1,excess,XLC,TLT,2020-23,2.2559186391021155,0.8064341208210686,,,,,,,,,,,,,,,,,,,,,,,
reg,,,686.0,,,,day0,O,1,excess,XLC,TLT,2024-26,2.590881408445776,1.1685025990362614,,,,,,,,,,,,,,,,,,,,,,,
reg,,,1006.0,,,,day0,O,1,excess,XLC,UUP,2020-23,-1.809254148864303,-0.44106318658972954,,,,,,,,,,,,,,,,,,,,,,,
reg,,,686.0,,,,day0,O,1,excess,XLC,UUP,2024-26,-0.37187771735253633,-0.18765329830962427,,,,,,,,,,,,,,,,,,,,,,,
reg,,,1006.0,,,,day0,O,1,excess,XLC,USO,2020-23,-1.5740717379502425,-0.4955924548226151,,,,,,,,,,,,,,,,,,,,,,,
reg,,,686.0,,,,day0,O,1,excess,XLC,USO,2024-26,-0.45661946353236765,-0.21180164903802967,,,,,,,,,,,,,,,,,,,,,,,
reg,,,1006.0,,,,day0,O,1,excess,XLC,GLD,2020-23,-4.601749028569027,-1.606647941159155,,,,,,,,,,,,,,,,,,,,,,,
reg,,,686.0,,,,day0,O,1,excess,XLC,GLD,2024-26,0.8708271565694412,0.37236807473109024,,,,,,,,,,,,,,,,,,,,,,,
reg,,,1006.0,,,,day0,O,1,excess,XLC,HYG,2020-23,-5.174740639686654,-1.3608597307907861,,,,,,,,,,,,,,,,,,,,,,,
reg,,,686.0,,,,day0,O,1,excess,XLC,HYG,2024-26,1.6832004318388616,0.8210345907320662,,,,,,,,,,,,,,,,,,,,,,,
reg,,,752.0,,,,day0,O,1,excess,XLC,BTC,2020-23,0.7333822930715768,0.3595747421882949,,,,,,,,,,,,,,,,,,,,,,,
reg,,,686.0,,,,day0,O,1,excess,XLC,BTC,2024-26,-1.5975300761973272,-0.6959786984427013,,,,,,,,,,,,,,,,,,,,,,,
reg,,,1006.0,,,,day0,O,1,excess,XLC,VIX,2020-23,-3.181353232431642,-1.3533947690986985,,,,,,,,,,,,,,,,,,,,,,,
reg,,,686.0,,,,day0,O,1,excess,XLC,VIX,2024-26,-0.6398107549411792,-0.34312052495706574,,,,,,,,,,,,,,,,,,,,,,,
reg,,,1006.0,,,,day0,O,1,excess,XLC,SPY,2020-23,-6.17667308769722,-1.3879704548184353,,,,,,,,,,,,,,,,,,,,,,,
reg,,,686.0,,,,day0,O,1,excess,XLC,SPY,2024-26,-0.1750105433845443,-0.08308302680124922,,,,,,,,,,,,,,,,,,,,,,,
reg,,,1006.0,,,,day0,O,1,excess,SMH,TLT,2020-23,-6.86845691504022,-1.8435894804086113,,,,,,,,,,,,,,,,,,,,,,,
reg,,,686.0,,,,day0,O,1,excess,SMH,TLT,2024-26,-9.761340052122668,-1.8954617537924046,,,,,,,,,,,,,,,,,,,,,,,
reg,,,1006.0,,,,day0,O,1,excess,SMH,UUP,2020-23,1.1142764329708914,0.24691613429746806,,,,,,,,,,,,,,,,,,,,,,,
reg,,,686.0,,,,day0,O,1,excess,SMH,UUP,2024-26,-0.01568788942729728,-0.003490962066594257,,,,,,,,,,,,,,,,,,,,,,,
reg,,,1006.0,,,,day0,O,1,excess,SMH,USO,2020-23,3.8441654787267,0.9512157252608096,,,,,,,,,,,,,,,,,,,,,,,
reg,,,686.0,,,,day0,O,1,excess,SMH,USO,2024-26,7.509487870596878,1.3864699061640273,,,,,,,,,,,,,,,,,,,,,,,
reg,,,1006.0,,,,day0,O,1,excess,SMH,GLD,2020-23,1.5529317614746119,0.3879732835361131,,,,,,,,,,,,,,,,,,,,,,,
reg,,,686.0,,,,day0,O,1,excess,SMH,GLD,2024-26,-2.7587578319405663,-0.4966189789526228,,,,,,,,,,,,,,,,,,,,,,,
reg,,,1006.0,,,,day0,O,1,excess,SMH,HYG,2020-23,5.799570831801424,0.8829501317103459,,,,,,,,,,,,,,,,,,,,,,,
reg,,,686.0,,,,day0,O,1,excess,SMH,HYG,2024-26,-16.076449400065396,-2.6531610477088914,,,,,,,,,,,,,,,,,,,,,,,
reg,,,752.0,,,,day0,O,1,excess,SMH,BTC,2020-23,2.339972402778341,0.4828798166647627,,,,,,,,,,,,,,,,,,,,,,,
reg,,,686.0,,,,day0,O,1,excess,SMH,BTC,2024-26,-15.005515372407514,-2.2231292435052037,,,,,,,,,,,,,,,,,,,,,,,
reg,,,1006.0,,,,day0,O,1,excess,SMH,VIX,2020-23,11.71894331079003,2.8064382488904753,,,,,,,,,,,,,,,,,,,,,,,
reg,,,686.0,,,,day0,O,1,excess,SMH,VIX,2024-26,12.708922130553375,2.2454147200246246,,,,,,,,,,,,,,,,,,,,,,,
reg,,,1006.0,,,,day0,O,1,excess,SMH,SPY,2020-23,10.52189087379218,2.388466908281197,,,,,,,,,,,,,,,,,,,,,,,
reg,,,686.0,,,,day0,O,1,excess,SMH,SPY,2024-26,-10.47367793981916,-1.5488778875458369,,,,,,,,,,,,,,,,,,,,,,,
reg,,,1006.0,,,,day0,O,1,excess,XBI,TLT,2020-23,15.04884039208892,2.503004327319426,,,,,,,,,,,,,,,,,,,,,,,
reg,,,686.0,,,,day0,O,1,excess,XBI,TLT,2024-26,9.50825648303013,2.2513660366421226,,,,,,,,,,,,,,,,,,,,,,,
reg,,,1006.0,,,,day0,O,1,excess,XBI,UUP,2020-23,5.632561083688351,0.8009081868674708,,,,,,,,,,,,,,,,,,,,,,,
reg,,,686.0,,,,day0,O,1,excess,XBI,UUP,2024-26,-10.403065216690829,-2.0901364000926885,,,,,,,,,,,,,,,,,,,,,,,
reg,,,1006.0,,,,day0,O,1,excess,XBI,USO,2020-23,-13.733256886489322,-2.556773211142217,,,,,,,,,,,,,,,,,,,,,,,
reg,,,686.0,,,,day0,O,1,excess,XBI,USO,2024-26,-7.8507220436571235,-1.5526840762933716,,,,,,,,,,,,,,,,,,,,,,,
reg,,,1006.0,,,,day0,O,1,excess,XBI,GLD,2020-23,3.8446732252687976,0.7255971959389553,,,,,,,,,,,,,,,,,,,,,,,
reg,,,686.0,,,,day0,O,1,excess,XBI,GLD,2024-26,3.081912232025436,0.622388625315958,,,,,,,,,,,,,,,,,,,,,,,
reg,,,1006.0,,,,day0,O,1,excess,XBI,HYG,2020-23,-0.6938147571061694,-0.1571782702164337,,,,,,,,,,,,,,,,,,,,,,,
reg,,,686.0,,,,day0,O,1,excess,XBI,HYG,2024-26,-3.563359569973368,-0.774394267537274,,,,,,,,,,,,,,,,,,,,,,,
reg,,,752.0,,,,day0,O,1,excess,XBI,BTC,2020-23,3.485775111005464,0.4855520541143915,,,,,,,,,,,,,,,,,,,,,,,
reg,,,686.0,,,,day0,O,1,excess,XBI,BTC,2024-26,-1.273078014060684,-0.24700377608365526,,,,,,,,,,,,,,,,,,,,,,,
reg,,,1006.0,,,,day0,O,1,excess,XBI,VIX,2020-23,7.745849935080467,1.3023939098681434,,,,,,,,,,,,,,,,,,,,,,,
reg,,,686.0,,,,day0,O,1,excess,XBI,VIX,2024-26,6.033454149964166,1.6007694547605842,,,,,,,,,,,,,,,,,,,,,,,
reg,,,1006.0,,,,day0,O,1,excess,XBI,SPY,2020-23,-7.355631303988804,-1.374571809275833,,,,,,,,,,,,,,,,,,,,,,,
reg,,,686.0,,,,day0,O,1,excess,XBI,SPY,2024-26,-6.010183720221652,-1.309042547890873,,,,,,,,,,,,,,,,,,,,,,,
reg,,,1006.0,,,,day0,O,1,excess,KRE,TLT,2020-23,-4.299361590101887,-0.552342511725433,,,,,,,,,,,,,,,,,,,,,,,
reg,,,686.0,,,,day0,O,1,excess,KRE,TLT,2024-26,-4.6908900793455315,-0.7371426229934049,,,,,,,,,,,,,,,,,,,,,,,
reg,,,1006.0,,,,day0,O,1,excess,KRE,UUP,2020-23,6.415558073655601,0.8825203501624328,,,,,,,,,,,,,,,,,,,,,,,
reg,,,686.0,,,,day0,O,1,excess,KRE,UUP,2024-26,18.938444444345595,3.692252986290462,,,,,,,,,,,,,,,,,,,,,,,
reg,,,1006.0,,,,day0,O,1,excess,KRE,USO,2020-23,2.0319776150116997,0.19504432885282083,,,,,,,,,,,,,,,,,,,,,,,
reg,,,686.0,,,,day0,O,1,excess,KRE,USO,2024-26,-6.143055688181801,-1.3643182139632428,,,,,,,,,,,,,,,,,,,,,,,
reg,,,1006.0,,,,day0,O,1,excess,KRE,GLD,2020-23,-9.5459111079695,-1.5510637627117714,,,,,,,,,,,,,,,,,,,,,,,
reg,,,686.0,,,,day0,O,1,excess,KRE,GLD,2024-26,-7.816589009367472,-1.4904342846344603,,,,,,,,,,,,,,,,,,,,,,,
reg,,,1006.0,,,,day0,O,1,excess,KRE,HYG,2020-23,13.176405968850972,1.4410552444106735,,,,,,,,,,,,,,,,,,,,,,,
reg,,,686.0,,,,day0,O,1,excess,KRE,HYG,2024-26,-1.5755147471430049,-0.3268941770456957,,,,,,,,,,,,,,,,,,,,,,,
reg,,,752.0,,,,day0,O,1,excess,KRE,BTC,2020-23,-10.807277370134438,-2.15035226615175,,,,,,,,,,,,,,,,,,,,,,,
reg,,,686.0,,,,day0,O,1,excess,KRE,BTC,2024-26,4.685639639478043,0.9502444014099173,,,,,,,,,,,,,,,,,,,,,,,
reg,,,1006.0,,,,day0,O,1,excess,KRE,VIX,2020-23,1.576357165485864,0.33367386239998,,,,,,,,,,,,,,,,,,,,,,,
reg,,,686.0,,,,day0,O,1,excess,KRE,VIX,2024-26,3.661887525545512,0.6828601317657211,,,,,,,,,,,,,,,,,,,,,,,
reg,,,1006.0,,,,day0,O,1,excess,KRE,SPY,2020-23,9.707129428280856,1.1199968451903897,,,,,,,,,,,,,,,,,,,,,,,
reg,,,686.0,,,,day0,O,1,excess,KRE,SPY,2024-26,-1.2529424800431508,-0.24324743914563424,,,,,,,,,,,,,,,,,,,,,,,
reg_summary,,,,,,,cc1,,1,excess,,BTC,,,,6.0,1.0,0.0,0.22933039773343866,6.396231337975201,3.626301559924108,SMH,-4.1410105967439454,-1.3429920594315918,,,,,,,,,,,,,,
reg_summary,,,,,,,cc1,,1,excess,,GLD,,,,0.0,5.0,0.0,0.4653187216050465,2.4081322371480054,6.447667208733367,XLRE,1.737117240433967,3.1910635285192432,,,,,,,,,,,,,,
reg_summary,,,,,,,cc1,,1,excess,,HYG,,,,2.0,1.0,0.0,0.7540054106722354,5.379081264942849,5.056336377511346,SMH,-3.4087468032404478,-1.3916645280271231,,,,,,,,,,,,,,
reg_summary,,,,,,,cc1,,1,excess,,SPY,,,,3.0,0.0,0.0,0.7016428987155231,5.7814249726744515,5.568016382839721,SMH,-4.76935611513906,-1.8731349578983802,,,,,,,,,,,,,,
reg_summary,,,,,,,cc1,,1,excess,,TLT,,,,0.0,0.0,0.0,-0.09707067463906843,3.964125004022587,2.3593766117786807,XLK,1.8848855356369127,-0.148064452944926,,,,,,,,,,,,,,
reg_summary,,,,,,,cc1,,1,excess,,USO,,,,1.0,0.0,0.0,-0.25684445740638445,3.8943408349206763,2.7098507110624603,SMH,-2.5055554216128626,0.9859747501204943,,,,,,,,,,,,,,
reg_summary,,,,,,,cc1,,1,excess,,UUP,,,,0.0,0.0,0.0,-0.06684750877606341,3.69973500573978,1.8545706897878633,XLRE,-1.885561042760935,0.13520223311145443,,,,,,,,,,,,,,
reg_summary,,,,,,,cc1,,1,excess,,VIX,,,,2.0,1.0,0.0,0.06741540960640839,4.202283952053724,3.3046601200515715,XLE,-2.2830641073325038,-1.4996346219102348,,,,,,,,,,,,,,
reg_summary,,,,,,,cc1,,1,raw,,BTC,,,,3.0,1.0,0.0,0.23726815287092842,5.804935976890255,3.303611914965949,SMH,-2.9478802318115487,-0.6564737690042425,,,,,,,,,,,,,,
reg_summary,,,,,,,cc1,,1,raw,,GLD,,,,0.0,3.0,0.0,0.4971598973141371,3.4412110735729655,6.245652031113454,XLRE,1.234239713403462,2.78214885371329,,,,,,,,,,,,,,
reg_summary,,,,,,,cc1,,1,raw,,HYG,,,,3.0,0.0,0.0,0.8403760487053393,15.843389804063998,5.504612951626392,SMH,-2.688800791689965,-1.0619165461801159,,,,,,,,,,,,,,
reg_summary,,,,,,,cc1,,1,raw,,SPY,,,,5.0,0.0,0.0,0.6622615048004473,22.32370300328728,8.290176797702218,SMH,-3.34246254244955,-1.4304612959089615,,,,,,,,,,,,,,
reg_summary,,,,,,,cc1,,1,raw,,TLT,,,,0.0,0.0,0.0,0.42604934651934395,12.558575487746461,3.10443919159517,XLK,1.917249804091872,-0.7115659821623137,,,,,,,,,,,,,,
reg_summary,,,,,,,cc1,,1,raw,,USO,,,,1.0,0.0,0.0,0.07592040502861439,10.289164484408342,4.351614789229815,SMH,-2.3122070537944768,0.8991533409982425,,,,,,,,,,,,,,
reg_summary,,,,,,,cc1,,1,raw,,UUP,,,,0.0,0.0,0.0,0.23209677956056618,9.080791771846531,1.8049926408894357,XLRE,-1.532076800946448,-0.02232570932835064,,,,,,,,,,,,,,
reg_summary,,,,,,,cc1,,1,raw,,VIX,,,,1.0,1.0,1.0,0.44236002297286,12.769884572636444,4.170562612391785,XLE,-2.1133904235680676,-2.3778075750801557,,,,,,,,,,,,,,
reg_summary,,,,,,,cc1,,5,excess,,BTC,,,,3.0,2.0,1.0,-0.031823291624030414,5.112361047279627,3.656237622800601,XLI,2.908120186484412,-1.336868162737512,,,,,,,,,,,,,,
reg_summary,,,,,,,cc1,,5,excess,,GLD,,,,1.0,1.0,0.0,0.19774923125620847,3.724997887994191,3.3075185850610347,XLRE,2.181601454074543,1.6041829135389207,,,,,,,,,,,,,,
reg_summary,,,,,,,cc1,,5,excess,,HYG,,,,0.0,0.0,0.0,0.344439010928491,4.74668408300365,2.0405596209515,XLV,1.4460826464512109,0.5655473897989953,,,,,,,,,,,,,,
reg_summary,,,,,,,cc1,,5,excess,,SPY,,,,2.0,1.0,0.0,0.6214653597404274,4.5914278444323555,4.198680404824115,XLK,-2.5787279692394343,-0.8611617419937883,,,,,,,,,,,,,,
reg_summary,,,,,,,cc1,,5,excess,,TLT,,,,0.0,0.0,0.0,0.2886257669899779,3.4366477283288606,3.3573158866349133,XLRE,1.966360967628149,-0.3206258018691518,,,,,,,,,,,,,,
reg_summary,,,,,,,cc1,,5,excess,,USO,,,,2.0,0.0,0.0,0.6183326528729067,4.5127379067486215,2.711266378668807,XLU,2.3687553296061727,1.2153208623102285,,,,,,,,,,,,,,
reg_summary,,,,,,,cc1,,5,excess,,UUP,,,,1.0,0.0,0.0,-0.3631676050446806,5.534499408601529,2.2594191655719094,XLB,3.120302152403467,-0.803112795245096,,,,,,,,,,,,,,
reg_summary,,,,,,,cc1,,5,excess,,VIX,,,,0.0,0.0,0.0,-0.2212760712995312,3.0604588631926792,2.3185671197062123,XLRE,-1.8493842929408624,0.42318104327639205,,,,,,,,,,,,,,
reg_summary,,,,,,,cc1,,5,raw,,BTC,,,,1.0,4.0,1.0,-0.02540124405389788,4.986648869335909,6.23560463647313,XBI,-2.8295552793554664,-2.3165270132498974,,,,,,,,,,,,,,
reg_summary,,,,,,,cc1,,5,raw,,GLD,,,,0.0,0.0,0.0,0.31642265993033036,6.472285726230256,4.133311727540936,XLRE,1.791579157295121,1.10578819836061,,,,,,,,,,,,,,
reg_summary,,,,,,,cc1,,5,raw,,HYG,,,,0.0,0.0,0.0,0.12182930480663923,4.413543946851424,5.344666083405668,XLP,1.1912866410133738,-0.47789682418407475,,,,,,,,,,,,,,
reg_summary,,,,,,,cc1,,5,raw,,SPY,,,,0.0,0.0,0.0,0.553360995567599,4.600100196296369,8.502828120135787,XLU,1.1056784512452666,-1.0743884920985525,,,,,,,,,,,,,,
reg_summary,,,,,,,cc1,,5,raw,,TLT,,,,2.0,1.0,0.0,0.47026532088003875,10.287631496663943,6.2165629073967645,XLRE,2.255935286127542,-1.2125472381707265,,,,,,,,,,,,,,
reg_summary,,,,,,,cc1,,5,raw,,USO,,,,0.0,0.0,0.0,0.5728700764160157,4.903846046572236,2.3994933930443527,XLU,1.4388911617958338,1.0337753447136944,,,,,,,,,,,,,,
reg_summary,,,,,,,cc1,,5,raw,,UUP,,,,0.0,0.0,0.0,-0.542096549866929,5.8399693478570445,2.7880518327713877,XLE,1.3710481119093147,-0.4984782843790684,,,,,,,,,,,,,,
reg_summary,,,,,,,cc1,,5,raw,,VIX,,,,0.0,0.0,0.0,-0.4062848394735807,6.1191963256060875,2.678844659390344,XLU,-1.7970526615084985,0.8924277388719453,,,,,,,,,,,,,,
reg_summary,,,,,,,cc2,,1,excess,,BTC,,,,3.0,0.0,0.0,0.3256529296992602,7.01882554646366,4.770954048069226,XLK,-2.6439265093167585,-0.538305684590355,,,,,,,,,,,,,,
reg_summary,,,,,,,cc2,,1,excess,,GLD,,,,1.0,2.0,1.0,0.19990167782476898,3.485201136685943,5.94361834050745,XLRE,2.1627608871403123,2.01612537147856,,,,,,,,,,,,,,
reg_summary,,,,,,,cc2,,1,excess,,HYG,,,,1.0,0.0,0.0,0.20458435585449697,6.848497968688845,3.4081687132542275,XLK,-2.164932752894322,0.3760817429768504,,,,,,,,,,,,,,
reg_summary,,,,,,,cc2,,1,excess,,SPY,,,,2.0,1.0,0.0,0.22896760211180034,6.800019858166396,4.429750968105513,XLK,-3.5377788571505624,0.21777766182403227,,,,,,,,,,,,,,
reg_summary,,,,,,,cc2,,1,excess,,TLT,,,,2.0,0.0,0.0,0.5588024546522917,6.945247149939872,3.0358725177497337,XLK,2.619320952765967,1.0152585666271239,,,,,,,,,,,,,,
reg_summary,,,,,,,cc2,,1,excess,,USO,,,,0.0,0.0,0.0,0.15844917308597484,3.9540225894659407,3.3660289134604175,XLK,-1.3926571823049196,-0.29693985103972087,,,,,,,,,,,,,,
reg_summary,,,,,,,cc2,,1,excess,,UUP,,,,1.0,0.0,0.0,-0.17171998384242496,6.824027967190817,4.304809345321444,XLB,2.090997017805614,-1.0416174175527175,,,,,,,,,,,,,,
reg_summary,,,,,,,cc2,,1,excess,,VIX,,,,1.0,0.0,0.0,0.12162855231168239,5.013480232741494,3.6279215633879063,XLU,-2.033590251745591,-0.3902255179611704,,,,,,,,,,,,,,
reg_summary,,,,,,,cc2,,1,raw,,BTC,,,,0.0,0.0,0.0,0.1812870382789531,6.395190168017558,4.9885011256641425,XBI,-1.8581271418224707,-1.3079970133757217,,,,,,,,,,,,,,
reg_summary,,,,,,,cc2,,1,raw,,GLD,,,,2.0,1.0,0.0,0.5255003191283324,17.35046490313606,6.775348384195944,XLC,2.059837729914996,0.6463140310334244,,,,,,,,,,,,,,
reg_summary,,,,,,,cc2,,1,raw,,HYG,,,,0.0,0.0,0.0,0.03841906691548404,8.311932573889615,7.371172406108409,XLU,1.7727128938363073,-0.9306090523660296,,,,,,,,,,,,,,
reg_summary,,,,,,,cc2,,1,raw,,SPY,,,,1.0,1.0,0.0,0.2158199436249026,6.388668095439111,6.030415513416924,SMH,-2.0418614198281744,-1.3096837365827803,,,,,,,,,,,,,,
reg_summary,,,,,,,cc2,,1,raw,,TLT,,,,3.0,2.0,0.0,0.3733386317445354,14.819710086121125,10.618801996935407,XLK,2.1740497775848686,-0.4837007211298283,,,,,,,,,,,,,,
reg_summary,,,,,,,cc2,,1,raw,,USO,,,,0.0,1.0,0.0,0.48813085706844195,6.2573584820911154,6.906419649615794,XBI,-1.1541452379022155,0.785002192651891,,,,,,,,,,,,,,
reg_summary,,,,,,,cc2,,1,raw,,UUP,,,,1.0,0.0,0.0,0.028043578705502847,15.697804040840856,5.052654633647743,XLC,-2.0299479866130143,-0.16714466753089668,,,,,,,,,,,,,,
reg_summary,,,,,,,cc2,,1,raw,,VIX,,,,2.0,0.0,0.0,0.3048076179619872,15.909627201531828,4.084123731299619,XLU,-2.586588566135866,-0.08495084434323123,,,,,,,,,,,,,,
reg_summary,,,,,,,cc2,,5,excess,,BTC,,,,2.0,2.0,0.0,-0.03852251470526823,6.718790646853045,7.254529446207086,XLB,2.7591485508231286,-0.5223959519766112,,,,,,,,,,,,,,
reg_summary,,,,,,,cc2,,5,excess,,GLD,,,,0.0,1.0,0.0,0.0917892856663708,6.849530499912156,5.216509338371599,XLRE,1.8510324863860712,1.0720081567119453,,,,,,,,,,,,,,
reg_summary,,,,,,,cc2,,5,excess,,HYG,,,,0.0,0.0,0.0,0.02152379059501659,8.135897199541732,2.8617110527107026,XLB,-1.9758931909574684,0.4146196747945152,,,,,,,,,,,,,,
reg_summary,,,,,,,cc2,,5,excess,,SPY,,,,1.0,1.0,0.0,0.5929051022273247,7.843341679895814,6.221029134484951,XLK,-2.3126837673837137,-0.8141519701218923,,,,,,,,,,,,,,
reg_summary,,,,,,,cc2,,5,excess,,TLT,,,,1.0,1.0,0.0,0.3140622718518154,6.201680917191553,6.312606379135637,XLRE,2.0092343741375105,-0.5842511972370321,,,,,,,,,,,,,,
reg_summary,,,,,,,cc2,,5,excess,,USO,,,,3.0,0.0,0.0,0.5943750486189971,8.022634682465972,4.219744943605108,XLU,2.9508104436003393,0.6345313011078955,,,,,,,,,,,,,,
reg_summary,,,,,,,cc2,,5,excess,,UUP,,,,1.0,0.0,0.0,-0.49019338286493963,9.548069049180528,4.389408727899132,XLB,3.065284696168016,-0.8478569288165434,,,,,,,,,,,,,,
reg_summary,,,,,,,cc2,,5,excess,,VIX,,,,1.0,0.0,0.0,-0.19701973633473388,6.3383217443621245,4.923393885900346,XLRE,-2.2722730727638707,0.5150350403276912,,,,,,,,,,,,,,
reg_summary,,,,,,,cc2,,5,raw,,BTC,,,,0.0,5.0,0.0,0.018665130520980146,7.146341044380766,14.082236245283495,XBI,-1.989317517336889,-2.6635970990556914,,,,,,,,,,,,,,
reg_summary,,,,,,,cc2,,5,raw,,GLD,,,,0.0,0.0,0.0,0.07017936846455046,10.09137055285558,7.689596299792405,XLRE,1.5228302036282146,0.2906450472643291,,,,,,,,,,,,,,
reg_summary,,,,,,,cc2,,5,raw,,HYG,,,,0.0,0.0,0.0,-0.14169604572099348,8.073055419211734,5.462404324427974,XLP,1.355274354787532,-0.6424421519805971,,,,,,,,,,,,,,
reg_summary,,,,,,,cc2,,5,raw,,SPY,,,,0.0,0.0,0.0,0.4927991857752857,8.757502634566045,11.901027670574868,XLK,-1.0012785372081308,-1.2014316283826614,,,,,,,,,,,,,,
reg_summary,,,,,,,cc2,,5,raw,,TLT,,,,2.0,1.0,0.0,0.41984522052118056,14.701404167732687,9.144196730634645,XLRE,2.1101117948961696,-1.0561132839583818,,,,,,,,,,,,,,
reg_summary,,,,,,,cc2,,5,raw,,USO,,,,0.0,0.0,0.0,0.4651677682321071,8.022634682465975,4.70020941037629,XLU,1.3119326406327543,-0.01800764624866034,,,,,,,,,,,,,,
reg_summary,,,,,,,cc2,,5,raw,,UUP,,,,0.0,1.0,0.0,-0.6100410612398787,10.170201554578785,6.035405188078008,XBI,1.537560924498914,0.05973538633420283,,,,,,,,,,,,,,
reg_summary,,,,,,,cc2,,5,raw,,VIX,,,,0.0,0.0,0.0,-0.41112777550349244,15.309197317395741,7.707014877643017,XLU,-1.9456366662119808,1.79646487169679,,,,,,,,,,,,,,
reg_summary,,,,,,,cc3,,1,excess,,BTC,,,,5.0,1.0,0.0,-0.26738512047211627,9.09881772642113,5.929050765800956,XBI,-2.516809541150386,-1.4843718546979658,,,,,,,,,,,,,,
reg_summary,,,,,,,cc3,,1,excess,,GLD,,,,1.0,1.0,0.0,0.06603028836324099,5.154128763472535,5.628595110340667,XLRE,2.3028596770048386,1.1108437681480459,,,,,,,,,,,,,,
reg_summary,,,,,,,cc3,,1,excess,,HYG,,,,3.0,0.0,0.0,0.5232859106297868,11.19139220905736,4.912038866202518,XLK,-2.3425477103015857,0.07718985631156187,,,,,,,,,,,,,,
reg_summary,,,,,,,cc3,,1,excess,,SPY,,,,4.0,1.0,0.0,0.5151538199314712,9.357690897122533,6.070330697713193,XLK,-4.027570827734326,-0.22512906810772143,,,,,,,,,,,,,,
reg_summary,,,,,,,cc3,,1,excess,,TLT,,,,1.0,0.0,0.0,0.25258992221696597,5.940484358457161,3.6879181881335135,XLK,2.1487589312780844,0.4780148785228913,,,,,,,,,,,,,,
reg_summary,,,,,,,cc3,,1,excess,,USO,,,,0.0,0.0,0.0,0.38866000982305826,6.440790194003729,4.060688624164314,XLU,1.994929817813743,1.1892967715475145,,,,,,,,,,,,,,
reg_summary,,,,,,,cc3,,1,excess,,UUP,,,,2.0,0.0,0.0,-0.31490272334756475,8.723281306530293,4.431439323845606,XLE,2.0468971811819987,-0.49504030683705985,,,,,,,,,,,,,,
reg_summary,,,,,,,cc3,,1,excess,,VIX,,,,2.0,0.0,0.0,-0.2290582170800615,6.809989915041617,4.106528151973558,XLK,2.1388360548684435,-1.2176095428603029,,,,,,,,,,,,,,
reg_summary,,,,,,,cc3,,1,raw,,BTC,,,,1.0,1.0,0.0,-0.23541565902992148,9.043371602339374,6.771890898204402,XBI,-2.325801436197179,-1.409345312698998,,,,,,,,,,,,,,
reg_summary,,,,,,,cc3,,1,raw,,GLD,,,,0.0,1.0,0.0,0.3616292391925958,14.411158387899203,6.774712556126565,XLRE,1.8090882518285323,0.6382017940995376,,,,,,,,,,,,,,
reg_summary,,,,,,,cc3,,1,raw,,HYG,,,,0.0,0.0,0.0,0.31619844998149893,10.264676305613191,7.853017147028632,XLU,1.8147386937392305,-0.714212838474045,,,,,,,,,,,,,,
reg_summary,,,,,,,cc3,,1,raw,,SPY,,,,1.0,1.0,0.0,0.2999741269359622,9.976357910410341,11.744886327178278,SMH,-2.1174253442333213,-1.7415083381238712,,,,,,,,,,,,,,
reg_summary,,,,,,,cc3,,1,raw,,TLT,,,,1.0,0.0,0.0,0.5156191262264395,23.337540563257107,7.097062529118064,SMH,2.0738330493883805,-0.21130869836279514,,,,,,,,,,,,,,
reg_summary,,,,,,,cc3,,1,raw,,USO,,,,0.0,2.0,0.0,0.7047225693012854,16.23323925325915,6.698729072874535,XLU,1.8832296987594925,2.1811406826212747,,,,,,,,,,,,,,
reg_summary,,,,,,,cc3,,1,raw,,UUP,,,,0.0,0.0,0.0,-0.4346554068517102,8.922206444053172,5.486614439390394,XLU,-1.3850329563748662,1.4473241249797497,,,,,,,,,,,,,,
reg_summary,,,,,,,cc3,,1,raw,,VIX,,,,0.0,0.0,0.0,-0.09614435614823168,13.5474889486677,5.973712445804959,XLU,-1.951336388357802,0.8197964527803976,,,,,,,,,,,,,,
reg_summary,,,,,,,cc3,,5,excess,,BTC,,,,2.0,4.0,0.0,-0.08577879668140172,8.911947785164552,10.791240929242155,XLB,3.0068376400835444,-0.7177988619610675,,,,,,,,,,,,,,
reg_summary,,,,,,,cc3,,5,excess,,GLD,,,,0.0,1.0,0.0,0.07677964440016424,10.398039581283774,7.1323691602282375,SMH,-1.6351373704316625,-1.3553722283072351,,,,,,,,,,,,,,
reg_summary,,,,,,,cc3,,5,excess,,HYG,,,,0.0,0.0,0.0,-0.16260263271361694,10.107078577636466,3.742029322010388,XLB,-1.9267039294260322,0.5491420105579948,,,,,,,,,,,,,,
reg_summary,,,,,,,cc3,,5,excess,,SPY,,,,1.0,0.0,0.0,0.5802651983122235,10.682903720153465,8.963178075028782,XLK,-2.502100526772967,-0.9293715823194812,,,,,,,,,,,,,,
reg_summary,,,,,,,cc3,,5,excess,,TLT,,,,0.0,2.0,0.0,0.397697524198452,7.882300194266256,9.316210959015852,XLRE,1.6836812613510717,-0.7191823923606446,,,,,,,,,,,,,,
reg_summary,,,,,,,cc3,,5,excess,,USO,,,,3.0,0.0,0.0,0.6011261251334193,11.37695270800262,4.999016914680388,XLU,3.2068425710119683,0.47334108894677374,,,,,,,,,,,,,,
reg_summary,,,,,,,cc3,,5,excess,,UUP,,,,2.0,0.0,0.0,-0.4631679380442232,12.769088232954529,6.15446122586699,XLP,-2.662902891083603,0.23403706323987944,,,,,,,,,,,,,,
reg_summary,,,,,,,cc3,,5,excess,,VIX,,,,1.0,1.0,0.0,-0.1781810192617088,10.272901426394144,8.059683221022604,XLRE,-2.297472644866293,0.49461051619619456,,,,,,,,,,,,,,
reg_summary,,,,,,,cc3,,5,raw,,BTC,,,,0.0,6.0,0.0,0.03210729456102732,8.942834128541225,20.478738484830565,XBI,-1.5710187827191515,-2.609974583239303,,,,,,,,,,,,,,
reg_summary,,,,,,,cc3,,5,raw,,GLD,,,,0.0,0.0,0.0,0.05277903043726124,10.398039581283772,10.37499926170059,SMH,-1.0754595584086037,-1.2131770308351344,,,,,,,,,,,,,,
reg_summary,,,,,,,cc3,,5,raw,,HYG,,,,0.0,0.0,0.0,-0.30249504908293284,10.092488195034903,6.358837281963355,XLP,1.4465196280769477,-0.7604554833170308,,,,,,,,,,,,,,
reg_summary,,,,,,,cc3,,5,raw,,SPY,,,,0.0,0.0,0.0,0.38064313260123367,10.954339509605175,17.803243566900083,XLP,1.0250134436154765,-0.27307744603125256,,,,,,,,,,,,,,
reg_summary,,,,,,,cc3,,5,raw,,TLT,,,,0.0,0.0,0.0,0.44966132544137344,15.415034250424672,9.529799149839079,XLRE,1.609691450300835,-0.6830818703647799,,,,,,,,,,,,,,
reg_summary,,,,,,,cc3,,5,raw,,USO,,,,0.0,0.0,0.0,0.4034363595142306,11.293097905737042,8.259544721434121,XLU,1.217315575859629,-0.47369020219444924,,,,,,,,,,,,,,
reg_summary,,,,,,,cc3,,5,raw,,UUP,,,,0.0,1.0,0.0,-0.5410938580754028,19.34129186921024,6.708975060896166,XBI,1.8192891648115541,-0.38864907701008555,,,,,,,,,,,,,,
reg_summary,,,,,,,cc3,,5,raw,,VIX,,,,0.0,0.0,0.0,-0.27224349106854107,14.52500134400447,10.794536546059257,XLRE,-1.7601288864818372,1.2439587631153555,,,,,,,,,,,,,,
reg_summary,,,,,,,cc4,,1,excess,,BTC,,,,3.0,0.0,0.0,0.0034735993742660023,10.998999576798582,4.371452055582885,XBI,-2.841567480744627,-0.944256360343162,,,,,,,,,,,,,,
reg_summary,,,,,,,cc4,,1,excess,,GLD,,,,0.0,1.0,0.0,0.19017828049102897,6.362535743950242,6.419187747355387,XLRE,1.8805475445625135,1.7171159931740885,,,,,,,,,,,,,,
reg_summary,,,,,,,cc4,,1,excess,,HYG,,,,0.0,0.0,0.0,0.35483164205751083,11.87820672405209,3.262878923586013,XLK,-1.9430932299399475,0.5012721903344372,,,,,,,,,,,,,,
reg_summary,,,,,,,cc4,,1,excess,,SPY,,,,2.0,1.0,1.0,0.6115694657744893,8.582424878010071,7.19953439450812,XLK,-4.093816913492112,-0.4634450372606973,,,,,,,,,,,,,,
reg_summary,,,,,,,cc4,,1,excess,,TLT,,,,0.0,0.0,0.0,0.41410645557776726,5.150651538072641,5.660387464018922,XLRE,1.7125701607259942,-0.22971044665108714,,,,,,,,,,,,,,
reg_summary,,,,,,,cc4,,1,excess,,USO,,,,2.0,0.0,0.0,0.4485001296327229,9.691402713508285,4.841948931224565,XLU,2.803585718852985,1.193021900601764,,,,,,,,,,,,,,
reg_summary,,,,,,,cc4,,1,excess,,UUP,,,,0.0,0.0,0.0,-0.5247812644735645,8.030697944479664,5.782544074854512,XLB,1.7913470243022729,-1.0147005875626267,,,,,,,,,,,,,,
reg_summary,,,,,,,cc4,,1,excess,,VIX,,,,2.0,0.0,0.0,-0.4701472616404081,6.777185157411755,3.3812234305330917,XLU,-2.1642066773189663,0.4456691616562134,,,,,,,,,,,,,,
reg_summary,,,,,,,cc4,,1,raw,,BTC,,,,1.0,2.0,0.0,-0.21170137119969892,10.38911108210343,12.46799290098411,XBI,-3.2085273820302875,-1.4585937028359897,,,,,,,,,,,,,,
reg_summary,,,,,,,cc4,,1,raw,,GLD,,,,0.0,1.0,0.0,0.3220405908126583,12.935371681065819,6.643741855618674,XLRE,1.4551686384373923,1.5051408179959433,,,,,,,,,,,,,,
reg_summary,,,,,,,cc4,,1,raw,,HYG,,,,0.0,1.0,0.0,0.016423832397572877,14.105368272911013,9.908517841664688,XLP,1.6208097552581384,-0.5459891151352477,,,,,,,,,,,,,,
reg_summary,,,,,,,cc4,,1,raw,,SPY,,,,2.0,6.0,1.0,0.23971338361542774,14.673522310170199,16.95506986818342,XLK,-2.845771606392214,-1.5338913290746137,,,,,,,,,,,,,,
reg_summary,,,,,,,cc4,,1,raw,,TLT,,,,0.0,0.0,0.0,0.6881722084603966,23.436163047790068,7.453852673720382,XLK,1.9613531874427286,0.12559655175891538,,,,,,,,,,,,,,
reg_summary,,,,,,,cc4,,1,raw,,USO,,,,0.0,0.0,0.0,0.5786742876724746,9.828219494789503,4.296660659521613,XLU,1.6106466069944758,1.354622619023306,,,,,,,,,,,,,,
reg_summary,,,,,,,cc4,,1,raw,,UUP,,,,0.0,0.0,0.0,-0.5368909654717051,10.296433078788327,6.154096270495598,XLV,-1.6048472785313252,-0.24101863637668536,,,,,,,,,,,,,,
reg_summary,,,,,,,cc4,,1,raw,,VIX,,,,1.0,0.0,0.0,-0.4183232853175186,24.246054140833728,5.143102673760766,XLP,-2.0260158945924567,0.3999233350564605,,,,,,,,,,,,,,
reg_summary,,,,,,,cc4,,5,excess,,BTC,,,,2.0,2.0,0.0,-0.11294615688774733,10.872594637561685,12.618791429547775,XLB,2.9824774780745513,-0.769949483218387,,,,,,,,,,,,,,
reg_summary,,,,,,,cc4,,5,excess,,GLD,,,,1.0,1.0,0.0,0.22513450913763539,12.919834890046454,10.348189234505424,SMH,-2.0969629620734493,-1.5747162667243242,,,,,,,,,,,,,,
reg_summary,,,,,,,cc4,,5,excess,,HYG,,,,0.0,0.0,0.0,-0.257811077170063,11.241766761141713,5.210306025494562,XLB,-1.6841215637442715,0.4611098387447698,,,,,,,,,,,,,,
reg_summary,,,,,,,cc4,,5,excess,,SPY,,,,1.0,0.0,0.0,0.5491846986857803,13.513221470883435,12.536161881579243,XLK,-2.8642145665343324,-1.1072680085507562,,,,,,,,,,,,,,
reg_summary,,,,,,,cc4,,5,excess,,TLT,,,,0.0,2.0,0.0,0.5365014565277328,10.159805667090827,13.162145689389599,XLE,-1.608647763990326,-1.2385852234913446,,,,,,,,,,,,,,
reg_summary,,,,,,,cc4,,5,excess,,USO,,,,3.0,0.0,0.0,0.46420779295499515,13.730248885497607,4.935578187895687,XLU,3.5168535811356803,0.22122190400215988,,,,,,,,,,,,,,
reg_summary,,,,,,,cc4,,5,excess,,UUP,,,,1.0,0.0,0.0,-0.39067989828971605,14.404201420099366,8.471028775151995,XLP,-3.2752182648479446,0.3468272161831884,,,,,,,,,,,,,,
reg_summary,,,,,,,cc4,,5,excess,,VIX,,,,1.0,3.0,0.0,-0.0313878578920095,11.36589771287173,10.423750411495904,XLRE,-2.1381903865873064,0.3292743697072265,,,,,,,,,,,,,,
reg_summary,,,,,,,cc4,,5,raw,,BTC,,,,0.0,7.0,0.0,0.007885568791330132,10.78028447879285,27.6488174783658,XLB,1.7627700638966268,-2.052910898829965,,,,,,,,,,,,,,
reg_summary,,,,,,,cc4,,5,raw,,GLD,,,,0.0,0.0,0.0,0.24335342375370828,13.366358781714696,13.628511045117275,SMH,-1.6460564379105334,-1.3691908751889839,,,,,,,,,,,,,,
reg_summary,,,,,,,cc4,,5,raw,,HYG,,,,0.0,0.0,0.0,-0.39129055881127456,13.084256817706116,6.822272230797944,XLP,1.2343877575835438,-0.8387758429668808,,,,,,,,,,,,,,
reg_summary,,,,,,,cc4,,5,raw,,SPY,,,,0.0,0.0,0.0,0.5116769939668978,14.929454127770997,20.685577998022264,XLK,-1.1741472249118423,-1.4507749702692585,,,,,,,,,,,,,,
reg_summary,,,,,,,cc4,,5,raw,,TLT,,,,0.0,0.0,0.0,0.5124881566168287,19.226512748507435,12.130897211009016,XLV,1.7020886856661395,0.09093270477719993,,,,,,,,,,,,,,
reg_summary,,,,,,,cc4,,5,raw,,USO,,,,0.0,0.0,0.0,0.13196615918816285,15.903195120880332,13.287083937229838,XLK,-1.370778391489852,-1.014451876757966,,,,,,,,,,,,,,
reg_summary,,,,,,,cc4,,5,raw,,UUP,,,,0.0,0.0,0.0,-0.43129670506644263,24.310282667448966,8.537907067058292,XBI,1.8014935941766548,-0.7429966148480844,,,,,,,,,,,,,,
reg_summary,,,,,,,cc4,,5,raw,,VIX,,,,0.0,0.0,0.0,-0.17766645841957962,23.46634248432901,13.55651064107437,XLRE,-1.9111623837438299,0.9969293342250283,,,,,,,,,,,,,,
reg_summary,,,,,,,cc5,,1,excess,,BTC,,,,4.0,2.0,1.0,-0.12022493158384982,11.421753445144585,7.9681831649469075,XLI,2.676986301886862,-1.335389208117062,,,,,,,,,,,,,,
reg_summary,,,,,,,cc5,,1,excess,,GLD,,,,0.0,2.0,0.0,0.20988194198336532,8.221805302411068,6.85109995176757,XLRE,1.9262374558565938,1.5767130875669861,,,,,,,,,,,,,,
reg_summary,,,,,,,cc5,,1,excess,,HYG,,,,0.0,0.0,0.0,0.22578555313318935,11.162855485165265,3.429485361902876,XLU,1.7761129897039103,-0.27960052711779576,,,,,,,,,,,,,,
reg_summary,,,,,,,cc5,,1,excess,,SPY,,,,3.0,1.0,1.0,0.6036694694739274,9.417113496314458,8.369065011483643,XLK,-3.309198592948908,-0.9972369354125133,,,,,,,,,,,,,,
reg_summary,,,,,,,cc5,,1,excess,,TLT,,,,1.0,0.0,0.0,0.4641308042479987,7.541144223620264,7.3841648365246755,XLK,2.1376820128054717,0.7849288337251162,,,,,,,,,,,,,,
reg_summary,,,,,,,cc5,,1,excess,,USO,,,,3.0,0.0,0.0,0.5717644118481638,11.604635840310396,5.727788626971967,XLU,2.8039594006220625,1.2026804689980655,,,,,,,,,,,,,,
reg_summary,,,,,,,cc5,,1,excess,,UUP,,,,2.0,0.0,0.0,-0.3543344664390505,12.122887617460615,5.328694929033306,XLB,3.236009708156777,-0.764647139402135,,,,,,,,,,,,,,
reg_summary,,,,,,,cc5,,1,excess,,VIX,,,,1.0,0.0,0.0,-0.22575092902315932,6.170000309449613,4.581570199473801,XLU,-2.054400314921223,0.5611433501539612,,,,,,,,,,,,,,
reg_summary,,,,,,,cc5,,1,raw,,BTC,,,,1.0,4.0,1.0,-0.10815064603787447,10.96000393752099,13.409597551843884,XBI,-2.891463500995155,-2.3386825255030677,,,,,,,,,,,,,,
reg_summary,,,,,,,cc5,,1,raw,,GLD,,,,0.0,0.0,0.0,0.33416194173501623,15.725306158737752,8.579458002318534,XLU,1.508417616037625,-0.21573281617091303,,,,,,,,,,,,,,
reg_summary,,,,,,,cc5,,1,raw,,HYG,,,,1.0,0.0,0.0,-0.1083246235999719,10.416627261645274,9.81448005342021,XLP,2.6240881223546118,-1.1162445816310649,,,,,,,,,,,,,,
reg_summary,,,,,,,cc5,,1,raw,,SPY,,,,0.0,1.0,0.0,0.48415067577622384,9.616918956061534,16.351060118072887,XLK,-1.3089426125547534,-1.435227000958722,,,,,,,,,,,,,,
reg_summary,,,,,,,cc5,,1,raw,,TLT,,,,1.0,0.0,0.0,0.6982722641690791,18.274608258207337,12.306034624991254,XLK,2.222580462309538,-0.21678920217370362,,,,,,,,,,,,,,
reg_summary,,,,,,,cc5,,1,raw,,USO,,,,0.0,0.0,0.0,0.5481072358045244,12.926634149733975,5.297665608291049,XLU,1.351657231035188,1.1072909400435407,,,,,,,,,,,,,,
reg_summary,,,,,,,cc5,,1,raw,,UUP,,,,0.0,1.0,0.0,-0.5412321761357992,13.528798479735725,5.874676186112386,XLE,1.896730610199945,-0.4496638095969993,,,,,,,,,,,,,,
reg_summary,,,,,,,cc5,,1,raw,,VIX,,,,0.0,0.0,0.0,-0.3671668816324558,11.944260873369545,5.185443450272513,XLU,-1.8084066681903588,0.8997285590494634,,,,,,,,,,,,,,
reg_summary,,,,,,,cc5,,5,excess,,BTC,,,,1.0,2.0,0.0,-0.061373262237883204,13.636185004000675,15.20743500744542,XLB,2.686071141662481,-0.8210998789599343,,,,,,,,,,,,,,
reg_summary,,,,,,,cc5,,5,excess,,GLD,,,,2.0,1.0,0.0,0.13194781765699212,14.722377830512759,12.643071485579302,XLP,2.374137057848156,0.7691030176264857,,,,,,,,,,,,,,
reg_summary,,,,,,,cc5,,5,excess,,HYG,,,,0.0,0.0,0.0,-0.23383259197346903,11.264761145953685,6.7294798510694545,XLB,-1.4215050077604774,0.5162983027945639,,,,,,,,,,,,,,
reg_summary,,,,,,,cc5,,5,excess,,SPY,,,,1.0,0.0,0.0,0.5581538366839849,15.933729768471759,15.332783797224314,XLK,-2.506001198997778,-1.147503758600374,,,,,,,,,,,,,,
reg_summary,,,,,,,cc5,,5,excess,,TLT,,,,0.0,1.0,0.0,0.4890613066330562,11.555521709040699,14.439346884195961,XLF,-1.8344836012503922,-2.2950966041205914,,,,,,,,,,,,,,
reg_summary,,,,,,,cc5,,5,excess,,USO,,,,3.0,0.0,0.0,0.24365234662421573,16.335360249162665,4.73470914067166,XLU,3.4915303103765307,-0.18165040248445616,,,,,,,,,,,,,,
reg_summary,,,,,,,cc5,,5,excess,,UUP,,,,2.0,0.0,0.0,-0.2623791713906596,16.04348460041108,10.026491696258356,XLP,-3.534320845301608,0.31390612376535015,,,,,,,,,,,,,,
reg_summary,,,,,,,cc5,,5,excess,,VIX,,,,0.0,3.0,0.0,0.14652382424890353,12.712413252273409,12.108300247129614,XLRE,-1.8720633691551867,0.20516525979793188,,,,,,,,,,,,,,
reg_summary,,,,,,,cc5,,5,raw,,BTC,,,,1.0,5.0,0.0,0.04151802822227469,12.903401767258567,28.913594257863927,XLB,2.2132008004860437,-1.9547335410256732,,,,,,,,,,,,,,
reg_summary,,,,,,,cc5,,5,raw,,GLD,,,,0.0,0.0,0.0,0.11523013688687281,16.144150118335485,15.107264286594814,SMH,-1.9873736291421586,-1.182582613899483,,,,,,,,,,,,,,
reg_summary,,,,,,,cc5,,5,raw,,HYG,,,,0.0,0.0,0.0,-0.32938103764688453,10.77883598348799,8.417049985706887,XLP,1.3937346751680968,-0.8435409128107135,,,,,,,,,,,,,,
reg_summary,,,,,,,cc5,,5,raw,,SPY,,,,0.0,0.0,0.0,0.593051738196133,16.33967397524554,22.560499490863236,XLP,1.509253648588375,-0.22464537323427816,,,,,,,,,,,,,,
reg_summary,,,,,,,cc5,,5,raw,,TLT,,,,0.0,0.0,0.0,0.40261173681923523,17.86169184337357,13.65202132797729,XLV,1.5339849493001456,-0.01827752510169975,,,,,,,,,,,,,,
reg_summary,,,,,,,cc5,,5,raw,,USO,,,,0.0,0.0,0.0,-0.16897644097785003,19.427241529212665,16.324448131604207,XLK,-1.1839227360469085,-0.8631438677173324,,,,,,,,,,,,,,
reg_summary,,,,,,,cc5,,5,raw,,UUP,,,,0.0,0.0,0.0,-0.3120560410933211,30.93572362307844,10.608689099257772,SMH,1.893911804946233,0.6180828842799116,,,,,,,,,,,,,,
reg_summary,,,,,,,cc5,,5,raw,,VIX,,,,0.0,0.0,0.0,-0.14433128892975824,26.832548187943036,15.676950079760916,XLRE,-1.8976837216839975,0.9446005719466173,,,,,,,,,,,,,,
reg_summary,,,,,,,day0,,1,excess,,BTC,,,,2.0,5.0,0.0,-0.12241926998733473,2.5893080472678363,5.889696186902221,XLI,-2.5668057366280723,0.30486631958453725,,,,,,,,,,,,,,
reg_summary,,,,,,,day0,,1,excess,,GLD,,,,2.0,0.0,0.0,0.5667043388827198,4.303385465124785,3.8434207816743684,XLU,3.3082200892440246,1.7691204295196934,,,,,,,,,,,,,,
reg_summary,,,,,,,day0,,1,excess,,HYG,,,,3.0,6.0,2.0,0.06126794311639265,6.00830612647861,7.498933121481697,XLRE,3.2761600317544457,2.010687437684498,,,,,,,,,,,,,,
reg_summary,,,,,,,day0,,1,excess,,SPY,,,,3.0,3.0,0.0,0.05940998043306606,6.653220457981814,5.208053371419431,SMH,2.388466908281197,-1.5488778875458369,,,,,,,,,,,,,,
reg_summary,,,,,,,day0,,1,excess,,TLT,,,,1.0,5.0,1.0,0.7133160801033467,3.7777148226359354,5.5613470953274335,XBI,2.503004327319426,2.2513660366421226,,,,,,,,,,,,,,
reg_summary,,,,,,,day0,,1,excess,,USO,,,,2.0,1.0,0.0,0.5516308937187401,3.1913070498714324,4.250688195051557,XBI,-2.556773211142217,-1.5526840762933716,,,,,,,,,,,,,,
reg_summary,,,,,,,day0,,1,excess,,UUP,,,,0.0,4.0,0.0,0.2700343159108255,3.0584466339110237,4.280030627772609,XLY,1.4731560489254345,1.0975723494401688,,,,,,,,,,,,,,
reg_summary,,,,,,,day0,,1,excess,,VIX,,,,2.0,4.0,2.0,0.6430464711945938,3.0659646507351783,5.027004196936046,SMH,2.8064382488904753,2.2454147200246246,,,,,,,,,,,,,,
reg_summary,,,,,,,day0,,1,raw,,BTC,,,,1.0,3.0,0.0,0.045247988316793004,2.589518294052939,5.856380259182111,KRE,-2.018771143879543,-0.2204144194554835,,,,,,,,,,,,,,
reg_summary,,,,,,,day0,,1,raw,,GLD,,,,2.0,3.0,1.0,0.6074180894349998,4.197100686270589,4.481560662086843,XLU,2.2191297282927227,2.5962029030145026,,,,,,,,,,,,,,
reg_summary,,,,,,,day0,,1,raw,,HYG,,,,3.0,0.0,0.0,0.2664048518588455,9.21641699278858,8.261619058645428,XLRE,3.5089269343272242,-0.09639603738232315,,,,,,,,,,,,,,
reg_summary,,,,,,,day0,,1,raw,,SPY,,,,4.0,0.0,0.0,0.3203335253573766,7.921062839545995,6.423035901594275,XLE,2.5979961022128886,0.8076489371404231,,,,,,,,,,,,,,
reg_summary,,,,,,,day0,,1,raw,,TLT,,,,0.0,0.0,0.0,0.6799659028844881,3.628383491789276,5.19122117983518,XBI,1.7712296383514015,0.8942464117555466,,,,,,,,,,,,,,
reg_summary,,,,,,,day0,,1,raw,,USO,,,,0.0,0.0,0.0,0.6097185467505176,3.360317142622396,4.833293062594853,XBI,-1.6260836769070728,-1.2149925719133186,,,,,,,,,,,,,,
reg_summary,,,,,,,day0,,1,raw,,UUP,,,,0.0,1.0,0.0,0.16407636019078542,6.511548311485682,4.539193622165533,XLY,1.7728129561047667,0.08191643993571301,,,,,,,,,,,,,,
reg_summary,,,,,,,day0,,1,raw,,VIX,,,,1.0,3.0,1.0,0.41086141408522153,4.659486374320537,8.028882794559518,SMH,2.0641972470810206,2.1335626394759872,,,,,,,,,,,,,,
reg_summary,,,,,,,day1,,1,excess,,BTC,,,,3.0,0.0,0.0,0.18092441342423826,4.400221115004873,2.2535579595190733,SMH,-3.0281173965590202,-0.7498950987111036,,,,,,,,,,,,,,
reg_summary,,,,,,,day1,,1,excess,,GLD,,,,0.0,1.0,0.0,0.46674140669486147,2.742251331798735,3.5793593672233683,XLP,-1.2789026535668084,0.8358568510276886,,,,,,,,,,,,,,
reg_summary,,,,,,,day1,,1,excess,,HYG,,,,2.0,2.0,0.0,0.763411216110959,5.370546384827454,4.446492385540697,SMH,-3.077484438446328,-1.9681943199867502,,,,,,,,,,,,,,
reg_summary,,,,,,,day1,,1,excess,,SPY,,,,3.0,4.0,2.0,0.7485424642087233,5.352949575519173,5.607742707626337,SMH,-4.42529508409399,-2.1438866221090156,,,,,,,,,,,,,,
reg_summary,,,,,,,day1,,1,excess,,TLT,,,,0.0,0.0,0.0,0.38993001483576456,2.817840703687416,1.958313691712711,XLB,-1.62496440440861,0.2968250897210259,,,,,,,,,,,,,,
reg_summary,,,,,,,day1,,1,excess,,USO,,,,1.0,0.0,0.0,-0.10554019849831436,2.9926278865707316,2.233554580119302,SMH,-2.4812425336424755,0.4875671549863586,,,,,,,,,,,,,,
reg_summary,,,,,,,day1,,1,excess,,UUP,,,,1.0,0.0,0.0,0.004596491920480975,4.069731006789088,2.193311102575803,XLB,2.147527425753852,0.4541203669048986,,,,,,,,,,,,,,
reg_summary,,,,,,,day1,,1,excess,,VIX,,,,1.0,1.0,0.0,-0.22921572458395595,2.914510166004828,3.3836855139711983,XLK,2.132391843509115,-1.8009473579346693,,,,,,,,,,,,,,
reg_summary,,,,,,,day1,,1,raw,,BTC,,,,1.0,0.0,0.0,0.28816247510232557,4.455465144846686,2.1893254877172112,XBI,-2.059845781184498,-0.6078829670718436,,,,,,,,,,,,,,
reg_summary,,,,,,,day1,,1,raw,,GLD,,,,0.0,2.0,0.0,0.5197666469369805,2.4692270632016124,4.281751883801714,XLRE,1.0504172692964395,3.531276302722553,,,,,,,,,,,,,,
reg_summary,,,,,,,day1,,1,raw,,HYG,,,,1.0,0.0,0.0,0.7541866848474568,6.067150846540416,6.199984106611679,SMH,-2.1979465991743226,-1.549137922737333,,,,,,,,,,,,,,
reg_summary,,,,,,,day1,,1,raw,,SPY,,,,4.0,2.0,2.0,0.7426787106848776,11.593884914015181,9.47909246208484,SMH,-3.8538798101737854,-1.9476127573289872,,,,,,,,,,,,,,
reg_summary,,,,,,,day1,,1,raw,,TLT,,,,0.0,0.0,0.0,0.5585111430566814,5.9289666226094795,1.8829897150119865,XLP,1.8140211895796807,0.9648730894819398,,,,,,,,,,,,,,
reg_summary,,,,,,,day1,,1,raw,,USO,,,,1.0,0.0,0.0,-0.014177928768091161,9.283692098436678,2.1151548419871276,SMH,-2.3809564891259254,0.4986809982436903,,,,,,,,,,,,,,
reg_summary,,,,,,,day1,,1,raw,,UUP,,,,1.0,0.0,0.0,0.24068955178690285,6.5788193955680825,2.9065644479846666,XLV,-2.1652066401125896,-0.7982630300865391,,,,,,,,,,,,,,
reg_summary,,,,,,,day1,,1,raw,,VIX,,,,0.0,1.0,0.0,0.14282789056933143,3.324230065452563,7.100056189686077,XLK,1.3674342553365495,-2.0474647387083507,,,,,,,,,,,,,,
reg_summary,,,,,,,day1,,5,excess,,BTC,,,,3.0,1.0,1.0,0.10244570423513795,3.8367993635980637,3.1422225423641197,XBI,-2.865636282638851,-2.227825441039605,,,,,,,,,,,,,,
reg_summary,,,,,,,day1,,5,excess,,GLD,,,,1.0,0.0,0.0,0.35284178455757975,3.374955410325994,3.0585198396783317,XLRE,2.0347435472290667,1.3715810962373252,,,,,,,,,,,,,,
reg_summary,,,,,,,day1,,5,excess,,HYG,,,,2.0,0.0,0.0,0.4116991737858841,6.0039752715299075,2.711055550296045,XLB,-2.546410203822058,1.0042907736499331,,,,,,,,,,,,,,
reg_summary,,,,,,,day1,,5,excess,,SPY,,,,3.0,0.0,0.0,0.592394107557866,5.701005613381918,3.1639467514061796,XLK,-2.7948941269493304,-0.05379838711835315,,,,,,,,,,,,,,
reg_summary,,,,,,,day1,,5,excess,,TLT,,,,1.0,0.0,0.0,0.05226536168331116,3.674860681011084,2.721955027040328,XLB,-2.0609685937150237,-0.6890762300260113,,,,,,,,,,,,,,
reg_summary,,,,,,,day1,,5,excess,,USO,,,,1.0,0.0,0.0,0.4251612641408131,4.023035283272955,2.469017453117697,XLU,2.113720292979996,1.226822989946145,,,,,,,,,,,,,,
reg_summary,,,,,,,day1,,5,excess,,UUP,,,,4.0,0.0,0.0,-0.13794558405041912,5.72104436546668,2.3441701046212393,XLB,3.5451719351500737,0.10861000707925984,,,,,,,,,,,,,,
reg_summary,,,,,,,day1,,5,excess,,VIX,,,,0.0,0.0,0.0,-0.21360854881819719,3.8173107351648072,2.8518704631368186,XLU,-1.8610714520598266,0.4247711326306922,,,,,,,,,,,,,,
reg_summary,,,,,,,day1,,5,raw,,BTC,,,,1.0,0.0,0.0,0.35703629353975913,3.9868268595572895,3.528004387859798,XBI,-2.7103655330931566,-1.9536401348766805,,,,,,,,,,,,,,
reg_summary,,,,,,,day1,,5,raw,,GLD,,,,0.0,0.0,0.0,0.42212426055253016,3.17601689845095,3.4546023064643507,XLRE,1.7475859724664486,0.8966479167753727,,,,,,,,,,,,,,
reg_summary,,,,,,,day1,,5,raw,,HYG,,,,0.0,0.0,0.0,0.36403831702907724,5.323265992751844,5.8512250690480645,XLB,-1.2875143567511402,-0.3751315828973332,,,,,,,,,,,,,,
reg_summary,,,,,,,day1,,5,raw,,SPY,,,,2.0,0.0,0.0,0.5804008661785828,8.430393789657737,6.438084603751428,SMH,-2.5976686136812916,-0.8321598918676705,,,,,,,,,,,,,,
reg_summary,,,,,,,day1,,5,raw,,TLT,,,,4.0,0.0,0.0,0.31253202729597807,7.861972549024384,3.2811340132138556,XLRE,2.5148275407063103,-0.586837855623567,,,,,,,,,,,,,,
reg_summary,,,,,,,day1,,5,raw,,USO,,,,1.0,0.0,0.0,0.5469415747782469,6.353941165626924,2.4360505523356646,SMH,-2.0312787482776864,0.19831347409292088,,,,,,,,,,,,,,
reg_summary,,,,,,,day1,,5,raw,,UUP,,,,0.0,0.0,0.0,-0.3173327816364805,5.463237446185529,2.2934932563331856,XLE,1.7588356385341704,-0.3542316812806489,,,,,,,,,,,,,,
reg_summary,,,,,,,day1,,5,raw,,VIX,,,,0.0,0.0,0.0,-0.26289067634727203,4.215301805600662,2.9531867210956015,KRE,1.5621604357607008,0.23819944495963605,,,,,,,,,,,,,,
reg_summary,,,,,,,night,,1,excess,,BTC,,,,5.0,2.0,0.0,0.18842648320645491,2.9558629952091913,2.070939307551908,SMH,-3.0659527313400208,-1.2380923403899662,,,,,,,,,,,,,,
reg_summary,,,,,,,night,,1,excess,,GLD,,,,0.0,3.0,0.0,0.05156350288098061,1.57482640135726,3.7576780844963307,XLRE,1.9467945748324962,1.454290637278244,,,,,,,,,,,,,,
reg_summary,,,,,,,night,,1,excess,,HYG,,,,2.0,1.0,0.0,-0.11520745786416449,2.667850554498596,1.69289458685366,XLI,2.9231033021227364,0.5164199854403735,,,,,,,,,,,,,,
reg_summary,,,,,,,night,,1,excess,,SPY,,,,2.0,1.0,0.0,0.040823418390991545,2.2681576870629203,2.59931696805294,XLY,2.6928423751563844,1.6991409201691277,,,,,,,,,,,,,,
reg_summary,,,,,,,night,,1,excess,,TLT,,,,2.0,0.0,0.0,-0.5770089795284405,2.444671857546247,1.7633686950542093,XLK,2.214967378669496,-0.4293641483654773,,,,,,,,,,,,,,
reg_summary,,,,,,,night,,1,excess,,USO,,,,2.0,1.0,0.0,-0.02756243038721354,2.297898130700048,1.8365729447684254,XLI,2.9077877475604947,1.4168927467860641,,,,,,,,,,,,,,
reg_summary,,,,,,,night,,1,excess,,UUP,,,,0.0,0.0,0.0,0.3025662199858447,2.13173268791368,1.4115558140461733,XLRE,-1.8778940760877532,-1.0517678916292192,,,,,,,,,,,,,,
reg_summary,,,,,,,night,,1,excess,,VIX,,,,2.0,0.0,0.0,0.029443387024634234,3.116642080671619,2.5405933456530794,XBI,2.104098338106865,1.9678752376226691,,,,,,,,,,,,,,
reg_summary,,,,,,,night,,1,raw,,BTC,,,,1.0,0.0,0.0,0.18335525369289582,3.102629374481317,2.1225532298766483,SMH,-2.3801644269117013,-0.8843660608835415,,,,,,,,,,,,,,
reg_summary,,,,,,,night,,1,raw,,GLD,,,,0.0,2.0,0.0,-0.07399472101786267,2.807937568944427,3.9153555779617126,XLB,1.0471643681844875,-0.7455731824502633,,,,,,,,,,,,,,
reg_summary,,,,,,,night,,1,raw,,HYG,,,,2.0,0.0,0.0,-0.07014454386177864,10.15886344218087,1.3350161870063755,SMH,-2.2991365533498462,-0.15121023236693243,,,,,,,,,,,,,,
reg_summary,,,,,,,night,,1,raw,,SPY,,,,0.0,1.0,0.0,0.13382407786048273,10.729818089272097,2.630808244605011,SMH,-1.7466291141458303,-0.19749301571827158,,,,,,,,,,,,,,
reg_summary,,,,,,,night,,1,raw,,TLT,,,,0.0,0.0,0.0,-0.3292906935841574,6.645502815733555,2.93918342837176,SMH,1.58172832536138,-0.7281409487213786,,,,,,,,,,,,,,
reg_summary,,,,,,,night,,1,raw,,USO,,,,0.0,0.0,0.0,0.21782407082261476,2.0351259832019033,2.9202733173039586,XLC,-0.9432466090952661,0.05138612357217917,,,,,,,,,,,,,,
reg_summary,,,,,,,night,,1,raw,,UUP,,,,0.0,0.0,0.0,-0.0044410724909116055,2.926691878457626,2.6658049672115953,XLRE,-0.7312399308070108,0.1936927898721083,,,,,,,,,,,,,,
reg_summary,,,,,,,night,,1,raw,,VIX,,,,2.0,2.0,0.0,0.3265988953454515,14.530629356814433,4.384144592634984,KRE,-2.288089522138242,1.6470680099046566,,,,,,,,,,,,,,
reg_summary,,,,,,,night,,5,excess,,BTC,,,,1.0,0.0,0.0,-0.30693954680320523,1.822377858182793,1.5611027911004072,XLV,2.1516162400540564,-0.9550851219087404,,,,,,,,,,,,,,
reg_summary,,,,,,,night,,5,excess,,GLD,,,,0.0,1.0,0.0,0.07885588619601781,1.8558021078806264,1.7357033944443139,XLI,1.2273174927220252,0.5960299359210101,,,,,,,,,,,,,,
reg_summary,,,,,,,night,,5,excess,,HYG,,,,0.0,0.0,0.0,0.20221446387147107,2.186814821321742,1.2996166323011773,XLV,1.9138401297599046,0.13776058277764885,,,,,,,,,,,,,,
reg_summary,,,,,,,night,,5,excess,,SPY,,,,0.0,2.0,0.0,0.33495780457337004,2.6089029456598714,2.866418449300344,KRE,1.8511562953061385,1.1501116068720816,,,,,,,,,,,,,,
reg_summary,,,,,,,night,,5,excess,,TLT,,,,0.0,1.0,0.0,-0.2848098635425771,1.3109856171160925,1.4771870873267317,XLP,-1.9315793020961638,0.3056173677333458,,,,,,,,,,,,,,
reg_summary,,,,,,,night,,5,excess,,USO,,,,1.0,0.0,0.0,0.2574557873401829,2.3536181226977733,1.1034836969727524,XLRE,2.516847268060078,0.48883574786111333,,,,,,,,,,,,,,
reg_summary,,,,,,,night,,5,excess,,UUP,,,,0.0,0.0,0.0,-0.41140575841461446,1.905867138264331,1.2069716876551868,XLV,-1.8244247315711137,0.5315414182891471,,,,,,,,,,,,,,
reg_summary,,,,,,,night,,5,excess,,VIX,,,,1.0,1.0,0.0,0.575473191412932,2.113432640621083,2.340099221089523,KRE,-2.142233850196113,-1.909043355453844,,,,,,,,,,,,,,
reg_summary,,,,,,,night,,5,raw,,BTC,,,,0.0,3.0,0.0,-0.3537475996629814,2.259365633153471,3.057337871190427,XLC,-1.4819500630448936,-0.45407770257467467,,,,,,,,,,,,,,
reg_summary,,,,,,,night,,5,raw,,GLD,,,,0.0,0.0,0.0,-0.3004183715542729,4.369298335514683,1.6881243951772116,KRE,0.9547706249995478,-0.016526667671462162,,,,,,,,,,,,,,
reg_summary,,,,,,,night,,5,raw,,HYG,,,,0.0,0.0,0.0,0.14586432537867258,2.3733254247007176,1.248707192588148,XLB,0.65308944865852,-0.0773532117770987,,,,,,,,,,,,,,
reg_summary,,,,,,,night,,5,raw,,SPY,,,,0.0,0.0,0.0,0.5362739116768362,6.647223973911367,3.1774056638612707,XLV,1.3364853706374196,0.5518838078051305,,,,,,,,,,,,,,
reg_summary,,,,,,,night,,5,raw,,TLT,,,,0.0,0.0,0.0,-0.08652647244551985,2.751790269742149,3.50428021326323,XLB,0.853451120748378,-1.2948383357321727,,,,,,,,,,,,,,
reg_summary,,,,,,,night,,5,raw,,USO,,,,0.0,0.0,0.0,0.09529073953975997,7.692869392226137,1.2856498783600385,XLU,1.316147165179022,0.4558064326070489,,,,,,,,,,,,,,
reg_summary,,,,,,,night,,5,raw,,UUP,,,,0.0,0.0,0.0,-0.08456380084742667,3.778809348476513,1.1783635962095969,SMH,0.9920204946520841,-0.08545523886401514,,,,,,,,,,,,,,
reg_summary,,,,,,,night,,5,raw,,VIX,,,,0.0,0.0,0.0,0.698479769060458,8.357603782473586,2.1318868898351133,KRE,-1.7903789174626545,-0.6651276738837568,,,,,,,,,,,,,,
rule,,,,,,,,,,,,,2021-23,,,,,,,,,,,,night_top1_long,True,753.0,0.3229232332702163,0.04256865713396518,-0.3557632583841037,1.4458105425316383,10.209108301349161,2.2802036175660843,1.215400280465906,0.2221867056351719,0.38407433513538264,0.2682222508375911,2.0
rule,,,,,,,,,,,,,2024-26,,,,,,,,,,,,night_top1_long,True,685.0,1.1863847608628235,0.23616724001399292,-0.16919910129722693,2.2091138480037755,17.069527494218903,9.166557690791642,3.2714572712457723,0.5196849515204205,0.8568112427872598,1.5072780672403154,2.0
rule,,,,,,,,,,,,,2021-23,,,,,,,,,,,,night_top1_minusSPY,True,753.0,-1.1795874206371253,-0.15815320582307024,-0.504752546783229,1.4458105425316383,10.209108301349161,-6.452533251975372,1.215400280465906,0.2221867056351719,0.38407433513538264,0.2682222508375911,2.0
rule,,,,,,,,,,,,,2024-26,,,,,,,,,,,,night_top1_minusSPY,True,685.0,-0.6987571224443156,-0.11612693476449787,-0.36882183330397955,2.2091138480037755,17.069527494218903,-4.398719335036927,3.2714572712457723,0.5196849515204205,0.8568112427872598,1.5072780672403154,2.0
rule,,,,,,,,,,,,,2021-23,,,,,,,,,,,,night_top3_long,False,753.0,-0.4133737882158233,-0.05914998001717642,-0.35107336412107726,1.1479207160733718,5.8201238344376,-2.095875195827177,-3.160678532927356,-1.200754228329357,-2.075636706472654,0.2682222508375911,2.0
rule,,,,,,,,,,,,,2024-26,,,,,,,,,,,,night_top3_long,False,685.0,0.5872005681273017,0.06924439850039987,-0.17612757063050088,2.140584140817649,10.87335381222458,2.982683424636303,-2.912416994909567,-0.9687281354796494,-1.597154497652774,1.5072780672403154,2.0
rule,,,,,,,,,,,,,2021-23,,,,,,,,,,,,night_top3_minusSPY,False,753.0,-4.113855697387573,-0.24060205799979162,-0.5821849332839932,1.1479207160733718,5.8201238344376,-10.828612065368636,-3.160678532927356,-1.200754228329357,-2.075636706472654,0.2682222508375911,2.0
rule,,,,,,,,,,,,,2024-26,,,,,,,,,,,,night_top3_minusSPY,False,685.0,-3.520031494969522,-0.23638637893735992,-0.5203449557407294,2.140584140817649,10.87335381222458,-10.582593601192267,-2.912416994909567,-0.9687281354796494,-1.597154497652774,1.5072780672403154,2.0
rule,,,,,,,,,,,,,2021-23,,,,,,,,,,,,day0_top1_long,False,753.0,-0.6766113208202985,-0.15951400484707368,-0.5265329368752674,0.22729751005119772,1.991974034697966,-5.929670631107501,-9.12081201553411,-1.4381806116007911,-2.4860545126950773,0.5532396708882351,2.0
rule,,,,,,,,,,,,,2024-26,,,,,,,,,,,,day0_top1_long,False,686.0,0.5596279992791591,0.09635016043713551,-0.21454193179488235,1.5584300956736585,12.300380231970795,4.4169234961235,2.1518727784409806,0.35725272477451475,0.5894369233326716,0.4370975536881689,2.0
rule,,,,,,,,,,,,,2021-23,,,,,,,,,,,,day0_top1_minusSPY,False,753.0,-2.647283862503727,-0.3535104812024287,-0.7488904816284117,0.22729751005119772,1.991974034697966,-16.788745547975388,-9.12081201553411,-1.4381806116007911,-2.4860545126950773,0.5532396708882351,2.0
rule,,,,,,,,,,,,,2024-26,,,,,,,,,,,,day0_top1_minusSPY,False,686.0,-0.9161463694787907,-0.13980622036615453,-0.395701410017511,1.5584300956736585,12.300380231970795,-5.518307297276755,2.1518727784409806,0.35725272477451475,0.5894369233326716,0.4370975536881689,2.0
rule,,,,,,,,,,,,,2021-23,,,,,,,,,,,,day0_top3_long,False,753.0,-0.4766323026874236,-0.0956859176749899,-0.38229596286326506,0.6428938393436503,4.537781032579577,-3.364123309340596,-6.555264693767204,-1.7323179035919467,-2.9945034072275942,0.5532396708882351,2.0
rule,,,,,,,,,,,,,2024-26,,,,,,,,,,,,day0_top3_long,False,686.0,-0.32456696538312196,-0.054773206475972946,-0.24620445518113243,1.0690645388411182,6.044183591186599,-1.83498486410598,-4.100035581788498,-1.1461653448293572,-1.8910763379429973,0.4370975536881689,2.0
rule,,,,,,,,,,,,,2021-23,,,,,,,,,,,,day0_top3_minusSPY,False,753.0,-3.758719715470498,-0.3045794031925487,-0.6738663080395385,0.6428938393436503,4.537781032579577,-14.223198226208481,-6.555264693767204,-1.7323179035919467,-2.9945034072275942,0.5532396708882351,2.0
rule,,,,,,,,,,,,,2024-26,,,,,,,,,,,,day0_top3_minusSPY,False,686.0,-3.2903486305492655,-0.25981501748384217,-0.5652604193676489,1.0690645388411182,6.044183591186599,-11.770215657506233,-4.100035581788498,-1.1461653448293572,-1.8910763379429973,0.4370975536881689,2.0
rule,,,,,,,,,,,,,2021-23,,,,,,,,,,,,cc1_top1_long,True,753.0,0.19047815793974612,0.014124977434444075,-0.3415849920973958,0.7618214439296472,8.53841677939136,2.133859395840135,-2.3654893459947823,-0.2685717272406192,-0.46425598363871406,0.6446434053305311,1.6188579017264275
rule,,,,,,,,,,,,,2024-26,,,,,,,,,,,,cc1_top1_long,True,685.0,0.8448841153343896,0.23251785266729086,-0.5081876347894472,1.341215202117557,15.99197973352291,10.073214566620722,1.9716647699667513,0.20534207970857268,0.33855011963860837,1.3098892735828362,1.5007299270072993
rule,,,,,,,,,,,,,2021-23,,,,,,,,,,,,cc1_top1_minusSPY,True,753.0,-0.26917528327676665,-0.08089197104981283,-0.44328340257891274,0.7618214439296472,8.53841677939136,-2.37057350599277,-2.3654893459947823,-0.2685717272406192,-0.46425598363871406,0.6446434053305311,1.6188579017264275
rule,,,,,,,,,,,,,2024-26,,,,,,,,,,,,cc1_top1_minusSPY,True,685.0,0.20534207970857268,0.020634464392981222,-0.5345835705954092,1.341215202117557,15.99197973352291,1.9716647699667513,1.9716647699667513,0.20534207970857268,0.33855011963860837,1.3098892735828362,1.5007299270072993
rule,,,,,,,,,,,,,2021-23,,,,,,,,,,,,cc1_top3_long,False,753.0,-0.0283935910612985,-0.029816128532558772,-0.29128125769286684,0.607886230821522,5.295791862664284,-0.24735074355674663,-4.746699485391662,-0.9311416365521941,-1.6095814731727316,0.6446434053305311,1.404603806994245
rule,,,,,,,,,,,,,2024-26,,,,,,,,,,,,cc1_top3_long,False,685.0,0.6556106192358099,0.12132779332442944,-0.33895620929973636,1.3108371228261553,10.766301378628464,5.39044679153761,-2.711103005116361,-0.5342164000239918,-0.8807694282521603,1.3098892735828362,1.3664233576642335
rule,,,,,,,,,,,,,2021-23,,,,,,,,,,,,cc1_top3_minusSPY,False,753.0,-0.9322300913538389,-0.12015650653603116,-0.3908335846378478,0.607886230821522,5.295791862664284,-4.751783645389651,-4.746699485391662,-0.9311416365521941,-1.6095814731727316,0.6446434053305311,1.404603806994245
rule,,,,,,,,,,,,,2024-26,,,,,,,,,,,,cc1_top3_minusSPY,False,685.0,-0.5342164000239918,-0.07366259499404226,-0.34594784976250437,1.3108371228261553,10.766301378628464,-2.711103005116361,-2.711103005116361,-0.5342164000239918,-0.8807694282521603,1.3098892735828362,1.3664233576642335
rule,,,,,,,,,,,,,2021-23,,,,,,,,,,,,cc5_top1_long,False,753.0,0.185496046085916,0.014077333160018801,-0.45242242828866797,0.3047617351409619,3.220217096297271,1.9598273921755738,-2.3246542312241028,-0.31526984779317385,-0.5449788583580699,0.6145721339331086,0.3184594953519256
rule,,,,,,,,,,,,,2024-26,,,,,,,,,,,,cc5_top1_long,False,685.0,1.5370866734158493,0.3917631332035332,-0.19272886193406324,1.6777087340321648,15.490246022048852,14.192878629801243,6.09132883314727,0.9635323045316119,1.588588064549649,1.3098892735828362,0.32934306569343064
rule,,,,,,,,,,,,,2021-23,,,,,,,,,,,,cc5_top1_minusSPY,False,753.0,-0.3159600690985407,-0.07314618241583459,-0.4574367795833617,0.3047617351409619,3.220217096297271,-2.329740916875904,-2.3246542312241028,-0.31526984779317385,-0.5449788583580699,0.6145721339331086,0.3184594953519256
rule,,,,,,,,,,,,,2024-26,,,,,,,,,,,,cc5_top1_minusSPY,False,685.0,0.9635323045316119,0.15119405339701886,-0.13735039615532274,1.6777087340321648,15.490246022048852,6.09132883314727,6.09132883314727,0.9635323045316119,1.588588064549649,1.3098892735828362,0.32934306569343064
rule,,,,,,,,,,,,,2021-23,,,,,,,,,,,,cc5_top3_long,True,753.0,0.36065016989034143,0.05718631686137643,-0.2740174598914866,0.47503872154673593,4.211614715756165,3.197701552478591,-1.0867800709210864,-0.24842184282858068,-0.42942467617373936,0.6145721339331086,0.25683930942895083
rule,,,,,,,,,,,,,2024-26,,,,,,,,,,,,cc5_top3_long,True,685.0,1.3600904910404512,0.27035186596581595,-0.20369796237505244,1.5067317009599734,11.305870086023212,10.204386436581418,2.1028366399274465,0.563199234082646,0.9285537983722496,1.3098892735828362,0.28009732360097317
rule,,,,,,,,,,,,,2021-23,,,,,,,,,,,,cc5_top3_minusSPY,True,753.0,-0.24958861617732894,-0.03302637105485573,-0.251621293582444,0.47503872154673593,4.211614715756165,-1.0918667565728883,-1.0867800709210864,-0.24842184282858068,-0.42942467617373936,0.6145721339331086,0.25683930942895083
rule,,,,,,,,,,,,,2024-26,,,,,,,,,,,,cc5_top3_minusSPY,True,685.0,0.563199234082646,0.04976952514071242,-0.11549544527558453,1.5067317009599734,11.305870086023212,2.1028366399274465,2.1028366399274465,0.563199234082646,0.9285537983722496,1.3098892735828362,0.28009732360097317
rule,,,,,,,,,,,,,2021-23,,,,,,,,,,,,SPY_buy_and_hold,False,753.0,0.6288394487113244,0.09987268623193302,-0.2449638647897493,,,,,,,,
rule,,,,,,,,,,,,,2024-26,,,,,,,,,,,,SPY_buy_and_hold,False,686.0,1.2953337070715292,0.20887308453637976,-0.18755219563061998,,,,,,,,
