u,strat,target,freq,take,entry,expiry,exit,how,S,K,iv_short,credit,cost,risk,pnl,ret
SPY,PS,0.1,W,0.0,2024-02-23,2024-03-01,2024-03-01,expiry,507.8500061035156,498.0,0.11650360227778825,0.24,0.061,4.76,0.179,0.03760504201680672
SPY,PS,0.1,W,0.0,2024-03-01,2024-03-08,2024-03-08,expiry,512.8499755859375,502.0,0.11961932441053405,0.2,0.061,4.8,0.139,0.028958333333333336
SPY,PS,0.1,W,0.0,2024-03-08,2024-03-15,2024-03-15,expiry,511.7200012207031,497.0,0.16565886183022688,0.22999999999999993,0.061,4.7700000000000005,0.16899999999999993,0.035429769392033524
SPY,PS,0.1,W,0.0,2024-03-15,2024-03-22,2024-03-22,expiry,509.8299865722656,497.0,0.14601362456466238,0.27,0.061,4.73,0.20900000000000002,0.044186046511627906
SPY,PS,0.1,W,0.0,2024-03-22,2024-03-28,2024-03-28,expiry,521.2100219726562,512.0,0.10647364074520624,0.17,0.061,4.83,0.10900000000000001,0.02256728778467909
SPY,PS,0.1,W,0.0,2024-03-28,2024-04-05,2024-04-05,expiry,523.0700073242188,513.0,0.10385411387885868,0.2,0.061,4.8,0.139,0.028958333333333336
SPY,PS,0.1,W,0.0,2024-04-05,2024-04-12,2024-04-12,expiry,518.4299926757812,502.5,0.17563761034601572,0.25999999999999995,0.061,4.74,0.19899999999999995,0.041983122362869184
SPY,PS,0.1,W,0.0,2024-04-12,2024-04-19,2024-04-19,expiry,510.8500061035156,494.0,0.18819704449026575,0.22999999999999998,0.061,4.77,0.16899999999999998,0.035429769392033544
SPY,PS,0.1,W,0.0,2024-04-19,2024-04-26,2024-04-26,expiry,495.1600036621094,480.0,0.18367070105640132,0.31000000000000005,0.061,4.6899999999999995,0.24900000000000005,0.053091684434968034
SPY,PS,0.1,W,0.0,2024-04-26,2024-05-03,2024-05-03,expiry,508.260009765625,494.0,0.15898447996460496,0.28,0.061,4.72,0.21900000000000003,0.046398305084745774
SPY,PS,0.1,W,0.0,2024-05-03,2024-05-10,2024-05-10,expiry,511.2900085449219,502.0,0.1096080623096567,0.24999999999999997,0.061,4.75,0.18899999999999997,0.03978947368421052
SPY,PS,0.1,W,0.0,2024-05-10,2024-05-17,2024-05-17,expiry,520.8400268554688,510.0,0.12238159936940937,0.27,0.061,4.73,0.20900000000000002,0.044186046511627906
SPY,PS,0.1,W,0.0,2024-05-17,2024-05-24,2024-05-24,expiry,529.4500122070312,520.0,0.10036989923253975,0.2,0.061,4.8,0.139,0.028958333333333336
SPY,PS,0.1,W,0.0,2024-05-24,2024-05-31,2024-05-31,expiry,529.4400024414062,521.0,0.09257392126009947,0.18000000000000002,0.061,4.82,0.11900000000000002,0.024688796680497928
SPY,PS,0.1,W,0.0,2024-05-31,2024-06-07,2024-06-07,expiry,527.3699951171875,517.0,0.11339643162933621,0.23,0.061,4.77,0.169,0.03542976939203355
SPY,PS,0.1,W,0.0,2024-06-07,2024-06-14,2024-06-14,expiry,534.010009765625,522.0,0.13225801648107377,0.31,0.061,4.69,0.249,0.05309168443496801
SPY,PS,0.1,W,0.0,2024-06-14,2024-06-21,2024-06-21,expiry,542.780029296875,531.0,0.12618109863177956,0.21999999999999997,0.061,4.78,0.15899999999999997,0.033263598326359826
SPY,PS,0.1,W,0.0,2024-06-21,2024-06-28,2024-06-28,expiry,544.510009765625,534.0,0.10942012487190553,0.22,0.061,4.78,0.159,0.03326359832635983
SPY,PS,0.1,W,0.0,2024-06-28,2024-07-05,2024-07-05,expiry,544.219970703125,535.0,0.09897312356035098,0.21,0.061,4.79,0.149,0.031106471816283923
SPY,PS,0.1,W,0.0,2024-07-05,2024-07-12,2024-07-12,expiry,554.6400146484375,544.0,0.10989861460948325,0.2,0.061,4.8,0.139,0.028958333333333336
SPY,PS,0.1,W,0.0,2024-07-12,2024-07-19,2024-07-19,expiry,559.989990234375,550.0,0.10547563985486935,0.21999999999999997,0.071,4.78,-0.861009765625,-0.18012756603033472
SPY,PS,0.1,W,0.0,2024-07-19,2024-07-26,2024-07-26,expiry,548.989990234375,535.0,0.15099092213044601,0.27999999999999997,0.061,4.72,0.21899999999999997,0.04639830508474576
SPY,PS,0.1,W,0.0,2024-07-26,2024-08-02,2024-08-02,expiry,544.4400024414062,527.0,0.18335028701182526,0.29000000000000004,0.061,4.71,0.22900000000000004,0.048619957537155
SPY,PS,0.1,W,0.0,2024-08-02,2024-08-09,2024-08-09,expiry,532.9000244140625,510.0,0.2467504249361288,0.30000000000000004,0.061,4.7,0.23900000000000005,0.05085106382978724
SPY,PS,0.1,W,0.0,2024-08-09,2024-08-16,2024-08-16,expiry,532.989990234375,512.0,0.23138409585887282,0.30999999999999994,0.061,4.69,0.24899999999999994,0.053091684434968
SPY,PS,0.1,W,0.0,2024-08-16,2024-08-23,2024-08-23,expiry,554.3099975585938,541.0,0.13498762994138458,0.22999999999999998,0.061,4.77,0.16899999999999998,0.035429769392033544
SPY,PS,0.1,W,0.0,2024-08-23,2024-08-30,2024-08-30,expiry,562.1300048828125,548.0,0.14135277566590648,0.25,0.061,4.75,0.189,0.03978947368421053
SPY,PS,0.1,W,0.0,2024-08-30,2024-09-06,2024-09-06,expiry,563.6799926757812,551.0,0.13173603431386982,0.29000000000000004,0.071,4.71,-4.781,-1.0150743099787685
SPY,PS,0.1,W,0.0,2024-09-06,2024-09-13,2024-09-13,expiry,540.3599853515625,518.0,0.2390487479761093,0.30000000000000004,0.061,4.7,0.23900000000000005,0.05085106382978724
SPY,PS,0.1,W,0.0,2024-09-13,2024-09-20,2024-09-20,expiry,562.010009765625,543.0,0.19584966453596403,0.27,0.061,4.73,0.20900000000000002,0.044186046511627906
SPY,PS,0.1,W,0.0,2024-09-20,2024-09-27,2024-09-27,expiry,568.25,554.0,0.14144434762699637,0.24,0.061,4.76,0.179,0.03760504201680672
SPY,PS,0.1,W,0.0,2024-09-27,2024-10-04,2024-10-04,expiry,571.469970703125,555.0,0.168919410928148,0.30000000000000004,0.061,4.7,0.23900000000000005,0.05085106382978724
SPY,PS,0.1,W,0.0,2024-10-04,2024-10-11,2024-10-11,expiry,572.97998046875,554.0,0.18830976149590112,0.23999999999999994,0.061,4.76,0.17899999999999994,0.037605042016806714
SPY,PS,0.1,W,0.0,2024-10-11,2024-10-18,2024-10-18,expiry,579.5800170898438,564.0,0.1587011094847221,0.23000000000000004,0.061,4.77,0.16900000000000004,0.03542976939203355
SPY,PS,0.1,W,0.0,2024-10-18,2024-10-25,2024-10-25,expiry,584.5900268554688,573.0,0.1172346484173589,0.21999999999999997,0.061,4.78,0.15899999999999997,0.033263598326359826
SPY,PS,0.1,W,0.0,2024-10-25,2024-11-01,2024-11-01,expiry,579.0399780273438,560.0,0.19028600122697248,0.26,0.061,4.74,0.199,0.0419831223628692
SPY,PS,0.1,W,0.0,2024-11-01,2024-11-08,2024-11-08,expiry,571.0399780273438,546.0,0.2573977148564208,0.38,0.061,4.62,0.319,0.06904761904761905
SPY,PS,0.1,W,0.0,2024-11-08,2024-11-15,2024-11-15,expiry,598.1900024414062,584.0,0.14004916206984824,0.21999999999999997,0.061,4.78,0.15899999999999997,0.033263598326359826
SPY,PS,0.1,W,0.0,2024-11-15,2024-11-22,2024-11-22,expiry,585.75,570.0,0.15826364706966334,0.28,0.061,4.72,0.21900000000000003,0.046398305084745774
SPY,PS,0.1,W,0.0,2024-11-22,2024-11-29,2024-11-29,expiry,595.510009765625,584.0,0.11389234030880108,0.19999999999999996,0.061,4.8,0.13899999999999996,0.028958333333333326
SPY,PS,0.1,W,0.0,2024-11-29,2024-12-06,2024-12-06,expiry,602.5499877929688,591.0,0.11220289860278893,0.24999999999999997,0.061,4.75,0.18899999999999997,0.03978947368421052
SPY,PS,0.1,W,0.0,2024-12-06,2024-12-13,2024-12-13,expiry,607.8099975585938,598.0,0.09670563418009853,0.22,0.061,4.78,0.159,0.03326359832635983
SPY,PS,0.1,W,0.0,2024-12-13,2024-12-20,2024-12-20,expiry,604.2100219726562,590.0,0.13417343003130677,0.23000000000000004,0.061,4.77,0.16900000000000004,0.03542976939203355
SPY,PS,0.1,W,0.0,2024-12-20,2024-12-27,2024-12-27,expiry,591.1500244140625,571.0,0.1942743204455144,0.3,0.061,5.7,0.239,0.041929824561403505
SPY,PS,0.1,W,0.0,2024-12-27,2025-01-03,2025-01-03,expiry,595.010009765625,581.0,0.13687585390091794,0.29000000000000004,0.061,4.71,0.22900000000000004,0.048619957537155
SPY,PS,0.1,W,0.0,2025-01-03,2025-01-10,2025-01-10,expiry,591.9500122070312,577.0,0.14208855755687372,0.27,0.061,4.73,0.20900000000000002,0.044186046511627906
SPY,PS,0.1,W,0.0,2025-01-10,2025-01-17,2025-01-17,expiry,580.489990234375,561.0,0.1958442882341795,0.31000000000000005,0.061,4.6899999999999995,0.24900000000000005,0.053091684434968034
SPY,PS,0.1,W,0.0,2025-01-17,2025-01-24,2025-01-24,expiry,597.5800170898438,582.0,0.1485861458445838,0.27999999999999997,0.061,4.72,0.21899999999999997,0.04639830508474576
SPY,PS,0.1,W,0.0,2025-01-24,2025-01-31,2025-01-31,expiry,607.969970703125,593.0,0.13849814232893265,0.27,0.061,4.73,0.20900000000000002,0.044186046511627906
SPY,PS,0.1,W,0.0,2025-01-31,2025-02-07,2025-02-07,expiry,601.8200073242188,584.0,0.1711883330463,0.33999999999999997,0.061,4.66,0.27899999999999997,0.059871244635193124
SPY,PS,0.1,W,0.0,2025-02-07,2025-02-14,2025-02-14,expiry,600.77001953125,584.0,0.16080158903017933,0.29000000000000004,0.061,4.71,0.22900000000000004,0.048619957537155
SPY,PS,0.1,W,0.0,2025-02-14,2025-02-21,2025-02-21,expiry,609.7000122070312,597.0,0.12201746306924313,0.23000000000000004,0.061,4.77,0.16900000000000004,0.03542976939203355
SPY,PS,0.1,W,0.0,2025-02-21,2025-02-28,2025-02-28,expiry,599.9400024414062,580.0,0.19198048480600116,0.25,0.061,4.75,0.189,0.03978947368421053
SPY,PS,0.1,W,0.0,2025-02-28,2025-03-07,2025-03-07,expiry,594.1799926757812,572.0,0.21248460787943446,0.31999999999999995,0.061,4.68,0.25899999999999995,0.05534188034188033
SPY,PS,0.1,W,0.0,2025-03-07,2025-03-14,2025-03-14,expiry,575.9199829101562,550.0,0.25966409193641105,0.35,0.061,4.65,0.289,0.062150537634408594
SPY,PS,0.1,W,0.0,2025-03-14,2025-03-21,2025-03-21,expiry,562.8099975585938,537.0,0.26568156372108176,0.37,0.061,4.63,0.309,0.06673866090712743
SPY,PS,0.1,W,0.0,2025-03-21,2025-03-28,2025-03-28,expiry,563.97998046875,546.0,0.18671262598886107,0.33999999999999997,0.061,4.66,0.27899999999999997,0.059871244635193124
SPY,PS,0.1,W,0.0,2025-03-28,2025-04-04,2025-04-04,expiry,555.6599731445312,532.0,0.24674638568759,0.37,0.071,4.63,-4.701,-1.0153347732181426
SPY,PS,0.1,W,0.0,2025-04-04,2025-04-11,2025-04-11,expiry,505.2799987792969,445.0,0.7393154349923583,0.3400000000000003,0.061,4.66,0.2790000000000003,0.059871244635193194
SPY,PS,0.1,W,0.0,2025-04-11,2025-04-17,2025-04-17,expiry,533.9400024414062,488.0,0.5520890637338942,0.2799999999999998,0.061,4.720000000000001,0.2189999999999998,0.04639830508474572
SPY,PS,0.1,W,0.0,2025-04-17,2025-04-25,2025-04-25,expiry,526.4099731445312,498.0,0.2999585431521463,0.35,0.061,4.65,0.289,0.062150537634408594
SPY,PS,0.1,W,0.0,2025-04-25,2025-05-02,2025-05-02,expiry,550.6400146484375,524.0,0.2803318617243459,0.3400000000000001,0.061,4.66,0.2790000000000001,0.05987124463519315
SPY,PS,0.1,W,0.0,2025-05-02,2025-05-09,2025-05-09,expiry,566.760009765625,543.0,0.24332435496017912,0.2899999999999999,0.061,4.71,0.22899999999999993,0.04861995753715497
SPY,PS,0.1,W,0.0,2025-05-09,2025-05-16,2025-05-16,expiry,564.3400268554688,542.0,0.22864049705086098,0.33999999999999997,0.061,4.66,0.27899999999999997,0.059871244635193124
SPY,PS,0.1,W,0.0,2025-05-16,2025-05-23,2025-05-23,expiry,594.2000122070312,578.0,0.15988179447235673,0.32000000000000006,0.061,4.68,0.25900000000000006,0.05534188034188036
SPY,PS,0.1,W,0.0,2025-05-23,2025-05-30,2025-05-30,expiry,579.1099853515625,556.0,0.22910280819908002,0.31000000000000005,0.061,4.6899999999999995,0.24900000000000005,0.053091684434968034
SPY,PS,0.1,W,0.0,2025-05-30,2025-06-06,2025-06-06,expiry,589.3900146484375,571.0,0.18293695412783845,0.35000000000000003,0.061,4.65,0.28900000000000003,0.06215053763440861
SPY,PS,0.1,W,0.0,2025-06-06,2025-06-13,2025-06-13,expiry,599.1400146484375,583.0,0.154815873161535,0.27,0.061,4.73,0.20900000000000002,0.044186046511627906
SPY,PS,0.1,W,0.0,2025-06-13,2025-06-20,2025-06-20,expiry,597.0,573.0,0.23258877551514645,0.17999999999999994,0.061,4.82,0.11899999999999994,0.02468879668049791
SPY,PS,0.1,W,0.0,2025-06-20,2025-06-27,2025-06-27,expiry,594.280029296875,573.0,0.2127235875916732,0.3500000000000001,0.061,4.65,0.2890000000000001,0.062150537634408615
SPY,PS,0.1,W,0.0,2025-06-27,2025-07-03,2025-07-03,expiry,614.9099731445312,601.0,0.13938945090181615,0.25,0.061,4.75,0.189,0.03978947368421053
SPY,PS,0.1,W,0.0,2025-07-03,2025-07-11,2025-07-11,expiry,625.3400268554688,608.0,0.1487796380918021,0.25,0.061,4.75,0.189,0.03978947368421053
SPY,PS,0.1,W,0.0,2025-07-11,2025-07-18,2025-07-18,expiry,623.6199951171875,608.0,0.1478034949674792,0.27,0.061,4.73,0.20900000000000002,0.044186046511627906
SPY,PS,0.1,W,0.0,2025-07-18,2025-07-25,2025-07-25,expiry,627.5800170898438,614.0,0.126328225602938,0.26000000000000006,0.061,4.74,0.19900000000000007,0.04198312236286921
SPY,PS,0.1,W,0.0,2025-07-25,2025-08-01,2025-08-01,expiry,637.0999755859375,621.0,0.14909884001541612,0.26000000000000006,0.061,4.74,0.19900000000000007,0.04198312236286921
SPY,PS,0.1,W,0.0,2025-08-01,2025-08-08,2025-08-08,expiry,621.719970703125,597.5,0.2273438129011756,0.25,0.061,4.25,0.189,0.044470588235294116
SPY,PS,0.1,W,0.0,2025-08-08,2025-08-15,2025-08-15,expiry,637.1799926757812,622.0,0.1399217904737471,0.22999999999999998,0.061,4.77,0.16899999999999998,0.035429769392033544
SPY,PS,0.1,W,0.0,2025-08-15,2025-08-22,2025-08-22,expiry,643.4400024414062,627.0,0.14925615971382628,0.27,0.061,4.73,0.20900000000000002,0.044186046511627906
SPY,PS,0.1,W,0.0,2025-08-22,2025-08-29,2025-08-29,expiry,645.3099975585938,631.0,0.13187965118684708,0.29,0.061,4.71,0.22899999999999998,0.048619957537154986
SPY,PS,0.1,W,0.0,2025-08-29,2025-09-05,2025-09-05,expiry,645.0499877929688,629.0,0.14135339859024187,0.24999999999999994,0.061,4.75,0.18899999999999995,0.03978947368421051
SPY,PS,0.1,W,0.0,2025-09-05,2025-09-12,2025-09-12,expiry,647.239990234375,631.0,0.14462094239192996,0.25,0.061,4.75,0.189,0.03978947368421053
SPY,PS,0.1,W,0.0,2025-09-12,2025-09-19,2025-09-19,expiry,657.4099731445312,638.0,0.16869238595435765,0.21999999999999997,0.061,4.78,0.15899999999999997,0.033263598326359826
SPY,PS,0.1,W,0.0,2025-09-19,2025-09-26,2025-09-26,expiry,663.7000122070312,647.0,0.14269443168355284,0.18,0.061,4.82,0.119,0.024688796680497924
SPY,PS,0.1,W,0.0,2025-09-26,2025-10-03,2025-10-03,expiry,661.8200073242188,646.0,0.1363549274129805,0.24,0.061,4.76,0.179,0.03760504201680672
SPY,PS,0.1,W,0.0,2025-10-03,2025-10-10,2025-10-10,expiry,669.2100219726562,650.0,0.1632453023122209,0.19999999999999996,0.061,4.8,0.13899999999999996,0.028958333333333326
SPY,PS,0.1,W,0.0,2025-10-10,2025-10-17,2025-10-17,expiry,653.02001953125,624.0,0.2600727053550852,0.16999999999999993,0.061,4.83,0.10899999999999993,0.022567287784679074
SPY,PS,0.1,W,0.0,2025-10-17,2025-10-24,2025-10-24,expiry,664.3900146484375,638.0,0.22648879651696452,0.27,0.061,4.73,0.20900000000000002,0.044186046511627906
SPY,PS,0.1,W,0.0,2025-10-24,2025-10-31,2025-10-31,expiry,677.25,656.0,0.18348909518120238,0.24,0.061,4.76,0.179,0.03760504201680672
SPY,PS,0.1,W,0.0,2025-10-31,2025-11-07,2025-11-07,expiry,682.0599975585938,662.0,0.16956409284142848,0.27,0.061,4.73,0.20900000000000002,0.044186046511627906
SPY,PS,0.1,W,0.0,2025-11-07,2025-11-14,2025-11-14,expiry,670.969970703125,649.0,0.18673170897410235,0.2799999999999999,0.061,4.72,0.21899999999999992,0.046398305084745746
SPY,PS,0.1,W,0.0,2025-11-14,2025-11-21,2025-11-21,expiry,671.9299926757812,646.0,0.22700090662425487,0.31000000000000005,0.061,4.6899999999999995,0.24900000000000005,0.053091684434968034
SPY,PS,0.1,W,0.0,2025-11-21,2025-11-28,2025-11-28,expiry,659.030029296875,632.0,0.23985626789779402,0.2500000000000001,0.061,4.75,0.1890000000000001,0.03978947368421055
SPY,PS,0.1,W,0.0,2025-11-28,2025-12-05,2025-12-05,expiry,683.3900146484375,666.0,0.14814875569802466,0.23999999999999994,0.061,4.76,0.17899999999999994,0.037605042016806714
SPY,PS,0.1,W,0.0,2025-12-05,2025-12-12,2025-12-12,expiry,685.6900024414062,668.0,0.1512235926975813,0.29,0.061,4.71,0.22899999999999998,0.048619957537154986
SPY,PS,0.1,W,0.0,2025-12-12,2025-12-19,2025-12-19,expiry,681.760009765625,661.0,0.17272892558741781,0.28,0.061,4.72,0.21900000000000003,0.046398305084745774
SPY,PS,0.1,W,0.0,2025-12-19,2025-12-26,2025-12-26,expiry,680.5900268554688,668.0,0.1087790346702657,0.23000000000000004,0.061,4.77,0.16900000000000004,0.03542976939203355
SPY,PS,0.1,W,0.0,2025-12-26,2026-01-02,2026-01-02,expiry,690.3099975585938,679.0,0.0972604389870364,0.21999999999999997,0.061,4.78,0.15899999999999997,0.033263598326359826
SPY,PS,0.1,W,0.0,2026-01-02,2026-01-09,2026-01-09,expiry,683.1699829101562,669.0,0.12149406560672929,0.27999999999999997,0.061,4.72,0.21899999999999997,0.04639830508474576
SPY,PS,0.1,W,0.0,2026-01-09,2026-01-16,2026-01-16,expiry,694.0700073242188,679.0,0.12730442069624864,0.26,0.061,4.74,0.199,0.0419831223628692
SPY,PS,0.1,W,0.0,2026-01-16,2026-01-23,2026-01-23,expiry,691.6599731445312,676.0,0.12955587836292065,0.24999999999999994,0.061,4.75,0.18899999999999995,0.03978947368421051
SPY,PS,0.1,W,0.0,2026-01-23,2026-01-30,2026-01-30,expiry,689.22998046875,667.0,0.1851319363934138,0.2899999999999999,0.061,4.71,0.22899999999999993,0.04861995753715497
SPY,PS,0.1,W,0.0,2026-01-30,2026-02-06,2026-02-06,expiry,691.969970703125,669.0,0.19298319485235,0.24,0.061,4.76,0.179,0.03760504201680672
SPY,PS,0.1,W,0.0,2026-02-06,2026-02-13,2026-02-13,expiry,690.6199951171875,667.0,0.19792814476640608,0.30000000000000004,0.061,4.7,0.23900000000000005,0.05085106382978724
SPY,PS,0.1,W,0.0,2026-02-13,2026-02-20,2026-02-20,expiry,681.75,655.0,0.2276864025099048,0.32000000000000006,0.061,4.68,0.25900000000000006,0.05534188034188036
SPY,PS,0.1,W,0.0,2026-02-20,2026-02-27,2026-02-27,expiry,689.4299926757812,663.0,0.22430115108361676,0.29000000000000004,0.061,4.71,0.22900000000000004,0.048619957537155
SPY,PS,0.1,W,0.0,2026-02-27,2026-03-06,2026-03-06,expiry,685.989990234375,659.0,0.23181234307581344,0.32999999999999985,0.061,4.67,0.26899999999999985,0.05760171306209847
SPY,PS,0.1,W,0.0,2026-03-06,2026-03-13,2026-03-13,expiry,672.3800048828125,630.0,0.3682049278878069,0.24,0.061,4.76,0.179,0.03760504201680672
SPY,PS,0.1,W,0.0,2026-03-13,2026-03-20,2026-03-20,expiry,662.2899780273438,625.0,0.33169856540006115,0.3400000000000001,0.061,4.66,0.2790000000000001,0.05987124463519315
SPY,PS,0.1,W,0.0,2026-03-20,2026-03-27,2026-03-27,expiry,648.5700073242188,617.0,0.2862500765494006,0.31000000000000005,0.061,4.6899999999999995,0.24900000000000005,0.053091684434968034
SPY,PS,0.1,W,0.0,2026-03-27,2026-04-02,2026-04-02,expiry,634.0900268554688,602.0,0.31394735184402245,0.31999999999999995,0.061,4.68,0.25899999999999995,0.05534188034188033
SPY,PS,0.1,W,0.0,2026-04-02,2026-04-10,2026-04-10,expiry,655.8300170898438,625.0,0.25661631562797516,0.32999999999999996,0.061,4.67,0.26899999999999996,0.05760171306209849
SPY,PS,0.1,W,0.0,2026-04-10,2026-04-17,2026-04-17,expiry,679.4600219726562,657.0,0.19278032277289336,0.28,0.061,4.72,0.21900000000000003,0.046398305084745774
SPY,PS,0.1,W,0.0,2026-04-17,2026-04-24,2026-04-24,expiry,710.1400146484375,690.0,0.16333467293218856,0.25,0.061,4.75,0.189,0.03978947368421053
SPY,PS,0.1,W,0.0,2026-04-24,2026-05-01,2026-05-01,expiry,713.9400024414062,690.0,0.19612712748262445,0.33999999999999997,0.061,4.66,0.27899999999999997,0.059871244635193124
SPY,PS,0.1,W,0.0,2026-05-01,2026-05-08,2026-05-08,expiry,720.6500244140625,700.0,0.1644784229808423,0.26,0.061,4.74,0.199,0.0419831223628692
SPY,PS,0.1,W,0.0,2026-05-08,2026-05-15,2026-05-15,expiry,737.6199951171875,717.0,0.1588623529828253,0.24,0.061,4.76,0.179,0.03760504201680672
SPY,PS,0.1,W,0.0,2026-05-15,2026-05-22,2026-05-22,expiry,739.1699829101562,715.0,0.19126560493647504,0.30000000000000004,0.061,4.7,0.23900000000000005,0.05085106382978724
SPY,PS,0.1,W,0.0,2026-05-22,2026-05-29,2026-05-29,expiry,745.6400146484375,725.0,0.15891662438368143,0.22999999999999998,0.061,4.77,0.16899999999999998,0.035429769392033544
SPY,PS,0.1,W,0.0,2026-05-29,2026-06-05,2026-06-05,expiry,756.47998046875,738.0,0.1409887457552748,0.24,0.071,4.76,-0.28101220703125,-0.0590361779477416
SPY,PS,0.1,W,0.0,2026-06-05,2026-06-12,2026-06-12,expiry,737.5499877929688,700.0,0.29929161383616554,0.27,0.061,4.73,0.20900000000000002,0.044186046511627906
SPY,PS,0.1,W,0.0,2026-06-12,2026-06-18,2026-06-18,expiry,741.75,717.0,0.20484647856457494,0.26,0.061,4.74,0.199,0.0419831223628692
SPY,PS,0.1,W,0.0,2026-06-18,2026-06-26,2026-06-26,expiry,746.739990234375,725.0,0.15948221007853652,0.28,0.061,4.72,0.21900000000000003,0.046398305084745774
SPY,PS,0.1,W,0.0,2026-06-26,2026-07-02,2026-07-02,expiry,728.989990234375,709.0,0.17232951005958647,0.29999999999999993,0.061,4.7,0.23899999999999993,0.05085106382978722
SPY,PS,0.1,W,0.0,2026-07-02,2026-07-10,2026-07-10,expiry,744.780029296875,725.0,0.14398916868935935,0.26,0.061,4.74,0.199,0.0419831223628692
SPY,PS,0.1,W,0.0,2026-07-10,2026-07-17,2026-07-17,expiry,754.9500122070312,739.0,0.12410239742704171,0.24000000000000005,0.061,4.76,0.17900000000000005,0.037605042016806735
SPY,PS,0.1,W,0.0,2026-07-17,2026-07-24,2026-07-24,expiry,743.2899780273438,718.0,0.1965889733485897,0.29000000000000004,0.061,4.71,0.22900000000000004,0.048619957537155
SPY,PS,0.1,W,0.0,2026-07-24,2026-07-31,2026-07-31,expiry,738.9299926757812,712.0,0.2120543736113989,0.33000000000000007,0.061,4.67,0.2690000000000001,0.05760171306209852
SPY,PS,0.1,W,0.0,2026-07-31,2026-08-07,2026-08-07,expiry,747.030029296875,727.0,0.15358168582441395,0.25,0.061,4.75,0.189,0.03978947368421053
SPY,PS,0.1,W,0.0,2026-08-07,2026-08-14,2026-08-14,expiry,773.260009765625,756.0,0.12877523748908287,0.27,0.061,4.73,0.20900000000000002,0.044186046511627906
SPY,PS,0.1,W,0.0,2026-08-14,2026-08-21,2026-08-21,expiry,776.3400268554688,762.0,0.10901006745667663,0.24,0.061,4.76,0.179,0.03760504201680672
SPY,PS,0.1,W,0.0,2026-08-21,2026-08-28,2026-08-28,expiry,765.719970703125,747.0,0.13899948784058003,0.25999999999999995,0.061,4.74,0.19899999999999995,0.041983122362869184
SPY,PS,0.1,W,0.0,2026-08-28,2026-09-04,2026-09-04,expiry,769.3499755859375,753.0,0.12027845555340058,0.22999999999999998,0.061,4.77,0.16899999999999998,0.035429769392033544
SPY,PS,0.1,W,0.0,2026-09-04,2026-09-11,2026-09-11,expiry,770.1900024414062,753.0,0.1267857077737906,0.22000000000000003,0.061,4.78,0.15900000000000003,0.03326359832635984
SPY,PS,0.1,W,0.0,2026-09-11,2026-09-18,2026-09-18,expiry,764.2899780273438,740.0,0.1808721675674682,0.24,0.061,4.76,0.179,0.03760504201680672
SPY,PS,0.1,W,0.0,2026-09-18,2026-09-25,2026-09-25,expiry,761.6900024414062,744.0,0.13252065216423792,0.21000000000000002,0.061,4.79,0.14900000000000002,0.03110647181628393
SPY,PS,0.1,W,0.0,2026-09-25,2026-10-02,2026-09-28,expiry,771.3499755859375,753.0,0.1386191542565986,0.27999999999999997,0.061,4.72,0.21899999999999997,0.04639830508474576
SPY,PS,0.1,W,0.5,2024-02-23,2024-03-01,2024-02-29,take,507.8500061035156,498.0,0.11650360227778825,0.24,0.122,4.76,0.10799999999999998,0.0226890756302521
SPY,PS,0.1,W,0.5,2024-03-01,2024-03-08,2024-03-07,take,512.8499755859375,502.0,0.11961932441053405,0.2,0.122,4.8,0.068,0.014166666666666668
SPY,PS,0.1,W,0.5,2024-03-08,2024-03-15,2024-03-12,take,511.7200012207031,497.0,0.16565886183022688,0.22999999999999993,0.122,4.7700000000000005,0.06799999999999995,0.014255765199161413
SPY,PS,0.1,W,0.5,2024-03-15,2024-03-22,2024-03-18,take,509.8299865722656,497.0,0.14601362456466238,0.27,0.122,4.73,0.06800000000000003,0.014376321353065545
SPY,PS,0.1,W,0.5,2024-03-22,2024-03-28,2024-03-26,take,521.2100219726562,512.0,0.10647364074520624,0.17,0.122,4.83,-0.001999999999999988,-0.00041407867494823767
SPY,PS,0.1,W,0.5,2024-03-28,2024-04-05,2024-04-05,expiry,523.0700073242188,513.0,0.10385411387885868,0.2,0.061,4.8,0.139,0.028958333333333336
SPY,PS,0.1,W,0.5,2024-04-05,2024-04-12,2024-04-08,take,518.4299926757812,502.5,0.17563761034601572,0.25999999999999995,0.122,4.74,0.02799999999999994,0.005907172995780578
SPY,PS,0.1,W,0.5,2024-04-12,2024-04-19,2024-04-19,expiry,510.8500061035156,494.0,0.18819704449026575,0.22999999999999998,0.061,4.77,0.16899999999999998,0.035429769392033544
SPY,PS,0.1,W,0.5,2024-04-19,2024-04-26,2024-04-22,take,495.1600036621094,480.0,0.18367070105640132,0.31000000000000005,0.122,4.6899999999999995,0.11800000000000005,0.025159914712153533
SPY,PS,0.1,W,0.5,2024-04-26,2024-05-03,2024-04-29,take,508.260009765625,494.0,0.15898447996460496,0.28,0.122,4.72,0.018000000000000016,0.003813559322033902
SPY,PS,0.1,W,0.5,2024-05-03,2024-05-10,2024-05-06,take,511.2900085449219,502.0,0.1096080623096567,0.24999999999999997,0.122,4.75,0.06799999999999998,0.014315789473684205
SPY,PS,0.1,W,0.5,2024-05-10,2024-05-17,2024-05-14,take,520.8400268554688,510.0,0.12238159936940937,0.27,0.122,4.73,0.057999999999999996,0.012262156448202957
SPY,PS,0.1,W,0.5,2024-05-17,2024-05-24,2024-05-21,take,529.4500122070312,520.0,0.10036989923253975,0.2,0.122,4.8,0.008000000000000007,0.0016666666666666683
SPY,PS,0.1,W,0.5,2024-05-24,2024-05-31,2024-05-31,expiry,529.4400024414062,521.0,0.09257392126009947,0.18000000000000002,0.061,4.82,0.11900000000000002,0.024688796680497928
SPY,PS,0.1,W,0.5,2024-05-31,2024-06-07,2024-06-05,take,527.3699951171875,517.0,0.11339643162933621,0.23,0.122,4.77,0.098,0.020545073375262058
SPY,PS,0.1,W,0.5,2024-06-07,2024-06-14,2024-06-11,take,534.010009765625,522.0,0.13225801648107377,0.31,0.122,4.69,0.10800000000000001,0.023027718550106612
SPY,PS,0.1,W,0.5,2024-06-14,2024-06-21,2024-06-17,take,542.780029296875,531.0,0.12618109863177956,0.21999999999999997,0.122,4.78,0.03799999999999998,0.007949790794979074
SPY,PS,0.1,W,0.5,2024-06-21,2024-06-28,2024-06-25,take,544.510009765625,534.0,0.10942012487190553,0.22,0.122,4.78,0.048000000000000015,0.010041841004184104
SPY,PS,0.1,W,0.5,2024-06-28,2024-07-05,2024-07-01,take,544.219970703125,535.0,0.09897312356035098,0.21,0.122,4.79,0.018000000000000016,0.00375782881002088
SPY,PS,0.1,W,0.5,2024-07-05,2024-07-12,2024-07-08,take,554.6400146484375,544.0,0.10989861460948325,0.2,0.122,4.8,-0.011999999999999983,-0.0024999999999999966
SPY,PS,0.1,W,0.5,2024-07-12,2024-07-19,2024-07-15,take,559.989990234375,550.0,0.10547563985486935,0.21999999999999997,0.122,4.78,-0.01200000000000001,-0.0025104602510460272
SPY,PS,0.1,W,0.5,2024-07-19,2024-07-26,2024-07-22,take,548.989990234375,535.0,0.15099092213044601,0.27999999999999997,0.122,4.72,0.11799999999999997,0.024999999999999994
SPY,PS,0.1,W,0.5,2024-07-26,2024-08-02,2024-07-31,take,544.4400024414062,527.0,0.18335028701182526,0.29000000000000004,0.122,4.71,0.14800000000000002,0.03142250530785563
SPY,PS,0.1,W,0.5,2024-08-02,2024-08-09,2024-08-08,take,532.9000244140625,510.0,0.2467504249361288,0.30000000000000004,0.122,4.7,0.15800000000000003,0.03361702127659575
SPY,PS,0.1,W,0.5,2024-08-09,2024-08-16,2024-08-13,take,532.989990234375,512.0,0.23138409585887282,0.30999999999999994,0.122,4.69,0.14799999999999996,0.031556503198294235
SPY,PS,0.1,W,0.5,2024-08-16,2024-08-23,2024-08-19,take,554.3099975585938,541.0,0.13498762994138458,0.22999999999999998,0.122,4.77,0.04799999999999999,0.010062893081761004
SPY,PS,0.1,W,0.5,2024-08-23,2024-08-30,2024-08-27,take,562.1300048828125,548.0,0.14135277566590648,0.25,0.122,4.75,0.03799999999999998,0.007999999999999995
SPY,PS,0.1,W,0.5,2024-08-30,2024-09-06,2024-09-06,expiry,563.6799926757812,551.0,0.13173603431386982,0.29000000000000004,0.071,4.71,-4.781,-1.0150743099787685
SPY,PS,0.1,W,0.5,2024-09-06,2024-09-13,2024-09-09,take,540.3599853515625,518.0,0.2390487479761093,0.30000000000000004,0.122,4.7,0.13800000000000007,0.029361702127659588
SPY,PS,0.1,W,0.5,2024-09-13,2024-09-20,2024-09-18,take,562.010009765625,543.0,0.19584966453596403,0.27,0.122,4.73,0.05800000000000005,0.01226215644820297
SPY,PS,0.1,W,0.5,2024-09-20,2024-09-27,2024-09-23,take,568.25,554.0,0.14144434762699637,0.24,0.122,4.76,0.027999999999999997,0.0058823529411764705
SPY,PS,0.1,W,0.5,2024-09-27,2024-10-04,2024-09-30,take,571.469970703125,555.0,0.168919410928148,0.30000000000000004,0.122,4.7,0.048000000000000015,0.010212765957446811
SPY,PS,0.1,W,0.5,2024-10-04,2024-10-11,2024-10-08,take,572.97998046875,554.0,0.18830976149590112,0.23999999999999994,0.122,4.76,0.007999999999999924,0.001680672268907547
SPY,PS,0.1,W,0.5,2024-10-11,2024-10-18,2024-10-14,take,579.5800170898438,564.0,0.1587011094847221,0.23000000000000004,0.122,4.77,0.038000000000000034,0.007966457023060805
SPY,PS,0.1,W,0.5,2024-10-18,2024-10-25,2024-10-25,expiry,584.5900268554688,573.0,0.1172346484173589,0.21999999999999997,0.061,4.78,0.15899999999999997,0.033263598326359826
SPY,PS,0.1,W,0.5,2024-10-25,2024-11-01,2024-10-28,take,579.0399780273438,560.0,0.19028600122697248,0.26,0.122,4.74,0.028000000000000025,0.005907172995780596
SPY,PS,0.1,W,0.5,2024-11-01,2024-11-08,2024-11-05,take,571.0399780273438,546.0,0.2573977148564208,0.38,0.122,4.62,0.20800000000000002,0.045021645021645025
SPY,PS,0.1,W,0.5,2024-11-08,2024-11-15,2024-11-13,take,598.1900024414062,584.0,0.14004916206984824,0.21999999999999997,0.122,4.78,0.04799999999999999,0.010041841004184097
SPY,PS,0.1,W,0.5,2024-11-15,2024-11-22,2024-11-18,take,585.75,570.0,0.15826364706966334,0.28,0.122,4.72,0.048000000000000015,0.010169491525423733
SPY,PS,0.1,W,0.5,2024-11-22,2024-11-29,2024-11-25,take,595.510009765625,584.0,0.11389234030880108,0.19999999999999996,0.122,4.8,0.01799999999999996,0.003749999999999992
SPY,PS,0.1,W,0.5,2024-11-29,2024-12-06,2024-12-02,take,602.5499877929688,591.0,0.11220289860278893,0.24999999999999997,0.122,4.75,0.02799999999999997,0.005894736842105256
SPY,PS,0.1,W,0.5,2024-12-06,2024-12-13,2024-12-11,take,607.8099975585938,598.0,0.09670563418009853,0.22,0.122,4.78,0.04799999999999999,0.010041841004184097
SPY,PS,0.1,W,0.5,2024-12-13,2024-12-20,2024-12-20,expiry,604.2100219726562,590.0,0.13417343003130677,0.23000000000000004,0.061,4.77,0.16900000000000004,0.03542976939203355
SPY,PS,0.1,W,0.5,2024-12-20,2024-12-27,2024-12-23,take,591.1500244140625,571.0,0.1942743204455144,0.3,0.122,5.7,0.128,0.02245614035087719
SPY,PS,0.1,W,0.5,2024-12-27,2025-01-03,2025-01-03,expiry,595.010009765625,581.0,0.13687585390091794,0.29000000000000004,0.061,4.71,0.22900000000000004,0.048619957537155
SPY,PS,0.1,W,0.5,2025-01-03,2025-01-10,2025-01-06,take,591.9500122070312,577.0,0.14208855755687372,0.27,0.122,4.73,0.058000000000000024,0.012262156448202964
SPY,PS,0.1,W,0.5,2025-01-10,2025-01-17,2025-01-14,take,580.489990234375,561.0,0.1958442882341795,0.31000000000000005,0.122,4.6899999999999995,0.08800000000000005,0.018763326226012806
SPY,PS,0.1,W,0.5,2025-01-17,2025-01-24,2025-01-21,take,597.5800170898438,582.0,0.1485861458445838,0.27999999999999997,0.122,4.72,0.13799999999999996,0.029237288135593214
SPY,PS,0.1,W,0.5,2025-01-24,2025-01-31,2025-01-30,take,607.969970703125,593.0,0.13849814232893265,0.27,0.122,4.73,0.06800000000000003,0.014376321353065545
SPY,PS,0.1,W,0.5,2025-01-31,2025-02-07,2025-02-04,take,601.8200073242188,584.0,0.1711883330463,0.33999999999999997,0.122,4.66,0.14799999999999996,0.0317596566523605
SPY,PS,0.1,W,0.5,2025-02-07,2025-02-14,2025-02-10,take,600.77001953125,584.0,0.16080158903017933,0.29000000000000004,0.122,4.71,0.09800000000000003,0.020806794055201704
SPY,PS,0.1,W,0.5,2025-02-14,2025-02-21,2025-02-18,take,609.7000122070312,597.0,0.12201746306924313,0.23000000000000004,0.122,4.77,0.028000000000000025,0.005870020964360592
SPY,PS,0.1,W,0.5,2025-02-21,2025-02-28,2025-02-28,expiry,599.9400024414062,580.0,0.19198048480600116,0.25,0.061,4.75,0.189,0.03978947368421053
SPY,PS,0.1,W,0.5,2025-02-28,2025-03-07,2025-03-07,expiry,594.1799926757812,572.0,0.21248460787943446,0.31999999999999995,0.061,4.68,0.25899999999999995,0.05534188034188033
SPY,PS,0.1,W,0.5,2025-03-07,2025-03-14,2025-03-14,expiry,575.9199829101562,550.0,0.25966409193641105,0.35,0.061,4.65,0.289,0.062150537634408594
SPY,PS,0.1,W,0.5,2025-03-14,2025-03-21,2025-03-17,take,562.8099975585938,537.0,0.26568156372108176,0.37,0.122,4.63,0.15799999999999997,0.03412526997840172
SPY,PS,0.1,W,0.5,2025-03-21,2025-03-28,2025-03-24,take,563.97998046875,546.0,0.18671262598886107,0.33999999999999997,0.122,4.66,0.18799999999999994,0.04034334763948497
SPY,PS,0.1,W,0.5,2025-03-28,2025-04-04,2025-04-01,take,555.6599731445312,532.0,0.24674638568759,0.37,0.122,4.63,0.14800000000000002,0.03196544276457884
SPY,PS,0.1,W,0.5,2025-04-04,2025-04-11,2025-04-09,take,505.2799987792969,445.0,0.7393154349923583,0.3400000000000003,0.122,4.66,0.2080000000000003,0.04463519313304727
SPY,PS,0.1,W,0.5,2025-04-11,2025-04-17,2025-04-14,take,533.9400024414062,488.0,0.5520890637338942,0.2799999999999998,0.122,4.720000000000001,0.11799999999999983,0.02499999999999996
SPY,PS,0.1,W,0.5,2025-04-17,2025-04-25,2025-04-23,take,526.4099731445312,498.0,0.2999585431521463,0.35,0.122,4.65,0.16799999999999998,0.03612903225806451
SPY,PS,0.1,W,0.5,2025-04-25,2025-05-02,2025-04-28,take,550.6400146484375,524.0,0.2803318617243459,0.3400000000000001,0.122,4.66,0.06800000000000012,0.014592274678111613
SPY,PS,0.1,W,0.5,2025-05-02,2025-05-09,2025-05-07,take,566.760009765625,543.0,0.24332435496017912,0.2899999999999999,0.122,4.71,0.027999999999999914,0.005944798301486181
SPY,PS,0.1,W,0.5,2025-05-09,2025-05-16,2025-05-12,take,564.3400268554688,542.0,0.22864049705086098,0.33999999999999997,0.122,4.66,0.20799999999999996,0.0446351931330472
SPY,PS,0.1,W,0.5,2025-05-16,2025-05-23,2025-05-23,expiry,594.2000122070312,578.0,0.15988179447235673,0.32000000000000006,0.061,4.68,0.25900000000000006,0.05534188034188036
SPY,PS,0.1,W,0.5,2025-05-23,2025-05-30,2025-05-27,take,579.1099853515625,556.0,0.22910280819908002,0.31000000000000005,0.122,4.6899999999999995,0.16800000000000004,0.03582089552238807
SPY,PS,0.1,W,0.5,2025-05-30,2025-06-06,2025-06-02,take,589.3900146484375,571.0,0.18293695412783845,0.35000000000000003,0.122,4.65,0.07800000000000001,0.0167741935483871
SPY,PS,0.1,W,0.5,2025-06-06,2025-06-13,2025-06-10,take,599.1400146484375,583.0,0.154815873161535,0.27,0.122,4.73,0.058000000000000024,0.012262156448202964
SPY,PS,0.1,W,0.5,2025-06-13,2025-06-20,2025-06-16,take,597.0,573.0,0.23258877551514645,0.17999999999999994,0.122,4.82,-0.0020000000000000295,-0.0004149377593361057
SPY,PS,0.1,W,0.5,2025-06-20,2025-06-27,2025-06-23,take,594.280029296875,573.0,0.2127235875916732,0.3500000000000001,0.122,4.65,0.14800000000000008,0.03182795698924733
SPY,PS,0.1,W,0.5,2025-06-27,2025-07-03,2025-06-30,take,614.9099731445312,601.0,0.13938945090181615,0.25,0.122,4.75,0.057999999999999996,0.012210526315789472
SPY,PS,0.1,W,0.5,2025-07-03,2025-07-11,2025-07-09,take,625.3400268554688,608.0,0.1487796380918021,0.25,0.122,4.75,0.088,0.018526315789473682
SPY,PS,0.1,W,0.5,2025-07-11,2025-07-18,2025-07-16,take,623.6199951171875,608.0,0.1478034949674792,0.27,0.122,4.73,0.08800000000000002,0.0186046511627907
SPY,PS,0.1,W,0.5,2025-07-18,2025-07-25,2025-07-22,take,627.5800170898438,614.0,0.126328225602938,0.26000000000000006,0.122,4.74,0.03800000000000009,0.00801687763713082
SPY,PS,0.1,W,0.5,2025-07-25,2025-08-01,2025-07-30,take,637.0999755859375,621.0,0.14909884001541612,0.26000000000000006,0.122,4.74,0.05800000000000005,0.012236286919831234
SPY,PS,0.1,W,0.5,2025-08-01,2025-08-08,2025-08-04,take,621.719970703125,597.5,0.2273438129011756,0.25,0.122,4.25,0.10800000000000001,0.025411764705882356
SPY,PS,0.1,W,0.5,2025-08-08,2025-08-15,2025-08-12,take,637.1799926757812,622.0,0.1399217904737471,0.22999999999999998,0.122,4.77,0.06799999999999998,0.014255765199161422
SPY,PS,0.1,W,0.5,2025-08-15,2025-08-22,2025-08-18,take,643.4400024414062,627.0,0.14925615971382628,0.27,0.122,4.73,0.028000000000000053,0.0059196617336152325
SPY,PS,0.1,W,0.5,2025-08-22,2025-08-29,2025-08-26,take,645.3099975585938,631.0,0.13187965118684708,0.29,0.122,4.71,0.03799999999999998,0.00806794055201698
SPY,PS,0.1,W,0.5,2025-08-29,2025-09-05,2025-09-04,take,645.0499877929688,629.0,0.14135339859024187,0.24999999999999994,0.122,4.75,0.11799999999999994,0.02484210526315788
SPY,PS,0.1,W,0.5,2025-09-05,2025-09-12,2025-09-08,take,647.239990234375,631.0,0.14462094239192996,0.25,0.122,4.75,0.028000000000000025,0.005894736842105269
SPY,PS,0.1,W,0.5,2025-09-12,2025-09-19,2025-09-17,take,657.4099731445312,638.0,0.16869238595435765,0.21999999999999997,0.122,4.78,-0.0020000000000000018,-0.00041841004184100454
SPY,PS,0.1,W,0.5,2025-09-19,2025-09-26,2025-09-24,take,663.7000122070312,647.0,0.14269443168355284,0.18,0.122,4.82,0.008000000000000007,0.0016597510373443998
SPY,PS,0.1,W,0.5,2025-09-26,2025-10-03,2025-09-29,take,661.8200073242188,646.0,0.1363549274129805,0.24,0.122,4.76,0.008000000000000007,0.0016806722689075646
SPY,PS,0.1,W,0.5,2025-10-03,2025-10-10,2025-10-06,take,669.2100219726562,650.0,0.1632453023122209,0.19999999999999996,0.122,4.8,-0.0020000000000000295,-0.0004166666666666728
SPY,PS,0.1,W,0.5,2025-10-10,2025-10-17,2025-10-13,take,653.02001953125,624.0,0.2600727053550852,0.16999999999999993,0.122,4.83,0.027999999999999914,0.005797101449275344
SPY,PS,0.1,W,0.5,2025-10-17,2025-10-24,2025-10-20,take,664.3900146484375,638.0,0.22648879651696452,0.27,0.122,4.73,0.08800000000000002,0.0186046511627907
SPY,PS,0.1,W,0.5,2025-10-24,2025-10-31,2025-10-27,take,677.25,656.0,0.18348909518120238,0.24,0.122,4.76,0.03799999999999998,0.00798319327731092
SPY,PS,0.1,W,0.5,2025-10-31,2025-11-07,2025-11-07,expiry,682.0599975585938,662.0,0.16956409284142848,0.27,0.061,4.73,0.20900000000000002,0.044186046511627906
SPY,PS,0.1,W,0.5,2025-11-07,2025-11-14,2025-11-10,take,670.969970703125,649.0,0.18673170897410235,0.2799999999999999,0.122,4.72,0.10799999999999993,0.022881355932203376
SPY,PS,0.1,W,0.5,2025-11-14,2025-11-21,2025-11-21,expiry,671.9299926757812,646.0,0.22700090662425487,0.31000000000000005,0.061,4.6899999999999995,0.24900000000000005,0.053091684434968034
SPY,PS,0.1,W,0.5,2025-11-21,2025-11-28,2025-11-24,take,659.030029296875,632.0,0.23985626789779402,0.2500000000000001,0.122,4.75,0.06800000000000012,0.014315789473684235
SPY,PS,0.1,W,0.5,2025-11-28,2025-12-05,2025-12-03,take,683.3900146484375,666.0,0.14814875569802466,0.23999999999999994,0.122,4.76,0.06799999999999995,0.014285714285714275
SPY,PS,0.1,W,0.5,2025-12-05,2025-12-12,2025-12-10,take,685.6900024414062,668.0,0.1512235926975813,0.29,0.122,4.71,0.118,0.025053078556263268
SPY,PS,0.1,W,0.5,2025-12-12,2025-12-19,2025-12-18,take,681.760009765625,661.0,0.17272892558741781,0.28,0.122,4.72,0.058000000000000024,0.012288135593220345
SPY,PS,0.1,W,0.5,2025-12-19,2025-12-26,2025-12-22,take,680.5900268554688,668.0,0.1087790346702657,0.23000000000000004,0.122,4.77,0.05800000000000005,0.012159329140461228
SPY,PS,0.1,W,0.5,2025-12-26,2026-01-02,2026-01-02,expiry,690.3099975585938,679.0,0.0972604389870364,0.21999999999999997,0.061,4.78,0.15899999999999997,0.033263598326359826
SPY,PS,0.1,W,0.5,2026-01-02,2026-01-09,2026-01-05,take,683.1699829101562,669.0,0.12149406560672929,0.27999999999999997,0.122,4.72,0.06799999999999998,0.014406779661016946
SPY,PS,0.1,W,0.5,2026-01-09,2026-01-16,2026-01-15,take,694.0700073242188,679.0,0.12730442069624864,0.26,0.122,4.74,0.098,0.02067510548523207
SPY,PS,0.1,W,0.5,2026-01-16,2026-01-23,2026-01-22,take,691.6599731445312,676.0,0.12955587836292065,0.24999999999999994,0.122,4.75,0.07799999999999996,0.016421052631578937
SPY,PS,0.1,W,0.5,2026-01-23,2026-01-30,2026-01-26,take,689.22998046875,667.0,0.1851319363934138,0.2899999999999999,0.122,4.71,0.05799999999999991,0.012314225053078538
SPY,PS,0.1,W,0.5,2026-01-30,2026-02-06,2026-02-02,take,691.969970703125,669.0,0.19298319485235,0.24,0.122,4.76,0.027999999999999997,0.0058823529411764705
SPY,PS,0.1,W,0.5,2026-02-06,2026-02-13,2026-02-09,take,690.6199951171875,667.0,0.19792814476640608,0.30000000000000004,0.122,4.7,0.04800000000000004,0.010212765957446817
SPY,PS,0.1,W,0.5,2026-02-13,2026-02-20,2026-02-17,take,681.75,655.0,0.2276864025099048,0.32000000000000006,0.122,4.68,0.08800000000000008,0.01880341880341882
SPY,PS,0.1,W,0.5,2026-02-20,2026-02-27,2026-02-25,take,689.4299926757812,663.0,0.22430115108361676,0.29000000000000004,0.122,4.71,0.11800000000000005,0.02505307855626328
SPY,PS,0.1,W,0.5,2026-02-27,2026-03-06,2026-03-04,take,685.989990234375,659.0,0.23181234307581344,0.32999999999999985,0.122,4.67,0.09799999999999986,0.020985010706638087
SPY,PS,0.1,W,0.5,2026-03-06,2026-03-13,2026-03-09,take,672.3800048828125,630.0,0.3682049278878069,0.24,0.122,4.76,0.038000000000000034,0.007983193277310932
SPY,PS,0.1,W,0.5,2026-03-13,2026-03-20,2026-03-16,take,662.2899780273438,625.0,0.33169856540006115,0.3400000000000001,0.122,4.66,0.1780000000000001,0.038197424892703884
SPY,PS,0.1,W,0.5,2026-03-20,2026-03-27,2026-03-23,take,648.5700073242188,617.0,0.2862500765494006,0.31000000000000005,0.122,4.6899999999999995,0.038000000000000034,0.00810234541577826
SPY,PS,0.1,W,0.5,2026-03-27,2026-04-02,2026-03-30,take,634.0900268554688,602.0,0.31394735184402245,0.31999999999999995,0.122,4.68,0.07799999999999996,0.01666666666666666
SPY,PS,0.1,W,0.5,2026-04-02,2026-04-10,2026-04-08,take,655.8300170898438,625.0,0.25661631562797516,0.32999999999999996,0.122,4.67,0.19799999999999995,0.04239828693790149
SPY,PS,0.1,W,0.5,2026-04-10,2026-04-17,2026-04-13,take,679.4600219726562,657.0,0.19278032277289336,0.28,0.122,4.72,0.04800000000000004,0.010169491525423738
SPY,PS,0.1,W,0.5,2026-04-17,2026-04-24,2026-04-22,take,710.1400146484375,690.0,0.16333467293218856,0.25,0.122,4.75,0.048000000000000015,0.01010526315789474
SPY,PS,0.1,W,0.5,2026-04-24,2026-05-01,2026-04-27,take,713.9400024414062,690.0,0.19612712748262445,0.33999999999999997,0.122,4.66,0.04799999999999999,0.010300429184549353
SPY,PS,0.1,W,0.5,2026-05-01,2026-05-08,2026-05-05,take,720.6500244140625,700.0,0.1644784229808423,0.26,0.122,4.74,0.068,0.014345991561181435
SPY,PS,0.1,W,0.5,2026-05-08,2026-05-15,2026-05-13,take,737.6199951171875,717.0,0.1588623529828253,0.24,0.122,4.76,0.07799999999999999,0.016386554621848737
SPY,PS,0.1,W,0.5,2026-05-15,2026-05-22,2026-05-20,take,739.1699829101562,715.0,0.19126560493647504,0.30000000000000004,0.122,4.7,0.128,0.02723404255319149
SPY,PS,0.1,W,0.5,2026-05-22,2026-05-29,2026-05-26,take,745.6400146484375,725.0,0.15891662438368143,0.22999999999999998,0.122,4.77,0.027999999999999997,0.005870020964360587
SPY,PS,0.1,W,0.5,2026-05-29,2026-06-05,2026-06-01,take,756.47998046875,738.0,0.1409887457552748,0.24,0.122,4.76,-0.0020000000000000018,-0.00042016806722689116
SPY,PS,0.1,W,0.5,2026-06-05,2026-06-12,2026-06-08,take,737.5499877929688,700.0,0.29929161383616554,0.27,0.122,4.73,0.07800000000000001,0.01649048625792812
SPY,PS,0.1,W,0.5,2026-06-12,2026-06-18,2026-06-15,take,741.75,717.0,0.20484647856457494,0.26,0.122,4.74,0.09800000000000003,0.020675105485232072
SPY,PS,0.1,W,0.5,2026-06-18,2026-06-26,2026-06-26,expiry,746.739990234375,725.0,0.15948221007853652,0.28,0.061,4.72,0.21900000000000003,0.046398305084745774
SPY,PS,0.1,W,0.5,2026-06-26,2026-07-02,2026-06-29,take,728.989990234375,709.0,0.17232951005958647,0.29999999999999993,0.122,4.7,0.1379999999999999,0.029361702127659553
SPY,PS,0.1,W,0.5,2026-07-02,2026-07-10,2026-07-06,take,744.780029296875,725.0,0.14398916868935935,0.26,0.122,4.74,0.08800000000000002,0.01856540084388186
SPY,PS,0.1,W,0.5,2026-07-10,2026-07-17,2026-07-15,take,754.9500122070312,739.0,0.12410239742704171,0.24000000000000005,0.122,4.76,0.038000000000000034,0.007983193277310932
SPY,PS,0.1,W,0.5,2026-07-17,2026-07-24,2026-07-21,take,743.2899780273438,718.0,0.1965889733485897,0.29000000000000004,0.122,4.71,0.11800000000000002,0.025053078556263274
SPY,PS,0.1,W,0.5,2026-07-24,2026-07-31,2026-07-28,take,738.9299926757812,712.0,0.2120543736113989,0.33000000000000007,0.122,4.67,0.06800000000000009,0.01456102783725912
SPY,PS,0.1,W,0.5,2026-07-31,2026-08-07,2026-08-03,take,747.030029296875,727.0,0.15358168582441395,0.25,0.122,4.75,0.098,0.02063157894736842
SPY,PS,0.1,W,0.5,2026-08-07,2026-08-14,2026-08-12,take,773.260009765625,756.0,0.12877523748908287,0.27,0.122,4.73,0.128,0.027061310782241013
SPY,PS,0.1,W,0.5,2026-08-14,2026-08-21,2026-08-21,expiry,776.3400268554688,762.0,0.10901006745667663,0.24,0.061,4.76,0.179,0.03760504201680672
SPY,PS,0.1,W,0.5,2026-08-21,2026-08-28,2026-08-25,take,765.719970703125,747.0,0.13899948784058003,0.25999999999999995,0.122,4.74,0.02799999999999994,0.005907172995780578
SPY,PS,0.1,W,0.5,2026-08-28,2026-09-04,2026-09-03,take,769.3499755859375,753.0,0.12027845555340058,0.22999999999999998,0.122,4.77,0.09799999999999998,0.02054507337526205
SPY,PS,0.1,W,0.5,2026-09-04,2026-09-11,2026-09-11,expiry,770.1900024414062,753.0,0.1267857077737906,0.22000000000000003,0.061,4.78,0.15900000000000003,0.03326359832635984
SPY,PS,0.1,W,0.5,2026-09-11,2026-09-18,2026-09-17,take,764.2899780273438,740.0,0.1808721675674682,0.24,0.122,4.76,0.09799999999999998,0.020588235294117643
SPY,PS,0.1,W,0.5,2026-09-18,2026-09-25,2026-09-21,take,761.6900024414062,744.0,0.13252065216423792,0.21000000000000002,0.122,4.79,0.04800000000000004,0.010020876826722347
SPY,PS,0.1,W,0.5,2026-09-25,2026-10-02,2026-09-28,expiry,771.3499755859375,753.0,0.1386191542565986,0.27999999999999997,0.061,4.72,0.21899999999999997,0.04639830508474576
SPY,PS,0.1,M,0.0,2024-03-15,2024-04-19,2024-04-19,expiry,509.8299865722656,479.0,0.1669648756420135,0.22999999999999998,0.061,4.77,0.16899999999999998,0.035429769392033544
SPY,PS,0.1,M,0.0,2024-04-19,2024-05-17,2024-05-17,expiry,495.1600036621094,460.0,0.21829456713767953,0.29000000000000004,0.061,4.71,0.22900000000000004,0.048619957537155
SPY,PS,0.1,M,0.0,2024-05-17,2024-06-21,2024-06-21,expiry,529.4500122070312,503.0,0.14023856519666772,0.2599999999999999,0.061,4.74,0.1989999999999999,0.04198312236286918
SPY,PS,0.1,M,0.0,2024-06-21,2024-07-19,2024-07-19,expiry,544.510009765625,519.0,0.1447048189568202,0.28,0.061,4.72,0.21900000000000003,0.046398305084745774
SPY,PS,0.1,M,0.0,2024-07-19,2024-08-16,2024-08-16,expiry,548.989990234375,514.0,0.1952241719070018,0.3799999999999999,0.061,4.62,0.3189999999999999,0.06904761904761902
SPY,PS,0.1,M,0.0,2024-08-16,2024-09-20,2024-09-20,expiry,554.3099975585938,518.0,0.18233318033576051,0.28,0.061,4.72,0.21900000000000003,0.046398305084745774
SPY,PS,0.1,M,0.0,2024-09-20,2024-10-18,2024-10-18,expiry,568.25,533.0,0.19102715588003527,0.26,0.061,4.74,0.199,0.0419831223628692
SPY,PS,0.1,M,0.0,2024-10-18,2024-11-15,2024-11-15,expiry,584.5900268554688,545.0,0.20863076617941612,0.24,0.061,4.76,0.179,0.03760504201680672
SPY,PS,0.1,M,0.0,2024-11-15,2024-12-20,2024-12-20,expiry,585.75,544.0,0.19971747677670032,0.25,0.061,4.75,0.189,0.03978947368421053
SPY,PS,0.1,M,0.0,2024-12-20,2025-01-17,2025-01-17,expiry,591.1500244140625,550.0,0.21941835509491675,0.27,0.061,4.73,0.20900000000000002,0.044186046511627906
SPY,PS,0.1,M,0.0,2025-01-17,2025-02-21,2025-02-21,expiry,597.5800170898438,558.0,0.18194575389485912,0.30000000000000004,0.061,4.7,0.23900000000000005,0.05085106382978724
SPY,PS,0.1,M,0.0,2025-02-21,2025-03-21,2025-03-21,expiry,599.9400024414062,556.0,0.22647241447864153,0.27,0.061,4.73,0.20900000000000002,0.044186046511627906
SPY,PS,0.1,M,0.0,2025-03-21,2025-04-17,2025-04-17,expiry,563.97998046875,524.0,0.22206047587184224,0.19999999999999996,0.061,4.8,0.13899999999999996,0.028958333333333326
SPY,PS,0.1,M,0.0,2025-04-17,2025-05-16,2025-05-16,expiry,526.4099731445312,465.0,0.36016879995105966,0.3500000000000001,0.061,4.65,0.2890000000000001,0.062150537634408615
SPY,PS,0.1,M,0.0,2025-05-16,2025-06-20,2025-06-20,expiry,594.2000122070312,547.0,0.22085269604589824,0.3500000000000001,0.061,4.65,0.2890000000000001,0.062150537634408615
SPY,PS,0.1,M,0.0,2025-06-20,2025-07-18,2025-07-18,expiry,594.280029296875,546.0,0.2515994468088615,0.26,0.061,4.74,0.199,0.0419831223628692
SPY,PS,0.1,M,0.0,2025-07-18,2025-08-15,2025-08-15,expiry,627.5800170898438,588.0,0.1948239289492134,0.27,0.061,4.73,0.20900000000000002,0.044186046511627906
SPY,PS,0.1,M,0.0,2025-08-15,2025-09-19,2025-09-19,expiry,643.4400024414062,599.0,0.18987045866466318,0.25,0.061,4.75,0.189,0.03978947368421053
SPY,PS,0.1,M,0.0,2025-09-19,2025-10-17,2025-10-17,expiry,663.7000122070312,623.0,0.18917148134487016,0.27,0.061,4.73,0.20900000000000002,0.044186046511627906
SPY,PS,0.1,M,0.0,2025-10-17,2025-11-21,2025-11-21,expiry,664.3900146484375,601.0,0.2716443357853273,0.5700000000000003,0.061,5.43,0.5090000000000003,0.09373848987108663
SPY,PS,0.1,M,0.0,2025-11-21,2025-12-19,2025-12-19,expiry,659.030029296875,595.0,0.30324880545585553,0.27,0.061,4.73,0.20900000000000002,0.044186046511627906
SPY,PS,0.1,M,0.0,2025-12-19,2026-01-16,2026-01-16,expiry,680.5900268554688,640.0,0.181993896475296,0.24,0.061,4.76,0.179,0.03760504201680672
SPY,PS,0.1,M,0.0,2026-01-16,2026-02-20,2026-02-20,expiry,691.6599731445312,642.0,0.19874270423792856,0.27,0.061,4.73,0.20900000000000002,0.044186046511627906
SPY,PS,0.1,M,0.0,2026-02-20,2026-03-20,2026-03-20,expiry,689.4299926757812,633.0,0.25221092433537595,0.2599999999999998,0.061,4.74,0.1989999999999998,0.04198312236286915
SPY,PS,0.1,M,0.0,2026-03-20,2026-04-17,2026-04-17,expiry,648.5700073242188,580.0,0.32681153444788225,0.29000000000000004,0.061,4.71,0.22900000000000004,0.048619957537155
SPY,PS,0.1,M,0.0,2026-04-17,2026-05-15,2026-05-15,expiry,710.1400146484375,662.0,0.20714939037387414,0.27,0.061,4.73,0.20900000000000002,0.044186046511627906
SPY,PS,0.1,M,0.0,2026-05-15,2026-06-18,2026-06-18,expiry,739.1699829101562,681.0,0.2232680861748847,0.18000000000000016,0.061,4.82,0.11900000000000016,0.02468879668049796
SPY,PS,0.1,M,0.0,2026-06-18,2026-07-17,2026-07-17,expiry,746.739990234375,697.0,0.19867185459052894,0.30000000000000004,0.061,4.7,0.23900000000000005,0.05085106382978724
SPY,PS,0.1,M,0.0,2026-07-17,2026-08-21,2026-08-21,expiry,743.2899780273438,680.0,0.23865697465533464,0.27,0.061,4.73,0.20900000000000002,0.044186046511627906
SPY,PS,0.1,M,0.0,2026-08-21,2026-09-18,2026-09-18,expiry,765.719970703125,719.0,0.1862292144165536,0.26,0.061,4.74,0.199,0.0419831223628692
SPY,PS,0.1,M,0.0,2026-09-18,2026-10-16,2026-09-28,expiry,761.6900024414062,717.0,0.17966280213905889,0.22999999999999998,0.061,4.77,0.16899999999999998,0.035429769392033544
SPY,PS,0.1,M,0.5,2024-03-15,2024-04-19,2024-03-20,take,509.8299865722656,479.0,0.1669648756420135,0.22999999999999998,0.122,4.77,0.028000000000000025,0.005870020964360592
SPY,PS,0.1,M,0.5,2024-04-19,2024-05-17,2024-04-22,take,495.1600036621094,460.0,0.21829456713767953,0.29000000000000004,0.122,4.71,0.028000000000000025,0.005944798301486205
SPY,PS,0.1,M,0.5,2024-05-17,2024-06-21,2024-06-05,take,529.4500122070312,503.0,0.14023856519666772,0.2599999999999999,0.122,4.74,0.04799999999999993,0.010126582278480997
SPY,PS,0.1,M,0.5,2024-06-21,2024-07-19,2024-07-01,take,544.510009765625,519.0,0.1447048189568202,0.28,0.122,4.72,0.068,0.014406779661016951
SPY,PS,0.1,M,0.5,2024-07-19,2024-08-16,2024-07-22,take,548.989990234375,514.0,0.1952241719070018,0.3799999999999999,0.122,4.62,0.1379999999999999,0.02987012987012985
SPY,PS,0.1,M,0.5,2024-08-16,2024-09-20,2024-08-27,take,554.3099975585938,518.0,0.18233318033576051,0.28,0.122,4.72,0.038000000000000034,0.008050847457627127
SPY,PS,0.1,M,0.5,2024-09-20,2024-10-18,2024-09-26,take,568.25,533.0,0.19102715588003527,0.26,0.122,4.74,0.008000000000000007,0.0016877637130801701
SPY,PS,0.1,M,0.5,2024-10-18,2024-11-15,2024-11-06,take,584.5900268554688,545.0,0.20863076617941612,0.24,0.122,4.76,0.08799999999999997,0.018487394957983187
SPY,PS,0.1,M,0.5,2024-11-15,2024-12-20,2024-11-20,take,585.75,544.0,0.19971747677670032,0.25,0.122,4.75,0.07799999999999996,0.016421052631578937
SPY,PS,0.1,M,0.5,2024-12-20,2025-01-17,2024-12-24,take,591.1500244140625,550.0,0.21941835509491675,0.27,0.122,4.73,0.08799999999999997,0.01860465116279069
SPY,PS,0.1,M,0.5,2025-01-17,2025-02-21,2025-01-21,take,597.5800170898438,558.0,0.18194575389485912,0.30000000000000004,0.122,4.7,0.038000000000000034,0.00808510638297873
SPY,PS,0.1,M,0.5,2025-02-21,2025-03-21,2025-03-21,expiry,599.9400024414062,556.0,0.22647241447864153,0.27,0.061,4.73,0.20900000000000002,0.044186046511627906
SPY,PS,0.1,M,0.5,2025-03-21,2025-04-17,2025-03-25,take,563.97998046875,524.0,0.22206047587184224,0.19999999999999996,0.122,4.8,0.018000000000000016,0.0037500000000000033
SPY,PS,0.1,M,0.5,2025-04-17,2025-05-16,2025-04-23,take,526.4099731445312,465.0,0.36016879995105966,0.3500000000000001,0.122,4.65,0.06799999999999995,0.014623655913978482
SPY,PS,0.1,M,0.5,2025-05-16,2025-06-20,2025-05-28,take,594.2000122070312,547.0,0.22085269604589824,0.3500000000000001,0.122,4.65,0.05800000000000016,0.012473118279569926
SPY,PS,0.1,M,0.5,2025-06-20,2025-07-18,2025-06-24,take,594.280029296875,546.0,0.2515994468088615,0.26,0.122,4.74,0.06799999999999995,0.014345991561181423
SPY,PS,0.1,M,0.5,2025-07-18,2025-08-15,2025-07-23,take,627.5800170898438,588.0,0.1948239289492134,0.27,0.122,4.73,0.05800000000000005,0.01226215644820297
SPY,PS,0.1,M,0.5,2025-08-15,2025-09-19,2025-08-28,take,643.4400024414062,599.0,0.18987045866466318,0.25,0.122,4.75,0.028000000000000025,0.005894736842105269
SPY,PS,0.1,M,0.5,2025-09-19,2025-10-17,2025-09-30,take,663.7000122070312,623.0,0.18917148134487016,0.27,0.122,4.73,0.028000000000000025,0.005919661733615226
SPY,PS,0.1,M,0.5,2025-10-17,2025-11-21,2025-10-21,take,664.3900146484375,601.0,0.2716443357853273,0.5700000000000003,0.122,5.43,0.3480000000000002,0.06408839779005529
SPY,PS,0.1,M,0.5,2025-11-21,2025-12-19,2025-11-24,take,659.030029296875,595.0,0.30324880545585553,0.27,0.122,4.73,0.038000000000000145,0.00803382663847783
SPY,PS,0.1,M,0.5,2025-12-19,2026-01-16,2025-12-23,take,680.5900268554688,640.0,0.181993896475296,0.24,0.122,4.76,-0.0020000000000000018,-0.00042016806722689116
SPY,PS,0.1,M,0.5,2026-01-16,2026-02-20,2026-01-21,take,691.6599731445312,642.0,0.19874270423792856,0.27,0.122,4.73,0.038000000000000145,0.00803382663847783
SPY,PS,0.1,M,0.5,2026-02-20,2026-03-20,2026-02-27,take,689.4299926757812,633.0,0.25221092433537595,0.2599999999999998,0.122,4.74,0.017999999999999905,0.0037974683544303597
SPY,PS,0.1,M,0.5,2026-03-20,2026-04-17,2026-03-23,take,648.5700073242188,580.0,0.32681153444788225,0.29000000000000004,0.122,4.71,0.038000000000000145,0.008067940552017016
SPY,PS,0.1,M,0.5,2026-04-17,2026-05-15,2026-04-23,take,710.1400146484375,662.0,0.20714939037387414,0.27,0.122,4.73,0.118,0.02494714587737843
SPY,PS,0.1,M,0.5,2026-05-15,2026-06-18,2026-05-26,take,739.1699829101562,681.0,0.2232680861748847,0.18000000000000016,0.122,4.82,-0.021999999999999797,-0.004564315352697053
SPY,PS,0.1,M,0.5,2026-06-18,2026-07-17,2026-06-25,take,746.739990234375,697.0,0.19867185459052894,0.30000000000000004,0.122,4.7,0.07799999999999996,0.016595744680851055
SPY,PS,0.1,M,0.5,2026-07-17,2026-08-21,2026-07-21,take,743.2899780273438,680.0,0.23865697465533464,0.27,0.122,4.73,0.027999999999999914,0.005919661733615203
SPY,PS,0.1,M,0.5,2026-08-21,2026-09-18,2026-08-27,take,765.719970703125,719.0,0.1862292144165536,0.26,0.122,4.74,0.06800000000000006,0.014345991561181447
SPY,PS,0.1,M,0.5,2026-09-18,2026-10-16,2026-09-22,take,761.6900024414062,717.0,0.17966280213905889,0.22999999999999998,0.122,4.77,0.028000000000000025,0.005870020964360592
SPY,PS,0.16,W,0.0,2024-02-23,2024-03-01,2024-03-01,expiry,507.8500061035156,500.0,0.11041941472136288,0.32999999999999996,0.061,4.67,0.26899999999999996,0.05760171306209849
SPY,PS,0.16,W,0.0,2024-03-01,2024-03-08,2024-03-08,expiry,512.8499755859375,505.0,0.11172244848377763,0.38,0.061,4.62,0.319,0.06904761904761905
SPY,PS,0.16,W,0.0,2024-03-08,2024-03-15,2024-03-15,expiry,511.7200012207031,501.0,0.15300310446738163,0.4,0.061,4.6,0.339,0.07369565217391305
SPY,PS,0.16,W,0.0,2024-03-15,2024-03-22,2024-03-22,expiry,509.8299865722656,500.0,0.14294325929719331,0.48,0.061,4.52,0.419,0.0926991150442478
SPY,PS,0.16,W,0.0,2024-03-22,2024-03-28,2024-03-28,expiry,521.2100219726562,515.0,0.09887297531356967,0.37,0.061,4.63,0.309,0.06673866090712743
SPY,PS,0.16,W,0.0,2024-03-28,2024-04-05,2024-04-05,expiry,523.0700073242188,516.0,0.0965336730877569,0.37,0.061,4.63,0.309,0.06673866090712743
SPY,PS,0.16,W,0.0,2024-04-05,2024-04-12,2024-04-12,expiry,518.4299926757812,507.0,0.16383131905408665,0.44000000000000006,0.061,4.56,0.37900000000000006,0.08311403508771932
SPY,PS,0.16,W,0.0,2024-04-12,2024-04-19,2024-04-19,expiry,510.8500061035156,499.0,0.17644651535900313,0.4900000000000001,0.071,4.51,-3.4209963378906245,-0.7585357733682094
SPY,PS,0.16,W,0.0,2024-04-19,2024-04-26,2024-04-26,expiry,495.1600036621094,483.0,0.17793091913622666,0.31999999999999995,0.061,2.68,0.25899999999999995,0.09664179104477609
SPY,PS,0.16,W,0.0,2024-04-26,2024-05-03,2024-05-03,expiry,508.260009765625,498.0,0.15258436449267715,0.49999999999999994,0.061,4.5,0.43899999999999995,0.09755555555555555
SPY,PS,0.16,W,0.0,2024-05-03,2024-05-10,2024-05-10,expiry,511.2900085449219,504.0,0.1051648039051955,0.38,0.061,4.62,0.319,0.06904761904761905
SPY,PS,0.16,W,0.0,2024-05-10,2024-05-17,2024-05-17,expiry,520.8400268554688,513.0,0.11718291283914181,0.47000000000000003,0.061,4.53,0.40900000000000003,0.0902869757174393
SPY,PS,0.16,W,0.0,2024-05-17,2024-05-24,2024-05-24,expiry,529.4500122070312,523.0,0.09570635267967534,0.44000000000000006,0.061,4.56,0.37900000000000006,0.08311403508771932
SPY,PS,0.16,W,0.0,2024-05-24,2024-05-31,2024-05-31,expiry,529.4400024414062,523.0,0.0873258522132703,0.3,0.061,4.7,0.239,0.05085106382978723
SPY,PS,0.16,W,0.0,2024-05-31,2024-06-07,2024-06-07,expiry,527.3699951171875,520.0,0.10877359424627564,0.44999999999999996,0.061,4.55,0.38899999999999996,0.08549450549450549
SPY,PS,0.16,W,0.0,2024-06-07,2024-06-14,2024-06-14,expiry,534.010009765625,525.0,0.13077365051627815,0.55,0.061,4.45,0.48900000000000005,0.1098876404494382
SPY,PS,0.16,W,0.0,2024-06-14,2024-06-21,2024-06-21,expiry,542.780029296875,534.0,0.1186713058136461,0.39,0.061,4.61,0.329,0.07136659436008677
SPY,PS,0.16,W,0.0,2024-06-21,2024-06-28,2024-06-28,expiry,544.510009765625,537.0,0.10455685890137312,0.41999999999999993,0.061,4.58,0.35899999999999993,0.07838427947598252
SPY,PS,0.16,W,0.0,2024-06-28,2024-07-05,2024-07-05,expiry,544.219970703125,538.0,0.09163481151599712,0.41000000000000003,0.061,4.59,0.34900000000000003,0.07603485838779957
SPY,PS,0.16,W,0.0,2024-07-05,2024-07-12,2024-07-12,expiry,554.6400146484375,547.0,0.10327735254454232,0.39000000000000007,0.061,4.61,0.32900000000000007,0.07136659436008677
SPY,PS,0.16,W,0.0,2024-07-12,2024-07-19,2024-07-19,expiry,559.989990234375,553.0,0.0987818308436916,0.43,0.071,4.57,-3.6510097656249996,-0.7989080449945294
SPY,PS,0.16,W,0.0,2024-07-19,2024-07-26,2024-07-26,expiry,548.989990234375,538.0,0.14557852332760657,0.46,0.061,4.54,0.399,0.08788546255506609
SPY,PS,0.16,W,0.0,2024-07-26,2024-08-02,2024-08-02,expiry,544.4400024414062,532.0,0.17664438167040553,0.57,0.061,4.43,0.5089999999999999,0.1148984198645598
SPY,PS,0.16,W,0.0,2024-08-02,2024-08-09,2024-08-09,expiry,532.9000244140625,516.0,0.2353580947940651,0.5599999999999999,0.061,4.44,0.49899999999999994,0.11238738738738736
SPY,PS,0.16,W,0.0,2024-08-09,2024-08-16,2024-08-16,expiry,532.989990234375,517.0,0.22151908302577178,0.5199999999999999,0.061,4.48,0.4589999999999999,0.10245535714285711
SPY,PS,0.16,W,0.0,2024-08-16,2024-08-23,2024-08-23,expiry,554.3099975585938,545.0,0.12607829229441753,0.42,0.061,4.58,0.359,0.07838427947598253
SPY,PS,0.16,W,0.0,2024-08-23,2024-08-30,2024-08-30,expiry,562.1300048828125,552.0,0.1354560213379763,0.49000000000000005,0.061,4.51,0.42900000000000005,0.09512195121951221
SPY,PS,0.16,W,0.0,2024-08-30,2024-09-06,2024-09-06,expiry,563.6799926757812,554.0,0.12817750201299677,0.49,0.071,4.51,-4.5809999999999995,-1.0157427937915742
SPY,PS,0.16,W,0.0,2024-09-06,2024-09-13,2024-09-13,expiry,540.3599853515625,524.0,0.22615185632802443,0.53,0.061,4.47,0.46900000000000003,0.10492170022371367
SPY,PS,0.16,W,0.0,2024-09-13,2024-09-20,2024-09-20,expiry,562.010009765625,548.0,0.18419267125794003,0.47,0.061,4.53,0.409,0.09028697571743928
SPY,PS,0.16,W,0.0,2024-09-20,2024-09-27,2024-09-27,expiry,568.25,558.0,0.13399831641782828,0.43000000000000005,0.061,4.57,0.36900000000000005,0.08074398249452955
SPY,PS,0.16,W,0.0,2024-09-27,2024-10-04,2024-10-04,expiry,571.469970703125,559.0,0.16308372229329976,0.5100000000000001,0.061,4.49,0.4490000000000001,0.10000000000000002
SPY,PS,0.16,W,0.0,2024-10-04,2024-10-11,2024-10-11,expiry,572.97998046875,560.0,0.17099386035733544,0.42999999999999994,0.061,4.57,0.36899999999999994,0.08074398249452952
SPY,PS,0.16,W,0.0,2024-10-11,2024-10-18,2024-10-18,expiry,579.5800170898438,568.0,0.14587477604913252,0.38,0.061,4.62,0.319,0.06904761904761905
SPY,PS,0.16,W,0.0,2024-10-18,2024-10-25,2024-10-25,expiry,584.5900268554688,576.0,0.10929829627480067,0.37,0.061,4.63,0.309,0.06673866090712743
SPY,PS,0.16,W,0.0,2024-10-25,2024-11-01,2024-11-01,expiry,579.0399780273438,565.0,0.17954997349450558,0.48,0.061,4.52,0.419,0.0926991150442478
SPY,PS,0.16,W,0.0,2024-11-01,2024-11-08,2024-11-08,expiry,571.0399780273438,552.0,0.2465458845520791,0.5699999999999998,0.061,4.43,0.5089999999999999,0.1148984198645598
SPY,PS,0.16,W,0.0,2024-11-08,2024-11-15,2024-11-15,expiry,598.1900024414062,588.0,0.12738972064751486,0.37,0.071,4.63,-1.9509999999999998,-0.42138228941684663
SPY,PS,0.16,W,0.0,2024-11-15,2024-11-22,2024-11-22,expiry,585.75,574.0,0.1502545690930811,0.4600000000000001,0.061,4.54,0.3990000000000001,0.0878854625550661
SPY,PS,0.16,W,0.0,2024-11-22,2024-11-29,2024-11-29,expiry,595.510009765625,587.0,0.10470997272031726,0.32999999999999996,0.061,4.67,0.26899999999999996,0.05760171306209849
SPY,PS,0.16,W,0.0,2024-11-29,2024-12-06,2024-12-06,expiry,602.5499877929688,594.0,0.10675900822302686,0.42000000000000004,0.061,4.58,0.35900000000000004,0.07838427947598255
SPY,PS,0.16,W,0.0,2024-12-06,2024-12-13,2024-12-13,expiry,607.8099975585938,601.0,0.08930509668424119,0.39999999999999997,0.061,4.6,0.33899999999999997,0.07369565217391304
SPY,PS,0.16,W,0.0,2024-12-13,2024-12-20,2024-12-20,expiry,604.2100219726562,594.0,0.12581297485907394,0.43000000000000005,0.071,4.57,-2.4909755859374996,-0.5450712441876366
SPY,PS,0.16,W,0.0,2024-12-20,2024-12-27,2024-12-27,expiry,591.1500244140625,577.0,0.17925166667526288,0.45000000000000007,0.061,4.55,0.38900000000000007,0.08549450549450552
SPY,PS,0.16,W,0.0,2024-12-27,2025-01-03,2025-01-03,expiry,595.010009765625,585.0,0.130929015264315,0.52,0.061,4.48,0.459,0.10245535714285714
SPY,PS,0.16,W,0.0,2025-01-03,2025-01-10,2025-01-10,expiry,591.9500122070312,581.0,0.1368073857504582,0.51,0.071,4.49,-0.07100976562499998,-0.01581509256681514
SPY,PS,0.16,W,0.0,2025-01-10,2025-01-17,2025-01-17,expiry,580.489990234375,566.0,0.18835852399088732,0.55,0.061,4.45,0.48900000000000005,0.1098876404494382
SPY,PS,0.16,W,0.0,2025-01-17,2025-01-24,2025-01-24,expiry,597.5800170898438,586.0,0.14251781162914212,0.48,0.061,4.52,0.419,0.0926991150442478
SPY,PS,0.16,W,0.0,2025-01-24,2025-01-31,2025-01-31,expiry,607.969970703125,597.0,0.13340195874950572,0.48999999999999994,0.061,4.51,0.42899999999999994,0.09512195121951218
SPY,PS,0.16,W,0.0,2025-01-31,2025-02-07,2025-02-07,expiry,601.8200073242188,588.0,0.16809303145400906,0.57,0.061,4.43,0.5089999999999999,0.1148984198645598
SPY,PS,0.16,W,0.0,2025-02-07,2025-02-14,2025-02-14,expiry,600.77001953125,588.0,0.15462703609489048,0.4800000000000001,0.061,4.52,0.4190000000000001,0.09269911504424781
SPY,PS,0.16,W,0.0,2025-02-14,2025-02-21,2025-02-21,expiry,609.7000122070312,601.0,0.1113999074636007,0.4,0.071,4.6,-0.73099755859375,-0.15891251273777177
SPY,PS,0.16,W,0.0,2025-02-21,2025-02-28,2025-02-28,expiry,599.9400024414062,586.0,0.17828311240081918,0.4900000000000001,0.061,4.51,0.4290000000000001,0.09512195121951222
SPY,PS,0.16,W,0.0,2025-02-28,2025-03-07,2025-03-07,expiry,594.1799926757812,578.0,0.2070815434552134,0.56,0.071,4.4399999999999995,-1.59101708984375,-0.358337182397241
SPY,PS,0.16,W,0.0,2025-03-07,2025-03-14,2025-03-14,expiry,575.9199829101562,557.0,0.2534435522674269,0.6600000000000001,0.061,4.34,0.5990000000000002,0.13801843317972357
SPY,PS,0.16,W,0.0,2025-03-14,2025-03-21,2025-03-21,expiry,562.8099975585938,543.0,0.25787387278399965,0.5899999999999999,0.061,4.41,0.5289999999999999,0.11995464852607707
SPY,PS,0.16,W,0.0,2025-03-21,2025-03-28,2025-03-28,expiry,563.97998046875,550.0,0.18225051164076078,0.5499999999999999,0.061,4.45,0.48899999999999993,0.10988764044943819
SPY,PS,0.16,W,0.0,2025-03-28,2025-04-04,2025-04-04,expiry,555.6599731445312,538.0,0.24433010656589432,0.7,0.071,4.3,-4.3709999999999996,-1.0165116279069766
SPY,PS,0.16,W,0.0,2025-04-04,2025-04-11,2025-04-11,expiry,505.2799987792969,460.0,0.6808170869668466,0.5699999999999998,0.061,4.43,0.5089999999999999,0.1148984198645598
SPY,PS,0.16,W,0.0,2025-04-11,2025-04-17,2025-04-17,expiry,533.9400024414062,501.0,0.5028796657697925,0.52,0.061,4.48,0.459,0.10245535714285714
SPY,PS,0.16,W,0.0,2025-04-17,2025-04-25,2025-04-25,expiry,526.4099731445312,505.0,0.28095143560890556,0.55,0.061,4.45,0.48900000000000005,0.1098876404494382
SPY,PS,0.16,W,0.0,2025-04-25,2025-05-02,2025-05-02,expiry,550.6400146484375,531.0,0.2674504726260378,0.5700000000000001,0.061,4.43,0.5090000000000001,0.11489841986455986
SPY,PS,0.16,W,0.0,2025-05-02,2025-05-09,2025-05-09,expiry,566.760009765625,550.0,0.22616570538784225,0.51,0.061,4.49,0.449,0.09999999999999999
SPY,PS,0.16,W,0.0,2025-05-09,2025-05-16,2025-05-16,expiry,564.3400268554688,548.0,0.22094787558408702,0.6100000000000001,0.061,4.39,0.5490000000000002,0.1250569476082005
SPY,PS,0.16,W,0.0,2025-05-16,2025-05-23,2025-05-23,expiry,594.2000122070312,582.0,0.15225623043974185,0.4800000000000001,0.071,4.52,-2.4810146484374997,-0.5488970461144912
SPY,PS,0.16,W,0.0,2025-05-23,2025-05-30,2025-05-30,expiry,579.1099853515625,562.0,0.21929951466792247,0.54,0.061,4.46,0.47900000000000004,0.10739910313901346
SPY,PS,0.16,W,0.0,2025-05-30,2025-06-06,2025-06-06,expiry,589.3900146484375,576.0,0.17497179995214934,0.55,0.061,4.45,0.48900000000000005,0.1098876404494382
SPY,PS,0.16,W,0.0,2025-06-06,2025-06-13,2025-06-13,expiry,599.1400146484375,587.0,0.14757308887646742,0.44999999999999996,0.061,4.55,0.38899999999999996,0.08549450549450549
SPY,PS,0.16,W,0.0,2025-06-13,2025-06-20,2025-06-20,expiry,597.0,580.0,0.21666948078258141,0.5,0.061,4.5,0.439,0.09755555555555556
SPY,PS,0.16,W,0.0,2025-06-20,2025-06-27,2025-06-27,expiry,594.280029296875,579.0,0.19578877726580285,0.47,0.061,4.53,0.409,0.09028697571743928
SPY,PS,0.16,W,0.0,2025-06-27,2025-07-03,2025-07-03,expiry,614.9099731445312,605.0,0.13017429047115153,0.44,0.061,4.56,0.379,0.0831140350877193
SPY,PS,0.16,W,0.0,2025-07-03,2025-07-11,2025-07-11,expiry,625.3400268554688,613.0,0.13843921260617986,0.45000000000000007,0.061,4.55,0.38900000000000007,0.08549450549450552
SPY,PS,0.16,W,0.0,2025-07-11,2025-07-18,2025-07-18,expiry,623.6199951171875,612.0,0.13835276596395685,0.43000000000000005,0.061,4.57,0.36900000000000005,0.08074398249452955
SPY,PS,0.16,W,0.0,2025-07-18,2025-07-25,2025-07-25,expiry,627.5800170898438,618.0,0.1200067311023934,0.49,0.061,4.51,0.429,0.0951219512195122
SPY,PS,0.16,W,0.0,2025-07-25,2025-08-01,2025-08-01,expiry,637.0999755859375,625.0,0.1390372646063764,0.42000000000000004,0.071,4.58,-2.931029296875,-0.6399627285753274
SPY,PS,0.16,W,0.0,2025-08-01,2025-08-08,2025-08-08,expiry,621.719970703125,604.0,0.2108893247588377,0.48,0.061,4.52,0.419,0.0926991150442478
SPY,PS,0.16,W,0.0,2025-08-08,2025-08-15,2025-08-15,expiry,637.1799926757812,626.0,0.12985430188697783,0.4,0.061,4.6,0.339,0.07369565217391305
SPY,PS,0.16,W,0.0,2025-08-15,2025-08-22,2025-08-22,expiry,643.4400024414062,632.0,0.13594439815844134,0.42000000000000004,0.061,4.58,0.35900000000000004,0.07838427947598255
SPY,PS,0.16,W,0.0,2025-08-22,2025-08-29,2025-08-29,expiry,645.3099975585938,635.0,0.12356576108183873,0.48,0.061,4.52,0.419,0.0926991150442478
SPY,PS,0.16,W,0.0,2025-08-29,2025-09-05,2025-09-05,expiry,645.0499877929688,634.0,0.13003309076044384,0.44000000000000006,0.061,4.56,0.37900000000000006,0.08311403508771932
SPY,PS,0.16,W,0.0,2025-09-05,2025-09-12,2025-09-12,expiry,647.239990234375,636.0,0.13234117425703817,0.43000000000000005,0.061,4.57,0.36900000000000005,0.08074398249452955
SPY,PS,0.16,W,0.0,2025-09-12,2025-09-19,2025-09-19,expiry,657.4099731445312,644.0,0.14920301991258667,0.3599999999999999,0.061,4.640000000000001,0.2989999999999999,0.06443965517241376
SPY,PS,0.16,W,0.0,2025-09-19,2025-09-26,2025-09-26,expiry,663.7000122070312,653.0,0.12389147143089899,0.37,0.061,4.63,0.309,0.06673866090712743
SPY,PS,0.16,W,0.0,2025-09-26,2025-10-03,2025-10-03,expiry,661.8200073242188,651.0,0.12468074384267827,0.43000000000000005,0.061,4.57,0.36900000000000005,0.08074398249452955
SPY,PS,0.16,W,0.0,2025-10-03,2025-10-10,2025-10-10,expiry,669.2100219726562,656.0,0.14339951817565494,0.3400000000000001,0.071,4.66,-2.71098046875,-0.5817554653969956
SPY,PS,0.16,W,0.0,2025-10-10,2025-10-17,2025-10-17,expiry,653.02001953125,633.0,0.23304178469057263,0.5,0.061,4.5,0.439,0.09755555555555556
SPY,PS,0.16,W,0.0,2025-10-17,2025-10-24,2025-10-24,expiry,664.3900146484375,646.0,0.2053082036075599,0.43000000000000016,0.061,4.57,0.36900000000000016,0.08074398249452958
SPY,PS,0.16,W,0.0,2025-10-24,2025-10-31,2025-10-31,expiry,677.25,662.0,0.16955369737025244,0.43999999999999995,0.061,4.5600000000000005,0.37899999999999995,0.08311403508771928
SPY,PS,0.16,W,0.0,2025-10-31,2025-11-07,2025-11-07,expiry,682.0599975585938,668.0,0.1552863043487795,0.45000000000000007,0.061,4.55,0.38900000000000007,0.08549450549450552
SPY,PS,0.16,W,0.0,2025-11-07,2025-11-14,2025-11-14,expiry,670.969970703125,655.0,0.1771756241383467,0.5199999999999999,0.061,4.48,0.4589999999999999,0.10245535714285711
SPY,PS,0.16,W,0.0,2025-11-14,2025-11-21,2025-11-21,expiry,671.9299926757812,653.0,0.21167228910324293,0.52,0.061,4.48,0.459,0.10245535714285714
SPY,PS,0.16,W,0.0,2025-11-21,2025-11-28,2025-11-28,expiry,659.030029296875,639.0,0.22659683393676933,0.48,0.061,4.52,0.419,0.0926991150442478
SPY,PS,0.16,W,0.0,2025-11-28,2025-12-05,2025-12-05,expiry,683.3900146484375,671.0,0.13731415245009593,0.44999999999999996,0.061,4.55,0.38899999999999996,0.08549450549450549
SPY,PS,0.16,W,0.0,2025-12-05,2025-12-12,2025-12-12,expiry,685.6900024414062,673.0,0.14147570225595096,0.48,0.061,4.52,0.419,0.0926991150442478
SPY,PS,0.16,W,0.0,2025-12-12,2025-12-19,2025-12-19,expiry,681.760009765625,667.0,0.16453645904383374,0.5599999999999999,0.061,4.44,0.49899999999999994,0.11238738738738736
SPY,PS,0.16,W,0.0,2025-12-19,2025-12-26,2025-12-26,expiry,680.5900268554688,671.0,0.10194746370749622,0.36000000000000004,0.061,4.64,0.29900000000000004,0.0644396551724138
SPY,PS,0.16,W,0.0,2025-12-26,2026-01-02,2026-01-02,expiry,690.3099975585938,682.0,0.08927879137976494,0.32999999999999996,0.061,4.67,0.26899999999999996,0.05760171306209849
SPY,PS,0.16,W,0.0,2026-01-02,2026-01-09,2026-01-09,expiry,683.1699829101562,672.0,0.1185525988961349,0.46,0.061,4.54,0.399,0.08788546255506609
SPY,PS,0.16,W,0.0,2026-01-09,2026-01-16,2026-01-16,expiry,694.0700073242188,683.0,0.1186101603332855,0.41999999999999993,0.061,4.58,0.35899999999999993,0.07838427947598252
SPY,PS,0.16,W,0.0,2026-01-16,2026-01-23,2026-01-23,expiry,691.6599731445312,681.0,0.11786019481894244,0.42000000000000004,0.061,4.58,0.35900000000000004,0.07838427947598255
SPY,PS,0.16,W,0.0,2026-01-23,2026-01-30,2026-01-30,expiry,689.22998046875,673.0,0.17346272145278246,0.47999999999999987,0.061,4.5200000000000005,0.4189999999999999,0.09269911504424776
SPY,PS,0.16,W,0.0,2026-01-30,2026-02-06,2026-02-06,expiry,691.969970703125,675.0,0.18088567380223414,0.47,0.061,4.53,0.409,0.09028697571743928
SPY,PS,0.16,W,0.0,2026-02-06,2026-02-13,2026-02-13,expiry,690.6199951171875,673.0,0.1866040134168176,0.48,0.061,4.52,0.419,0.0926991150442478
SPY,PS,0.16,W,0.0,2026-02-13,2026-02-20,2026-02-20,expiry,681.75,662.0,0.21703076121063608,0.54,0.061,4.46,0.47900000000000004,0.10739910313901346
SPY,PS,0.16,W,0.0,2026-02-20,2026-02-27,2026-02-27,expiry,689.4299926757812,671.0,0.20317762116066507,0.47,0.061,4.53,0.409,0.09028697571743928
SPY,PS,0.16,W,0.0,2026-02-27,2026-03-06,2026-03-06,expiry,685.989990234375,666.0,0.216537812688823,0.49,0.061,4.51,0.429,0.0951219512195122
SPY,PS,0.16,W,0.0,2026-03-06,2026-03-13,2026-03-13,expiry,672.3800048828125,642.0,0.3404104179473444,0.5299999999999998,0.061,4.470000000000001,0.4689999999999998,0.10492170022371358
SPY,PS,0.16,W,0.0,2026-03-13,2026-03-20,2026-03-20,expiry,662.2899780273438,635.0,0.3149368727111226,0.6100000000000001,0.061,4.39,0.5490000000000002,0.1250569476082005
SPY,PS,0.16,W,0.0,2026-03-20,2026-03-27,2026-03-27,expiry,648.5700073242188,625.0,0.2681929025115848,0.5,0.061,4.5,0.439,0.09755555555555556
SPY,PS,0.16,W,0.0,2026-03-27,2026-04-02,2026-04-02,expiry,634.0900268554688,611.0,0.2983020368946343,0.6099999999999999,0.061,4.390000000000001,0.5489999999999999,0.12505694760820044
SPY,PS,0.16,W,0.0,2026-04-02,2026-04-10,2026-04-10,expiry,655.8300170898438,633.0,0.24224162430067392,0.55,0.061,4.45,0.48900000000000005,0.1098876404494382
SPY,PS,0.16,W,0.0,2026-04-10,2026-04-17,2026-04-17,expiry,679.4600219726562,663.0,0.18102198578771272,0.48,0.061,4.52,0.419,0.0926991150442478
SPY,PS,0.16,W,0.0,2026-04-17,2026-04-24,2026-04-24,expiry,710.1400146484375,696.0,0.1509598515834319,0.4700000000000001,0.061,4.53,0.4090000000000001,0.09028697571743931
SPY,PS,0.16,W,0.0,2026-04-24,2026-05-01,2026-05-01,expiry,713.9400024414062,696.0,0.18802919812240582,0.55,0.061,4.45,0.48900000000000005,0.1098876404494382
SPY,PS,0.16,W,0.0,2026-05-01,2026-05-08,2026-05-08,expiry,720.6500244140625,706.0,0.15339171858523704,0.4900000000000001,0.061,4.51,0.4290000000000001,0.09512195121951222
SPY,PS,0.16,W,0.0,2026-05-08,2026-05-15,2026-05-15,expiry,737.6199951171875,723.0,0.1453402062774809,0.42000000000000004,0.061,4.58,0.35900000000000004,0.07838427947598255
SPY,PS,0.16,W,0.0,2026-05-15,2026-05-22,2026-05-22,expiry,739.1699829101562,721.0,0.18352825086224867,0.5299999999999998,0.061,4.470000000000001,0.4689999999999998,0.10492170022371358
SPY,PS,0.16,W,0.0,2026-05-22,2026-05-29,2026-05-29,expiry,745.6400146484375,731.0,0.14589594273716344,0.44000000000000006,0.061,4.56,0.37900000000000006,0.08311403508771932
SPY,PS,0.16,W,0.0,2026-05-29,2026-06-05,2026-06-05,expiry,756.47998046875,743.0,0.12951228360914852,0.3900000000000001,0.071,4.609999999999999,-4.680999999999999,-1.0154013015184382
SPY,PS,0.16,W,0.0,2026-06-05,2026-06-12,2026-06-12,expiry,737.5499877929688,711.0,0.26850876440515603,0.42000000000000015,0.061,4.58,0.35900000000000015,0.07838427947598256
SPY,PS,0.16,W,0.0,2026-06-12,2026-06-18,2026-06-18,expiry,741.75,724.0,0.19223032805781126,0.49,0.061,4.51,0.429,0.0951219512195122
SPY,PS,0.16,W,0.0,2026-06-18,2026-06-26,2026-06-26,expiry,746.739990234375,731.0,0.1480176330060285,0.44999999999999996,0.071,4.55,-1.631009765625,-0.35846368475274726
SPY,PS,0.16,W,0.0,2026-06-26,2026-07-02,2026-07-02,expiry,728.989990234375,714.0,0.16132761382553096,0.44000000000000006,0.061,4.56,0.37900000000000006,0.08311403508771932
SPY,PS,0.16,W,0.0,2026-07-02,2026-07-10,2026-07-10,expiry,744.780029296875,731.0,0.13395956143059823,0.4800000000000001,0.061,4.52,0.4190000000000001,0.09269911504424781
SPY,PS,0.16,W,0.0,2026-07-10,2026-07-17,2026-07-17,expiry,754.9500122070312,743.0,0.11548735158822962,0.4,0.061,4.6,0.339,0.07369565217391305
SPY,PS,0.16,W,0.0,2026-07-17,2026-07-24,2026-07-24,expiry,743.2899780273438,725.0,0.1844674247228369,0.49,0.061,4.51,0.429,0.0951219512195122
SPY,PS,0.16,W,0.0,2026-07-24,2026-07-31,2026-07-31,expiry,738.9299926757812,719.0,0.1978387775688169,0.49,0.061,4.51,0.429,0.0951219512195122
SPY,PS,0.16,W,0.0,2026-07-31,2026-08-07,2026-08-07,expiry,747.030029296875,733.0,0.14055049823510918,0.44000000000000006,0.061,4.56,0.37900000000000006,0.08311403508771932
SPY,PS,0.16,W,0.0,2026-08-07,2026-08-14,2026-08-14,expiry,773.260009765625,761.0,0.12075967501522014,0.47999999999999987,0.061,4.5200000000000005,0.4189999999999999,0.09269911504424776
SPY,PS,0.16,W,0.0,2026-08-14,2026-08-21,2026-08-21,expiry,776.3400268554688,766.0,0.10178650911862971,0.43999999999999995,0.071,4.5600000000000005,0.08897070312499995,0.019511119106359637
SPY,PS,0.16,W,0.0,2026-08-21,2026-08-28,2026-08-28,expiry,765.719970703125,752.0,0.1302273504872415,0.43999999999999995,0.061,4.5600000000000005,0.37899999999999995,0.08311403508771928
SPY,PS,0.16,W,0.0,2026-08-28,2026-09-04,2026-09-04,expiry,769.3499755859375,758.0,0.11082916707197296,0.43000000000000005,0.061,4.57,0.36900000000000005,0.08074398249452955
SPY,PS,0.16,W,0.0,2026-09-04,2026-09-11,2026-09-11,expiry,770.1900024414062,758.0,0.11663977243711329,0.41000000000000003,0.061,4.59,0.34900000000000003,0.07603485838779957
SPY,PS,0.16,W,0.0,2026-09-11,2026-09-18,2026-09-18,expiry,764.2899780273438,748.0,0.16371242997009083,0.45999999999999996,0.061,4.54,0.39899999999999997,0.08788546255506607
SPY,PS,0.16,W,0.0,2026-09-18,2026-09-25,2026-09-25,expiry,761.6900024414062,750.0,0.11708865220558629,0.3800000000000001,0.061,4.62,0.3190000000000001,0.06904761904761907
SPY,PS,0.16,W,0.0,2026-09-25,2026-10-02,2026-09-28,expiry,771.3499755859375,758.0,0.12969380923001717,0.45999999999999996,0.061,4.54,0.39899999999999997,0.08788546255506607
SPY,PS,0.16,W,0.5,2024-02-23,2024-03-01,2024-02-29,take,507.8500061035156,500.0,0.11041941472136288,0.32999999999999996,0.122,4.67,0.17799999999999994,0.03811563169164881
SPY,PS,0.16,W,0.5,2024-03-01,2024-03-08,2024-03-07,take,512.8499755859375,505.0,0.11172244848377763,0.38,0.122,4.62,0.238,0.051515151515151514
SPY,PS,0.16,W,0.5,2024-03-08,2024-03-15,2024-03-12,take,511.7200012207031,501.0,0.15300310446738163,0.4,0.122,4.6,0.238,0.05173913043478261
SPY,PS,0.16,W,0.5,2024-03-15,2024-03-22,2024-03-18,take,509.8299865722656,500.0,0.14294325929719331,0.48,0.122,4.52,0.16799999999999998,0.03716814159292035
SPY,PS,0.16,W,0.5,2024-03-22,2024-03-28,2024-03-27,take,521.2100219726562,515.0,0.09887297531356967,0.37,0.122,4.63,0.22799999999999998,0.049244060475161985
SPY,PS,0.16,W,0.5,2024-03-28,2024-04-05,2024-04-05,expiry,523.0700073242188,516.0,0.0965336730877569,0.37,0.061,4.63,0.309,0.06673866090712743
SPY,PS,0.16,W,0.5,2024-04-05,2024-04-12,2024-04-09,take,518.4299926757812,507.0,0.16383131905408665,0.44000000000000006,0.122,4.56,0.11800000000000005,0.025877192982456155
SPY,PS,0.16,W,0.5,2024-04-12,2024-04-19,2024-04-19,expiry,510.8500061035156,499.0,0.17644651535900313,0.4900000000000001,0.071,4.51,-3.4209963378906245,-0.7585357733682094
SPY,PS,0.16,W,0.5,2024-04-19,2024-04-26,2024-04-22,take,495.1600036621094,483.0,0.17793091913622666,0.31999999999999995,0.122,2.68,0.13799999999999996,0.05149253731343282
SPY,PS,0.16,W,0.5,2024-04-26,2024-05-03,2024-05-03,expiry,508.260009765625,498.0,0.15258436449267715,0.49999999999999994,0.061,4.5,0.43899999999999995,0.09755555555555555
SPY,PS,0.16,W,0.5,2024-05-03,2024-05-10,2024-05-06,take,511.2900085449219,504.0,0.1051648039051955,0.38,0.122,4.62,0.15800000000000003,0.0341991341991342
SPY,PS,0.16,W,0.5,2024-05-10,2024-05-17,2024-05-14,take,520.8400268554688,513.0,0.11718291283914181,0.47000000000000003,0.122,4.53,0.15800000000000003,0.034878587196468
SPY,PS,0.16,W,0.5,2024-05-17,2024-05-24,2024-05-21,take,529.4500122070312,523.0,0.09570635267967534,0.44000000000000006,0.122,4.56,0.12800000000000006,0.028070175438596506
SPY,PS,0.16,W,0.5,2024-05-24,2024-05-31,2024-05-31,expiry,529.4400024414062,523.0,0.0873258522132703,0.3,0.061,4.7,0.239,0.05085106382978723
SPY,PS,0.16,W,0.5,2024-05-31,2024-06-07,2024-06-05,take,527.3699951171875,520.0,0.10877359424627564,0.44999999999999996,0.122,4.55,0.30799999999999994,0.06769230769230768
SPY,PS,0.16,W,0.5,2024-06-07,2024-06-14,2024-06-11,take,534.010009765625,525.0,0.13077365051627815,0.55,0.122,4.45,0.268,0.0602247191011236
SPY,PS,0.16,W,0.5,2024-06-14,2024-06-21,2024-06-17,take,542.780029296875,534.0,0.1186713058136461,0.39,0.122,4.61,0.15800000000000003,0.03427331887201736
SPY,PS,0.16,W,0.5,2024-06-21,2024-06-28,2024-06-25,take,544.510009765625,537.0,0.10455685890137312,0.41999999999999993,0.122,4.58,0.09799999999999992,0.021397379912663737
SPY,PS,0.16,W,0.5,2024-06-28,2024-07-05,2024-07-01,take,544.219970703125,538.0,0.09163481151599712,0.41000000000000003,0.122,4.59,0.09800000000000003,0.021350762527233124
SPY,PS,0.16,W,0.5,2024-07-05,2024-07-12,2024-07-09,take,554.6400146484375,547.0,0.10327735254454232,0.39000000000000007,0.122,4.61,0.11800000000000008,0.025596529284164875
SPY,PS,0.16,W,0.5,2024-07-12,2024-07-19,2024-07-16,take,559.989990234375,553.0,0.0987818308436916,0.43,0.122,4.57,0.238,0.05207877461706783
SPY,PS,0.16,W,0.5,2024-07-19,2024-07-26,2024-07-22,take,548.989990234375,538.0,0.14557852332760657,0.46,0.122,4.54,0.268,0.05903083700440529
SPY,PS,0.16,W,0.5,2024-07-26,2024-08-02,2024-07-31,take,544.4400024414062,532.0,0.17664438167040553,0.57,0.122,4.43,0.4079999999999999,0.09209932279909705
SPY,PS,0.16,W,0.5,2024-08-02,2024-08-09,2024-08-08,take,532.9000244140625,516.0,0.2353580947940651,0.5599999999999999,0.122,4.44,0.31799999999999995,0.0716216216216216
SPY,PS,0.16,W,0.5,2024-08-09,2024-08-16,2024-08-13,take,532.989990234375,517.0,0.22151908302577178,0.5199999999999999,0.122,4.48,0.3379999999999999,0.07544642857142854
SPY,PS,0.16,W,0.5,2024-08-16,2024-08-23,2024-08-19,take,554.3099975585938,545.0,0.12607829229441753,0.42,0.122,4.58,0.15799999999999997,0.034497816593886454
SPY,PS,0.16,W,0.5,2024-08-23,2024-08-30,2024-08-29,take,562.1300048828125,552.0,0.1354560213379763,0.49000000000000005,0.122,4.51,0.24800000000000005,0.05498891352549891
SPY,PS,0.16,W,0.5,2024-08-30,2024-09-06,2024-09-06,expiry,563.6799926757812,554.0,0.12817750201299677,0.49,0.071,4.51,-4.5809999999999995,-1.0157427937915742
SPY,PS,0.16,W,0.5,2024-09-06,2024-09-13,2024-09-09,take,540.3599853515625,524.0,0.22615185632802443,0.53,0.122,4.47,0.278,0.062192393736017905
SPY,PS,0.16,W,0.5,2024-09-13,2024-09-20,2024-09-18,take,562.010009765625,548.0,0.18419267125794003,0.47,0.122,4.53,0.13799999999999996,0.030463576158940384
SPY,PS,0.16,W,0.5,2024-09-20,2024-09-27,2024-09-23,take,568.25,558.0,0.13399831641782828,0.43000000000000005,0.122,4.57,0.10800000000000004,0.023632385120350118
SPY,PS,0.16,W,0.5,2024-09-27,2024-10-04,2024-10-04,expiry,571.469970703125,559.0,0.16308372229329976,0.5100000000000001,0.061,4.49,0.4490000000000001,0.10000000000000002
SPY,PS,0.16,W,0.5,2024-10-04,2024-10-11,2024-10-09,take,572.97998046875,560.0,0.17099386035733544,0.42999999999999994,0.122,4.57,0.22799999999999998,0.049890590809628
SPY,PS,0.16,W,0.5,2024-10-11,2024-10-18,2024-10-14,take,579.5800170898438,568.0,0.14587477604913252,0.38,0.122,4.62,0.128,0.027705627705627706
SPY,PS,0.16,W,0.5,2024-10-18,2024-10-25,2024-10-25,expiry,584.5900268554688,576.0,0.10929829627480067,0.37,0.061,4.63,0.309,0.06673866090712743
SPY,PS,0.16,W,0.5,2024-10-25,2024-11-01,2024-10-28,take,579.0399780273438,565.0,0.17954997349450558,0.48,0.122,4.52,0.13799999999999996,0.030530973451327426
SPY,PS,0.16,W,0.5,2024-11-01,2024-11-08,2024-11-05,take,571.0399780273438,552.0,0.2465458845520791,0.5699999999999998,0.122,4.43,0.22799999999999981,0.051467268623024795
SPY,PS,0.16,W,0.5,2024-11-08,2024-11-15,2024-11-13,take,598.1900024414062,588.0,0.12738972064751486,0.37,0.122,4.63,0.14800000000000002,0.03196544276457884
SPY,PS,0.16,W,0.5,2024-11-15,2024-11-22,2024-11-19,take,585.75,574.0,0.1502545690930811,0.4600000000000001,0.122,4.54,0.21800000000000008,0.048017621145374466
SPY,PS,0.16,W,0.5,2024-11-22,2024-11-29,2024-11-25,take,595.510009765625,587.0,0.10470997272031726,0.32999999999999996,0.122,4.67,0.10799999999999996,0.023126338329764445
SPY,PS,0.16,W,0.5,2024-11-29,2024-12-06,2024-12-03,take,602.5499877929688,594.0,0.10675900822302686,0.42000000000000004,0.122,4.58,0.16800000000000004,0.03668122270742359
SPY,PS,0.16,W,0.5,2024-12-06,2024-12-13,2024-12-11,take,607.8099975585938,601.0,0.08930509668424119,0.39999999999999997,0.122,4.6,0.13799999999999996,0.029999999999999992
SPY,PS,0.16,W,0.5,2024-12-13,2024-12-20,2024-12-20,expiry,604.2100219726562,594.0,0.12581297485907394,0.43000000000000005,0.071,4.57,-2.4909755859374996,-0.5450712441876366
SPY,PS,0.16,W,0.5,2024-12-20,2024-12-27,2024-12-23,take,591.1500244140625,577.0,0.17925166667526288,0.45000000000000007,0.122,4.55,0.17800000000000005,0.03912087912087913
SPY,PS,0.16,W,0.5,2024-12-27,2025-01-03,2025-01-03,expiry,595.010009765625,585.0,0.130929015264315,0.52,0.061,4.48,0.459,0.10245535714285714
SPY,PS,0.16,W,0.5,2025-01-03,2025-01-10,2025-01-06,take,591.9500122070312,581.0,0.1368073857504582,0.51,0.122,4.49,0.198,0.044097995545657014
SPY,PS,0.16,W,0.5,2025-01-10,2025-01-17,2025-01-15,take,580.489990234375,566.0,0.18835852399088732,0.55,0.122,4.45,0.41800000000000004,0.09393258426966293
SPY,PS,0.16,W,0.5,2025-01-17,2025-01-24,2025-01-21,take,597.5800170898438,586.0,0.14251781162914212,0.48,0.122,4.52,0.308,0.06814159292035399
SPY,PS,0.16,W,0.5,2025-01-24,2025-01-31,2025-01-31,expiry,607.969970703125,597.0,0.13340195874950572,0.48999999999999994,0.061,4.51,0.42899999999999994,0.09512195121951218
SPY,PS,0.16,W,0.5,2025-01-31,2025-02-07,2025-02-05,take,601.8200073242188,588.0,0.16809303145400906,0.57,0.122,4.43,0.3979999999999999,0.08984198645598193
SPY,PS,0.16,W,0.5,2025-02-07,2025-02-14,2025-02-10,take,600.77001953125,588.0,0.15462703609489048,0.4800000000000001,0.122,4.52,0.19800000000000006,0.04380530973451329
SPY,PS,0.16,W,0.5,2025-02-14,2025-02-21,2025-02-18,take,609.7000122070312,601.0,0.1113999074636007,0.4,0.122,4.6,0.08800000000000002,0.019130434782608702
SPY,PS,0.16,W,0.5,2025-02-21,2025-02-28,2025-02-28,expiry,599.9400024414062,586.0,0.17828311240081918,0.4900000000000001,0.061,4.51,0.4290000000000001,0.09512195121951222
SPY,PS,0.16,W,0.5,2025-02-28,2025-03-07,2025-03-07,expiry,594.1799926757812,578.0,0.2070815434552134,0.56,0.071,4.4399999999999995,-1.59101708984375,-0.358337182397241
SPY,PS,0.16,W,0.5,2025-03-07,2025-03-14,2025-03-14,expiry,575.9199829101562,557.0,0.2534435522674269,0.6600000000000001,0.061,4.34,0.5990000000000002,0.13801843317972357
SPY,PS,0.16,W,0.5,2025-03-14,2025-03-21,2025-03-17,take,562.8099975585938,543.0,0.25787387278399965,0.5899999999999999,0.122,4.41,0.25799999999999984,0.05850340136054418
SPY,PS,0.16,W,0.5,2025-03-21,2025-03-28,2025-03-24,take,563.97998046875,550.0,0.18225051164076078,0.5499999999999999,0.122,4.45,0.36799999999999994,0.08269662921348313
SPY,PS,0.16,W,0.5,2025-03-28,2025-04-04,2025-04-01,take,555.6599731445312,538.0,0.24433010656589432,0.7,0.122,4.3,0.308,0.07162790697674419
SPY,PS,0.16,W,0.5,2025-04-04,2025-04-11,2025-04-09,take,505.2799987792969,460.0,0.6808170869668466,0.5699999999999998,0.122,4.43,0.3879999999999998,0.08758465011286677
SPY,PS,0.16,W,0.5,2025-04-11,2025-04-17,2025-04-14,take,533.9400024414062,501.0,0.5028796657697925,0.52,0.122,4.48,0.24800000000000005,0.05535714285714286
SPY,PS,0.16,W,0.5,2025-04-17,2025-04-25,2025-04-23,take,526.4099731445312,505.0,0.28095143560890556,0.55,0.122,4.45,0.388,0.08719101123595506
SPY,PS,0.16,W,0.5,2025-04-25,2025-05-02,2025-04-29,take,550.6400146484375,531.0,0.2674504726260378,0.5700000000000001,0.122,4.43,0.21800000000000003,0.04920993227990972
SPY,PS,0.16,W,0.5,2025-05-02,2025-05-09,2025-05-08,take,566.760009765625,550.0,0.22616570538784225,0.51,0.122,4.49,0.338,0.07527839643652562
SPY,PS,0.16,W,0.5,2025-05-09,2025-05-16,2025-05-12,take,564.3400268554688,548.0,0.22094787558408702,0.6100000000000001,0.122,4.39,0.4480000000000001,0.10205011389521644
SPY,PS,0.16,W,0.5,2025-05-16,2025-05-23,2025-05-23,expiry,594.2000122070312,582.0,0.15225623043974185,0.4800000000000001,0.071,4.52,-2.4810146484374997,-0.5488970461144912
SPY,PS,0.16,W,0.5,2025-05-23,2025-05-30,2025-05-27,take,579.1099853515625,562.0,0.21929951466792247,0.54,0.122,4.46,0.378,0.08475336322869956
SPY,PS,0.16,W,0.5,2025-05-30,2025-06-06,2025-06-03,take,589.3900146484375,576.0,0.17497179995214934,0.55,0.122,4.45,0.32800000000000007,0.07370786516853933
SPY,PS,0.16,W,0.5,2025-06-06,2025-06-13,2025-06-10,take,599.1400146484375,587.0,0.14757308887646742,0.44999999999999996,0.122,4.55,0.11799999999999994,0.02593406593406592
SPY,PS,0.16,W,0.5,2025-06-13,2025-06-20,2025-06-16,take,597.0,580.0,0.21666948078258141,0.5,0.122,4.5,0.258,0.05733333333333333
SPY,PS,0.16,W,0.5,2025-06-20,2025-06-27,2025-06-23,take,594.280029296875,579.0,0.19578877726580285,0.47,0.122,4.53,0.21799999999999997,0.04812362030905076
SPY,PS,0.16,W,0.5,2025-06-27,2025-07-03,2025-06-30,take,614.9099731445312,605.0,0.13017429047115153,0.44,0.122,4.56,0.138,0.030263157894736846
SPY,PS,0.16,W,0.5,2025-07-03,2025-07-11,2025-07-09,take,625.3400268554688,613.0,0.13843921260617986,0.45000000000000007,0.122,4.55,0.2280000000000001,0.05010989010989013
SPY,PS,0.16,W,0.5,2025-07-11,2025-07-18,2025-07-16,take,623.6199951171875,612.0,0.13835276596395685,0.43000000000000005,0.122,4.57,0.18800000000000006,0.041137855579868716
SPY,PS,0.16,W,0.5,2025-07-18,2025-07-25,2025-07-22,take,627.5800170898438,618.0,0.1200067311023934,0.49,0.122,4.51,0.16799999999999998,0.03725055432372505
SPY,PS,0.16,W,0.5,2025-07-25,2025-08-01,2025-07-30,take,637.0999755859375,625.0,0.1390372646063764,0.42000000000000004,0.122,4.58,0.10800000000000004,0.02358078602620088
SPY,PS,0.16,W,0.5,2025-08-01,2025-08-08,2025-08-04,take,621.719970703125,604.0,0.2108893247588377,0.48,0.122,4.52,0.298,0.06592920353982301
SPY,PS,0.16,W,0.5,2025-08-08,2025-08-15,2025-08-12,take,637.1799926757812,626.0,0.12985430188697783,0.4,0.122,4.6,0.21800000000000003,0.047391304347826096
SPY,PS,0.16,W,0.5,2025-08-15,2025-08-22,2025-08-22,expiry,643.4400024414062,632.0,0.13594439815844134,0.42000000000000004,0.061,4.58,0.35900000000000004,0.07838427947598255
SPY,PS,0.16,W,0.5,2025-08-22,2025-08-29,2025-08-27,take,645.3099975585938,635.0,0.12356576108183873,0.48,0.122,4.52,0.12799999999999997,0.028318584070796456
SPY,PS,0.16,W,0.5,2025-08-29,2025-09-05,2025-09-04,take,645.0499877929688,634.0,0.13003309076044384,0.44000000000000006,0.122,4.56,0.2780000000000001,0.06096491228070178
SPY,PS,0.16,W,0.5,2025-09-05,2025-09-12,2025-09-09,take,647.239990234375,636.0,0.13234117425703817,0.43000000000000005,0.122,4.57,0.17800000000000005,0.03894967177242889
SPY,PS,0.16,W,0.5,2025-09-12,2025-09-19,2025-09-17,take,657.4099731445312,644.0,0.14920301991258667,0.3599999999999999,0.122,4.640000000000001,0.11799999999999988,0.02543103448275859
SPY,PS,0.16,W,0.5,2025-09-19,2025-09-26,2025-09-26,expiry,663.7000122070312,653.0,0.12389147143089899,0.37,0.061,4.63,0.309,0.06673866090712743
SPY,PS,0.16,W,0.5,2025-09-26,2025-10-03,2025-09-30,take,661.8200073242188,651.0,0.12468074384267827,0.43000000000000005,0.122,4.57,0.138,0.030196936542669583
SPY,PS,0.16,W,0.5,2025-10-03,2025-10-10,2025-10-06,take,669.2100219726562,656.0,0.14339951817565494,0.3400000000000001,0.122,4.66,0.07800000000000007,0.016738197424892718
SPY,PS,0.16,W,0.5,2025-10-10,2025-10-17,2025-10-13,take,653.02001953125,633.0,0.23304178469057263,0.5,0.122,4.5,0.32799999999999996,0.07288888888888888
SPY,PS,0.16,W,0.5,2025-10-17,2025-10-24,2025-10-20,take,664.3900146484375,646.0,0.2053082036075599,0.43000000000000016,0.122,4.57,0.19800000000000018,0.04332603938730857
SPY,PS,0.16,W,0.5,2025-10-24,2025-10-31,2025-10-27,take,677.25,662.0,0.16955369737025244,0.43999999999999995,0.122,4.5600000000000005,0.188,0.04122807017543859
SPY,PS,0.16,W,0.5,2025-10-31,2025-11-07,2025-11-07,expiry,682.0599975585938,668.0,0.1552863043487795,0.45000000000000007,0.061,4.55,0.38900000000000007,0.08549450549450552
SPY,PS,0.16,W,0.5,2025-11-07,2025-11-14,2025-11-10,take,670.969970703125,655.0,0.1771756241383467,0.5199999999999999,0.122,4.48,0.3279999999999999,0.07321428571428569
SPY,PS,0.16,W,0.5,2025-11-14,2025-11-21,2025-11-21,expiry,671.9299926757812,653.0,0.21167228910324293,0.52,0.061,4.48,0.459,0.10245535714285714
SPY,PS,0.16,W,0.5,2025-11-21,2025-11-28,2025-11-24,take,659.030029296875,639.0,0.22659683393676933,0.48,0.122,4.52,0.27799999999999997,0.06150442477876106
SPY,PS,0.16,W,0.5,2025-11-28,2025-12-05,2025-12-03,take,683.3900146484375,671.0,0.13731415245009593,0.44999999999999996,0.122,4.55,0.22799999999999998,0.05010989010989011
SPY,PS,0.16,W,0.5,2025-12-05,2025-12-12,2025-12-10,take,685.6900024414062,673.0,0.14147570225595096,0.48,0.122,4.52,0.22799999999999998,0.050442477876106194
SPY,PS,0.16,W,0.5,2025-12-12,2025-12-19,2025-12-19,expiry,681.760009765625,667.0,0.16453645904383374,0.5599999999999999,0.061,4.44,0.49899999999999994,0.11238738738738736
SPY,PS,0.16,W,0.5,2025-12-19,2025-12-26,2025-12-22,take,680.5900268554688,671.0,0.10194746370749622,0.36000000000000004,0.122,4.64,0.17800000000000005,0.038362068965517256
SPY,PS,0.16,W,0.5,2025-12-26,2026-01-02,2026-01-02,expiry,690.3099975585938,682.0,0.08927879137976494,0.32999999999999996,0.061,4.67,0.26899999999999996,0.05760171306209849
SPY,PS,0.16,W,0.5,2026-01-02,2026-01-09,2026-01-05,take,683.1699829101562,672.0,0.1185525988961349,0.46,0.122,4.54,0.16800000000000004,0.03700440528634362
SPY,PS,0.16,W,0.5,2026-01-09,2026-01-16,2026-01-15,take,694.0700073242188,683.0,0.1186101603332855,0.41999999999999993,0.122,4.58,0.19799999999999995,0.043231441048034926
SPY,PS,0.16,W,0.5,2026-01-16,2026-01-23,2026-01-22,take,691.6599731445312,681.0,0.11786019481894244,0.42000000000000004,0.122,4.58,0.15800000000000003,0.03449781659388647
SPY,PS,0.16,W,0.5,2026-01-23,2026-01-30,2026-01-26,take,689.22998046875,673.0,0.17346272145278246,0.47999999999999987,0.122,4.5200000000000005,0.15799999999999986,0.03495575221238935
SPY,PS,0.16,W,0.5,2026-01-30,2026-02-06,2026-02-02,take,691.969970703125,675.0,0.18088567380223414,0.47,0.122,4.53,0.178,0.03929359823399558
SPY,PS,0.16,W,0.5,2026-02-06,2026-02-13,2026-02-09,take,690.6199951171875,673.0,0.1866040134168176,0.48,0.122,4.52,0.15799999999999997,0.03495575221238938
SPY,PS,0.16,W,0.5,2026-02-13,2026-02-20,2026-02-17,take,681.75,662.0,0.21703076121063608,0.54,0.122,4.46,0.14800000000000002,0.033183856502242155
SPY,PS,0.16,W,0.5,2026-02-20,2026-02-27,2026-02-25,take,689.4299926757812,671.0,0.20317762116066507,0.47,0.122,4.53,0.22799999999999998,0.050331125827814564
SPY,PS,0.16,W,0.5,2026-02-27,2026-03-06,2026-03-04,take,685.989990234375,666.0,0.216537812688823,0.49,0.122,4.51,0.13799999999999996,0.03059866962305986
SPY,PS,0.16,W,0.5,2026-03-06,2026-03-13,2026-03-09,take,672.3800048828125,642.0,0.3404104179473444,0.5299999999999998,0.122,4.470000000000001,0.20799999999999985,0.04653243847874716
SPY,PS,0.16,W,0.5,2026-03-13,2026-03-20,2026-03-16,take,662.2899780273438,635.0,0.3149368727111226,0.6100000000000001,0.122,4.39,0.32800000000000007,0.07471526195899775
SPY,PS,0.16,W,0.5,2026-03-20,2026-03-27,2026-03-24,take,648.5700073242188,625.0,0.2681929025115848,0.5,0.122,4.5,0.20800000000000002,0.04622222222222223
SPY,PS,0.16,W,0.5,2026-03-27,2026-04-02,2026-03-31,take,634.0900268554688,611.0,0.2983020368946343,0.6099999999999999,0.122,4.390000000000001,0.4779999999999999,0.10888382687927103
SPY,PS,0.16,W,0.5,2026-04-02,2026-04-10,2026-04-08,take,655.8300170898438,633.0,0.24224162430067392,0.55,0.122,4.45,0.41800000000000004,0.09393258426966293
SPY,PS,0.16,W,0.5,2026-04-10,2026-04-17,2026-04-13,take,679.4600219726562,663.0,0.18102198578771272,0.48,0.122,4.52,0.16800000000000004,0.03716814159292037
SPY,PS,0.16,W,0.5,2026-04-17,2026-04-24,2026-04-22,take,710.1400146484375,696.0,0.1509598515834319,0.4700000000000001,0.122,4.53,0.15800000000000008,0.03487858719646801
SPY,PS,0.16,W,0.5,2026-04-24,2026-05-01,2026-04-30,take,713.9400024414062,696.0,0.18802919812240582,0.55,0.122,4.45,0.41800000000000004,0.09393258426966293
SPY,PS,0.16,W,0.5,2026-05-01,2026-05-08,2026-05-05,take,720.6500244140625,706.0,0.15339171858523704,0.4900000000000001,0.122,4.51,0.20800000000000007,0.046119733924611994
SPY,PS,0.16,W,0.5,2026-05-08,2026-05-15,2026-05-13,take,737.6199951171875,723.0,0.1453402062774809,0.42000000000000004,0.122,4.58,0.21800000000000008,0.047598253275109186
SPY,PS,0.16,W,0.5,2026-05-15,2026-05-22,2026-05-20,take,739.1699829101562,721.0,0.18352825086224867,0.5299999999999998,0.122,4.470000000000001,0.2879999999999998,0.06442953020134223
SPY,PS,0.16,W,0.5,2026-05-22,2026-05-29,2026-05-26,take,745.6400146484375,731.0,0.14589594273716344,0.44000000000000006,0.122,4.56,0.19800000000000006,0.043421052631578964
SPY,PS,0.16,W,0.5,2026-05-29,2026-06-05,2026-06-02,take,756.47998046875,743.0,0.12951228360914852,0.3900000000000001,0.122,4.609999999999999,0.13800000000000012,0.029934924078091136
SPY,PS,0.16,W,0.5,2026-06-05,2026-06-12,2026-06-11,take,737.5499877929688,711.0,0.26850876440515603,0.42000000000000015,0.122,4.58,0.2680000000000001,0.05851528384279479
SPY,PS,0.16,W,0.5,2026-06-12,2026-06-18,2026-06-15,take,741.75,724.0,0.19223032805781126,0.49,0.122,4.51,0.28800000000000003,0.06385809312638582
SPY,PS,0.16,W,0.5,2026-06-18,2026-06-26,2026-06-26,expiry,746.739990234375,731.0,0.1480176330060285,0.44999999999999996,0.071,4.55,-1.631009765625,-0.35846368475274726
SPY,PS,0.16,W,0.5,2026-06-26,2026-07-02,2026-06-29,take,728.989990234375,714.0,0.16132761382553096,0.44000000000000006,0.122,4.56,0.2280000000000001,0.050000000000000024
SPY,PS,0.16,W,0.5,2026-07-02,2026-07-10,2026-07-06,take,744.780029296875,731.0,0.13395956143059823,0.4800000000000001,0.122,4.52,0.28800000000000014,0.06371681415929208
SPY,PS,0.16,W,0.5,2026-07-10,2026-07-17,2026-07-15,take,754.9500122070312,743.0,0.11548735158822962,0.4,0.122,4.6,0.118,0.025652173913043478
SPY,PS,0.16,W,0.5,2026-07-17,2026-07-24,2026-07-21,take,743.2899780273438,725.0,0.1844674247228369,0.49,0.122,4.51,0.258,0.05720620842572063
SPY,PS,0.16,W,0.5,2026-07-24,2026-07-31,2026-07-28,take,738.9299926757812,719.0,0.1978387775688169,0.49,0.122,4.51,0.138,0.03059866962305987
SPY,PS,0.16,W,0.5,2026-07-31,2026-08-07,2026-08-03,take,747.030029296875,733.0,0.14055049823510918,0.44000000000000006,0.122,4.56,0.21800000000000003,0.04780701754385966
SPY,PS,0.16,W,0.5,2026-08-07,2026-08-14,2026-08-12,take,773.260009765625,761.0,0.12075967501522014,0.47999999999999987,0.122,4.5200000000000005,0.20799999999999985,0.04601769911504421
SPY,PS,0.16,W,0.5,2026-08-14,2026-08-21,2026-08-21,expiry,776.3400268554688,766.0,0.10178650911862971,0.43999999999999995,0.071,4.5600000000000005,0.08897070312499995,0.019511119106359637
SPY,PS,0.16,W,0.5,2026-08-21,2026-08-28,2026-08-26,take,765.719970703125,752.0,0.1302273504872415,0.43999999999999995,0.122,4.5600000000000005,0.15799999999999992,0.03464912280701752
SPY,PS,0.16,W,0.5,2026-08-28,2026-09-04,2026-09-03,take,769.3499755859375,758.0,0.11082916707197296,0.43000000000000005,0.122,4.57,0.278,0.060831509846827135
SPY,PS,0.16,W,0.5,2026-09-04,2026-09-11,2026-09-11,expiry,770.1900024414062,758.0,0.11663977243711329,0.41000000000000003,0.061,4.59,0.34900000000000003,0.07603485838779957
SPY,PS,0.16,W,0.5,2026-09-11,2026-09-18,2026-09-17,take,764.2899780273438,748.0,0.16371242997009083,0.45999999999999996,0.122,4.54,0.25799999999999995,0.05682819383259911
SPY,PS,0.16,W,0.5,2026-09-18,2026-09-25,2026-09-21,take,761.6900024414062,750.0,0.11708865220558629,0.3800000000000001,0.122,4.62,0.19800000000000012,0.042857142857142885
SPY,PS,0.16,W,0.5,2026-09-25,2026-10-02,2026-09-28,expiry,771.3499755859375,758.0,0.12969380923001717,0.45999999999999996,0.061,4.54,0.39899999999999997,0.08788546255506607
SPY,PS,0.16,M,0.0,2024-03-15,2024-04-19,2024-04-19,expiry,509.8299865722656,489.0,0.14864044032524593,0.47,0.061,4.53,0.409,0.09028697571743928
SPY,PS,0.16,M,0.0,2024-04-19,2024-05-17,2024-05-17,expiry,495.1600036621094,471.0,0.1974761834830105,0.40000000000000036,0.061,4.6,0.33900000000000036,0.07369565217391312
SPY,PS,0.16,M,0.0,2024-05-17,2024-06-21,2024-06-21,expiry,529.4500122070312,511.0,0.12692257629839693,0.45999999999999996,0.061,4.54,0.39899999999999997,0.08788546255506607
SPY,PS,0.16,M,0.0,2024-06-21,2024-07-19,2024-07-19,expiry,544.510009765625,527.0,0.13004769654349152,0.45999999999999996,0.061,4.54,0.39899999999999997,0.08788546255506607
SPY,PS,0.16,M,0.0,2024-07-19,2024-08-16,2024-08-16,expiry,548.989990234375,525.0,0.17371415205006568,0.45999999999999996,0.061,4.54,0.39899999999999997,0.08788546255506607
SPY,PS,0.16,M,0.0,2024-08-16,2024-09-20,2024-09-20,expiry,554.3099975585938,529.0,0.1638772740399455,0.41999999999999993,0.061,4.58,0.35899999999999993,0.07838427947598252
SPY,PS,0.16,M,0.0,2024-09-20,2024-10-18,2024-10-18,expiry,568.25,544.0,0.1690491852690159,0.41999999999999993,0.061,4.58,0.35899999999999993,0.07838427947598252
SPY,PS,0.16,M,0.0,2024-10-18,2024-11-15,2024-11-15,expiry,584.5900268554688,557.0,0.18823288359114182,0.4500000000000002,0.061,4.55,0.3890000000000002,0.08549450549450553
SPY,PS,0.16,M,0.0,2024-11-15,2024-12-20,2024-12-20,expiry,585.75,556.0,0.18178894776152638,0.6000000000000001,0.061,4.4,0.5390000000000001,0.12250000000000003
SPY,PS,0.16,M,0.0,2024-12-20,2025-01-17,2025-01-17,expiry,591.1500244140625,563.0,0.18932125477481127,0.20999999999999996,0.061,4.79,0.14899999999999997,0.03110647181628392
SPY,PS,0.16,M,0.0,2025-01-17,2025-02-21,2025-02-21,expiry,597.5800170898438,570.0,0.1646050114407842,0.44999999999999973,0.061,4.550000000000001,0.38899999999999973,0.08549450549450542
SPY,PS,0.16,M,0.0,2025-02-21,2025-03-21,2025-03-21,expiry,599.9400024414062,570.0,0.19762793229407094,0.43999999999999995,0.071,4.5600000000000005,-4.631,-1.0155701754385964
SPY,PS,0.16,M,0.0,2025-03-21,2025-04-17,2025-04-17,expiry,563.97998046875,535.0,0.20614869991499118,0.5,0.071,4.5,-4.571,-1.0157777777777777
SPY,PS,0.16,M,0.0,2025-04-17,2025-05-16,2025-05-16,expiry,526.4099731445312,483.0,0.3317246625191107,0.7899999999999996,0.061,4.210000000000001,0.7289999999999996,0.17315914489311152
SPY,PS,0.16,M,0.0,2025-05-16,2025-06-20,2025-06-20,expiry,594.2000122070312,562.0,0.19629608566026174,0.48,0.061,4.52,0.419,0.0926991150442478
SPY,PS,0.16,M,0.0,2025-06-20,2025-07-18,2025-07-18,expiry,594.280029296875,560.0,0.22776372084645324,0.48999999999999977,0.061,4.51,0.42899999999999977,0.09512195121951215
SPY,PS,0.16,M,0.0,2025-07-18,2025-08-15,2025-08-15,expiry,627.5800170898438,600.0,0.17610884077456573,0.48999999999999977,0.061,4.51,0.42899999999999977,0.09512195121951215
SPY,PS,0.16,M,0.0,2025-08-15,2025-09-19,2025-09-19,expiry,643.4400024414062,613.0,0.1726503087963594,0.5999999999999996,0.061,4.4,0.5389999999999997,0.12249999999999993
SPY,PS,0.16,M,0.0,2025-09-19,2025-10-17,2025-10-17,expiry,663.7000122070312,636.0,0.16709451889437332,0.41999999999999993,0.061,4.58,0.35899999999999993,0.07838427947598252
SPY,PS,0.16,M,0.0,2025-10-17,2025-11-21,2025-11-21,expiry,664.3900146484375,621.0,0.23248878349861024,0.43999999999999995,0.061,4.5600000000000005,0.37899999999999995,0.08311403508771928
SPY,PS,0.16,M,0.0,2025-11-21,2025-12-19,2025-12-19,expiry,659.030029296875,616.0,0.26361054024222497,0.5899999999999999,0.061,4.41,0.5289999999999999,0.11995464852607707
SPY,PS,0.16,M,0.0,2025-12-19,2026-01-16,2026-01-16,expiry,680.5900268554688,653.0,0.16129591011491712,0.33000000000000007,0.061,4.67,0.2690000000000001,0.05760171306209852
SPY,PS,0.16,M,0.0,2026-01-16,2026-02-20,2026-02-20,expiry,691.6599731445312,658.0,0.17427940725422875,0.3500000000000001,0.061,4.65,0.2890000000000001,0.062150537634408615
SPY,PS,0.16,M,0.0,2026-02-20,2026-03-20,2026-03-20,expiry,689.4299926757812,650.0,0.22583237105390708,0.45999999999999996,0.071,4.54,-1.04099267578125,-0.22929354092098017
SPY,PS,0.16,M,0.0,2026-03-20,2026-04-17,2026-04-17,expiry,648.5700073242188,600.0,0.29409788377271373,0.52,0.061,4.48,0.459,0.10245535714285714
SPY,PS,0.16,M,0.0,2026-04-17,2026-05-15,2026-05-15,expiry,710.1400146484375,677.0,0.1859086366531723,0.48,0.061,4.52,0.419,0.0926991150442478
SPY,PS,0.16,M,0.0,2026-05-15,2026-06-18,2026-06-18,expiry,739.1699829101562,696.0,0.21085347159787404,0.7500000000000004,0.061,4.25,0.6890000000000005,0.16211764705882364
SPY,PS,0.16,M,0.0,2026-06-18,2026-07-17,2026-07-17,expiry,746.739990234375,712.0,0.1809324432785669,0.6400000000000001,0.061,4.359999999999999,0.5790000000000002,0.13279816513761475
SPY,PS,0.16,M,0.0,2026-07-17,2026-08-21,2026-08-21,expiry,743.2899780273438,700.0,0.21066023979341436,0.45999999999999996,0.061,4.54,0.39899999999999997,0.08788546255506607
SPY,PS,0.16,M,0.0,2026-08-21,2026-09-18,2026-09-18,expiry,765.719970703125,733.0,0.16882417641718067,0.45999999999999996,0.061,4.54,0.39899999999999997,0.08788546255506607
SPY,PS,0.16,M,0.0,2026-09-18,2026-10-16,2026-09-28,expiry,761.6900024414062,732.0,0.15502235484765498,0.3999999999999999,0.061,4.6,0.3389999999999999,0.07369565217391302
SPY,PS,0.16,M,0.5,2024-03-15,2024-04-19,2024-03-20,take,509.8299865722656,489.0,0.14864044032524593,0.47,0.122,4.53,0.18799999999999994,0.041501103752759366
SPY,PS,0.16,M,0.5,2024-04-19,2024-05-17,2024-04-23,take,495.1600036621094,471.0,0.1974761834830105,0.40000000000000036,0.122,4.6,0.13800000000000034,0.03000000000000008
SPY,PS,0.16,M,0.5,2024-05-17,2024-06-21,2024-06-05,take,529.4500122070312,511.0,0.12692257629839693,0.45999999999999996,0.122,4.54,0.12799999999999995,0.02819383259911893
SPY,PS,0.16,M,0.5,2024-06-21,2024-07-19,2024-07-02,take,544.510009765625,527.0,0.13004769654349152,0.45999999999999996,0.122,4.54,0.20800000000000002,0.04581497797356829
SPY,PS,0.16,M,0.5,2024-07-19,2024-08-16,2024-08-13,take,548.989990234375,525.0,0.17371415205006568,0.45999999999999996,0.122,4.54,0.118,0.025991189427312773
SPY,PS,0.16,M,0.5,2024-08-16,2024-09-20,2024-08-23,take,554.3099975585938,529.0,0.1638772740399455,0.41999999999999993,0.122,4.58,0.10799999999999998,0.02358078602620087
SPY,PS,0.16,M,0.5,2024-09-20,2024-10-18,2024-09-26,take,568.25,544.0,0.1690491852690159,0.41999999999999993,0.122,4.58,0.08799999999999997,0.01921397379912663
SPY,PS,0.16,M,0.5,2024-10-18,2024-11-15,2024-11-06,take,584.5900268554688,557.0,0.18823288359114182,0.4500000000000002,0.122,4.55,0.2680000000000002,0.058901098901098944
SPY,PS,0.16,M,0.5,2024-11-15,2024-12-20,2024-11-20,take,585.75,556.0,0.18178894776152638,0.6000000000000001,0.122,4.4,0.33799999999999997,0.0768181818181818
SPY,PS,0.16,M,0.5,2024-12-20,2025-01-17,2024-12-26,take,591.1500244140625,563.0,0.18932125477481127,0.20999999999999996,0.122,4.79,-0.01200000000000001,-0.0025052192066805866
SPY,PS,0.16,M,0.5,2025-01-17,2025-02-21,2025-01-21,take,597.5800170898438,570.0,0.1646050114407842,0.44999999999999973,0.122,4.550000000000001,0.10799999999999976,0.02373626373626368
SPY,PS,0.16,M,0.5,2025-02-21,2025-03-21,2025-03-21,expiry,599.9400024414062,570.0,0.19762793229407094,0.43999999999999995,0.071,4.5600000000000005,-4.631,-1.0155701754385964
SPY,PS,0.16,M,0.5,2025-03-21,2025-04-17,2025-03-25,take,563.97998046875,535.0,0.20614869991499118,0.5,0.122,4.5,0.16800000000000004,0.03733333333333334
SPY,PS,0.16,M,0.5,2025-04-17,2025-05-16,2025-04-22,take,526.4099731445312,483.0,0.3317246625191107,0.7899999999999996,0.122,4.210000000000001,0.2979999999999995,0.07078384798099749
SPY,PS,0.16,M,0.5,2025-05-16,2025-06-20,2025-06-04,take,594.2000122070312,562.0,0.19629608566026174,0.48,0.122,4.52,0.18799999999999994,0.04159292035398229
SPY,PS,0.16,M,0.5,2025-06-20,2025-07-18,2025-06-24,take,594.280029296875,560.0,0.22776372084645324,0.48999999999999977,0.122,4.51,0.21799999999999986,0.04833702882483368
SPY,PS,0.16,M,0.5,2025-07-18,2025-08-15,2025-07-23,take,627.5800170898438,600.0,0.17610884077456573,0.48999999999999977,0.122,4.51,0.1579999999999998,0.035033259423503285
SPY,PS,0.16,M,0.5,2025-08-15,2025-09-19,2025-08-25,take,643.4400024414062,613.0,0.1726503087963594,0.5999999999999996,0.122,4.4,0.22799999999999965,0.051818181818181736
SPY,PS,0.16,M,0.5,2025-09-19,2025-10-17,2025-10-01,take,663.7000122070312,636.0,0.16709451889437332,0.41999999999999993,0.122,4.58,0.09799999999999998,0.02139737991266375
SPY,PS,0.16,M,0.5,2025-10-17,2025-11-21,2025-10-23,take,664.3900146484375,621.0,0.23248878349861024,0.43999999999999995,0.122,4.5600000000000005,0.128,0.02807017543859649
SPY,PS,0.16,M,0.5,2025-11-21,2025-12-19,2025-11-24,take,659.030029296875,616.0,0.26361054024222497,0.5899999999999999,0.122,4.41,0.2779999999999999,0.06303854875283445
SPY,PS,0.16,M,0.5,2025-12-19,2026-01-16,2025-12-29,take,680.5900268554688,653.0,0.16129591011491712,0.33000000000000007,0.122,4.67,0.04800000000000004,0.010278372591006434
SPY,PS,0.16,M,0.5,2026-01-16,2026-02-20,2026-02-04,take,691.6599731445312,658.0,0.17427940725422875,0.3500000000000001,0.122,4.65,0.08799999999999997,0.018924731182795692
SPY,PS,0.16,M,0.5,2026-02-20,2026-03-20,2026-03-20,expiry,689.4299926757812,650.0,0.22583237105390708,0.45999999999999996,0.071,4.54,-1.04099267578125,-0.22929354092098017
SPY,PS,0.16,M,0.5,2026-03-20,2026-04-17,2026-03-31,take,648.5700073242188,600.0,0.29409788377271373,0.52,0.122,4.48,0.138,0.030803571428571427
SPY,PS,0.16,M,0.5,2026-04-17,2026-05-15,2026-04-30,take,710.1400146484375,677.0,0.1859086366531723,0.48,0.122,4.52,0.20800000000000007,0.04601769911504427
SPY,PS,0.16,M,0.5,2026-05-15,2026-06-18,2026-05-20,take,739.1699829101562,696.0,0.21085347159787404,0.7500000000000004,0.122,4.25,0.26800000000000057,0.0630588235294119
SPY,PS,0.16,M,0.5,2026-06-18,2026-07-17,2026-06-24,take,746.739990234375,712.0,0.1809324432785669,0.6400000000000001,0.13699999999999993,4.359999999999999,0.5030000000000002,0.11536697247706429
SPY,PS,0.16,M,0.5,2026-07-17,2026-08-21,2026-07-31,take,743.2899780273438,700.0,0.21066023979341436,0.45999999999999996,0.122,4.54,0.17799999999999983,0.03920704845814974
SPY,PS,0.16,M,0.5,2026-08-21,2026-09-18,2026-08-27,take,765.719970703125,733.0,0.16882417641718067,0.45999999999999996,0.122,4.54,0.118,0.025991189427312773
SPY,PS,0.16,M,0.5,2026-09-18,2026-10-16,2026-09-28,expiry,761.6900024414062,732.0,0.15502235484765498,0.3999999999999999,0.061,4.6,0.3389999999999999,0.07369565217391302
SPY,PS,0.2,W,0.0,2024-02-23,2024-03-01,2024-03-01,expiry,507.8500061035156,502.0,0.10615969156454139,0.53,0.061,4.47,0.46900000000000003,0.10492170022371367
SPY,PS,0.2,W,0.0,2024-03-01,2024-03-08,2024-03-08,expiry,512.8499755859375,507.0,0.10802859410605967,0.5599999999999999,0.061,4.44,0.49899999999999994,0.11238738738738736
SPY,PS,0.2,W,0.0,2024-03-08,2024-03-15,2024-03-15,expiry,511.7200012207031,503.0,0.15022573604457456,0.61,0.061,4.39,0.5489999999999999,0.12505694760820044
SPY,PS,0.2,W,0.0,2024-03-15,2024-03-22,2024-03-22,expiry,509.8299865722656,502.0,0.13922063860542633,0.6499999999999999,0.061,4.35,0.589,0.13540229885057473
SPY,PS,0.2,W,0.0,2024-03-22,2024-03-28,2024-03-28,expiry,521.2100219726562,516.0,0.09738992262891225,0.5,0.061,4.5,0.439,0.09755555555555556
SPY,PS,0.2,W,0.0,2024-03-28,2024-04-05,2024-04-05,expiry,523.0700073242188,517.0,0.09461191721861156,0.47000000000000003,0.061,4.53,0.40900000000000003,0.0902869757174393
SPY,PS,0.2,W,0.0,2024-04-05,2024-04-12,2024-04-12,expiry,518.4299926757812,509.0,0.15883243798307806,0.5700000000000001,0.061,4.43,0.5090000000000001,0.11489841986455986
SPY,PS,0.2,W,0.0,2024-04-12,2024-04-19,2024-04-19,expiry,510.8500061035156,501.0,0.1714059136540741,0.6199999999999999,0.071,4.38,-4.451,-1.0162100456621004
SPY,PS,0.2,W,0.0,2024-04-19,2024-04-26,2024-04-26,expiry,495.1600036621094,485.0,0.1743331039036995,0.61,0.061,4.39,0.5489999999999999,0.12505694760820044
SPY,PS,0.2,W,0.0,2024-04-26,2024-05-03,2024-05-03,expiry,508.260009765625,500.0,0.14897645547291843,0.67,0.061,4.33,0.609,0.14064665127020784
SPY,PS,0.2,W,0.0,2024-05-03,2024-05-10,2024-05-10,expiry,511.2900085449219,505.0,0.10437545158776892,0.49000000000000005,0.061,4.51,0.42900000000000005,0.09512195121951221
SPY,PS,0.2,W,0.0,2024-05-10,2024-05-17,2024-05-17,expiry,520.8400268554688,514.0,0.11728483611202234,0.61,0.061,4.39,0.5489999999999999,0.12505694760820044
SPY,PS,0.2,W,0.0,2024-05-17,2024-05-24,2024-05-24,expiry,529.4500122070312,524.0,0.09424599594939442,0.55,0.061,4.45,0.48900000000000005,0.1098876404494382
SPY,PS,0.2,W,0.0,2024-05-24,2024-05-31,2024-05-31,expiry,529.4400024414062,525.0,0.0819455111407186,0.47000000000000003,0.061,4.53,0.40900000000000003,0.0902869757174393
SPY,PS,0.2,W,0.0,2024-05-31,2024-06-07,2024-06-07,expiry,527.3699951171875,521.0,0.10597526288960302,0.52,0.061,4.48,0.459,0.10245535714285714
SPY,PS,0.2,W,0.0,2024-06-07,2024-06-14,2024-06-14,expiry,534.010009765625,526.0,0.1304899203908954,0.6600000000000001,0.061,4.34,0.5990000000000002,0.13801843317972357
SPY,PS,0.2,W,0.0,2024-06-14,2024-06-21,2024-06-21,expiry,542.780029296875,536.0,0.1143791824610054,0.55,0.061,4.45,0.48900000000000005,0.1098876404494382
SPY,PS,0.2,W,0.0,2024-06-21,2024-06-28,2024-06-28,expiry,544.510009765625,538.0,0.10211754310664098,0.49999999999999994,0.061,4.5,0.43899999999999995,0.09755555555555555
SPY,PS,0.2,W,0.0,2024-06-28,2024-07-05,2024-07-05,expiry,544.219970703125,539.0,0.08956681265751143,0.52,0.061,4.48,0.459,0.10245535714285714
SPY,PS,0.2,W,0.0,2024-07-05,2024-07-12,2024-07-12,expiry,554.6400146484375,548.0,0.10147594144490224,0.4799999999999999,0.061,4.5200000000000005,0.41899999999999993,0.09269911504424776
SPY,PS,0.2,W,0.0,2024-07-12,2024-07-19,2024-07-19,expiry,559.989990234375,554.0,0.09556860816824445,0.49999999999999994,0.071,4.5,-4.571,-1.0157777777777777
SPY,PS,0.2,W,0.0,2024-07-19,2024-07-26,2024-07-26,expiry,548.989990234375,540.0,0.14222762052625998,0.6,0.061,4.4,0.5389999999999999,0.12249999999999997
SPY,PS,0.2,W,0.0,2024-07-26,2024-08-02,2024-08-02,expiry,544.4400024414062,534.0,0.17397915654835627,0.7100000000000001,0.071,4.29,-0.46097558593749993,-0.10745351653554777
SPY,PS,0.2,W,0.0,2024-08-02,2024-08-09,2024-08-09,expiry,532.9000244140625,519.0,0.2289058399790001,0.7,0.061,4.3,0.639,0.1486046511627907
SPY,PS,0.2,W,0.0,2024-08-09,2024-08-16,2024-08-16,expiry,532.989990234375,520.0,0.21417632975715278,0.6400000000000001,0.061,4.359999999999999,0.5790000000000002,0.13279816513761475
SPY,PS,0.2,W,0.0,2024-08-16,2024-08-23,2024-08-23,expiry,554.3099975585938,547.0,0.1210792567815219,0.5700000000000001,0.061,4.43,0.5090000000000001,0.11489841986455986
SPY,PS,0.2,W,0.0,2024-08-23,2024-08-30,2024-08-30,expiry,562.1300048828125,554.0,0.13280559108880663,0.64,0.061,4.36,0.579,0.13279816513761467
SPY,PS,0.2,W,0.0,2024-08-30,2024-09-06,2024-09-06,expiry,563.6799926757812,556.0,0.12649728268589305,0.6799999999999999,0.071,4.32,-4.391,-1.0164351851851852
SPY,PS,0.2,W,0.0,2024-09-06,2024-09-13,2024-09-13,expiry,540.3599853515625,527.0,0.22048630381663215,0.7,0.061,4.3,0.639,0.1486046511627907
SPY,PS,0.2,W,0.0,2024-09-13,2024-09-20,2024-09-20,expiry,562.010009765625,551.0,0.17703695567142513,0.6299999999999999,0.061,4.37,0.569,0.13020594965675056
SPY,PS,0.2,W,0.0,2024-09-20,2024-09-27,2024-09-27,expiry,568.25,560.0,0.13030551380122213,0.58,0.061,4.42,0.5189999999999999,0.117420814479638
SPY,PS,0.2,W,0.0,2024-09-27,2024-10-04,2024-10-04,expiry,571.469970703125,561.0,0.159020346078606,0.6199999999999999,0.061,4.38,0.5589999999999999,0.1276255707762557
SPY,PS,0.2,W,0.0,2024-10-04,2024-10-11,2024-10-11,expiry,572.97998046875,562.0,0.16543665142567138,0.5299999999999999,0.061,4.47,0.4689999999999999,0.10492170022371364
SPY,PS,0.2,W,0.0,2024-10-11,2024-10-18,2024-10-18,expiry,579.5800170898438,571.0,0.13722086331615319,0.55,0.061,4.45,0.48900000000000005,0.1098876404494382
SPY,PS,0.2,W,0.0,2024-10-18,2024-10-25,2024-10-25,expiry,584.5900268554688,578.0,0.10468361799074791,0.53,0.061,4.47,0.46900000000000003,0.10492170022371367
SPY,PS,0.2,W,0.0,2024-10-25,2024-11-01,2024-11-01,expiry,579.0399780273438,568.0,0.1712818532536734,0.6000000000000001,0.061,4.4,0.5390000000000001,0.12250000000000003
SPY,PS,0.2,W,0.0,2024-11-01,2024-11-08,2024-11-08,expiry,571.0399780273438,556.0,0.24092619278909838,0.7699999999999998,0.061,4.23,0.7089999999999999,0.16761229314420797
SPY,PS,0.2,W,0.0,2024-11-08,2024-11-15,2024-11-15,expiry,598.1900024414062,590.0,0.12168944877370488,0.5099999999999999,0.071,4.49,-3.811,-0.8487750556792872
SPY,PS,0.2,W,0.0,2024-11-15,2024-11-22,2024-11-22,expiry,585.75,576.0,0.14622361754631336,0.5900000000000001,0.061,4.41,0.5290000000000001,0.11995464852607712
SPY,PS,0.2,W,0.0,2024-11-22,2024-11-29,2024-11-29,expiry,595.510009765625,589.0,0.09918515037514583,0.47,0.061,4.53,0.409,0.09028697571743928
SPY,PS,0.2,W,0.0,2024-11-29,2024-12-06,2024-12-06,expiry,602.5499877929688,596.0,0.10332929568001537,0.6000000000000001,0.061,4.4,0.5390000000000001,0.12250000000000003
SPY,PS,0.2,W,0.0,2024-12-06,2024-12-13,2024-12-13,expiry,607.8099975585938,602.0,0.08756835278576558,0.5,0.061,4.5,0.439,0.09755555555555556
SPY,PS,0.2,W,0.0,2024-12-13,2024-12-20,2024-12-20,expiry,604.2100219726562,596.0,0.12275784727063066,0.6,0.071,4.4,-4.3209755859375,-0.9820399058948863
SPY,PS,0.2,W,0.0,2024-12-20,2024-12-27,2024-12-27,expiry,591.1500244140625,580.0,0.17215976728617527,0.6099999999999999,0.061,4.390000000000001,0.5489999999999999,0.12505694760820044
SPY,PS,0.2,W,0.0,2024-12-27,2025-01-03,2025-01-03,expiry,595.010009765625,586.0,0.1289447943579799,0.5799999999999998,0.061,4.42,0.5189999999999999,0.117420814479638
SPY,PS,0.2,W,0.0,2025-01-03,2025-01-10,2025-01-10,expiry,591.9500122070312,583.0,0.13557061205637,0.68,0.071,4.32,-1.9010097656249998,-0.44004855685763883
SPY,PS,0.2,W,0.0,2025-01-10,2025-01-17,2025-01-17,expiry,580.489990234375,568.0,0.1842810307443024,0.6400000000000001,0.061,4.359999999999999,0.5790000000000002,0.13279816513761475
SPY,PS,0.2,W,0.0,2025-01-17,2025-01-24,2025-01-24,expiry,597.5800170898438,588.0,0.1389030697048308,0.62,0.061,4.38,0.5589999999999999,0.1276255707762557
SPY,PS,0.2,W,0.0,2025-01-24,2025-01-31,2025-01-31,expiry,607.969970703125,599.0,0.13139603802831795,0.65,0.061,4.35,0.589,0.13540229885057473
SPY,PS,0.2,W,0.0,2025-01-31,2025-02-07,2025-02-07,expiry,601.8200073242188,591.0,0.1633541558120704,0.6900000000000001,0.061,4.31,0.629,0.14593967517401393
SPY,PS,0.2,W,0.0,2025-02-07,2025-02-14,2025-02-14,expiry,600.77001953125,590.0,0.15391391092795265,0.6299999999999999,0.061,4.37,0.569,0.13020594965675056
SPY,PS,0.2,W,0.0,2025-02-14,2025-02-21,2025-02-21,expiry,609.7000122070312,602.0,0.1090187905386755,0.48,0.071,4.52,-1.65099755859375,-0.36526494659153763
SPY,PS,0.2,W,0.0,2025-02-21,2025-02-28,2025-02-28,expiry,599.9400024414062,588.0,0.1740365969987528,0.6199999999999999,0.061,4.38,0.5589999999999999,0.1276255707762557
SPY,PS,0.2,W,0.0,2025-02-28,2025-03-07,2025-03-07,expiry,594.1799926757812,580.0,0.206506697718446,0.74,0.071,4.26,-3.4110170898437495,-0.8007082370525234
SPY,PS,0.2,W,0.0,2025-03-07,2025-03-14,2025-03-14,expiry,575.9199829101562,560.0,0.2505145177774869,0.8499999999999999,0.061,4.15,0.7889999999999999,0.1901204819277108
SPY,PS,0.2,W,0.0,2025-03-14,2025-03-21,2025-03-21,expiry,562.8099975585938,547.0,0.25353960442039025,0.8099999999999998,0.061,4.19,0.7489999999999999,0.1787589498806682
SPY,PS,0.2,W,0.0,2025-03-21,2025-03-28,2025-03-28,expiry,563.97998046875,553.0,0.17878439171417948,0.74,0.061,4.26,0.679,0.15938967136150237
SPY,PS,0.2,W,0.0,2025-03-28,2025-04-04,2025-04-04,expiry,555.6599731445312,540.0,0.24303807865693583,0.8099999999999998,0.071,4.19,-4.261,-1.016945107398568
SPY,PS,0.2,W,0.0,2025-04-04,2025-04-11,2025-04-11,expiry,505.2799987792969,471.0,0.6289812264706391,0.6000000000000005,0.07599999999999993,5.3999999999999995,0.5240000000000006,0.09703703703703716
SPY,PS,0.2,W,0.0,2025-04-11,2025-04-17,2025-04-17,expiry,533.9400024414062,508.0,0.4771037127727191,0.6799999999999997,0.061,4.32,0.6189999999999998,0.14328703703703696
SPY,PS,0.2,W,0.0,2025-04-17,2025-04-25,2025-04-25,expiry,526.4099731445312,509.0,0.2734804476130458,0.72,0.061,4.28,0.659,0.15397196261682242
SPY,PS,0.2,W,0.0,2025-04-25,2025-05-02,2025-05-02,expiry,550.6400146484375,535.0,0.25931189466391735,0.75,0.061,4.25,0.6890000000000001,0.16211764705882353
SPY,PS,0.2,W,0.0,2025-05-02,2025-05-09,2025-05-09,expiry,566.760009765625,553.0,0.21928506427193334,0.6500000000000001,0.061,4.35,0.5890000000000002,0.13540229885057475
SPY,PS,0.2,W,0.0,2025-05-09,2025-05-16,2025-05-16,expiry,564.3400268554688,550.0,0.21887536062596014,0.71,0.061,4.29,0.649,0.15128205128205127
SPY,PS,0.2,W,0.0,2025-05-16,2025-05-23,2025-05-23,expiry,594.2000122070312,584.0,0.1502295798085322,0.6499999999999999,0.071,4.35,-4.311014648437499,-0.9910378502155172
SPY,PS,0.2,W,0.0,2025-05-23,2025-05-30,2025-05-30,expiry,579.1099853515625,565.0,0.2125646606362261,0.69,0.061,4.3100000000000005,0.629,0.1459396751740139
SPY,PS,0.2,W,0.0,2025-05-30,2025-06-06,2025-06-06,expiry,589.3900146484375,578.0,0.17354431932294662,0.71,0.061,4.29,0.649,0.15128205128205127
SPY,PS,0.2,W,0.0,2025-06-06,2025-06-13,2025-06-13,expiry,599.1400146484375,589.0,0.14548733712390033,0.6000000000000001,0.061,4.4,0.5390000000000001,0.12250000000000003
SPY,PS,0.2,W,0.0,2025-06-13,2025-06-20,2025-06-20,expiry,597.0,583.0,0.21284818153092233,0.6200000000000001,0.061,4.38,0.5590000000000002,0.12762557077625575
SPY,PS,0.2,W,0.0,2025-06-20,2025-06-27,2025-06-27,expiry,594.280029296875,582.0,0.1875846188988839,0.5900000000000001,0.061,4.41,0.5290000000000001,0.11995464852607712
SPY,PS,0.2,W,0.0,2025-06-27,2025-07-03,2025-07-03,expiry,614.9099731445312,607.0,0.12710893372336673,0.61,0.061,4.39,0.5489999999999999,0.12505694760820044
SPY,PS,0.2,W,0.0,2025-07-03,2025-07-11,2025-07-11,expiry,625.3400268554688,615.0,0.13428896543354857,0.56,0.061,4.4399999999999995,0.49900000000000005,0.11238738738738742
SPY,PS,0.2,W,0.0,2025-07-11,2025-07-18,2025-07-18,expiry,623.6199951171875,614.0,0.13434175182192937,0.5900000000000001,0.061,4.41,0.5290000000000001,0.11995464852607712
SPY,PS,0.2,W,0.0,2025-07-18,2025-07-25,2025-07-25,expiry,627.5800170898438,619.0,0.1168161099549545,0.54,0.061,4.46,0.47900000000000004,0.10739910313901346
SPY,PS,0.2,W,0.0,2025-07-25,2025-08-01,2025-08-01,expiry,637.0999755859375,627.0,0.13701923210714728,0.5900000000000001,0.071,4.41,-4.481,-1.0160997732426302
SPY,PS,0.2,W,0.0,2025-08-01,2025-08-08,2025-08-08,expiry,621.719970703125,607.5,0.20265059517994188,0.6799999999999997,0.061,4.32,0.6189999999999998,0.14328703703703696
SPY,PS,0.2,W,0.0,2025-08-08,2025-08-15,2025-08-15,expiry,637.1799926757812,628.0,0.12435756004242698,0.49,0.061,4.51,0.429,0.0951219512195122
SPY,PS,0.2,W,0.0,2025-08-15,2025-08-22,2025-08-22,expiry,643.4400024414062,634.0,0.1319806528771914,0.5900000000000001,0.061,4.41,0.5290000000000001,0.11995464852607712
SPY,PS,0.2,W,0.0,2025-08-22,2025-08-29,2025-08-29,expiry,645.3099975585938,637.0,0.11936902265992458,0.6000000000000001,0.061,4.4,0.5390000000000001,0.12250000000000003
SPY,PS,0.2,W,0.0,2025-08-29,2025-09-05,2025-09-05,expiry,645.0499877929688,636.0,0.12656693982061973,0.6000000000000001,0.061,4.4,0.5390000000000001,0.12250000000000003
SPY,PS,0.2,W,0.0,2025-09-05,2025-09-12,2025-09-12,expiry,647.239990234375,638.0,0.12805956300572863,0.5700000000000001,0.061,4.43,0.5090000000000001,0.11489841986455986
SPY,PS,0.2,W,0.0,2025-09-12,2025-09-19,2025-09-19,expiry,657.4099731445312,647.0,0.14071777047670359,0.51,0.061,4.49,0.449,0.09999999999999999
SPY,PS,0.2,W,0.0,2025-09-19,2025-09-26,2025-09-26,expiry,663.7000122070312,655.0,0.11806839249115772,0.48,0.061,4.52,0.419,0.0926991150442478
SPY,PS,0.2,W,0.0,2025-09-26,2025-10-03,2025-10-03,expiry,661.8200073242188,653.0,0.11933588657864161,0.54,0.061,4.46,0.47900000000000004,0.10739910313901346
SPY,PS,0.2,W,0.0,2025-10-03,2025-10-10,2025-10-10,expiry,669.2100219726562,659.0,0.1348326571055546,0.48,0.071,4.52,-4.590999999999999,-1.01570796460177
SPY,PS,0.2,W,0.0,2025-10-10,2025-10-17,2025-10-17,expiry,653.02001953125,637.0,0.21984476141704773,0.56,0.061,4.4399999999999995,0.49900000000000005,0.11238738738738742
SPY,PS,0.2,W,0.0,2025-10-17,2025-10-24,2025-10-24,expiry,664.3900146484375,650.0,0.19520700484032721,0.6100000000000001,0.061,4.39,0.5490000000000002,0.1250569476082005
SPY,PS,0.2,W,0.0,2025-10-24,2025-10-31,2025-10-31,expiry,677.25,665.0,0.16122406566231934,0.5800000000000001,0.061,4.42,0.5190000000000001,0.11742081447963804
SPY,PS,0.2,W,0.0,2025-10-31,2025-11-07,2025-11-07,expiry,682.0599975585938,671.0,0.14875585729950497,0.5899999999999999,0.071,4.41,0.48897070312499985,0.11087771045918364
SPY,PS,0.2,W,0.0,2025-11-07,2025-11-14,2025-11-14,expiry,670.969970703125,658.0,0.17395317253667142,0.6699999999999999,0.061,4.33,0.609,0.14064665127020784
SPY,PS,0.2,W,0.0,2025-11-14,2025-11-21,2025-11-21,expiry,671.9299926757812,657.0,0.20025036538190633,0.6600000000000001,0.061,4.34,0.5990000000000002,0.13801843317972357
SPY,PS,0.2,W,0.0,2025-11-21,2025-11-28,2025-11-28,expiry,659.030029296875,643.0,0.21486135106835558,0.6499999999999999,0.061,4.35,0.589,0.13540229885057473
SPY,PS,0.2,W,0.0,2025-11-28,2025-12-05,2025-12-05,expiry,683.3900146484375,673.0,0.133436998562511,0.5599999999999999,0.061,4.44,0.49899999999999994,0.11238738738738736
SPY,PS,0.2,W,0.0,2025-12-05,2025-12-12,2025-12-12,expiry,685.6900024414062,675.0,0.1374821347305894,0.59,0.061,4.41,0.5289999999999999,0.11995464852607707
SPY,PS,0.2,W,0.0,2025-12-12,2025-12-19,2025-12-19,expiry,681.760009765625,669.0,0.1606670930526471,0.6499999999999999,0.061,4.35,0.589,0.13540229885057473
SPY,PS,0.2,W,0.0,2025-12-19,2025-12-26,2025-12-26,expiry,680.5900268554688,673.0,0.09748301151621466,0.49,0.061,4.51,0.429,0.0951219512195122
SPY,PS,0.2,W,0.0,2025-12-26,2026-01-02,2026-01-02,expiry,690.3099975585938,684.0,0.0855186750953918,0.5,0.071,4.5,-0.40101708984375,-0.08911490885416667
SPY,PS,0.2,W,0.0,2026-01-02,2026-01-09,2026-01-09,expiry,683.1699829101562,674.0,0.1137754944164377,0.5599999999999999,0.061,4.44,0.49899999999999994,0.11238738738738736
SPY,PS,0.2,W,0.0,2026-01-09,2026-01-16,2026-01-16,expiry,694.0700073242188,685.0,0.113916269053279,0.5299999999999999,0.061,4.47,0.4689999999999999,0.10492170022371364
SPY,PS,0.2,W,0.0,2026-01-16,2026-01-23,2026-01-23,expiry,691.6599731445312,683.0,0.1141793932978438,0.56,0.061,4.4399999999999995,0.49900000000000005,0.11238738738738742
SPY,PS,0.2,W,0.0,2026-01-23,2026-01-30,2026-01-30,expiry,689.22998046875,676.0,0.16731120765089952,0.6000000000000001,0.061,4.4,0.5390000000000001,0.12250000000000003
SPY,PS,0.2,W,0.0,2026-01-30,2026-02-06,2026-02-06,expiry,691.969970703125,678.0,0.17589129186746988,0.5499999999999998,0.061,4.45,0.4889999999999998,0.10988764044943816
SPY,PS,0.2,W,0.0,2026-02-06,2026-02-13,2026-02-13,expiry,690.6199951171875,677.0,0.17870233669609992,0.6799999999999997,0.061,4.32,0.6189999999999998,0.14328703703703696
SPY,PS,0.2,W,0.0,2026-02-13,2026-02-20,2026-02-20,expiry,681.75,666.0,0.20482172593277131,0.6499999999999999,0.061,4.35,0.589,0.13540229885057473
SPY,PS,0.2,W,0.0,2026-02-20,2026-02-27,2026-02-27,expiry,689.4299926757812,674.0,0.19495696128921602,0.5599999999999998,0.061,4.44,0.49899999999999983,0.11238738738738734
SPY,PS,0.2,W,0.0,2026-02-27,2026-03-06,2026-03-06,expiry,685.989990234375,670.0,0.20650401703550936,0.6199999999999999,0.061,4.38,0.5589999999999999,0.1276255707762557
SPY,PS,0.2,W,0.0,2026-03-06,2026-03-13,2026-03-13,expiry,672.3800048828125,648.0,0.32589533303424256,0.69,0.061,4.3100000000000005,0.629,0.1459396751740139
SPY,PS,0.2,W,0.0,2026-03-13,2026-03-20,2026-03-20,expiry,662.2899780273438,639.0,0.31060190814916067,0.7699999999999996,0.061,4.23,0.7089999999999996,0.16761229314420795
SPY,PS,0.2,W,0.0,2026-03-20,2026-03-27,2026-03-27,expiry,648.5700073242188,629.0,0.2639470748920917,0.7000000000000002,0.061,4.3,0.6390000000000002,0.14860465116279076
SPY,PS,0.2,W,0.0,2026-03-27,2026-04-02,2026-04-02,expiry,634.0900268554688,615.0,0.2943832448216279,0.7999999999999998,0.061,4.2,0.7389999999999999,0.17595238095238092
SPY,PS,0.2,W,0.0,2026-04-02,2026-04-10,2026-04-10,expiry,655.8300170898438,637.0,0.2366969134892819,0.6600000000000001,0.061,4.34,0.5990000000000002,0.13801843317972357
SPY,PS,0.2,W,0.0,2026-04-10,2026-04-17,2026-04-17,expiry,679.4600219726562,666.0,0.1737066492691502,0.6200000000000001,0.061,4.38,0.5590000000000002,0.12762557077625575
SPY,PS,0.2,W,0.0,2026-04-17,2026-04-24,2026-04-24,expiry,710.1400146484375,698.0,0.14692523648511413,0.5700000000000001,0.061,4.43,0.5090000000000001,0.11489841986455986
SPY,PS,0.2,W,0.0,2026-04-24,2026-05-01,2026-05-01,expiry,713.9400024414062,699.0,0.1832989335810261,0.6599999999999999,0.061,4.34,0.599,0.1380184331797235
SPY,PS,0.2,W,0.0,2026-05-01,2026-05-08,2026-05-08,expiry,720.6500244140625,709.0,0.14726876493704882,0.6499999999999999,0.061,4.35,0.589,0.13540229885057473
SPY,PS,0.2,W,0.0,2026-05-08,2026-05-15,2026-05-15,expiry,737.6199951171875,726.0,0.13997457049857837,0.5899999999999999,0.061,4.41,0.5289999999999999,0.11995464852607707
SPY,PS,0.2,W,0.0,2026-05-15,2026-05-22,2026-05-22,expiry,739.1699829101562,724.0,0.17973799051314976,0.6100000000000001,0.061,4.39,0.5490000000000002,0.1250569476082005
SPY,PS,0.2,W,0.0,2026-05-22,2026-05-29,2026-05-29,expiry,745.6400146484375,734.0,0.13795019761768584,0.53,0.061,4.47,0.46900000000000003,0.10492170022371367
SPY,PS,0.2,W,0.0,2026-05-29,2026-06-05,2026-06-05,expiry,756.47998046875,746.0,0.12338770668349736,0.54,0.071,4.46,-4.531,-1.0159192825112107
SPY,PS,0.2,W,0.0,2026-06-05,2026-06-12,2026-06-12,expiry,737.5499877929688,716.0,0.25794058584054125,0.6499999999999999,0.061,4.35,0.589,0.13540229885057473
SPY,PS,0.2,W,0.0,2026-06-12,2026-06-18,2026-06-18,expiry,741.75,727.0,0.1876930890958966,0.6799999999999999,0.061,4.32,0.619,0.14328703703703702
SPY,PS,0.2,W,0.0,2026-06-18,2026-06-26,2026-06-26,expiry,746.739990234375,734.0,0.1415278132561441,0.56,0.071,4.4399999999999995,-4.510999999999999,-1.015990990990991
SPY,PS,0.2,W,0.0,2026-06-26,2026-07-02,2026-07-02,expiry,728.989990234375,717.0,0.15479249303121773,0.5699999999999998,0.061,4.43,0.5089999999999999,0.1148984198645598
SPY,PS,0.2,W,0.0,2026-07-02,2026-07-10,2026-07-10,expiry,744.780029296875,733.0,0.1282473208866386,0.51,0.061,4.49,0.449,0.09999999999999999
SPY,PS,0.2,W,0.0,2026-07-10,2026-07-17,2026-07-17,expiry,754.9500122070312,746.0,0.10912752722932734,0.56,0.071,4.4399999999999995,-2.2210219726562497,-0.5002301740216779
SPY,PS,0.2,W,0.0,2026-07-17,2026-07-24,2026-07-24,expiry,743.2899780273438,728.0,0.17786190162386806,0.6099999999999999,0.061,4.390000000000001,0.5489999999999999,0.12505694760820044
SPY,PS,0.2,W,0.0,2026-07-24,2026-07-31,2026-07-31,expiry,738.9299926757812,723.0,0.19032049257667838,0.6499999999999999,0.061,4.35,0.589,0.13540229885057473
SPY,PS,0.2,W,0.0,2026-07-31,2026-08-07,2026-08-07,expiry,747.030029296875,736.0,0.13412720402302097,0.5799999999999998,0.061,4.42,0.5189999999999999,0.117420814479638
SPY,PS,0.2,W,0.0,2026-08-07,2026-08-14,2026-08-14,expiry,773.260009765625,763.0,0.11830988663651665,0.62,0.061,4.38,0.5589999999999999,0.1276255707762557
SPY,PS,0.2,W,0.0,2026-08-14,2026-08-21,2026-08-21,expiry,776.3400268554688,768.0,0.09793363181854967,0.57,0.071,4.43,-1.7810292968750001,-0.4020382159988714
SPY,PS,0.2,W,0.0,2026-08-21,2026-08-28,2026-08-28,expiry,765.719970703125,755.0,0.1261835709141928,0.6100000000000001,0.061,4.39,0.5490000000000002,0.1250569476082005
SPY,PS,0.2,W,0.0,2026-08-28,2026-09-04,2026-09-04,expiry,769.3499755859375,760.0,0.10819321288794209,0.5800000000000001,0.061,4.42,0.5190000000000001,0.11742081447963804
SPY,PS,0.2,W,0.0,2026-09-04,2026-09-11,2026-09-11,expiry,770.1900024414062,761.0,0.11057677282621553,0.59,0.061,4.41,0.5289999999999999,0.11995464852607707
SPY,PS,0.2,W,0.0,2026-09-11,2026-09-18,2026-09-18,expiry,764.2899780273438,751.0,0.15805616086938323,0.6599999999999999,0.061,4.34,0.599,0.1380184331797235
SPY,PS,0.2,W,0.0,2026-09-18,2026-09-25,2026-09-25,expiry,761.6900024414062,752.0,0.11188140885082984,0.4800000000000001,0.061,4.52,0.4190000000000001,0.09269911504424781
SPY,PS,0.2,W,0.0,2026-09-25,2026-10-02,2026-09-28,expiry,771.3499755859375,760.0,0.1265039237878232,0.59,0.061,4.41,0.5289999999999999,0.11995464852607707
SPY,PS,0.2,W,0.5,2024-02-23,2024-03-01,2024-02-29,take,507.8500061035156,502.0,0.10615969156454139,0.53,0.122,4.47,0.338,0.07561521252796422
SPY,PS,0.2,W,0.5,2024-03-01,2024-03-08,2024-03-07,take,512.8499755859375,507.0,0.10802859410605967,0.5599999999999999,0.122,4.44,0.35799999999999993,0.08063063063063061
SPY,PS,0.2,W,0.5,2024-03-08,2024-03-15,2024-03-12,take,511.7200012207031,503.0,0.15022573604457456,0.61,0.122,4.39,0.41800000000000004,0.09521640091116175
SPY,PS,0.2,W,0.5,2024-03-15,2024-03-22,2024-03-18,take,509.8299865722656,502.0,0.13922063860542633,0.6499999999999999,0.122,4.35,0.23799999999999993,0.05471264367816091
SPY,PS,0.2,W,0.5,2024-03-22,2024-03-28,2024-03-27,take,521.2100219726562,516.0,0.09738992262891225,0.5,0.122,4.5,0.348,0.07733333333333332
SPY,PS,0.2,W,0.5,2024-03-28,2024-04-05,2024-04-05,expiry,523.0700073242188,517.0,0.09461191721861156,0.47000000000000003,0.061,4.53,0.40900000000000003,0.0902869757174393
SPY,PS,0.2,W,0.5,2024-04-05,2024-04-12,2024-04-09,take,518.4299926757812,509.0,0.15883243798307806,0.5700000000000001,0.122,4.43,0.17800000000000005,0.040180586907449224
SPY,PS,0.2,W,0.5,2024-04-12,2024-04-19,2024-04-19,expiry,510.8500061035156,501.0,0.1714059136540741,0.6199999999999999,0.071,4.38,-4.451,-1.0162100456621004
SPY,PS,0.2,W,0.5,2024-04-19,2024-04-26,2024-04-22,take,495.1600036621094,485.0,0.1743331039036995,0.61,0.122,4.39,0.32799999999999996,0.07471526195899772
SPY,PS,0.2,W,0.5,2024-04-26,2024-05-03,2024-05-03,expiry,508.260009765625,500.0,0.14897645547291843,0.67,0.061,4.33,0.609,0.14064665127020784
SPY,PS,0.2,W,0.5,2024-05-03,2024-05-10,2024-05-06,take,511.2900085449219,505.0,0.10437545158776892,0.49000000000000005,0.122,4.51,0.24800000000000005,0.05498891352549891
SPY,PS,0.2,W,0.5,2024-05-10,2024-05-17,2024-05-14,take,520.8400268554688,514.0,0.11728483611202234,0.61,0.122,4.39,0.238,0.05421412300683372
SPY,PS,0.2,W,0.5,2024-05-17,2024-05-24,2024-05-21,take,529.4500122070312,524.0,0.09424599594939442,0.55,0.122,4.45,0.18800000000000006,0.04224719101123597
SPY,PS,0.2,W,0.5,2024-05-24,2024-05-31,2024-05-31,expiry,529.4400024414062,525.0,0.0819455111407186,0.47000000000000003,0.061,4.53,0.40900000000000003,0.0902869757174393
SPY,PS,0.2,W,0.5,2024-05-31,2024-06-07,2024-06-05,take,527.3699951171875,521.0,0.10597526288960302,0.52,0.122,4.48,0.368,0.08214285714285713
SPY,PS,0.2,W,0.5,2024-06-07,2024-06-14,2024-06-11,take,534.010009765625,526.0,0.1304899203908954,0.6600000000000001,0.122,4.34,0.3280000000000001,0.07557603686635948
SPY,PS,0.2,W,0.5,2024-06-14,2024-06-21,2024-06-17,take,542.780029296875,536.0,0.1143791824610054,0.55,0.122,4.45,0.268,0.0602247191011236
SPY,PS,0.2,W,0.5,2024-06-21,2024-06-28,2024-06-26,take,544.510009765625,538.0,0.10211754310664098,0.49999999999999994,0.122,4.5,0.23799999999999993,0.052888888888888874
SPY,PS,0.2,W,0.5,2024-06-28,2024-07-05,2024-07-01,take,544.219970703125,539.0,0.08956681265751143,0.52,0.122,4.48,0.14800000000000002,0.033035714285714286
SPY,PS,0.2,W,0.5,2024-07-05,2024-07-12,2024-07-09,take,554.6400146484375,548.0,0.10147594144490224,0.4799999999999999,0.122,4.5200000000000005,0.15799999999999992,0.034955752212389356
SPY,PS,0.2,W,0.5,2024-07-12,2024-07-19,2024-07-16,take,559.989990234375,554.0,0.09556860816824445,0.49999999999999994,0.122,4.5,0.2879999999999999,0.06399999999999999
SPY,PS,0.2,W,0.5,2024-07-19,2024-07-26,2024-07-22,take,548.989990234375,540.0,0.14222762052625998,0.6,0.122,4.4,0.388,0.08818181818181818
SPY,PS,0.2,W,0.5,2024-07-26,2024-08-02,2024-07-31,take,544.4400024414062,534.0,0.17397915654835627,0.7100000000000001,0.122,4.29,0.5080000000000002,0.11841491841491847
SPY,PS,0.2,W,0.5,2024-08-02,2024-08-09,2024-08-08,take,532.9000244140625,519.0,0.2289058399790001,0.7,0.122,4.3,0.37799999999999995,0.08790697674418604
SPY,PS,0.2,W,0.5,2024-08-09,2024-08-16,2024-08-13,take,532.989990234375,520.0,0.21417632975715278,0.6400000000000001,0.122,4.359999999999999,0.41800000000000015,0.09587155963302757
SPY,PS,0.2,W,0.5,2024-08-16,2024-08-23,2024-08-19,take,554.3099975585938,547.0,0.1210792567815219,0.5700000000000001,0.122,4.43,0.24800000000000005,0.055981941309255094
SPY,PS,0.2,W,0.5,2024-08-23,2024-08-30,2024-08-29,take,562.1300048828125,554.0,0.13280559108880663,0.64,0.122,4.36,0.28800000000000003,0.06605504587155964
SPY,PS,0.2,W,0.5,2024-08-30,2024-09-06,2024-09-06,expiry,563.6799926757812,556.0,0.12649728268589305,0.6799999999999999,0.071,4.32,-4.391,-1.0164351851851852
SPY,PS,0.2,W,0.5,2024-09-06,2024-09-13,2024-09-09,take,540.3599853515625,527.0,0.22048630381663215,0.7,0.122,4.3,0.40800000000000003,0.09488372093023256
SPY,PS,0.2,W,0.5,2024-09-13,2024-09-20,2024-09-19,take,562.010009765625,551.0,0.17703695567142513,0.6299999999999999,0.122,4.37,0.48799999999999993,0.11167048054919906
SPY,PS,0.2,W,0.5,2024-09-20,2024-09-27,2024-09-24,take,568.25,560.0,0.13030551380122213,0.58,0.122,4.42,0.32799999999999996,0.07420814479638008
SPY,PS,0.2,W,0.5,2024-09-27,2024-10-04,2024-10-04,expiry,571.469970703125,561.0,0.159020346078606,0.6199999999999999,0.061,4.38,0.5589999999999999,0.1276255707762557
SPY,PS,0.2,W,0.5,2024-10-04,2024-10-11,2024-10-09,take,572.97998046875,562.0,0.16543665142567138,0.5299999999999999,0.122,4.47,0.29799999999999993,0.06666666666666665
SPY,PS,0.2,W,0.5,2024-10-11,2024-10-18,2024-10-14,take,579.5800170898438,571.0,0.13722086331615319,0.55,0.122,4.45,0.24800000000000005,0.055730337078651694
SPY,PS,0.2,W,0.5,2024-10-18,2024-10-25,2024-10-25,expiry,584.5900268554688,578.0,0.10468361799074791,0.53,0.061,4.47,0.46900000000000003,0.10492170022371367
SPY,PS,0.2,W,0.5,2024-10-25,2024-11-01,2024-10-29,take,579.0399780273438,568.0,0.1712818532536734,0.6000000000000001,0.122,4.4,0.2280000000000001,0.05181818181818183
SPY,PS,0.2,W,0.5,2024-11-01,2024-11-08,2024-11-05,take,571.0399780273438,556.0,0.24092619278909838,0.7699999999999998,0.122,4.23,0.30799999999999983,0.07281323877068553
SPY,PS,0.2,W,0.5,2024-11-08,2024-11-15,2024-11-13,take,598.1900024414062,590.0,0.12168944877370488,0.5099999999999999,0.122,4.49,0.1879999999999999,0.04187082405345209
SPY,PS,0.2,W,0.5,2024-11-15,2024-11-22,2024-11-19,take,585.75,576.0,0.14622361754631336,0.5900000000000001,0.122,4.41,0.3080000000000001,0.06984126984126986
SPY,PS,0.2,W,0.5,2024-11-22,2024-11-29,2024-11-25,take,595.510009765625,589.0,0.09918515037514583,0.47,0.122,4.53,0.20799999999999996,0.04591611479028696
SPY,PS,0.2,W,0.5,2024-11-29,2024-12-06,2024-12-03,take,602.5499877929688,596.0,0.10332929568001537,0.6000000000000001,0.122,4.4,0.2580000000000001,0.05863636363636366
SPY,PS,0.2,W,0.5,2024-12-06,2024-12-13,2024-12-11,take,607.8099975585938,602.0,0.08756835278576558,0.5,0.122,4.5,0.19799999999999995,0.04399999999999999
SPY,PS,0.2,W,0.5,2024-12-13,2024-12-20,2024-12-20,expiry,604.2100219726562,596.0,0.12275784727063066,0.6,0.071,4.4,-4.3209755859375,-0.9820399058948863
SPY,PS,0.2,W,0.5,2024-12-20,2024-12-27,2024-12-23,take,591.1500244140625,580.0,0.17215976728617527,0.6099999999999999,0.122,4.390000000000001,0.2879999999999999,0.06560364464692481
SPY,PS,0.2,W,0.5,2024-12-27,2025-01-03,2025-01-03,expiry,595.010009765625,586.0,0.1289447943579799,0.5799999999999998,0.061,4.42,0.5189999999999999,0.117420814479638
SPY,PS,0.2,W,0.5,2025-01-03,2025-01-10,2025-01-06,take,591.9500122070312,583.0,0.13557061205637,0.68,0.122,4.32,0.26800000000000007,0.06203703703703705
SPY,PS,0.2,W,0.5,2025-01-10,2025-01-17,2025-01-15,take,580.489990234375,568.0,0.1842810307443024,0.6400000000000001,0.122,4.359999999999999,0.5180000000000002,0.11880733944954136
SPY,PS,0.2,W,0.5,2025-01-17,2025-01-24,2025-01-21,take,597.5800170898438,588.0,0.1389030697048308,0.62,0.122,4.38,0.42800000000000005,0.09771689497716897
SPY,PS,0.2,W,0.5,2025-01-24,2025-01-31,2025-01-31,expiry,607.969970703125,599.0,0.13139603802831795,0.65,0.061,4.35,0.589,0.13540229885057473
SPY,PS,0.2,W,0.5,2025-01-31,2025-02-07,2025-02-05,take,601.8200073242188,591.0,0.1633541558120704,0.6900000000000001,0.122,4.31,0.43800000000000006,0.10162412993039445
SPY,PS,0.2,W,0.5,2025-02-07,2025-02-14,2025-02-10,take,600.77001953125,590.0,0.15391391092795265,0.6299999999999999,0.122,4.37,0.29799999999999993,0.06819221967963385
SPY,PS,0.2,W,0.5,2025-02-14,2025-02-21,2025-02-18,take,609.7000122070312,602.0,0.1090187905386755,0.48,0.122,4.52,0.118,0.026106194690265486
SPY,PS,0.2,W,0.5,2025-02-21,2025-02-28,2025-02-28,expiry,599.9400024414062,588.0,0.1740365969987528,0.6199999999999999,0.061,4.38,0.5589999999999999,0.1276255707762557
SPY,PS,0.2,W,0.5,2025-02-28,2025-03-07,2025-03-07,expiry,594.1799926757812,580.0,0.206506697718446,0.74,0.071,4.26,-3.4110170898437495,-0.8007082370525234
SPY,PS,0.2,W,0.5,2025-03-07,2025-03-14,2025-03-14,expiry,575.9199829101562,560.0,0.2505145177774869,0.8499999999999999,0.061,4.15,0.7889999999999999,0.1901204819277108
SPY,PS,0.2,W,0.5,2025-03-14,2025-03-21,2025-03-17,take,562.8099975585938,547.0,0.25353960442039025,0.8099999999999998,0.122,4.19,0.33799999999999986,0.08066825775656321
SPY,PS,0.2,W,0.5,2025-03-21,2025-03-28,2025-03-24,take,563.97998046875,553.0,0.17878439171417948,0.74,0.122,4.26,0.508,0.11924882629107982
SPY,PS,0.2,W,0.5,2025-03-28,2025-04-04,2025-04-01,take,555.6599731445312,540.0,0.24303807865693583,0.8099999999999998,0.122,4.19,0.3579999999999998,0.08544152744630067
SPY,PS,0.2,W,0.5,2025-04-04,2025-04-11,2025-04-09,take,505.2799987792969,471.0,0.6289812264706391,0.6000000000000005,0.13699999999999993,5.3999999999999995,0.4030000000000005,0.07462962962962974
SPY,PS,0.2,W,0.5,2025-04-11,2025-04-17,2025-04-14,take,533.9400024414062,508.0,0.4771037127727191,0.6799999999999997,0.122,4.32,0.34799999999999975,0.08055555555555549
SPY,PS,0.2,W,0.5,2025-04-17,2025-04-25,2025-04-23,take,526.4099731445312,509.0,0.2734804476130458,0.72,0.122,4.28,0.4679999999999999,0.10934579439252334
SPY,PS,0.2,W,0.5,2025-04-25,2025-05-02,2025-04-29,take,550.6400146484375,535.0,0.25931189466391735,0.75,0.122,4.25,0.278,0.06541176470588236
SPY,PS,0.2,W,0.5,2025-05-02,2025-05-09,2025-05-08,take,566.760009765625,553.0,0.21928506427193334,0.6500000000000001,0.122,4.35,0.41800000000000015,0.09609195402298855
SPY,PS,0.2,W,0.5,2025-05-09,2025-05-16,2025-05-12,take,564.3400268554688,550.0,0.21887536062596014,0.71,0.122,4.29,0.558,0.1300699300699301
SPY,PS,0.2,W,0.5,2025-05-16,2025-05-23,2025-05-23,expiry,594.2000122070312,584.0,0.1502295798085322,0.6499999999999999,0.071,4.35,-4.311014648437499,-0.9910378502155172
SPY,PS,0.2,W,0.5,2025-05-23,2025-05-30,2025-05-27,take,579.1099853515625,565.0,0.2125646606362261,0.69,0.122,4.3100000000000005,0.528,0.12250580046403711
SPY,PS,0.2,W,0.5,2025-05-30,2025-06-06,2025-06-03,take,589.3900146484375,578.0,0.17354431932294662,0.71,0.122,4.29,0.43799999999999994,0.10209790209790208
SPY,PS,0.2,W,0.5,2025-06-06,2025-06-13,2025-06-10,take,599.1400146484375,589.0,0.14548733712390033,0.6000000000000001,0.122,4.4,0.2280000000000001,0.05181818181818183
SPY,PS,0.2,W,0.5,2025-06-13,2025-06-20,2025-06-16,take,597.0,583.0,0.21284818153092233,0.6200000000000001,0.122,4.38,0.3480000000000001,0.07945205479452057
SPY,PS,0.2,W,0.5,2025-06-20,2025-06-27,2025-06-23,take,594.280029296875,582.0,0.1875846188988839,0.5900000000000001,0.122,4.41,0.25800000000000006,0.05850340136054423
SPY,PS,0.2,W,0.5,2025-06-27,2025-07-03,2025-06-30,take,614.9099731445312,607.0,0.12710893372336673,0.61,0.122,4.39,0.238,0.05421412300683372
SPY,PS,0.2,W,0.5,2025-07-03,2025-07-11,2025-07-09,take,625.3400268554688,615.0,0.13428896543354857,0.56,0.122,4.4399999999999995,0.29800000000000004,0.06711711711711714
SPY,PS,0.2,W,0.5,2025-07-11,2025-07-18,2025-07-16,take,623.6199951171875,614.0,0.13434175182192937,0.5900000000000001,0.122,4.41,0.29800000000000004,0.06757369614512472
SPY,PS,0.2,W,0.5,2025-07-18,2025-07-25,2025-07-22,take,627.5800170898438,619.0,0.1168161099549545,0.54,0.122,4.46,0.15800000000000003,0.035426008968609875
SPY,PS,0.2,W,0.5,2025-07-25,2025-08-01,2025-07-30,take,637.0999755859375,627.0,0.13701923210714728,0.5900000000000001,0.122,4.41,0.18800000000000006,0.04263038548752836
SPY,PS,0.2,W,0.5,2025-08-01,2025-08-08,2025-08-04,take,621.719970703125,607.5,0.20265059517994188,0.6799999999999997,0.122,4.32,0.4679999999999997,0.10833333333333325
SPY,PS,0.2,W,0.5,2025-08-08,2025-08-15,2025-08-12,take,637.1799926757812,628.0,0.12435756004242698,0.49,0.122,4.51,0.278,0.06164079822616409
SPY,PS,0.2,W,0.5,2025-08-15,2025-08-22,2025-08-22,expiry,643.4400024414062,634.0,0.1319806528771914,0.5900000000000001,0.061,4.41,0.5290000000000001,0.11995464852607712
SPY,PS,0.2,W,0.5,2025-08-22,2025-08-29,2025-08-28,take,645.3099975585938,637.0,0.11936902265992458,0.6000000000000001,0.122,4.4,0.42800000000000005,0.09727272727272727
SPY,PS,0.2,W,0.5,2025-08-29,2025-09-05,2025-09-04,take,645.0499877929688,636.0,0.12656693982061973,0.6000000000000001,0.122,4.4,0.41800000000000004,0.095
SPY,PS,0.2,W,0.5,2025-09-05,2025-09-12,2025-09-09,take,647.239990234375,638.0,0.12805956300572863,0.5700000000000001,0.122,4.43,0.26800000000000007,0.060496613995485345
SPY,PS,0.2,W,0.5,2025-09-12,2025-09-19,2025-09-17,take,657.4099731445312,647.0,0.14071777047670359,0.51,0.122,4.49,0.15800000000000003,0.03518930957683742
SPY,PS,0.2,W,0.5,2025-09-19,2025-09-26,2025-09-26,expiry,663.7000122070312,655.0,0.11806839249115772,0.48,0.061,4.52,0.419,0.0926991150442478
SPY,PS,0.2,W,0.5,2025-09-26,2025-10-03,2025-09-30,take,661.8200073242188,653.0,0.11933588657864161,0.54,0.122,4.46,0.198,0.04439461883408072
SPY,PS,0.2,W,0.5,2025-10-03,2025-10-10,2025-10-06,take,669.2100219726562,659.0,0.1348326571055546,0.48,0.122,4.52,0.14800000000000002,0.032743362831858414
SPY,PS,0.2,W,0.5,2025-10-10,2025-10-17,2025-10-13,take,653.02001953125,637.0,0.21984476141704773,0.56,0.122,4.4399999999999995,0.29800000000000004,0.06711711711711714
SPY,PS,0.2,W,0.5,2025-10-17,2025-10-24,2025-10-20,take,664.3900146484375,650.0,0.19520700484032721,0.6100000000000001,0.122,4.39,0.32800000000000007,0.07471526195899775
SPY,PS,0.2,W,0.5,2025-10-24,2025-10-31,2025-10-27,take,677.25,665.0,0.16122406566231934,0.5800000000000001,0.122,4.42,0.29800000000000004,0.06742081447963802
SPY,PS,0.2,W,0.5,2025-10-31,2025-11-07,2025-11-07,expiry,682.0599975585938,671.0,0.14875585729950497,0.5899999999999999,0.071,4.41,0.48897070312499985,0.11087771045918364
SPY,PS,0.2,W,0.5,2025-11-07,2025-11-14,2025-11-10,take,670.969970703125,658.0,0.17395317253667142,0.6699999999999999,0.122,4.33,0.42799999999999994,0.09884526558891453
SPY,PS,0.2,W,0.5,2025-11-14,2025-11-21,2025-11-21,expiry,671.9299926757812,657.0,0.20025036538190633,0.6600000000000001,0.061,4.34,0.5990000000000002,0.13801843317972357
SPY,PS,0.2,W,0.5,2025-11-21,2025-11-28,2025-11-24,take,659.030029296875,643.0,0.21486135106835558,0.6499999999999999,0.122,4.35,0.43799999999999983,0.10068965517241377
SPY,PS,0.2,W,0.5,2025-11-28,2025-12-05,2025-12-03,take,683.3900146484375,673.0,0.133436998562511,0.5599999999999999,0.122,4.44,0.2879999999999999,0.06486486486486484
SPY,PS,0.2,W,0.5,2025-12-05,2025-12-12,2025-12-10,take,685.6900024414062,675.0,0.1374821347305894,0.59,0.122,4.41,0.29799999999999993,0.06757369614512469
SPY,PS,0.2,W,0.5,2025-12-12,2025-12-19,2025-12-19,expiry,681.760009765625,669.0,0.1606670930526471,0.6499999999999999,0.061,4.35,0.589,0.13540229885057473
SPY,PS,0.2,W,0.5,2025-12-19,2025-12-26,2025-12-22,take,680.5900268554688,673.0,0.09748301151621466,0.49,0.122,4.51,0.288,0.06385809312638581
SPY,PS,0.2,W,0.5,2025-12-26,2026-01-02,2026-01-02,expiry,690.3099975585938,684.0,0.0855186750953918,0.5,0.071,4.5,-0.40101708984375,-0.08911490885416667
SPY,PS,0.2,W,0.5,2026-01-02,2026-01-09,2026-01-05,take,683.1699829101562,674.0,0.1137754944164377,0.5599999999999999,0.122,4.44,0.22799999999999992,0.05135135135135133
SPY,PS,0.2,W,0.5,2026-01-09,2026-01-16,2026-01-15,take,694.0700073242188,685.0,0.113916269053279,0.5299999999999999,0.122,4.47,0.21799999999999992,0.048769574944071574
SPY,PS,0.2,W,0.5,2026-01-16,2026-01-23,2026-01-22,take,691.6599731445312,683.0,0.1141793932978438,0.56,0.122,4.4399999999999995,0.19800000000000006,0.04459459459459461
SPY,PS,0.2,W,0.5,2026-01-23,2026-01-30,2026-01-26,take,689.22998046875,676.0,0.16731120765089952,0.6000000000000001,0.122,4.4,0.19800000000000012,0.045000000000000026
SPY,PS,0.2,W,0.5,2026-01-30,2026-02-06,2026-02-06,expiry,691.969970703125,678.0,0.17589129186746988,0.5499999999999998,0.061,4.45,0.4889999999999998,0.10988764044943816
SPY,PS,0.2,W,0.5,2026-02-06,2026-02-13,2026-02-09,take,690.6199951171875,677.0,0.17870233669609992,0.6799999999999997,0.122,4.32,0.2579999999999998,0.05972222222222217
SPY,PS,0.2,W,0.5,2026-02-13,2026-02-20,2026-02-18,take,681.75,666.0,0.20482172593277131,0.6499999999999999,0.122,4.35,0.3579999999999999,0.08229885057471262
SPY,PS,0.2,W,0.5,2026-02-20,2026-02-27,2026-02-25,take,689.4299926757812,674.0,0.19495696128921602,0.5599999999999998,0.122,4.44,0.2879999999999998,0.06486486486486481
SPY,PS,0.2,W,0.5,2026-02-27,2026-03-06,2026-03-06,expiry,685.989990234375,670.0,0.20650401703550936,0.6199999999999999,0.061,4.38,0.5589999999999999,0.1276255707762557
SPY,PS,0.2,W,0.5,2026-03-06,2026-03-13,2026-03-09,take,672.3800048828125,648.0,0.32589533303424256,0.69,0.122,4.3100000000000005,0.2679999999999999,0.06218097447795821
SPY,PS,0.2,W,0.5,2026-03-13,2026-03-20,2026-03-16,take,662.2899780273438,639.0,0.31060190814916067,0.7699999999999996,0.122,4.23,0.4079999999999996,0.09645390070921975
SPY,PS,0.2,W,0.5,2026-03-20,2026-03-27,2026-03-23,take,648.5700073242188,629.0,0.2639470748920917,0.7000000000000002,0.122,4.3,0.2280000000000003,0.05302325581395356
SPY,PS,0.2,W,0.5,2026-03-27,2026-04-02,2026-03-31,take,634.0900268554688,615.0,0.2943832448216279,0.7999999999999998,0.122,4.2,0.6579999999999999,0.15666666666666665
SPY,PS,0.2,W,0.5,2026-04-02,2026-04-10,2026-04-08,take,655.8300170898438,637.0,0.2366969134892819,0.6600000000000001,0.122,4.34,0.5380000000000003,0.12396313364055306
SPY,PS,0.2,W,0.5,2026-04-10,2026-04-17,2026-04-13,take,679.4600219726562,666.0,0.1737066492691502,0.6200000000000001,0.122,4.38,0.2480000000000001,0.056621004566210074
SPY,PS,0.2,W,0.5,2026-04-17,2026-04-24,2026-04-22,take,710.1400146484375,698.0,0.14692523648511413,0.5700000000000001,0.122,4.43,0.19800000000000006,0.044695259593679475
SPY,PS,0.2,W,0.5,2026-04-24,2026-05-01,2026-04-30,take,713.9400024414062,699.0,0.1832989335810261,0.6599999999999999,0.122,4.34,0.518,0.11935483870967743
SPY,PS,0.2,W,0.5,2026-05-01,2026-05-08,2026-05-05,take,720.6500244140625,709.0,0.14726876493704882,0.6499999999999999,0.122,4.35,0.3079999999999999,0.0708045977011494
SPY,PS,0.2,W,0.5,2026-05-08,2026-05-15,2026-05-13,take,737.6199951171875,726.0,0.13997457049857837,0.5899999999999999,0.122,4.41,0.3579999999999999,0.08117913832199543
SPY,PS,0.2,W,0.5,2026-05-15,2026-05-22,2026-05-20,take,739.1699829101562,724.0,0.17973799051314976,0.6100000000000001,0.122,4.39,0.28800000000000014,0.06560364464692486
SPY,PS,0.2,W,0.5,2026-05-22,2026-05-29,2026-05-26,take,745.6400146484375,734.0,0.13795019761768584,0.53,0.122,4.47,0.22800000000000004,0.051006711409395986
SPY,PS,0.2,W,0.5,2026-05-29,2026-06-05,2026-06-02,take,756.47998046875,746.0,0.12338770668349736,0.54,0.122,4.46,0.21800000000000003,0.04887892376681615
SPY,PS,0.2,W,0.5,2026-06-05,2026-06-12,2026-06-08,take,737.5499877929688,716.0,0.25794058584054125,0.6499999999999999,0.122,4.35,0.3779999999999999,0.08689655172413792
SPY,PS,0.2,W,0.5,2026-06-12,2026-06-18,2026-06-15,take,741.75,727.0,0.1876930890958966,0.6799999999999999,0.122,4.32,0.4679999999999999,0.10833333333333331
SPY,PS,0.2,W,0.5,2026-06-18,2026-06-26,2026-06-26,expiry,746.739990234375,734.0,0.1415278132561441,0.56,0.071,4.4399999999999995,-4.510999999999999,-1.015990990990991
SPY,PS,0.2,W,0.5,2026-06-26,2026-07-02,2026-06-29,take,728.989990234375,717.0,0.15479249303121773,0.5699999999999998,0.122,4.43,0.32799999999999985,0.07404063205417605
SPY,PS,0.2,W,0.5,2026-07-02,2026-07-10,2026-07-06,take,744.780029296875,733.0,0.1282473208866386,0.51,0.122,4.49,0.278,0.061915367483296214
SPY,PS,0.2,W,0.5,2026-07-10,2026-07-17,2026-07-15,take,754.9500122070312,746.0,0.10912752722932734,0.56,0.122,4.4399999999999995,0.17800000000000005,0.040090090090090104
SPY,PS,0.2,W,0.5,2026-07-17,2026-07-24,2026-07-21,take,743.2899780273438,728.0,0.17786190162386806,0.6099999999999999,0.122,4.390000000000001,0.34799999999999986,0.07927107061503413
SPY,PS,0.2,W,0.5,2026-07-24,2026-07-31,2026-07-30,take,738.9299926757812,723.0,0.19032049257667838,0.6499999999999999,0.122,4.35,0.508,0.11678160919540231
SPY,PS,0.2,W,0.5,2026-07-31,2026-08-07,2026-08-03,take,747.030029296875,736.0,0.13412720402302097,0.5799999999999998,0.122,4.42,0.33799999999999986,0.07647058823529408
SPY,PS,0.2,W,0.5,2026-08-07,2026-08-14,2026-08-12,take,773.260009765625,763.0,0.11830988663651665,0.62,0.122,4.38,0.298,0.06803652968036529
SPY,PS,0.2,W,0.5,2026-08-14,2026-08-21,2026-08-21,expiry,776.3400268554688,768.0,0.09793363181854967,0.57,0.071,4.43,-1.7810292968750001,-0.4020382159988714
SPY,PS,0.2,W,0.5,2026-08-21,2026-08-28,2026-08-26,take,765.719970703125,755.0,0.1261835709141928,0.6100000000000001,0.122,4.39,0.21800000000000008,0.04965831435079729
SPY,PS,0.2,W,0.5,2026-08-28,2026-09-04,2026-09-03,take,769.3499755859375,760.0,0.10819321288794209,0.5800000000000001,0.122,4.42,0.41800000000000004,0.09457013574660635
SPY,PS,0.2,W,0.5,2026-09-04,2026-09-11,2026-09-11,expiry,770.1900024414062,761.0,0.11057677282621553,0.59,0.061,4.41,0.5289999999999999,0.11995464852607707
SPY,PS,0.2,W,0.5,2026-09-11,2026-09-18,2026-09-17,take,764.2899780273438,751.0,0.15805616086938323,0.6599999999999999,0.122,4.34,0.35799999999999993,0.0824884792626728
SPY,PS,0.2,W,0.5,2026-09-18,2026-09-25,2026-09-21,take,761.6900024414062,752.0,0.11188140885082984,0.4800000000000001,0.122,4.52,0.27800000000000014,0.0615044247787611
SPY,PS,0.2,W,0.5,2026-09-25,2026-10-02,2026-09-28,expiry,771.3499755859375,760.0,0.1265039237878232,0.59,0.061,4.41,0.5289999999999999,0.11995464852607707
SPY,PS,0.2,M,0.0,2024-03-15,2024-04-19,2024-04-19,expiry,509.8299865722656,493.0,0.14256241067332326,0.6399999999999999,0.061,4.36,0.579,0.13279816513761467
SPY,PS,0.2,M,0.0,2024-04-19,2024-05-17,2024-05-17,expiry,495.1600036621094,475.0,0.19047413836323746,0.6300000000000003,0.061,4.369999999999999,0.5690000000000004,0.1302059496567507
SPY,PS,0.2,M,0.0,2024-05-17,2024-06-21,2024-06-21,expiry,529.4500122070312,515.0,0.1213538166423061,0.6200000000000001,0.061,4.38,0.5590000000000002,0.12762557077625575
SPY,PS,0.2,M,0.0,2024-06-21,2024-07-19,2024-07-19,expiry,544.510009765625,531.0,0.12313193175721793,0.6000000000000001,0.061,4.4,0.5390000000000001,0.12250000000000003
SPY,PS,0.2,M,0.0,2024-07-19,2024-08-16,2024-08-16,expiry,548.989990234375,530.0,0.16484994699190741,0.6000000000000001,0.061,4.4,0.5390000000000001,0.12250000000000003
SPY,PS,0.2,M,0.0,2024-08-16,2024-09-20,2024-09-20,expiry,554.3099975585938,534.0,0.15634925500022134,0.6099999999999999,0.061,4.390000000000001,0.5489999999999999,0.12505694760820044
SPY,PS,0.2,M,0.0,2024-09-20,2024-10-18,2024-10-18,expiry,568.25,549.0,0.1590307333908632,0.5299999999999998,0.061,4.470000000000001,0.4689999999999998,0.10492170022371358
SPY,PS,0.2,M,0.0,2024-10-18,2024-11-15,2024-11-15,expiry,584.5900268554688,563.0,0.17747886766212267,0.5800000000000001,0.061,4.42,0.5190000000000001,0.11742081447963804
SPY,PS,0.2,M,0.0,2024-11-15,2024-12-20,2024-12-20,expiry,585.75,563.0,0.16586234874207417,0.54,0.061,4.46,0.47900000000000004,0.10739910313901346
SPY,PS,0.2,M,0.0,2024-12-20,2025-01-17,2025-01-17,expiry,591.1500244140625,569.0,0.17770621997919178,0.5699999999999998,0.061,4.43,0.5089999999999999,0.1148984198645598
SPY,PS,0.2,M,0.0,2025-01-17,2025-02-21,2025-02-21,expiry,597.5800170898438,576.0,0.15612659662181744,0.6099999999999999,0.061,4.390000000000001,0.5489999999999999,0.12505694760820044
SPY,PS,0.2,M,0.0,2025-02-21,2025-03-21,2025-03-21,expiry,599.9400024414062,576.0,0.18847144213485412,0.6400000000000001,0.071,4.359999999999999,-4.430999999999999,-1.0162844036697247
SPY,PS,0.2,M,0.0,2025-03-21,2025-04-17,2025-04-17,expiry,563.97998046875,541.0,0.19827582318048959,0.69,0.071,4.3100000000000005,-4.381,-1.0164733178654293
SPY,PS,0.2,M,0.0,2025-04-17,2025-05-16,2025-05-16,expiry,526.4099731445312,491.0,0.32121899320936076,1.0899999999999999,0.07599999999999993,3.91,1.014,0.25933503836317134
SPY,PS,0.2,M,0.0,2025-05-16,2025-06-20,2025-06-20,expiry,594.2000122070312,569.0,0.1859220749832693,0.5999999999999996,0.061,4.4,0.5389999999999997,0.12249999999999993
SPY,PS,0.2,M,0.0,2025-06-20,2025-07-18,2025-07-18,expiry,594.280029296875,568.0,0.21300855986799266,0.41000000000000014,0.061,4.59,0.34900000000000014,0.0760348583877996
SPY,PS,0.2,M,0.0,2025-07-18,2025-08-15,2025-08-15,expiry,627.5800170898438,605.0,0.1684011849999233,0.6000000000000001,0.061,4.4,0.5390000000000001,0.12250000000000003
SPY,PS,0.2,M,0.0,2025-08-15,2025-09-19,2025-09-19,expiry,643.4400024414062,619.0,0.1635172772285648,0.5899999999999999,0.061,4.41,0.5289999999999999,0.11995464852607707
SPY,PS,0.2,M,0.0,2025-09-19,2025-10-17,2025-10-17,expiry,663.7000122070312,642.0,0.15698623070823264,0.56,0.061,4.4399999999999995,0.49900000000000005,0.11238738738738742
SPY,PS,0.2,M,0.0,2025-10-17,2025-11-21,2025-11-21,expiry,664.3900146484375,631.0,0.22115505144804548,0.8600000000000003,0.07599999999999993,4.14,0.7840000000000004,0.1893719806763286
SPY,PS,0.2,M,0.0,2025-11-21,2025-12-19,2025-12-19,expiry,659.030029296875,626.0,0.2400315189529929,0.1999999999999993,0.07599999999999993,4.800000000000001,0.12399999999999936,0.025833333333333198
SPY,PS,0.2,M,0.0,2025-12-19,2026-01-16,2026-01-16,expiry,680.5900268554688,659.0,0.15218002687266247,0.5999999999999996,0.061,4.4,0.5389999999999997,0.12249999999999993
SPY,PS,0.2,M,0.0,2026-01-16,2026-02-20,2026-02-20,expiry,691.6599731445312,665.0,0.16742541834361918,0.6299999999999999,0.061,4.37,0.569,0.13020594965675056
SPY,PS,0.2,M,0.0,2026-02-20,2026-03-20,2026-03-20,expiry,689.4299926757812,658.0,0.21740948129978616,0.79,0.071,4.21,-4.281,-1.0168646080760095
SPY,PS,0.2,M,0.0,2026-03-20,2026-04-17,2026-04-17,expiry,648.5700073242188,610.0,0.27932865143832897,0.7000000000000002,0.07599999999999993,4.3,0.6240000000000002,0.1451162790697675
SPY,PS,0.2,M,0.0,2026-04-17,2026-05-15,2026-05-15,expiry,710.1400146484375,683.0,0.17721741864303675,0.5300000000000002,0.061,4.47,0.46900000000000025,0.10492170022371371
SPY,PS,0.2,M,0.0,2026-05-15,2026-06-18,2026-06-18,expiry,739.1699829101562,705.0,0.20308205249770117,0.79,0.07599999999999993,4.21,0.7140000000000001,0.16959619952494065
SPY,PS,0.2,M,0.0,2026-06-18,2026-07-17,2026-07-17,expiry,746.739990234375,720.0,0.16661741235727962,0.6000000000000001,0.061,4.4,0.5390000000000001,0.12250000000000003
SPY,PS,0.2,M,0.0,2026-07-17,2026-08-21,2026-08-21,expiry,743.2899780273438,708.0,0.20086064133205,0.5800000000000001,0.07599999999999993,4.42,0.5040000000000001,0.114027149321267
SPY,PS,0.2,M,0.0,2026-08-21,2026-09-18,2026-09-18,expiry,765.719970703125,740.0,0.15938585517677745,0.6099999999999999,0.061,4.390000000000001,0.5489999999999999,0.12505694760820044
SPY,PS,0.2,M,0.0,2026-09-18,2026-10-16,2026-09-28,expiry,761.6900024414062,738.0,0.1468954705455034,0.41000000000000014,0.061,4.59,0.34900000000000014,0.0760348583877996
SPY,PS,0.2,M,0.5,2024-03-15,2024-04-19,2024-03-19,take,509.8299865722656,493.0,0.14256241067332326,0.6399999999999999,0.122,4.36,0.21800000000000008,0.05000000000000002
SPY,PS,0.2,M,0.5,2024-04-19,2024-05-17,2024-04-23,take,495.1600036621094,475.0,0.19047413836323746,0.6300000000000003,0.122,4.369999999999999,0.2980000000000004,0.06819221967963396
SPY,PS,0.2,M,0.5,2024-05-17,2024-06-21,2024-06-05,take,529.4500122070312,515.0,0.1213538166423061,0.6200000000000001,0.122,4.38,0.21800000000000008,0.04977168949771692
SPY,PS,0.2,M,0.5,2024-06-21,2024-07-19,2024-07-02,take,544.510009765625,531.0,0.12313193175721793,0.6000000000000001,0.122,4.4,0.25800000000000006,0.058636363636363646
SPY,PS,0.2,M,0.5,2024-07-19,2024-08-16,2024-08-14,take,548.989990234375,530.0,0.16484994699190741,0.6000000000000001,0.122,4.4,0.3780000000000001,0.08590909090909093
SPY,PS,0.2,M,0.5,2024-08-16,2024-09-20,2024-08-30,take,554.3099975585938,534.0,0.15634925500022134,0.6099999999999999,0.122,4.390000000000001,0.2979999999999998,0.067881548974943
SPY,PS,0.2,M,0.5,2024-09-20,2024-10-18,2024-10-08,take,568.25,549.0,0.1590307333908632,0.5299999999999998,0.122,4.470000000000001,0.16799999999999982,0.03758389261744962
SPY,PS,0.2,M,0.5,2024-10-18,2024-11-15,2024-11-06,take,584.5900268554688,563.0,0.17747886766212267,0.5800000000000001,0.122,4.42,0.338,0.07647058823529412
SPY,PS,0.2,M,0.5,2024-11-15,2024-12-20,2024-11-26,take,585.75,563.0,0.16586234874207417,0.54,0.122,4.46,0.2580000000000001,0.05784753363228702
SPY,PS,0.2,M,0.5,2024-12-20,2025-01-17,2024-12-24,take,591.1500244140625,569.0,0.17770621997919178,0.5699999999999998,0.122,4.43,0.2579999999999998,0.05823927765237016
SPY,PS,0.2,M,0.5,2025-01-17,2025-02-21,2025-01-21,take,597.5800170898438,576.0,0.15612659662181744,0.6099999999999999,0.122,4.390000000000001,0.21800000000000008,0.04965831435079728
SPY,PS,0.2,M,0.5,2025-02-21,2025-03-21,2025-03-21,expiry,599.9400024414062,576.0,0.18847144213485412,0.6400000000000001,0.071,4.359999999999999,-4.430999999999999,-1.0162844036697247
SPY,PS,0.2,M,0.5,2025-03-21,2025-04-17,2025-03-25,take,563.97998046875,541.0,0.19827582318048959,0.69,0.122,4.3100000000000005,0.2579999999999999,0.05986078886310902
SPY,PS,0.2,M,0.5,2025-04-17,2025-05-16,2025-04-24,take,526.4099731445312,491.0,0.32121899320936076,1.0899999999999999,0.13699999999999993,3.91,0.9530000000000001,0.24373401534526856
SPY,PS,0.2,M,0.5,2025-05-16,2025-06-20,2025-06-04,take,594.2000122070312,569.0,0.1859220749832693,0.5999999999999996,0.122,4.4,0.19799999999999984,0.044999999999999964
SPY,PS,0.2,M,0.5,2025-06-20,2025-07-18,2025-06-25,take,594.280029296875,568.0,0.21300855986799266,0.41000000000000014,0.122,4.59,0.14800000000000024,0.032244008714597004
SPY,PS,0.2,M,0.5,2025-07-18,2025-08-15,2025-07-25,take,627.5800170898438,605.0,0.1684011849999233,0.6000000000000001,0.122,4.4,0.2280000000000002,0.05181818181818186
SPY,PS,0.2,M,0.5,2025-08-15,2025-09-19,2025-09-04,take,643.4400024414062,619.0,0.1635172772285648,0.5899999999999999,0.122,4.41,0.18799999999999994,0.04263038548752833
SPY,PS,0.2,M,0.5,2025-09-19,2025-10-17,2025-10-02,take,663.7000122070312,642.0,0.15698623070823264,0.56,0.122,4.4399999999999995,0.18800000000000006,0.04234234234234236
SPY,PS,0.2,M,0.5,2025-10-17,2025-11-21,2025-10-20,take,664.3900146484375,631.0,0.22115505144804548,0.8600000000000003,0.13699999999999993,4.14,0.343,0.08285024154589374
SPY,PS,0.2,M,0.5,2025-11-21,2025-12-19,2025-11-28,take,659.030029296875,626.0,0.2400315189529929,0.1999999999999993,0.13699999999999993,4.800000000000001,0.06299999999999936,0.013124999999999866
SPY,PS,0.2,M,0.5,2025-12-19,2026-01-16,2025-12-24,take,680.5900268554688,659.0,0.15218002687266247,0.5999999999999996,0.122,4.4,0.19799999999999984,0.044999999999999964
SPY,PS,0.2,M,0.5,2026-01-16,2026-02-20,2026-02-09,take,691.6599731445312,665.0,0.16742541834361918,0.6299999999999999,0.122,4.37,0.22799999999999987,0.05217391304347823
SPY,PS,0.2,M,0.5,2026-02-20,2026-03-20,2026-03-20,expiry,689.4299926757812,658.0,0.21740948129978616,0.79,0.071,4.21,-4.281,-1.0168646080760095
SPY,PS,0.2,M,0.5,2026-03-20,2026-04-17,2026-04-01,take,648.5700073242188,610.0,0.27932865143832897,0.7000000000000002,0.13699999999999993,4.3,0.2530000000000004,0.05883720930232567
SPY,PS,0.2,M,0.5,2026-04-17,2026-05-15,2026-04-30,take,710.1400146484375,683.0,0.17721741864303675,0.5300000000000002,0.122,4.47,0.23800000000000032,0.05324384787472043
SPY,PS,0.2,M,0.5,2026-05-15,2026-06-18,2026-05-22,take,739.1699829101562,705.0,0.20308205249770117,0.79,0.13699999999999993,4.21,0.283,0.0672209026128266
SPY,PS,0.2,M,0.5,2026-06-18,2026-07-17,2026-07-06,take,746.739990234375,720.0,0.16661741235727962,0.6000000000000001,0.122,4.4,0.33800000000000013,0.07681818181818184
SPY,PS,0.2,M,0.5,2026-07-17,2026-08-21,2026-07-22,take,743.2899780273438,708.0,0.20086064133205,0.5800000000000001,0.13699999999999993,4.42,0.1530000000000001,0.03461538461538464
SPY,PS,0.2,M,0.5,2026-08-21,2026-09-18,2026-09-03,take,765.719970703125,740.0,0.15938585517677745,0.6099999999999999,0.122,4.390000000000001,0.2879999999999999,0.06560364464692481
SPY,PS,0.2,M,0.5,2026-09-18,2026-10-16,2026-09-28,expiry,761.6900024414062,738.0,0.1468954705455034,0.41000000000000014,0.061,4.59,0.34900000000000014,0.0760348583877996
SPY,PS,0.3,W,0.0,2024-02-23,2024-03-01,2024-03-01,expiry,507.8500061035156,504.0,0.10281253177029193,0.79,0.061,4.21,0.7290000000000001,0.17315914489311166
SPY,PS,0.3,W,0.0,2024-03-01,2024-03-08,2024-03-08,expiry,512.8499755859375,509.0,0.10508572062901711,0.8599999999999999,0.061,4.140000000000001,0.7989999999999999,0.19299516908212555
SPY,PS,0.3,W,0.0,2024-03-08,2024-03-15,2024-03-15,expiry,511.7200012207031,507.0,0.1409615859232175,0.96,0.061,4.04,0.899,0.22252475247524753
SPY,PS,0.3,W,0.0,2024-03-15,2024-03-22,2024-03-22,expiry,509.8299865722656,505.0,0.13604941892281314,0.9900000000000001,0.061,4.01,0.929,0.2316708229426434
SPY,PS,0.3,W,0.0,2024-03-22,2024-03-28,2024-03-28,expiry,521.2100219726562,518.0,0.09338106567567209,0.7699999999999999,0.061,4.23,0.7089999999999999,0.16761229314420797
SPY,PS,0.3,W,0.0,2024-03-28,2024-04-05,2024-04-05,expiry,523.0700073242188,520.0,0.08925806011353482,0.8599999999999999,0.071,4.140000000000001,-0.7810073242187501,-0.18864911213013286
SPY,PS,0.3,W,0.0,2024-04-05,2024-04-12,2024-04-12,expiry,518.4299926757812,513.0,0.1497006211529388,0.94,0.071,4.0600000000000005,-1.280993896484375,-0.3155157380503386
SPY,PS,0.3,W,0.0,2024-04-12,2024-04-19,2024-04-19,expiry,510.8500061035156,505.0,0.16419619180484873,0.99,0.071,4.01,-4.0809999999999995,-1.0177057356608479
SPY,PS,0.3,W,0.0,2024-04-19,2024-04-26,2024-04-26,expiry,495.1600036621094,489.0,0.16817789034492442,0.99,0.061,4.01,0.929,0.2316708229426434
SPY,PS,0.3,W,0.0,2024-04-26,2024-05-03,2024-05-03,expiry,508.260009765625,503.0,0.14369513265291162,0.95,0.061,4.05,0.889,0.2195061728395062
SPY,PS,0.3,W,0.0,2024-05-03,2024-05-10,2024-05-10,expiry,511.2900085449219,508.0,0.09746360561388556,0.8400000000000001,0.061,4.16,0.7790000000000001,0.1872596153846154
SPY,PS,0.3,W,0.0,2024-05-10,2024-05-17,2024-05-17,expiry,520.8400268554688,517.0,0.1135980226332533,0.9799999999999999,0.061,4.0200000000000005,0.9189999999999998,0.2286069651741293
SPY,PS,0.3,W,0.0,2024-05-17,2024-05-24,2024-05-24,expiry,529.4500122070312,526.0,0.09144409747534443,0.8200000000000001,0.061,4.18,0.7590000000000001,0.1815789473684211
SPY,PS,0.3,W,0.0,2024-05-24,2024-05-31,2024-05-31,expiry,529.4400024414062,527.0,0.07621070368686769,0.7499999999999999,0.061,4.25,0.6889999999999998,0.16211764705882348
SPY,PS,0.3,W,0.0,2024-05-31,2024-06-07,2024-06-07,expiry,527.3699951171875,524.0,0.10128822935830548,0.92,0.061,4.08,0.859,0.2105392156862745
SPY,PS,0.3,W,0.0,2024-06-07,2024-06-14,2024-06-14,expiry,534.010009765625,529.0,0.1290143259947587,1.04,0.061,3.96,0.9790000000000001,0.24722222222222226
SPY,PS,0.3,W,0.0,2024-06-14,2024-06-21,2024-06-21,expiry,542.780029296875,539.0,0.11140844810286629,0.99,0.061,4.01,0.929,0.2316708229426434
SPY,PS,0.3,W,0.0,2024-06-21,2024-06-28,2024-06-28,expiry,544.510009765625,541.0,0.09722281218622544,0.87,0.061,4.13,0.8089999999999999,0.19588377723970943
SPY,PS,0.3,W,0.0,2024-06-28,2024-07-05,2024-07-05,expiry,544.219970703125,541.0,0.08421168897447631,0.72,0.061,4.28,0.659,0.15397196261682242
SPY,PS,0.3,W,0.0,2024-07-05,2024-07-12,2024-07-12,expiry,554.6400146484375,551.0,0.09659168990928232,0.86,0.061,4.14,0.7989999999999999,0.1929951690821256
SPY,PS,0.3,W,0.0,2024-07-12,2024-07-19,2024-07-19,expiry,559.989990234375,557.0,0.09199335010068976,0.9600000000000001,0.071,4.04,-4.111,-1.0175742574257425
SPY,PS,0.3,W,0.0,2024-07-19,2024-07-26,2024-07-26,expiry,548.989990234375,544.0,0.13728035677642247,1.0399999999999998,0.061,3.96,0.9789999999999999,0.2472222222222222
SPY,PS,0.3,W,0.0,2024-07-26,2024-08-02,2024-08-02,expiry,544.4400024414062,538.0,0.16849915709925373,1.0400000000000003,0.071,3.96,-4.031,-1.017929292929293
SPY,PS,0.3,W,0.0,2024-08-02,2024-08-09,2024-08-09,expiry,532.9000244140625,525.0,0.2236707091198024,1.25,0.061,3.75,1.189,0.31706666666666666
SPY,PS,0.3,W,0.0,2024-08-09,2024-08-16,2024-08-16,expiry,532.989990234375,526.0,0.20101347712580214,1.05,0.061,3.95,0.9890000000000001,0.25037974683544306
SPY,PS,0.3,W,0.0,2024-08-16,2024-08-23,2024-08-23,expiry,554.3099975585938,550.0,0.11479330670426166,0.88,0.061,4.12,0.819,0.19878640776699028
SPY,PS,0.3,W,0.0,2024-08-23,2024-08-30,2024-08-30,expiry,562.1300048828125,557.0,0.12880141061240358,0.9799999999999999,0.061,4.0200000000000005,0.9189999999999998,0.2286069651741293
SPY,PS,0.3,W,0.0,2024-08-30,2024-09-06,2024-09-06,expiry,563.6799926757812,559.0,0.12315651156602342,1.0299999999999998,0.071,3.97,-4.041,-1.0178841309823679
SPY,PS,0.3,W,0.0,2024-09-06,2024-09-13,2024-09-13,expiry,540.3599853515625,532.0,0.21580529622563538,1.1600000000000001,0.061,3.84,1.0990000000000002,0.2861979166666667
SPY,PS,0.3,W,0.0,2024-09-13,2024-09-20,2024-09-20,expiry,562.010009765625,555.0,0.17105176418902718,1.0100000000000002,0.061,3.9899999999999998,0.9490000000000003,0.23784461152882214
SPY,PS,0.3,W,0.0,2024-09-20,2024-09-27,2024-09-27,expiry,568.25,564.0,0.12201658804297769,0.98,0.061,4.02,0.919,0.2286069651741294
SPY,PS,0.3,W,0.0,2024-09-27,2024-10-04,2024-10-04,expiry,571.469970703125,566.0,0.1492898720106296,1.0300000000000002,0.061,3.9699999999999998,0.9690000000000003,0.24408060453400512
SPY,PS,0.3,W,0.0,2024-10-04,2024-10-11,2024-10-11,expiry,572.97998046875,567.0,0.15133083579596013,0.8899999999999999,0.061,4.11,0.829,0.20170316301703162
SPY,PS,0.3,W,0.0,2024-10-11,2024-10-18,2024-10-18,expiry,579.5800170898438,575.0,0.12642779894416317,0.8999999999999999,0.061,4.1,0.839,0.20463414634146343
SPY,PS,0.3,W,0.0,2024-10-18,2024-10-25,2024-10-25,expiry,584.5900268554688,581.0,0.09787049633607889,0.8700000000000001,0.071,4.13,-1.1610219726562498,-0.2811191217085351
SPY,PS,0.3,W,0.0,2024-10-25,2024-11-01,2024-11-01,expiry,579.0399780273438,573.0,0.1612618391717096,1.0399999999999998,0.071,3.96,-0.9910219726562501,-0.25025807390309346
SPY,PS,0.3,W,0.0,2024-11-01,2024-11-08,2024-11-08,expiry,571.0399780273438,562.0,0.23221027709132852,1.1599999999999997,0.061,3.8400000000000003,1.0989999999999998,0.2861979166666666
SPY,PS,0.3,W,0.0,2024-11-08,2024-11-15,2024-11-15,expiry,598.1900024414062,594.0,0.11244562842118361,0.8899999999999999,0.071,4.11,-4.181,-1.0172749391727494
SPY,PS,0.3,W,0.0,2024-11-15,2024-11-22,2024-11-22,expiry,585.75,580.0,0.139375263832051,0.9500000000000002,0.061,4.05,0.8890000000000002,0.21950617283950624
SPY,PS,0.3,W,0.0,2024-11-22,2024-11-29,2024-11-29,expiry,595.510009765625,592.0,0.09090170440931031,0.78,0.061,4.22,0.7190000000000001,0.17037914691943132
SPY,PS,0.3,W,0.0,2024-11-29,2024-12-06,2024-12-06,expiry,602.5499877929688,599.0,0.09795280738551579,0.95,0.061,4.05,0.889,0.2195061728395062
SPY,PS,0.3,W,0.0,2024-12-06,2024-12-13,2024-12-13,expiry,607.8099975585938,605.0,0.08152288669439778,0.89,0.071,4.11,0.029021972656250013,0.007061307215632606
SPY,PS,0.3,W,0.0,2024-12-13,2024-12-20,2024-12-20,expiry,604.2100219726562,599.0,0.11881080404553268,0.9400000000000001,0.071,4.06,-4.130999999999999,-1.017487684729064
SPY,PS,0.3,W,0.0,2024-12-20,2024-12-27,2024-12-27,expiry,591.1500244140625,585.0,0.15510496356078018,0.8399999999999999,0.061,4.16,0.7789999999999999,0.18725961538461536
SPY,PS,0.3,W,0.0,2024-12-27,2025-01-03,2025-01-03,expiry,595.010009765625,590.0,0.12199889256475072,0.94,0.061,4.0600000000000005,0.879,0.21650246305418716
SPY,PS,0.3,W,0.0,2025-01-03,2025-01-10,2025-01-10,expiry,591.9500122070312,587.0,0.12951333608469645,1.08,0.071,3.92,-3.9909999999999997,-1.0181122448979592
SPY,PS,0.3,W,0.0,2025-01-10,2025-01-17,2025-01-17,expiry,580.489990234375,573.0,0.18074694986450268,1.15,0.061,3.85,1.089,0.28285714285714286
SPY,PS,0.3,W,0.0,2025-01-17,2025-01-24,2025-01-24,expiry,597.5800170898438,592.0,0.1318303045817824,0.9499999999999997,0.061,4.050000000000001,0.8889999999999998,0.21950617283950608
SPY,PS,0.3,W,0.0,2025-01-24,2025-01-31,2025-01-31,expiry,607.969970703125,603.0,0.12606489115930053,1.0599999999999998,0.071,3.9400000000000004,-0.19099267578125018,-0.04847529842163709
SPY,PS,0.3,W,0.0,2025-01-31,2025-02-07,2025-02-07,expiry,601.8200073242188,595.0,0.15900363746400709,1.09,0.061,3.91,1.0290000000000001,0.2631713554987212
SPY,PS,0.3,W,0.0,2025-02-07,2025-02-14,2025-02-14,expiry,600.77001953125,595.0,0.14498835377428887,1.02,0.061,3.98,0.9590000000000001,0.24095477386934674
SPY,PS,0.3,W,0.0,2025-02-14,2025-02-21,2025-02-21,expiry,609.7000122070312,606.0,0.09841077007786853,0.85,0.071,4.15,-4.221,-1.0171084337349396
SPY,PS,0.3,W,0.0,2025-02-21,2025-02-28,2025-02-28,expiry,599.9400024414062,593.0,0.16141387053725142,0.9100000000000001,0.061,4.09,0.8490000000000002,0.20757946210268954
SPY,PS,0.3,W,0.0,2025-02-28,2025-03-07,2025-03-07,expiry,594.1799926757812,586.0,0.19801992422007691,1.1800000000000002,0.071,3.82,-3.8909999999999996,-1.0185863874345549
SPY,PS,0.3,W,0.0,2025-03-07,2025-03-14,2025-03-14,expiry,575.9199829101562,566.0,0.24558240015436195,1.27,0.071,3.73,-1.99100244140625,-0.5337808153904156
SPY,PS,0.3,W,0.0,2025-03-14,2025-03-21,2025-03-21,expiry,562.8099975585938,553.0,0.25148259615944024,1.31,0.061,3.69,1.249,0.3384823848238483
SPY,PS,0.3,W,0.0,2025-03-21,2025-03-28,2025-03-28,expiry,563.97998046875,557.0,0.17306310287048593,1.0599999999999998,0.071,3.9400000000000004,-0.3510268554687502,-0.08909311052506348
SPY,PS,0.3,W,0.0,2025-03-28,2025-04-04,2025-04-04,expiry,555.6599731445312,547.0,0.23857733076250637,1.33,0.071,3.67,-3.7409999999999997,-1.0193460490463215
SPY,PS,0.3,W,0.0,2025-04-04,2025-04-11,2025-04-11,expiry,505.2799987792969,486.0,0.5795316542179505,1.2199999999999998,0.09099999999999986,3.7800000000000002,1.129,0.29867724867724865
SPY,PS,0.3,W,0.0,2025-04-11,2025-04-17,2025-04-17,expiry,533.9400024414062,519.0,0.4394646772761833,1.0700000000000003,0.07599999999999993,3.9299999999999997,0.9940000000000003,0.2529262086513996
SPY,PS,0.3,W,0.0,2025-04-17,2025-04-25,2025-04-25,expiry,526.4099731445312,516.0,0.26516530014390516,1.1099999999999999,0.061,3.89,1.049,0.2696658097686375
SPY,PS,0.3,W,0.0,2025-04-25,2025-05-02,2025-05-02,expiry,550.6400146484375,541.0,0.24613836195815436,1.0499999999999998,0.061,3.95,0.9889999999999999,0.250379746835443
SPY,PS,0.3,W,0.0,2025-05-02,2025-05-09,2025-05-09,expiry,566.760009765625,559.0,0.20531142805429908,1.08,0.061,3.92,1.0190000000000001,0.25994897959183677
SPY,PS,0.3,W,0.0,2025-05-09,2025-05-16,2025-05-16,expiry,564.3400268554688,556.0,0.21159375760327875,1.1400000000000001,0.061,3.86,1.0790000000000002,0.2795336787564767
SPY,PS,0.3,W,0.0,2025-05-16,2025-05-23,2025-05-23,expiry,594.2000122070312,588.0,0.1427789706303777,0.9500000000000002,0.071,4.05,-4.1209999999999996,-1.0175308641975307
SPY,PS,0.3,W,0.0,2025-05-23,2025-05-30,2025-05-30,expiry,579.1099853515625,571.0,0.2048119755217201,1.15,0.061,3.85,1.089,0.28285714285714286
SPY,PS,0.3,W,0.0,2025-05-30,2025-06-06,2025-06-06,expiry,589.3900146484375,583.0,0.16600757378313236,1.0999999999999999,0.061,3.9000000000000004,1.039,0.26641025641025634
SPY,PS,0.3,W,0.0,2025-06-06,2025-06-13,2025-06-13,expiry,599.1400146484375,594.0,0.1363663489556191,1.03,0.061,3.9699999999999998,0.9690000000000001,0.24408060453400507
SPY,PS,0.3,W,0.0,2025-06-13,2025-06-20,2025-06-20,expiry,597.0,589.0,0.19656461047109353,1.0,0.061,4.0,0.9390000000000001,0.23475000000000001
SPY,PS,0.3,W,0.0,2025-06-20,2025-06-27,2025-06-27,expiry,594.280029296875,587.0,0.17200281451264515,0.8600000000000001,0.061,4.14,0.7990000000000002,0.19299516908212566
SPY,PS,0.3,W,0.0,2025-06-27,2025-07-03,2025-07-03,expiry,614.9099731445312,610.0,0.12052239183256033,0.9,0.061,4.1,0.839,0.20463414634146343
SPY,PS,0.3,W,0.0,2025-07-03,2025-07-11,2025-07-11,expiry,625.3400268554688,620.0,0.12476584990260395,0.9799999999999998,0.061,4.0200000000000005,0.9189999999999998,0.2286069651741293
SPY,PS,0.3,W,0.0,2025-07-11,2025-07-18,2025-07-18,expiry,623.6199951171875,618.0,0.12585922896967255,0.9100000000000001,0.061,4.09,0.8490000000000002,0.20757946210268954
SPY,PS,0.3,W,0.0,2025-07-18,2025-07-25,2025-07-25,expiry,627.5800170898438,623.0,0.1089968723211377,0.8800000000000001,0.061,4.12,0.8190000000000002,0.19878640776699033
SPY,PS,0.3,W,0.0,2025-07-25,2025-08-01,2025-08-01,expiry,637.0999755859375,632.0,0.12741371093846626,1.0,0.071,4.0,-4.071,-1.01775
SPY,PS,0.3,W,0.0,2025-08-01,2025-08-08,2025-08-08,expiry,621.719970703125,614.0,0.18470457454702444,0.98,0.061,4.02,0.919,0.2286069651741294
SPY,PS,0.3,W,0.0,2025-08-08,2025-08-15,2025-08-15,expiry,637.1799926757812,632.0,0.11384395939278755,0.7999999999999998,0.061,4.2,0.7389999999999999,0.17595238095238092
SPY,PS,0.3,W,0.0,2025-08-15,2025-08-22,2025-08-22,expiry,643.4400024414062,638.0,0.12259672149027506,0.8999999999999999,0.061,4.1,0.839,0.20463414634146343
SPY,PS,0.3,W,0.0,2025-08-22,2025-08-29,2025-08-29,expiry,645.3099975585938,640.0,0.1133556032208867,0.8600000000000001,0.061,4.14,0.7990000000000002,0.19299516908212566
SPY,PS,0.3,W,0.0,2025-08-29,2025-09-05,2025-09-05,expiry,645.0499877929688,640.0,0.11633769340885575,0.9000000000000001,0.061,4.1,0.8390000000000002,0.20463414634146349
SPY,PS,0.3,W,0.0,2025-09-05,2025-09-12,2025-09-12,expiry,647.239990234375,642.0,0.11745902918291656,0.8399999999999999,0.061,4.16,0.7789999999999999,0.18725961538461536
SPY,PS,0.3,W,0.0,2025-09-12,2025-09-19,2025-09-19,expiry,657.4099731445312,652.0,0.12931688917931422,0.95,0.061,4.05,0.889,0.2195061728395062
SPY,PS,0.3,W,0.0,2025-09-19,2025-09-26,2025-09-26,expiry,663.7000122070312,659.0,0.10682370547068282,0.79,0.061,4.21,0.7290000000000001,0.17315914489311166
SPY,PS,0.3,W,0.0,2025-09-26,2025-10-03,2025-10-03,expiry,661.8200073242188,657.0,0.10977889198527549,0.8600000000000001,0.061,4.14,0.7990000000000002,0.19299516908212566
SPY,PS,0.3,W,0.0,2025-10-03,2025-10-10,2025-10-10,expiry,669.2100219726562,664.0,0.11980410075987635,0.8200000000000003,0.071,4.18,-4.2509999999999994,-1.0169856459330142
SPY,PS,0.3,W,0.0,2025-10-10,2025-10-17,2025-10-17,expiry,653.02001953125,644.0,0.20065281773403132,0.8599999999999999,0.061,4.140000000000001,0.7989999999999999,0.19299516908212555
SPY,PS,0.3,W,0.0,2025-10-17,2025-10-24,2025-10-24,expiry,664.3900146484375,656.0,0.17995479201513287,0.9300000000000002,0.061,4.07,0.8690000000000002,0.21351351351351355
SPY,PS,0.3,W,0.0,2025-10-24,2025-10-31,2025-10-31,expiry,677.25,670.0,0.14765625966853518,0.8399999999999999,0.061,4.16,0.7789999999999999,0.18725961538461536
SPY,PS,0.3,W,0.0,2025-10-31,2025-11-07,2025-11-07,expiry,682.0599975585938,676.0,0.13668364363885704,0.9300000000000002,0.071,4.07,-4.141,-1.0174447174447174
SPY,PS,0.3,W,0.0,2025-11-07,2025-11-14,2025-11-14,expiry,670.969970703125,664.0,0.15976878721547205,1.02,0.061,3.98,0.9590000000000001,0.24095477386934674
SPY,PS,0.3,W,0.0,2025-11-14,2025-11-21,2025-11-21,expiry,671.9299926757812,663.0,0.18540312736469072,0.8999999999999999,0.071,4.1,-3.140970703125,-0.7660904153963415
SPY,PS,0.3,W,0.0,2025-11-21,2025-11-28,2025-11-28,expiry,659.030029296875,650.0,0.1980131456512545,0.9199999999999999,0.061,4.08,0.859,0.2105392156862745
SPY,PS,0.3,W,0.0,2025-11-28,2025-12-05,2025-12-05,expiry,683.3900146484375,678.0,0.12346368902986701,0.9700000000000002,0.061,4.029999999999999,0.9090000000000003,0.22555831265508694
SPY,PS,0.3,W,0.0,2025-12-05,2025-12-12,2025-12-12,expiry,685.6900024414062,680.0,0.12816913320615408,0.9900000000000002,0.061,4.01,0.9290000000000003,0.23167082294264346
SPY,PS,0.3,W,0.0,2025-12-12,2025-12-19,2025-12-19,expiry,681.760009765625,675.0,0.1529759706515501,1.1300000000000001,0.061,3.87,1.0690000000000002,0.2762273901808786
SPY,PS,0.3,W,0.0,2025-12-19,2025-12-26,2025-12-26,expiry,680.5900268554688,677.0,0.0883920153784028,0.87,0.061,4.13,0.8089999999999999,0.19588377723970943
SPY,PS,0.3,W,0.0,2025-12-26,2026-01-02,2026-01-02,expiry,690.3099975585938,687.0,0.07943009472495521,0.8600000000000001,0.071,4.14,-3.0410170898437494,-0.7345451907835144
SPY,PS,0.3,W,0.0,2026-01-02,2026-01-09,2026-01-09,expiry,683.1699829101562,678.0,0.10902649251936,0.94,0.061,4.0600000000000005,0.879,0.21650246305418716
SPY,PS,0.3,W,0.0,2026-01-09,2026-01-16,2026-01-16,expiry,694.0700073242188,689.0,0.1064810435025213,0.8799999999999999,0.061,4.12,0.819,0.19878640776699028
SPY,PS,0.3,W,0.0,2026-01-16,2026-01-23,2026-01-23,expiry,691.6599731445312,687.0,0.10607682500932988,0.9099999999999999,0.061,4.09,0.849,0.2075794621026895
SPY,PS,0.3,W,0.0,2026-01-23,2026-01-30,2026-01-30,expiry,689.22998046875,682.0,0.15477178411163206,0.96,0.061,4.04,0.899,0.22252475247524753
SPY,PS,0.3,W,0.0,2026-01-30,2026-02-06,2026-02-06,expiry,691.969970703125,684.0,0.16319520259515313,0.96,0.061,4.04,0.899,0.22252475247524753
SPY,PS,0.3,W,0.0,2026-02-06,2026-02-13,2026-02-13,expiry,690.6199951171875,683.0,0.16388627534470412,0.9500000000000002,0.071,4.05,-0.37099999999999983,-0.0916049382716049
SPY,PS,0.3,W,0.0,2026-02-13,2026-02-20,2026-02-20,expiry,681.75,673.0,0.18950936495393528,1.0100000000000002,0.061,3.9899999999999998,0.9490000000000003,0.23784461152882214
SPY,PS,0.3,W,0.0,2026-02-20,2026-02-27,2026-02-27,expiry,689.4299926757812,681.0,0.1738774836004664,0.8200000000000003,0.061,4.18,0.7590000000000003,0.18157894736842115
SPY,PS,0.3,W,0.0,2026-02-27,2026-03-06,2026-03-06,expiry,685.989990234375,677.0,0.1887740518686652,0.9500000000000002,0.071,4.05,-3.7409951171874996,-0.9237024980709876
SPY,PS,0.3,W,0.0,2026-03-06,2026-03-13,2026-03-13,expiry,672.3800048828125,659.0,0.29716807607384244,0.9900000000000002,0.07599999999999993,4.01,0.9140000000000003,0.2279301745635911
SPY,PS,0.3,W,0.0,2026-03-13,2026-03-20,2026-03-20,expiry,662.2899780273438,649.0,0.2989744131725802,1.2700000000000005,0.08599999999999992,3.7299999999999995,0.7540073242187505,0.20214673571548272
SPY,PS,0.3,W,0.0,2026-03-20,2026-03-27,2026-03-27,expiry,648.5700073242188,638.0,0.24686569704234612,1.1499999999999995,0.071,3.8500000000000005,-2.8309731445312503,-0.7353176998782467
SPY,PS,0.3,W,0.0,2026-03-27,2026-04-02,2026-04-02,expiry,634.0900268554688,622.0,0.2893367101402473,1.2500000000000004,0.061,3.7499999999999996,1.1890000000000005,0.31706666666666683
SPY,PS,0.3,W,0.0,2026-04-02,2026-04-10,2026-04-10,expiry,655.8300170898438,645.0,0.2184503395276034,0.9999999999999996,0.061,4.0,0.9389999999999996,0.2347499999999999
SPY,PS,0.3,W,0.0,2026-04-10,2026-04-17,2026-04-17,expiry,679.4600219726562,672.0,0.1611687957596067,0.9500000000000002,0.061,4.05,0.8890000000000002,0.21950617283950624
SPY,PS,0.3,W,0.0,2026-04-17,2026-04-24,2026-04-24,expiry,710.1400146484375,704.0,0.13466838218852,0.98,0.061,4.02,0.919,0.2286069651741294
SPY,PS,0.3,W,0.0,2026-04-24,2026-05-01,2026-05-01,expiry,713.9400024414062,706.0,0.1705098205365682,1.0299999999999998,0.061,3.97,0.9689999999999999,0.24408060453400499
SPY,PS,0.3,W,0.0,2026-05-01,2026-05-08,2026-05-08,expiry,720.6500244140625,714.0,0.13692488401488295,0.9500000000000002,0.061,4.05,0.8890000000000002,0.21950617283950624
SPY,PS,0.3,W,0.0,2026-05-08,2026-05-15,2026-05-15,expiry,737.6199951171875,731.0,0.1305592494696337,0.95,0.061,4.05,0.889,0.2195061728395062
SPY,PS,0.3,W,0.0,2026-05-15,2026-05-22,2026-05-22,expiry,739.1699829101562,730.0,0.1732922549561624,1.1400000000000001,0.061,3.86,1.0790000000000002,0.2795336787564767
SPY,PS,0.3,W,0.0,2026-05-22,2026-05-29,2026-05-29,expiry,745.6400146484375,739.0,0.12770966968329006,0.9099999999999997,0.061,4.09,0.8489999999999998,0.20757946210268943
SPY,PS,0.3,W,0.0,2026-05-29,2026-06-05,2026-06-05,expiry,756.47998046875,751.0,0.11288198370191693,0.9199999999999999,0.071,4.08,-4.151,-1.0174019607843137
SPY,PS,0.3,W,0.0,2026-06-05,2026-06-12,2026-06-12,expiry,737.5499877929688,725.0,0.23845154093410886,1.0,0.061,4.0,0.9390000000000001,0.23475000000000001
SPY,PS,0.3,W,0.0,2026-06-12,2026-06-18,2026-06-18,expiry,741.75,733.0,0.17649259939877804,1.02,0.061,3.98,0.9590000000000001,0.24095477386934674
SPY,PS,0.3,W,0.0,2026-06-18,2026-06-26,2026-06-26,expiry,746.739990234375,740.0,0.1287972158057452,0.9099999999999999,0.071,4.09,-4.161,-1.017359413202934
SPY,PS,0.3,W,0.0,2026-06-26,2026-07-02,2026-07-02,expiry,728.989990234375,722.0,0.14162856860593864,0.8400000000000001,0.061,4.16,0.7790000000000001,0.1872596153846154
SPY,PS,0.3,W,0.0,2026-07-02,2026-07-10,2026-07-10,expiry,744.780029296875,738.0,0.12043938983517763,0.9500000000000002,0.061,4.05,0.8890000000000002,0.21950617283950624
SPY,PS,0.3,W,0.0,2026-07-10,2026-07-17,2026-07-17,expiry,754.9500122070312,750.0,0.10149153187200335,0.8999999999999999,0.071,4.1,-4.170999999999999,-1.0173170731707317
SPY,PS,0.3,W,0.0,2026-07-17,2026-07-24,2026-07-24,expiry,743.2899780273438,735.0,0.16578479547471564,1.0699999999999998,0.061,3.93,1.009,0.25674300254452925
SPY,PS,0.3,W,0.0,2026-07-24,2026-07-31,2026-07-31,expiry,738.9299926757812,730.0,0.17823495261430028,1.02,0.061,3.98,0.9590000000000001,0.24095477386934674
SPY,PS,0.3,W,0.0,2026-07-31,2026-08-07,2026-08-07,expiry,747.030029296875,741.0,0.1234825721108149,0.9299999999999999,0.061,4.07,0.869,0.2135135135135135
SPY,PS,0.3,W,0.0,2026-08-07,2026-08-14,2026-08-14,expiry,773.260009765625,767.0,0.1138635950721695,1.0,0.061,4.0,0.9390000000000001,0.23475000000000001
SPY,PS,0.3,W,0.0,2026-08-14,2026-08-21,2026-08-21,expiry,776.3400268554688,772.0,0.09254694846212697,1.01,0.071,3.99,-4.061,-1.0177944862155388
SPY,PS,0.3,W,0.0,2026-08-21,2026-08-28,2026-08-28,expiry,765.719970703125,760.0,0.11825899645275573,1.02,0.061,3.98,0.9590000000000001,0.24095477386934674
SPY,PS,0.3,W,0.0,2026-08-28,2026-09-04,2026-09-04,expiry,769.3499755859375,764.0,0.10236012315012313,0.96,0.061,4.04,0.899,0.22252475247524753
SPY,PS,0.3,W,0.0,2026-09-04,2026-09-11,2026-09-11,expiry,770.1900024414062,765.0,0.10412364208904393,0.95,0.071,4.05,0.16897802734374995,0.04172296971450616
SPY,PS,0.3,W,0.0,2026-09-11,2026-09-18,2026-09-18,expiry,764.2899780273438,757.0,0.14592541268749165,1.0,0.061,4.0,0.9390000000000001,0.23475000000000001
SPY,PS,0.3,W,0.0,2026-09-18,2026-09-25,2026-09-25,expiry,761.6900024414062,757.0,0.10031669272567603,0.8800000000000001,0.061,4.12,0.8190000000000002,0.19878640776699033
SPY,PS,0.3,W,0.0,2026-09-25,2026-10-02,2026-09-28,expiry,771.3499755859375,765.0,0.1188511052165662,0.97,0.061,4.03,0.909,0.22555831265508683
SPY,PS,0.3,W,0.5,2024-02-23,2024-03-01,2024-02-29,take,507.8500061035156,504.0,0.10281253177029193,0.79,0.122,4.21,0.528,0.12541567695961997
SPY,PS,0.3,W,0.5,2024-03-01,2024-03-08,2024-03-07,take,512.8499755859375,509.0,0.10508572062901711,0.8599999999999999,0.122,4.140000000000001,0.538,0.12995169082125602
SPY,PS,0.3,W,0.5,2024-03-08,2024-03-15,2024-03-12,take,511.7200012207031,507.0,0.1409615859232175,0.96,0.122,4.04,0.6579999999999999,0.16287128712871285
SPY,PS,0.3,W,0.5,2024-03-15,2024-03-22,2024-03-19,take,509.8299865722656,505.0,0.13604941892281314,0.9900000000000001,0.122,4.01,0.6780000000000002,0.16907730673316712
SPY,PS,0.3,W,0.5,2024-03-22,2024-03-28,2024-03-27,take,521.2100219726562,518.0,0.09338106567567209,0.7699999999999999,0.122,4.23,0.6079999999999999,0.14373522458628837
SPY,PS,0.3,W,0.5,2024-03-28,2024-04-05,2024-04-05,expiry,523.0700073242188,520.0,0.08925806011353482,0.8599999999999999,0.071,4.140000000000001,-0.7810073242187501,-0.18864911213013286
SPY,PS,0.3,W,0.5,2024-04-05,2024-04-12,2024-04-11,take,518.4299926757812,513.0,0.1497006211529388,0.94,0.122,4.0600000000000005,0.5880000000000001,0.14482758620689656
SPY,PS,0.3,W,0.5,2024-04-12,2024-04-19,2024-04-19,expiry,510.8500061035156,505.0,0.16419619180484873,0.99,0.071,4.01,-4.0809999999999995,-1.0177057356608479
SPY,PS,0.3,W,0.5,2024-04-19,2024-04-26,2024-04-22,take,495.1600036621094,489.0,0.16817789034492442,0.99,0.122,4.01,0.49799999999999994,0.12418952618453864
SPY,PS,0.3,W,0.5,2024-04-26,2024-05-03,2024-05-03,expiry,508.260009765625,503.0,0.14369513265291162,0.95,0.061,4.05,0.889,0.2195061728395062
SPY,PS,0.3,W,0.5,2024-05-03,2024-05-10,2024-05-06,take,511.2900085449219,508.0,0.09746360561388556,0.8400000000000001,0.122,4.16,0.47800000000000015,0.11490384615384619
SPY,PS,0.3,W,0.5,2024-05-10,2024-05-17,2024-05-15,take,520.8400268554688,517.0,0.1135980226332533,0.9799999999999999,0.122,4.0200000000000005,0.8479999999999999,0.21094527363184074
SPY,PS,0.3,W,0.5,2024-05-17,2024-05-24,2024-05-24,expiry,529.4500122070312,526.0,0.09144409747534443,0.8200000000000001,0.061,4.18,0.7590000000000001,0.1815789473684211
SPY,PS,0.3,W,0.5,2024-05-24,2024-05-31,2024-05-31,expiry,529.4400024414062,527.0,0.07621070368686769,0.7499999999999999,0.061,4.25,0.6889999999999998,0.16211764705882348
SPY,PS,0.3,W,0.5,2024-05-31,2024-06-07,2024-06-05,take,527.3699951171875,524.0,0.10128822935830548,0.92,0.122,4.08,0.7080000000000002,0.17352941176470593
SPY,PS,0.3,W,0.5,2024-06-07,2024-06-14,2024-06-11,take,534.010009765625,529.0,0.1290143259947587,1.04,0.122,3.96,0.4480000000000001,0.11313131313131317
SPY,PS,0.3,W,0.5,2024-06-14,2024-06-21,2024-06-17,take,542.780029296875,539.0,0.11140844810286629,0.99,0.122,4.01,0.528,0.1316708229426434
SPY,PS,0.3,W,0.5,2024-06-21,2024-06-28,2024-06-27,take,544.510009765625,541.0,0.09722281218622544,0.87,0.122,4.13,0.6380000000000001,0.1544794188861986
SPY,PS,0.3,W,0.5,2024-06-28,2024-07-05,2024-07-02,take,544.219970703125,541.0,0.08421168897447631,0.72,0.122,4.28,0.508,0.11869158878504672
SPY,PS,0.3,W,0.5,2024-07-05,2024-07-12,2024-07-10,take,554.6400146484375,551.0,0.09659168990928232,0.86,0.122,4.14,0.6480000000000001,0.15652173913043482
SPY,PS,0.3,W,0.5,2024-07-12,2024-07-19,2024-07-16,take,559.989990234375,557.0,0.09199335010068976,0.9600000000000001,0.122,4.04,0.5880000000000001,0.14554455445544556
SPY,PS,0.3,W,0.5,2024-07-19,2024-07-26,2024-07-22,take,548.989990234375,544.0,0.13728035677642247,1.0399999999999998,0.122,3.96,0.6679999999999999,0.16868686868686866
SPY,PS,0.3,W,0.5,2024-07-26,2024-08-02,2024-07-31,take,544.4400024414062,538.0,0.16849915709925373,1.0400000000000003,0.122,3.96,0.7280000000000004,0.18383838383838394
SPY,PS,0.3,W,0.5,2024-08-02,2024-08-09,2024-08-09,expiry,532.9000244140625,525.0,0.2236707091198024,1.25,0.061,3.75,1.189,0.31706666666666666
SPY,PS,0.3,W,0.5,2024-08-09,2024-08-16,2024-08-13,take,532.989990234375,526.0,0.20101347712580214,1.05,0.122,3.95,0.6780000000000002,0.1716455696202532
SPY,PS,0.3,W,0.5,2024-08-16,2024-08-23,2024-08-19,take,554.3099975585938,550.0,0.11479330670426166,0.88,0.122,4.12,0.41800000000000004,0.10145631067961165
SPY,PS,0.3,W,0.5,2024-08-23,2024-08-30,2024-08-30,expiry,562.1300048828125,557.0,0.12880141061240358,0.9799999999999999,0.061,4.0200000000000005,0.9189999999999998,0.2286069651741293
SPY,PS,0.3,W,0.5,2024-08-30,2024-09-06,2024-09-06,expiry,563.6799926757812,559.0,0.12315651156602342,1.0299999999999998,0.071,3.97,-4.041,-1.0178841309823679
SPY,PS,0.3,W,0.5,2024-09-06,2024-09-13,2024-09-09,take,540.3599853515625,532.0,0.21580529622563538,1.1600000000000001,0.122,3.84,0.6580000000000001,0.1713541666666667
SPY,PS,0.3,W,0.5,2024-09-13,2024-09-20,2024-09-19,take,562.010009765625,555.0,0.17105176418902718,1.0100000000000002,0.122,3.9899999999999998,0.8580000000000003,0.2150375939849625
SPY,PS,0.3,W,0.5,2024-09-20,2024-09-27,2024-09-24,take,568.25,564.0,0.12201658804297769,0.98,0.122,4.02,0.548,0.13631840796019903
SPY,PS,0.3,W,0.5,2024-09-27,2024-10-04,2024-10-04,expiry,571.469970703125,566.0,0.1492898720106296,1.0300000000000002,0.061,3.9699999999999998,0.9690000000000003,0.24408060453400512
SPY,PS,0.3,W,0.5,2024-10-04,2024-10-11,2024-10-09,take,572.97998046875,567.0,0.15133083579596013,0.8899999999999999,0.122,4.11,0.48799999999999993,0.1187347931873479
SPY,PS,0.3,W,0.5,2024-10-11,2024-10-18,2024-10-14,take,579.5800170898438,575.0,0.12642779894416317,0.8999999999999999,0.122,4.1,0.42799999999999994,0.10439024390243902
SPY,PS,0.3,W,0.5,2024-10-18,2024-10-25,2024-10-25,expiry,584.5900268554688,581.0,0.09787049633607889,0.8700000000000001,0.071,4.13,-1.1610219726562498,-0.2811191217085351
SPY,PS,0.3,W,0.5,2024-10-25,2024-11-01,2024-10-29,take,579.0399780273438,573.0,0.1612618391717096,1.0399999999999998,0.122,3.96,0.4079999999999998,0.10303030303030299
SPY,PS,0.3,W,0.5,2024-11-01,2024-11-08,2024-11-06,take,571.0399780273438,562.0,0.23221027709132852,1.1599999999999997,0.122,3.8400000000000003,1.0079999999999998,0.2624999999999999
SPY,PS,0.3,W,0.5,2024-11-08,2024-11-15,2024-11-15,expiry,598.1900024414062,594.0,0.11244562842118361,0.8899999999999999,0.071,4.11,-4.181,-1.0172749391727494
SPY,PS,0.3,W,0.5,2024-11-15,2024-11-22,2024-11-19,take,585.75,580.0,0.139375263832051,0.9500000000000002,0.122,4.05,0.48800000000000016,0.12049382716049387
SPY,PS,0.3,W,0.5,2024-11-22,2024-11-29,2024-11-25,take,595.510009765625,592.0,0.09090170440931031,0.78,0.122,4.22,0.318,0.07535545023696683
SPY,PS,0.3,W,0.5,2024-11-29,2024-12-06,2024-12-04,take,602.5499877929688,599.0,0.09795280738551579,0.95,0.122,4.05,0.718,0.17728395061728394
SPY,PS,0.3,W,0.5,2024-12-06,2024-12-13,2024-12-13,expiry,607.8099975585938,605.0,0.08152288669439778,0.89,0.071,4.11,0.029021972656250013,0.007061307215632606
SPY,PS,0.3,W,0.5,2024-12-13,2024-12-20,2024-12-20,expiry,604.2100219726562,599.0,0.11881080404553268,0.9400000000000001,0.071,4.06,-4.130999999999999,-1.017487684729064
SPY,PS,0.3,W,0.5,2024-12-20,2024-12-27,2024-12-23,take,591.1500244140625,585.0,0.15510496356078018,0.8399999999999999,0.122,4.16,0.3579999999999998,0.08605769230769227
SPY,PS,0.3,W,0.5,2024-12-27,2025-01-03,2025-01-03,expiry,595.010009765625,590.0,0.12199889256475072,0.94,0.061,4.0600000000000005,0.879,0.21650246305418716
SPY,PS,0.3,W,0.5,2025-01-03,2025-01-10,2025-01-06,take,591.9500122070312,587.0,0.12951333608469645,1.08,0.122,3.92,0.46800000000000014,0.11938775510204086
SPY,PS,0.3,W,0.5,2025-01-10,2025-01-17,2025-01-15,take,580.489990234375,573.0,0.18074694986450268,1.15,0.122,3.85,0.978,0.254025974025974
SPY,PS,0.3,W,0.5,2025-01-17,2025-01-24,2025-01-21,take,597.5800170898438,592.0,0.1318303045817824,0.9499999999999997,0.122,4.050000000000001,0.6379999999999999,0.15753086419753082
SPY,PS,0.3,W,0.5,2025-01-24,2025-01-31,2025-01-31,expiry,607.969970703125,603.0,0.12606489115930053,1.0599999999999998,0.071,3.9400000000000004,-0.19099267578125018,-0.04847529842163709
SPY,PS,0.3,W,0.5,2025-01-31,2025-02-07,2025-02-05,take,601.8200073242188,595.0,0.15900363746400709,1.09,0.122,3.91,0.6380000000000001,0.16317135549872125
SPY,PS,0.3,W,0.5,2025-02-07,2025-02-14,2025-02-10,take,600.77001953125,595.0,0.14498835377428887,1.02,0.122,3.98,0.398,0.1
SPY,PS,0.3,W,0.5,2025-02-14,2025-02-21,2025-02-19,take,609.7000122070312,606.0,0.09841077007786853,0.85,0.122,4.15,0.4480000000000001,0.10795180722891569
SPY,PS,0.3,W,0.5,2025-02-21,2025-02-28,2025-02-28,expiry,599.9400024414062,593.0,0.16141387053725142,0.9100000000000001,0.061,4.09,0.8490000000000002,0.20757946210268954
SPY,PS,0.3,W,0.5,2025-02-28,2025-03-07,2025-03-07,expiry,594.1799926757812,586.0,0.19801992422007691,1.1800000000000002,0.071,3.82,-3.8909999999999996,-1.0185863874345549
SPY,PS,0.3,W,0.5,2025-03-07,2025-03-14,2025-03-14,expiry,575.9199829101562,566.0,0.24558240015436195,1.27,0.071,3.73,-1.99100244140625,-0.5337808153904156
SPY,PS,0.3,W,0.5,2025-03-14,2025-03-21,2025-03-19,take,562.8099975585938,553.0,0.25148259615944024,1.31,0.122,3.69,0.9180000000000001,0.2487804878048781
SPY,PS,0.3,W,0.5,2025-03-21,2025-03-28,2025-03-24,take,563.97998046875,557.0,0.17306310287048593,1.0599999999999998,0.122,3.9400000000000004,0.738,0.18730964467005073
SPY,PS,0.3,W,0.5,2025-03-28,2025-04-04,2025-04-02,take,555.6599731445312,547.0,0.23857733076250637,1.33,0.122,3.67,0.9580000000000002,0.26103542234332433
SPY,PS,0.3,W,0.5,2025-04-04,2025-04-11,2025-04-09,take,505.2799987792969,486.0,0.5795316542179505,1.2199999999999998,0.15199999999999986,3.7800000000000002,0.9979999999999998,0.26402116402116393
SPY,PS,0.3,W,0.5,2025-04-11,2025-04-17,2025-04-14,take,533.9400024414062,519.0,0.4394646772761833,1.0700000000000003,0.13699999999999993,3.9299999999999997,0.4130000000000003,0.10508905852417312
SPY,PS,0.3,W,0.5,2025-04-17,2025-04-25,2025-04-23,take,526.4099731445312,516.0,0.26516530014390516,1.1099999999999999,0.122,3.89,0.718,0.1845758354755784
SPY,PS,0.3,W,0.5,2025-04-25,2025-05-02,2025-04-30,take,550.6400146484375,541.0,0.24613836195815436,1.0499999999999998,0.122,3.95,0.508,0.12860759493670887
SPY,PS,0.3,W,0.5,2025-05-02,2025-05-09,2025-05-08,take,566.760009765625,559.0,0.20531142805429908,1.08,0.122,3.92,0.538,0.13724489795918368
SPY,PS,0.3,W,0.5,2025-05-09,2025-05-16,2025-05-12,take,564.3400268554688,556.0,0.21159375760327875,1.1400000000000001,0.122,3.86,0.9580000000000002,0.24818652849740938
SPY,PS,0.3,W,0.5,2025-05-16,2025-05-23,2025-05-23,expiry,594.2000122070312,588.0,0.1427789706303777,0.9500000000000002,0.071,4.05,-4.1209999999999996,-1.0175308641975307
SPY,PS,0.3,W,0.5,2025-05-23,2025-05-30,2025-05-27,take,579.1099853515625,571.0,0.2048119755217201,1.15,0.122,3.85,0.9279999999999999,0.24103896103896102
SPY,PS,0.3,W,0.5,2025-05-30,2025-06-06,2025-06-03,take,589.3900146484375,583.0,0.16600757378313236,1.0999999999999999,0.122,3.9000000000000004,0.6779999999999999,0.17384615384615382
SPY,PS,0.3,W,0.5,2025-06-06,2025-06-13,2025-06-11,take,599.1400146484375,594.0,0.1363663489556191,1.03,0.122,3.9699999999999998,0.47800000000000015,0.12040302267002523
SPY,PS,0.3,W,0.5,2025-06-13,2025-06-20,2025-06-16,take,597.0,589.0,0.19656461047109353,1.0,0.122,4.0,0.5680000000000001,0.14200000000000002
SPY,PS,0.3,W,0.5,2025-06-20,2025-06-27,2025-06-23,take,594.280029296875,587.0,0.17200281451264515,0.8600000000000001,0.122,4.14,0.39800000000000013,0.09613526570048313
SPY,PS,0.3,W,0.5,2025-06-27,2025-07-03,2025-07-01,take,614.9099731445312,610.0,0.12052239183256033,0.9,0.122,4.1,0.46800000000000014,0.11414634146341468
SPY,PS,0.3,W,0.5,2025-07-03,2025-07-11,2025-07-09,take,625.3400268554688,620.0,0.12476584990260395,0.9799999999999998,0.122,4.0200000000000005,0.3879999999999998,0.09651741293532332
SPY,PS,0.3,W,0.5,2025-07-11,2025-07-18,2025-07-16,take,623.6199951171875,618.0,0.12585922896967255,0.9100000000000001,0.122,4.09,0.3480000000000002,0.08508557457212719
SPY,PS,0.3,W,0.5,2025-07-18,2025-07-25,2025-07-23,take,627.5800170898438,623.0,0.1089968723211377,0.8800000000000001,0.122,4.12,0.6480000000000001,0.15728155339805827
SPY,PS,0.3,W,0.5,2025-07-25,2025-08-01,2025-08-01,expiry,637.0999755859375,632.0,0.12741371093846626,1.0,0.071,4.0,-4.071,-1.01775
SPY,PS,0.3,W,0.5,2025-08-01,2025-08-08,2025-08-04,take,621.719970703125,614.0,0.18470457454702444,0.98,0.122,4.02,0.6880000000000002,0.17114427860696524
SPY,PS,0.3,W,0.5,2025-08-08,2025-08-15,2025-08-12,take,637.1799926757812,632.0,0.11384395939278755,0.7999999999999998,0.122,4.2,0.48799999999999993,0.11619047619047616
SPY,PS,0.3,W,0.5,2025-08-15,2025-08-22,2025-08-22,expiry,643.4400024414062,638.0,0.12259672149027506,0.8999999999999999,0.061,4.1,0.839,0.20463414634146343
SPY,PS,0.3,W,0.5,2025-08-22,2025-08-29,2025-08-28,take,645.3099975585938,640.0,0.1133556032208867,0.8600000000000001,0.122,4.14,0.6580000000000001,0.1589371980676329
SPY,PS,0.3,W,0.5,2025-08-29,2025-09-05,2025-09-04,take,645.0499877929688,640.0,0.11633769340885575,0.9000000000000001,0.122,4.1,0.6480000000000001,0.15804878048780494
SPY,PS,0.3,W,0.5,2025-09-05,2025-09-12,2025-09-09,take,647.239990234375,642.0,0.11745902918291656,0.8399999999999999,0.122,4.16,0.4179999999999998,0.10048076923076918
SPY,PS,0.3,W,0.5,2025-09-12,2025-09-19,2025-09-18,take,657.4099731445312,652.0,0.12931688917931422,0.95,0.122,4.05,0.698,0.17234567901234568
SPY,PS,0.3,W,0.5,2025-09-19,2025-09-26,2025-09-26,expiry,663.7000122070312,659.0,0.10682370547068282,0.79,0.061,4.21,0.7290000000000001,0.17315914489311166
SPY,PS,0.3,W,0.5,2025-09-26,2025-10-03,2025-09-30,take,661.8200073242188,657.0,0.10977889198527549,0.8600000000000001,0.122,4.14,0.3780000000000001,0.09130434782608698
SPY,PS,0.3,W,0.5,2025-10-03,2025-10-10,2025-10-08,take,669.2100219726562,664.0,0.11980410075987635,0.8200000000000003,0.122,4.18,0.5580000000000005,0.1334928229665073
SPY,PS,0.3,W,0.5,2025-10-10,2025-10-17,2025-10-13,take,653.02001953125,644.0,0.20065281773403132,0.8599999999999999,0.122,4.140000000000001,0.4979999999999997,0.12028985507246369
SPY,PS,0.3,W,0.5,2025-10-17,2025-10-24,2025-10-20,take,664.3900146484375,656.0,0.17995479201513287,0.9300000000000002,0.122,4.07,0.48800000000000016,0.11990171990171992
SPY,PS,0.3,W,0.5,2025-10-24,2025-10-31,2025-10-27,take,677.25,670.0,0.14765625966853518,0.8399999999999999,0.122,4.16,0.43799999999999983,0.1052884615384615
SPY,PS,0.3,W,0.5,2025-10-31,2025-11-07,2025-11-07,expiry,682.0599975585938,676.0,0.13668364363885704,0.9300000000000002,0.071,4.07,-4.141,-1.0174447174447174
SPY,PS,0.3,W,0.5,2025-11-07,2025-11-14,2025-11-10,take,670.969970703125,664.0,0.15976878721547205,1.02,0.122,3.98,0.6980000000000002,0.1753768844221106
SPY,PS,0.3,W,0.5,2025-11-14,2025-11-21,2025-11-21,expiry,671.9299926757812,663.0,0.18540312736469072,0.8999999999999999,0.071,4.1,-3.140970703125,-0.7660904153963415
SPY,PS,0.3,W,0.5,2025-11-21,2025-11-28,2025-11-24,take,659.030029296875,650.0,0.1980131456512545,0.9199999999999999,0.122,4.08,0.6080000000000001,0.14901960784313728
SPY,PS,0.3,W,0.5,2025-11-28,2025-12-05,2025-12-03,take,683.3900146484375,678.0,0.12346368902986701,0.9700000000000002,0.122,4.029999999999999,0.4480000000000001,0.11116625310173701
SPY,PS,0.3,W,0.5,2025-12-05,2025-12-12,2025-12-10,take,685.6900024414062,680.0,0.12816913320615408,0.9900000000000002,0.122,4.01,0.45800000000000035,0.1142144638403991
SPY,PS,0.3,W,0.5,2025-12-12,2025-12-19,2025-12-19,expiry,681.760009765625,675.0,0.1529759706515501,1.1300000000000001,0.061,3.87,1.0690000000000002,0.2762273901808786
SPY,PS,0.3,W,0.5,2025-12-19,2025-12-26,2025-12-22,take,680.5900268554688,677.0,0.0883920153784028,0.87,0.122,4.13,0.558,0.1351089588377724
SPY,PS,0.3,W,0.5,2025-12-26,2026-01-02,2026-01-02,expiry,690.3099975585938,687.0,0.07943009472495521,0.8600000000000001,0.071,4.14,-3.0410170898437494,-0.7345451907835144
SPY,PS,0.3,W,0.5,2026-01-02,2026-01-09,2026-01-05,take,683.1699829101562,678.0,0.10902649251936,0.94,0.122,4.0600000000000005,0.37799999999999995,0.09310344827586205
SPY,PS,0.3,W,0.5,2026-01-09,2026-01-16,2026-01-16,expiry,694.0700073242188,689.0,0.1064810435025213,0.8799999999999999,0.061,4.12,0.819,0.19878640776699028
SPY,PS,0.3,W,0.5,2026-01-16,2026-01-23,2026-01-23,expiry,691.6599731445312,687.0,0.10607682500932988,0.9099999999999999,0.061,4.09,0.849,0.2075794621026895
SPY,PS,0.3,W,0.5,2026-01-23,2026-01-30,2026-01-27,take,689.22998046875,682.0,0.15477178411163206,0.96,0.122,4.04,0.518,0.12821782178217822
SPY,PS,0.3,W,0.5,2026-01-30,2026-02-06,2026-02-02,take,691.969970703125,684.0,0.16319520259515313,0.96,0.122,4.04,0.4179999999999999,0.10346534653465345
SPY,PS,0.3,W,0.5,2026-02-06,2026-02-13,2026-02-11,take,690.6199951171875,683.0,0.16388627534470412,0.9500000000000002,0.122,4.05,0.39800000000000024,0.09827160493827167
SPY,PS,0.3,W,0.5,2026-02-13,2026-02-20,2026-02-18,take,681.75,673.0,0.18950936495393528,1.0100000000000002,0.122,3.9899999999999998,0.5280000000000002,0.13233082706766924
SPY,PS,0.3,W,0.5,2026-02-20,2026-02-27,2026-02-25,take,689.4299926757812,681.0,0.1738774836004664,0.8200000000000003,0.122,4.18,0.34800000000000025,0.08325358851674648
SPY,PS,0.3,W,0.5,2026-02-27,2026-03-06,2026-03-06,expiry,685.989990234375,677.0,0.1887740518686652,0.9500000000000002,0.071,4.05,-3.7409951171874996,-0.9237024980709876
SPY,PS,0.3,W,0.5,2026-03-06,2026-03-13,2026-03-11,take,672.3800048828125,659.0,0.29716807607384244,0.9900000000000002,0.13699999999999993,4.01,0.5530000000000002,0.1379052369077307
SPY,PS,0.3,W,0.5,2026-03-13,2026-03-20,2026-03-16,take,662.2899780273438,649.0,0.2989744131725802,1.2700000000000005,0.13699999999999993,3.7299999999999995,0.5730000000000006,0.15361930294906184
SPY,PS,0.3,W,0.5,2026-03-20,2026-03-27,2026-03-25,take,648.5700073242188,638.0,0.24686569704234612,1.1499999999999995,0.122,3.8500000000000005,0.8379999999999996,0.21766233766233753
SPY,PS,0.3,W,0.5,2026-03-27,2026-04-02,2026-03-31,take,634.0900268554688,622.0,0.2893367101402473,1.2500000000000004,0.122,3.7499999999999996,1.0780000000000005,0.2874666666666668
SPY,PS,0.3,W,0.5,2026-04-02,2026-04-10,2026-04-08,take,655.8300170898438,645.0,0.2184503395276034,0.9999999999999996,0.122,4.0,0.8279999999999996,0.2069999999999999
SPY,PS,0.3,W,0.5,2026-04-10,2026-04-17,2026-04-13,take,679.4600219726562,672.0,0.1611687957596067,0.9500000000000002,0.122,4.05,0.41800000000000026,0.10320987654320994
SPY,PS,0.3,W,0.5,2026-04-17,2026-04-24,2026-04-24,expiry,710.1400146484375,704.0,0.13466838218852,0.98,0.061,4.02,0.919,0.2286069651741294
SPY,PS,0.3,W,0.5,2026-04-24,2026-05-01,2026-04-30,take,713.9400024414062,706.0,0.1705098205365682,1.0299999999999998,0.122,3.97,0.8679999999999999,0.21863979848866494
SPY,PS,0.3,W,0.5,2026-05-01,2026-05-08,2026-05-05,take,720.6500244140625,714.0,0.13692488401488295,0.9500000000000002,0.122,4.05,0.39800000000000024,0.09827160493827167
SPY,PS,0.3,W,0.5,2026-05-08,2026-05-15,2026-05-13,take,737.6199951171875,731.0,0.1305592494696337,0.95,0.122,4.05,0.6180000000000001,0.1525925925925926
SPY,PS,0.3,W,0.5,2026-05-15,2026-05-22,2026-05-20,take,739.1699829101562,730.0,0.1732922549561624,1.1400000000000001,0.122,3.86,0.6080000000000003,0.15751295336787574
SPY,PS,0.3,W,0.5,2026-05-22,2026-05-29,2026-05-26,take,745.6400146484375,739.0,0.12770966968329006,0.9099999999999997,0.122,4.09,0.4279999999999997,0.10464547677261607
SPY,PS,0.3,W,0.5,2026-05-29,2026-06-05,2026-06-02,take,756.47998046875,751.0,0.11288198370191693,0.9199999999999999,0.122,4.08,0.37799999999999995,0.0926470588235294
SPY,PS,0.3,W,0.5,2026-06-05,2026-06-12,2026-06-11,take,737.5499877929688,725.0,0.23845154093410886,1.0,0.122,4.0,0.6580000000000001,0.16450000000000004
SPY,PS,0.3,W,0.5,2026-06-12,2026-06-18,2026-06-15,take,741.75,733.0,0.17649259939877804,1.02,0.122,3.98,0.7180000000000002,0.1804020100502513
SPY,PS,0.3,W,0.5,2026-06-18,2026-06-26,2026-06-26,expiry,746.739990234375,740.0,0.1287972158057452,0.9099999999999999,0.071,4.09,-4.161,-1.017359413202934
SPY,PS,0.3,W,0.5,2026-06-26,2026-07-02,2026-06-29,take,728.989990234375,722.0,0.14162856860593864,0.8400000000000001,0.122,4.16,0.5280000000000002,0.12692307692307697
SPY,PS,0.3,W,0.5,2026-07-02,2026-07-10,2026-07-06,take,744.780029296875,738.0,0.12043938983517763,0.9500000000000002,0.122,4.05,0.6180000000000003,0.15259259259259267
SPY,PS,0.3,W,0.5,2026-07-10,2026-07-17,2026-07-17,expiry,754.9500122070312,750.0,0.10149153187200335,0.8999999999999999,0.071,4.1,-4.170999999999999,-1.0173170731707317
SPY,PS,0.3,W,0.5,2026-07-17,2026-07-24,2026-07-21,take,743.2899780273438,735.0,0.16578479547471564,1.0699999999999998,0.122,3.93,0.6479999999999999,0.16488549618320608
SPY,PS,0.3,W,0.5,2026-07-24,2026-07-31,2026-07-30,take,738.9299926757812,730.0,0.17823495261430028,1.02,0.122,3.98,0.788,0.19798994974874373
SPY,PS,0.3,W,0.5,2026-07-31,2026-08-07,2026-08-03,take,747.030029296875,741.0,0.1234825721108149,0.9299999999999999,0.122,4.07,0.6179999999999999,0.1518427518427518
SPY,PS,0.3,W,0.5,2026-08-07,2026-08-14,2026-08-12,take,773.260009765625,767.0,0.1138635950721695,1.0,0.122,4.0,0.42800000000000005,0.10700000000000001
SPY,PS,0.3,W,0.5,2026-08-14,2026-08-21,2026-08-21,expiry,776.3400268554688,772.0,0.09254694846212697,1.01,0.071,3.99,-4.061,-1.0177944862155388
SPY,PS,0.3,W,0.5,2026-08-21,2026-08-28,2026-08-27,take,765.719970703125,760.0,0.11825899645275573,1.02,0.122,3.98,0.798,0.2005025125628141
SPY,PS,0.3,W,0.5,2026-08-28,2026-09-04,2026-09-03,take,769.3499755859375,764.0,0.10236012315012313,0.96,0.122,4.04,0.718,0.17772277227722771
SPY,PS,0.3,W,0.5,2026-09-04,2026-09-11,2026-09-11,expiry,770.1900024414062,765.0,0.10412364208904393,0.95,0.071,4.05,0.16897802734374995,0.04172296971450616
SPY,PS,0.3,W,0.5,2026-09-11,2026-09-18,2026-09-18,expiry,764.2899780273438,757.0,0.14592541268749165,1.0,0.061,4.0,0.9390000000000001,0.23475000000000001
SPY,PS,0.3,W,0.5,2026-09-18,2026-09-25,2026-09-21,take,761.6900024414062,757.0,0.10031669272567603,0.8800000000000001,0.122,4.12,0.6180000000000001,0.15000000000000002
SPY,PS,0.3,W,0.5,2026-09-25,2026-10-02,2026-09-28,expiry,771.3499755859375,765.0,0.1188511052165662,0.97,0.061,4.03,0.909,0.22555831265508683
SPY,PS,0.3,M,0.0,2024-03-15,2024-04-19,2024-04-19,expiry,509.8299865722656,502.0,0.12890549777727028,1.06,0.071,3.94,-4.011,-1.0180203045685279
SPY,PS,0.3,M,0.0,2024-04-19,2024-05-17,2024-05-17,expiry,495.1600036621094,484.0,0.1755679847366886,1.0100000000000002,0.061,3.9899999999999998,0.9490000000000003,0.23784461152882214
SPY,PS,0.3,M,0.0,2024-05-17,2024-06-21,2024-06-21,expiry,529.4500122070312,522.0,0.11214133225638342,1.0500000000000003,0.061,3.9499999999999997,0.9890000000000003,0.2503797468354431
SPY,PS,0.3,M,0.0,2024-06-21,2024-07-19,2024-07-19,expiry,544.510009765625,537.0,0.11384212564280558,1.0300000000000002,0.061,3.9699999999999998,0.9690000000000003,0.24408060453400512
SPY,PS,0.3,M,0.0,2024-07-19,2024-08-16,2024-08-16,expiry,548.989990234375,539.0,0.1501255524686746,1.0099999999999998,0.061,3.99,0.9489999999999998,0.237844611528822
SPY,PS,0.3,M,0.0,2024-08-16,2024-09-20,2024-09-20,expiry,554.3099975585938,544.0,0.14008095290447503,0.9299999999999997,0.061,4.07,0.8689999999999998,0.21351351351351344
SPY,PS,0.3,M,0.0,2024-09-20,2024-10-18,2024-10-18,expiry,568.25,558.0,0.1416161000157073,0.9400000000000004,0.061,4.06,0.8790000000000004,0.21650246305418733
SPY,PS,0.3,M,0.0,2024-10-18,2024-11-15,2024-11-15,expiry,584.5900268554688,573.0,0.15855492440682606,0.8800000000000008,0.061,4.119999999999999,0.8190000000000008,0.19878640776699052
SPY,PS,0.3,M,0.0,2024-11-15,2024-12-20,2024-12-20,expiry,585.75,574.0,0.1484782637877281,0.8399999999999999,0.07599999999999993,4.16,0.7639999999999999,0.1836538461538461
SPY,PS,0.3,M,0.0,2024-12-20,2025-01-17,2025-01-17,expiry,591.1500244140625,579.0,0.16519463405136148,1.31,0.07599999999999993,3.69,1.2340000000000002,0.3344173441734418
SPY,PS,0.3,M,0.0,2025-01-17,2025-02-21,2025-02-21,expiry,597.5800170898438,586.0,0.14189930454513294,1.0099999999999998,0.07599999999999993,3.99,0.9339999999999998,0.2340852130325814
SPY,PS,0.3,M,0.0,2025-02-21,2025-03-21,2025-03-21,expiry,599.9400024414062,587.0,0.17128720909438572,1.13,0.08599999999999992,3.87,-3.956,-1.0222222222222221
SPY,PS,0.3,M,0.0,2025-03-21,2025-04-17,2025-04-17,expiry,563.97998046875,551.0,0.18623263679413748,1.13,0.08599999999999992,3.87,-3.956,-1.0222222222222221
SPY,PS,0.3,M,0.0,2025-04-17,2025-05-16,2025-05-16,expiry,526.4099731445312,507.0,0.2892665557706341,0.9000000000000004,0.09099999999999986,4.1,0.8090000000000005,0.19731707317073185
SPY,PS,0.3,M,0.0,2025-05-16,2025-06-20,2025-06-20,expiry,594.2000122070312,581.0,0.16854531523518396,1.0199999999999996,0.09099999999999986,3.9800000000000004,0.9289999999999997,0.23341708542713557
SPY,PS,0.3,M,0.0,2025-06-20,2025-07-18,2025-07-18,expiry,594.280029296875,580.0,0.18982116356358902,0.9199999999999999,0.09099999999999986,4.08,0.8290000000000001,0.20318627450980392
SPY,PS,0.3,M,0.0,2025-07-18,2025-08-15,2025-08-15,expiry,627.5800170898438,616.0,0.1502035649755365,0.9300000000000006,0.07599999999999993,4.069999999999999,0.8540000000000006,0.20982800982801003
SPY,PS,0.3,M,0.0,2025-08-15,2025-09-19,2025-09-19,expiry,643.4400024414062,630.0,0.14524593367487254,0.8499999999999996,0.07599999999999993,4.15,0.7739999999999997,0.18650602409638545
SPY,PS,0.3,M,0.0,2025-09-19,2025-10-17,2025-10-17,expiry,663.7000122070312,652.0,0.13966874566376186,0.8800000000000008,0.061,4.119999999999999,0.8190000000000008,0.19878640776699052
SPY,PS,0.3,M,0.0,2025-10-17,2025-11-21,2025-11-21,expiry,664.3900146484375,646.0,0.19632161769774958,0.7200000000000006,0.09099999999999986,4.279999999999999,0.6290000000000008,0.14696261682243011
SPY,PS,0.3,M,0.0,2025-11-21,2025-12-19,2025-12-19,expiry,659.030029296875,641.0,0.22274776325122403,0.6700000000000008,0.09099999999999986,4.329999999999999,0.579000000000001,0.1337182448036954
SPY,PS,0.3,M,0.0,2025-12-19,2026-01-16,2026-01-16,expiry,680.5900268554688,669.0,0.13492335050569199,0.9199999999999999,0.061,4.08,0.859,0.2105392156862745
SPY,PS,0.3,M,0.0,2026-01-16,2026-02-20,2026-02-20,expiry,691.6599731445312,678.0,0.14745028945887706,0.9500000000000002,0.09099999999999986,4.05,0.8590000000000003,0.21209876543209885
SPY,PS,0.3,M,0.0,2026-02-20,2026-03-20,2026-03-20,expiry,689.4299926757812,673.0,0.19379428419588834,1.0299999999999994,0.10099999999999985,3.9700000000000006,-4.071000000000001,-1.02544080604534
SPY,PS,0.3,M,0.0,2026-03-20,2026-04-17,2026-04-17,expiry,648.5700073242188,628.0,0.25829020454643226,0.9800000000000004,0.09099999999999986,2.0199999999999996,0.8890000000000006,0.4400990099009905
SPY,PS,0.3,M,0.0,2026-04-17,2026-05-15,2026-05-15,expiry,710.1400146484375,696.0,0.1589853583923706,1.0199999999999996,0.09099999999999986,3.9800000000000004,0.9289999999999997,0.23341708542713557
SPY,PS,0.3,M,0.0,2026-05-15,2026-06-18,2026-06-18,expiry,739.1699829101562,721.0,0.18637575609126772,1.3000000000000007,0.09099999999999986,3.6999999999999993,1.209000000000001,0.3267567567567571
SPY,PS,0.3,M,0.0,2026-06-18,2026-07-17,2026-07-17,expiry,746.739990234375,733.0,0.14853354998415136,0.8700000000000001,0.09099999999999986,4.13,0.7790000000000002,0.1886198547215497
SPY,PS,0.3,M,0.0,2026-07-17,2026-08-21,2026-08-21,expiry,743.2899780273438,725.0,0.178602791085336,0.9900000000000002,0.09099999999999986,4.01,0.8990000000000004,0.22418952618453875
SPY,PS,0.3,M,0.0,2026-08-21,2026-09-18,2026-09-18,expiry,765.719970703125,752.0,0.14503201184932396,1.12,0.07599999999999993,3.88,1.0440000000000003,0.2690721649484537
SPY,PS,0.3,M,0.0,2026-09-18,2026-10-16,2026-09-28,expiry,761.6900024414062,750.0,0.12860667164389217,0.9799999999999995,0.07599999999999993,4.0200000000000005,0.9039999999999996,0.22487562189054713
SPY,PS,0.3,M,0.5,2024-03-15,2024-04-19,2024-03-20,take,509.8299865722656,502.0,0.12890549777727028,1.06,0.122,3.94,0.5580000000000003,0.14162436548223356
SPY,PS,0.3,M,0.5,2024-04-19,2024-05-17,2024-04-23,take,495.1600036621094,484.0,0.1755679847366886,1.0100000000000002,0.122,3.9899999999999998,0.48800000000000016,0.12230576441102761
SPY,PS,0.3,M,0.5,2024-05-17,2024-06-21,2024-06-10,take,529.4500122070312,522.0,0.11214133225638342,1.0500000000000003,0.122,3.9499999999999997,0.4980000000000004,0.1260759493670887
SPY,PS,0.3,M,0.5,2024-06-21,2024-07-19,2024-07-02,take,544.510009765625,537.0,0.11384212564280558,1.0300000000000002,0.122,3.9699999999999998,0.44800000000000034,0.11284634760705299
SPY,PS,0.3,M,0.5,2024-07-19,2024-08-16,2024-08-15,take,548.989990234375,539.0,0.1501255524686746,1.0099999999999998,0.122,3.99,0.8379999999999999,0.21002506265664156
SPY,PS,0.3,M,0.5,2024-08-16,2024-09-20,2024-08-30,take,554.3099975585938,544.0,0.14008095290447503,0.9299999999999997,0.122,4.07,0.36799999999999977,0.09041769041769035
SPY,PS,0.3,M,0.5,2024-09-20,2024-10-18,2024-10-08,take,568.25,558.0,0.1416161000157073,0.9400000000000004,0.122,4.06,0.37800000000000045,0.09310344827586219
SPY,PS,0.3,M,0.5,2024-10-18,2024-11-15,2024-11-06,take,584.5900268554688,573.0,0.15855492440682606,0.8800000000000008,0.122,4.119999999999999,0.4580000000000008,0.11116504854368954
SPY,PS,0.3,M,0.5,2024-11-15,2024-12-20,2024-11-25,take,585.75,574.0,0.1484782637877281,0.8399999999999999,0.13699999999999993,4.16,0.4329999999999999,0.10408653846153842
SPY,PS,0.3,M,0.5,2024-12-20,2025-01-17,2024-12-24,take,591.1500244140625,579.0,0.16519463405136148,1.31,0.13699999999999993,3.69,0.923,0.25013550135501356
SPY,PS,0.3,M,0.5,2025-01-17,2025-02-21,2025-01-23,take,597.5800170898438,586.0,0.14189930454513294,1.0099999999999998,0.13699999999999993,3.99,0.4629999999999997,0.11604010025062649
SPY,PS,0.3,M,0.5,2025-02-21,2025-03-21,2025-03-21,expiry,599.9400024414062,587.0,0.17128720909438572,1.13,0.08599999999999992,3.87,-3.956,-1.0222222222222221
SPY,PS,0.3,M,0.5,2025-03-21,2025-04-17,2025-03-25,take,563.97998046875,551.0,0.18623263679413748,1.13,0.13699999999999993,3.87,0.4629999999999999,0.11963824289405682
SPY,PS,0.3,M,0.5,2025-04-17,2025-05-16,2025-04-25,take,526.4099731445312,507.0,0.2892665557706341,0.9000000000000004,0.15199999999999986,4.1,0.3880000000000004,0.09463414634146353
SPY,PS,0.3,M,0.5,2025-05-16,2025-06-20,2025-06-06,take,594.2000122070312,581.0,0.16854531523518396,1.0199999999999996,0.15199999999999986,3.9800000000000004,0.3779999999999997,0.09497487437185921
SPY,PS,0.3,M,0.5,2025-06-20,2025-07-18,2025-06-24,take,594.280029296875,580.0,0.18982116356358902,0.9199999999999999,0.15199999999999986,4.08,0.3479999999999999,0.0852941176470588
SPY,PS,0.3,M,0.5,2025-07-18,2025-08-15,2025-07-28,take,627.5800170898438,616.0,0.1502035649755365,0.9300000000000006,0.13699999999999993,4.069999999999999,0.3430000000000007,0.08427518427518446
SPY,PS,0.3,M,0.5,2025-08-15,2025-09-19,2025-09-08,take,643.4400024414062,630.0,0.14524593367487254,0.8499999999999996,0.13699999999999993,4.15,0.3329999999999998,0.08024096385542163
SPY,PS,0.3,M,0.5,2025-09-19,2025-10-17,2025-10-06,take,663.7000122070312,652.0,0.13966874566376186,0.8800000000000008,0.122,4.119999999999999,0.49800000000000083,0.12087378640776722
SPY,PS,0.3,M,0.5,2025-10-17,2025-11-21,2025-10-27,take,664.3900146484375,646.0,0.19632161769774958,0.7200000000000006,0.15199999999999986,4.279999999999999,0.2280000000000007,0.05327102803738335
SPY,PS,0.3,M,0.5,2025-11-21,2025-12-19,2025-11-26,take,659.030029296875,641.0,0.22274776325122403,0.6700000000000008,0.15199999999999986,4.329999999999999,0.1880000000000011,0.043418013856813195
SPY,PS,0.3,M,0.5,2025-12-19,2026-01-16,2025-12-24,take,680.5900268554688,669.0,0.13492335050569199,0.9199999999999999,0.122,4.08,0.348,0.08529411764705881
SPY,PS,0.3,M,0.5,2026-01-16,2026-02-20,2026-02-20,expiry,691.6599731445312,678.0,0.14745028945887706,0.9500000000000002,0.09099999999999986,4.05,0.8590000000000003,0.21209876543209885
SPY,PS,0.3,M,0.5,2026-02-20,2026-03-20,2026-03-20,expiry,689.4299926757812,673.0,0.19379428419588834,1.0299999999999994,0.10099999999999985,3.9700000000000006,-4.071000000000001,-1.02544080604534
SPY,PS,0.3,M,0.5,2026-03-20,2026-04-17,2026-04-06,take,648.5700073242188,628.0,0.25829020454643226,0.9800000000000004,0.15199999999999986,2.0199999999999996,0.4880000000000007,0.241584158415842
SPY,PS,0.3,M,0.5,2026-04-17,2026-05-15,2026-04-30,take,710.1400146484375,696.0,0.1589853583923706,1.0199999999999996,0.15199999999999986,3.9800000000000004,0.39799999999999974,0.09999999999999992
SPY,PS,0.3,M,0.5,2026-05-15,2026-06-18,2026-05-18,take,739.1699829101562,721.0,0.18637575609126772,1.3000000000000007,0.18199999999999972,3.6999999999999993,0.6780000000000006,0.18324324324324345
SPY,PS,0.3,M,0.5,2026-06-18,2026-07-17,2026-06-24,take,746.739990234375,733.0,0.14853354998415136,0.8700000000000001,0.18199999999999972,4.13,0.6880000000000004,0.16658595641646498
SPY,PS,0.3,M,0.5,2026-07-17,2026-08-21,2026-08-03,take,743.2899780273438,725.0,0.178602791085336,0.9900000000000002,0.15199999999999986,4.01,0.5680000000000003,0.14164588528678312
SPY,PS,0.3,M,0.5,2026-08-21,2026-09-18,2026-09-03,take,765.719970703125,752.0,0.14503201184932396,1.12,0.13699999999999993,3.88,0.5230000000000001,0.13479381443298974
SPY,PS,0.3,M,0.5,2026-09-18,2026-10-16,2026-09-22,take,761.6900024414062,750.0,0.12860667164389217,0.9799999999999995,0.13699999999999993,4.0200000000000005,0.3729999999999994,0.09278606965174113
SPY,IC,0.1,W,0.0,2024-02-23,2024-03-01,2024-03-01,expiry,507.8500061035156,498.0,0.11650360227778825,0.5,0.122,4.5,0.378,0.084
SPY,IC,0.1,W,0.0,2024-03-01,2024-03-08,2024-03-08,expiry,512.8499755859375,502.0,0.11961932441053405,0.42000000000000004,0.122,4.58,0.29800000000000004,0.06506550218340612
SPY,IC,0.1,W,0.0,2024-03-08,2024-03-15,2024-03-15,expiry,511.7200012207031,497.0,0.16565886183022688,0.5099999999999999,0.122,4.49,0.3879999999999999,0.08641425389755009
SPY,IC,0.1,W,0.0,2024-03-15,2024-03-22,2024-03-22,expiry,509.8299865722656,497.0,0.14601362456466238,0.5800000000000001,0.122,4.42,0.4580000000000001,0.10361990950226246
SPY,IC,0.1,W,0.0,2024-03-22,2024-03-28,2024-03-28,expiry,521.2100219726562,512.0,0.10647364074520624,0.4000000000000001,0.122,4.6,0.2780000000000001,0.06043478260869568
SPY,IC,0.1,W,0.0,2024-03-28,2024-04-05,2024-04-05,expiry,523.0700073242188,513.0,0.10385411387885868,0.47000000000000003,0.122,4.53,0.34800000000000003,0.07682119205298013
SPY,IC,0.1,W,0.0,2024-04-05,2024-04-12,2024-04-12,expiry,518.4299926757812,502.5,0.17563761034601572,0.5599999999999998,0.122,4.44,0.43799999999999983,0.0986486486486486
SPY,IC,0.1,W,0.0,2024-04-12,2024-04-19,2024-04-19,expiry,510.8500061035156,494.0,0.18819704449026575,0.5399999999999999,0.122,4.46,0.4179999999999999,0.0937219730941704
SPY,IC,0.1,W,0.0,2024-04-19,2024-04-26,2024-04-26,expiry,495.1600036621094,480.0,0.18367070105640132,0.63,0.122,4.37,0.508,0.11624713958810068
SPY,IC,0.1,W,0.0,2024-04-26,2024-05-03,2024-05-03,expiry,508.260009765625,494.0,0.15898447996460496,0.58,0.122,4.42,0.45799999999999996,0.10361990950226244
SPY,IC,0.1,W,0.0,2024-05-03,2024-05-10,2024-05-10,expiry,511.2900085449219,502.0,0.1096080623096567,0.5399999999999999,0.122,4.46,0.4179999999999999,0.0937219730941704
SPY,IC,0.1,W,0.0,2024-05-10,2024-05-17,2024-05-17,expiry,520.8400268554688,510.0,0.12238159936940937,0.5800000000000001,0.122,4.42,0.4580000000000001,0.10361990950226246
SPY,IC,0.1,W,0.0,2024-05-17,2024-05-24,2024-05-24,expiry,529.4500122070312,520.0,0.10036989923253975,0.43000000000000005,0.122,4.57,0.30800000000000005,0.06739606126914661
SPY,IC,0.1,W,0.0,2024-05-24,2024-05-31,2024-05-31,expiry,529.4400024414062,521.0,0.09257392126009947,0.37,0.122,4.63,0.248,0.05356371490280778
SPY,IC,0.1,W,0.0,2024-05-31,2024-06-07,2024-06-07,expiry,527.3699951171875,517.0,0.11339643162933621,0.47000000000000003,0.122,4.53,0.34800000000000003,0.07682119205298013
SPY,IC,0.1,W,0.0,2024-06-07,2024-06-14,2024-06-14,expiry,534.010009765625,522.0,0.13225801648107377,0.5999999999999999,0.122,4.4,0.47799999999999987,0.1086363636363636
SPY,IC,0.1,W,0.0,2024-06-14,2024-06-21,2024-06-21,expiry,542.780029296875,531.0,0.12618109863177956,0.36,0.122,4.64,0.238,0.05129310344827586
SPY,IC,0.1,W,0.0,2024-06-21,2024-06-28,2024-06-28,expiry,544.510009765625,534.0,0.10942012487190553,0.47000000000000003,0.122,4.53,0.34800000000000003,0.07682119205298013
SPY,IC,0.1,W,0.0,2024-06-28,2024-07-05,2024-07-05,expiry,544.219970703125,535.0,0.09897312356035098,0.5199999999999999,0.132,4.48,-1.2520146484374999,-0.27946755545479907
SPY,IC,0.1,W,0.0,2024-07-05,2024-07-12,2024-07-12,expiry,554.6400146484375,544.0,0.10989861460948325,0.35,0.122,4.65,0.22799999999999998,0.049032258064516124
SPY,IC,0.1,W,0.0,2024-07-12,2024-07-19,2024-07-19,expiry,559.989990234375,550.0,0.10547563985486935,0.49000000000000005,0.132,4.51,-0.652009765625,-0.14456979282150778
SPY,IC,0.1,W,0.0,2024-07-19,2024-07-26,2024-07-26,expiry,548.989990234375,535.0,0.15099092213044601,0.5599999999999999,0.122,4.44,0.43799999999999994,0.09864864864864863
SPY,IC,0.1,W,0.0,2024-07-26,2024-08-02,2024-08-02,expiry,544.4400024414062,527.0,0.18335028701182526,0.6700000000000002,0.122,4.33,0.5480000000000002,0.12655889145496538
SPY,IC,0.1,W,0.0,2024-08-02,2024-08-09,2024-08-09,expiry,532.9000244140625,510.0,0.2467504249361288,0.7100000000000001,0.122,4.29,0.5880000000000001,0.13706293706293707
SPY,IC,0.1,W,0.0,2024-08-09,2024-08-16,2024-08-16,expiry,532.989990234375,512.0,0.23138409585887282,0.64,0.132,4.36,-4.492,-1.0302752293577981
SPY,IC,0.1,W,0.0,2024-08-16,2024-08-23,2024-08-23,expiry,554.3099975585938,541.0,0.13498762994138458,0.47000000000000003,0.122,4.53,0.34800000000000003,0.07682119205298013
SPY,IC,0.1,W,0.0,2024-08-23,2024-08-30,2024-08-30,expiry,562.1300048828125,548.0,0.14135277566590648,0.58,0.122,4.42,0.45799999999999996,0.10361990950226244
SPY,IC,0.1,W,0.0,2024-08-30,2024-09-06,2024-09-06,expiry,563.6799926757812,551.0,0.13173603431386982,0.63,0.132,4.37,-4.502,-1.0302059496567504
SPY,IC,0.1,W,0.0,2024-09-06,2024-09-13,2024-09-13,expiry,540.3599853515625,518.0,0.2390487479761093,0.65,0.132,4.35,-4.481999999999999,-1.0303448275862068
SPY,IC,0.1,W,0.0,2024-09-13,2024-09-20,2024-09-20,expiry,562.010009765625,543.0,0.19584966453596403,0.54,0.122,4.46,0.41800000000000004,0.09372197309417041
SPY,IC,0.1,W,0.0,2024-09-20,2024-09-27,2024-09-27,expiry,568.25,554.0,0.14144434762699637,0.49000000000000005,0.122,4.51,0.36800000000000005,0.08159645232815967
SPY,IC,0.1,W,0.0,2024-09-27,2024-10-04,2024-10-04,expiry,571.469970703125,555.0,0.168919410928148,0.6000000000000001,0.122,4.4,0.4780000000000001,0.10863636363636364
SPY,IC,0.1,W,0.0,2024-10-04,2024-10-11,2024-10-11,expiry,572.97998046875,554.0,0.18830976149590112,0.5499999999999998,0.122,4.45,0.4279999999999998,0.09617977528089883
SPY,IC,0.1,W,0.0,2024-10-11,2024-10-18,2024-10-18,expiry,579.5800170898438,564.0,0.1587011094847221,0.47000000000000003,0.122,4.53,0.34800000000000003,0.07682119205298013
SPY,IC,0.1,W,0.0,2024-10-18,2024-10-25,2024-10-25,expiry,584.5900268554688,573.0,0.1172346484173589,0.44999999999999996,0.122,4.55,0.32799999999999996,0.07208791208791208
SPY,IC,0.1,W,0.0,2024-10-25,2024-11-01,2024-11-01,expiry,579.0399780273438,560.0,0.19028600122697248,0.59,0.122,4.41,0.46799999999999997,0.10612244897959183
SPY,IC,0.1,W,0.0,2024-11-01,2024-11-08,2024-11-08,expiry,571.0399780273438,546.0,0.2573977148564208,0.8400000000000001,0.132,4.16,-4.292,-1.0317307692307691
SPY,IC,0.1,W,0.0,2024-11-08,2024-11-15,2024-11-15,expiry,598.1900024414062,584.0,0.14004916206984824,0.52,0.122,4.48,0.398,0.0888392857142857
SPY,IC,0.1,W,0.0,2024-11-15,2024-11-22,2024-11-22,expiry,585.75,570.0,0.15826364706966334,0.58,0.122,4.42,0.45799999999999996,0.10361990950226244
SPY,IC,0.1,W,0.0,2024-11-22,2024-11-29,2024-11-29,expiry,595.510009765625,584.0,0.11389234030880108,0.48000000000000004,0.122,4.52,0.35800000000000004,0.07920353982300887
SPY,IC,0.1,W,0.0,2024-11-29,2024-12-06,2024-12-06,expiry,602.5499877929688,591.0,0.11220289860278893,0.43999999999999995,0.122,4.5600000000000005,0.31799999999999995,0.06973684210526314
SPY,IC,0.1,W,0.0,2024-12-06,2024-12-13,2024-12-13,expiry,607.8099975585938,598.0,0.09670563418009853,0.49,0.122,4.51,0.368,0.08159645232815965
SPY,IC,0.1,W,0.0,2024-12-13,2024-12-20,2024-12-20,expiry,604.2100219726562,590.0,0.13417343003130677,0.44,0.122,4.56,0.318,0.06973684210526317
SPY,IC,0.1,W,0.0,2024-12-20,2024-12-27,2024-12-27,expiry,591.1500244140625,571.0,0.1942743204455144,0.6099999999999999,0.122,5.390000000000001,0.4879999999999999,0.09053803339517622
SPY,IC,0.1,W,0.0,2024-12-27,2025-01-03,2025-01-03,expiry,595.010009765625,581.0,0.13687585390091794,0.6,0.122,4.4,0.478,0.10863636363636363
SPY,IC,0.1,W,0.0,2025-01-03,2025-01-10,2025-01-10,expiry,591.9500122070312,577.0,0.14208855755687372,0.62,0.122,4.38,0.498,0.1136986301369863
SPY,IC,0.1,W,0.0,2025-01-10,2025-01-17,2025-01-17,expiry,580.489990234375,561.0,0.1958442882341795,0.68,0.132,4.32,-1.03201708984375,-0.2388928448712384
SPY,IC,0.1,W,0.0,2025-01-17,2025-01-24,2025-01-24,expiry,597.5800170898438,582.0,0.1485861458445838,0.63,0.122,4.37,0.508,0.11624713958810068
SPY,IC,0.1,W,0.0,2025-01-24,2025-01-31,2025-01-31,expiry,607.969970703125,593.0,0.13849814232893265,0.59,0.122,4.41,0.46799999999999997,0.10612244897959183
SPY,IC,0.1,W,0.0,2025-01-31,2025-02-07,2025-02-07,expiry,601.8200073242188,584.0,0.1711883330463,0.75,0.122,4.25,0.628,0.14776470588235294
SPY,IC,0.1,W,0.0,2025-02-07,2025-02-14,2025-02-14,expiry,600.77001953125,584.0,0.16080158903017933,0.66,0.122,4.34,0.538,0.123963133640553
SPY,IC,0.1,W,0.0,2025-02-14,2025-02-21,2025-02-21,expiry,609.7000122070312,597.0,0.12201746306924313,0.5,0.122,4.5,0.378,0.084
SPY,IC,0.1,W,0.0,2025-02-21,2025-02-28,2025-02-28,expiry,599.9400024414062,580.0,0.19198048480600116,0.63,0.122,4.37,0.508,0.11624713958810068
SPY,IC,0.1,W,0.0,2025-02-28,2025-03-07,2025-03-07,expiry,594.1799926757812,572.0,0.21248460787943446,0.7,0.122,4.3,0.578,0.1344186046511628
SPY,IC,0.1,W,0.0,2025-03-07,2025-03-14,2025-03-14,expiry,575.9199829101562,550.0,0.25966409193641105,0.8300000000000001,0.122,4.17,0.7080000000000001,0.1697841726618705
SPY,IC,0.1,W,0.0,2025-03-14,2025-03-21,2025-03-21,expiry,562.8099975585938,537.0,0.26568156372108176,0.73,0.122,4.27,0.608,0.14238875878220142
SPY,IC,0.1,W,0.0,2025-03-21,2025-03-28,2025-03-28,expiry,563.97998046875,546.0,0.18671262598886107,0.7,0.122,4.3,0.578,0.1344186046511628
SPY,IC,0.1,W,0.0,2025-03-28,2025-04-04,2025-04-04,expiry,555.6599731445312,532.0,0.24674638568759,0.78,0.132,4.22,-4.351999999999999,-1.0312796208530806
SPY,IC,0.1,W,0.0,2025-04-04,2025-04-11,2025-04-11,expiry,505.2799987792969,445.0,0.7393154349923583,0.8300000000000004,0.122,4.17,0.7080000000000004,0.1697841726618706
SPY,IC,0.1,W,0.0,2025-04-11,2025-04-17,2025-04-17,expiry,533.9400024414062,488.0,0.5520890637338942,0.7699999999999998,0.122,4.23,0.6479999999999998,0.15319148936170207
SPY,IC,0.1,W,0.0,2025-04-17,2025-04-25,2025-04-25,expiry,526.4099731445312,498.0,0.2999585431521463,0.8099999999999998,0.132,4.19,-0.9620146484375002,-0.22959776812350838
SPY,IC,0.1,W,0.0,2025-04-25,2025-05-02,2025-05-02,expiry,550.6400146484375,524.0,0.2803318617243459,0.7600000000000002,0.122,4.24,0.6380000000000002,0.1504716981132076
SPY,IC,0.1,W,0.0,2025-05-02,2025-05-09,2025-05-09,expiry,566.760009765625,543.0,0.24332435496017912,0.6499999999999999,0.122,4.35,0.5279999999999999,0.12137931034482757
SPY,IC,0.1,W,0.0,2025-05-09,2025-05-16,2025-05-16,expiry,564.3400268554688,542.0,0.22864049705086098,0.75,0.132,4.25,-4.382,-1.0310588235294116
SPY,IC,0.1,W,0.0,2025-05-16,2025-05-23,2025-05-23,expiry,594.2000122070312,578.0,0.15988179447235673,0.79,0.122,4.21,0.668,0.15866983372921617
SPY,IC,0.1,W,0.0,2025-05-23,2025-05-30,2025-05-30,expiry,579.1099853515625,556.0,0.22910280819908002,0.6900000000000001,0.122,4.31,0.5680000000000001,0.1317865429234339
SPY,IC,0.1,W,0.0,2025-05-30,2025-06-06,2025-06-06,expiry,589.3900146484375,571.0,0.18293695412783845,0.7200000000000001,0.122,4.28,0.5980000000000001,0.1397196261682243
SPY,IC,0.1,W,0.0,2025-06-06,2025-06-13,2025-06-13,expiry,599.1400146484375,583.0,0.154815873161535,0.65,0.122,4.35,0.528,0.1213793103448276
SPY,IC,0.1,W,0.0,2025-06-13,2025-06-20,2025-06-20,expiry,597.0,573.0,0.23258877551514645,0.5499999999999998,0.122,4.45,0.4279999999999998,0.09617977528089883
SPY,IC,0.1,W,0.0,2025-06-20,2025-06-27,2025-06-27,expiry,594.280029296875,573.0,0.2127235875916732,0.7500000000000001,0.132,4.25,-4.382,-1.0310588235294116
SPY,IC,0.1,W,0.0,2025-06-27,2025-07-03,2025-07-03,expiry,614.9099731445312,601.0,0.13938945090181615,0.51,0.132,4.49,0.03797314453125001,0.008457270496937641
SPY,IC,0.1,W,0.0,2025-07-03,2025-07-11,2025-07-11,expiry,625.3400268554688,608.0,0.1487796380918021,0.38,0.122,4.62,0.258,0.05584415584415584
SPY,IC,0.1,W,0.0,2025-07-11,2025-07-18,2025-07-18,expiry,623.6199951171875,608.0,0.1478034949674792,0.5800000000000001,0.122,4.42,0.4580000000000001,0.10361990950226246
SPY,IC,0.1,W,0.0,2025-07-18,2025-07-25,2025-07-25,expiry,627.5800170898438,614.0,0.126328225602938,0.53,0.122,4.47,0.40800000000000003,0.09127516778523491
SPY,IC,0.1,W,0.0,2025-07-25,2025-08-01,2025-08-01,expiry,637.0999755859375,621.0,0.14909884001541612,0.52,0.122,4.48,0.398,0.0888392857142857
SPY,IC,0.1,W,0.0,2025-08-01,2025-08-08,2025-08-08,expiry,621.719970703125,597.5,0.2273438129011756,0.6699999999999999,0.132,4.33,0.3580073242187499,0.08268067533920322
SPY,IC,0.1,W,0.0,2025-08-08,2025-08-15,2025-08-15,expiry,637.1799926757812,622.0,0.1399217904737471,0.62,0.122,5.38,0.498,0.09256505576208178
SPY,IC,0.1,W,0.0,2025-08-15,2025-08-22,2025-08-22,expiry,643.4400024414062,627.0,0.14925615971382628,0.5800000000000001,0.122,4.42,0.4580000000000001,0.10361990950226246
SPY,IC,0.1,W,0.0,2025-08-22,2025-08-29,2025-08-29,expiry,645.3099975585938,631.0,0.13187965118684708,0.6199999999999999,0.122,4.38,0.4979999999999999,0.11369863013698628
SPY,IC,0.1,W,0.0,2025-08-29,2025-09-05,2025-09-05,expiry,645.0499877929688,629.0,0.14135339859024187,0.5899999999999999,0.122,4.41,0.46799999999999986,0.1061224489795918
SPY,IC,0.1,W,0.0,2025-09-05,2025-09-12,2025-09-12,expiry,647.239990234375,631.0,0.14462094239192996,0.5700000000000001,0.132,4.43,0.028026855468750063,0.006326603943284439
SPY,IC,0.1,W,0.0,2025-09-12,2025-09-19,2025-09-19,expiry,657.4099731445312,638.0,0.16869238595435765,0.54,0.122,4.46,0.41800000000000004,0.09372197309417041
SPY,IC,0.1,W,0.0,2025-09-19,2025-09-26,2025-09-26,expiry,663.7000122070312,647.0,0.14269443168355284,0.43,0.122,4.57,0.308,0.0673960612691466
SPY,IC,0.1,W,0.0,2025-09-26,2025-10-03,2025-10-03,expiry,661.8200073242188,646.0,0.1363549274129805,0.58,0.122,4.42,0.45799999999999996,0.10361990950226244
SPY,IC,0.1,W,0.0,2025-10-03,2025-10-10,2025-10-10,expiry,669.2100219726562,650.0,0.1632453023122209,0.5,0.122,4.5,0.378,0.084
SPY,IC,0.1,W,0.0,2025-10-10,2025-10-17,2025-10-17,expiry,653.02001953125,624.0,0.2600727053550852,0.57,0.122,4.43,0.44799999999999995,0.10112866817155756
SPY,IC,0.1,W,0.0,2025-10-17,2025-10-24,2025-10-24,expiry,664.3900146484375,638.0,0.22648879651696452,0.65,0.122,4.35,0.528,0.1213793103448276
SPY,IC,0.1,W,0.0,2025-10-24,2025-10-31,2025-10-31,expiry,677.25,656.0,0.18348909518120238,0.57,0.122,4.43,0.44799999999999995,0.10112866817155756
SPY,IC,0.1,W,0.0,2025-10-31,2025-11-07,2025-11-07,expiry,682.0599975585938,662.0,0.16956409284142848,0.62,0.122,4.38,0.498,0.1136986301369863
SPY,IC,0.1,W,0.0,2025-11-07,2025-11-14,2025-11-14,expiry,670.969970703125,649.0,0.18673170897410235,0.6999999999999998,0.122,4.3,0.5779999999999998,0.13441860465116276
SPY,IC,0.1,W,0.0,2025-11-14,2025-11-21,2025-11-21,expiry,671.9299926757812,646.0,0.22700090662425487,0.7300000000000001,0.122,4.27,0.6080000000000001,0.14238875878220145
SPY,IC,0.1,W,0.0,2025-11-21,2025-11-28,2025-11-28,expiry,659.030029296875,632.0,0.23985626789779402,0.7400000000000002,0.132,4.26,-4.3919999999999995,-1.0309859154929577
SPY,IC,0.1,W,0.0,2025-11-28,2025-12-05,2025-12-05,expiry,683.3900146484375,666.0,0.14814875569802466,0.5299999999999999,0.122,4.47,0.4079999999999999,0.09127516778523488
SPY,IC,0.1,W,0.0,2025-12-05,2025-12-12,2025-12-12,expiry,685.6900024414062,668.0,0.1512235926975813,0.66,0.122,4.34,0.538,0.123963133640553
SPY,IC,0.1,W,0.0,2025-12-12,2025-12-19,2025-12-19,expiry,681.760009765625,661.0,0.17272892558741781,0.61,0.122,4.39,0.488,0.1111617312072893
SPY,IC,0.1,W,0.0,2025-12-19,2025-12-26,2025-12-26,expiry,680.5900268554688,668.0,0.1087790346702657,0.46,0.132,4.54,0.01800244140625002,0.003965295463931723
SPY,IC,0.1,W,0.0,2025-12-26,2026-01-02,2026-01-02,expiry,690.3099975585938,679.0,0.0972604389870364,0.5,0.122,4.5,0.378,0.084
SPY,IC,0.1,W,0.0,2026-01-02,2026-01-09,2026-01-09,expiry,683.1699829101562,669.0,0.12149406560672929,0.6699999999999999,0.132,4.33,0.4679926757812499,0.10808144937211314
SPY,IC,0.1,W,0.0,2026-01-09,2026-01-16,2026-01-16,expiry,694.0700073242188,679.0,0.12730442069624864,0.6099999999999999,0.122,4.390000000000001,0.4879999999999999,0.11116173120728925
SPY,IC,0.1,W,0.0,2026-01-16,2026-01-23,2026-01-23,expiry,691.6599731445312,676.0,0.12955587836292065,0.5099999999999999,0.122,4.49,0.3879999999999999,0.08641425389755009
SPY,IC,0.1,W,0.0,2026-01-23,2026-01-30,2026-01-30,expiry,689.22998046875,667.0,0.1851319363934138,0.6199999999999999,0.122,4.38,0.4979999999999999,0.11369863013698628
SPY,IC,0.1,W,0.0,2026-01-30,2026-02-06,2026-02-06,expiry,691.969970703125,669.0,0.19298319485235,0.63,0.122,4.37,0.508,0.11624713958810068
SPY,IC,0.1,W,0.0,2026-02-06,2026-02-13,2026-02-13,expiry,690.6199951171875,667.0,0.19792814476640608,0.65,0.122,4.35,0.528,0.1213793103448276
SPY,IC,0.1,W,0.0,2026-02-13,2026-02-20,2026-02-20,expiry,681.75,655.0,0.2276864025099048,0.7100000000000001,0.122,4.29,0.5880000000000001,0.13706293706293707
SPY,IC,0.1,W,0.0,2026-02-20,2026-02-27,2026-02-27,expiry,689.4299926757812,663.0,0.22430115108361676,0.6799999999999999,0.122,4.32,0.5579999999999999,0.12916666666666665
SPY,IC,0.1,W,0.0,2026-02-27,2026-03-06,2026-03-06,expiry,685.989990234375,659.0,0.23181234307581344,0.7799999999999998,0.122,4.220000000000001,0.6579999999999998,0.15592417061611366
SPY,IC,0.1,W,0.0,2026-03-06,2026-03-13,2026-03-13,expiry,672.3800048828125,630.0,0.3682049278878069,0.77,0.122,4.23,0.648,0.15319148936170213
SPY,IC,0.1,W,0.0,2026-03-13,2026-03-20,2026-03-20,expiry,662.2899780273438,625.0,0.33169856540006115,0.8200000000000001,0.122,4.18,0.6980000000000001,0.16698564593301438
SPY,IC,0.1,W,0.0,2026-03-20,2026-03-27,2026-03-27,expiry,648.5700073242188,617.0,0.2862500765494006,0.82,0.122,4.18,0.698,0.16698564593301435
SPY,IC,0.1,W,0.0,2026-03-27,2026-04-02,2026-04-02,expiry,634.0900268554688,602.0,0.31394735184402245,0.78,0.122,4.22,0.658,0.15592417061611377
SPY,IC,0.1,W,0.0,2026-04-02,2026-04-10,2026-04-10,expiry,655.8300170898438,625.0,0.25661631562797516,0.7699999999999999,0.132,4.23,-3.8220219726562497,-0.9035512937721629
SPY,IC,0.1,W,0.0,2026-04-10,2026-04-17,2026-04-17,expiry,679.4600219726562,657.0,0.19278032277289336,0.66,0.132,4.34,-4.4719999999999995,-1.0304147465437787
SPY,IC,0.1,W,0.0,2026-04-17,2026-04-24,2026-04-24,expiry,710.1400146484375,690.0,0.16333467293218856,0.66,0.122,4.34,0.538,0.123963133640553
SPY,IC,0.1,W,0.0,2026-04-24,2026-05-01,2026-05-01,expiry,713.9400024414062,690.0,0.19612712748262445,0.72,0.122,4.28,0.598,0.13971962616822428
SPY,IC,0.1,W,0.0,2026-05-01,2026-05-08,2026-05-08,expiry,720.6500244140625,700.0,0.1644784229808423,0.63,0.132,4.37,-3.1219951171875,-0.7144153586241418
SPY,IC,0.1,W,0.0,2026-05-08,2026-05-15,2026-05-15,expiry,737.6199951171875,717.0,0.1588623529828253,0.56,0.122,4.4399999999999995,0.43800000000000006,0.09864864864864867
SPY,IC,0.1,W,0.0,2026-05-15,2026-05-22,2026-05-22,expiry,739.1699829101562,715.0,0.19126560493647504,0.7,0.122,4.3,0.578,0.1344186046511628
SPY,IC,0.1,W,0.0,2026-05-22,2026-05-29,2026-05-29,expiry,745.6400146484375,725.0,0.15891662438368143,0.5499999999999999,0.122,4.45,0.42799999999999994,0.09617977528089885
SPY,IC,0.1,W,0.0,2026-05-29,2026-06-05,2026-06-05,expiry,756.47998046875,738.0,0.1409887457552748,0.63,0.132,4.37,0.047987792968750005,0.010981188322368421
SPY,IC,0.1,W,0.0,2026-06-05,2026-06-12,2026-06-12,expiry,737.5499877929688,700.0,0.29929161383616554,0.69,0.122,4.3100000000000005,0.568,0.13178654292343384
SPY,IC,0.1,W,0.0,2026-06-12,2026-06-18,2026-06-18,expiry,741.75,717.0,0.20484647856457494,0.65,0.122,4.35,0.528,0.1213793103448276
SPY,IC,0.1,W,0.0,2026-06-18,2026-06-26,2026-06-26,expiry,746.739990234375,725.0,0.15948221007853652,0.69,0.122,4.3100000000000005,0.568,0.13178654292343384
SPY,IC,0.1,W,0.0,2026-06-26,2026-07-02,2026-07-02,expiry,728.989990234375,709.0,0.17232951005958647,0.7699999999999999,0.122,4.23,0.6479999999999999,0.1531914893617021
SPY,IC,0.1,W,0.0,2026-07-02,2026-07-10,2026-07-10,expiry,744.780029296875,725.0,0.14398916868935935,0.58,0.122,4.42,0.45799999999999996,0.10361990950226244
SPY,IC,0.1,W,0.0,2026-07-10,2026-07-17,2026-07-17,expiry,754.9500122070312,739.0,0.12410239742704171,0.5000000000000001,0.122,4.5,0.3780000000000001,0.08400000000000002
SPY,IC,0.1,W,0.0,2026-07-17,2026-07-24,2026-07-24,expiry,743.2899780273438,718.0,0.1965889733485897,0.68,0.122,4.32,0.558,0.12916666666666668
SPY,IC,0.1,W,0.0,2026-07-24,2026-07-31,2026-07-31,expiry,738.9299926757812,712.0,0.2120543736113989,0.77,0.122,4.23,0.648,0.15319148936170213
SPY,IC,0.1,W,0.0,2026-07-31,2026-08-07,2026-08-07,expiry,747.030029296875,727.0,0.15358168582441395,0.6199999999999999,0.132,4.38,-4.512,-1.0301369863013699
SPY,IC,0.1,W,0.0,2026-08-07,2026-08-14,2026-08-14,expiry,773.260009765625,756.0,0.12877523748908287,0.56,0.122,4.4399999999999995,0.43800000000000006,0.09864864864864867
SPY,IC,0.1,W,0.0,2026-08-14,2026-08-21,2026-08-21,expiry,776.3400268554688,762.0,0.10901006745667663,0.49,0.122,4.51,0.368,0.08159645232815965
SPY,IC,0.1,W,0.0,2026-08-21,2026-08-28,2026-08-28,expiry,765.719970703125,747.0,0.13899948784058003,0.62,0.122,4.38,0.498,0.1136986301369863
SPY,IC,0.1,W,0.0,2026-08-28,2026-09-04,2026-09-04,expiry,769.3499755859375,753.0,0.12027845555340058,0.57,0.122,4.43,0.44799999999999995,0.10112866817155756
SPY,IC,0.1,W,0.0,2026-09-04,2026-09-11,2026-09-11,expiry,770.1900024414062,753.0,0.1267857077737906,0.5,0.122,4.5,0.378,0.084
SPY,IC,0.1,W,0.0,2026-09-11,2026-09-18,2026-09-18,expiry,764.2899780273438,740.0,0.1808721675674682,0.5299999999999999,0.122,4.47,0.4079999999999999,0.09127516778523488
SPY,IC,0.1,W,0.0,2026-09-18,2026-09-25,2026-09-25,expiry,761.6900024414062,744.0,0.13252065216423792,0.53,0.122,4.47,0.40800000000000003,0.09127516778523491
SPY,IC,0.1,W,0.0,2026-09-25,2026-10-02,2026-09-28,expiry,771.3499755859375,753.0,0.1386191542565986,0.5899999999999999,0.122,4.41,0.46799999999999986,0.1061224489795918
SPY,IC,0.1,W,0.5,2024-02-23,2024-03-01,2024-02-27,take,507.8500061035156,498.0,0.11650360227778825,0.5,0.244,4.5,0.06599999999999995,0.014666666666666654
SPY,IC,0.1,W,0.5,2024-03-01,2024-03-08,2024-03-07,take,512.8499755859375,502.0,0.11961932441053405,0.42000000000000004,0.244,4.58,0.09600000000000009,0.02096069868995635
SPY,IC,0.1,W,0.5,2024-03-08,2024-03-15,2024-03-13,take,511.7200012207031,497.0,0.16565886183022688,0.5099999999999999,0.244,4.49,0.17599999999999988,0.03919821826280621
SPY,IC,0.1,W,0.5,2024-03-15,2024-03-22,2024-03-22,expiry,509.8299865722656,497.0,0.14601362456466238,0.5800000000000001,0.122,4.42,0.4580000000000001,0.10361990950226246
SPY,IC,0.1,W,0.5,2024-03-22,2024-03-28,2024-03-25,take,521.2100219726562,512.0,0.10647364074520624,0.4000000000000001,0.244,4.6,-0.00399999999999992,-0.000869565217391287
SPY,IC,0.1,W,0.5,2024-03-28,2024-04-05,2024-04-05,expiry,523.0700073242188,513.0,0.10385411387885868,0.47000000000000003,0.122,4.53,0.34800000000000003,0.07682119205298013
SPY,IC,0.1,W,0.5,2024-04-05,2024-04-12,2024-04-08,take,518.4299926757812,502.5,0.17563761034601572,0.5599999999999998,0.244,4.44,0.05599999999999977,0.01261261261261256
SPY,IC,0.1,W,0.5,2024-04-12,2024-04-19,2024-04-18,take,510.8500061035156,494.0,0.18819704449026575,0.5399999999999999,0.244,4.46,0.04599999999999993,0.010313901345291464
SPY,IC,0.1,W,0.5,2024-04-19,2024-04-26,2024-04-26,expiry,495.1600036621094,480.0,0.18367070105640132,0.63,0.122,4.37,0.508,0.11624713958810068
SPY,IC,0.1,W,0.5,2024-04-26,2024-05-03,2024-05-02,take,508.260009765625,494.0,0.15898447996460496,0.58,0.244,4.42,0.2859999999999999,0.06470588235294115
SPY,IC,0.1,W,0.5,2024-05-03,2024-05-10,2024-05-10,expiry,511.2900085449219,502.0,0.1096080623096567,0.5399999999999999,0.122,4.46,0.4179999999999999,0.0937219730941704
SPY,IC,0.1,W,0.5,2024-05-10,2024-05-17,2024-05-17,expiry,520.8400268554688,510.0,0.12238159936940937,0.5800000000000001,0.122,4.42,0.4580000000000001,0.10361990950226246
SPY,IC,0.1,W,0.5,2024-05-17,2024-05-24,2024-05-23,take,529.4500122070312,520.0,0.10036989923253975,0.43000000000000005,0.244,4.57,0.1060000000000001,0.023194748358862163
SPY,IC,0.1,W,0.5,2024-05-24,2024-05-31,2024-05-31,expiry,529.4400024414062,521.0,0.09257392126009947,0.37,0.122,4.63,0.248,0.05356371490280778
SPY,IC,0.1,W,0.5,2024-05-31,2024-06-07,2024-06-07,expiry,527.3699951171875,517.0,0.11339643162933621,0.47000000000000003,0.122,4.53,0.34800000000000003,0.07682119205298013
SPY,IC,0.1,W,0.5,2024-06-07,2024-06-14,2024-06-13,take,534.010009765625,522.0,0.13225801648107377,0.5999999999999999,0.244,4.4,0.08599999999999991,0.019545454545454522
SPY,IC,0.1,W,0.5,2024-06-14,2024-06-21,2024-06-20,take,542.780029296875,531.0,0.12618109863177956,0.36,0.244,4.64,-0.004000000000000031,-0.0008620689655172482
SPY,IC,0.1,W,0.5,2024-06-21,2024-06-28,2024-06-25,take,544.510009765625,534.0,0.10942012487190553,0.47000000000000003,0.244,4.53,0.12600000000000006,0.02781456953642385
SPY,IC,0.1,W,0.5,2024-06-28,2024-07-05,2024-07-01,take,544.219970703125,535.0,0.09897312356035098,0.5199999999999999,0.244,4.48,0.11599999999999994,0.025892857142857127
SPY,IC,0.1,W,0.5,2024-07-05,2024-07-12,2024-07-09,take,554.6400146484375,544.0,0.10989861460948325,0.35,0.244,4.65,-0.034,-0.007311827956989247
SPY,IC,0.1,W,0.5,2024-07-12,2024-07-19,2024-07-19,expiry,559.989990234375,550.0,0.10547563985486935,0.49000000000000005,0.132,4.51,-0.652009765625,-0.14456979282150778
SPY,IC,0.1,W,0.5,2024-07-19,2024-07-26,2024-07-26,expiry,548.989990234375,535.0,0.15099092213044601,0.5599999999999999,0.122,4.44,0.43799999999999994,0.09864864864864863
SPY,IC,0.1,W,0.5,2024-07-26,2024-08-02,2024-08-01,take,544.4400024414062,527.0,0.18335028701182526,0.6700000000000002,0.244,4.33,0.30600000000000016,0.07066974595842959
SPY,IC,0.1,W,0.5,2024-08-02,2024-08-09,2024-08-08,take,532.9000244140625,510.0,0.2467504249361288,0.7100000000000001,0.244,4.29,0.44600000000000006,0.10396270396270398
SPY,IC,0.1,W,0.5,2024-08-09,2024-08-16,2024-08-16,expiry,532.989990234375,512.0,0.23138409585887282,0.64,0.132,4.36,-4.492,-1.0302752293577981
SPY,IC,0.1,W,0.5,2024-08-16,2024-08-23,2024-08-22,take,554.3099975585938,541.0,0.13498762994138458,0.47000000000000003,0.244,4.53,0.11600000000000005,0.025607064017660053
SPY,IC,0.1,W,0.5,2024-08-23,2024-08-30,2024-08-27,take,562.1300048828125,548.0,0.14135277566590648,0.58,0.244,4.42,0.10599999999999998,0.023981900452488686
SPY,IC,0.1,W,0.5,2024-08-30,2024-09-06,2024-09-06,expiry,563.6799926757812,551.0,0.13173603431386982,0.63,0.132,4.37,-4.502,-1.0302059496567504
SPY,IC,0.1,W,0.5,2024-09-06,2024-09-13,2024-09-13,expiry,540.3599853515625,518.0,0.2390487479761093,0.65,0.132,4.35,-4.481999999999999,-1.0303448275862068
SPY,IC,0.1,W,0.5,2024-09-13,2024-09-20,2024-09-18,take,562.010009765625,543.0,0.19584966453596403,0.54,0.244,4.46,0.07600000000000007,0.017040358744394635
SPY,IC,0.1,W,0.5,2024-09-20,2024-09-27,2024-09-24,take,568.25,554.0,0.14144434762699637,0.49000000000000005,0.244,4.51,0.026000000000000023,0.005764966740576502
SPY,IC,0.1,W,0.5,2024-09-27,2024-10-04,2024-10-02,take,571.469970703125,555.0,0.168919410928148,0.6000000000000001,0.244,4.4,0.1660000000000001,0.03772727272727275
SPY,IC,0.1,W,0.5,2024-10-04,2024-10-11,2024-10-08,take,572.97998046875,554.0,0.18830976149590112,0.5499999999999998,0.244,4.45,0.11599999999999977,0.026067415730337027
SPY,IC,0.1,W,0.5,2024-10-11,2024-10-18,2024-10-15,take,579.5800170898438,564.0,0.1587011094847221,0.47000000000000003,0.244,4.53,0.026000000000000023,0.005739514348785877
SPY,IC,0.1,W,0.5,2024-10-18,2024-10-25,2024-10-22,take,584.5900268554688,573.0,0.1172346484173589,0.44999999999999996,0.244,4.55,0.00599999999999995,0.0013186813186813076
SPY,IC,0.1,W,0.5,2024-10-25,2024-11-01,2024-10-30,take,579.0399780273438,560.0,0.19028600122697248,0.59,0.244,4.41,0.246,0.055782312925170066
SPY,IC,0.1,W,0.5,2024-11-01,2024-11-08,2024-11-08,expiry,571.0399780273438,546.0,0.2573977148564208,0.8400000000000001,0.132,4.16,-4.292,-1.0317307692307691
SPY,IC,0.1,W,0.5,2024-11-08,2024-11-15,2024-11-12,take,598.1900024414062,584.0,0.14004916206984824,0.52,0.244,4.48,0.07599999999999996,0.016964285714285703
SPY,IC,0.1,W,0.5,2024-11-15,2024-11-22,2024-11-21,take,585.75,570.0,0.15826364706966334,0.58,0.244,4.42,0.1459999999999999,0.033031674208144776
SPY,IC,0.1,W,0.5,2024-11-22,2024-11-29,2024-11-27,take,595.510009765625,584.0,0.11389234030880108,0.48000000000000004,0.244,4.52,0.20600000000000007,0.04557522123893808
SPY,IC,0.1,W,0.5,2024-11-29,2024-12-06,2024-12-05,take,602.5499877929688,591.0,0.11220289860278893,0.43999999999999995,0.244,4.5600000000000005,0.15599999999999997,0.03421052631578946
SPY,IC,0.1,W,0.5,2024-12-06,2024-12-13,2024-12-11,take,607.8099975585938,598.0,0.09670563418009853,0.49,0.244,4.51,0.176,0.03902439024390244
SPY,IC,0.1,W,0.5,2024-12-13,2024-12-20,2024-12-20,expiry,604.2100219726562,590.0,0.13417343003130677,0.44,0.122,4.56,0.318,0.06973684210526317
SPY,IC,0.1,W,0.5,2024-12-20,2024-12-27,2024-12-27,expiry,591.1500244140625,571.0,0.1942743204455144,0.6099999999999999,0.122,5.390000000000001,0.4879999999999999,0.09053803339517622
SPY,IC,0.1,W,0.5,2024-12-27,2025-01-03,2025-01-03,expiry,595.010009765625,581.0,0.13687585390091794,0.6,0.122,4.4,0.478,0.10863636363636363
SPY,IC,0.1,W,0.5,2025-01-03,2025-01-10,2025-01-08,take,591.9500122070312,577.0,0.14208855755687372,0.62,0.244,4.38,0.246,0.056164383561643834
SPY,IC,0.1,W,0.5,2025-01-10,2025-01-17,2025-01-16,take,580.489990234375,561.0,0.1958442882341795,0.68,0.244,4.32,0.16600000000000004,0.03842592592592593
SPY,IC,0.1,W,0.5,2025-01-17,2025-01-24,2025-01-24,expiry,597.5800170898438,582.0,0.1485861458445838,0.63,0.122,4.37,0.508,0.11624713958810068
SPY,IC,0.1,W,0.5,2025-01-24,2025-01-31,2025-01-30,take,607.969970703125,593.0,0.13849814232893265,0.59,0.244,4.41,0.266,0.06031746031746032
SPY,IC,0.1,W,0.5,2025-01-31,2025-02-07,2025-02-04,take,601.8200073242188,584.0,0.1711883330463,0.75,0.244,4.25,0.356,0.08376470588235294
SPY,IC,0.1,W,0.5,2025-02-07,2025-02-14,2025-02-12,take,600.77001953125,584.0,0.16080158903017933,0.66,0.244,4.34,0.3560000000000001,0.08202764976958528
SPY,IC,0.1,W,0.5,2025-02-14,2025-02-21,2025-02-19,take,609.7000122070312,597.0,0.12201746306924313,0.5,0.244,4.5,0.066,0.014666666666666668
SPY,IC,0.1,W,0.5,2025-02-21,2025-02-28,2025-02-26,take,599.9400024414062,580.0,0.19198048480600116,0.63,0.244,4.37,0.11600000000000005,0.0265446224256293
SPY,IC,0.1,W,0.5,2025-02-28,2025-03-07,2025-03-07,expiry,594.1799926757812,572.0,0.21248460787943446,0.7,0.122,4.3,0.578,0.1344186046511628
SPY,IC,0.1,W,0.5,2025-03-07,2025-03-14,2025-03-14,expiry,575.9199829101562,550.0,0.25966409193641105,0.8300000000000001,0.122,4.17,0.7080000000000001,0.1697841726618705
SPY,IC,0.1,W,0.5,2025-03-14,2025-03-21,2025-03-18,take,562.8099975585938,537.0,0.26568156372108176,0.73,0.244,4.27,0.22599999999999998,0.052927400468384074
SPY,IC,0.1,W,0.5,2025-03-21,2025-03-28,2025-03-26,take,563.97998046875,546.0,0.18671262598886107,0.7,0.244,4.3,0.21599999999999997,0.05023255813953488
SPY,IC,0.1,W,0.5,2025-03-28,2025-04-04,2025-04-04,expiry,555.6599731445312,532.0,0.24674638568759,0.78,0.132,4.22,-4.351999999999999,-1.0312796208530806
SPY,IC,0.1,W,0.5,2025-04-04,2025-04-11,2025-04-11,expiry,505.2799987792969,445.0,0.7393154349923583,0.8300000000000004,0.122,4.17,0.7080000000000004,0.1697841726618706
SPY,IC,0.1,W,0.5,2025-04-11,2025-04-17,2025-04-14,take,533.9400024414062,488.0,0.5520890637338942,0.7699999999999998,0.244,4.23,0.35599999999999987,0.08416075650118199
SPY,IC,0.1,W,0.5,2025-04-17,2025-04-25,2025-04-25,expiry,526.4099731445312,498.0,0.2999585431521463,0.8099999999999998,0.132,4.19,-0.9620146484375002,-0.22959776812350838
SPY,IC,0.1,W,0.5,2025-04-25,2025-05-02,2025-05-01,take,550.6400146484375,524.0,0.2803318617243459,0.7600000000000002,0.244,4.24,0.38600000000000023,0.09103773584905665
SPY,IC,0.1,W,0.5,2025-05-02,2025-05-09,2025-05-07,take,566.760009765625,543.0,0.24332435496017912,0.6499999999999999,0.244,4.35,0.24599999999999989,0.05655172413793101
SPY,IC,0.1,W,0.5,2025-05-09,2025-05-16,2025-05-16,expiry,564.3400268554688,542.0,0.22864049705086098,0.75,0.132,4.25,-4.382,-1.0310588235294116
SPY,IC,0.1,W,0.5,2025-05-16,2025-05-23,2025-05-23,expiry,594.2000122070312,578.0,0.15988179447235673,0.79,0.122,4.21,0.668,0.15866983372921617
SPY,IC,0.1,W,0.5,2025-05-23,2025-05-30,2025-05-30,expiry,579.1099853515625,556.0,0.22910280819908002,0.6900000000000001,0.122,4.31,0.5680000000000001,0.1317865429234339
SPY,IC,0.1,W,0.5,2025-05-30,2025-06-06,2025-06-05,take,589.3900146484375,571.0,0.18293695412783845,0.7200000000000001,0.244,4.28,0.3860000000000001,0.0901869158878505
SPY,IC,0.1,W,0.5,2025-06-06,2025-06-13,2025-06-11,take,599.1400146484375,583.0,0.154815873161535,0.65,0.244,4.35,0.266,0.061149425287356333
SPY,IC,0.1,W,0.5,2025-06-13,2025-06-20,2025-06-18,take,597.0,573.0,0.23258877551514645,0.5499999999999998,0.244,4.45,0.2659999999999998,0.059775280898876355
SPY,IC,0.1,W,0.5,2025-06-20,2025-06-27,2025-06-27,expiry,594.280029296875,573.0,0.2127235875916732,0.7500000000000001,0.132,4.25,-4.382,-1.0310588235294116
SPY,IC,0.1,W,0.5,2025-06-27,2025-07-03,2025-07-01,take,614.9099731445312,601.0,0.13938945090181615,0.51,0.244,4.49,0.03600000000000003,0.008017817371937646
SPY,IC,0.1,W,0.5,2025-07-03,2025-07-11,2025-07-08,take,625.3400268554688,608.0,0.1487796380918021,0.38,0.244,4.62,-0.023999999999999966,-0.005194805194805187
SPY,IC,0.1,W,0.5,2025-07-11,2025-07-18,2025-07-15,take,623.6199951171875,608.0,0.1478034949674792,0.5800000000000001,0.244,4.42,0.06600000000000006,0.014932126696832592
SPY,IC,0.1,W,0.5,2025-07-18,2025-07-25,2025-07-22,take,627.5800170898438,614.0,0.126328225602938,0.53,0.244,4.47,0.09600000000000003,0.021476510067114103
SPY,IC,0.1,W,0.5,2025-07-25,2025-08-01,2025-07-30,take,637.0999755859375,621.0,0.14909884001541612,0.52,0.244,4.48,0.10599999999999998,0.023660714285714278
SPY,IC,0.1,W,0.5,2025-08-01,2025-08-08,2025-08-08,expiry,621.719970703125,597.5,0.2273438129011756,0.6699999999999999,0.132,4.33,0.3580073242187499,0.08268067533920322
SPY,IC,0.1,W,0.5,2025-08-08,2025-08-15,2025-08-14,take,637.1799926757812,622.0,0.1399217904737471,0.62,0.244,5.38,0.17599999999999993,0.032713754646840135
SPY,IC,0.1,W,0.5,2025-08-15,2025-08-22,2025-08-18,take,643.4400024414062,627.0,0.14925615971382628,0.5800000000000001,0.244,4.42,0.046000000000000096,0.010407239819004547
SPY,IC,0.1,W,0.5,2025-08-22,2025-08-29,2025-08-26,take,645.3099975585938,631.0,0.13187965118684708,0.6199999999999999,0.244,4.38,0.1459999999999999,0.03333333333333331
SPY,IC,0.1,W,0.5,2025-08-29,2025-09-05,2025-09-03,take,645.0499877929688,629.0,0.14135339859024187,0.5899999999999999,0.244,4.41,0.17599999999999988,0.039909297052154166
SPY,IC,0.1,W,0.5,2025-09-05,2025-09-12,2025-09-12,expiry,647.239990234375,631.0,0.14462094239192996,0.5700000000000001,0.132,4.43,0.028026855468750063,0.006326603943284439
SPY,IC,0.1,W,0.5,2025-09-12,2025-09-19,2025-09-18,take,657.4099731445312,638.0,0.16869238595435765,0.54,0.244,4.46,0.18600000000000005,0.04170403587443947
SPY,IC,0.1,W,0.5,2025-09-19,2025-09-26,2025-09-23,take,663.7000122070312,647.0,0.14269443168355284,0.43,0.244,4.57,-0.0040000000000000036,-0.0008752735229759307
SPY,IC,0.1,W,0.5,2025-09-26,2025-10-03,2025-10-02,take,661.8200073242188,646.0,0.1363549274129805,0.58,0.244,4.42,0.09599999999999997,0.021719457013574656
SPY,IC,0.1,W,0.5,2025-10-03,2025-10-10,2025-10-07,take,669.2100219726562,650.0,0.1632453023122209,0.5,0.244,4.5,0.066,0.014666666666666668
SPY,IC,0.1,W,0.5,2025-10-10,2025-10-17,2025-10-16,take,653.02001953125,624.0,0.2600727053550852,0.57,0.244,4.43,0.25599999999999995,0.05778781038374717
SPY,IC,0.1,W,0.5,2025-10-17,2025-10-24,2025-10-21,take,664.3900146484375,638.0,0.22648879651696452,0.65,0.244,4.35,0.126,0.028965517241379312
SPY,IC,0.1,W,0.5,2025-10-24,2025-10-31,2025-10-30,take,677.25,656.0,0.18348909518120238,0.57,0.244,4.43,0.22599999999999998,0.051015801354401806
SPY,IC,0.1,W,0.5,2025-10-31,2025-11-07,2025-11-03,take,682.0599975585938,662.0,0.16956409284142848,0.62,0.244,4.38,0.08599999999999997,0.019634703196347025
SPY,IC,0.1,W,0.5,2025-11-07,2025-11-14,2025-11-13,take,670.969970703125,649.0,0.18673170897410235,0.6999999999999998,0.244,4.3,0.4159999999999998,0.09674418604651158
SPY,IC,0.1,W,0.5,2025-11-14,2025-11-21,2025-11-21,expiry,671.9299926757812,646.0,0.22700090662425487,0.7300000000000001,0.122,4.27,0.6080000000000001,0.14238875878220145
SPY,IC,0.1,W,0.5,2025-11-21,2025-11-28,2025-11-28,expiry,659.030029296875,632.0,0.23985626789779402,0.7400000000000002,0.132,4.26,-4.3919999999999995,-1.0309859154929577
SPY,IC,0.1,W,0.5,2025-11-28,2025-12-05,2025-12-02,take,683.3900146484375,666.0,0.14814875569802466,0.5299999999999999,0.244,4.47,0.11599999999999994,0.02595078299776285
SPY,IC,0.1,W,0.5,2025-12-05,2025-12-12,2025-12-10,take,685.6900024414062,668.0,0.1512235926975813,0.66,0.244,4.34,0.31600000000000006,0.07281105990783411
SPY,IC,0.1,W,0.5,2025-12-12,2025-12-19,2025-12-16,take,681.760009765625,661.0,0.17272892558741781,0.61,0.244,4.39,0.14600000000000002,0.033257403189066066
SPY,IC,0.1,W,0.5,2025-12-19,2025-12-26,2025-12-26,expiry,680.5900268554688,668.0,0.1087790346702657,0.46,0.132,4.54,0.01800244140625002,0.003965295463931723
SPY,IC,0.1,W,0.5,2025-12-26,2026-01-02,2025-12-30,take,690.3099975585938,679.0,0.0972604389870364,0.5,0.244,4.5,0.03600000000000003,0.008000000000000007
SPY,IC,0.1,W,0.5,2026-01-02,2026-01-09,2026-01-09,expiry,683.1699829101562,669.0,0.12149406560672929,0.6699999999999999,0.132,4.33,0.4679926757812499,0.10808144937211314
SPY,IC,0.1,W,0.5,2026-01-09,2026-01-16,2026-01-13,take,694.0700073242188,679.0,0.12730442069624864,0.6099999999999999,0.244,4.390000000000001,0.09599999999999992,0.021867881548974923
SPY,IC,0.1,W,0.5,2026-01-16,2026-01-23,2026-01-22,take,691.6599731445312,676.0,0.12955587836292065,0.5099999999999999,0.244,4.49,0.2059999999999999,0.04587973273942091
SPY,IC,0.1,W,0.5,2026-01-23,2026-01-30,2026-01-29,take,689.22998046875,667.0,0.1851319363934138,0.6199999999999999,0.244,4.38,0.30599999999999994,0.06986301369863013
SPY,IC,0.1,W,0.5,2026-01-30,2026-02-06,2026-02-03,take,691.969970703125,669.0,0.19298319485235,0.63,0.244,4.37,0.126,0.02883295194508009
SPY,IC,0.1,W,0.5,2026-02-06,2026-02-13,2026-02-10,take,690.6199951171875,667.0,0.19792814476640608,0.65,0.244,4.35,0.20600000000000002,0.047356321839080465
SPY,IC,0.1,W,0.5,2026-02-13,2026-02-20,2026-02-17,take,681.75,655.0,0.2276864025099048,0.7100000000000001,0.244,4.29,0.21600000000000008,0.05034965034965037
SPY,IC,0.1,W,0.5,2026-02-20,2026-02-27,2026-02-24,take,689.4299926757812,663.0,0.22430115108361676,0.6799999999999999,0.244,4.32,0.256,0.059259259259259255
SPY,IC,0.1,W,0.5,2026-02-27,2026-03-06,2026-03-04,take,685.989990234375,659.0,0.23181234307581344,0.7799999999999998,0.244,4.220000000000001,0.4159999999999998,0.09857819905213264
SPY,IC,0.1,W,0.5,2026-03-06,2026-03-13,2026-03-10,take,672.3800048828125,630.0,0.3682049278878069,0.77,0.244,4.23,0.31600000000000006,0.07470449172576833
SPY,IC,0.1,W,0.5,2026-03-13,2026-03-20,2026-03-16,take,662.2899780273438,625.0,0.33169856540006115,0.8200000000000001,0.244,4.18,0.2560000000000001,0.06124401913875601
SPY,IC,0.1,W,0.5,2026-03-20,2026-03-27,2026-03-24,take,648.5700073242188,617.0,0.2862500765494006,0.82,0.244,4.18,0.23599999999999988,0.05645933014354065
SPY,IC,0.1,W,0.5,2026-03-27,2026-04-02,2026-03-30,take,634.0900268554688,602.0,0.31394735184402245,0.78,0.244,4.22,0.28600000000000003,0.06777251184834124
SPY,IC,0.1,W,0.5,2026-04-02,2026-04-10,2026-04-10,expiry,655.8300170898438,625.0,0.25661631562797516,0.7699999999999999,0.132,4.23,-3.8220219726562497,-0.9035512937721629
SPY,IC,0.1,W,0.5,2026-04-10,2026-04-17,2026-04-17,expiry,679.4600219726562,657.0,0.19278032277289336,0.66,0.132,4.34,-4.4719999999999995,-1.0304147465437787
SPY,IC,0.1,W,0.5,2026-04-17,2026-04-24,2026-04-22,take,710.1400146484375,690.0,0.16333467293218856,0.66,0.244,4.34,0.28600000000000003,0.06589861751152075
SPY,IC,0.1,W,0.5,2026-04-24,2026-05-01,2026-04-28,take,713.9400024414062,690.0,0.19612712748262445,0.72,0.244,4.28,0.246,0.05747663551401869
SPY,IC,0.1,W,0.5,2026-05-01,2026-05-08,2026-05-05,take,720.6500244140625,700.0,0.1644784229808423,0.63,0.244,4.37,0.08599999999999997,0.01967963386727688
SPY,IC,0.1,W,0.5,2026-05-08,2026-05-15,2026-05-12,take,737.6199951171875,717.0,0.1588623529828253,0.56,0.244,4.4399999999999995,0.08600000000000002,0.019369369369369376
SPY,IC,0.1,W,0.5,2026-05-15,2026-05-22,2026-05-19,take,739.1699829101562,715.0,0.19126560493647504,0.7,0.244,4.3,0.176,0.04093023255813953
SPY,IC,0.1,W,0.5,2026-05-22,2026-05-29,2026-05-27,take,745.6400146484375,725.0,0.15891662438368143,0.5499999999999999,0.244,4.45,0.17599999999999993,0.03955056179775279
SPY,IC,0.1,W,0.5,2026-05-29,2026-06-05,2026-06-03,take,756.47998046875,738.0,0.1409887457552748,0.63,0.244,4.37,0.266,0.06086956521739131
SPY,IC,0.1,W,0.5,2026-06-05,2026-06-12,2026-06-09,take,737.5499877929688,700.0,0.29929161383616554,0.69,0.244,4.3100000000000005,0.186,0.04315545243619489
SPY,IC,0.1,W,0.5,2026-06-12,2026-06-18,2026-06-17,take,741.75,717.0,0.20484647856457494,0.65,0.244,4.35,0.3360000000000001,0.07724137931034485
SPY,IC,0.1,W,0.5,2026-06-18,2026-06-26,2026-06-25,take,746.739990234375,725.0,0.15948221007853652,0.69,0.244,4.3100000000000005,0.12599999999999995,0.029234338747099752
SPY,IC,0.1,W,0.5,2026-06-26,2026-07-02,2026-07-02,expiry,728.989990234375,709.0,0.17232951005958647,0.7699999999999999,0.122,4.23,0.6479999999999999,0.1531914893617021
SPY,IC,0.1,W,0.5,2026-07-02,2026-07-10,2026-07-07,take,744.780029296875,725.0,0.14398916868935935,0.58,0.244,4.42,0.10599999999999998,0.023981900452488686
SPY,IC,0.1,W,0.5,2026-07-10,2026-07-17,2026-07-15,take,754.9500122070312,739.0,0.12410239742704171,0.5000000000000001,0.244,4.5,0.15600000000000014,0.0346666666666667
SPY,IC,0.1,W,0.5,2026-07-17,2026-07-24,2026-07-20,take,743.2899780273438,718.0,0.1965889733485897,0.68,0.244,4.32,0.136,0.03148148148148148
SPY,IC,0.1,W,0.5,2026-07-24,2026-07-31,2026-07-30,take,738.9299926757812,712.0,0.2120543736113989,0.77,0.244,4.23,0.486,0.11489361702127658
SPY,IC,0.1,W,0.5,2026-07-31,2026-08-07,2026-08-07,expiry,747.030029296875,727.0,0.15358168582441395,0.6199999999999999,0.132,4.38,-4.512,-1.0301369863013699
SPY,IC,0.1,W,0.5,2026-08-07,2026-08-14,2026-08-11,take,773.260009765625,756.0,0.12877523748908287,0.56,0.244,4.4399999999999995,0.046000000000000096,0.010360360360360383
SPY,IC,0.1,W,0.5,2026-08-14,2026-08-21,2026-08-21,expiry,776.3400268554688,762.0,0.10901006745667663,0.49,0.122,4.51,0.368,0.08159645232815965
SPY,IC,0.1,W,0.5,2026-08-21,2026-08-28,2026-08-25,take,765.719970703125,747.0,0.13899948784058003,0.62,0.244,4.38,0.07600000000000001,0.017351598173515986
SPY,IC,0.1,W,0.5,2026-08-28,2026-09-04,2026-09-02,take,769.3499755859375,753.0,0.12027845555340058,0.57,0.244,4.43,0.15599999999999997,0.035214446952595936
SPY,IC,0.1,W,0.5,2026-09-04,2026-09-11,2026-09-11,expiry,770.1900024414062,753.0,0.1267857077737906,0.5,0.122,4.5,0.378,0.084
SPY,IC,0.1,W,0.5,2026-09-11,2026-09-18,2026-09-17,take,764.2899780273438,740.0,0.1808721675674682,0.5299999999999999,0.244,4.47,0.2659999999999999,0.059507829977628615
SPY,IC,0.1,W,0.5,2026-09-18,2026-09-25,2026-09-24,take,761.6900024414062,744.0,0.13252065216423792,0.53,0.244,4.47,0.17600000000000005,0.03937360178970918
SPY,IC,0.1,W,0.5,2026-09-25,2026-10-02,2026-09-28,expiry,771.3499755859375,753.0,0.1386191542565986,0.5899999999999999,0.122,4.41,0.46799999999999986,0.1061224489795918
SPY,IC,0.16,W,0.0,2024-02-23,2024-03-01,2024-03-01,expiry,507.8500061035156,500.0,0.11041941472136288,0.7799999999999999,0.122,4.22,0.6579999999999999,0.15592417061611374
SPY,IC,0.16,W,0.0,2024-03-01,2024-03-08,2024-03-08,expiry,512.8499755859375,505.0,0.11172244848377763,0.8,0.122,4.2,0.678,0.16142857142857142
SPY,IC,0.16,W,0.0,2024-03-08,2024-03-15,2024-03-15,expiry,511.7200012207031,501.0,0.15300310446738163,0.87,0.122,4.13,0.748,0.1811138014527845
SPY,IC,0.16,W,0.0,2024-03-15,2024-03-22,2024-03-22,expiry,509.8299865722656,500.0,0.14294325929719331,1.0999999999999999,0.132,3.9000000000000004,-1.2420219726562503,-0.31846717247596157
SPY,IC,0.16,W,0.0,2024-03-22,2024-03-28,2024-03-28,expiry,521.2100219726562,515.0,0.09887297531356967,0.8400000000000001,0.122,4.16,0.7180000000000001,0.17259615384615387
SPY,IC,0.16,W,0.0,2024-03-28,2024-04-05,2024-04-05,expiry,523.0700073242188,516.0,0.0965336730877569,0.86,0.122,4.14,0.738,0.1782608695652174
SPY,IC,0.16,W,0.0,2024-04-05,2024-04-12,2024-04-12,expiry,518.4299926757812,507.0,0.16383131905408665,0.9700000000000001,0.122,4.03,0.8480000000000001,0.21042183622828786
SPY,IC,0.16,W,0.0,2024-04-12,2024-04-19,2024-04-19,expiry,510.8500061035156,499.0,0.17644651535900313,1.09,0.132,3.91,-2.881996337890625,-0.7370834623761189
SPY,IC,0.16,W,0.0,2024-04-19,2024-04-26,2024-04-26,expiry,495.1600036621094,483.0,0.17793091913622666,0.9099999999999999,0.132,4.09,-1.4820097656250002,-0.36234957594743283
SPY,IC,0.16,W,0.0,2024-04-26,2024-05-03,2024-05-03,expiry,508.260009765625,498.0,0.15258436449267715,1.06,0.122,3.94,0.9380000000000001,0.23807106598984773
SPY,IC,0.16,W,0.0,2024-05-03,2024-05-10,2024-05-10,expiry,511.2900085449219,504.0,0.1051648039051955,0.91,0.132,4.09,-1.06202685546875,-0.2596642678407702
SPY,IC,0.16,W,0.0,2024-05-10,2024-05-17,2024-05-17,expiry,520.8400268554688,513.0,0.11718291283914181,0.9,0.132,4.1,0.31798779296875,0.07755799828506099
SPY,IC,0.16,W,0.0,2024-05-17,2024-05-24,2024-05-24,expiry,529.4500122070312,523.0,0.09570635267967534,0.9000000000000001,0.122,4.1,0.7780000000000001,0.18975609756097567
SPY,IC,0.16,W,0.0,2024-05-24,2024-05-31,2024-05-31,expiry,529.4400024414062,523.0,0.0873258522132703,0.61,0.122,4.39,0.488,0.1111617312072893
SPY,IC,0.16,W,0.0,2024-05-31,2024-06-07,2024-06-07,expiry,527.3699951171875,520.0,0.10877359424627564,0.98,0.132,4.02,0.837990234375,0.20845528218283585
SPY,IC,0.16,W,0.0,2024-06-07,2024-06-14,2024-06-14,expiry,534.010009765625,525.0,0.13077365051627815,1.04,0.122,3.96,0.918,0.23181818181818184
SPY,IC,0.16,W,0.0,2024-06-14,2024-06-21,2024-06-21,expiry,542.780029296875,534.0,0.1186713058136461,0.74,0.122,4.26,0.618,0.14507042253521127
SPY,IC,0.16,W,0.0,2024-06-21,2024-06-28,2024-06-28,expiry,544.510009765625,537.0,0.10455685890137312,0.97,0.122,4.03,0.848,0.21042183622828783
SPY,IC,0.16,W,0.0,2024-06-28,2024-07-05,2024-07-05,expiry,544.219970703125,538.0,0.09163481151599712,0.8400000000000001,0.132,4.16,-1.9320146484375,-0.46442659818209137
SPY,IC,0.16,W,0.0,2024-07-05,2024-07-12,2024-07-12,expiry,554.6400146484375,547.0,0.10327735254454232,0.7000000000000002,0.122,4.3,0.5780000000000002,0.13441860465116284
SPY,IC,0.16,W,0.0,2024-07-12,2024-07-19,2024-07-19,expiry,559.989990234375,553.0,0.0987818308436916,0.91,0.132,4.09,-3.2320097656249995,-0.7902224365831295
SPY,IC,0.16,W,0.0,2024-07-19,2024-07-26,2024-07-26,expiry,548.989990234375,538.0,0.14557852332760657,1.02,0.122,3.98,0.898,0.22562814070351758
SPY,IC,0.16,W,0.0,2024-07-26,2024-08-02,2024-08-02,expiry,544.4400024414062,532.0,0.17664438167040553,1.25,0.122,3.75,1.1280000000000001,0.3008
SPY,IC,0.16,W,0.0,2024-08-02,2024-08-09,2024-08-09,expiry,532.9000244140625,516.0,0.2353580947940651,1.22,0.122,3.7800000000000002,1.0979999999999999,0.29047619047619044
SPY,IC,0.16,W,0.0,2024-08-09,2024-08-16,2024-08-16,expiry,532.989990234375,517.0,0.22151908302577178,1.13,0.132,3.87,-4.002,-1.034108527131783
SPY,IC,0.16,W,0.0,2024-08-16,2024-08-23,2024-08-23,expiry,554.3099975585938,545.0,0.12607829229441753,0.9,0.122,4.1,0.778,0.18975609756097564
SPY,IC,0.16,W,0.0,2024-08-23,2024-08-30,2024-08-30,expiry,562.1300048828125,552.0,0.1354560213379763,1.04,0.122,3.96,0.918,0.23181818181818184
SPY,IC,0.16,W,0.0,2024-08-30,2024-09-06,2024-09-06,expiry,563.6799926757812,554.0,0.12817750201299677,0.9400000000000001,0.132,4.06,-4.191999999999999,-1.032512315270936
SPY,IC,0.16,W,0.0,2024-09-06,2024-09-13,2024-09-13,expiry,540.3599853515625,524.0,0.22615185632802443,1.24,0.132,3.76,-3.8919999999999995,-1.0351063829787233
SPY,IC,0.16,W,0.0,2024-09-13,2024-09-20,2024-09-20,expiry,562.010009765625,548.0,0.18419267125794003,0.9799999999999999,0.122,4.0200000000000005,0.8579999999999999,0.21343283582089548
SPY,IC,0.16,W,0.0,2024-09-20,2024-09-27,2024-09-27,expiry,568.25,558.0,0.13399831641782828,0.8600000000000001,0.122,4.14,0.7380000000000001,0.17826086956521742
SPY,IC,0.16,W,0.0,2024-09-27,2024-10-04,2024-10-04,expiry,571.469970703125,559.0,0.16308372229329976,1.1400000000000001,0.122,3.86,1.0180000000000002,0.2637305699481866
SPY,IC,0.16,W,0.0,2024-10-04,2024-10-11,2024-10-11,expiry,572.97998046875,560.0,0.17099386035733544,1.0899999999999999,0.122,4.41,0.9679999999999999,0.21950113378684805
SPY,IC,0.16,W,0.0,2024-10-11,2024-10-18,2024-10-18,expiry,579.5800170898438,568.0,0.14587477604913252,0.81,0.122,4.1899999999999995,0.6880000000000001,0.16420047732696902
SPY,IC,0.16,W,0.0,2024-10-18,2024-10-25,2024-10-25,expiry,584.5900268554688,576.0,0.10929829627480067,0.8500000000000001,0.122,4.15,0.7280000000000001,0.17542168674698796
SPY,IC,0.16,W,0.0,2024-10-25,2024-11-01,2024-11-01,expiry,579.0399780273438,565.0,0.17954997349450558,1.1400000000000001,0.122,3.86,1.0180000000000002,0.2637305699481866
SPY,IC,0.16,W,0.0,2024-11-01,2024-11-08,2024-11-08,expiry,571.0399780273438,552.0,0.2465458845520791,1.4399999999999997,0.132,3.5600000000000005,-3.692,-1.0370786516853931
SPY,IC,0.16,W,0.0,2024-11-08,2024-11-15,2024-11-15,expiry,598.1900024414062,588.0,0.12738972064751486,0.86,0.132,4.14,-1.522,-0.3676328502415459
SPY,IC,0.16,W,0.0,2024-11-15,2024-11-22,2024-11-22,expiry,585.75,574.0,0.1502545690930811,1.08,0.122,3.92,0.9580000000000001,0.24438775510204083
SPY,IC,0.16,W,0.0,2024-11-22,2024-11-29,2024-11-29,expiry,595.510009765625,587.0,0.10470997272031726,0.86,0.132,4.14,0.17801220703124998,0.04299811764039855
SPY,IC,0.16,W,0.0,2024-11-29,2024-12-06,2024-12-06,expiry,602.5499877929688,594.0,0.10675900822302686,0.92,0.122,4.08,0.798,0.19558823529411765
SPY,IC,0.16,W,0.0,2024-12-06,2024-12-13,2024-12-13,expiry,607.8099975585938,601.0,0.08930509668424119,0.93,0.122,4.07,0.808,0.19852579852579852
SPY,IC,0.16,W,0.0,2024-12-13,2024-12-20,2024-12-20,expiry,604.2100219726562,594.0,0.12581297485907394,0.8600000000000001,0.132,4.14,-2.1219755859375,-0.5125544893568841
SPY,IC,0.16,W,0.0,2024-12-20,2024-12-27,2024-12-27,expiry,591.1500244140625,577.0,0.17925166667526288,1.02,0.122,3.98,0.898,0.22562814070351758
SPY,IC,0.16,W,0.0,2024-12-27,2025-01-03,2025-01-03,expiry,595.010009765625,585.0,0.130929015264315,1.0799999999999998,0.122,3.92,0.9579999999999999,0.24438775510204078
SPY,IC,0.16,W,0.0,2025-01-03,2025-01-10,2025-01-10,expiry,591.9500122070312,581.0,0.1368073857504582,1.1099999999999999,0.132,3.89,0.46799023437499987,0.12030597284704367
SPY,IC,0.16,W,0.0,2025-01-10,2025-01-17,2025-01-17,expiry,580.489990234375,566.0,0.18835852399088732,1.12,0.132,3.88,-3.5920170898437496,-0.9257776004751932
SPY,IC,0.16,W,0.0,2025-01-17,2025-01-24,2025-01-24,expiry,597.5800170898438,586.0,0.14251781162914212,1.03,0.132,3.9699999999999998,-0.07197070312499997,-0.01812864058564231
SPY,IC,0.16,W,0.0,2025-01-24,2025-01-31,2025-01-31,expiry,607.969970703125,597.0,0.13340195874950572,1.0399999999999998,0.122,3.96,0.9179999999999998,0.23181818181818178
SPY,IC,0.16,W,0.0,2025-01-31,2025-02-07,2025-02-07,expiry,601.8200073242188,588.0,0.16809303145400906,1.19,0.122,3.81,1.068,0.2803149606299213
SPY,IC,0.16,W,0.0,2025-02-07,2025-02-14,2025-02-14,expiry,600.77001953125,588.0,0.15462703609489048,1.1099999999999999,0.122,3.89,0.9879999999999999,0.2539845758354755
SPY,IC,0.16,W,0.0,2025-02-14,2025-02-21,2025-02-21,expiry,609.7000122070312,601.0,0.1113999074636007,0.81,0.132,4.1899999999999995,-0.38199755859374995,-0.091168868399463
SPY,IC,0.16,W,0.0,2025-02-21,2025-02-28,2025-02-28,expiry,599.9400024414062,586.0,0.17828311240081918,1.12,0.122,3.88,0.9980000000000001,0.25721649484536085
SPY,IC,0.16,W,0.0,2025-02-28,2025-03-07,2025-03-07,expiry,594.1799926757812,578.0,0.2070815434552134,1.28,0.132,3.7199999999999998,-0.93201708984375,-0.250542228452621
SPY,IC,0.16,W,0.0,2025-03-07,2025-03-14,2025-03-14,expiry,575.9199829101562,557.0,0.2534435522674269,1.4500000000000002,0.122,3.55,1.3280000000000003,0.3740845070422536
SPY,IC,0.16,W,0.0,2025-03-14,2025-03-21,2025-03-21,expiry,562.8099975585938,543.0,0.25787387278399965,1.2899999999999998,0.122,3.71,1.1679999999999997,0.3148247978436657
SPY,IC,0.16,W,0.0,2025-03-21,2025-03-28,2025-03-28,expiry,563.97998046875,550.0,0.18225051164076078,1.2699999999999998,0.122,3.7300000000000004,1.1479999999999997,0.30777479892761384
SPY,IC,0.16,W,0.0,2025-03-28,2025-04-04,2025-04-04,expiry,555.6599731445312,538.0,0.24433010656589432,1.43,0.132,3.5700000000000003,-3.702,-1.0369747899159663
SPY,IC,0.16,W,0.0,2025-04-04,2025-04-11,2025-04-11,expiry,505.2799987792969,460.0,0.6808170869668466,1.3299999999999998,0.122,3.67,1.2079999999999997,0.32915531335149856
SPY,IC,0.16,W,0.0,2025-04-11,2025-04-17,2025-04-17,expiry,533.9400024414062,501.0,0.5028796657697925,1.3,0.122,3.7,1.178,0.31837837837837835
SPY,IC,0.16,W,0.0,2025-04-17,2025-04-25,2025-04-25,expiry,526.4099731445312,505.0,0.28095143560890556,1.38,0.132,3.62,-3.752,-1.03646408839779
SPY,IC,0.16,W,0.0,2025-04-25,2025-05-02,2025-05-02,expiry,550.6400146484375,531.0,0.2674504726260378,1.27,0.132,3.73,0.377990234375,0.10133786444369973
SPY,IC,0.16,W,0.0,2025-05-02,2025-05-09,2025-05-09,expiry,566.760009765625,550.0,0.22616570538784225,1.1800000000000002,0.122,3.82,1.0580000000000003,0.2769633507853404
SPY,IC,0.16,W,0.0,2025-05-09,2025-05-16,2025-05-16,expiry,564.3400268554688,548.0,0.22094787558408702,1.2100000000000002,0.132,3.79,-3.9219999999999997,-1.0348284960422163
SPY,IC,0.16,W,0.0,2025-05-16,2025-05-23,2025-05-23,expiry,594.2000122070312,582.0,0.15225623043974185,0.9500000000000001,0.132,4.05,-2.0720146484374995,-0.511608555169753
SPY,IC,0.16,W,0.0,2025-05-23,2025-05-30,2025-05-30,expiry,579.1099853515625,562.0,0.21929951466792247,1.1400000000000001,0.122,3.86,1.0180000000000002,0.2637305699481866
SPY,IC,0.16,W,0.0,2025-05-30,2025-06-06,2025-06-06,expiry,589.3900146484375,576.0,0.17497179995214934,1.22,0.122,3.7800000000000002,1.0979999999999999,0.29047619047619044
SPY,IC,0.16,W,0.0,2025-06-06,2025-06-13,2025-06-13,expiry,599.1400146484375,587.0,0.14757308887646742,1.01,0.122,3.99,0.888,0.2225563909774436
SPY,IC,0.16,W,0.0,2025-06-13,2025-06-20,2025-06-20,expiry,597.0,580.0,0.21666948078258141,1.1900000000000002,0.122,3.8099999999999996,1.068,0.2803149606299213
SPY,IC,0.16,W,0.0,2025-06-20,2025-06-27,2025-06-27,expiry,594.280029296875,579.0,0.19578877726580285,1.1199999999999999,0.132,3.88,-4.012,-1.034020618556701
SPY,IC,0.16,W,0.0,2025-06-27,2025-07-03,2025-07-03,expiry,614.9099731445312,605.0,0.13017429047115153,0.9400000000000001,0.132,4.06,-1.53202685546875,-0.3773465161253079
SPY,IC,0.16,W,0.0,2025-07-03,2025-07-11,2025-07-11,expiry,625.3400268554688,613.0,0.13843921260617986,1.0200000000000002,0.122,3.9799999999999995,0.8980000000000002,0.22562814070351767
SPY,IC,0.16,W,0.0,2025-07-11,2025-07-18,2025-07-18,expiry,623.6199951171875,612.0,0.13835276596395685,0.92,0.122,4.08,0.798,0.19558823529411765
SPY,IC,0.16,W,0.0,2025-07-18,2025-07-25,2025-07-25,expiry,627.5800170898438,618.0,0.1200067311023934,0.9899999999999999,0.132,4.01,-0.24197558593750013,-0.06034303888715714
SPY,IC,0.16,W,0.0,2025-07-25,2025-08-01,2025-08-01,expiry,637.0999755859375,625.0,0.1390372646063764,0.8200000000000001,0.132,4.18,-2.5920292968749994,-0.6201027026016745
SPY,IC,0.16,W,0.0,2025-08-01,2025-08-08,2025-08-08,expiry,621.719970703125,604.0,0.2108893247588377,1.19,0.132,3.81,-2.1219926757812497,-0.5569534582103017
SPY,IC,0.16,W,0.0,2025-08-08,2025-08-15,2025-08-15,expiry,637.1799926757812,626.0,0.12985430188697783,0.9300000000000002,0.122,4.07,0.8080000000000002,0.19852579852579855
SPY,IC,0.16,W,0.0,2025-08-15,2025-08-22,2025-08-22,expiry,643.4400024414062,632.0,0.13594439815844134,0.9800000000000001,0.122,4.02,0.8580000000000001,0.21343283582089556
SPY,IC,0.16,W,0.0,2025-08-22,2025-08-29,2025-08-29,expiry,645.3099975585938,635.0,0.12356576108183873,1.02,0.122,3.98,0.898,0.22562814070351758
SPY,IC,0.16,W,0.0,2025-08-29,2025-09-05,2025-09-05,expiry,645.0499877929688,634.0,0.13003309076044384,1.0499999999999998,0.122,3.95,0.9279999999999998,0.23493670886075943
SPY,IC,0.16,W,0.0,2025-09-05,2025-09-12,2025-09-12,expiry,647.239990234375,636.0,0.13234117425703817,1.0300000000000002,0.132,3.9699999999999998,-1.5119731445312496,-0.38084965857210323
SPY,IC,0.16,W,0.0,2025-09-12,2025-09-19,2025-09-19,expiry,657.4099731445312,644.0,0.14920301991258667,0.8999999999999998,0.122,4.1000000000000005,0.7779999999999998,0.18975609756097553
SPY,IC,0.16,W,0.0,2025-09-19,2025-09-26,2025-09-26,expiry,663.7000122070312,653.0,0.12389147143089899,0.84,0.122,4.16,0.718,0.17259615384615384
SPY,IC,0.16,W,0.0,2025-09-26,2025-10-03,2025-10-03,expiry,661.8200073242188,651.0,0.12468074384267827,1.02,0.122,3.98,0.898,0.22562814070351758
SPY,IC,0.16,W,0.0,2025-10-03,2025-10-10,2025-10-10,expiry,669.2100219726562,656.0,0.14339951817565494,0.8400000000000001,0.132,4.16,-2.27198046875,-0.5461491511418268
SPY,IC,0.16,W,0.0,2025-10-10,2025-10-17,2025-10-17,expiry,653.02001953125,633.0,0.23304178469057263,1.23,0.122,3.77,1.108,0.2938992042440319
SPY,IC,0.16,W,0.0,2025-10-17,2025-10-24,2025-10-24,expiry,664.3900146484375,646.0,0.2053082036075599,1.2100000000000002,0.132,3.79,0.8280000000000002,0.21846965699208448
SPY,IC,0.16,W,0.0,2025-10-24,2025-10-31,2025-10-31,expiry,677.25,662.0,0.16955369737025244,0.99,0.122,4.01,0.868,0.21645885286783043
SPY,IC,0.16,W,0.0,2025-10-31,2025-11-07,2025-11-07,expiry,682.0599975585938,668.0,0.1552863043487795,1.11,0.122,3.8899999999999997,0.9880000000000001,0.2539845758354756
SPY,IC,0.16,W,0.0,2025-11-07,2025-11-14,2025-11-14,expiry,670.969970703125,655.0,0.1771756241383467,1.2599999999999998,0.122,3.74,1.138,0.30427807486631014
SPY,IC,0.16,W,0.0,2025-11-14,2025-11-21,2025-11-21,expiry,671.9299926757812,653.0,0.21167228910324293,1.36,0.122,3.6399999999999997,1.238,0.3401098901098901
SPY,IC,0.16,W,0.0,2025-11-21,2025-11-28,2025-11-28,expiry,659.030029296875,639.0,0.22659683393676933,1.32,0.132,3.6799999999999997,-3.8119999999999994,-1.0358695652173913
SPY,IC,0.16,W,0.0,2025-11-28,2025-12-05,2025-12-05,expiry,683.3900146484375,671.0,0.13731415245009593,0.9499999999999998,0.122,4.05,0.8279999999999998,0.20444444444444443
SPY,IC,0.16,W,0.0,2025-12-05,2025-12-12,2025-12-12,expiry,685.6900024414062,673.0,0.14147570225595096,1.14,0.122,3.8600000000000003,1.0179999999999998,0.26373056994818644
SPY,IC,0.16,W,0.0,2025-12-12,2025-12-19,2025-12-19,expiry,681.760009765625,667.0,0.16453645904383374,1.1199999999999999,0.122,3.88,0.9979999999999999,0.2572164948453608
SPY,IC,0.16,W,0.0,2025-12-19,2025-12-26,2025-12-26,expiry,680.5900268554688,671.0,0.10194746370749622,0.8000000000000002,0.132,4.2,-1.6419975585937496,-0.39095179966517846
SPY,IC,0.16,W,0.0,2025-12-26,2026-01-02,2026-01-02,expiry,690.3099975585938,682.0,0.08927879137976494,0.74,0.122,4.26,0.618,0.14507042253521127
SPY,IC,0.16,W,0.0,2026-01-02,2026-01-09,2026-01-09,expiry,683.1699829101562,672.0,0.1185525988961349,1.11,0.132,3.8899999999999997,-1.09200732421875,-0.2807216771770566
SPY,IC,0.16,W,0.0,2026-01-09,2026-01-16,2026-01-16,expiry,694.0700073242188,683.0,0.1186101603332855,1.04,0.122,3.96,0.918,0.23181818181818184
SPY,IC,0.16,W,0.0,2026-01-16,2026-01-23,2026-01-23,expiry,691.6599731445312,681.0,0.11786019481894244,0.9400000000000001,0.122,4.06,0.8180000000000001,0.2014778325123153
SPY,IC,0.16,W,0.0,2026-01-23,2026-01-30,2026-01-30,expiry,689.22998046875,673.0,0.17346272145278246,1.0499999999999998,0.122,3.95,0.9279999999999998,0.23493670886075943
SPY,IC,0.16,W,0.0,2026-01-30,2026-02-06,2026-02-06,expiry,691.969970703125,675.0,0.18088567380223414,1.16,0.122,3.84,1.0379999999999998,0.27031249999999996
SPY,IC,0.16,W,0.0,2026-02-06,2026-02-13,2026-02-13,expiry,690.6199951171875,673.0,0.1866040134168176,1.27,0.122,3.73,1.1480000000000001,0.307774798927614
SPY,IC,0.16,W,0.0,2026-02-13,2026-02-20,2026-02-20,expiry,681.75,662.0,0.21703076121063608,1.36,0.122,3.6399999999999997,1.238,0.3401098901098901
SPY,IC,0.16,W,0.0,2026-02-20,2026-02-27,2026-02-27,expiry,689.4299926757812,671.0,0.20317762116066507,1.1899999999999997,0.122,3.8100000000000005,1.0679999999999996,0.2803149606299211
SPY,IC,0.16,W,0.0,2026-02-27,2026-03-06,2026-03-06,expiry,685.989990234375,666.0,0.216537812688823,1.28,0.122,3.7199999999999998,1.158,0.31129032258064515
SPY,IC,0.16,W,0.0,2026-03-06,2026-03-13,2026-03-13,expiry,672.3800048828125,642.0,0.3404104179473444,1.46,0.122,3.54,1.338,0.3779661016949153
SPY,IC,0.16,W,0.0,2026-03-13,2026-03-20,2026-03-20,expiry,662.2899780273438,635.0,0.3149368727111226,1.4300000000000002,0.122,3.57,1.3080000000000003,0.3663865546218488
SPY,IC,0.16,W,0.0,2026-03-20,2026-03-27,2026-03-27,expiry,648.5700073242188,625.0,0.2681929025115848,1.34,0.122,3.66,1.218,0.3327868852459016
SPY,IC,0.16,W,0.0,2026-03-27,2026-04-02,2026-04-02,expiry,634.0900268554688,611.0,0.2983020368946343,1.3099999999999998,0.122,3.6900000000000004,1.1879999999999997,0.321951219512195
SPY,IC,0.16,W,0.0,2026-04-02,2026-04-10,2026-04-10,expiry,655.8300170898438,633.0,0.24224162430067392,1.4300000000000002,0.132,3.57,-3.7019999999999995,-1.0369747899159663
SPY,IC,0.16,W,0.0,2026-04-10,2026-04-17,2026-04-17,expiry,679.4600219726562,663.0,0.18102198578771272,1.17,0.132,3.83,-3.9619999999999997,-1.0344647519582244
SPY,IC,0.16,W,0.0,2026-04-17,2026-04-24,2026-04-24,expiry,710.1400146484375,696.0,0.1509598515834319,1.08,0.122,3.92,0.9580000000000001,0.24438775510204083
SPY,IC,0.16,W,0.0,2026-04-24,2026-05-01,2026-05-01,expiry,713.9400024414062,696.0,0.18802919812240582,1.22,0.122,3.7800000000000002,1.0979999999999999,0.29047619047619044
SPY,IC,0.16,W,0.0,2026-05-01,2026-05-08,2026-05-08,expiry,720.6500244140625,706.0,0.15339171858523704,1.1800000000000002,0.132,3.82,-3.9519999999999995,-1.0345549738219895
SPY,IC,0.16,W,0.0,2026-05-08,2026-05-15,2026-05-15,expiry,737.6199951171875,723.0,0.1453402062774809,1.0499999999999998,0.122,3.95,0.9279999999999998,0.23493670886075943
SPY,IC,0.16,W,0.0,2026-05-15,2026-05-22,2026-05-22,expiry,739.1699829101562,721.0,0.18352825086224867,1.19,0.122,3.81,1.068,0.2803149606299213
SPY,IC,0.16,W,0.0,2026-05-22,2026-05-29,2026-05-29,expiry,745.6400146484375,731.0,0.14589594273716344,1.01,0.122,3.99,0.888,0.2225563909774436
SPY,IC,0.16,W,0.0,2026-05-29,2026-06-05,2026-06-05,expiry,756.47998046875,743.0,0.12951228360914852,1.0,0.132,4.0,-4.132,-1.033
SPY,IC,0.16,W,0.0,2026-06-05,2026-06-12,2026-06-12,expiry,737.5499877929688,711.0,0.26850876440515603,1.0300000000000002,0.122,3.9699999999999998,0.9080000000000003,0.22871536523929478
SPY,IC,0.16,W,0.0,2026-06-12,2026-06-18,2026-06-18,expiry,741.75,724.0,0.19223032805781126,1.1400000000000001,0.122,3.86,1.0180000000000002,0.2637305699481866
SPY,IC,0.16,W,0.0,2026-06-18,2026-06-26,2026-06-26,expiry,746.739990234375,731.0,0.1480176330060285,1.19,0.132,3.81,-0.9520097656250001,-0.24987132956036748
SPY,IC,0.16,W,0.0,2026-06-26,2026-07-02,2026-07-02,expiry,728.989990234375,714.0,0.16132761382553096,1.23,0.122,3.77,1.108,0.2938992042440319
SPY,IC,0.16,W,0.0,2026-07-02,2026-07-10,2026-07-10,expiry,744.780029296875,731.0,0.13395956143059823,1.08,0.122,3.92,0.9580000000000001,0.24438775510204083
SPY,IC,0.16,W,0.0,2026-07-10,2026-07-17,2026-07-17,expiry,754.9500122070312,743.0,0.11548735158822962,1.02,0.122,3.98,0.898,0.22562814070351758
SPY,IC,0.16,W,0.0,2026-07-17,2026-07-24,2026-07-24,expiry,743.2899780273438,725.0,0.1844674247228369,1.2,0.122,3.8,1.0779999999999998,0.28368421052631576
SPY,IC,0.16,W,0.0,2026-07-24,2026-07-31,2026-07-31,expiry,738.9299926757812,719.0,0.1978387775688169,1.27,0.122,3.73,1.1480000000000001,0.307774798927614
SPY,IC,0.16,W,0.0,2026-07-31,2026-08-07,2026-08-07,expiry,747.030029296875,733.0,0.14055049823510918,1.05,0.132,3.95,-4.082,-1.0334177215189873
SPY,IC,0.16,W,0.0,2026-08-07,2026-08-14,2026-08-14,expiry,773.260009765625,761.0,0.12075967501522014,0.9899999999999998,0.122,4.01,0.8679999999999998,0.21645885286783037
SPY,IC,0.16,W,0.0,2026-08-14,2026-08-21,2026-08-21,expiry,776.3400268554688,766.0,0.10178650911862971,0.94,0.132,4.0600000000000005,0.5279707031249999,0.13004204510467976
SPY,IC,0.16,W,0.0,2026-08-21,2026-08-28,2026-08-28,expiry,765.719970703125,752.0,0.1302273504872415,0.97,0.122,4.03,0.848,0.21042183622828783
SPY,IC,0.16,W,0.0,2026-08-28,2026-09-04,2026-09-04,expiry,769.3499755859375,758.0,0.11082916707197296,0.9500000000000002,0.122,4.05,0.8280000000000002,0.20444444444444448
SPY,IC,0.16,W,0.0,2026-09-04,2026-09-11,2026-09-11,expiry,770.1900024414062,758.0,0.11663977243711329,0.8700000000000001,0.122,4.13,0.7480000000000001,0.18111380145278452
SPY,IC,0.16,W,0.0,2026-09-11,2026-09-18,2026-09-18,expiry,764.2899780273438,748.0,0.16371242997009083,1.03,0.122,3.9699999999999998,0.908,0.22871536523929473
SPY,IC,0.16,W,0.0,2026-09-18,2026-09-25,2026-09-25,expiry,761.6900024414062,750.0,0.11708865220558629,1.0300000000000002,0.122,3.9699999999999998,0.9080000000000003,0.22871536523929478
SPY,IC,0.16,W,0.0,2026-09-25,2026-10-02,2026-09-28,expiry,771.3499755859375,758.0,0.12969380923001717,0.95,0.122,4.05,0.828,0.20444444444444446
SPY,IC,0.16,W,0.5,2024-02-23,2024-03-01,2024-02-27,take,507.8500061035156,500.0,0.11041941472136288,0.7799999999999999,0.244,4.22,0.16599999999999993,0.039336492890995244
SPY,IC,0.16,W,0.5,2024-03-01,2024-03-08,2024-03-07,take,512.8499755859375,505.0,0.11172244848377763,0.8,0.244,4.2,0.31600000000000006,0.07523809523809524
SPY,IC,0.16,W,0.5,2024-03-08,2024-03-15,2024-03-13,take,511.7200012207031,501.0,0.15300310446738163,0.87,0.244,4.13,0.376,0.0910411622276029
SPY,IC,0.16,W,0.5,2024-03-15,2024-03-22,2024-03-22,expiry,509.8299865722656,500.0,0.14294325929719331,1.0999999999999999,0.132,3.9000000000000004,-1.2420219726562503,-0.31846717247596157
SPY,IC,0.16,W,0.5,2024-03-22,2024-03-28,2024-03-26,take,521.2100219726562,515.0,0.09887297531356967,0.8400000000000001,0.244,4.16,0.29600000000000015,0.07115384615384619
SPY,IC,0.16,W,0.5,2024-03-28,2024-04-05,2024-04-05,expiry,523.0700073242188,516.0,0.0965336730877569,0.86,0.122,4.14,0.738,0.1782608695652174
SPY,IC,0.16,W,0.5,2024-04-05,2024-04-12,2024-04-11,take,518.4299926757812,507.0,0.16383131905408665,0.9700000000000001,0.244,4.03,0.6960000000000001,0.17270471464019851
SPY,IC,0.16,W,0.5,2024-04-12,2024-04-19,2024-04-19,expiry,510.8500061035156,499.0,0.17644651535900313,1.09,0.132,3.91,-2.881996337890625,-0.7370834623761189
SPY,IC,0.16,W,0.5,2024-04-19,2024-04-26,2024-04-26,expiry,495.1600036621094,483.0,0.17793091913622666,0.9099999999999999,0.132,4.09,-1.4820097656250002,-0.36234957594743283
SPY,IC,0.16,W,0.5,2024-04-26,2024-05-03,2024-05-02,take,508.260009765625,498.0,0.15258436449267715,1.06,0.244,3.94,0.556,0.14111675126903556
SPY,IC,0.16,W,0.5,2024-05-03,2024-05-10,2024-05-10,expiry,511.2900085449219,504.0,0.1051648039051955,0.91,0.132,4.09,-1.06202685546875,-0.2596642678407702
SPY,IC,0.16,W,0.5,2024-05-10,2024-05-17,2024-05-17,expiry,520.8400268554688,513.0,0.11718291283914181,0.9,0.132,4.1,0.31798779296875,0.07755799828506099
SPY,IC,0.16,W,0.5,2024-05-17,2024-05-24,2024-05-23,take,529.4500122070312,523.0,0.09570635267967534,0.9000000000000001,0.244,4.1,0.31600000000000017,0.07707317073170737
SPY,IC,0.16,W,0.5,2024-05-24,2024-05-31,2024-05-31,expiry,529.4400024414062,523.0,0.0873258522132703,0.61,0.122,4.39,0.488,0.1111617312072893
SPY,IC,0.16,W,0.5,2024-05-31,2024-06-07,2024-06-07,expiry,527.3699951171875,520.0,0.10877359424627564,0.98,0.132,4.02,0.837990234375,0.20845528218283585
SPY,IC,0.16,W,0.5,2024-06-07,2024-06-14,2024-06-14,expiry,534.010009765625,525.0,0.13077365051627815,1.04,0.122,3.96,0.918,0.23181818181818184
SPY,IC,0.16,W,0.5,2024-06-14,2024-06-21,2024-06-21,expiry,542.780029296875,534.0,0.1186713058136461,0.74,0.122,4.26,0.618,0.14507042253521127
SPY,IC,0.16,W,0.5,2024-06-21,2024-06-28,2024-06-25,take,544.510009765625,537.0,0.10455685890137312,0.97,0.244,4.03,0.356,0.08833746898263026
SPY,IC,0.16,W,0.5,2024-06-28,2024-07-05,2024-07-01,take,544.219970703125,538.0,0.09163481151599712,0.8400000000000001,0.244,4.16,0.2360000000000001,0.05673076923076925
SPY,IC,0.16,W,0.5,2024-07-05,2024-07-12,2024-07-11,take,554.6400146484375,547.0,0.10327735254454232,0.7000000000000002,0.244,4.3,0.3360000000000002,0.07813953488372098
SPY,IC,0.16,W,0.5,2024-07-12,2024-07-19,2024-07-19,expiry,559.989990234375,553.0,0.0987818308436916,0.91,0.132,4.09,-3.2320097656249995,-0.7902224365831295
SPY,IC,0.16,W,0.5,2024-07-19,2024-07-26,2024-07-26,expiry,548.989990234375,538.0,0.14557852332760657,1.02,0.122,3.98,0.898,0.22562814070351758
SPY,IC,0.16,W,0.5,2024-07-26,2024-08-02,2024-08-01,take,544.4400024414062,532.0,0.17664438167040553,1.25,0.244,3.75,0.626,0.16693333333333332
SPY,IC,0.16,W,0.5,2024-08-02,2024-08-09,2024-08-08,take,532.9000244140625,516.0,0.2353580947940651,1.22,0.244,3.7800000000000002,0.8460000000000001,0.22380952380952382
SPY,IC,0.16,W,0.5,2024-08-09,2024-08-16,2024-08-16,expiry,532.989990234375,517.0,0.22151908302577178,1.13,0.132,3.87,-4.002,-1.034108527131783
SPY,IC,0.16,W,0.5,2024-08-16,2024-08-23,2024-08-22,take,554.3099975585938,545.0,0.12607829229441753,0.9,0.244,4.1,0.30600000000000005,0.07463414634146344
SPY,IC,0.16,W,0.5,2024-08-23,2024-08-30,2024-08-29,take,562.1300048828125,552.0,0.1354560213379763,1.04,0.244,3.96,0.676,0.17070707070707072
SPY,IC,0.16,W,0.5,2024-08-30,2024-09-06,2024-09-06,expiry,563.6799926757812,554.0,0.12817750201299677,0.9400000000000001,0.132,4.06,-4.191999999999999,-1.032512315270936
SPY,IC,0.16,W,0.5,2024-09-06,2024-09-13,2024-09-13,expiry,540.3599853515625,524.0,0.22615185632802443,1.24,0.132,3.76,-3.8919999999999995,-1.0351063829787233
SPY,IC,0.16,W,0.5,2024-09-13,2024-09-20,2024-09-18,take,562.010009765625,548.0,0.18419267125794003,0.9799999999999999,0.244,4.0200000000000005,0.2759999999999998,0.0686567164179104
SPY,IC,0.16,W,0.5,2024-09-20,2024-09-27,2024-09-25,take,568.25,558.0,0.13399831641782828,0.8600000000000001,0.244,4.14,0.3660000000000001,0.0884057971014493
SPY,IC,0.16,W,0.5,2024-09-27,2024-10-04,2024-10-02,take,571.469970703125,559.0,0.16308372229329976,1.1400000000000001,0.244,3.86,0.3560000000000001,0.09222797927461143
SPY,IC,0.16,W,0.5,2024-10-04,2024-10-11,2024-10-08,take,572.97998046875,560.0,0.17099386035733544,1.0899999999999999,0.244,4.41,0.31599999999999984,0.0716553287981859
SPY,IC,0.16,W,0.5,2024-10-11,2024-10-18,2024-10-16,take,579.5800170898438,568.0,0.14587477604913252,0.81,0.244,4.1899999999999995,0.2360000000000001,0.056324582338902175
SPY,IC,0.16,W,0.5,2024-10-18,2024-10-25,2024-10-22,take,584.5900268554688,576.0,0.10929829627480067,0.8500000000000001,0.244,4.15,0.19600000000000017,0.04722891566265064
SPY,IC,0.16,W,0.5,2024-10-25,2024-11-01,2024-10-30,take,579.0399780273438,565.0,0.17954997349450558,1.1400000000000001,0.244,3.86,0.5160000000000001,0.13367875647668398
SPY,IC,0.16,W,0.5,2024-11-01,2024-11-08,2024-11-08,expiry,571.0399780273438,552.0,0.2465458845520791,1.4399999999999997,0.132,3.5600000000000005,-3.692,-1.0370786516853931
SPY,IC,0.16,W,0.5,2024-11-08,2024-11-15,2024-11-13,take,598.1900024414062,588.0,0.12738972064751486,0.86,0.244,4.14,0.476,0.11497584541062802
SPY,IC,0.16,W,0.5,2024-11-15,2024-11-22,2024-11-22,expiry,585.75,574.0,0.1502545690930811,1.08,0.122,3.92,0.9580000000000001,0.24438775510204083
SPY,IC,0.16,W,0.5,2024-11-22,2024-11-29,2024-11-27,take,595.510009765625,587.0,0.10470997272031726,0.86,0.244,4.14,0.42599999999999993,0.10289855072463767
SPY,IC,0.16,W,0.5,2024-11-29,2024-12-06,2024-12-05,take,602.5499877929688,594.0,0.10675900822302686,0.92,0.244,4.08,0.41600000000000004,0.1019607843137255
SPY,IC,0.16,W,0.5,2024-12-06,2024-12-13,2024-12-11,take,607.8099975585938,601.0,0.08930509668424119,0.93,0.244,4.07,0.506,0.12432432432432432
SPY,IC,0.16,W,0.5,2024-12-13,2024-12-20,2024-12-20,expiry,604.2100219726562,594.0,0.12581297485907394,0.8600000000000001,0.132,4.14,-2.1219755859375,-0.5125544893568841
SPY,IC,0.16,W,0.5,2024-12-20,2024-12-27,2024-12-27,expiry,591.1500244140625,577.0,0.17925166667526288,1.02,0.122,3.98,0.898,0.22562814070351758
SPY,IC,0.16,W,0.5,2024-12-27,2025-01-03,2025-01-03,expiry,595.010009765625,585.0,0.130929015264315,1.0799999999999998,0.122,3.92,0.9579999999999999,0.24438775510204078
SPY,IC,0.16,W,0.5,2025-01-03,2025-01-10,2025-01-08,take,591.9500122070312,581.0,0.1368073857504582,1.1099999999999999,0.244,3.89,0.46599999999999997,0.1197943444730077
SPY,IC,0.16,W,0.5,2025-01-10,2025-01-17,2025-01-17,expiry,580.489990234375,566.0,0.18835852399088732,1.12,0.132,3.88,-3.5920170898437496,-0.9257776004751932
SPY,IC,0.16,W,0.5,2025-01-17,2025-01-24,2025-01-24,expiry,597.5800170898438,586.0,0.14251781162914212,1.03,0.132,3.9699999999999998,-0.07197070312499997,-0.01812864058564231
SPY,IC,0.16,W,0.5,2025-01-24,2025-01-31,2025-01-30,take,607.969970703125,597.0,0.13340195874950572,1.0399999999999998,0.244,3.96,0.5359999999999998,0.1353535353535353
SPY,IC,0.16,W,0.5,2025-01-31,2025-02-07,2025-02-04,take,601.8200073242188,588.0,0.16809303145400906,1.19,0.244,3.81,0.366,0.09606299212598425
SPY,IC,0.16,W,0.5,2025-02-07,2025-02-14,2025-02-12,take,600.77001953125,588.0,0.15462703609489048,1.1099999999999999,0.244,3.89,0.6659999999999998,0.17120822622107965
SPY,IC,0.16,W,0.5,2025-02-14,2025-02-21,2025-02-19,take,609.7000122070312,601.0,0.1113999074636007,0.81,0.244,4.1899999999999995,0.21600000000000008,0.0515513126491647
SPY,IC,0.16,W,0.5,2025-02-21,2025-02-28,2025-02-28,expiry,599.9400024414062,586.0,0.17828311240081918,1.12,0.122,3.88,0.9980000000000001,0.25721649484536085
SPY,IC,0.16,W,0.5,2025-02-28,2025-03-07,2025-03-07,expiry,594.1799926757812,578.0,0.2070815434552134,1.28,0.132,3.7199999999999998,-0.93201708984375,-0.250542228452621
SPY,IC,0.16,W,0.5,2025-03-07,2025-03-14,2025-03-14,expiry,575.9199829101562,557.0,0.2534435522674269,1.4500000000000002,0.122,3.55,1.3280000000000003,0.3740845070422536
SPY,IC,0.16,W,0.5,2025-03-14,2025-03-21,2025-03-19,take,562.8099975585938,543.0,0.25787387278399965,1.2899999999999998,0.244,3.71,0.6759999999999998,0.18221024258760105
SPY,IC,0.16,W,0.5,2025-03-21,2025-03-28,2025-03-26,take,563.97998046875,550.0,0.18225051164076078,1.2699999999999998,0.244,3.7300000000000004,0.4059999999999998,0.10884718498659511
SPY,IC,0.16,W,0.5,2025-03-28,2025-04-04,2025-04-04,expiry,555.6599731445312,538.0,0.24433010656589432,1.43,0.132,3.5700000000000003,-3.702,-1.0369747899159663
SPY,IC,0.16,W,0.5,2025-04-04,2025-04-11,2025-04-11,expiry,505.2799987792969,460.0,0.6808170869668466,1.3299999999999998,0.122,3.67,1.2079999999999997,0.32915531335149856
SPY,IC,0.16,W,0.5,2025-04-11,2025-04-17,2025-04-14,take,533.9400024414062,501.0,0.5028796657697925,1.3,0.244,3.7,0.546,0.14756756756756756
SPY,IC,0.16,W,0.5,2025-04-17,2025-04-25,2025-04-25,expiry,526.4099731445312,505.0,0.28095143560890556,1.38,0.132,3.62,-3.752,-1.03646408839779
SPY,IC,0.16,W,0.5,2025-04-25,2025-05-02,2025-05-01,take,550.6400146484375,531.0,0.2674504726260378,1.27,0.244,3.73,0.616,0.1651474530831099
SPY,IC,0.16,W,0.5,2025-05-02,2025-05-09,2025-05-07,take,566.760009765625,550.0,0.22616570538784225,1.1800000000000002,0.244,3.82,0.4860000000000001,0.12722513089005238
SPY,IC,0.16,W,0.5,2025-05-09,2025-05-16,2025-05-16,expiry,564.3400268554688,548.0,0.22094787558408702,1.2100000000000002,0.132,3.79,-3.9219999999999997,-1.0348284960422163
SPY,IC,0.16,W,0.5,2025-05-16,2025-05-23,2025-05-23,expiry,594.2000122070312,582.0,0.15225623043974185,0.9500000000000001,0.132,4.05,-2.0720146484374995,-0.511608555169753
SPY,IC,0.16,W,0.5,2025-05-23,2025-05-30,2025-05-30,expiry,579.1099853515625,562.0,0.21929951466792247,1.1400000000000001,0.122,3.86,1.0180000000000002,0.2637305699481866
SPY,IC,0.16,W,0.5,2025-05-30,2025-06-06,2025-06-05,take,589.3900146484375,576.0,0.17497179995214934,1.22,0.244,3.7800000000000002,0.706,0.18677248677248676
SPY,IC,0.16,W,0.5,2025-06-06,2025-06-13,2025-06-11,take,599.1400146484375,587.0,0.14757308887646742,1.01,0.244,3.99,0.45600000000000007,0.1142857142857143
SPY,IC,0.16,W,0.5,2025-06-13,2025-06-20,2025-06-18,take,597.0,580.0,0.21666948078258141,1.1900000000000002,0.244,3.8099999999999996,0.7860000000000003,0.2062992125984253
SPY,IC,0.16,W,0.5,2025-06-20,2025-06-27,2025-06-27,expiry,594.280029296875,579.0,0.19578877726580285,1.1199999999999999,0.132,3.88,-4.012,-1.034020618556701
SPY,IC,0.16,W,0.5,2025-06-27,2025-07-03,2025-07-03,expiry,614.9099731445312,605.0,0.13017429047115153,0.9400000000000001,0.132,4.06,-1.53202685546875,-0.3773465161253079
SPY,IC,0.16,W,0.5,2025-07-03,2025-07-11,2025-07-08,take,625.3400268554688,613.0,0.13843921260617986,1.0200000000000002,0.244,3.9799999999999995,0.3260000000000003,0.08190954773869355
SPY,IC,0.16,W,0.5,2025-07-11,2025-07-18,2025-07-16,take,623.6199951171875,612.0,0.13835276596395685,0.92,0.244,4.08,0.4660000000000001,0.11421568627450983
SPY,IC,0.16,W,0.5,2025-07-18,2025-07-25,2025-07-22,take,627.5800170898438,618.0,0.1200067311023934,0.9899999999999999,0.244,4.01,0.2759999999999999,0.06882793017456357
SPY,IC,0.16,W,0.5,2025-07-25,2025-08-01,2025-07-30,take,637.0999755859375,625.0,0.1390372646063764,0.8200000000000001,0.244,4.18,0.18600000000000005,0.04449760765550241
SPY,IC,0.16,W,0.5,2025-08-01,2025-08-08,2025-08-08,expiry,621.719970703125,604.0,0.2108893247588377,1.19,0.132,3.81,-2.1219926757812497,-0.5569534582103017
SPY,IC,0.16,W,0.5,2025-08-08,2025-08-15,2025-08-15,expiry,637.1799926757812,626.0,0.12985430188697783,0.9300000000000002,0.122,4.07,0.8080000000000002,0.19852579852579855
SPY,IC,0.16,W,0.5,2025-08-15,2025-08-22,2025-08-22,expiry,643.4400024414062,632.0,0.13594439815844134,0.9800000000000001,0.122,4.02,0.8580000000000001,0.21343283582089556
SPY,IC,0.16,W,0.5,2025-08-22,2025-08-29,2025-08-28,take,645.3099975585938,635.0,0.12356576108183873,1.02,0.244,3.98,0.686,0.17236180904522613
SPY,IC,0.16,W,0.5,2025-08-29,2025-09-05,2025-09-03,take,645.0499877929688,634.0,0.13003309076044384,1.0499999999999998,0.244,3.95,0.3759999999999998,0.09518987341772146
SPY,IC,0.16,W,0.5,2025-09-05,2025-09-12,2025-09-12,expiry,647.239990234375,636.0,0.13234117425703817,1.0300000000000002,0.132,3.9699999999999998,-1.5119731445312496,-0.38084965857210323
SPY,IC,0.16,W,0.5,2025-09-12,2025-09-19,2025-09-18,take,657.4099731445312,644.0,0.14920301991258667,0.8999999999999998,0.244,4.1000000000000005,0.35599999999999987,0.08682926829268288
SPY,IC,0.16,W,0.5,2025-09-19,2025-09-26,2025-09-24,take,663.7000122070312,653.0,0.12389147143089899,0.84,0.244,4.16,0.356,0.08557692307692306
SPY,IC,0.16,W,0.5,2025-09-26,2025-10-03,2025-10-03,expiry,661.8200073242188,651.0,0.12468074384267827,1.02,0.122,3.98,0.898,0.22562814070351758
SPY,IC,0.16,W,0.5,2025-10-03,2025-10-10,2025-10-08,take,669.2100219726562,656.0,0.14339951817565494,0.8400000000000001,0.244,4.16,0.28600000000000014,0.06875000000000003
SPY,IC,0.16,W,0.5,2025-10-10,2025-10-17,2025-10-16,take,653.02001953125,633.0,0.23304178469057263,1.23,0.244,3.77,0.6859999999999999,0.1819628647214854
SPY,IC,0.16,W,0.5,2025-10-17,2025-10-24,2025-10-22,take,664.3900146484375,646.0,0.2053082036075599,1.2100000000000002,0.244,3.79,0.7360000000000002,0.19419525065963067
SPY,IC,0.16,W,0.5,2025-10-24,2025-10-31,2025-10-30,take,677.25,662.0,0.16955369737025244,0.99,0.244,4.01,0.44599999999999995,0.11122194513715711
SPY,IC,0.16,W,0.5,2025-10-31,2025-11-07,2025-11-05,take,682.0599975585938,668.0,0.1552863043487795,1.11,0.244,3.8899999999999997,0.5160000000000001,0.13264781491002575
SPY,IC,0.16,W,0.5,2025-11-07,2025-11-14,2025-11-13,take,670.969970703125,655.0,0.1771756241383467,1.2599999999999998,0.244,3.74,0.9059999999999996,0.2422459893048127
SPY,IC,0.16,W,0.5,2025-11-14,2025-11-21,2025-11-21,expiry,671.9299926757812,653.0,0.21167228910324293,1.36,0.122,3.6399999999999997,1.238,0.3401098901098901
SPY,IC,0.16,W,0.5,2025-11-21,2025-11-28,2025-11-28,expiry,659.030029296875,639.0,0.22659683393676933,1.32,0.132,3.6799999999999997,-3.8119999999999994,-1.0358695652173913
SPY,IC,0.16,W,0.5,2025-11-28,2025-12-05,2025-12-02,take,683.3900146484375,671.0,0.13731415245009593,0.9499999999999998,0.244,4.05,0.2759999999999998,0.0681481481481481
SPY,IC,0.16,W,0.5,2025-12-05,2025-12-12,2025-12-10,take,685.6900024414062,673.0,0.14147570225595096,1.14,0.244,3.8600000000000003,0.566,0.14663212435233158
SPY,IC,0.16,W,0.5,2025-12-12,2025-12-19,2025-12-18,take,681.760009765625,667.0,0.16453645904383374,1.1199999999999999,0.244,3.88,0.5159999999999999,0.13298969072164946
SPY,IC,0.16,W,0.5,2025-12-19,2025-12-26,2025-12-26,expiry,680.5900268554688,671.0,0.10194746370749622,0.8000000000000002,0.132,4.2,-1.6419975585937496,-0.39095179966517846
SPY,IC,0.16,W,0.5,2025-12-26,2026-01-02,2026-01-02,expiry,690.3099975585938,682.0,0.08927879137976494,0.74,0.122,4.26,0.618,0.14507042253521127
SPY,IC,0.16,W,0.5,2026-01-02,2026-01-09,2026-01-09,expiry,683.1699829101562,672.0,0.1185525988961349,1.11,0.132,3.8899999999999997,-1.09200732421875,-0.2807216771770566
SPY,IC,0.16,W,0.5,2026-01-09,2026-01-16,2026-01-14,take,694.0700073242188,683.0,0.1186101603332855,1.04,0.244,3.96,0.30600000000000005,0.07727272727272728
SPY,IC,0.16,W,0.5,2026-01-16,2026-01-23,2026-01-22,take,691.6599731445312,681.0,0.11786019481894244,0.9400000000000001,0.244,4.06,0.546,0.13448275862068967
SPY,IC,0.16,W,0.5,2026-01-23,2026-01-30,2026-01-29,take,689.22998046875,673.0,0.17346272145278246,1.0499999999999998,0.244,3.95,0.6159999999999999,0.15594936708860757
SPY,IC,0.16,W,0.5,2026-01-30,2026-02-06,2026-02-03,take,691.969970703125,675.0,0.18088567380223414,1.16,0.244,3.84,0.3759999999999999,0.09791666666666664
SPY,IC,0.16,W,0.5,2026-02-06,2026-02-13,2026-02-11,take,690.6199951171875,673.0,0.1866040134168176,1.27,0.244,3.73,0.766,0.20536193029490618
SPY,IC,0.16,W,0.5,2026-02-13,2026-02-20,2026-02-18,take,681.75,662.0,0.21703076121063608,1.36,0.244,3.6399999999999997,0.6360000000000001,0.17472527472527477
SPY,IC,0.16,W,0.5,2026-02-20,2026-02-27,2026-02-24,take,689.4299926757812,671.0,0.20317762116066507,1.1899999999999997,0.244,3.8100000000000005,0.4959999999999998,0.13018372703412065
SPY,IC,0.16,W,0.5,2026-02-27,2026-03-06,2026-03-04,take,685.989990234375,666.0,0.216537812688823,1.28,0.244,3.7199999999999998,0.756,0.20322580645161292
SPY,IC,0.16,W,0.5,2026-03-06,2026-03-13,2026-03-10,take,672.3800048828125,642.0,0.3404104179473444,1.46,0.244,3.54,0.5660000000000001,0.15988700564971753
SPY,IC,0.16,W,0.5,2026-03-13,2026-03-20,2026-03-17,take,662.2899780273438,635.0,0.3149368727111226,1.4300000000000002,0.244,3.57,0.5960000000000001,0.1669467787114846
SPY,IC,0.16,W,0.5,2026-03-20,2026-03-27,2026-03-25,take,648.5700073242188,625.0,0.2681929025115848,1.34,0.244,3.66,0.666,0.1819672131147541
SPY,IC,0.16,W,0.5,2026-03-27,2026-04-02,2026-03-30,take,634.0900268554688,611.0,0.2983020368946343,1.3099999999999998,0.244,3.6900000000000004,0.45599999999999974,0.12357723577235764
SPY,IC,0.16,W,0.5,2026-04-02,2026-04-10,2026-04-10,expiry,655.8300170898438,633.0,0.24224162430067392,1.4300000000000002,0.132,3.57,-3.7019999999999995,-1.0369747899159663
SPY,IC,0.16,W,0.5,2026-04-10,2026-04-17,2026-04-17,expiry,679.4600219726562,663.0,0.18102198578771272,1.17,0.132,3.83,-3.9619999999999997,-1.0344647519582244
SPY,IC,0.16,W,0.5,2026-04-17,2026-04-24,2026-04-22,take,710.1400146484375,696.0,0.1509598515834319,1.08,0.244,3.92,0.546,0.1392857142857143
SPY,IC,0.16,W,0.5,2026-04-24,2026-05-01,2026-04-28,take,713.9400024414062,696.0,0.18802919812240582,1.22,0.244,3.7800000000000002,0.46599999999999997,0.12328042328042327
SPY,IC,0.16,W,0.5,2026-05-01,2026-05-08,2026-05-08,expiry,720.6500244140625,706.0,0.15339171858523704,1.1800000000000002,0.132,3.82,-3.9519999999999995,-1.0345549738219895
SPY,IC,0.16,W,0.5,2026-05-08,2026-05-15,2026-05-15,expiry,737.6199951171875,723.0,0.1453402062774809,1.0499999999999998,0.122,3.95,0.9279999999999998,0.23493670886075943
SPY,IC,0.16,W,0.5,2026-05-15,2026-05-22,2026-05-19,take,739.1699829101562,721.0,0.18352825086224867,1.19,0.244,3.81,0.376,0.09868766404199475
SPY,IC,0.16,W,0.5,2026-05-22,2026-05-29,2026-05-27,take,745.6400146484375,731.0,0.14589594273716344,1.01,0.244,3.99,0.3360000000000001,0.08421052631578949
SPY,IC,0.16,W,0.5,2026-05-29,2026-06-05,2026-06-03,take,756.47998046875,743.0,0.12951228360914852,1.0,0.244,4.0,0.4159999999999999,0.10399999999999998
SPY,IC,0.16,W,0.5,2026-06-05,2026-06-12,2026-06-11,take,737.5499877929688,711.0,0.26850876440515603,1.0300000000000002,0.244,3.9699999999999998,0.6460000000000002,0.1627204030226701
SPY,IC,0.16,W,0.5,2026-06-12,2026-06-18,2026-06-17,take,741.75,724.0,0.19223032805781126,1.1400000000000001,0.244,3.86,0.6960000000000002,0.18031088082901559
SPY,IC,0.16,W,0.5,2026-06-18,2026-06-26,2026-06-26,expiry,746.739990234375,731.0,0.1480176330060285,1.19,0.132,3.81,-0.9520097656250001,-0.24987132956036748
SPY,IC,0.16,W,0.5,2026-06-26,2026-07-02,2026-07-02,expiry,728.989990234375,714.0,0.16132761382553096,1.23,0.122,3.77,1.108,0.2938992042440319
SPY,IC,0.16,W,0.5,2026-07-02,2026-07-10,2026-07-08,take,744.780029296875,731.0,0.13395956143059823,1.08,0.244,3.92,0.46599999999999997,0.11887755102040816
SPY,IC,0.16,W,0.5,2026-07-10,2026-07-17,2026-07-15,take,754.9500122070312,743.0,0.11548735158822962,1.02,0.244,3.98,0.546,0.13718592964824122
SPY,IC,0.16,W,0.5,2026-07-17,2026-07-24,2026-07-22,take,743.2899780273438,725.0,0.1844674247228369,1.2,0.244,3.8,0.506,0.13315789473684211
SPY,IC,0.16,W,0.5,2026-07-24,2026-07-31,2026-07-30,take,738.9299926757812,719.0,0.1978387775688169,1.27,0.244,3.73,0.9359999999999998,0.2509383378016085
SPY,IC,0.16,W,0.5,2026-07-31,2026-08-07,2026-08-07,expiry,747.030029296875,733.0,0.14055049823510918,1.05,0.132,3.95,-4.082,-1.0334177215189873
SPY,IC,0.16,W,0.5,2026-08-07,2026-08-14,2026-08-12,take,773.260009765625,761.0,0.12075967501522014,0.9899999999999998,0.244,4.01,0.5659999999999998,0.14114713216957603
SPY,IC,0.16,W,0.5,2026-08-14,2026-08-21,2026-08-21,expiry,776.3400268554688,766.0,0.10178650911862971,0.94,0.132,4.0600000000000005,0.5279707031249999,0.13004204510467976
SPY,IC,0.16,W,0.5,2026-08-21,2026-08-28,2026-08-26,take,765.719970703125,752.0,0.1302273504872415,0.97,0.244,4.03,0.25599999999999995,0.06352357320099254
SPY,IC,0.16,W,0.5,2026-08-28,2026-09-04,2026-09-02,take,769.3499755859375,758.0,0.11082916707197296,0.9500000000000002,0.244,4.05,0.2560000000000002,0.06320987654320993
SPY,IC,0.16,W,0.5,2026-09-04,2026-09-11,2026-09-11,expiry,770.1900024414062,758.0,0.11663977243711329,0.8700000000000001,0.122,4.13,0.7480000000000001,0.18111380145278452
SPY,IC,0.16,W,0.5,2026-09-11,2026-09-18,2026-09-17,take,764.2899780273438,748.0,0.16371242997009083,1.03,0.244,3.9699999999999998,0.6960000000000001,0.1753148614609572
SPY,IC,0.16,W,0.5,2026-09-18,2026-09-25,2026-09-24,take,761.6900024414062,750.0,0.11708865220558629,1.0300000000000002,0.244,3.9699999999999998,0.42600000000000027,0.10730478589420663
SPY,IC,0.16,W,0.5,2026-09-25,2026-10-02,2026-09-28,expiry,771.3499755859375,758.0,0.12969380923001717,0.95,0.122,4.05,0.828,0.20444444444444446
SPY,IC,0.2,W,0.0,2024-02-23,2024-03-01,2024-03-01,expiry,507.8500061035156,502.0,0.10615969156454139,1.12,0.122,3.88,0.9980000000000001,0.25721649484536085
SPY,IC,0.2,W,0.0,2024-03-01,2024-03-08,2024-03-08,expiry,512.8499755859375,507.0,0.10802859410605967,1.1599999999999997,0.122,3.8400000000000003,1.0379999999999998,0.27031249999999996
SPY,IC,0.2,W,0.0,2024-03-08,2024-03-15,2024-03-15,expiry,511.7200012207031,503.0,0.15022573604457456,1.3599999999999999,0.122,3.64,1.238,0.3401098901098901
SPY,IC,0.2,W,0.0,2024-03-15,2024-03-22,2024-03-22,expiry,509.8299865722656,502.0,0.13922063860542633,1.38,0.132,3.62,-1.96202197265625,-0.5419950200707873
SPY,IC,0.2,W,0.0,2024-03-22,2024-03-28,2024-03-28,expiry,521.2100219726562,516.0,0.09738992262891225,1.1199999999999999,0.122,3.88,0.9979999999999999,0.2572164948453608
SPY,IC,0.2,W,0.0,2024-03-28,2024-04-05,2024-04-05,expiry,523.0700073242188,517.0,0.09461191721861156,1.1400000000000001,0.122,3.86,1.0180000000000002,0.2637305699481866
SPY,IC,0.2,W,0.0,2024-04-05,2024-04-12,2024-04-12,expiry,518.4299926757812,509.0,0.15883243798307806,1.3900000000000001,0.122,3.61,1.2680000000000002,0.35124653739612194
SPY,IC,0.2,W,0.0,2024-04-12,2024-04-19,2024-04-19,expiry,510.8500061035156,501.0,0.1714059136540741,1.39,0.132,3.6100000000000003,-3.742,-1.0365650969529085
SPY,IC,0.2,W,0.0,2024-04-19,2024-04-26,2024-04-26,expiry,495.1600036621094,485.0,0.1743331039036995,1.31,0.132,3.69,-2.0820097656249996,-0.5642302887872628
SPY,IC,0.2,W,0.0,2024-04-26,2024-05-03,2024-05-03,expiry,508.260009765625,500.0,0.14897645547291843,1.4500000000000002,0.122,3.55,1.3280000000000003,0.3740845070422536
SPY,IC,0.2,W,0.0,2024-05-03,2024-05-10,2024-05-10,expiry,511.2900085449219,505.0,0.10437545158776892,1.1700000000000002,0.132,3.83,-1.80202685546875,-0.4705030954226501
SPY,IC,0.2,W,0.0,2024-05-10,2024-05-17,2024-05-17,expiry,520.8400268554688,514.0,0.11728483611202234,1.35,0.132,3.65,-1.2320122070312498,-0.3375375909674657
SPY,IC,0.2,W,0.0,2024-05-17,2024-05-24,2024-05-24,expiry,529.4500122070312,524.0,0.09424599594939442,1.17,0.122,3.83,1.048,0.27362924281984335
SPY,IC,0.2,W,0.0,2024-05-24,2024-05-31,2024-05-31,expiry,529.4400024414062,525.0,0.0819455111407186,0.95,0.122,4.05,0.828,0.20444444444444446
SPY,IC,0.2,W,0.0,2024-05-31,2024-06-07,2024-06-07,expiry,527.3699951171875,521.0,0.10597526288960302,1.2699999999999998,0.132,3.7300000000000004,0.1279902343749998,0.03431373575737259
SPY,IC,0.2,W,0.0,2024-06-07,2024-06-14,2024-06-14,expiry,534.010009765625,526.0,0.1304899203908954,1.4400000000000002,0.132,3.5599999999999996,-0.47202929687499984,-0.13259249912219098
SPY,IC,0.2,W,0.0,2024-06-14,2024-06-21,2024-06-21,expiry,542.780029296875,536.0,0.1143791824610054,1.09,0.122,3.91,0.9680000000000001,0.24757033248081842
SPY,IC,0.2,W,0.0,2024-06-21,2024-06-28,2024-06-28,expiry,544.510009765625,538.0,0.10211754310664098,1.1999999999999997,0.122,3.8000000000000003,1.0779999999999998,0.2836842105263157
SPY,IC,0.2,W,0.0,2024-06-28,2024-07-05,2024-07-05,expiry,544.219970703125,539.0,0.08956681265751143,1.1099999999999999,0.132,3.89,-2.6620146484375,-0.6843225317320051
SPY,IC,0.2,W,0.0,2024-07-05,2024-07-12,2024-07-12,expiry,554.6400146484375,548.0,0.10147594144490224,0.96,0.122,4.04,0.838,0.20742574257425742
SPY,IC,0.2,W,0.0,2024-07-12,2024-07-19,2024-07-19,expiry,559.989990234375,554.0,0.09556860816824445,1.1300000000000001,0.132,3.87,-4.002,-1.034108527131783
SPY,IC,0.2,W,0.0,2024-07-19,2024-07-26,2024-07-26,expiry,548.989990234375,540.0,0.14222762052625998,1.29,0.122,3.71,1.1680000000000001,0.3148247978436658
SPY,IC,0.2,W,0.0,2024-07-26,2024-08-02,2024-08-02,expiry,544.4400024414062,534.0,0.17397915654835627,1.51,0.132,3.49,0.2780244140625,0.0796631558918338
SPY,IC,0.2,W,0.0,2024-08-02,2024-08-09,2024-08-09,expiry,532.9000244140625,519.0,0.2289058399790001,1.5100000000000002,0.122,3.4899999999999998,1.3880000000000003,0.39770773638968493
SPY,IC,0.2,W,0.0,2024-08-09,2024-08-16,2024-08-16,expiry,532.989990234375,520.0,0.21417632975715278,1.5200000000000002,0.132,3.4799999999999995,-3.611999999999999,-1.0379310344827586
SPY,IC,0.2,W,0.0,2024-08-16,2024-08-23,2024-08-23,expiry,554.3099975585938,547.0,0.1210792567815219,1.1900000000000002,0.132,3.8099999999999996,0.9279951171875002,0.24356827222769037
SPY,IC,0.2,W,0.0,2024-08-23,2024-08-30,2024-08-30,expiry,562.1300048828125,554.0,0.13280559108880663,1.3599999999999999,0.122,3.64,1.238,0.3401098901098901
SPY,IC,0.2,W,0.0,2024-08-30,2024-09-06,2024-09-06,expiry,563.6799926757812,556.0,0.12649728268589305,1.2999999999999998,0.132,3.7,-3.832,-1.0356756756756755
SPY,IC,0.2,W,0.0,2024-09-06,2024-09-13,2024-09-13,expiry,540.3599853515625,527.0,0.22048630381663215,1.6799999999999997,0.132,3.3200000000000003,-3.452,-1.0397590361445783
SPY,IC,0.2,W,0.0,2024-09-13,2024-09-20,2024-09-20,expiry,562.010009765625,551.0,0.17703695567142513,1.2899999999999998,0.122,3.71,1.1679999999999997,0.3148247978436657
SPY,IC,0.2,W,0.0,2024-09-20,2024-09-27,2024-09-27,expiry,568.25,560.0,0.13030551380122213,1.1099999999999999,0.122,3.89,0.9879999999999999,0.2539845758354755
SPY,IC,0.2,W,0.0,2024-09-27,2024-10-04,2024-10-04,expiry,571.469970703125,561.0,0.159020346078606,1.44,0.122,3.56,1.318,0.3702247191011236
SPY,IC,0.2,W,0.0,2024-10-04,2024-10-11,2024-10-11,expiry,572.97998046875,562.0,0.16543665142567138,1.4099999999999997,0.122,3.5900000000000003,1.2879999999999998,0.3587743732590528
SPY,IC,0.2,W,0.0,2024-10-11,2024-10-18,2024-10-18,expiry,579.5800170898438,571.0,0.13722086331615319,1.25,0.122,3.75,1.1280000000000001,0.3008
SPY,IC,0.2,W,0.0,2024-10-18,2024-10-25,2024-10-25,expiry,584.5900268554688,578.0,0.10468361799074791,1.18,0.122,3.8200000000000003,1.0579999999999998,0.27696335078534023
SPY,IC,0.2,W,0.0,2024-10-25,2024-11-01,2024-11-01,expiry,579.0399780273438,568.0,0.1712818532536734,1.44,0.122,3.56,1.318,0.3702247191011236
SPY,IC,0.2,W,0.0,2024-11-01,2024-11-08,2024-11-08,expiry,571.0399780273438,556.0,0.24092619278909838,1.8499999999999996,0.132,3.1500000000000004,-3.282,-1.041904761904762
SPY,IC,0.2,W,0.0,2024-11-08,2024-11-15,2024-11-15,expiry,598.1900024414062,590.0,0.12168944877370488,1.13,0.132,3.87,-3.252,-0.8403100775193798
SPY,IC,0.2,W,0.0,2024-11-15,2024-11-22,2024-11-22,expiry,585.75,576.0,0.14622361754631336,1.34,0.132,3.66,0.6979902343750001,0.1907077143101093
SPY,IC,0.2,W,0.0,2024-11-22,2024-11-29,2024-11-29,expiry,595.510009765625,589.0,0.09918515037514583,1.17,0.132,3.83,-0.5119877929687501,-0.1336782749265666
SPY,IC,0.2,W,0.0,2024-11-29,2024-12-06,2024-12-06,expiry,602.5499877929688,596.0,0.10332929568001537,1.27,0.122,3.73,1.1480000000000001,0.307774798927614
SPY,IC,0.2,W,0.0,2024-12-06,2024-12-13,2024-12-13,expiry,607.8099975585938,602.0,0.08756835278576558,1.0299999999999998,0.122,3.97,0.9079999999999998,0.22871536523929464
SPY,IC,0.2,W,0.0,2024-12-13,2024-12-20,2024-12-20,expiry,604.2100219726562,596.0,0.12275784727063066,1.15,0.132,3.85,-3.8319755859374998,-0.9953183340097401
SPY,IC,0.2,W,0.0,2024-12-20,2024-12-27,2024-12-27,expiry,591.1500244140625,580.0,0.17215976728617527,1.37,0.122,3.63,1.2480000000000002,0.34380165289256204
SPY,IC,0.2,W,0.0,2024-12-27,2025-01-03,2025-01-03,expiry,595.010009765625,586.0,0.1289447943579799,1.2999999999999998,0.122,3.7,1.178,0.31837837837837835
SPY,IC,0.2,W,0.0,2025-01-03,2025-01-10,2025-01-10,expiry,591.9500122070312,583.0,0.13557061205637,1.4200000000000002,0.132,3.58,-1.222009765625,-0.3413435099511173
SPY,IC,0.2,W,0.0,2025-01-10,2025-01-17,2025-01-17,expiry,580.489990234375,568.0,0.1842810307443024,1.5299999999999998,0.132,3.47,-3.602,-1.0380403458213256
SPY,IC,0.2,W,0.0,2025-01-17,2025-01-24,2025-01-24,expiry,597.5800170898438,588.0,0.1389030697048308,1.29,0.132,3.71,-0.811970703125,-0.21886002779649594
SPY,IC,0.2,W,0.0,2025-01-24,2025-01-31,2025-01-31,expiry,607.969970703125,599.0,0.13139603802831795,1.3900000000000001,0.122,3.61,1.2680000000000002,0.35124653739612194
SPY,IC,0.2,W,0.0,2025-01-31,2025-02-07,2025-02-07,expiry,601.8200073242188,591.0,0.1633541558120704,1.51,0.122,3.49,1.388,0.39770773638968476
SPY,IC,0.2,W,0.0,2025-02-07,2025-02-14,2025-02-14,expiry,600.77001953125,590.0,0.15391391092795265,1.4,0.122,3.6,1.278,0.355
SPY,IC,0.2,W,0.0,2025-02-14,2025-02-21,2025-02-21,expiry,609.7000122070312,602.0,0.1090187905386755,1.0399999999999998,0.132,3.96,-1.1519975585937503,-0.29090847439236117
SPY,IC,0.2,W,0.0,2025-02-21,2025-02-28,2025-02-28,expiry,599.9400024414062,588.0,0.1740365969987528,1.43,0.122,3.5700000000000003,1.3079999999999998,0.36638655462184866
SPY,IC,0.2,W,0.0,2025-02-28,2025-03-07,2025-03-07,expiry,594.1799926757812,580.0,0.206506697718446,1.6,0.132,3.4,-2.6120170898437496,-0.7682403205422793
SPY,IC,0.2,W,0.0,2025-03-07,2025-03-14,2025-03-14,expiry,575.9199829101562,560.0,0.2505145177774869,1.9299999999999997,0.122,3.0700000000000003,1.8079999999999998,0.5889250814332246
SPY,IC,0.2,W,0.0,2025-03-14,2025-03-21,2025-03-21,expiry,562.8099975585938,547.0,0.25353960442039025,1.6999999999999997,0.122,3.3000000000000003,1.5779999999999998,0.4781818181818181
SPY,IC,0.2,W,0.0,2025-03-21,2025-03-28,2025-03-28,expiry,563.97998046875,553.0,0.17878439171417948,1.6099999999999999,0.122,3.39,1.488,0.4389380530973451
SPY,IC,0.2,W,0.0,2025-03-28,2025-04-04,2025-04-04,expiry,555.6599731445312,540.0,0.24303807865693583,1.73,0.132,3.27,-3.4019999999999997,-1.0403669724770641
SPY,IC,0.2,W,0.0,2025-04-04,2025-04-11,2025-04-11,expiry,505.2799987792969,471.0,0.6289812264706391,1.740000000000001,0.14699999999999994,4.259999999999999,0.6529975585937512,0.15328581187646745
SPY,IC,0.2,W,0.0,2025-04-11,2025-04-17,2025-04-17,expiry,533.9400024414062,508.0,0.4771037127727191,1.6899999999999997,0.122,3.3100000000000005,1.5679999999999996,0.47371601208459196
SPY,IC,0.2,W,0.0,2025-04-17,2025-04-25,2025-04-25,expiry,526.4099731445312,509.0,0.2734804476130458,1.8199999999999998,0.132,3.18,-3.312,-1.0415094339622641
SPY,IC,0.2,W,0.0,2025-04-25,2025-05-02,2025-05-02,expiry,550.6400146484375,535.0,0.25931189466391735,1.68,0.132,3.3200000000000003,-1.2120097656250002,-0.3650631824171687
SPY,IC,0.2,W,0.0,2025-05-02,2025-05-09,2025-05-09,expiry,566.760009765625,553.0,0.21928506427193334,1.52,0.122,3.48,1.3980000000000001,0.4017241379310345
SPY,IC,0.2,W,0.0,2025-05-09,2025-05-16,2025-05-16,expiry,564.3400268554688,550.0,0.21887536062596014,1.5899999999999999,0.132,3.41,-3.542,-1.0387096774193547
SPY,IC,0.2,W,0.0,2025-05-16,2025-05-23,2025-05-23,expiry,594.2000122070312,584.0,0.1502295798085322,1.52,0.132,3.48,-3.5020146484374997,-1.0063260484015804
SPY,IC,0.2,W,0.0,2025-05-23,2025-05-30,2025-05-30,expiry,579.1099853515625,565.0,0.2125646606362261,1.4700000000000002,0.122,3.53,1.3480000000000003,0.38186968838526925
SPY,IC,0.2,W,0.0,2025-05-30,2025-06-06,2025-06-06,expiry,589.3900146484375,578.0,0.17354431932294662,1.52,0.122,3.48,1.3980000000000001,0.4017241379310345
SPY,IC,0.2,W,0.0,2025-06-06,2025-06-13,2025-06-13,expiry,599.1400146484375,589.0,0.14548733712390033,1.4100000000000001,0.122,3.59,1.2880000000000003,0.35877437325905304
SPY,IC,0.2,W,0.0,2025-06-13,2025-06-20,2025-06-20,expiry,597.0,583.0,0.21284818153092233,1.46,0.122,3.54,1.338,0.3779661016949153
SPY,IC,0.2,W,0.0,2025-06-20,2025-06-27,2025-06-27,expiry,594.280029296875,582.0,0.1875846188988839,1.48,0.132,3.52,-3.6519999999999997,-1.0374999999999999
SPY,IC,0.2,W,0.0,2025-06-27,2025-07-03,2025-07-03,expiry,614.9099731445312,607.0,0.12710893372336673,1.22,0.132,3.7800000000000002,-2.25202685546875,-0.5957743003885582
SPY,IC,0.2,W,0.0,2025-07-03,2025-07-11,2025-07-11,expiry,625.3400268554688,615.0,0.13428896543354857,1.34,0.122,4.66,1.218,0.2613733905579399
SPY,IC,0.2,W,0.0,2025-07-11,2025-07-18,2025-07-18,expiry,623.6199951171875,614.0,0.13434175182192937,1.3900000000000001,0.122,3.61,1.2680000000000002,0.35124653739612194
SPY,IC,0.2,W,0.0,2025-07-18,2025-07-25,2025-07-25,expiry,627.5800170898438,619.0,0.1168161099549545,1.1800000000000002,0.132,3.82,-1.0519755859374997,-0.2753862790412303
SPY,IC,0.2,W,0.0,2025-07-25,2025-08-01,2025-08-01,expiry,637.0999755859375,627.0,0.13701923210714728,1.44,0.132,3.56,-3.6919999999999997,-1.0370786516853931
SPY,IC,0.2,W,0.0,2025-08-01,2025-08-08,2025-08-08,expiry,621.719970703125,607.5,0.20265059517994188,1.56,0.132,3.44,-2.7519926757812496,-0.7999978708666423
SPY,IC,0.2,W,0.0,2025-08-08,2025-08-15,2025-08-15,expiry,637.1799926757812,628.0,0.12435756004242698,1.23,0.122,3.77,1.108,0.2938992042440319
SPY,IC,0.2,W,0.0,2025-08-15,2025-08-22,2025-08-22,expiry,643.4400024414062,634.0,0.1319806528771914,1.3000000000000003,0.122,3.6999999999999997,1.1780000000000004,0.3183783783783785
SPY,IC,0.2,W,0.0,2025-08-22,2025-08-29,2025-08-29,expiry,645.3099975585938,637.0,0.11936902265992458,1.3100000000000003,0.122,3.6899999999999995,1.1880000000000002,0.3219512195121952
SPY,IC,0.2,W,0.0,2025-08-29,2025-09-05,2025-09-05,expiry,645.0499877929688,636.0,0.12656693982061973,1.4200000000000002,0.122,3.58,1.298,0.3625698324022346
SPY,IC,0.2,W,0.0,2025-09-05,2025-09-12,2025-09-12,expiry,647.239990234375,638.0,0.12805956300572863,1.34,0.132,3.66,-2.20197314453125,-0.6016320067025273
SPY,IC,0.2,W,0.0,2025-09-12,2025-09-19,2025-09-19,expiry,657.4099731445312,647.0,0.14071777047670359,1.2,0.122,3.8,1.0779999999999998,0.28368421052631576
SPY,IC,0.2,W,0.0,2025-09-19,2025-09-26,2025-09-26,expiry,663.7000122070312,655.0,0.11806839249115772,1.09,0.122,3.91,0.9680000000000001,0.24757033248081842
SPY,IC,0.2,W,0.0,2025-09-26,2025-10-03,2025-10-03,expiry,661.8200073242188,653.0,0.11933588657864161,1.26,0.122,3.74,1.138,0.30427807486631014
SPY,IC,0.2,W,0.0,2025-10-03,2025-10-10,2025-10-10,expiry,669.2100219726562,659.0,0.1348326571055546,1.1300000000000001,0.132,3.87,-4.002,-1.034108527131783
SPY,IC,0.2,W,0.0,2025-10-10,2025-10-17,2025-10-17,expiry,653.02001953125,637.0,0.21984476141704773,1.51,0.122,3.49,1.388,0.39770773638968476
SPY,IC,0.2,W,0.0,2025-10-17,2025-10-24,2025-10-24,expiry,664.3900146484375,650.0,0.19520700484032721,1.54,0.132,3.46,0.15800000000000003,0.045664739884393075
SPY,IC,0.2,W,0.0,2025-10-24,2025-10-31,2025-10-31,expiry,677.25,665.0,0.16122406566231934,1.4900000000000002,0.122,3.51,1.3680000000000003,0.38974358974358986
SPY,IC,0.2,W,0.0,2025-10-31,2025-11-07,2025-11-07,expiry,682.0599975585938,671.0,0.14875585729950497,1.3699999999999997,0.132,3.6300000000000003,1.2079707031249998,0.3327742983815426
SPY,IC,0.2,W,0.0,2025-11-07,2025-11-14,2025-11-14,expiry,670.969970703125,658.0,0.17395317253667142,1.55,0.122,3.45,1.428,0.41391304347826086
SPY,IC,0.2,W,0.0,2025-11-14,2025-11-21,2025-11-21,expiry,671.9299926757812,657.0,0.20025036538190633,1.56,0.122,3.44,1.4380000000000002,0.41802325581395355
SPY,IC,0.2,W,0.0,2025-11-21,2025-11-28,2025-11-28,expiry,659.030029296875,643.0,0.21486135106835558,1.5699999999999998,0.132,3.43,-3.562,-1.0384839650145772
SPY,IC,0.2,W,0.0,2025-11-28,2025-12-05,2025-12-05,expiry,683.3900146484375,673.0,0.133436998562511,1.38,0.122,3.62,1.258,0.3475138121546961
SPY,IC,0.2,W,0.0,2025-12-05,2025-12-12,2025-12-12,expiry,685.6900024414062,675.0,0.1374821347305894,1.45,0.122,3.55,1.3279999999999998,0.3740845070422535
SPY,IC,0.2,W,0.0,2025-12-12,2025-12-19,2025-12-19,expiry,681.760009765625,669.0,0.1606670930526471,1.3399999999999999,0.122,3.66,1.218,0.3327868852459016
SPY,IC,0.2,W,0.0,2025-12-19,2025-12-26,2025-12-26,expiry,680.5900268554688,673.0,0.09748301151621466,1.0899999999999999,0.132,3.91,-2.35199755859375,-0.6015339024536445
SPY,IC,0.2,W,0.0,2025-12-26,2026-01-02,2026-01-02,expiry,690.3099975585938,684.0,0.0855186750953918,1.06,0.132,3.94,0.09798291015625006,0.024868758922906107
SPY,IC,0.2,W,0.0,2026-01-02,2026-01-09,2026-01-09,expiry,683.1699829101562,674.0,0.1137754944164377,1.3699999999999999,0.132,3.63,-1.8320073242187502,-0.5046852132834023
SPY,IC,0.2,W,0.0,2026-01-09,2026-01-16,2026-01-16,expiry,694.0700073242188,685.0,0.113916269053279,1.3399999999999999,0.122,3.66,1.218,0.3327868852459016
SPY,IC,0.2,W,0.0,2026-01-16,2026-01-23,2026-01-23,expiry,691.6599731445312,683.0,0.1141793932978438,1.25,0.122,3.75,1.1280000000000001,0.3008
SPY,IC,0.2,W,0.0,2026-01-23,2026-01-30,2026-01-30,expiry,689.22998046875,676.0,0.16731120765089952,1.48,0.122,3.52,1.358,0.38579545454545455
SPY,IC,0.2,W,0.0,2026-01-30,2026-02-06,2026-02-06,expiry,691.969970703125,678.0,0.17589129186746988,1.42,0.122,3.58,1.298,0.3625698324022346
SPY,IC,0.2,W,0.0,2026-02-06,2026-02-13,2026-02-13,expiry,690.6199951171875,677.0,0.17870233669609992,1.6999999999999997,0.122,3.3000000000000003,1.5779999999999998,0.4781818181818181
SPY,IC,0.2,W,0.0,2026-02-13,2026-02-20,2026-02-20,expiry,681.75,666.0,0.20482172593277131,1.6400000000000001,0.122,3.36,1.5180000000000002,0.45178571428571435
SPY,IC,0.2,W,0.0,2026-02-20,2026-02-27,2026-02-27,expiry,689.4299926757812,674.0,0.19495696128921602,1.5,0.122,3.5,1.3780000000000001,0.39371428571428574
SPY,IC,0.2,W,0.0,2026-02-27,2026-03-06,2026-03-06,expiry,685.989990234375,670.0,0.20650401703550936,1.5799999999999998,0.122,3.42,1.4579999999999997,0.42631578947368415
SPY,IC,0.2,W,0.0,2026-03-06,2026-03-13,2026-03-13,expiry,672.3800048828125,648.0,0.32589533303424256,1.8699999999999997,0.122,3.1300000000000003,1.7479999999999998,0.5584664536741213
SPY,IC,0.2,W,0.0,2026-03-13,2026-03-20,2026-03-20,expiry,662.2899780273438,639.0,0.31060190814916067,1.8099999999999996,0.122,3.1900000000000004,1.6879999999999997,0.5291536050156739
SPY,IC,0.2,W,0.0,2026-03-20,2026-03-27,2026-03-27,expiry,648.5700073242188,629.0,0.2639470748920917,1.76,0.122,3.24,1.638,0.5055555555555555
SPY,IC,0.2,W,0.0,2026-03-27,2026-04-02,2026-04-02,expiry,634.0900268554688,615.0,0.2943832448216279,1.67,0.132,3.33,-1.29201708984375,-0.3879931200731982
SPY,IC,0.2,W,0.0,2026-04-02,2026-04-10,2026-04-10,expiry,655.8300170898438,637.0,0.2366969134892819,1.6500000000000004,0.132,3.3499999999999996,-3.4819999999999993,-1.0394029850746267
SPY,IC,0.2,W,0.0,2026-04-10,2026-04-17,2026-04-17,expiry,679.4600219726562,666.0,0.1737066492691502,1.4200000000000002,0.132,3.58,-3.7119999999999997,-1.0368715083798883
SPY,IC,0.2,W,0.0,2026-04-17,2026-04-24,2026-04-24,expiry,710.1400146484375,698.0,0.14692523648511413,1.4300000000000002,0.122,3.57,1.3080000000000003,0.3663865546218488
SPY,IC,0.2,W,0.0,2026-04-24,2026-05-01,2026-05-01,expiry,713.9400024414062,699.0,0.1832989335810261,1.6099999999999999,0.122,3.39,1.488,0.4389380530973451
SPY,IC,0.2,W,0.0,2026-05-01,2026-05-08,2026-05-08,expiry,720.6500244140625,709.0,0.14726876493704882,1.4699999999999998,0.132,3.5300000000000002,-3.662,-1.0373937677053824
SPY,IC,0.2,W,0.0,2026-05-08,2026-05-15,2026-05-15,expiry,737.6199951171875,726.0,0.13997457049857837,1.3299999999999998,0.122,3.67,1.2079999999999997,0.32915531335149856
SPY,IC,0.2,W,0.0,2026-05-15,2026-05-22,2026-05-22,expiry,739.1699829101562,724.0,0.17973799051314976,1.44,0.122,3.56,1.318,0.3702247191011236
SPY,IC,0.2,W,0.0,2026-05-22,2026-05-29,2026-05-29,expiry,745.6400146484375,734.0,0.13795019761768584,1.31,0.132,3.69,0.69801953125,0.18916518462059623
SPY,IC,0.2,W,0.0,2026-05-29,2026-06-05,2026-06-05,expiry,756.47998046875,746.0,0.12338770668349736,1.29,0.132,3.71,-3.8419999999999996,-1.0355795148247977
SPY,IC,0.2,W,0.0,2026-06-05,2026-06-12,2026-06-12,expiry,737.5499877929688,716.0,0.25794058584054125,1.4999999999999996,0.122,3.5000000000000004,1.3779999999999997,0.3937142857142856
SPY,IC,0.2,W,0.0,2026-06-12,2026-06-18,2026-06-18,expiry,741.75,727.0,0.1876930890958966,1.52,0.122,3.48,1.3980000000000001,0.4017241379310345
SPY,IC,0.2,W,0.0,2026-06-18,2026-06-26,2026-06-26,expiry,746.739990234375,734.0,0.1415278132561441,1.4200000000000002,0.132,3.58,-3.7119999999999997,-1.0368715083798883
SPY,IC,0.2,W,0.0,2026-06-26,2026-07-02,2026-07-02,expiry,728.989990234375,717.0,0.15479249303121773,1.6600000000000001,0.132,3.34,-0.25202929687499986,-0.07545787331586823
SPY,IC,0.2,W,0.0,2026-07-02,2026-07-10,2026-07-10,expiry,744.780029296875,733.0,0.1282473208866386,1.25,0.132,3.75,0.16798779296875,0.04479674479166666
SPY,IC,0.2,W,0.0,2026-07-10,2026-07-17,2026-07-17,expiry,754.9500122070312,746.0,0.10912752722932734,1.32,0.132,3.6799999999999997,-1.52202197265625,-0.4135929273522419
SPY,IC,0.2,W,0.0,2026-07-17,2026-07-24,2026-07-24,expiry,743.2899780273438,728.0,0.17786190162386806,1.4699999999999998,0.122,3.5300000000000002,1.3479999999999999,0.3818696883852691
SPY,IC,0.2,W,0.0,2026-07-24,2026-07-31,2026-07-31,expiry,738.9299926757812,723.0,0.19032049257667838,1.5799999999999996,0.122,3.4200000000000004,1.4579999999999997,0.4263157894736841
SPY,IC,0.2,W,0.0,2026-07-31,2026-08-07,2026-08-07,expiry,747.030029296875,736.0,0.13412720402302097,1.3699999999999999,0.132,3.63,-3.7619999999999996,-1.0363636363636364
SPY,IC,0.2,W,0.0,2026-08-07,2026-08-14,2026-08-14,expiry,773.260009765625,763.0,0.11830988663651665,1.31,0.122,3.69,1.1880000000000002,0.3219512195121952
SPY,IC,0.2,W,0.0,2026-08-14,2026-08-21,2026-08-21,expiry,776.3400268554688,768.0,0.09793363181854967,1.2,0.132,3.8,-1.2120292968750002,-0.31895507812500007
SPY,IC,0.2,W,0.0,2026-08-21,2026-08-28,2026-08-28,expiry,765.719970703125,755.0,0.1261835709141928,1.36,0.122,3.6399999999999997,1.238,0.3401098901098901
SPY,IC,0.2,W,0.0,2026-08-28,2026-09-04,2026-09-04,expiry,769.3499755859375,760.0,0.10819321288794209,1.25,0.122,3.75,1.1280000000000001,0.3008
SPY,IC,0.2,W,0.0,2026-09-04,2026-09-11,2026-09-11,expiry,770.1900024414062,761.0,0.11057677282621553,1.2999999999999998,0.122,3.7,1.178,0.31837837837837835
SPY,IC,0.2,W,0.0,2026-09-11,2026-09-18,2026-09-18,expiry,764.2899780273438,751.0,0.15805616086938323,1.35,0.122,3.65,1.2280000000000002,0.3364383561643836
SPY,IC,0.2,W,0.0,2026-09-18,2026-09-25,2026-09-25,expiry,761.6900024414062,752.0,0.11188140885082984,1.28,0.132,3.7199999999999998,0.7980244140625,0.21452269195228496
SPY,IC,0.2,W,0.0,2026-09-25,2026-10-02,2026-09-28,expiry,771.3499755859375,760.0,0.1265039237878232,1.27,0.122,3.73,1.1480000000000001,0.307774798927614
SPY,IC,0.2,W,0.5,2024-02-23,2024-03-01,2024-02-29,take,507.8500061035156,502.0,0.10615969156454139,1.12,0.244,3.88,0.766,0.19742268041237115
SPY,IC,0.2,W,0.5,2024-03-01,2024-03-08,2024-03-07,take,512.8499755859375,507.0,0.10802859410605967,1.1599999999999997,0.244,3.8400000000000003,0.5059999999999997,0.13177083333333323
SPY,IC,0.2,W,0.5,2024-03-08,2024-03-15,2024-03-13,take,511.7200012207031,503.0,0.15022573604457456,1.3599999999999999,0.244,3.64,0.46599999999999997,0.128021978021978
SPY,IC,0.2,W,0.5,2024-03-15,2024-03-22,2024-03-22,expiry,509.8299865722656,502.0,0.13922063860542633,1.38,0.132,3.62,-1.96202197265625,-0.5419950200707873
SPY,IC,0.2,W,0.5,2024-03-22,2024-03-28,2024-03-26,take,521.2100219726562,516.0,0.09738992262891225,1.1199999999999999,0.244,3.88,0.4059999999999999,0.10463917525773193
SPY,IC,0.2,W,0.5,2024-03-28,2024-04-05,2024-04-05,expiry,523.0700073242188,517.0,0.09461191721861156,1.1400000000000001,0.122,3.86,1.0180000000000002,0.2637305699481866
SPY,IC,0.2,W,0.5,2024-04-05,2024-04-12,2024-04-11,take,518.4299926757812,509.0,0.15883243798307806,1.3900000000000001,0.244,3.61,1.076,0.2980609418282549
SPY,IC,0.2,W,0.5,2024-04-12,2024-04-19,2024-04-19,expiry,510.8500061035156,501.0,0.1714059136540741,1.39,0.132,3.6100000000000003,-3.742,-1.0365650969529085
SPY,IC,0.2,W,0.5,2024-04-19,2024-04-26,2024-04-26,expiry,495.1600036621094,485.0,0.1743331039036995,1.31,0.132,3.69,-2.0820097656249996,-0.5642302887872628
SPY,IC,0.2,W,0.5,2024-04-26,2024-05-03,2024-05-02,take,508.260009765625,500.0,0.14897645547291843,1.4500000000000002,0.244,3.55,0.6560000000000001,0.18478873239436625
SPY,IC,0.2,W,0.5,2024-05-03,2024-05-10,2024-05-10,expiry,511.2900085449219,505.0,0.10437545158776892,1.1700000000000002,0.132,3.83,-1.80202685546875,-0.4705030954226501
SPY,IC,0.2,W,0.5,2024-05-10,2024-05-17,2024-05-17,expiry,520.8400268554688,514.0,0.11728483611202234,1.35,0.132,3.65,-1.2320122070312498,-0.3375375909674657
SPY,IC,0.2,W,0.5,2024-05-17,2024-05-24,2024-05-23,take,529.4500122070312,524.0,0.09424599594939442,1.17,0.244,3.83,0.3759999999999999,0.0981723237597911
SPY,IC,0.2,W,0.5,2024-05-24,2024-05-31,2024-05-31,expiry,529.4400024414062,525.0,0.0819455111407186,0.95,0.122,4.05,0.828,0.20444444444444446
SPY,IC,0.2,W,0.5,2024-05-31,2024-06-07,2024-06-07,expiry,527.3699951171875,521.0,0.10597526288960302,1.2699999999999998,0.132,3.7300000000000004,0.1279902343749998,0.03431373575737259
SPY,IC,0.2,W,0.5,2024-06-07,2024-06-14,2024-06-14,expiry,534.010009765625,526.0,0.1304899203908954,1.4400000000000002,0.132,3.5599999999999996,-0.47202929687499984,-0.13259249912219098
SPY,IC,0.2,W,0.5,2024-06-14,2024-06-21,2024-06-21,expiry,542.780029296875,536.0,0.1143791824610054,1.09,0.122,3.91,0.9680000000000001,0.24757033248081842
SPY,IC,0.2,W,0.5,2024-06-21,2024-06-28,2024-06-25,take,544.510009765625,538.0,0.10211754310664098,1.1999999999999997,0.244,3.8000000000000003,0.37599999999999967,0.09894736842105253
SPY,IC,0.2,W,0.5,2024-06-28,2024-07-05,2024-07-01,take,544.219970703125,539.0,0.08956681265751143,1.1099999999999999,0.244,3.89,0.32599999999999996,0.08380462724935732
SPY,IC,0.2,W,0.5,2024-07-05,2024-07-12,2024-07-11,take,554.6400146484375,548.0,0.10147594144490224,0.96,0.244,4.04,0.536,0.13267326732673268
SPY,IC,0.2,W,0.5,2024-07-12,2024-07-19,2024-07-19,expiry,559.989990234375,554.0,0.09556860816824445,1.1300000000000001,0.132,3.87,-4.002,-1.034108527131783
SPY,IC,0.2,W,0.5,2024-07-19,2024-07-26,2024-07-26,expiry,548.989990234375,540.0,0.14222762052625998,1.29,0.122,3.71,1.1680000000000001,0.3148247978436658
SPY,IC,0.2,W,0.5,2024-07-26,2024-08-02,2024-08-01,take,544.4400024414062,534.0,0.17397915654835627,1.51,0.244,3.49,0.616,0.17650429799426934
SPY,IC,0.2,W,0.5,2024-08-02,2024-08-09,2024-08-08,take,532.9000244140625,519.0,0.2289058399790001,1.5100000000000002,0.244,3.4899999999999998,1.0560000000000005,0.30257879656160475
SPY,IC,0.2,W,0.5,2024-08-09,2024-08-16,2024-08-16,expiry,532.989990234375,520.0,0.21417632975715278,1.5200000000000002,0.132,3.4799999999999995,-3.611999999999999,-1.0379310344827586
SPY,IC,0.2,W,0.5,2024-08-16,2024-08-23,2024-08-22,take,554.3099975585938,547.0,0.1210792567815219,1.1900000000000002,0.244,3.8099999999999996,0.3660000000000002,0.09606299212598432
SPY,IC,0.2,W,0.5,2024-08-23,2024-08-30,2024-08-29,take,562.1300048828125,554.0,0.13280559108880663,1.3599999999999999,0.244,3.64,0.886,0.2434065934065934
SPY,IC,0.2,W,0.5,2024-08-30,2024-09-06,2024-09-06,expiry,563.6799926757812,556.0,0.12649728268589305,1.2999999999999998,0.132,3.7,-3.832,-1.0356756756756755
SPY,IC,0.2,W,0.5,2024-09-06,2024-09-13,2024-09-13,expiry,540.3599853515625,527.0,0.22048630381663215,1.6799999999999997,0.132,3.3200000000000003,-3.452,-1.0397590361445783
SPY,IC,0.2,W,0.5,2024-09-13,2024-09-20,2024-09-20,expiry,562.010009765625,551.0,0.17703695567142513,1.2899999999999998,0.122,3.71,1.1679999999999997,0.3148247978436657
SPY,IC,0.2,W,0.5,2024-09-20,2024-09-27,2024-09-25,take,568.25,560.0,0.13030551380122213,1.1099999999999999,0.244,3.89,0.45599999999999985,0.11722365038560408
SPY,IC,0.2,W,0.5,2024-09-27,2024-10-04,2024-10-03,take,571.469970703125,561.0,0.159020346078606,1.44,0.244,3.56,0.6759999999999999,0.18988764044943818
SPY,IC,0.2,W,0.5,2024-10-04,2024-10-11,2024-10-10,take,572.97998046875,562.0,0.16543665142567138,1.4099999999999997,0.244,3.5900000000000003,1.016,0.28300835654596096
SPY,IC,0.2,W,0.5,2024-10-11,2024-10-18,2024-10-17,take,579.5800170898438,571.0,0.13722086331615319,1.25,0.244,3.75,0.6859999999999999,0.1829333333333333
SPY,IC,0.2,W,0.5,2024-10-18,2024-10-25,2024-10-25,expiry,584.5900268554688,578.0,0.10468361799074791,1.18,0.122,3.8200000000000003,1.0579999999999998,0.27696335078534023
SPY,IC,0.2,W,0.5,2024-10-25,2024-11-01,2024-10-30,take,579.0399780273438,568.0,0.1712818532536734,1.44,0.244,3.56,0.536,0.150561797752809
SPY,IC,0.2,W,0.5,2024-11-01,2024-11-08,2024-11-08,expiry,571.0399780273438,556.0,0.24092619278909838,1.8499999999999996,0.132,3.1500000000000004,-3.282,-1.041904761904762
SPY,IC,0.2,W,0.5,2024-11-08,2024-11-15,2024-11-13,take,598.1900024414062,590.0,0.12168944877370488,1.13,0.244,3.87,0.6059999999999999,0.15658914728682166
SPY,IC,0.2,W,0.5,2024-11-15,2024-11-22,2024-11-22,expiry,585.75,576.0,0.14622361754631336,1.34,0.132,3.66,0.6979902343750001,0.1907077143101093
SPY,IC,0.2,W,0.5,2024-11-22,2024-11-29,2024-11-27,take,595.510009765625,589.0,0.09918515037514583,1.17,0.244,3.83,0.566,0.1477806788511749
SPY,IC,0.2,W,0.5,2024-11-29,2024-12-06,2024-12-05,take,602.5499877929688,596.0,0.10332929568001537,1.27,0.244,3.73,0.5660000000000001,0.1517426273458445
SPY,IC,0.2,W,0.5,2024-12-06,2024-12-13,2024-12-11,take,607.8099975585938,602.0,0.08756835278576558,1.0299999999999998,0.244,3.97,0.5659999999999998,0.14256926952141052
SPY,IC,0.2,W,0.5,2024-12-13,2024-12-20,2024-12-20,expiry,604.2100219726562,596.0,0.12275784727063066,1.15,0.132,3.85,-3.8319755859374998,-0.9953183340097401
SPY,IC,0.2,W,0.5,2024-12-20,2024-12-27,2024-12-27,expiry,591.1500244140625,580.0,0.17215976728617527,1.37,0.122,3.63,1.2480000000000002,0.34380165289256204
SPY,IC,0.2,W,0.5,2024-12-27,2025-01-03,2025-01-03,expiry,595.010009765625,586.0,0.1289447943579799,1.2999999999999998,0.122,3.7,1.178,0.31837837837837835
SPY,IC,0.2,W,0.5,2025-01-03,2025-01-10,2025-01-08,take,591.9500122070312,583.0,0.13557061205637,1.4200000000000002,0.244,3.58,0.5060000000000001,0.14134078212290505
SPY,IC,0.2,W,0.5,2025-01-10,2025-01-17,2025-01-17,expiry,580.489990234375,568.0,0.1842810307443024,1.5299999999999998,0.132,3.47,-3.602,-1.0380403458213256
SPY,IC,0.2,W,0.5,2025-01-17,2025-01-24,2025-01-24,expiry,597.5800170898438,588.0,0.1389030697048308,1.29,0.132,3.71,-0.811970703125,-0.21886002779649594
SPY,IC,0.2,W,0.5,2025-01-24,2025-01-31,2025-01-30,take,607.969970703125,599.0,0.13139603802831795,1.3900000000000001,0.244,3.61,0.7260000000000001,0.20110803324099727
SPY,IC,0.2,W,0.5,2025-01-31,2025-02-07,2025-02-05,take,601.8200073242188,591.0,0.1633541558120704,1.51,0.244,3.49,0.8760000000000001,0.25100286532951294
SPY,IC,0.2,W,0.5,2025-02-07,2025-02-14,2025-02-12,take,600.77001953125,590.0,0.15391391092795265,1.4,0.244,3.6,0.8059999999999998,0.22388888888888883
SPY,IC,0.2,W,0.5,2025-02-14,2025-02-21,2025-02-20,take,609.7000122070312,602.0,0.1090187905386755,1.0399999999999998,0.244,3.96,0.6759999999999998,0.17070707070707067
SPY,IC,0.2,W,0.5,2025-02-21,2025-02-28,2025-02-28,expiry,599.9400024414062,588.0,0.1740365969987528,1.43,0.122,3.5700000000000003,1.3079999999999998,0.36638655462184866
SPY,IC,0.2,W,0.5,2025-02-28,2025-03-07,2025-03-07,expiry,594.1799926757812,580.0,0.206506697718446,1.6,0.132,3.4,-2.6120170898437496,-0.7682403205422793
SPY,IC,0.2,W,0.5,2025-03-07,2025-03-14,2025-03-14,expiry,575.9199829101562,560.0,0.2505145177774869,1.9299999999999997,0.122,3.0700000000000003,1.8079999999999998,0.5889250814332246
SPY,IC,0.2,W,0.5,2025-03-14,2025-03-21,2025-03-19,take,562.8099975585938,547.0,0.25353960442039025,1.6999999999999997,0.244,3.3000000000000003,0.8259999999999998,0.25030303030303025
SPY,IC,0.2,W,0.5,2025-03-21,2025-03-28,2025-03-27,take,563.97998046875,553.0,0.17878439171417948,1.6099999999999999,0.244,3.39,1.166,0.34395280235988196
SPY,IC,0.2,W,0.5,2025-03-28,2025-04-04,2025-04-04,expiry,555.6599731445312,540.0,0.24303807865693583,1.73,0.132,3.27,-3.4019999999999997,-1.0403669724770641
SPY,IC,0.2,W,0.5,2025-04-04,2025-04-11,2025-04-11,expiry,505.2799987792969,471.0,0.6289812264706391,1.740000000000001,0.14699999999999994,4.259999999999999,0.6529975585937512,0.15328581187646745
SPY,IC,0.2,W,0.5,2025-04-11,2025-04-17,2025-04-14,take,533.9400024414062,508.0,0.4771037127727191,1.6899999999999997,0.244,3.3100000000000005,0.6459999999999997,0.19516616314199384
SPY,IC,0.2,W,0.5,2025-04-17,2025-04-25,2025-04-25,expiry,526.4099731445312,509.0,0.2734804476130458,1.8199999999999998,0.132,3.18,-3.312,-1.0415094339622641
SPY,IC,0.2,W,0.5,2025-04-25,2025-05-02,2025-05-01,take,550.6400146484375,535.0,0.25931189466391735,1.68,0.244,3.3200000000000003,0.696,0.20963855421686745
SPY,IC,0.2,W,0.5,2025-05-02,2025-05-09,2025-05-07,take,566.760009765625,553.0,0.21928506427193334,1.52,0.244,3.48,0.556,0.15977011494252874
SPY,IC,0.2,W,0.5,2025-05-09,2025-05-16,2025-05-16,expiry,564.3400268554688,550.0,0.21887536062596014,1.5899999999999999,0.132,3.41,-3.542,-1.0387096774193547
SPY,IC,0.2,W,0.5,2025-05-16,2025-05-23,2025-05-23,expiry,594.2000122070312,584.0,0.1502295798085322,1.52,0.132,3.48,-3.5020146484374997,-1.0063260484015804
SPY,IC,0.2,W,0.5,2025-05-23,2025-05-30,2025-05-30,expiry,579.1099853515625,565.0,0.2125646606362261,1.4700000000000002,0.122,3.53,1.3480000000000003,0.38186968838526925
SPY,IC,0.2,W,0.5,2025-05-30,2025-06-06,2025-06-05,take,589.3900146484375,578.0,0.17354431932294662,1.52,0.244,3.48,0.8959999999999998,0.25747126436781603
SPY,IC,0.2,W,0.5,2025-06-06,2025-06-13,2025-06-11,take,599.1400146484375,589.0,0.14548733712390033,1.4100000000000001,0.244,3.59,0.6060000000000001,0.1688022284122563
SPY,IC,0.2,W,0.5,2025-06-13,2025-06-20,2025-06-18,take,597.0,583.0,0.21284818153092233,1.46,0.244,3.54,0.9660000000000001,0.2728813559322034
SPY,IC,0.2,W,0.5,2025-06-20,2025-06-27,2025-06-27,expiry,594.280029296875,582.0,0.1875846188988839,1.48,0.132,3.52,-3.6519999999999997,-1.0374999999999999
SPY,IC,0.2,W,0.5,2025-06-27,2025-07-03,2025-07-03,expiry,614.9099731445312,607.0,0.12710893372336673,1.22,0.132,3.7800000000000002,-2.25202685546875,-0.5957743003885582
SPY,IC,0.2,W,0.5,2025-07-03,2025-07-11,2025-07-09,take,625.3400268554688,615.0,0.13428896543354857,1.34,0.244,4.66,0.9360000000000003,0.2008583690987125
SPY,IC,0.2,W,0.5,2025-07-11,2025-07-18,2025-07-16,take,623.6199951171875,614.0,0.13434175182192937,1.3900000000000001,0.244,3.61,0.7260000000000001,0.20110803324099727
SPY,IC,0.2,W,0.5,2025-07-18,2025-07-25,2025-07-25,expiry,627.5800170898438,619.0,0.1168161099549545,1.1800000000000002,0.132,3.82,-1.0519755859374997,-0.2753862790412303
SPY,IC,0.2,W,0.5,2025-07-25,2025-08-01,2025-07-31,take,637.0999755859375,627.0,0.13701923210714728,1.44,0.244,3.56,0.476,0.13370786516853933
SPY,IC,0.2,W,0.5,2025-08-01,2025-08-08,2025-08-08,expiry,621.719970703125,607.5,0.20265059517994188,1.56,0.132,3.44,-2.7519926757812496,-0.7999978708666423
SPY,IC,0.2,W,0.5,2025-08-08,2025-08-15,2025-08-15,expiry,637.1799926757812,628.0,0.12435756004242698,1.23,0.122,3.77,1.108,0.2938992042440319
SPY,IC,0.2,W,0.5,2025-08-15,2025-08-22,2025-08-22,expiry,643.4400024414062,634.0,0.1319806528771914,1.3000000000000003,0.122,3.6999999999999997,1.1780000000000004,0.3183783783783785
SPY,IC,0.2,W,0.5,2025-08-22,2025-08-29,2025-08-28,take,645.3099975585938,637.0,0.11936902265992458,1.3100000000000003,0.244,3.6899999999999995,0.8760000000000003,0.23739837398373995
SPY,IC,0.2,W,0.5,2025-08-29,2025-09-05,2025-09-03,take,645.0499877929688,636.0,0.12656693982061973,1.4200000000000002,0.244,3.58,0.5460000000000002,0.15251396648044696
SPY,IC,0.2,W,0.5,2025-09-05,2025-09-12,2025-09-12,expiry,647.239990234375,638.0,0.12805956300572863,1.34,0.132,3.66,-2.20197314453125,-0.6016320067025273
SPY,IC,0.2,W,0.5,2025-09-12,2025-09-19,2025-09-18,take,657.4099731445312,647.0,0.14071777047670359,1.2,0.244,3.8,0.46599999999999997,0.12263157894736842
SPY,IC,0.2,W,0.5,2025-09-19,2025-09-26,2025-09-24,take,663.7000122070312,655.0,0.11806839249115772,1.09,0.244,3.91,0.4860000000000001,0.12429667519181588
SPY,IC,0.2,W,0.5,2025-09-26,2025-10-03,2025-10-03,expiry,661.8200073242188,653.0,0.11933588657864161,1.26,0.122,3.74,1.138,0.30427807486631014
SPY,IC,0.2,W,0.5,2025-10-03,2025-10-10,2025-10-08,take,669.2100219726562,659.0,0.1348326571055546,1.1300000000000001,0.244,3.87,0.3560000000000001,0.09198966408268736
SPY,IC,0.2,W,0.5,2025-10-10,2025-10-17,2025-10-16,take,653.02001953125,637.0,0.21984476141704773,1.51,0.244,3.49,0.7360000000000001,0.21088825214899715
SPY,IC,0.2,W,0.5,2025-10-17,2025-10-24,2025-10-22,take,664.3900146484375,650.0,0.19520700484032721,1.54,0.244,3.46,0.906,0.26184971098265897
SPY,IC,0.2,W,0.5,2025-10-24,2025-10-31,2025-10-30,take,677.25,665.0,0.16122406566231934,1.4900000000000002,0.244,3.51,0.5660000000000002,0.1612535612535613
SPY,IC,0.2,W,0.5,2025-10-31,2025-11-07,2025-11-05,take,682.0599975585938,671.0,0.14875585729950497,1.3699999999999997,0.244,3.6300000000000003,0.5959999999999995,0.1641873278236913
SPY,IC,0.2,W,0.5,2025-11-07,2025-11-14,2025-11-13,take,670.969970703125,658.0,0.17395317253667142,1.55,0.244,3.45,1.1260000000000003,0.32637681159420295
SPY,IC,0.2,W,0.5,2025-11-14,2025-11-21,2025-11-21,expiry,671.9299926757812,657.0,0.20025036538190633,1.56,0.122,3.44,1.4380000000000002,0.41802325581395355
SPY,IC,0.2,W,0.5,2025-11-21,2025-11-28,2025-11-28,expiry,659.030029296875,643.0,0.21486135106835558,1.5699999999999998,0.132,3.43,-3.562,-1.0384839650145772
SPY,IC,0.2,W,0.5,2025-11-28,2025-12-05,2025-12-02,take,683.3900146484375,673.0,0.133436998562511,1.38,0.244,3.62,0.486,0.13425414364640884
SPY,IC,0.2,W,0.5,2025-12-05,2025-12-12,2025-12-10,take,685.6900024414062,675.0,0.1374821347305894,1.45,0.244,3.55,0.756,0.21295774647887325
SPY,IC,0.2,W,0.5,2025-12-12,2025-12-19,2025-12-18,take,681.760009765625,669.0,0.1606670930526471,1.3399999999999999,0.244,3.66,0.5459999999999998,0.1491803278688524
SPY,IC,0.2,W,0.5,2025-12-19,2025-12-26,2025-12-26,expiry,680.5900268554688,673.0,0.09748301151621466,1.0899999999999999,0.132,3.91,-2.35199755859375,-0.6015339024536445
SPY,IC,0.2,W,0.5,2025-12-26,2026-01-02,2026-01-02,expiry,690.3099975585938,684.0,0.0855186750953918,1.06,0.132,3.94,0.09798291015625006,0.024868758922906107
SPY,IC,0.2,W,0.5,2026-01-02,2026-01-09,2026-01-09,expiry,683.1699829101562,674.0,0.1137754944164377,1.3699999999999999,0.132,3.63,-1.8320073242187502,-0.5046852132834023
SPY,IC,0.2,W,0.5,2026-01-09,2026-01-16,2026-01-15,take,694.0700073242188,685.0,0.113916269053279,1.3399999999999999,0.244,3.66,0.8959999999999998,0.24480874316939885
SPY,IC,0.2,W,0.5,2026-01-16,2026-01-23,2026-01-22,take,691.6599731445312,683.0,0.1141793932978438,1.25,0.244,3.75,0.756,0.2016
SPY,IC,0.2,W,0.5,2026-01-23,2026-01-30,2026-01-29,take,689.22998046875,676.0,0.16731120765089952,1.48,0.244,3.52,0.716,0.2034090909090909
SPY,IC,0.2,W,0.5,2026-01-30,2026-02-06,2026-02-06,expiry,691.969970703125,678.0,0.17589129186746988,1.42,0.122,3.58,1.298,0.3625698324022346
SPY,IC,0.2,W,0.5,2026-02-06,2026-02-13,2026-02-11,take,690.6199951171875,677.0,0.17870233669609992,1.6999999999999997,0.244,3.3000000000000003,0.9959999999999999,0.30181818181818176
SPY,IC,0.2,W,0.5,2026-02-13,2026-02-20,2026-02-18,take,681.75,666.0,0.20482172593277131,1.6400000000000001,0.244,3.36,0.6460000000000001,0.1922619047619048
SPY,IC,0.2,W,0.5,2026-02-20,2026-02-27,2026-02-24,take,689.4299926757812,674.0,0.19495696128921602,1.5,0.244,3.5,0.616,0.176
SPY,IC,0.2,W,0.5,2026-02-27,2026-03-06,2026-03-04,take,685.989990234375,670.0,0.20650401703550936,1.5799999999999998,0.244,3.42,0.8959999999999998,0.2619883040935672
SPY,IC,0.2,W,0.5,2026-03-06,2026-03-13,2026-03-11,take,672.3800048828125,648.0,0.32589533303424256,1.8699999999999997,0.244,3.1300000000000003,1.3459999999999996,0.430031948881789
SPY,IC,0.2,W,0.5,2026-03-13,2026-03-20,2026-03-18,take,662.2899780273438,639.0,0.31060190814916067,1.8099999999999996,0.244,3.1900000000000004,1.2359999999999998,0.38746081504702184
SPY,IC,0.2,W,0.5,2026-03-20,2026-03-27,2026-03-25,take,648.5700073242188,629.0,0.2639470748920917,1.76,0.244,3.24,0.736,0.22716049382716047
SPY,IC,0.2,W,0.5,2026-03-27,2026-04-02,2026-04-02,expiry,634.0900268554688,615.0,0.2943832448216279,1.67,0.132,3.33,-1.29201708984375,-0.3879931200731982
SPY,IC,0.2,W,0.5,2026-04-02,2026-04-10,2026-04-10,expiry,655.8300170898438,637.0,0.2366969134892819,1.6500000000000004,0.132,3.3499999999999996,-3.4819999999999993,-1.0394029850746267
SPY,IC,0.2,W,0.5,2026-04-10,2026-04-17,2026-04-17,expiry,679.4600219726562,666.0,0.1737066492691502,1.4200000000000002,0.132,3.58,-3.7119999999999997,-1.0368715083798883
SPY,IC,0.2,W,0.5,2026-04-17,2026-04-24,2026-04-22,take,710.1400146484375,698.0,0.14692523648511413,1.4300000000000002,0.244,3.57,0.7460000000000002,0.20896358543417373
SPY,IC,0.2,W,0.5,2026-04-24,2026-05-01,2026-04-28,take,713.9400024414062,699.0,0.1832989335810261,1.6099999999999999,0.244,3.39,0.5959999999999999,0.17581120943952797
SPY,IC,0.2,W,0.5,2026-05-01,2026-05-08,2026-05-08,expiry,720.6500244140625,709.0,0.14726876493704882,1.4699999999999998,0.132,3.5300000000000002,-3.662,-1.0373937677053824
SPY,IC,0.2,W,0.5,2026-05-08,2026-05-15,2026-05-15,expiry,737.6199951171875,726.0,0.13997457049857837,1.3299999999999998,0.122,3.67,1.2079999999999997,0.32915531335149856
SPY,IC,0.2,W,0.5,2026-05-15,2026-05-22,2026-05-20,take,739.1699829101562,724.0,0.17973799051314976,1.44,0.244,3.56,0.566,0.1589887640449438
SPY,IC,0.2,W,0.5,2026-05-22,2026-05-29,2026-05-29,expiry,745.6400146484375,734.0,0.13795019761768584,1.31,0.132,3.69,0.69801953125,0.18916518462059623
SPY,IC,0.2,W,0.5,2026-05-29,2026-06-05,2026-06-03,take,756.47998046875,746.0,0.12338770668349736,1.29,0.244,3.71,0.546,0.14716981132075474
SPY,IC,0.2,W,0.5,2026-06-05,2026-06-12,2026-06-11,take,737.5499877929688,716.0,0.25794058584054125,1.4999999999999996,0.244,3.5000000000000004,0.9359999999999994,0.26742857142857124
SPY,IC,0.2,W,0.5,2026-06-12,2026-06-18,2026-06-17,take,741.75,727.0,0.1876930890958966,1.52,0.244,3.48,0.9359999999999998,0.26896551724137924
SPY,IC,0.2,W,0.5,2026-06-18,2026-06-26,2026-06-26,expiry,746.739990234375,734.0,0.1415278132561441,1.4200000000000002,0.132,3.58,-3.7119999999999997,-1.0368715083798883
SPY,IC,0.2,W,0.5,2026-06-26,2026-07-02,2026-07-02,expiry,728.989990234375,717.0,0.15479249303121773,1.6600000000000001,0.132,3.34,-0.25202929687499986,-0.07545787331586823
SPY,IC,0.2,W,0.5,2026-07-02,2026-07-10,2026-07-08,take,744.780029296875,733.0,0.1282473208866386,1.25,0.244,3.75,0.496,0.13226666666666667
SPY,IC,0.2,W,0.5,2026-07-10,2026-07-17,2026-07-15,take,754.9500122070312,746.0,0.10912752722932734,1.32,0.244,3.6799999999999997,0.686,0.1864130434782609
SPY,IC,0.2,W,0.5,2026-07-17,2026-07-24,2026-07-22,take,743.2899780273438,728.0,0.17786190162386806,1.4699999999999998,0.244,3.5300000000000002,0.5059999999999998,0.14334277620396593
SPY,IC,0.2,W,0.5,2026-07-24,2026-07-31,2026-07-30,take,738.9299926757812,723.0,0.19032049257667838,1.5799999999999996,0.244,3.4200000000000004,1.1959999999999997,0.3497076023391812
SPY,IC,0.2,W,0.5,2026-07-31,2026-08-07,2026-08-07,expiry,747.030029296875,736.0,0.13412720402302097,1.3699999999999999,0.132,3.63,-3.7619999999999996,-1.0363636363636364
SPY,IC,0.2,W,0.5,2026-08-07,2026-08-14,2026-08-12,take,773.260009765625,763.0,0.11830988663651665,1.31,0.244,3.69,0.776,0.21029810298102983
SPY,IC,0.2,W,0.5,2026-08-14,2026-08-21,2026-08-21,expiry,776.3400268554688,768.0,0.09793363181854967,1.2,0.132,3.8,-1.2120292968750002,-0.31895507812500007
SPY,IC,0.2,W,0.5,2026-08-21,2026-08-28,2026-08-27,take,765.719970703125,755.0,0.1261835709141928,1.36,0.244,3.6399999999999997,0.666,0.18296703296703298
SPY,IC,0.2,W,0.5,2026-08-28,2026-09-04,2026-09-03,take,769.3499755859375,760.0,0.10819321288794209,1.25,0.244,3.75,0.706,0.18826666666666667
SPY,IC,0.2,W,0.5,2026-09-04,2026-09-11,2026-09-11,expiry,770.1900024414062,761.0,0.11057677282621553,1.2999999999999998,0.122,3.7,1.178,0.31837837837837835
SPY,IC,0.2,W,0.5,2026-09-11,2026-09-18,2026-09-17,take,764.2899780273438,751.0,0.15805616086938323,1.35,0.244,3.65,0.926,0.25369863013698635
SPY,IC,0.2,W,0.5,2026-09-18,2026-09-25,2026-09-24,take,761.6900024414062,752.0,0.11188140885082984,1.28,0.244,3.7199999999999998,0.546,0.1467741935483871
SPY,IC,0.2,W,0.5,2026-09-25,2026-10-02,2026-09-28,expiry,771.3499755859375,760.0,0.1265039237878232,1.27,0.122,3.73,1.1480000000000001,0.307774798927614
