rule,news,exit,period,n_events,n_dates,raw_bp,excess_bp,excess_med_bp,excess_trim_bp,excess_datew_bp,hit,ev_t,cal_bp_day,cal_t,book_names,book_gross_bp,book_cost_bp,book_net_bp,book_sharpe,book_maxdd,book_ann,hedged_net_bp,hedged_sharpe,short_book_net_bp,short_book_sharpe,short_book_maxdd,spy_sharpe,share_in_blend,blend_picks_that_are_events
r<-5%,all,on,2020-23,49822,1005,14.105759310789585,-5.497944174815194,-5.79442885935855,-5.819478129702835,3.4357835472365337,0.47774075709525915,0.9365724067396061,3.4357835472365337,0.9361063343510827,8.826043737574553,14.991808548443318,8.372086627393308,6.619721921050007,0.38891606486079716,-0.5731026266780455,0.07514065920382307,2.2150260780026323,0.16823578040198864,-23.363895175836632,-1.3728751109268107,-0.9551373231758016,0.6151378941992911,,
r<-5%,all,on,2024-26,36722,685,-4.151284748690013,6.736844360152068,2.1276113007396753,7.040031504946437,10.513580460845088,0.5072436141822341,1.9084266694128251,10.513580460845084,1.9070331484753364,9.577259475218657,27.364549474187015,8.8882743748562,18.476275099330817,1.5093455023680566,-0.30630260555866284,0.5184821429274842,11.647824829018958,1.1335459011168196,-36.25282384904322,-2.9562723684961063,-0.9273061835272645,1.295330556612754,0.027340558793094057,0.14656934306569344
r<-5%,all,on,2024H1-25H1,15154,373,-43.635865895387,-2.1068284342010206,-1.3831033359874898,-2.8371620321555753,11.860959572525037,0.49432493071136335,1.345021101796937,11.860959572525038,1.3432169143962276,9.315508021390373,27.191972097864667,8.553323429281061,18.638648668583606,1.501625945764801,-0.30630260555866284,0.5229413478634342,12.854073865055252,1.2388226584937183,-35.745295527145736,-2.874491150091197,-0.7566763322121782,1.1471694051018828,0.03160881615415072,0.1284182305630027
r<-5%,all,on,2025H2-26,21568,312,23.59117364787185,12.950541389344703,4.732940370829888,13.980446267220811,8.902771458740528,0.516320474777448,1.5020068594403495,8.902771458740528,1.4995978653326798,9.891025641025639,27.571421072727265,9.289786085257164,18.281634987470103,1.5167866319191357,-0.13029740928659617,0.5131540169235302,10.201872458898524,1.003163310066105,-36.861207157984424,-3.053189423969269,-0.7033254778272611,1.6101074352581288,0.02434161721068249,0.16826923076923078
r<-5%,all,c1,2020-23,49822,1005,24.5802262505183,-8.763070062852615,-12.187455436820835,-11.090829600705312,-5.312414282636342,0.4845851230380153,-0.7042439831355469,-5.12968156096835,-0.6795176089316329,8.826043737574553,6.313071498631475,8.26910569961692,-1.9560342009854454,-0.07975302904859975,-0.7160662531240107,-0.22495896496012313,-6.2594332272187145,-0.320763796426868,-14.582177198248393,-0.5953432346660884,-0.9383665060221048,0.6151378941992911,,
r<-5%,all,c1,2024-26,36722,685,16.721677614411504,11.449110721473264,5.081089091990687,10.26606696706906,-4.057399433904606,0.5067262131692174,-0.42394183386506284,-4.082912415176187,-0.4269173454556884,9.577259475218657,-4.123369787632299,8.867981832263771,-12.991351619896069,-0.6108395463102123,-0.7426062216128819,-0.3752984278704765,-19.411654291034456,-1.049276692520818,-4.744612044631472,-0.22333225113300373,-0.7344979864999652,1.295330556612754,0.027340558793094057,0.14656934306569344
r<-5%,all,c1,2024H1-25H1,15154,373,-1.0500582087657198,11.618369459459796,-3.2073192253537046,8.568856587609742,4.6067626878992884,0.49551273591131056,0.31555868382471475,4.068079594791964,0.2784263589786525,9.315508021390373,8.777286761221433,8.566920973336634,0.21036578788479984,0.00996474101422004,-0.4229575067940363,-0.1250885468591122,-5.428429335721992,-0.2945762228577216,-17.34420773455806,-0.8230673677990049,-0.6658569077461615,1.1471694051018828,0.03160881615415072,0.1284182305630027
r<-5%,all,c1,2025H2-26,21568,312,29.20836551613757,11.330186995794117,11.589315667963776,11.343050484927016,-14.415516329522717,0.5146049703264095,-1.2348221597688476,-13.7963949062884,-1.1820146766527877,9.891025641025639,-19.587618342989018,9.22886888751617,-28.816487230505192,-1.3436702181705154,-0.7013570894664709,-0.5828326134396054,-36.173597025928245,-1.9489516204697734,10.35874945547285,0.4830584552731743,-0.36591847011782574,1.6101074352581288,0.02434161721068249,0.16826923076923078
r<-5%,all,c2,2020-23,49822,1005,-17.931083385591023,-8.987708985298584,-21.37852897759141,-12.283341838170823,-15.532842725376721,0.48085183252378466,-1.416105280918075,-7.819100416471797,-1.5684136831479285,9.667992047713717,5.930769088815288,4.528969296214595,1.4017997926006915,0.058827603690185484,-0.6919115987954834,-0.1328838401863982,-3.3179637835508093,-0.17903115896727165,-10.459738385029882,-0.43902301289067913,-0.9089359016369746,0.6151378941992911,,
r<-5%,all,c2,2024-26,36722,685,22.27287290235892,16.785301071384257,1.4792885288526394,14.858098811736301,-10.894750191863263,0.5016883612003703,-0.9275033435843614,-4.03498452400563,-0.6648597960034358,9.913994169096208,-10.966453286123507,4.627295375391625,-15.593748661515134,-0.7636725316418989,-0.7621774867218085,-0.40872935346430006,-21.658944721389798,-1.232724542488532,6.339157910731885,0.3104565369961037,-0.5186353705551222,1.295330556612754,0.027340558793094057,0.14656934306569344
r<-5%,all,c2,2024H1-25H1,15154,373,-23.933070222688368,4.790486936504409,-4.94106433245532,1.744634788680225,-12.780122029079953,0.49392899564471426,-0.7505463117675736,-6.329893590611606,-0.8245428635601368,9.860962566844918,-0.1689921761233861,4.569981120168207,-4.738973296291594,-0.24572920563555936,-0.44479924547129057,-0.21035988672963968,-9.918912952227915,-0.6030348295193868,-4.400988944044821,-0.22824252510492785,-0.5003944059835637,1.1471694051018828,0.03160881615415072,0.1284182305630027
r<-5%,all,c2,2025H2-26,21568,312,54.7378609456159,25.213037226798257,7.443388639943012,24.227560151036535,-8.640763989036904,0.5071402077151336,-0.5471079557659843,-1.3015578013602955,-0.13465009731967456,9.977564102564102,-23.90956371926468,4.695999001845335,-28.605562721110015,-1.3179885177801178,-0.7083148962333702,-0.5820003288624682,-35.73193152160307,-1.8990926098861858,19.213564717419345,0.8851397196078191,-0.28328297643180744,1.6101074352581288,0.02434161721068249,0.16826923076923078
r<-5%,all,c3,2020-23,49822,1005,-5.122665410242131,0.9408838621527795,-16.300285251911383,-4.149830927374293,-11.290156102455676,0.4875757697402754,-0.8626995974261041,-4.33120007493304,-0.9475397879263961,9.869781312127234,7.186427221325584,3.0904281155015556,4.095999105824027,0.1638221829563129,-0.7290315075076464,-0.08742887517934317,-0.9748652816334615,-0.0491483314299308,-10.276855336827136,-0.4111618889646681,-0.9181381132640978,0.6151378941992911,,
r<-5%,all,c3,2024-26,36722,685,45.13448824601245,15.64292105099546,-11.500162562431527,11.785564861821543,-16.728945008783192,0.4919666684821088,-1.127069222747993,-3.144353393901624,-0.5642519694813894,9.959183673469385,-11.22481025553681,3.105989556027571,-14.330799811564376,-0.688745729839222,-0.7834802818670588,-0.39252086651116536,-20.286369239353657,-1.1285578685666144,8.118820699509236,0.39003803447377683,-0.43228862391993894,1.295330556612754,0.027340558793094057,0.14656934306569344
r<-5%,all,c3,2024H1-25H1,15154,373,11.265282818877314,2.1823672215353387,-12.84013542048067,-3.006237338468786,-20.169866875644175,0.4887818397782764,-0.9568713316327928,-6.442709975927335,-0.9262289446512706,9.935828877005347,-10.244548796387619,3.093330869508937,-13.337879665896558,-0.6493439845361578,-0.6050416984382915,-0.37479150195320543,-18.387548915852015,-1.0328165601607722,7.151217926878685,0.3479070487488438,-0.41556486096699075,1.1471694051018828,0.03160881615415072,0.1284182305630027
r<-5%,all,c3,2025H2-26,21568,312,68.93149951468854,25.100507880170095,-10.196700343529017,21.870043639796208,-12.615278802567987,0.4942043768545994,-0.6156959537423875,0.7717906114241421,0.08602173594737164,9.987179487179484,-12.399867261055386,3.121163750764652,-15.521031011820035,-0.7336802057119693,-0.6104778692006274,-0.4131120766906461,-22.56251924252549,-1.2391990226196479,9.27870351029073,0.43857740534225675,-0.3242857245709433,1.6101074352581288,0.02434161721068249,0.16826923076923078
r<-5%,all,c5,2020-23,49822,1005,32.55290731412699,19.963863321586075,-20.73101677432784,10.124362866661485,-10.735636738216845,0.48723455501585644,-0.5988487208884435,-1.2353536645930414,-0.30160914117610743,9.963220675944333,6.460425997522765,1.884007958673815,4.576418038848952,0.20128987487794775,-0.6866549041289698,-0.048850990569915154,-0.6914404080497305,-0.040526056617968806,-8.34443395619658,-0.36690156669473223,-0.8787738624507794,0.6151378941992911,,
r<-5%,all,c5,2024-26,36693,684,75.02247174364582,30.393866139942876,-15.519714975611842,23.318920525936708,-15.806282372330209,0.4898481999291418,-0.7712831096439066,0.5940857531817255,0.10894634327173358,9.989795918367347,-2.095466310196283,1.8788002024239077,-3.9742665126201886,-0.18631892229261787,-0.631571733506374,-0.21544217566609425,-9.833961847441707,-0.5376233478996081,0.21666610777237133,0.010160570187922248,-0.5185970425058213,1.295330556612754,0.027340558793094057,0.14656934306569344
r<-5%,all,c5,2024H1-25H1,15154,373,54.63588841700933,18.389181912658188,-23.287047233418576,9.993631090318724,-23.07926357647593,0.48290880295631516,-0.8028113049126261,-3.195101796047008,-0.46596720826723403,9.986631016042779,-8.039918585547593,1.8657002839175139,-9.905618869465107,-0.47047752887002203,-0.44438932698219535,-0.32186378578873753,-14.843576799784033,-0.8285328640582729,6.174218301630073,0.29323509166493766,-0.42291433534769673,1.1471694051018828,0.03160881615415072,0.1284182305630027
r<-5%,all,c5,2025H2-26,21539,311,89.36567633679546,38.83989356834123,-8.824258878384478,32.98972802229171,-7.083382085685981,0.49473048888063514,-0.24617473179787128,5.092994144964411,0.5839123165255409,9.993589743589743,5.0302553275645865,1.8945033098642645,3.135752017700318,0.1446237319798412,-0.40059512544784803,-0.06564176324434845,-3.8288464879031525,-0.20415850332823463,-6.924758637428846,-0.3195961074745188,-0.5185970425058215,1.6101074352581288,0.02434161721068249,0.16826923076923078
r<-5%,nonews,on,2020-23,37074,994,15.695508271039246,-6.339822520259916,-6.050290785865781,-6.340685818041535,12.838777990048092,0.47720774666882454,2.5518346984346088,12.838777990048092,2.5505507563666954,7.487077534791253,14.26421671223118,7.225104255609911,7.039112456621269,0.5029106119310266,-0.4649140167039417,0.11791012859548733,2.7323440539733936,0.275834147664489,-21.489320967841095,-1.5346205480354926,-0.9374833083695419,0.6151378941992911,,
r<-5%,nonews,on,2024-26,24890,682,-6.64919382319397,8.002496671692153,1.7781617939668448,7.402419991877119,4.173981349448915,0.5061068702290077,0.2808384642689611,4.173981349448913,0.28063249543724306,8.533527696793001,20.805772767161482,8.057087385480676,12.74868538168081,1.061516870889964,-0.25059805232582477,0.31685617935375365,6.694791900642264,0.6723233034369038,-28.862860152642163,-2.3970249990232433,-0.882375344344424,1.295330556612754,0.02193652069104058,0.0797080291970803
r<-5%,nonews,on,2024H1-25H1,9800,370,-58.78713399344891,-4.447176329430032,-3.790050798178847,-5.931483607852279,1.6152974030101828,0.48316326530612247,0.06016433399152208,1.6152974030101828,0.060082975828554396,7.823529411764705,19.564901506494138,7.319464015450707,12.245437491043429,1.0114881334048034,-0.25059805232582477,0.29900197879681856,7.395356092960064,0.7445103753040392,-26.884365521944847,-2.2156393503528764,-0.6860820392331222,1.1471694051018828,0.024489795918367346,0.064343163538874
r<-5%,nonews,on,2025H2-26,15090,312,27.211098666434815,16.087771384150567,6.182809314861071,15.977536236069374,7.208318080802549,0.5210072895957588,1.1163655304356992,7.208318080802549,1.1145750472778346,9.384615384615383,22.293227419371707,8.94128975852942,13.351937660842282,1.120834541698596,-0.1627712910720438,0.3385820143488971,5.855013029081822,0.5853424443768513,-31.234517177901118,-2.6144929947055373,-0.6458220957653527,1.6101074352581288,0.020278330019880716,0.09807692307692308
r<-5%,nonews,c1,2020-23,37074,994,26.716197195646526,-9.964187926322092,-12.389646983281741,-11.6295682463163,-8.76739534268011,0.483438528348708,-0.9169997825598043,-8.848854007839554,-0.9241564426426592,7.487077534791253,2.0108158851364584,7.102201231170602,-5.091385346034146,-0.22668568050640958,-0.7495656179765458,-0.2593768437962085,-9.463798305175498,-0.5524735016066057,-9.113017116307061,-0.4068827053126136,-0.9027145847153096,0.6151378941992911,,
r<-5%,nonews,c1,2024-26,24890,682,19.073201527340004,15.059921136754962,9.030105766115396,13.704825987318346,-13.35489261852742,0.5119325030132583,-0.7273794321427167,-13.229744812115731,-0.7210745114694297,8.533527696793001,-3.32406908995725,7.983855779386471,-11.307924869343724,-0.5334514950156658,-0.7107386154738619,-0.34713020642737213,-17.474928914826766,-0.9468766796450095,-4.659786689429222,-0.2203272451416144,-0.6425986616899875,1.295330556612754,0.02193652069104058,0.0797080291970803
r<-5%,nonews,c1,2024H1-25H1,9800,370,-7.506912905765125,11.393718068183741,-3.8469552257077355,9.422935987942692,-19.773543151346907,0.4939795918367347,-0.6520369775068146,-20.559157679842897,-0.6773977732075076,7.823529411764705,-2.4895931992392777,7.274062549302923,-9.7636557485422,-0.49410494526882814,-0.5504529469379539,-0.30900117303098784,-15.768440687533188,-0.9218436619012247,-4.784469350063643,-0.24295967936074314,-0.4531111049026433,1.1471694051018828,0.024489795918367346,0.064343163538874
r<-5%,nonews,c1,2025H2-26,15090,312,36.33530367740164,17.440888007000023,19.67320328988076,16.865863531734476,-5.743031409735088,0.5235917826375083,-0.3225540795731399,-4.565582636208234,-0.25627239210406016,9.384615384615383,-4.324370317933278,8.834697664166109,-13.159067982099389,-0.576305085627327,-0.5395711361093555,-0.39007378856921204,-19.52052698215945,-0.9769526693641915,-4.510327346232828,-0.19777158471485526,-0.4103326007964605,1.6101074352581288,0.020278330019880716,0.09807692307692308
r<-5%,nonews,c2,2020-23,37074,994,-22.195397488566723,-9.483305926121329,-20.0221845547511,-13.020026981718773,-23.08866555543417,0.4824944705184226,-1.580157011829842,-9.34004906699994,-1.5217881816887031,8.973161033797215,6.875403603358572,4.280434204332872,2.5949693990256995,0.11391391916682857,-0.7525166551444263,-0.09425568478812651,-2.7342744598276196,-0.15990986381387123,-11.15583780769144,-0.4901829131855688,-0.901145401683897,0.6151378941992911,,
r<-5%,nonews,c2,2024-26,24890,682,26.82332429517413,23.870442092116328,8.260745677312288,21.66974456130038,-22.06890985803327,0.5075934110084371,-1.03061088491864,-4.975845662458869,-0.6310854787437564,9.523323615160349,-8.35490006526189,4.478297471687328,-12.833197536949223,-0.5825293231816066,-0.7797786524377619,-0.37911239257390406,-19.304245704058836,-0.9990100135500395,3.876602593574562,0.17604802316571183,-0.4935446815317771,1.295330556612754,0.02193652069104058,0.0797080291970803
r<-5%,nonews,c2,2024H1-25H1,9800,370,-35.48028138532514,5.198340454358754,-2.8389075445519643,2.767056923815062,-34.87703116446605,0.49734693877551023,-1.019099140279506,-9.323705901886948,-0.8331172802133282,9.224598930481283,-7.8291779455866966,4.331414685466073,-12.16059263105277,-0.5773998809226949,-0.49643492330998684,-0.3598212367437915,-18.161092117783934,-0.9805743634800779,3.497763260120626,0.16629514892808928,-0.4935446815317771,1.1471694051018828,0.024489795918367346,0.064343163538874
r<-5%,nonews,c2,2025H2-26,15090,312,67.28557317979259,35.99679040557054,17.398323311256803,34.23364444592649,-6.879791642071334,0.5142478462557986,-0.29627676787356727,0.20281589660515126,0.018434927585281487,9.881410256410255,-8.98509260615459,4.654368503888448,-13.639461110043042,-0.5886020393122423,-0.6237200856250263,-0.4014725099358293,-20.674564426067853,-1.019795595480379,4.3307241022661405,0.18681619094059393,-0.3670649607760631,1.6101074352581288,0.020278330019880716,0.09807692307692308
r<-5%,nonews,c3,2020-23,37074,994,-11.106476123986814,1.6199609042534904,-15.674999491090587,-3.655838848444739,-17.025798802586245,0.48832065598532665,-0.9692446366508598,-4.190637647856511,-0.8150251708848316,9.474155069582505,10.934481458064829,3.0523199140907042,7.882161543974127,0.34692797197020353,-0.6766591516025195,0.0369690069699089,2.9136822030921903,0.16722201919670673,-13.986801372155535,-0.6163132566699692,-0.9095333853084506,0.6151378941992911,,
r<-5%,nonews,c3,2024-26,24890,682,50.69724526823185,21.413453759491055,-6.0717065001796975,17.457687453938206,-34.47405998294121,0.49606267577340296,-1.2922500470764435,-5.568038960671884,-0.8152355694327633,9.78279883381924,-20.137952898173893,3.0803077431878965,-23.218260641361788,-1.0451466900030084,-0.89554260401076,-0.5235339592722162,-29.419737646373495,-1.5298073788663222,17.05764515498599,0.7682550910899602,-0.436781823918183,1.295330556612754,0.02193652069104058,0.0797080291970803
r<-5%,nonews,c3,2024H1-25H1,9800,370,4.3464432284474395,0.2283124960820452,-11.964950890330645,-4.547057548657475,-48.02692077238552,0.4896938775510204,-1.1775870542183389,-11.626611740674772,-1.2422033988136747,9.649732620320856,-22.487698131324926,3.016043084445484,-25.503741215770408,-1.1637695776388535,-0.7087855770993794,-0.5482203643905336,-31.080548456306712,-1.6413239376343371,19.471655046879437,0.8892372687608744,-0.436781823918183,1.1471694051018828,0.024489795918367346,0.064343163538874
r<-5%,nonews,c3,2025H2-26,15090,312,80.79915779241259,35.17186226720533,0.30135424637912733,31.964209355148686,-18.401757123664307,0.5001988071570577,-0.5734696500379072,1.62531411780774,0.162769899992452,9.94230769230769,-17.321271112281305,3.157342943090659,-20.47861405537196,-0.9059566235163155,-0.6921920234127454,-0.49215791001630693,-27.42889391908175,-1.398843605365074,14.163928169190648,0.6267652463920741,-0.29328254759751093,1.6101074352581288,0.020278330019880716,0.09807692307692308
r<-5%,nonews,c5,2020-23,37074,994,24.935755984145644,18.88094863032987,-20.615577546506636,9.667103421466441,-12.833411052717796,0.4878621136106166,-0.5397638120831854,-2.3783522622097313,-0.534017243195038,9.765407554671967,-1.411601003857181,1.894095524096821,-3.3056965279540043,-0.14785956222278754,-0.7616722240729019,-0.21711288755250513,-8.845598076808939,-0.5278691610356017,-0.4824945202396375,-0.021577491459138877,-0.8297021824782482,0.6151378941992911,,
r<-5%,nonews,c5,2024-26,24874,681,82.27719485365643,37.20591676107375,-10.117686474679731,31.772599462076514,-41.53354465257442,0.4932459596365683,-1.2741313053916632,-1.6285987000521442,-0.2594099178692996,9.925655976676383,5.7624352356403845,1.8905399242921057,3.871895311348282,0.1606015153121428,-0.6228881326623515,-0.08044513675048548,-1.967831613445329,-0.09398150784691853,-7.65297515993249,-0.31754086911550494,-0.7489727588834147,1.295330556612754,0.02193652069104058,0.0797080291970803
r<-5%,nonews,c5,2024H1-25H1,9800,370,48.3524202838576,17.14411947687683,-22.453627419082473,11.525006057381326,-53.61676360045124,0.4840816326530612,-1.1012451549290136,-5.788214064204152,-0.7078441532028956,9.893048128342244,2.246396737470169,1.865623144351225,0.38077359311894704,0.01557283230437042,-0.43591889184782917,-0.16204804158639863,-4.557990303625635,-0.21378183981245746,-4.112019881821389,-0.16827094871592588,-0.6551445849374142,1.1471694051018828,0.024489795918367346,0.064343163538874
r<-5%,nonews,c5,2025H2-26,15074,311,104.33257436699255,50.24861368193948,-1.1253802726188928,44.93849544741101,-27.15801085606503,0.499203927292026,-0.6573081880984879,3.310119224369602,0.34061004671535494,9.96474358974359,9.977173691780331,1.920408115631495,8.056765576148845,0.3395439757033474,-0.44287779414172124,0.027912468906789334,1.1370380985015744,0.05545631941651172,-11.897581807411823,-0.5014168379501173,-0.5658394487681688,1.6101074352581288,0.020278330019880716,0.09807692307692308
r<-5%,news,on,2020-23,12748,976,9.482418162978478,-3.049575977527956,-5.0423200818527825,-5.084447655300466,-2.242273971005145,0.47929086915594604,-0.42267957960320585,-2.242273971005145,-0.42246298743955873,6.4900596421471155,4.521073622885082,5.86317408957017,-1.342100466685086,-0.10304943644522543,-0.643968429450493,-0.0821907459742669,-5.057349275728658,-0.5138213234179829,-10.384247712455254,-0.7968420032738045,-0.7774109746741307,0.6151378941992911,,
r<-5%,news,on,2024-26,11832,682,1.1033600167261028,4.074396250429898,2.8954868401084073,5.190210687153767,10.164214433633024,0.5096348884381339,2.113694533528362,10.164214433633024,2.11214433564214,8.037900874635566,16.59245582840234,7.1793919165002364,9.413063911902109,0.9949254714085175,-0.2812389569702882,0.23197625746366413,3.754231041548855,0.5023305484956715,-23.77184774490258,-2.509960274086243,-0.820393896029108,1.295330556612754,0.03870858688302908,0.06686131386861315
r<-5%,news,on,2024H1-25H1,5354,372,-15.902876100652856,2.1769611386873433,3.6501224678008906,2.621722238437481,7.075045751415948,0.5147553231228987,1.084185025553359,7.07504575141595,1.0827268069707017,7.43048128342246,13.392015659466061,6.590716825577028,6.801298833889035,0.7767495750443419,-0.2812389569702882,0.15838209190743902,2.5895748159709866,0.38590723009092004,-19.98273248504309,-2.2779955605398468,-0.5466773256372008,1.1471694051018828,0.04463952185282032,0.06407506702412868
r<-5%,news,on,2025H2-26,6478,310,15.158838277369348,5.642606745686092,1.8206016276912989,7.804502776839059,13.871216852293514,0.5054029021302872,1.951617541751607,13.871216852293514,1.9484672288959302,8.76602564102564,20.428880902704172,7.8850473139530575,12.54383358875111,1.2233896777399975,-0.14256956608996474,0.32638208293719084,5.150325363235145,0.6200039921942302,-28.313928216657228,-2.761441687966822,-0.6040023216175197,1.6101074352581288,0.03380673047236801,0.07019230769230769
r<-5%,news,c1,2020-23,12748,976,18.3683509116664,-5.269953992075438,-11.55898284246226,-9.596309058393766,-7.049023966710325,0.48791967367430183,-0.7082611604874098,-6.476925769718737,-0.6508703712440687,6.4900596421471155,-0.40761299667823736,5.862175827851115,-6.26978882452935,-0.3460714866748532,-0.7730211461032616,-0.23197149495163916,-10.500058813136604,-0.8013340906594245,-5.454562831172881,-0.3021511793162606,-0.7771850548836777,0.6151378941992911,,
r<-5%,news,c1,2024-26,11832,682,11.774971208665203,3.853347432396061,-3.2006879467504903,2.9647212310314583,1.6403856864442,0.4957741717376606,0.17517018007131274,1.0577778602946895,0.1128201679810511,8.037900874635566,3.2493911051777036,7.2202522468983945,-3.9708611417206927,-0.24746037773972918,-0.4658047884451221,-0.1659722154483818,-9.322321397304098,-0.7158064822289542,-10.4696433520761,-0.654074865295057,-0.7119512916376374,1.295330556612754,0.03870858688302908,0.06686131386861315
r<-5%,news,c1,2024H1-25H1,5354,372,10.7686149385249,12.029572977297915,-1.0974671453942935,7.521066405290714,8.202110433737365,0.4983190138214419,0.629395359675776,7.640840655259433,0.5839838625731049,7.43048128342246,8.082204213379569,6.656103219832965,1.4261009935465974,0.09329349493486992,-0.4658047884451221,-0.03698244978048226,-3.87332380166144,-0.3155608757788721,-14.738307433212535,-0.9670313971297149,-0.5237558720377882,1.1471694051018828,0.04463952185282032,0.06407506702412868
r<-5%,news,c1,2025H2-26,6478,310,12.606714257496815,-2.904218416230754,-5.568530912653778,-1.6918040505752825,-6.2336840103076,0.4936708860759494,-0.4652462476920448,-6.8164966082805,-0.5090809858141488,8.76602564102564,-2.5437887104232453,7.896507811393494,-10.440296521816743,-0.6167212522199557,-0.44903118924906804,-0.29803385354409584,-15.8541326177219,-1.1424642356559116,-5.352719100970247,-0.31675755323793126,-0.4315687430853501,1.6101074352581288,0.03380673047236801,0.07019230769230769
r<-5%,news,c2,2020-23,12748,976,-5.529515998258014,-7.546403605312506,-24.444509713744644,-11.158876938430739,-14.21834808679969,0.4760746783809225,-1.1072377519022447,-5.219070142560529,-0.8710457220069413,8.39065606361829,0.7575978036608516,3.793582137725937,-3.035984334065087,-0.16117382060547097,-0.7427534582351905,-0.17240401249307358,-8.359876863121874,-0.6259482740439534,-4.5511799413867875,-0.24210639610921217,-0.7884760864901361,0.6151378941992911,,
r<-5%,news,c2,2024-26,11832,682,12.700464588703536,1.8808757835190415,-11.927276637244203,0.07111088753480145,-15.200675846298939,0.48926639621365786,-1.1610140743757613,-3.3686287440560685,-0.5181814381181178,9.304664723032069,-2.4661572159095213,4.205544877955935,-6.671702093865457,-0.40411205885044427,-0.5106651827914637,-0.22453095665112788,-12.536911533822026,-0.9457570537230964,-1.7393876620464146,-0.10542862586900158,-0.49153315807886044,1.295330556612754,0.03870858688302908,0.06686131386861315
r<-5%,news,c2,2024H1-25H1,5354,372,-2.7969720916012686,4.043948932213671,-12.023478581792128,-0.21220624158252432,-13.306692411475685,0.48767276802390735,-0.7263049251581579,-3.4356706363820058,-0.3985594585439288,9.02139037433155,5.307890403740553,4.054802530780833,1.2530878729597186,0.08203977049666439,-0.3876761618837309,-0.04075238616786081,-3.790646138465533,-0.3207072274796499,-9.362692934521387,-0.6136201595039297,-0.4526727323154175,1.1471694051018828,0.04463952185282032,0.06407506702412868
r<-5%,news,c2,2025H2-26,6478,310,25.50893571966246,0.0931181981360441,-11.923016983445539,0.5836879974644624,-17.473455968086856,0.490583513430071,-0.9385954301848527,-3.2887762990563805,-0.3326094211989999,9.644230769230768,-11.78504763177211,4.386242435146601,-16.171290066918708,-0.9041792204889303,-0.5106651827914637,-0.3990430400043209,-23.02121684748655,-1.5567709576292705,7.398805196625508,0.4138059351304716,-0.2952883786050259,1.6101074352581288,0.03380673047236801,0.07019230769230769
r<-5%,news,c3,2020-23,12748,976,12.27957795353017,-1.0340221826261489,-18.561886840983128,-5.501086868754861,-12.401824683565621,0.4854094759962347,-0.7850010241241526,-3.0636340666796436,-0.5990683606189078,9.178926441351887,1.9450999908753481,2.787674764207533,-0.8425747733321823,-0.04018872181473359,-0.8008067015490908,-0.14667514131336445,-5.916031055420403,-0.3844595068248532,-4.732774755082885,-0.22594779265671883,-0.7998572828465982,0.6151378941992911,,
r<-5%,news,c3,2024-26,11832,682,33.43257628835181,3.5039285632963733,-21.156191211169308,-0.26600809215473553,-13.645165625120908,0.4833502366463827,-0.8278223269394513,-1.6320398777555545,-0.2868494077732959,9.676384839650146,4.736988992154015,2.9185523788018415,1.8184366133521752,0.09879065709378233,-0.4738165482900448,-0.05920552631937104,-3.763000260785573,-0.24996008215224844,-7.655541370955853,-0.41609384168542196,-0.6572528592142559,1.295330556612754,0.03870858688302908,0.06686131386861315
r<-5%,news,c3,2024H1-25H1,5354,372,23.92957642855472,5.759083005891377,-14.619220565717741,-0.5973666692917633,-13.165322779061906,0.48711243929772136,-0.5735010946864967,-3.357691803177903,-0.43944840555381964,9.529411764705882,0.38717209799610597,2.847820402339181,-2.4606483043430676,-0.143090242687743,-0.4738165482900448,-0.1438798769617332,-7.264209831601756,-0.5310638524947369,-3.2349925003352884,-0.18806510234603305,-0.3788606055591285,1.1471694051018828,0.04463952185282032,0.06407506702412868
r<-5%,news,c3,2025H2-26,6478,310,41.286707385813,1.6400667408737766,-27.677933681902932,-0.6483439399176929,-14.220977040391709,0.4802408150663785,-0.6026419117220263,0.4168293924284416,0.04886144664883265,9.852564102564102,9.951192576817657,3.003340068535927,6.9478525082817315,0.35118693030850945,-0.34630431132178463,0.0534024101387629,0.43396249397484893,0.026185734494365995,-12.954532645353584,-0.6555529131098574,-0.5048464676770997,1.6101074352581288,0.03380673047236801,0.07019230769230769
r<-5%,news,c5,2020-23,12748,976,54.70526599060377,23.113218456794158,-21.260181470058644,11.39436516654007,-5.746020228385717,0.4854094759962347,-0.27228967807853416,-0.5537492021393555,-0.12460501152310315,9.669980119284293,11.521324572544401,1.7711052427234992,9.750219329820903,0.459464016504073,-0.6971829830458717,0.11131997682530304,4.463860234866565,0.28976475004662333,-13.292429815267909,-0.6266486337894644,-0.9096332318598023,0.6151378941992911,,
r<-5%,news,c5,2024-26,11819,681,59.75434562143551,16.05737852254636,-28.225934982969243,5.534835519357739,-19.07324500416624,0.4826973517218039,-0.7705237868227345,1.3978331838403015,0.25829575435864516,9.902332361516034,2.62130021826513,1.8143344904521466,0.8069657278129826,0.044438127288719736,-0.4216934876197018,-0.08028320722181637,-5.299756703688992,-0.35514072682548187,-4.4356347087172745,-0.2442327334393173,-0.670342527024373,1.295330556612754,0.03870858688302908,0.06686131386861315
r<-5%,news,c5,2024H1-25H1,5354,372,66.13719355426875,20.66815312495877,-26.515512211877958,7.95908830419221,-30.26193242478259,0.480762047067613,-0.8518192401018406,-2.670994813637267,-0.35661460860500277,9.866310160427807,3.223502114995669,1.7786814548115046,1.4448206601841609,0.07916212793882905,-0.4216934876197018,-0.06611916282212893,-3.917981558261422,-0.26639999692686145,-5.002183569807171,-0.2739808209146197,-0.5334521494485169,1.1471694051018828,0.04463952185282032,0.06407506702412868
r<-5%,news,c5,2025H2-26,6465,309,54.468379986108495,12.238958225359054,-29.3472335077226,5.28928238941678,-5.603368886142667,0.4843000773395205,-0.1662726614021507,6.228759123702557,0.7968395090995839,9.94551282051282,1.899429995902239,1.8570724242008652,0.042357571701376225,0.002343115362602949,-0.27774385674871926,-0.09697908690981527,-6.956115371605371,-0.45761785928931326,-3.756502420103104,-0.20782783854995304,-0.4364566524965299,1.6101074352581288,0.03380673047236801,0.07019230769230769
r<-10%,all,on,2020-23,8717,877,99.23374324870298,22.67736371597022,8.963889937213866,20.72300371821855,22.66275213576112,0.5244923712286337,2.0708939072931236,22.662752135761124,2.069712901261918,3.899602385685885,11.296272774835941,3.7131090234335566,7.583163751402384,0.4869556204675475,-0.4186805957410282,0.11809988513991732,7.569517764814586,0.6176004854665955,-15.009381798269496,-0.9633107660447563,-0.8888739519862385,0.6151378941992911,,
r<-10%,all,on,2024-26,6076,645,-5.068728950445015,15.560955395771451,4.149001620562735,16.507740614655685,5.887494824092397,0.5118499012508229,0.4486254679868629,5.887494824092398,0.44827756140643416,5.241982507288631,16.177113317287414,4.877463815094083,11.299649502193331,1.1222617209650048,-0.23235661325176904,0.2869058617828206,7.47521921610821,0.8642836070178156,-21.054577132381503,-2.0774880350120766,-0.7718815868795836,1.295330556612754,0.09611586570111916,0.08525547445255474
r<-10%,all,on,2024H1-25H1,2660,344,-57.48390828487285,0.38665878669425824,-4.6020857193213764,2.4497949783580637,11.328700949401004,0.4864661654135338,0.577617810230057,11.328700949401004,0.5767776384250102,4.505347593582888,20.394082038661914,4.21202970239568,16.182052336266242,1.676051799736674,-0.23235661325176904,0.45901740643671585,12.916497756589477,1.5716920401425158,-24.606111741057596,-2.526204933512131,-0.6047345380610067,1.1471694051018828,0.10827067669172932,0.0772117962466488
r<-10%,all,on,2025H2-26,3416,301,35.746369711609454,27.3770060339873,12.915685236441472,28.26169594990272,-0.33102646197457775,0.531615925058548,-0.019500255965945793,-0.33102646197457775,-0.019467836565361323,6.124999999999999,11.122157221793627,5.675131629674863,5.447025592118765,0.5164473783704795,-0.17937557735726528,0.10713412079619178,0.9526609656595173,0.10428507059621059,-16.79728885146849,-1.5850213339793364,-0.4378444364921541,1.6101074352581288,0.08665105386416862,0.09487179487179487
r<-10%,all,c1,2020-23,8717,877,154.81674893700946,12.911768146166168,2.4291984311471113,5.258856859124171,12.585755393659623,0.5023517265114145,0.6193159725849926,13.158252779866837,0.6472221729144823,3.899602385685885,8.684857938895949,3.6860839454601586,4.998773993435789,0.2439012685992569,-0.6401158139304091,-0.02247052194378174,4.2385560383804055,0.2573819775990499,-12.370941884356109,-0.6051811050016968,-0.8975247886627412,0.6151378941992911,,
r<-10%,all,c1,2024-26,6076,645,-5.392489723727093,12.112981090155372,6.822542314774832,11.630770631777885,-39.61520779385771,0.5070770243581304,-1.7735079859632612,-40.08018909295948,-1.7953253076553557,5.241982507288631,-3.708916679905663,4.884876824815489,-8.59379350472115,-0.49328821500200826,-0.7014297834437815,-0.2681937860429674,-12.938954806952841,-0.8310200299938905,-1.175960144909827,-0.06764807189674438,-0.6459020936828288,1.295330556612754,0.09611586570111916,0.08525547445255474
r<-10%,all,c1,2024H1-25H1,2660,344,-40.06154154532964,19.435374201490514,7.686512776506002,16.29550948512138,-7.8191258388287155,0.5093984962406015,-0.2511388707948298,-8.373936382820046,-0.26846175895823793,4.505347593582888,14.958319580290183,4.208784768925631,10.749534811364553,0.6499598877560546,-0.23933539713280572,0.20486043565532586,5.146110414719485,0.34742106753377894,-19.167104349215816,-1.160167634963201,-0.6256299665037229,1.1471694051018828,0.10827067669172932,0.0772117962466488
r<-10%,all,c1,2025H2-26,3416,301,21.603903088176523,6.411117601820629,5.971818650007447,8.488040168642286,-75.9535871710337,0.5052693208430913,-2.3819835708720847,-76.1959206568269,-2.393480168289925,6.124999999999999,-26.085667837960937,5.69532050719628,-31.780988345157215,-1.7324843747218184,-0.7014297834437819,-0.5974452752673401,-34.61784709190621,-2.117072502406907,20.39034733076466,1.1143188373809643,-0.19558948547099275,1.6101074352581288,0.08665105386416862,0.09487179487179487
r<-10%,all,c2,2020-23,8717,877,-84.0968091848814,-10.302965506885675,-40.47948315877261,-18.183588073553754,-21.29001563267471,0.4763106573362395,-0.8367375656945464,-13.324839151745179,-1.0326086449262464,5.99403578528827,10.083174187906655,2.849335480660615,7.233838707246042,0.33631347280260726,-0.48716250124789695,0.04063604374435692,4.145449156713124,0.24668323337569714,-12.93250966856727,-0.6018932389336229,-0.9056841464024817,0.6151378941992911,,
r<-10%,all,c2,2024-26,6076,645,-4.95345529484386,13.401800032474117,-18.40845758906125,13.000561849027779,-69.84533534737572,0.489137590520079,-2.239203648801597,-29.081876020135866,-1.752497282040461,7.368804664723032,-5.312262222697464,3.4526879147955007,-8.764950137492958,-0.44448549100733176,-0.7875209922204376,-0.29058461617777676,-13.838818680934951,-0.793625885215557,1.8595743079019615,0.09442061415810347,-0.7220657869461224,1.295330556612754,0.09611586570111916,0.08525547445255474
r<-10%,all,c2,2024H1-25H1,2660,344,-48.763144093535374,27.68720629758125,8.900377767183544,25.315184609510332,-34.71077554854783,0.5056390977443609,-0.8414155707027724,-18.44942416010764,-0.8774123585855184,6.75668449197861,17.658889385237384,3.175811667429572,14.483077717807808,0.748687963645596,-0.2723668680725335,0.2826263223298373,8.248707915536913,0.4797114881365126,-20.834701052666954,-1.078919528014297,-0.7220657869461224,1.1471694051018828,0.10827067669172932,0.0772117962466488
r<-10%,all,c2,2025H2-26,3416,301,29.160646638563467,2.2779181047267514,-44.76242339542589,4.533210945533141,-109.9991179746076,0.476288056206089,-2.332917033086366,-41.542838709595706,-1.578265528548573,8.102564102564102,-32.848193957850135,3.784584442086709,-36.63277839993683,-1.8271078162102825,-0.7752065302730619,-0.6511884240207602,-40.31553325491084,-2.289809753701855,29.063609515763414,1.4501426275347389,-0.22561584881661723,1.6101074352581288,0.08665105386416862,0.09487179487179487
r<-10%,all,c3,2020-23,8717,877,-63.09765258404031,-6.437226988102676,-35.65060283876723,-14.22416369806019,-54.40287580694619,0.48055523689342666,-1.888111219577732,-14.63986081681751,-1.482903027431593,7.202783300198806,11.271111346621277,2.2626604377156934,9.008450908905584,0.39288925841555,-0.6533883320019793,0.06671763660714025,5.319746744649323,0.29387728801152035,-13.533771784336967,-0.5906902667423103,-0.9231994173963975,0.6151378941992911,,
r<-10%,all,c3,2024-26,6076,645,10.478224219299024,14.995510367592562,-25.569461083740805,8.984476383268515,-101.62474346408364,0.4873271889400922,-2.6750777055811694,-21.333604522149994,-1.5597361566006371,8.418367346938775,-8.685787981325207,2.639288589141112,-11.325076570466315,-0.5739213991845467,-0.7235008358388912,-0.33548113837693516,-16.68090438792092,-0.9788105998659477,6.046499392184096,0.3066089851909773,-0.45273695807352965,1.295330556612754,0.09611586570111916,0.08525547445255474
r<-10%,all,c3,2024H1-25H1,2660,344,-41.93166886835573,15.846407792200594,-5.88133826335522,8.091081559609517,-96.62551721728447,0.49586466165413534,-1.850665122056363,-21.548718564203114,-1.2222615216623134,7.930481283422459,-7.993421456106841,2.496517654472494,-10.489939110579336,-0.5459230384403809,-0.5529275173201279,-0.31677968997303785,-15.579236708672413,-0.94181895776218,5.49690380163435,0.2863454873475566,-0.45273695807352965,1.1471694051018828,0.10827067669172932,0.0772117962466488
r<-10%,all,c3,2025H2-26,3416,301,51.28920654165314,14.332926307446943,-38.49940953119134,10.349388789067179,-107.33814488899698,0.4806791569086651,-1.937751668109252,-21.078199278569475,-0.9846992407238191,9.003205128205128,-9.515740162195943,2.8104306710836213,-12.326170833279566,-0.6052039687974307,-0.5448089340029039,-0.35722553029103266,-18.001493208558557,-1.0199423260223297,6.705309491112318,0.32931085786728925,-0.30458730381050325,1.6101074352581288,0.08665105386416862,0.09487179487179487
r<-10%,all,c5,2020-23,8717,877,0.5877327585709419,54.45158711562091,-20.851243360569782,42.13459395105561,-96.86520208498953,0.4909946082367787,-2.6501734062695785,-13.600696693942748,-1.6961593886904531,8.462226640159045,6.36893134639214,1.5935946279918225,4.775336718400319,0.21189242022635407,-0.65722825816579,-0.04030000993905003,-0.1574673526498772,-0.00944905899028335,-7.962525974383961,-0.3535954995990587,-0.8792650608474701,0.6151378941992911,,
r<-10%,all,c5,2024-26,6075,644,60.432885966198235,27.4541703407126,-46.82545385621358,15.57440918026678,-117.56311135800894,0.47687242798353907,-2.3314575731715093,-7.211094418746589,-0.5348266452284755,9.262390670553936,-0.8601663280740454,1.7442384553372685,-2.6044047834113173,-0.1149812136956286,-0.5831978463109129,-0.20309417959629883,-8.428043234037588,-0.42356894669420087,-0.8840721272632213,-0.039049522756000266,-0.5651712706952434,1.295330556612754,0.09611586570111916,0.08525547445255474
r<-10%,all,c5,2024H1-25H1,2660,344,55.404928581356,50.05309142152204,-30.913721164004187,31.662678580862607,-110.98258652202762,0.4853383458646617,-1.6066941510070758,-4.793388631879848,-0.27796202735713677,9.02139037433155,1.1099721850302287,1.7119743392429254,-0.6020021542126995,-0.025628904512441913,-0.4588311879934651,-0.1718381586486465,-6.5296912880748765,-0.31706480317749897,-2.8219465242731516,-0.12023270289557131,-0.505855716041745,1.1471694051018828,0.10827067669172932,0.0772117962466488
r<-10%,all,c5,2025H2-26,3415,300,64.34924515907679,9.851496819496498,-59.30144630518694,2.895171319302465,-125.1087798366008,0.4702781844802343,-1.6938046944638725,-10.081640337121707,-0.47431679484593964,9.551282051282051,-3.221806725192629,1.782914030399078,-5.004720755591711,-0.23127875313753224,-0.49066838421544956,-0.23901068473647746,-10.70363178464673,-0.5615409534118594,1.4388926947935616,0.06649760618081407,-0.4280367249195487,1.6101074352581288,0.08665105386416862,0.09487179487179487
r<-10%,nonews,on,2020-23,5523,619,127.62775706181922,22.563127632155965,10.324875750887738,24.42077343706736,32.3934102211512,0.5285171102661597,1.9869552752522306,32.3934102211512,1.9853496545655633,2.066600397614314,5.147622838463271,2.0457755289779276,3.1018473094853443,0.26127129011458383,-0.4211739219328282,0.030144260015678936,4.180537819194193,0.48835674842986737,-7.193398367441201,-0.6058136709246701,-0.7039093841460928,0.6151378941992911,,
r<-10%,nonews,on,2024-26,2871,473,-17.78647522188164,22.97454186471078,7.054473047795485,23.68137037422927,6.291978471463308,0.5141065830721003,0.20823654440465372,6.291978471463307,0.20801630474027594,2.4941690962099123,8.508611115909254,2.4301889134565524,6.078422202452701,0.6904438653328512,-0.19296673074705462,0.13695658874785566,6.147008960522703,0.8203997579075214,-10.938800029365808,-1.2361936573009005,-0.5490532684397295,1.295330556612754,0.09578544061302682,0.040145985401459854
r<-10%,nonews,on,2024H1-25H1,1190,224,-119.33088570330874,-8.622705178343914,-24.490004775447048,-4.402960267912933,-2.223073709029244,0.4512605042016807,-0.038886325115823656,-2.223073709029244,-0.03879942819131873,1.7566844919786098,6.242121159032352,1.7545829201764602,4.487538238855893,0.5318489393964184,-0.19296673074705462,0.09409168178039917,6.338962437118034,0.9018630013983389,-7.99670407920881,-0.9450091162730365,-0.30091613059130395,1.1471694051018828,0.09915966386554621,0.03163538873994638
r<-10%,nonews,on,2025H2-26,1681,249,54.09802714153195,45.34261086009156,32.63377697230064,45.402717257255595,13.952105734235717,0.5585960737656157,0.5476471788916738,13.952105734235712,0.5465463794291322,3.3782051282051286,11.225493307806566,3.240049943862817,7.985443363943749,0.8646405206204866,-0.16172407318178494,0.1905583493555063,5.91691088280907,0.7373067995080133,-14.465543251669384,-1.5554245596244576,-0.39071452297125675,1.6101074352581288,0.09339678762641285,0.05032051282051282
r<-10%,nonews,c1,2020-23,5523,619,207.79949575020322,16.977737001564755,8.768560405441093,10.708422407615222,-4.223180820827912,0.5067897881586094,-0.13962797355443404,-3.535049522275509,-0.11662366289118556,2.066600397614314,0.9939570833446467,2.0033420538333493,-1.0093849704887063,-0.05921852666183251,-0.6310675271497932,-0.12196039030877726,-0.7792219854744333,-0.05890292906033769,-2.9972991371779965,-0.17639242692554094,-0.7640855628942177,0.6151378941992911,,
r<-10%,nonews,c1,2024-26,2871,473,-13.783483490995083,24.118764172864704,25.854847059080672,24.358919896019657,-91.53501805032882,0.5238592824799722,-1.9734915265430655,-92.24799970702901,-1.9907289846867247,2.4941690962099123,-0.4563586122620907,2.3896822023322217,-2.846040814594311,-0.18474508874845075,-0.3974645288739429,-0.1349265872705091,-5.394575791898046,-0.3895141953094049,-1.933323590070135,-0.12583509986160465,-0.5252845913776445,1.295330556612754,0.09578544061302682,0.040145985401459854
r<-10%,nonews,c1,2024H1-25H1,1190,224,-100.5637044538235,16.361075738113716,12.916896542607201,12.902090416566665,-144.79619909000948,0.5176470588235295,-1.8219122992459067,-145.34565601069255,-1.8245812072491778,1.7566844919786098,0.28979820546863166,1.7032188546211326,-1.4134206491525043,-0.11360424291929579,-0.3667553641198721,-0.08027010202033957,-3.3077182450773406,-0.30329474332125017,-1.9930170600897654,-0.16045370285567884,-0.4153174231786615,1.1471694051018828,0.09915966386554621,0.03163538873994638
r<-10%,nonews,c1,2025H2-26,1681,249,47.64927257430285,29.610524575811567,36.73444017642946,31.221940953106685,-43.62134514716231,0.528256989886972,-0.8502850990372481,-44.67249965894648,-0.8723375952127221,3.3782051282051286,-1.350790182234172,3.212558138370514,-4.563348320604682,-0.2485657980797466,-0.37894920768955354,-0.1961809978225304,-7.896129389689529,-0.47207346015300894,-1.8617679561363434,-0.10173797822786196,-0.3318062789472923,1.6101074352581288,0.09339678762641285,0.05032051282051282
r<-10%,nonews,c2,2020-23,5523,619,-118.82659106950364,-18.756968718000607,-39.37453661723597,-27.934998420529748,-56.56757376758131,0.47944957450660874,-1.458603564906765,-35.10706076554829,-1.7041811348181921,3.457256461232604,0.40961171932852924,1.6835264006144486,-1.27391468128592,-0.06998018482808649,-0.5781288941476854,-0.12785523102379515,-2.1699815753589484,-0.15495959440613283,-2.093138119942976,-0.11518366872957314,-0.7748077780066812,0.6151378941992911,,
r<-10%,nonews,c2,2024-26,2871,473,-16.69413871807889,28.426849003284595,8.59326744595785,30.77314339946805,-131.967132744619,0.5043538836642285,-2.303226310321518,-61.167375829774386,-1.9412892910232877,4.0291545189504365,-0.37718877723743777,1.9413508167419768,-2.3185395939794144,-0.128547051148152,-0.4883761500798742,-0.147942081600536,-5.53733089409977,-0.3426875784014008,-1.5641620395045381,-0.08687990389731526,-0.6185362132692832,1.295330556612754,0.09578544061302682,0.040145985401459854
r<-10%,nonews,c2,2024H1-25H1,1190,224,-113.71791666828533,38.61123455686091,51.03214405592967,45.36858006871195,-206.5333403561486,0.5327731092436975,-2.263491649437912,-94.80166559157308,-1.8473283819494737,2.9973262032085564,4.664849202465222,1.4616525870593475,3.203196615405873,0.1898498517445016,-0.36294884388788806,-0.0072717562463073815,1.2584609667815354,0.08370374894947233,-6.126501789524571,-0.36376478557592784,-0.5787093445497491,1.1471694051018828,0.09915966386554621,0.03163538873994638
r<-10%,nonews,c2,2025H2-26,1681,249,51.99015382251938,21.217200693495297,-31.90134485664745,23.894438083459104,-64.88749216235945,0.4842355740630577,-0.9146926686584894,-27.645200367181687,-0.7549213568243791,5.266025641025641,-6.421170201624596,2.5163736946307695,-8.93754389625537,-0.46166438108588526,-0.45875285628159224,-0.29055181508977224,-13.683568573489545,-0.7854550177143742,3.90479650699382,0.20204403327304368,-0.31672413070796523,1.6101074352581288,0.09339678762641285,0.05032051282051282
r<-10%,nonews,c3,2020-23,5523,619,-88.71146782246633,-10.897001452405263,-31.521620465878726,-20.491636581348246,-89.18337879758603,0.4848814050334963,-1.9857217078062417,-33.1187062942151,-2.0034334372148277,4.4095427435387675,-1.144038401105487,1.4289830792021327,-2.5730214803076166,-0.12234099229055709,-0.6550189247453454,-0.1882573809533059,-4.15687032204367,-0.26156405708995717,-0.28494467809664914,-0.013563074610626035,-0.7871149309246361,0.6151378941992911,,
r<-10%,nonews,c3,2024-26,2871,473,-8.75053443332511,20.67280245402115,-5.321337983617176,17.893102918248445,-203.91827314087448,0.49808429118773945,-2.9759608658229597,-47.89301229087331,-1.9229463789133288,5.206997084548105,-11.15894667549413,1.6816618259029559,-12.840608501397083,-0.6561541606373207,-0.7769351758350327,-0.3583850469776023,-16.629068595212004,-0.9572081412431435,9.477284849591172,0.48498768950976756,-0.45453966419332503,1.295330556612754,0.09578544061302682,0.040145985401459854
r<-10%,nonews,c3,2024H1-25H1,1190,224,-118.71866167887329,8.814023466485214,26.034503861839028,4.701628904234061,-352.88918810740387,0.5168067226890757,-3.245778718933693,-76.47196997936025,-1.912102955275314,3.973262032085562,-13.81481208002804,1.300184231900914,-15.11499631192895,-0.8274380458617346,-0.5485583546126456,-0.38454864869548255,-17.03118526852715,-1.0547047170222819,12.514627848127121,0.6860266476926109,-0.45453966419332503,1.1471694051018828,0.09915966386554621,0.03163538873994638
r<-10%,nonews,c3,2025H2-26,1681,249,69.09721775120926,29.067773896714623,-29.598054515732677,27.71823678062403,-69.9042773476914,0.48483045806067815,-0.8408165808491697,-17.115673241733525,-0.5981023091048687,6.685897435897435,-7.975313145700282,2.1389458648669417,-10.114259010567219,-0.48041318813965117,-0.5742127520979431,-0.32555243209033924,-16.14704412143039,-0.8606335218220986,5.836367280833334,0.2776507391522634,-0.3208967799943363,1.6101074352581288,0.09339678762641285,0.05032051282051282
r<-10%,nonews,c5,2020-23,5523,619,-22.256830157136754,60.777144771319854,-6.360455699399719,47.4614916270964,-133.1224854648319,0.4986420423682781,-2.4020236011306015,-23.68121539642754,-1.8121567582273812,5.909542743538767,0.8575528708812844,1.1479706782943924,-0.29041780741310597,-0.013936073480003424,-0.6234246779202345,-0.13672177409120356,-4.186025058389382,-0.2694308924320752,-2.0055235491756784,-0.0963600723020635,-0.8391711820517831,0.6151378941992911,,
r<-10%,nonews,c5,2024-26,2871,473,76.2095257743693,51.93632549289452,-11.920280611922434,44.412827740050055,-228.4243904821587,0.4935562521769418,-2.5546840617049327,-30.418886703336998,-1.373685308724141,6.661807580174926,3.658432402773308,1.3058342519376438,2.352598150835669,0.10098409256390259,-0.6239448936388484,-0.10493572124946893,-2.628016693456935,-0.12668328495759468,-4.964266654710956,-0.21333316620991133,-0.6923487876931054,1.295330556612754,0.09578544061302682,0.040145985401459854
r<-10%,nonews,c5,2024H1-25H1,1190,224,15.336738486575276,50.49723837353817,25.81208521666333,32.69491460460213,-436.48134495796535,0.5092436974789916,-2.9384788233605,-50.33953907706112,-1.476706032741897,5.457219251336898,0.48660128853261825,1.0833686071283677,-0.5967673185957492,-0.02738875643304606,-0.39798532433764644,-0.15191344500023996,-4.424771465320198,-0.22694929663596772,-1.56996989566099,-0.07215781825175849,-0.5793787009168033,1.1471694051018828,0.09915966386554621,0.03163538873994638
r<-10%,nonews,c5,2025H2-26,1681,249,119.3020997615643,52.95507247209382,-38.067271314698864,47.98136483631976,-41.256688463762416,0.4824509220701963,-0.41809489520316806,-7.146505517525984,-0.266455366536482,8.10576923076923,7.460563289715673,1.572507813343635,5.8880554763720365,0.23534693822715,-0.4708768245350551,-0.04518097590814274,-0.4742144989798188,-0.02138074071265928,-9.03307110305931,-0.36138098778171124,-0.5483156274818639,1.6101074352581288,0.09339678762641285,0.05032051282051282
r<-10%,news,on,2020-23,3194,759,50.13539062195246,22.87489843447559,6.660495719713923,15.428902163192705,23.2657034892412,0.5175328741390106,1.745066039160103,23.265703489241204,1.743916077889149,2.5198807157057654,6.641416763481427,2.297468134849731,4.343948628631694,0.4003558442563571,-0.41753568472866665,0.07707740779219341,3.553507085033497,0.4073806056597794,-8.938884898331155,-0.8219883444858421,-0.7013867728859937,0.6151378941992911,,
r<-10%,news,on,2024-26,3205,603,6.323673403781062,8.919954849024238,2.701902955837693,9.926134963148318,6.063380259939144,0.5098283931357255,0.5676950672152223,6.063380259939144,0.5672241462986594,3.8075801749271143,8.559768899083053,3.403914127683501,5.1558547713995555,0.7324588969230184,-0.24358243472733976,0.1208294215849477,2.8649326571031173,0.5010502185539569,-11.963683026766555,-1.6936751197127977,-0.5655258156421423,1.295330556612754,0.09641185647425897,0.04510948905109489
r<-10%,news,on,2024H1-25H1,1470,319,-7.417307517567585,7.6799534250585015,3.074023401817053,7.910001317862391,9.908749526372688,0.5149659863945578,0.684922912883207,9.908749526372688,0.6838485233388251,3.4117647058823533,10.233394065929398,3.0559164196412203,7.177477646288177,1.1097607179104438,-0.24358243472733976,0.18237191431322075,5.634685736431727,1.1364034610143814,-13.289310485570619,-2.044837409821961,-0.41977634951523524,1.1471694051018828,0.11564625850340136,0.045576407506702415
r<-10%,news,on,2025H2-26,1735,284,17.965887786710468,9.970561242816531,2.3159272162319704,12.119089459067583,1.7441098515155526,0.5054755043227666,0.11028617826936447,1.7441098515155526,0.1100918412403672,4.282051282051282,6.553564372158268,3.8210652264264917,2.732499145731777,0.35597166694666255,-0.17889132269970176,0.0512639840255118,-0.45522007260489794,-0.06987390793877046,-10.37462959858476,-1.348087783749954,-0.29370262983257234,1.6101074352581288,0.08011527377521614,0.04455128205128205
r<-10%,news,c1,2020-23,3194,759,63.200058063725486,5.880977291950012,-8.480527673801284,-3.2437756419262467,16.691718617611457,0.4946775203506575,0.8044434883249747,17.196004888081703,0.8282601154116885,2.5198807157057654,3.9310050689564284,2.314474542761892,1.6165305261945342,0.12042279884027163,-0.4896137739855819,-0.016901791906883235,-0.2552581505491947,-0.024162316233985615,-6.245479611718317,-0.46668145604866074,-0.6803130060754157,0.6151378941992911,,
r<-10%,news,c1,2024-26,3205,603,2.1240603872951764,1.3583466968765898,-7.7955018386697414,0.9948389392038106,-5.175221746607408,0.49204368174726987,-0.23914187735160172,-5.531994887087845,-0.25580506871236763,3.8075801749271143,0.5848643542102112,3.4555095004965892,-2.8706451462863773,-0.24915301084174227,-0.4560896108496194,-0.10804504448449825,-5.501306766915038,-0.5550550280066161,-4.040373854706801,-0.3516326261729604,-0.4761155188980324,1.295330556612754,0.09641185647425897,0.04510948905109489
r<-10%,news,c1,2024H1-25H1,1470,319,8.916399856784462,21.924092005176494,2.854349870081881,14.173928631723728,45.49025100661655,0.5027210884353741,1.6616127674381538,45.01951829400678,1.6412223934099146,3.4117647058823533,11.967311906159319,3.1073028830920952,8.860009023067224,0.8344882173746709,-0.26908850712605414,0.2065926332863055,5.93025643226694,0.652663243934999,-15.074614789251418,-1.4237172600332677,-0.4761155188980324,1.1471694051018828,0.11564625850340136,0.045576407506702415
r<-10%,news,c1,2025H2-26,1735,284,-3.630832419707269,-16.066232901510073,-18.545299308032405,-10.946583546926588,-62.08467881801036,0.4829971181556196,-1.8355025841124604,-62.11421490382182,-1.8396053149292615,4.282051282051282,-13.059479826651861,3.8729110226417203,-16.93239084929358,-1.3567965726591564,-0.4514647711499631,-0.3790596895652898,-19.204526755678053,-1.7832756855142977,9.186568804010143,0.7377335925603392,-0.2242936774205112,1.6101074352581288,0.08011527377521614,0.04455128205128205
r<-10%,news,c2,2020-23,3194,759,-24.04277494919932,4.3155253306183585,-43.02146102338589,-4.175205467748675,3.8091638464360726,0.47088290544771444,0.14837147202542006,0.8674864025917207,0.06550871824083322,4.226640159045726,4.808828227478767,1.9427570264808698,2.866071200997897,0.1864496856838718,-0.580864701654991,-0.0027155291823549588,0.6261663561817753,0.054270510085148785,-6.751585253959638,-0.4400190403713395,-0.7790320622891225,0.6151378941992911,,
r<-10%,news,c2,2024-26,3205,603,5.563706049339536,-0.05745600346874282,-34.3768675840727,-1.432435423080396,-20.93688963754969,0.4755070202808112,-0.655036929771526,3.1361753405649146,0.15809827732719123,5.870262390670554,-2.4282623279846356,2.6627423704886923,-5.091004698473329,-0.34858484217525737,-0.5875212604212745,-0.17860636733686497,-8.955653579898115,-0.7192284027939614,-0.23448004250405677,-0.01608746356847422,-0.4945787128097514,1.295330556612754,0.09641185647425897,0.04510948905109489
r<-10%,news,c2,2024H1-25H1,1470,319,3.8192908479289054,18.843945325783462,-19.29844871903186,12.816880949030732,30.548328252022998,0.48367346938775513,0.8863005588660403,17.979047495430233,0.7957549590850664,5.438502673796791,10.818323702537246,2.473487888682972,8.344835813854273,0.5942999249906097,-0.27279485689277716,0.15769424388219355,3.720790849452906,0.3071358292084964,-13.291811591220219,-0.9496575213866398,-0.48863466080506324,1.1471694051018828,0.11564625850340136,0.045576407506702415
r<-10%,news,c2,2025H2-26,1735,284,7.041683194050547,-16.071899780990773,-50.28803076660404,-13.034397597331242,-78.76711677407675,0.4685878962536023,-1.423324358452246,-14.25256161756209,-0.4191843516151774,6.387820512820513,-18.30718276200766,2.8896051147045236,-21.196787876712186,-1.3933034821978636,-0.5875212604212741,-0.4556335368934171,-24.151135043286835,-1.887061601576239,15.417577647303139,1.014024812827536,-0.19286366429639235,1.6101074352581288,0.08011527377521614,0.04455128205128205
r<-10%,news,c3,2020-23,3194,759,-18.806762927864106,1.2745245354862949,-40.46175033888741,-2.457517192716572,-16.009614255351735,0.4730745147150908,-0.5024439418714295,-5.2705025927150135,-0.48169896789838434,5.432405566600398,4.988670483128804,1.6641094501165463,3.324561033012257,0.1853544221982724,-0.6823427790434953,-0.01615145958794706,1.2582639690397381,0.09063100166095167,-6.652779933245352,-0.3712463050646272,-0.786790576607907,0.6151378941992911,,
r<-10%,news,c3,2024-26,3205,603,27.70311223542506,9.9098612006233,-37.727535606944144,2.866175559643032,-25.08483264781133,0.4776911076443058,-0.6900979118680648,6.1245185998343565,0.3721923610053966,7.116618075801748,-1.5299151806789737,2.152486912154595,-3.6824020928335703,-0.22710834791734147,-0.5155389328135698,-0.16231331026425777,-7.629282865072817,-0.5500559204688401,-0.6225717314756226,-0.03842044478466115,-0.36390108564565027,1.295330556612754,0.09641185647425897,0.04510948905109489
r<-10%,news,c3,2024H1-25H1,1470,319,20.22923007349184,21.53929034158924,-30.39579826545968,10.676010122188158,29.430965417957857,0.47891156462585033,0.6553137180725926,14.415810278713566,0.895923063976932,6.689839572192513,4.005709360235573,2.0301486230789023,1.9755607371566675,0.1284788065125037,-0.34001728554471267,-0.02658754157325638,-2.5182120710651863,-0.19015667005234685,-6.035857983314476,-0.3927559815577573,-0.36390108564565027,1.1471694051018828,0.11564625850340136,0.045576407506702415
r<-10%,news,c3,2025H2-26,1735,284,34.035450436025556,0.05668492556859352,-41.65855505631111,-5.75158314881993,-86.31912695408023,0.47665706051873197,-1.4924234170106474,-3.6671020495087028,-0.12035520379671852,7.628205128205127,-8.165567675236794,2.299136015085074,-10.464703690321869,-0.6091196250820957,-0.46005217393647824,-0.3003080431585362,-13.756015163017867,-0.9422888906000371,5.86643166015172,0.3416862060412687,-0.3288496246922318,1.6101074352581288,0.08011527377521614,0.04455128205128205
r<-10%,news,c5,2020-23,3194,759,40.090087481004616,43.513561150553464,-40.76276333748928,32.323991645389015,-43.02608713703208,0.4777708202880401,-1.1075365250178366,-9.296154258461724,-1.0679207898513285,7.110337972166998,2.2970537153786217,1.311121450930419,0.9859322644482044,0.051104121470826123,-0.6442302013396921,-0.08728507882838421,-1.7059333687281204,-0.11750577033092886,-3.6081751663090422,-0.187193887173948,-0.7661839833569105,0.6151378941992911,,
r<-10%,news,c5,2024-26,3204,602,46.29595310438202,5.516508841987813,-71.05559983064838,-13.360754883505052,-42.50598688088843,0.46192259675405745,-0.8542951584669407,-3.1614283052317784,-0.2776946375595048,8.459183673469386,2.432012695615124,1.5350862831485514,0.8969264124665715,0.04858629063307227,-0.5656325715419952,-0.08096733953103996,-3.81332061663012,-0.2440147660072257,-3.9670989787636746,-0.2150034728496608,-0.5953972427539587,1.295330556612754,0.09641185647425897,0.04510948905109489
r<-10%,news,c5,2024H1-25H1,1470,319,87.84108246760707,49.693543888937555,-66.4374906113086,18.71642079028931,39.59525734803678,0.46598639455782315,0.579737307302135,5.231334229126216,0.40822816404406603,8.165775401069519,12.715929023184502,1.48197065151949,11.233958371665015,0.5909901537563208,-0.2973625436178462,0.18597602745161979,6.982931139976926,0.43804001595756215,-14.19789967470399,-0.7474313183622576,-0.5953972427539587,1.1471694051018828,0.11564625850340136,0.045576407506702415
r<-10%,news,c5,2025H2-26,1734,283,11.076033748014796,-31.934610834492066,-74.83215780713248,-40.64127738363821,-135.0512056407017,0.458477508650519,-1.9009633598246598,-13.126168584120322,-0.6655572177667821,8.810897435897436,-9.895502389355867,1.5987569441397984,-11.494259333495666,-0.6464721954098854,-0.5485482891747193,-0.3230151213084218,-16.754981376152667,-1.1002701975648836,8.296745445216061,0.46672569216872967,-0.3155364633464198,1.6101074352581288,0.08011527377521614,0.04455128205128205
r<-10%,isolated_nonews,on,2020-23,316,233,58.20213732385033,47.19912917172842,16.077620858863728,42.3022002890608,34.176605359885315,0.5221518987341772,1.1751084299496892,34.176605359885315,1.1725840265401135,0.31411530815109345,1.8282182300533505,0.3018314102297986,1.5263868198235522,0.762699953121378,-0.060564744477202725,0.03790338683007333,1.1807654901942748,0.590577474014049,-2.1300496402831492,-1.0575401858622995,-0.20292612047741676,0.6151378941992911,,
r<-10%,isolated_nonews,on,2024-26,158,123,-89.75805747737287,-98.03581576072907,-3.553254775485388,-81.44735989698665,-114.21666617930833,0.4936708860759494,-1.0909733324067827,-114.21666617930833,-1.0865294307081301,0.2303206997084548,-2.0673138602660224,0.22080994430853398,-2.288123804574556,-0.6602223277004438,-0.18933309698203593,-0.05975940109380484,-2.4787777125585615,-0.7174844115499132,1.8465039159574879,0.53355549011723,-0.0587876690781608,1.295330556612754,0.16455696202531644,0.0037956204379562043
r<-10%,isolated_nonews,on,2024H1-25H1,90,73,-88.42244887558782,-90.76436408924802,1.956884525001817,-90.37690274992596,-151.248040561309,0.5,-0.9199508818215021,-151.248040561309,-0.9136281204244994,0.23796791443850268,-2.063189260275047,0.22602345548211575,-2.289212715757163,-0.5673238633248825,-0.12512291777725892,-0.06111524532007506,-2.3539619536881182,-0.5848597785128057,1.8371658047929311,0.4553420666304821,-0.0587876690781608,1.1471694051018828,0.2,0.00482573726541555
r<-10%,isolated_nonews,on,2025H2-26,68,50,-91.5257747444413,-107.65979591415984,-7.123786122376803,-100.46143172940538,-60.15085958158721,0.4852941176470588,-0.6481561940012119,-60.15085958158721,-0.6416418960648487,0.22115384615384617,-2.0722580923064866,0.21456041488891997,-2.286818507195407,-0.8688770927866475,-0.09336235274284355,-0.05813154577516855,-2.6283966029994144,-1.00348864536392,1.8576976774175664,0.7094915189145591,-0.029473795986623252,1.6101074352581288,0.11764705882352941,0.002564102564102564
r<-10%,isolated_nonews,c1,2020-23,316,233,60.88898907267279,48.92231654025669,-73.18111408306562,15.24615938660679,-10.62167610003903,0.46835443037974683,-0.16799263861017194,-10.62167610003903,-0.16763175175166367,0.31411530815109345,1.912616356557117,0.30213238948856147,1.610483967068556,0.3420303397368646,-0.18016104998088844,0.034369317289055124,1.234592464062245,0.26075967918043547,-2.2147487460456796,-0.4700928787829398,-0.2696225111209538,0.6151378941992911,,
r<-10%,isolated_nonews,c1,2024-26,158,123,-282.0048839244118,-274.54420541854387,-80.42761788643784,-296.2506543427759,-259.21087439924156,0.45569620253164556,-1.8416600078631042,-259.21087439924156,-1.8341583065894091,0.2303206997084548,-6.495156218667211,0.22139902156574037,-6.7165552402329505,-1.3112128688713407,-0.42500376726011857,-0.16301994441321543,-6.544720370855817,-1.279901577770581,6.273757197101469,1.2275159626042533,-0.07501140004374096,1.295330556612754,0.16455696202531644,0.0037956204379562043
r<-10%,isolated_nonews,c1,2024H1-25H1,90,73,-295.42619116304405,-268.89541975849545,-117.07457463487367,-302.0761922158084,-298.97325898238637,0.43333333333333335,-1.4240242773462395,-298.8699712864028,-1.3942477233384094,0.23796791443850268,-7.04725544463629,0.22800254949273913,-7.2752579941290305,-1.3684200024848272,-0.2852835840449195,-0.17511845670441617,-6.616820144458351,-1.2320580963899788,6.819252895143552,1.2849813915662278,-0.07501140004374096,1.1471694051018828,0.2,0.00482573726541555
r<-10%,isolated_nonews,c1,2025H2-26,68,50,-264.2413890497514,-282.02053938037255,-22.20952320480418,-275.00988562476,-201.15779290785005,0.4852941176470588,-1.2520852324928349,-203.22156114677864,-1.2774101278846584,0.22115384615384617,-5.833344967024789,0.21348325411478677,-6.046828221139575,-1.2371567886373014,-0.19564346008739208,-0.14828316862262603,-6.45829307813996,-1.3466813096546335,5.6198617129100015,1.1530692728639333,-0.05279088062669146,1.6101074352581288,0.11764705882352941,0.002564102564102564
r<-10%,isolated_nonews,c2,2020-23,316,233,-51.397142218726636,-70.04156369465493,-78.20391636058739,-86.6535664566359,-112.24520011506202,0.4462025316455696,-1.4816857467408096,-29.881616314066687,-0.7386491979727449,0.606361829025845,-0.16409492548258836,0.29157257366844014,-0.4556674991510283,-0.08391291199045678,-0.301602480727974,-0.020388869118601494,-0.9322758030964665,-0.17184794731629444,-0.12747764818585172,-0.023498026518500487,-0.23493523018065265,0.6151378941992911,,
r<-10%,isolated_nonews,c2,2024-26,158,123,-395.0117399737252,-407.50080336493744,-138.75872704030672,-403.0358910998264,-388.23967172322125,0.41139240506329117,-2.2631201456344536,-234.57456615998188,-2.5612042955426633,0.4402332361516036,-7.7612176479475234,0.21146337902580686,-7.972681026973331,-1.3595532765253295,-0.47592877444335613,-0.19121036597218877,-8.215213004530874,-1.4010122105715674,7.549754268921715,1.2883218340484794,-0.08698161098709178,1.295330556612754,0.16455696202531644,0.0037956204379562043
r<-10%,isolated_nonews,c2,2024H1-25H1,90,73,-399.1157399877217,-399.1752196196974,-104.08092074404271,-391.96305371476126,-432.71604510689417,0.43333333333333335,-1.8672110706603227,-274.43708882802594,-2.010020639645276,0.44919786096256686,-8.320306251202862,0.214974971633544,-8.535281222836405,-1.366386636256744,-0.3214845838112407,-0.2036378136083945,-8.466417432648177,-1.3420466330557996,8.105331279569317,1.29779978581111,-0.08698161098709178,1.1471694051018828,0.2,0.00482573726541555
r<-10%,isolated_nonews,c2,2025H2-26,68,50,-389.57997524931795,-418.519958321873,-197.08251601630977,-412.32286777088274,-323.30416658305853,0.38235294117647056,-1.2847052575110838,-176.67899752306081,-1.6642730321217076,0.4294871794871795,-7.091028104301701,0.20725396993832712,-7.29828207424003,-1.356629706083267,-0.23039511100695997,-0.17605752812713293,-7.91408974774923,-1.4956274352913455,6.8837741343633745,1.281504939014551,-0.05562869541531801,1.6101074352581288,0.11764705882352941,0.002564102564102564
r<-10%,isolated_nonews,c3,2020-23,316,233,-162.11738092886827,-185.20675483247467,-260.0972262949132,-186.63017246964444,-213.05853600989602,0.41455696202531644,-2.3995285741515793,-46.364730744348186,-1.3970067044912013,0.8667992047713718,-2.001006634980967,0.2781044997230439,-2.2791111347040114,-0.3916378821342696,-0.3021240991076063,-0.06568933160798052,-2.9878629372085954,-0.5177972227343608,1.7229021352579235,0.29617041046748793,-0.20770698859508152,0.6151378941992911,,
r<-10%,isolated_nonews,c3,2024-26,158,123,-643.7230874968766,-666.0757190978684,-254.0835814809201,-669.9230907125482,-621.8202768846395,0.3924050632911392,-3.4973312513504378,-216.12789038664533,-3.074592473117725,0.6530612244897959,-13.111743969908911,0.20848528296189822,-13.320229252870813,-2.1367017045398784,-0.6144222630631571,-0.29430153133187875,-13.598177382932372,-2.185024380915552,12.903258686947016,2.071983219762004,-0.08239956405318105,1.295330556612754,0.16455696202531644,0.0037956204379562043
r<-10%,isolated_nonews,c3,2024H1-25H1,90,73,-813.0180314411563,-825.1059292096915,-333.52390508557414,-832.9840860083733,-820.358499872053,0.35555555555555557,-3.5276708445089042,-288.5050967780265,-2.7480848525056625,0.6657754010695187,-17.475759816618037,0.2100787777314212,-17.68583859434946,-2.6422295247336702,-0.48978396049449857,-0.3690224755979752,-17.654922261943227,-2.614087840154628,17.265681038886616,2.5829469303210266,-0.08239956405318105,1.1471694051018828,0.2,0.00482573726541555
r<-10%,isolated_nonews,c3,2025H2-26,68,50,-419.65624992356567,-455.59455865574955,-130.83008451305153,-454.8469169301348,-331.95447132301547,0.4411764705882353,-1.2555035562442118,-113.64689018645976,-1.3907594734415125,0.6378205128205129,-7.88051984596913,0.2065751321804829,-8.087094978149615,-1.4371913523065911,-0.23556331809379083,-0.19298203467367203,-8.735284483092434,-1.5836173285043826,7.673944713788649,1.3644950303672616,-0.052844714318893704,1.6101074352581288,0.11764705882352941,0.002564102564102564
r<-10%,isolated_nonews,c5,2020-23,316,233,-159.0014012979871,-203.96421772306678,-277.0807721693029,-199.52266688241386,-266.10650466993945,0.41139240506329117,-2.3887528837819216,-19.615573036052073,-0.6734019480224025,1.411530815109344,-1.1392309815376442,0.27168353106345144,-1.4109145126010956,-0.19267257151421138,-0.33290223127595775,-0.05090997116121376,-2.7800975844046327,-0.3870212964058846,0.8675474504741927,0.11846850598198319,-0.296778528678755,0.6151378941992911,,
r<-10%,isolated_nonews,c5,2024-26,158,123,-685.5865799851827,-734.3569724032294,-358.82777875297603,-738.2222076610541,-697.3839580469461,0.34177215189873417,-3.2285923044756673,-144.2793370602196,-2.764468529099801,1.0568513119533527,-12.242802655655963,0.20258354174499957,-12.445386197400962,-1.6575867280755365,-0.6046585211713007,-0.2824900261585932,-13.059386166811533,-1.7635841963930927,12.040219113910965,1.6044193293316589,-0.10726909624013214,1.295330556612754,0.16455696202531644,0.0037956204379562043
r<-10%,isolated_nonews,c5,2024H1-25H1,90,73,-847.6776632901808,-895.3975741695416,-346.0016545048081,-892.9356223466935,-945.8084133570011,0.35555555555555557,-3.1051115727842173,-204.92297411881393,-2.596152140860766,1.0481283422459895,-15.76785377982126,0.19941855012414292,-15.967272329945404,-2.1118535084942365,-0.47060465970854704,-0.3436364291109868,-16.272725122301043,-2.175700175173541,15.56843522969712,2.059433303003682,-0.08527501768363022,1.1471694051018828,0.2,0.00482573726541555
r<-10%,isolated_nonews,c5,2025H2-26,68,50,-471.05426384621416,-521.2149994772282,-399.1053978509678,-523.2140890243494,-334.68425329426566,0.3235294117647059,-1.2224051166833423,-60.07352254573842,-1.0175321079955286,1.0673076923076923,-8.017260602970637,0.20637747400846235,-8.223638076979102,-1.1041507422867682,-0.28751297335892545,-0.2016404656084413,-9.207499085551666,-1.2579258156242457,7.810883128962177,1.0496945492770475,-0.10726909624013214,1.6101074352581288,0.11764705882352941,0.002564102564102564
r<-10%,isolated_all,on,2020-23,796,439,43.503709402395565,34.81731404054218,11.448364176213552,25.3262432514389,29.322336729512877,0.5251256281407035,1.6144518830182044,29.322336729512877,1.612612051214802,0.7922465208747513,3.4372280374962743,0.7354141557666938,2.70181388172958,0.9512186284430522,-0.08089419709102286,0.06773792388437871,2.0086011262620582,0.7211183024249399,-4.172642193262968,-1.4619515427367415,-0.3560574166302971,0.6151378941992911,,
r<-10%,isolated_all,on,2024-26,470,229,-41.9299611544565,-40.32994151610706,-2.5457803475391922,-19.920624964050106,-39.876233386099535,0.49361702127659574,-1.2401157058402756,-39.876233386099535,-1.2374050671764814,0.6836734693877553,-2.841340137145095,0.6294979964331358,-3.470838133578231,-0.9020506086680593,-0.22535161205406595,-0.08818857391315926,-3.37113241526237,-0.891539629235282,2.2118421407119593,0.5762275211487301,-0.0864378251209853,1.295330556612754,0.1574468085106383,0.010802919708029197
r<-10%,isolated_all,on,2024H1-25H1,299,149,-45.87593953408368,-36.23259727502103,2.989942936494549,-7.388893720385427,-33.241304747332904,0.5050167224080268,-0.786748291953958,-33.241304747332904,-0.7841037523976431,0.7914438502673797,-3.5950888072252853,0.7228833879379029,-4.317972195163189,-0.9555117963664784,-0.15874906904912656,-0.10909976523918474,-3.5721994696116743,-0.8025745409635004,2.8722054192873823,0.636913046528598,-0.0864378251209853,1.1471694051018828,0.17725752508361203,0.014209115281501341
r<-10%,isolated_all,on,2025H2-26,171,80,-35.03026796434815,-47.49430366864935,-6.861782756133281,-35.44328314548844,-52.23378797580241,0.47368421052631576,-1.0947371977963827,-52.23378797580239,-1.0878735740361045,0.5544871794871795,-1.9378080774976871,0.5175552514883188,-2.4553633289860057,-0.862259668014725,-0.09950061984515013,-0.062474130230737446,-3.130109728318011,-1.1257166829427943,1.420252826009368,0.5003346516364534,-0.05037274332418762,1.6101074352581288,0.12280701754385964,0.006730769230769231
r<-10%,isolated_all,c1,2020-23,796,439,58.147420860799514,47.511000291122656,2.5420554927373553,22.774714390343416,22.04028882618323,0.5025125628140703,0.6278815829874864,22.358576989510365,0.637647714711228,0.7922465208747513,4.620456192933565,0.7401136514206765,3.880342541512887,0.660947709054879,-0.2526568800314378,0.09102890678846154,3.035318089376913,0.5268943332373893,-5.360569844354241,-0.9119824237221585,-0.4595954861339159,0.6151378941992911,,
r<-10%,isolated_all,c1,2024-26,470,229,-122.51598294976256,-109.29829933223301,-36.04776007983146,-99.38427691542881,-90.64769686194856,0.4765957446808511,-1.7192230491616094,-90.64769686194856,-1.7154651800798806,0.6836734693877553,-8.441825673456517,0.6362812311586763,-9.078106904615192,-1.4968129808375432,-0.5051889491228323,-0.2140801993478053,-8.185193629491723,-1.3561063651959309,7.80554444229784,1.2891836517358106,-0.0980590118061716,1.295330556612754,0.1574468085106383,0.010802919708029197
r<-10%,isolated_all,c1,2024H1-25H1,299,149,-102.73954401709598,-74.90009174581407,-30.902616100582698,-61.50329138175066,-37.816633040881236,0.4882943143812709,-0.6041226079375297,-37.064459616288644,-0.586184462849347,0.7914438502673797,-8.154030255493806,0.7346774715153293,-8.888707727009134,-1.377360850856649,-0.32253252055299897,-0.2114074814175101,-6.6030498063700485,-1.0151981084763169,7.419352783978475,1.1508767805810645,-0.0980590118061716,1.1471694051018828,0.17725752508361203,0.014209115281501341
r<-10%,isolated_all,c1,2025H2-26,171,80,-157.09583815951288,-169.44487283129305,-52.587935299847864,-163.05467326728578,-189.04555322868637,0.45614035087719296,-1.9926593865666546,-188.55287108858633,-1.9998219892098597,0.5544871794871795,-8.786811206527203,0.5183318917567915,-9.305143098283994,-1.6693960062143465,-0.267869825819961,-0.2172720995737749,-10.081737827720909,-1.856915716278024,8.26847931477041,1.487543503651877,-0.04856086988322106,1.6101074352581288,0.12280701754385964,0.006730769230769231
r<-10%,isolated_all,c2,2020-23,796,439,-8.85844836942419,-25.114103041446846,-65.35376639643871,-36.383059517246394,-40.69823445859652,0.45226130653266333,-0.9354931175120774,-3.678467013379573,-0.1702775514918437,1.5447316103379722,1.2559641689285785,0.7208838578957925,0.5350803110327854,0.07854786592364311,-0.3366704547245345,-0.0010223275646851215,-0.625354055165292,-0.09482201105436423,-1.9768480268243707,-0.290111688372854,-0.2603160160169201,0.6151378941992911,,
r<-10%,isolated_all,c2,2024-26,470,229,-157.9809753459581,-168.11678233208193,-68.17507073066042,-165.3474248361399,-168.42686786829876,0.451063829787234,-2.331558260771847,-118.43631974626463,-3.2092016481183117,1.3294460641399417,-9.956591233716026,0.6178504470833538,-10.57444168079938,-1.453841921210758,-0.5569997229477535,-0.24703354672769595,-11.176321869471016,-1.5688688941319882,9.338740786632671,1.283265460774708,-0.12987816641077066,1.295330556612754,0.1574468085106383,0.010802919708029197
r<-10%,isolated_all,c2,2024H1-25H1,299,149,-110.86884986217396,-112.50429425876692,-22.582005952665533,-88.02434310429659,-84.49012695557026,0.4816053511705686,-1.0566211554262839,-83.0805530649499,-1.9144429080778667,1.540106951871658,-8.818949548177962,0.7140822515768165,-9.533031799754777,-1.2192560684190255,-0.31804705770394937,-0.22885460162011217,-9.445459655183111,-1.2234258095129125,8.104867296601144,1.0353762233545436,-0.12987816641077066,1.1471694051018828,0.17725752508361203,0.014209115281501341
r<-10%,isolated_all,c2,2025H2-26,171,80,-240.35831756614212,-265.3573316532585,-153.85120206435238,-253.4082493737611,-324.7590478182555,0.39766081871345027,-2.318104425187747,-180.98883002859074,-2.6878718510547523,1.0769230769230773,-11.320302741380246,0.5024956557995234,-11.822798397179767,-1.7989550576477373,-0.353925666250391,-0.26826110879559517,-13.25113747249562,-2.088487243169872,10.817807085580723,1.647050799816242,-0.10205558573604556,1.6101074352581288,0.12280701754385964,0.006730769230769231
r<-10%,isolated_all,c3,2020-23,796,439,-57.5412543951433,-77.60160241021508,-145.82720905279234,-78.07928585329823,-105.08812283811864,0.4296482412060301,-2.131394308310262,-26.771453615608557,-1.5330841908938098,2.261431411530815,-1.1581436182996563,0.7028687212860609,-1.8610123395857185,-0.2363669229901781,-0.4707918841217461,-0.06418836873756295,-3.448223671524859,-0.4673449112940711,0.4552748970135954,0.05776453818315485,-0.3011908245173778,0.6151378941992911,,
r<-10%,isolated_all,c3,2024-26,470,229,-237.48115512817185,-245.1272822215325,-106.02843182251054,-242.29044858724066,-253.666075159251,0.44468085106382976,-2.9621035293030937,-102.48676167660594,-3.4252622888733595,1.9664723032069973,-14.552801329552079,0.6083897699767578,-15.161191099528834,-1.8539321658722228,-0.6721629994899214,-0.3323046414446674,-15.405714234764558,-1.9336204627117533,13.944411559575318,1.7052916008761074,-0.12210170277379362,1.295330556612754,0.1574468085106383,0.010802919708029197
r<-10%,isolated_all,c3,2024H1-25H1,299,149,-210.497070945273,-216.1397590591913,-68.76402941516795,-213.9553884005039,-197.54425800105523,0.44816053511705684,-1.9987795067354235,-86.67762034610125,-2.4168621757473074,2.270053475935829,-16.31493238920479,0.698885304851328,-17.01381769405612,-1.9116916786841947,-0.4850675237963362,-0.3651755994875583,-17.024755191692183,-1.944090958626337,15.616047084353463,1.7545963983075101,-0.103772558257616,1.1471694051018828,0.17725752508361203,0.014209115281501341
r<-10%,isolated_all,c3,2025H2-26,171,80,-284.6638520327727,-295.8130683358016,-140.5014987601932,-282.80743612578596,-358.19295961639057,0.43859649122807015,-2.236159454793247,-128.02460536434427,-2.4298388470562022,1.6025641025641026,-12.440503200352989,0.4999111480437793,-12.94041434839677,-1.789910223745939,-0.362506019068634,-0.29065102767588646,-13.464940779985934,-1.9473507137272188,11.940592052309212,1.651985204150653,-0.12210170277379373,1.6101074352581288,0.12280701754385964,0.006730769230769231
r<-10%,isolated_all,c5,2020-23,796,439,-97.66657832520494,-129.53915603187505,-159.70073049920612,-130.26657495512413,-172.9335106554903,0.4296482412060301,-2.9090321845615357,-16.64432803768401,-1.0938705866720875,3.6660039761431413,-1.7068648210654636,0.6832744968103369,-2.390139317875801,-0.23559998487802652,-0.5558680921018666,-0.08844371060682721,-4.883530421664004,-0.5363630482922336,1.023590324255127,0.10083833567909983,-0.3465040055934372,0.6151378941992911,,
r<-10%,isolated_all,c5,2024-26,469,228,-244.45014070720688,-265.2764278112163,-214.2016477551199,-315.9576960351786,-288.2018487365399,0.39019189765458423,-2.756166695564998,-59.155029505741616,-2.486252960891999,3.166180758017493,-12.876850045231961,0.5864538151390699,-13.463303860371033,-1.3347293061274816,-0.6397661955845734,-0.3106577828361916,-14.321717835647739,-1.4861927028695001,12.290396230092892,1.218292965774272,-0.17489984033993766,1.295330556612754,0.1574468085106383,0.010802919708029197
r<-10%,isolated_all,c5,2024H1-25H1,299,149,-171.76313375105866,-193.458894220094,-161.11361453642903,-274.14312858675765,-210.157448142509,0.4080267558528428,-1.8380788008287527,-42.166639588452114,-1.5155405582090649,3.5855614973262027,-11.995420283956717,0.6609435589555751,-12.656363842912292,-1.1997804608306866,-0.4100012326842838,-0.2985017688647421,-13.353430407399344,-1.3122284459327622,11.33447672500114,1.0737343484977695,-0.17489984033993766,1.1471694051018828,0.17725752508361203,0.014209115281501341
r<-10%,isolated_all,c5,2025H2-26,170,79,-372.29375882419697,-391.5907957156021,-272.78905126326674,-379.22648194734523,-435.3995156797119,0.3588235294117647,-2.1105555885679483,-83.85833044051579,-1.9905242507233902,2.6634615384615383,-13.933435720606775,0.4971616222308233,-14.430597342837597,-1.515803291462524,-0.44080025190257544,-0.32495213927150446,-15.482421355407029,-1.7274478700277123,13.43627409837595,1.4123580659573611,-0.15868641889134139,1.6101074352581288,0.12280701754385964,0.006730769230769231
r<-10%,crowded_all,on,2020-23,6088,130,128.82194062200256,21.800491717064567,7.139261089569404,20.58502096699753,-2.5709467866116085,0.5203679369250985,-0.10621275328259579,-2.5709467866116094,-0.10580345405962653,1.2922465208747513,3.993939071904673,1.2521521500517314,2.741786921852941,0.19157537987347859,-0.41240659827240544,0.0016071025825228347,4.3458979725833204,0.3957033291282921,-5.246091221956405,-0.36608397455288794,-0.6887292783371435,0.6151378941992911,,
r<-10%,crowded_all,on,2024-26,3886,140,-32.421591527240494,7.15456597777356,-1.9510579719137444,9.14700386610473,5.848805316579565,0.49408131755018014,0.4407832815976257,5.848805316579563,0.4392062343893004,2.040816326530612,1.2137247331268743,1.8791171863544787,-0.6653924532276044,-0.09970899532461698,-0.32587127007764516,-0.030574550716657933,-0.39432605573153723,-0.07678934567055608,-3.0928419194813532,-0.4616175627958105,-0.23577016681295038,1.295330556612754,0.08003088008234689,0.0454014598540146
r<-10%,crowded_all,on,2024H1-25H1,1459,48,-150.52530911806815,-31.76832566588005,-30.012374181856842,-27.00867006362534,6.448062775439639,0.43660041124057575,0.29998887049366874,6.448062775439639,0.2968475392121615,1.2834224598930477,0.5488538405930581,1.1584314014822403,-0.6095775608891838,-0.1004261251990359,-0.1848150957404826,-0.026846098099680304,1.2064168055268671,0.27981983725562726,-1.7072852420752995,-0.281034234498747,-0.2038022703695498,1.1471694051018828,0.0788211103495545,0.030831099195710455
r<-10%,crowded_all,on,2025H2-26,2427,92,38.57689383123396,30.553205824535244,13.241135215495328,31.535788034459703,5.53614925108735,0.5286361763494025,0.32969883061520155,5.53614925108735,0.3279020933661954,2.9487179487179476,2.0107174055872807,2.743016172066713,-0.7322987664794314,-0.09974619719805132,-0.1861999837557421,-0.035025093688693776,-2.313165254804112,-0.38681428109309757,-4.753733577653994,-0.6433931504745496,-0.23577016681295038,1.6101074352581288,0.080758137618459,0.06282051282051282
r<-10%,crowded_all,c1,2020-23,6088,130,213.12583152539983,11.558329555168505,6.051940476003422,6.848696673171709,7.226272910876955,0.5050919842312747,0.20958244471543536,7.2262729108769355,0.20877480223259848,1.2922465208747513,3.2176229208529272,1.2319618696957888,1.9856610511571369,0.1157385656944542,-0.6812425634525163,-0.05771606323583456,2.2466729880960714,0.17141189689821634,-4.4495847905487125,-0.259987545612782,-0.7672162559916479,0.6151378941992911,,
r<-10%,crowded_all,c1,2024-26,3886,140,4.676921505738037,37.12982319911511,21.764298576064338,35.383548422533075,7.923162839363192,0.5205867215645908,0.3316468340628866,7.9231628393632025,0.33046025840168436,2.040816326530612,4.16923208025578,1.8880817132510528,2.2811503670047255,0.2052707583782054,-0.3368042031984625,0.019194175171563854,0.7696930893765634,0.08311772263060715,-6.057313793506832,-0.5464031113654148,-0.5729065165880102,1.295330556612754,0.08003088008234689,0.0454014598540146
r<-10%,crowded_all,c1,2024H1-25H1,1459,48,-84.18344510237638,34.45098728714582,15.80788426716058,32.12372942791576,19.48948395194069,0.5202193283070596,0.5104103693653225,19.489483951940684,0.5050656108846012,1.2834224598930477,11.293455256537557,1.1755716254366912,10.117883631100867,1.013812446700562,-0.1371109084641311,0.2520490409589702,8.312594163939563,1.0463999713482957,-12.469026881974248,-1.247509881917425,-0.40336973727526215,1.1471694051018828,0.0788211103495545,0.030831099195710455
r<-10%,crowded_all,c1,2025H2-26,2427,92,58.095658580826154,38.74021528628577,27.153451256364008,36.85383730180146,1.8885605197575452,0.5208075813761845,0.06214133372945398,1.8885605197575694,0.06180268633781467,2.9487179487179476,-4.370702111825582,2.74218034415673,-7.112882455982312,-0.5771062055278328,-0.3368042031984625,-0.20359456648250063,-8.272117814106005,-0.7795849321401803,1.628521767668853,0.13277605205114504,-0.3175334389487744,1.6101074352581288,0.080758137618459,0.06282051282051282
r<-10%,crowded_all,c2,2020-23,6088,130,-126.35649914642906,-13.336654220225064,-34.15489327526451,-19.32549707683209,-5.1941324126397275,0.4817674113009198,-0.12685840789558075,-9.498780068913678,-0.45415972234884777,2.0675944333996017,8.450215802602328,0.9913278558382221,7.458887946764107,0.41401592485539795,-0.36895645769126606,0.09454182684058621,7.818159236706817,0.5875071259122899,-9.44154365844055,-0.5244717228184373,-0.8305796770295142,0.6151378941992911,,
r<-10%,crowded_all,c2,2024-26,3886,140,12.97547749214694,49.68782257246745,10.329716729357251,47.956403506225485,13.921466090285278,0.5064333504889347,0.3915098935228944,2.7691480823187176,0.13701236239464956,2.8279883381924193,8.193616736417752,1.310260257463761,6.883356478953991,0.4456636991365041,-0.32883867201680095,0.10276257783966614,4.431331740947324,0.3392581151361518,-9.503876993881516,-0.61616247877166,-0.6814290478045264,1.295330556612754,0.08003088008234689,0.0454014598540146
r<-10%,crowded_all,c2,2024H1-25H1,1459,48,-92.18802782922207,60.649768166055054,51.34396713277853,52.39817925133941,6.854347743094653,0.5366689513365319,0.10592798575542109,16.38410774441057,0.5030860555642547,1.925133689839572,11.61666170170635,0.8808292694907776,10.735832432215574,0.707085796080402,-0.32883867201680095,0.21803802423924945,8.3698813582305,0.6477002424595925,-12.497490971197127,-0.8254143876909382,-0.5098039965072502,1.1471694051018828,0.0788211103495545,0.030831099195710455
r<-10%,crowded_all,c2,2025H2-26,2427,92,76.19490652547096,43.098008554731855,-23.98363730664035,42.17984840886554,17.60865827142822,0.48825710754017304,0.41700186889708163,-4.955651725960348,-0.1921213639545169,3.9102564102564092,4.090351297257704,1.825026890482658,2.265324406775044,0.14362017706063657,-0.28210484383701573,-0.021135032301243473,-0.289878377206227,-0.021891454848371177,-5.915378187740361,-0.3748941567619755,-0.43008940473899415,1.6101074352581288,0.080758137618459,0.06282051282051282
r<-10%,crowded_all,c3,2020-23,6088,130,-91.92949762890463,0.6848078695759346,-30.858080117414538,-7.742465307551504,0.010267401179420314,0.4855453350854139,0.00020583724544179447,-4.062378817029898,-0.23030263971805687,2.4751491053677928,0.5457478697425787,0.7746560065694168,-0.22890813682683975,-0.01170419370363137,-0.6183382767396364,-0.1183052818935969,0.8114006439953328,0.05671640086553632,-1.3204038763119943,-0.06750582301498742,-0.7465622045656596,0.6151378941992911,,
r<-10%,crowded_all,c3,2024-26,3886,140,49.291729550259795,65.35744818044758,7.339404514182194,56.966524072182615,33.85441076986769,0.5041173443129182,0.829171642635295,5.026498822395542,0.2956980606730549,3.367346938775509,6.228249887081274,1.0394991216437113,5.188750765437564,0.3289419732600077,-0.38800570151228486,0.053024048570714744,2.8485591417456875,0.21099425681548278,-7.267749008724985,-0.4607526936182169,-0.6385761924935368,1.295330556612754,0.08003088008234689,0.0454014598540146
r<-10%,crowded_all,c3,2024H1-25H1,1459,48,-45.17152766182178,77.43409168165327,28.466288145046413,67.46510279865653,18.269783156937077,0.5243317340644277,0.27093703822983833,-2.2568744568241854,-0.08856237027762569,2.085561497326203,-0.7174756603274761,0.6369101042416007,-1.3543857645690758,-0.09734800409126142,-0.35402812660176797,-0.09269772815177346,-1.6828565923208652,-0.14431484327889887,0.08056555608587446,0.005791035012502415,-0.2853876720772428,1.1471694051018828,0.0788211103495545,0.030831099195710455
r<-10%,crowded_all,c3,2025H2-26,2427,92,106.07866497359187,58.09752940489789,-15.949728692482237,50.296909740961155,41.985520828788005,0.4919653893695921,0.819733161714544,9.320742027484632,0.41411498726204954,4.903846153846153,14.554215767628943,1.5220898027603444,13.032125964868595,0.7337631016146391,-0.38800570151228475,0.25886427178894134,8.280448515274184,0.5365677489094407,-16.076305570389287,-0.9053392103605267,-0.5665394157518415,1.6101074352581288,0.080758137618459,0.06282051282051282
r<-10%,crowded_all,c5,2020-23,6088,130,22.90493858758026,112.44224633562425,32.699986994461774,97.13696256522906,63.945437009015265,0.511826544021025,0.9669308751806978,3.917676441704389,0.28378255275700315,3.4791252485089452,4.601308712665682,0.664122788593262,3.937185924072421,0.20559619862818518,-0.6453564133876837,-0.01953891731427948,3.0090391974336095,0.23201729215958522,-5.265431501258947,-0.2752397348987094,-0.8538052441271579,0.6151378941992911,,
r<-10%,crowded_all,c5,2024-26,3886,140,131.09627525135886,94.96016548581272,-1.0188206456462554,83.18106796531038,61.76120595585426,0.49922799794132783,0.9143807116877268,14.108417957618899,0.9526663735194381,4.446064139941689,7.249473794588503,0.8271663004385835,6.42230749414992,0.36396778376551864,-0.4584889391580308,0.06612038964771694,2.4752035464196247,0.1670635230910051,-8.076640095027084,-0.4578373415144399,-0.6966660563208789,1.295330556612754,0.08003088008234689,0.0454014598540146
r<-10%,crowded_all,c5,2024H1-25H1,1459,48,147.80201116189053,159.95478992932368,36.79457130253832,146.67216675004633,102.34496042985197,0.5243317340644277,0.7250829287122583,20.45729745082881,0.8718279801625584,3.0748663101604268,15.807498110961054,0.5622690984272065,15.245229012533844,0.8309913663323141,-0.25830253282853377,0.3228823296258583,12.850300848953735,0.8382710696387967,-16.369767209388257,-0.892264075276022,-0.6305998594669469,1.1471694051018828,0.0788211103495545,0.030831099195710455
r<-10%,crowded_all,c5,2025H2-26,2427,92,121.05356050333016,55.8884073222023,-29.10763937112644,47.42499921812018,40.587073186811985,0.48413679439637414,0.5683219083509067,10.246426745159415,0.536340237480858,6.089743589743588,-3.0091835590119285,1.1447033310547854,-4.153886890066712,-0.24766848019918006,-0.45848893915803113,-0.17686998657149067,-9.961611809823182,-0.7034789008710479,1.8644802279571402,0.11121977207085326,-0.28589995345878194,1.6101074352581288,0.080758137618459,0.06282051282051282
r<-15%,all,on,2020-23,2791,601,168.77475132644966,80.33448888560608,32.26199593448942,75.91783638466936,54.96008478314668,0.5793622357577929,2.207635694807348,54.96008478314668,2.2057982948262573,1.4761431411530814,11.992811312906229,1.4036497883483856,10.589161524557843,0.846793067234887,-0.27531200184175453,0.24430957507466822,10.568463651340473,1.0201119240691412,-13.396461101254618,-1.067356785136485,-0.8364990851228657,0.6151378941992911,,
r<-15%,all,on,2024-26,1855,520,13.61635368365665,23.589632915641403,8.093491204393928,24.751061365598687,5.768756836574422,0.5196765498652292,0.21498403922798706,5.76875683657442,0.21477722432756274,2.349854227405248,6.040315022729614,2.2033437197131946,3.83697130301642,0.5281633161193666,-0.18452840944067794,0.08312722696425845,3.0078856376700163,0.4690921856830245,-8.24365874244281,-1.1288666974483272,-0.4330767219218564,1.295330556612754,0.15579514824797844,0.04218978102189781
r<-15%,all,on,2024H1-25H1,887,270,-9.846332376864968,21.958083700316504,5.579873174678066,23.56737002133322,9.605769144871545,0.5174746335963923,0.23411174444073493,9.605769144871545,0.2336778020019714,2.0133689839572195,7.271602076870698,1.8825635355424117,5.389038541328288,0.7114032656047313,-0.18452840944067794,0.12462780082904557,5.626041017447801,0.8435142148179918,-9.15416561241311,-1.2030772890388624,-0.278517772745949,1.1471694051018828,0.1589627959413754,0.03780160857908847
r<-15%,all,on,2025H2-26,968,250,35.115736468452816,25.084657868113705,9.782257952315032,25.116218406314754,1.6247835436135227,0.5216942148760331,0.04788395014234791,1.6247835436135194,0.04778808628214685,2.7532051282051286,4.564349130906646,2.587868684071761,1.9764804468348849,0.28709574439718866,-0.18186153858341914,0.03539293569347057,-0.1305442086020732,-0.021422642041574545,-7.1522178149784095,-1.032208558573843,-0.25100417835609656,1.6101074352581288,0.15289256198347106,0.047435897435897434
r<-15%,all,c1,2020-23,2791,601,263.96965462977033,66.03056293884778,31.130622442797762,60.97992449280649,71.03680014696778,0.5213185238265855,1.9757959428941196,72.01476611459137,2.001842131139925,1.4761431411530814,9.624097906901516,1.4025801226822567,8.221517784219259,0.5578561038407063,-0.48907156934762297,0.14449808505337236,7.396129134599175,0.603000571624108,-11.026678029583776,-0.7495080697808955,-0.8273190282960912,0.6151378941992911,,
r<-15%,all,c1,2024-26,1855,520,-34.541488889527685,-16.476365958671384,-8.66502776424795,-18.910532609417828,-76.54967588398954,0.49326145552560646,-1.8633773929041726,-77.2197733695321,-1.881244743292593,2.349854227405248,-6.134918874276712,2.2085910640722113,-8.343509938348925,-0.7109393784890349,-0.5920849115225449,-0.22407219650090238,-9.01702228500047,-0.8160228120777264,3.926327810204501,0.33489173208489775,-0.41145195785876754,1.295330556612754,0.15579514824797844,0.04218978102189781
r<-15%,all,c1,2024H1-25H1,887,270,-23.340713159194713,26.84198901734848,2.822286651482861,18.403833529846302,-23.217055286441447,0.5005636978579482,-0.4210495402142124,-24.702123222106483,-0.4486473185921834,2.0133689839572195,4.6948046780810975,1.8845960366534678,2.8102086414276304,0.24988422047082332,-0.24136348756758508,0.03196064438698931,2.820223961888499,0.2595129283237141,-6.5794007147345654,-0.5850085100197946,-0.3592505133311452,1.1471694051018828,0.1589627959413754,0.03780160857908847
r<-15%,all,c1,2025H2-26,968,250,-44.80500962589682,-56.16994123111934,-19.614225277286135,-56.87378201050416,-134.1489061293415,0.4865702479338843,-2.1966628016084746,-134.1489061293415,-2.1922650738709746,2.7532051282051286,-19.11670287614152,2.5969697187344236,-21.713672594875945,-1.7707264656447579,-0.5920849115225446,-0.4487229658598342,-23.20654182454045,-2.068850353847631,16.519733157407103,1.3493019630746594,-0.12815164678481394,1.6101074352581288,0.15289256198347106,0.047435897435897434
r<-15%,all,c2,2020-23,2791,601,-96.52219541554668,36.51217653624521,-18.177449636299464,23.79507237107294,70.04009925897215,0.49050519527051234,1.5449453270061968,48.089360898175585,2.020743204689603,2.604373757455268,13.196760743987545,1.239301428500985,11.957459315486561,0.7272104331455955,-0.5290020967590487,0.23619465031013043,10.466721347488482,0.8046437556031092,-14.436062172488526,-0.8788736319922339,-0.8961896928312335,0.6151378941992911,,
r<-15%,all,c2,2024-26,1855,520,-34.15565353717297,-18.041872529749064,-37.60366480771478,-20.925626699090827,-93.67768080199144,0.477088948787062,-1.6683422799063243,-29.445453386021587,-0.940444464885128,3.959183673469388,-5.529383282108851,1.8659467187636796,-7.395330000872529,-0.45752968307870534,-0.6312968420880263,-0.23567995967588118,-9.021950348751572,-0.6025239615497672,3.6634365633451726,0.22695014999657545,-0.6054817478471763,1.295330556612754,0.15579514824797844,0.04218978102189781
r<-15%,all,c2,2024H1-25H1,887,270,-15.665166529969392,47.74544188152313,28.099175365470934,47.64171901757281,-50.43215834996328,0.5118376550169109,-0.7366018054930854,-34.388532511060546,-0.9386048602716066,3.5320855614973263,5.760794082511027,1.6587452709356096,4.102048811575414,0.24175769579890505,-0.38114981800944303,0.013186052677339521,3.5675364772689937,0.22276315819620326,-7.419539353446634,-0.437913674811385,-0.5974176800431839,1.1471694051018828,0.1589627959413754,0.03780160857908847
r<-15%,all,c2,2025H2-26,968,250,-51.09889937951758,-78.32425670619375,-105.52228742162391,-84.07782136402705,-140.38284505018186,0.4452479338842975,-1.5574446935436204,-23.89503348111437,-0.4571081639977191,4.471153846153847,-19.063121533287806,2.114322813275533,-21.177444346563334,-1.4001558014557076,-0.629452445379756,-0.4548256169866298,-24.113194172250584,-1.7749303770908227,16.94879872001227,1.1216399913169954,-0.19092164165337466,1.6101074352581288,0.15289256198347106,0.047435897435897434
r<-15%,all,c3,2020-23,2791,601,-33.277006735831186,64.6018471714673,-15.104422558713232,56.08225391223296,60.313042891523445,0.4912217843067001,1.0915511011766537,32.50278300732859,1.6557376899034315,3.544731610337972,15.428691825837861,1.114939922035096,14.313751903802768,0.7327248076803475,-0.5179038309293418,0.2760729477791988,12.533916501513115,0.7964640327782608,-16.54363174787296,-0.8474260449442899,-0.9331705302092659,0.6151378941992911,,
r<-15%,all,c3,2024-26,1855,520,-27.073908804827155,-13.234288970685707,-48.136833994240696,-20.448213141703793,-138.22800463304173,0.47547169811320755,-2.1393965816228,-35.97748483055801,-1.4171416666096157,5.202623906705539,-8.845574885255527,1.6374199930502444,-10.48299487830577,-0.6120854827005796,-0.7105319946762629,-0.3009457655255897,-12.820370557646942,-0.8171162043531425,7.2081548922052825,0.4209069516281401,-0.4488246891189638,1.295330556612754,0.15579514824797844,0.04218978102189781
r<-15%,all,c3,2024H1-25H1,887,270,-50.2709527388068,12.061460038104903,-3.765822246829609,-4.128480607882837,-160.9478063726669,0.4983089064261556,-2.112851593432495,-42.849821600232545,-1.4795496905733394,4.7486631016042775,-7.948875683847791,1.4903259909089237,-9.439201674756717,-0.5522887584362481,-0.531034000456691,-0.28279368669086913,-11.053582333811129,-0.6904585829682969,6.458549692938873,0.37788948437327285,-0.4488246891189638,1.1471694051018828,0.1589627959413754,0.03780160857908847
r<-15%,all,c3,2025H2-26,968,250,-5.817939828133022,-36.413348238038246,-92.02727595120756,-42.42455503857303,-113.69061875424657,0.45454545454545453,-1.0671190761836267,-27.985874971359934,-0.6445524717947129,5.746794871794871,-9.920464312584022,1.8137442135658024,-11.734208526149825,-0.6823633544381268,-0.5791945732315751,-0.322100576701846,-14.938251313142446,-0.9749000392175985,8.106720099018226,0.4714997252659382,-0.3130473680273269,1.6101074352581288,0.15289256198347106,0.047435897435897434
r<-15%,all,c5,2020-23,2791,601,134.646362120522,206.09241757598173,39.60299417804173,191.82252585671318,-7.318278261323078,0.5084199211752061,-0.12181252052645074,0.2803316642100655,0.020016316580061474,5.048707753479125,6.08108632265809,0.9540396941822045,5.127046628475886,0.26335699709112115,-0.594954844113541,0.00828941297029484,3.769086121272141,0.2536232688693897,-7.035126016840295,-0.3615035153555695,-0.8427870027813225,0.6151378941992911,,
r<-15%,all,c5,2024-26,1855,520,31.345062039114758,5.876293640268138,-60.80858681304174,-12.41023640070087,-191.673737290744,0.47547169811320755,-2.524225069600508,-25.022223831184416,-1.2195860832213488,6.825072886297376,0.060736626433232965,1.2957071104480642,-1.2349704840148288,-0.06134237827019859,-0.5681038552980734,-0.14588615385253112,-4.695991662836493,-0.2559003546631026,-1.3564437368813016,-0.06738761675394084,-0.6930446704683598,1.295330556612754,0.15579514824797844,0.04218978102189781
r<-15%,all,c5,2024H1-25H1,887,270,86.93177440757543,88.74568103280768,-10.707939097446673,52.41819896306914,-163.92899504243184,0.4971815107102593,-1.5930013037402375,-17.616285725278765,-0.7225294446624029,6.385026737967914,5.367363536716241,1.2058474006499837,4.161516136066258,0.19614145894387539,-0.494884937794421,-0.03451517605414123,1.7457437974090908,0.08948703815509113,-6.573210937366229,-0.3098230098568311,-0.6816283099744659,1.1471694051018828,0.1589627959413754,0.03780160857908847
r<-15%,all,c5,2025H2-26,968,250,-19.590282868761932,-70.05877517913537,-94.53013475620381,-74.30037100730561,-221.63805891892122,0.4555785123966942,-1.9729484301941713,-33.697751326673895,-0.9844663336500012,7.352564102564102,-6.300412298072681,1.4034235574496101,-7.70383585552229,-0.4103075317112532,-0.5586666819997878,-0.26259109427272553,-12.417815579925746,-0.7357692556565204,4.896988740623068,0.26090318124226836,-0.3119869599511519,1.6101074352581288,0.15289256198347106,0.047435897435897434
r<-15%,nonews,on,2020-23,1571,278,220.66745785534732,87.72409333855853,39.15707568321714,90.3310089855009,108.34503348068775,0.60471037555697,2.1958220021555728,108.34503348068775,2.191869124058844,0.5427435387673956,6.527666099310441,0.5363195102210073,5.991346589089433,0.707676772056807,-0.2635965181894636,0.135563909764864,5.700773237767667,0.9089765749954942,-7.063985609531447,-0.8306864128792606,-0.6413000953568805,0.6151378941992911,,
r<-15%,nonews,on,2024-26,535,217,12.642809588563505,58.097406504334664,35.28834541993969,63.57674869780769,22.39086005638913,0.5476635514018692,0.32242273188144543,22.39086005638913,0.3216789644966497,0.5845481049562683,3.123610805367067,0.6169138952177399,2.506696910149327,0.4695729034177072,-0.13220644998221032,0.055596777189575786,3.18872410584209,0.6517237372672878,-3.7405247005848077,-0.6947498421017637,-0.2711115288344069,1.295330556612754,0.205607476635514,0.016058394160583942
r<-15%,nonews,on,2024H1-25H1,274,96,-64.29599893140971,37.18948436030217,-1.8618284917852612,49.81291223448661,-2.827043449626894,0.49635036496350365,-0.02239094991487328,-2.827043449626894,-0.022274025095244666,0.45989304812834225,2.5904423696035477,0.48918957888761305,2.101252790715935,0.3846660758313298,-0.12779137051910017,0.04434343800796969,3.826347336591763,0.7701134974854967,-3.079631948491161,-0.5594478451297381,-0.17024681092933047,1.1471694051018828,0.16423357664233576,0.012064343163538873
r<-15%,nonews,on,2025H2-26,261,121,93.41381929918671,80.04671940649905,73.94177059743336,78.77340657653464,42.3984529206663,0.6015325670498084,0.5733140786513952,42.3984529206663,0.5709400971139275,0.7339743589743588,3.7627293790066716,0.7700193256903918,2.9927100533162783,0.576195259369729,-0.13220644998221043,0.06924627038187858,2.424393694622931,0.5042586606160849,-4.532748704697062,-0.8643834554366427,-0.21101822672061643,1.6101074352581288,0.24904214559386972,0.020833333333333332
r<-15%,nonews,c1,2020-23,1571,278,382.0915169339969,88.24874104531719,74.88304255727245,84.0957077106445,100.54969395694762,0.5385105028644176,1.3655268214035239,102.65577318587111,1.387169603790811,0.5427435387673956,2.8108647978920667,0.529725629150512,2.281139168741556,0.19412202307120802,-0.5316561256997407,0.00924827453346544,1.4317530062670552,0.15725863033716886,-3.3405904270425792,-0.285041983364341,-0.6669184198650981,0.6151378941992911,,
r<-15%,nonews,c1,2024-26,535,217,-75.82574136639313,-3.989335867881135,33.90247379840379,-11.737426628014287,-76.98141823653054,0.5196261682242991,-0.6498536509009952,-78.84312848523848,-0.6670187000843298,0.5845481049562683,-1.4762268736385393,0.5878628375926449,-2.0640897112311842,-0.2570930044736028,-0.29942321278945727,-0.06974313951201738,-1.5616271136946906,-0.19940201144991299,0.8883640360458955,0.11077744688600326,-0.3689938190752564,1.295330556612754,0.205607476635514,0.016058394160583942
r<-15%,nonews,c1,2024H1-25H1,274,96,-97.01599155947893,53.88479165814688,30.86668224678616,63.48696094966981,-117.98028591295291,0.5218978102189781,-0.7016324295116713,-121.74166701132303,-0.7275786480568718,0.45989304812834225,1.7702719275577639,0.461071040541093,1.3092008870166703,0.1828823498009989,-0.2037788482030991,0.017089509033477945,2.744279169233624,0.3797015568004918,-2.2313429680988555,-0.311380274375851,-0.3277726218769921,1.1471694051018828,0.16423357664233576,0.012064343163538873
r<-15%,nonews,c1,2025H2-26,261,121,-53.58003809855595,-64.7460827726002,38.09949268525219,-82.05777442846797,-44.453390989121104,0.5172413793103449,-0.26897159608141064,-44.453390989121104,-0.267857837276285,0.7339743589743588,-5.367863257123851,0.7398504404685435,-6.107713697592394,-0.6812029372531938,-0.2994232127894578,-0.16411791505216866,-6.72319426053825,-0.7909838295940294,4.628012816655307,0.5175662025364224,-0.13462522115539466,1.6101074352581288,0.24904214559386972,0.020833333333333332
r<-15%,nonews,c2,2020-23,1571,278,-186.04803744516798,20.86413950601862,-23.02159815396106,7.95233449656818,90.65343603147461,0.4907702100572883,1.0418283869732974,27.320702958456813,0.5546703742801922,0.9423459244532805,3.787046962226677,0.4626171383895646,3.324429823837111,0.23856984244950966,-0.5677801668428439,0.014704869401959586,2.8049409414887174,0.2625481185675474,-4.249664100616243,-0.3053004977894322,-0.7107651610499969,0.6151378941992911,,
r<-15%,nonews,c2,2024-26,535,217,-45.28780183242585,27.897653416270874,27.871410366235427,35.734853241347324,-133.1769164944054,0.508411214953271,-0.9677876829766179,-68.24284594172465,-0.8858613288144029,1.064139941690962,3.007120362678009,0.5379394747077898,2.469180887970219,0.2184152018496095,-0.2988023694589659,0.022832590967721833,1.8905732393835437,0.1751232218181584,-3.5450598373858,-0.31362661937257147,-0.5559286895441593,1.295330556612754,0.205607476635514,0.016058394160583942
r<-15%,nonews,c2,2024H1-25H1,274,96,-13.21845432837821,166.40063342599407,174.45103036106968,185.00321040411123,-190.04440286723715,0.583941605839416,-0.9337475745610468,-108.19296309528286,-0.8469743420804582,0.820855614973262,7.604384580725438,0.41567201270139154,7.1887125680240445,0.6657619862387558,-0.24382636982671013,0.15663192319542407,8.12057518073965,0.7671860531966465,-8.02005659342683,-0.741992388506155,-0.5231104197564369,1.1471694051018828,0.16423357664233576,0.012064343163538873
r<-15%,nonews,c2,2025H2-26,261,121,-78.95447315851418,-117.50394245600557,-143.58392315914855,-128.06635969498788,-88.05891077711735,0.42911877394636017,-0.4727955345382786,-36.113651193889496,-0.38472567247296885,1.3557692307692306,-2.503702770494223,0.6845036759590493,-3.188206446453272,-0.2680897406766823,-0.298691276801625,-0.1173180073243214,-5.577441908267684,-0.5051248227330618,1.8191990945351766,0.15315736403586996,-0.23175553826730622,1.6101074352581288,0.24904214559386972,0.020833333333333332
r<-15%,nonews,c3,2020-23,1571,278,-73.78430480950249,76.03538366401662,-18.043962557068514,59.55768675143415,107.33157034642673,0.4945894334818587,1.0480116804058393,24.22553962457715,0.6446117473213574,1.3180914512922466,3.825521078148179,0.432410224484165,3.3931108536640138,0.20027049009942402,-0.6765545588394304,-0.013486335319028098,3.6099986215491033,0.28699967424525685,-4.257931302632341,-0.25145765083562927,-0.793009009523756,0.6151378941992911,,
r<-15%,nonews,c3,2024-26,535,217,-70.35317395256878,4.159105176653508,29.749782620532322,4.095090882600541,-187.7878525735326,0.5158878504672897,-1.2154050404232404,-91.66531460289808,-1.4853151543804353,1.5,-0.8402258829972883,0.5062680382422734,-1.3464939212395608,-0.10941939790885939,-0.3994938549591446,-0.0776009999640015,-2.4004021840757357,-0.20712738995282393,0.33395784475501566,0.027148670135635336,-0.5118445145934082,1.295330556612754,0.205607476635514,0.016058394160583942
r<-15%,nonews,c3,2024H1-25H1,274,96,-104.6205624645989,80.84777714895583,105.21337866439676,93.7119199584507,-388.4591770467901,0.583941605839416,-1.6600864570255487,-131.27635223537837,-1.2408232163848352,1.1871657754010696,2.988019023670127,0.4001013007393495,2.587917722930781,0.21251820586470524,-0.326243582116047,0.020169322738261997,3.124496948188201,0.2670564601769323,-3.388120324409482,-0.2782178492261318,-0.5063452790286378,1.1471694051018828,0.16423357664233576,0.012064343163538873
r<-15%,nonews,c3,2025H2-26,261,121,-34.37898064875177,-76.34930907779419,-177.08976339070708,-96.2253488104814,-28.577545553427523,0.4444444444444444,-0.1397152205397036,-59.77507244115547,-0.8308318465748892,1.875,-5.429211764707592,0.6335320120438552,-6.062743776751447,-0.4861438141448035,-0.3626034925668209,-0.18253193807108292,-9.023197938776741,-0.7873889966215704,4.795679752663738,0.3848597505019987,-0.24056384010077814,1.6101074352581288,0.24904214559386972,0.020833333333333332
r<-15%,nonews,c5,2020-23,1571,278,153.06941038255277,267.4691694536853,85.4026245258524,249.2567499996471,13.782660639159118,0.5251432208784214,0.118009395098361,-15.325441331610728,-0.5502220312074131,1.9731610337972167,5.440427524727636,0.3896044823568811,5.050823042370755,0.302180229189345,-0.5942460557917597,0.0325258058058866,3.5272373393441043,0.27236617656259376,-5.830032007084515,-0.3488821501395118,-0.8155648640971926,0.6151378941992911,,
r<-15%,nonews,c5,2024-26,535,217,27.60999593267486,17.657100766396585,25.00231905421098,3.3663204579303883,-349.4467913536919,0.5046728971962616,-2.040096424960302,-81.06229307799019,-1.588407464877654,2.237609329446064,8.47387522246955,0.45715991762567193,8.01671530484388,0.47638423654160716,-0.42209080758995,0.12269318278189578,5.554754512226098,0.3618046559574293,-8.931035140095222,-0.5308636896200705,-0.706202994058996,1.295330556612754,0.205607476635514,0.016058394160583942
r<-15%,nonews,c5,2024H1-25H1,274,96,19.781340106359163,93.91682790160746,113.55664551263894,78.11182678058633,-663.2671147015828,0.5364963503649635,-2.33087656989157,-128.57441503342866,-1.5357073939761134,1.7860962566844925,11.612521036927848,0.3649445504428231,11.24757648648502,0.654530310833783,-0.3361309835338824,0.2151094181459039,10.25525476557072,0.6576630018624074,-11.977465587370672,-0.6972566874102173,-0.667757755091468,1.1471694051018828,0.16423357664233576,0.012064343163538873
r<-15%,nonews,c5,2025H2-26,261,121,35.82858480781096,-62.40100358244545,-128.6387303894984,-74.85052825149113,-100.46537778842303,0.47126436781609193,-0.4951304864686171,-39.65887251682231,-0.6430786243355077,2.778846153846154,4.711524150009937,0.5677001334153688,4.143824016594566,0.25243236062325025,-0.37208575112248754,0.02112748909189155,-0.07981950941136941,-0.005294204421312693,-5.279224283425299,-0.321644583055943,-0.3910627696760466,1.6101074352581288,0.24904214559386972,0.020833333333333332
r<-15%,news,on,2020-23,1220,496,101.95225791915605,70.81885888922221,20.11211237795374,59.51659676536233,25.0026236489013,0.5467213114754098,1.0839006363230224,25.0026236489013,1.0828074432699677,1.0516898608349903,8.241961539052657,0.9763898450859025,7.265571693966755,0.8152578695815066,-0.2492149757146348,0.1733417533830477,6.585386842185694,0.8740091683445589,-9.21835138413856,-1.0293634325087888,-0.6670934824068186,0.6151378941992911,,
r<-15%,news,on,2024-26,1320,462,14.010934055531527,9.603527711133157,2.819692308684428,7.295241970665445,6.865786796512528,0.5083333333333333,0.4247278593717356,6.865786796512528,0.4242679481817613,1.8571428571428572,3.568944497478211,1.6679496128427043,1.9009948846355071,0.4210415487909106,-0.12896985769815195,0.04229507751173256,0.9082239432100567,0.24066710075341813,-5.2368941103209155,-1.1571563503012186,-0.30581613503655214,1.295330556612754,0.13560606060606062,0.026131386861313867
r<-15%,news,on,2024H1-25H1,613,241,14.491691499065293,15.149920925706276,6.679273020669309,10.765380196001521,18.560086404789736,0.5269168026101142,0.908436151642396,18.560086404789736,0.9065494701631704,1.6256684491978612,3.8895126228980987,1.4573528242621194,2.4321597986359795,0.517181980669652,-0.12896985769815195,0.05576057946142532,2.050289292385194,0.5264870288125968,-5.3468654471602175,-1.1376914656262846,-0.18527370019613743,1.1471694051018828,0.1566068515497553,0.025737265415549597
r<-15%,news,on,2025H2-26,707,221,13.594096272099844,4.794561600053501,-3.004043267848225,3.249055854567025,-5.886820468622348,0.49222065063649223,-0.231940442457271,-5.886820468622348,-0.23141509536718383,2.134615384615385,3.184673731750526,1.9203957632566113,1.2642779684939158,0.29495931475180137,-0.07928512718759906,0.0263798738419716,-0.46079028945501244,-0.12699568028597732,-5.105069495007138,-1.1830399642027474,-0.17038353292377284,1.6101074352581288,0.1173974540311174,0.0266025641025641
r<-15%,news,c1,2020-23,1220,496,111.86355161342604,37.420105721418736,-3.6718026411750473,29.4943304375717,53.6215926475064,0.49918032786885247,1.575464412210281,54.63371334637131,1.603986948887496,1.0516898608349903,6.8292301396768345,0.9826169165891873,5.846613223087649,0.5975774140881317,-0.28374745021662995,0.12431668394583806,4.028330741480624,0.4866574719437689,-7.811847056266024,-0.7994798661353988,-0.6156985036894632,0.6151378941992911,,
r<-15%,news,c1,2024-26,1320,462,-17.80885625685872,-21.537397093953807,-18.200156434646512,-23.799848340877013,-33.4704676337705,0.4825757575757576,-1.0745512926058018,-34.132356010256686,-1.096738031471919,1.8571428571428572,-3.813611687782143,1.7031230843449476,-5.5167347721270925,-0.6923611542895333,-0.45094472188804224,-0.1471419588682401,-6.296289083155231,-0.8827277124824776,2.110488603437197,0.26515136494454167,-0.2277090544338748,1.295330556612754,0.13560606060606062,0.026131386861313867
r<-15%,news,c1,2024H1-25H1,613,241,9.59081421711503,14.754341507432079,-7.399964730939578,-3.1829449502946523,19.715008951046897,0.4910277324632953,0.5183950179768032,18.228894096096806,0.479944063749824,1.6256684491978612,2.0829361120077032,1.4884480498053811,0.5944880622023214,0.07599453287121377,-0.19536702002496686,-0.004233988950198997,0.6066772800000358,0.08570923292423847,-3.571384161813083,-0.45724892792631144,-0.2277090544338748,1.1471694051018828,0.1566068515497553,0.025737265415549597
r<-15%,news,c1,2025H2-26,707,221,-41.56557195777232,-53.003925753995595,-31.500763266842785,-45.88759624487005,-91.46910952038132,0.4752475247524752,-1.832730115695319,-91.46910952038132,-1.8285789662752565,2.134615384615385,-10.881909370863562,1.960457901389171,-12.842367272252735,-1.5801666381801396,-0.3741648459884396,-0.29168515154681807,-14.570998762065708,-2.031051721246253,8.921451469474395,1.0978450997922657,-0.1119735127650443,1.6101074352581288,0.1173974540311174,0.0266025641025641
r<-15%,news,c2,2020-23,1220,496,18.760671657022996,56.66223077762718,-17.780769970312846,50.126105720692536,77.60819024183101,0.4901639344262295,1.8957749439792904,46.523899494705105,2.1644297388726748,1.9562624254473162,8.088005050746805,0.9139530424095291,7.174052008337276,0.6038525092617941,-0.4264280554412542,0.1458803816696137,5.056214032152412,0.554362791936901,-9.001958093156334,-0.7589657661301258,-0.7813711839683445,0.6151378941992911,,
r<-15%,news,c2,2024-26,1320,462,-29.643760099324275,-36.66130160635565,-52.99602983170766,-43.263988755033445,-61.904195202577334,0.4643939393939394,-1.4285096148408165,-14.815415209946888,-0.5848452088226986,3.2361516034985427,-5.5243046005283,1.4828705865162108,-7.007175187044512,-0.6301806327264422,-0.5399549995450827,-0.19477378813188206,-7.995334020486673,-0.80428771065819,4.041434014012091,0.36406871829103027,-0.29117787454445876,1.295330556612754,0.13560606060606062,0.026131386861313867
r<-15%,news,c2,2024H1-25H1,613,241,-16.758802978967758,-5.291299526609072,-30.75252291417887,-18.99240318497408,-5.950298935228242,0.4796084828711256,-0.12123041050099481,-6.801642000499823,-0.25032108526431057,2.978609625668449,-1.1199916253026285,1.362627134922354,-2.4826187602249807,-0.2154198318146658,-0.3943666806785404,-0.10066711836923681,-2.4505532249578867,-0.23431491791705195,-0.24263550961972427,-0.0211171732000772,-0.29117787454445876,1.1471694051018828,0.1566068515497553,0.025737265415549597
r<-15%,news,c2,2025H2-26,707,221,-40.81558289250468,-63.86046889756449,-95.8429125777019,-68.27317279081821,-122.92179248959602,0.4512022630834512,-1.6918130423886344,-23.999082318583316,-0.5379231896009593,3.5448717948717947,-10.803833615702661,1.6270085701575647,-12.430842185860232,-1.1703479568400477,-0.4334063725936612,-0.2946959740266548,-14.641962281793615,-1.5774571078217625,9.176825045545101,0.8637240922983079,-0.18494934891893822,1.6101074352581288,0.1173974540311174,0.0266025641025641
r<-15%,news,c3,2020-23,1220,496,18.884440209855523,49.87882599950418,-14.743824858647914,50.92813175646165,58.693794811010314,0.48688524590163934,1.208699068105374,19.28277245471684,1.1029197379241928,2.7365805168986093,12.279544626585471,0.852441773476231,11.427102853109238,0.7871718227637068,-0.38710890026477995,0.25207595701446106,9.139405890061775,0.7810001412093399,-13.131986400061702,-0.9056991654611556,-0.851021054437464,0.6151378941992911,,
r<-15%,news,c3,2024-26,1320,462,-9.532691491159149,-20.283884325857272,-71.33593210663183,-31.923916361402057,-78.07682534594719,0.4590909090909091,-1.6223314587024045,-18.94600179397494,-0.8396600241554328,4.345481049562682,-5.053125451505145,1.326705547810991,-6.379830999316136,-0.4754892347558422,-0.6097903778418726,-0.1964383775539117,-7.448541078498219,-0.6190663752877512,3.726419903694153,0.27780746289826364,-0.2979032134711096,1.295330556612754,0.13560606060606062,0.026131386861313867
r<-15%,news,c3,2024H1-25H1,613,241,-25.977652469855645,-18.684789371965483,-67.03496155328205,-29.049112360595466,-52.30952493656239,0.4600326264274062,-0.9296434051596425,-17.00201842926689,-0.6744681900491307,4.042780748663101,-2.8015118599296724,1.2342813036021063,-4.035793163531781,-0.302538406643298,-0.45564851320983646,-0.1477030984817086,-4.793417121694987,-0.3959950500040437,1.5672305563275695,0.11751794019648215,-0.28234119515376477,1.1471694051018828,0.1566068515497553,0.025737265415549597
r<-15%,news,c3,2025H2-26,707,221,4.725810743552257,-21.67036976678467,-75.63690265998164,-36.1273914407347,-106.17600814532153,0.4582743988684583,-1.3297666208303132,-21.207502441585273,-0.54278293837553,4.708333333333333,-7.752175077303947,1.4374961482408721,-9.189671225544817,-0.6792471792825155,-0.4551680887547572,-0.2511998821663054,-10.63128582158927,-0.8888798229356575,6.314678929063072,0.4668641331335036,-0.29790321347110915,1.6101074352581288,0.1173974540311174,0.0266025641025641
r<-15%,news,c5,2020-23,1220,496,110.92291226834982,127.05727233018477,-30.03938516968489,128.1912039927726,2.8092274098360575,0.48688524590163934,0.04857397868782373,-2.9647058004166826,-0.22089134800529242,4.084493041749503,8.645649454801825,0.7631926431333569,7.882456811668471,0.49698396137858497,-0.48856644914238234,0.12767092656097523,5.84197753582574,0.48306450330937634,-9.408842097935185,-0.5935801880259227,-0.834999011868062,0.6151378941992911,,
r<-15%,news,c5,2024-26,1320,462,32.85889565043697,1.1014968126327151,-82.40436290006011,-26.002661735775956,-84.00003698047686,0.4636363636363636,-1.3567574268884877,-11.154242885595517,-0.7523136879848633,6.001457725947521,-1.3473741386005889,1.1008250502733727,-2.44819918887396,-0.14736640856986583,-0.6045127988929633,-0.1376299576713199,-5.295361103282429,-0.3689039527643588,0.2465490883272155,0.014849611958644676,-0.5669558198936417,1.295330556612754,0.13560606060606062,0.026131386861313867
r<-15%,news,c5,2024H1-25H1,613,241,116.94681355689563,86.4342711762805,-51.43555267300037,31.49880406145534,22.751576974990346,0.4796084828711256,0.26208197459549853,14.247805200079851,0.8273108582273887,5.697860962566845,12.38676174942407,1.043157910089442,11.343603839334625,0.6394017042242862,-0.2593448488408039,0.20659241665166306,8.794382890388587,0.5735536292671196,-13.429919659513509,-0.7575018920809838,-0.56178995734009,1.1471694051018828,0.1566068515497553,0.025737265415549597
r<-15%,news,c5,2025H2-26,707,221,-40.04901619773718,-72.88576016744662,-92.86802686427197,-77.86557583757235,-200.4124304794253,0.4497878359264498,-2.3259424602726373,-40.50772067348706,-1.6244391463277115,6.365384615384615,-17.810729337707066,1.1699516862630845,-18.980681023970153,-1.2559012033205441,-0.6038331862939947,-0.4234455163150037,-22.184990121336792,-1.7026468373669517,16.640777651443976,1.1015450637979145,-0.2674016516833978,1.6101074352581288,0.1173974540311174,0.0266025641025641
z<-3,all,on,2020-23,14074,898,48.33793296043402,0.261252065265406,-3.4680826692420754,0.5679704187938447,4.900533825528901,0.4797498934204917,0.934686113556766,4.9005338255289015,0.9341655420245691,5.421471172962226,1.5669918851257103,4.7713209307691455,-3.2043290456434352,-0.29043718678224184,-0.48754832641422163,-0.11632788321906384,-4.140533654227542,-0.4940927994202963,-6.338312815894854,-0.574722271313592,-0.6829970256211777,0.6151378941992911,,
z<-3,all,on,2024-26,12227,662,-15.86765039930697,5.218499082760795,1.995249373164345,6.297263854491687,1.144872927066139,0.509119162509201,0.1256188326469757,1.14487292706614,0.12552391851733288,7.3979591836734695,10.449037579204344,6.462232911204457,3.986804667999884,0.6108857560411713,-0.1484274804635446,0.09096058775794202,-2.1495276776570607,-0.40190700096328386,-16.9112704904088,-2.5826595942181907,-0.708839567737517,1.295330556612754,0.022654780404023883,0.04043795620437956
z<-3,all,on,2024H1-25H1,6679,356,-44.499893463319054,5.706791182125649,2.272880158156604,5.016002616126545,7.027237511730588,0.5107051953885312,0.4575760755035397,7.027237511730588,0.45693296053286625,6.938502673796791,13.812604121800183,6.043870594667242,7.768733527132942,1.0618635867398327,-0.13425426570650245,0.19601421519106177,2.0197712240853805,0.33479078616920616,-19.85647471646743,-2.7051804302686495,-0.5565833943890117,1.1471694051018828,0.023656235963467585,0.042359249329758715
z<-3,all,on,2025H2-26,5548,306,18.60148287836727,4.630665100846975,1.519781322406134,7.623366985699755,-5.698662341367013,0.507209805335256,-0.6848224248107546,-5.698662341367013,-0.683702518215435,7.948717948717948,6.417069992887528,6.9637313291048395,-0.54666133621731,-0.10070693473482185,-0.1484274804635447,-0.022880873794944634,-7.14734110474576,-1.632468157514182,-13.380801321992367,-2.454126661936029,-0.3640810320752845,1.6101074352581288,0.021449170872386444,0.038141025641025644
z<-3,all,c1,2020-23,14074,898,62.65196846708779,2.9822382117398676,-0.3109996144484923,3.5265840363981744,9.856269190221575,0.4994315759556629,1.0040093765501987,10.025602684659727,1.0216748637999586,5.421471172962226,0.7282747900372675,4.832024935059708,-4.103750145022444,-0.2834555952102953,-0.6573025988212423,-0.17089999871015948,-4.863332899849882,-0.45722355140600285,-5.560299725096972,-0.3853974753278405,-0.7379413001609766,0.6151378941992911,,
z<-3,all,c1,2024-26,12227,662,-19.21436858331099,0.7770542335822108,-0.265889925508897,0.8197730728842889,-3.6476296151845786,0.4992230309969739,-0.33835292765000313,-3.6476296151845786,-0.33809727749816415,7.3979591836734695,1.426662756591926,6.561259932698731,-5.134597176106804,-0.5129019805912336,-0.5400233514841881,-0.14886771482741457,-10.156635852766964,-1.1988374067281091,-7.9879226892906585,-0.8007563664793765,-0.5421804615010912,1.295330556612754,0.022654780404023883,0.04043795620437956
z<-3,all,c1,2024H1-25H1,6679,356,-60.14598686864403,-6.577816947079974,-8.787832556366856,-7.243132370932566,1.9274861756330457,0.4788141937415781,0.11212216413716239,1.726418515685371,0.10000960657185182,6.938502673796791,5.545211136213133,6.143695203441988,-0.5984840672288566,-0.05988876762246611,-0.3935628420481905,-0.04545507465050724,-5.509000933701343,-0.6546613591219769,-11.68890633965512,-1.1733600014989796,-0.48093656753401093,1.1471694051018828,0.023656235963467585,0.042359249329758715
z<-3,all,c1,2025H2-26,5548,306,30.061456674032087,9.631269196747805,15.723430005211013,10.942599009972112,-10.133712038488744,0.5237923576063447,-0.845380589949625,-9.861919799089575,-0.8238377418796937,7.948717948717948,-3.510315108723237,7.061802268410339,-10.572117377133576,-1.0532874929572738,-0.3578031399137517,-0.2581745317379921,-15.727839249339219,-1.8416213211860848,-3.5514871596871056,-0.35512990833511476,-0.2959159030239574,1.6101074352581288,0.021449170872386444,0.038141025641025644
z<-3,all,c2,2020-23,14074,898,-77.25043528557958,-12.214021227343943,-8.44526278204753,-15.871776838405623,8.579804614924868,0.48770783004121077,0.5373926696673605,-1.2774806117187985,-0.1680506857857134,7.362823061630218,3.1061729494909622,3.289513919154408,-0.1833409696634476,-0.013775092970335518,-0.47460536878997817,-0.05862881156898958,-2.3441783615465828,-0.25421768130538736,-6.395686868645369,-0.4818389020823041,-0.740501653775596,0.6151378941992911,,
z<-3,all,c2,2024-26,12227,662,-17.96496474558037,5.72948120882843,3.2473667625495217,5.740937192302307,-8.342596243611505,0.5050298519669584,-0.6815974043572515,-3.293793846661717,-0.6646492630077656,8.927113702623906,7.284560167471845,3.9749289756961192,3.309631191775726,0.3253584102128195,-0.4112754738032508,0.05193278126672518,-2.338235282266893,-0.2660226759358811,-11.259489143167967,-1.1084837802440861,-0.6460941059747398,1.295330556612754,0.022654780404023883,0.04043795620437956
z<-3,all,c2,2024H1-25H1,6679,356,-74.92454918687642,-2.141205711193677,0.20164024711902262,-2.9895833726072634,-6.644535616135062,0.5000748615062135,-0.34561166706129487,-7.800507403130859,-1.0579915467364025,8.649732620320856,5.5946676056711535,3.848028456846023,1.746639148825132,0.17645456688443548,-0.3774843164348435,0.01310764076087989,-4.118406772701147,-0.4657547771402518,-9.442696062517179,-0.9559012510454189,-0.42633069995770445,1.1471694051018828,0.023656235963467585,0.042359249329758715
z<-3,all,c2,2025H2-26,5548,306,50.60624370492727,15.204664687348194,9.385683771466411,15.541415718471102,-10.318117757930501,0.5109949531362653,-0.7279848478280949,2.019232678376984,0.3151841671382835,9.259615384615383,9.310264712707292,4.127046905343349,5.183217807363943,0.4933679215762657,-0.281513255432716,0.10043888536931789,-0.20431176488736974,-0.023381583629133076,-13.437311618050638,-1.2801310407389486,-0.5268041766435763,1.6101074352581288,0.021449170872386444,0.038141025641025644
z<-3,all,c3,2020-23,14074,898,-99.59823710088283,-9.033191137557896,-4.571559069757518,-12.418594350204215,8.863224955773878,0.4946710245843399,0.5464691337432886,-1.0175459964914195,-0.2147575669907535,8.186878727634195,1.9212661970779081,2.4410341034589655,-0.5197679063810592,-0.033384157197814346,-0.6609729317698934,-0.09007454281445837,-3.1214405717150076,-0.29193682893768846,-4.362300300536874,-0.2805166631897739,-0.7851196421140135,0.6151378941992911,,
z<-3,all,c3,2024-26,12227,662,2.5042732721529632,-5.404137341400007,-9.619650841554435,-6.651343931769601,-11.12036684631821,0.4889179684305226,-0.8198937119801892,-1.189700213507221,-0.33507661498369506,9.402332361516034,4.152993071544243,2.790532853756285,1.3624602177879586,0.1335060984414923,-0.42774492457749,0.0015563086711349872,-4.730601103270149,-0.5189228052203434,-6.943525925300527,-0.6805602826094406,-0.5953351310487446,1.295330556612754,0.022654780404023883,0.04043795620437956
z<-3,all,c3,2024H1-25H1,6679,356,-47.4986198940358,-19.87512911283193,-15.511318310480263,-22.231203007785492,-10.713891197119192,0.4801617008534212,-0.5160279610834684,-3.3229121739380916,-0.6440882990389528,9.200534759358288,-3.5736752434792556,2.7306985259693572,-6.304373769448612,-0.648337203920307,-0.42774492457749,-0.17206937877437078,-11.621385782293318,-1.3148572536755339,0.8429767175098991,0.08668743373838841,-0.30441494834246563,1.1471694051018828,0.023656235963467585,0.042359249329758715
z<-3,all,c3,2025H2-26,5548,306,62.70061852395083,12.016870957337167,-0.5572339262510184,12.084599243800959,-11.593260085255638,0.4994592645998558,-0.6956620434893376,1.322749428778026,0.27632319405123484,9.644230769230768,13.415089064553182,2.862257336423948,10.552831728129236,0.9824803370344296,-0.1897013129090619,0.2583083530823258,3.529506172225571,0.3744350548499423,-16.277346400977127,-1.5163884242848635,-0.5064033267756889,1.6101074352581288,0.021449170872386444,0.038141025641025644
z<-3,all,c5,2020-23,14074,898,-145.80880383237073,-4.300262517324647,-9.930712336400282,-14.14639583800536,-0.7823267116695154,0.4919710103737388,-0.05075107508996552,-1.1023732414459109,-0.3056025368901452,8.992047713717692,6.898467284934202,1.6140397154076203,5.284427569526581,0.3725333970543166,-0.49584143377416223,0.07256142271639154,1.244307679039661,0.13624245976836782,-8.51250700034182,-0.6001530194001742,-0.8076923368915256,0.6151378941992911,,
z<-3,all,c5,2024-26,12226,661,35.73230650420944,4.461462733131719,-8.614687843478842,2.4428168916700534,-16.03305045417674,0.49247505316538526,-1.0526096635894198,0.625831326272361,0.24331482786676698,9.698250728862973,8.100979416270217,1.729963603172636,6.371015813097579,0.6111155302859004,-0.34713317668327703,0.1344434568641113,0.5281447363854973,0.06136251181049737,-9.830943019442854,-0.943882317911821,-0.6811078246133286,1.295330556612754,0.022654780404023883,0.04043795620437956
z<-3,all,c5,2024H1-25H1,6679,356,14.583863944344442,-4.307313229935088,-16.81782541055183,-7.738542295595582,-18.75016768851322,0.4827069920646803,-0.808644605679978,-1.8364568540403414,-0.5241493917640354,9.609625668449198,-4.41521214642942,1.7135307393609525,-6.128742885790371,-0.6405977788760489,-0.34713317668327703,-0.16769939870477513,-11.029264054657316,-1.4828481258469641,2.7016814070684667,0.28238637858237253,-0.23396660755027732,1.1471694051018828,0.023656235963467585,0.042359249329758715
z<-3,all,c5,2025H2-26,5547,305,61.19660213379991,15.019720288084518,3.9711884217927262,13.999878411654453,-12.861595583934815,0.5042365242473409,-0.6839223721628999,3.5493099911515698,0.9372034585014981,9.804487179487179,23.104362892070426,1.749661971972539,21.354700920097887,1.8877389290716184,-0.21361994255588912,0.6444231826087841,14.382218094879129,1.4723840754296866,-24.854024864042966,-2.201038264932082,-0.6515080590241553,1.6101074352581288,0.021449170872386444,0.038141025641025644
z<-3,nonews,on,2020-23,8650,713,63.22200711831267,-3.7583307201133413,-3.668190287241026,-1.1873006676012454,6.882405801550477,0.47895953757225435,0.6178237507648249,6.882405801550477,0.6173903422577737,3.1292246520874745,0.1790875182678363,2.762374016778844,-2.5832864985110064,-0.2865464277135584,-0.39704755217007437,-0.09119859991823853,-3.299868542197367,-0.5075946497981622,-2.9414615350466797,-0.3264125393393871,-0.5111362086542576,0.6151378941992911,,
z<-3,nonews,on,2024-26,6395,569,-31.230921031817974,7.806978321832079,2.141602486608136,7.520295576077699,-0.6480902448834611,0.51164972634871,-0.032705037746342425,-0.6480902448834611,-0.032676286059249535,4.408163265306122,5.113905924531599,3.8653592776974164,1.2485466468341826,0.22004708246624644,-0.2166750849929523,0.02161949589196266,-0.47056539258477553,-0.09683071890447478,-8.979265202229017,-1.576964800620634,-0.4904399283070088,1.295330556612754,0.012822517591868648,0.01197080291970803
z<-3,nonews,on,2024H1-25H1,3617,294,-75.57560522148076,6.1163740260346,0.9142444443045739,4.092886685908097,3.0599956661639114,0.5040088471108654,0.08240654641479903,3.0599956661639114,0.08226627985113334,3.692513368983957,4.312764775013267,3.221731043881911,1.0910337311313567,0.1693052853798507,-0.13279481781035485,0.014708981323232395,0.8443523380532468,0.14813209267324062,-7.534495818895179,-1.1689417582874084,-0.30765217072266604,1.1471694051018828,0.010782416367155101,0.010455764075067025
z<-3,nonews,on,2025H2-26,2778,275,26.50656014673144,10.008171891990278,3.605860198380587,12.369794469568511,-4.612371182512289,0.521598272138229,-0.4500158749017348,-4.612371182512289,-0.449196919036707,5.2660256410256405,6.074248199915752,4.636887993873695,1.4373602060420587,0.31288639903751453,-0.15068449443648668,0.029965302257731752,-2.0467808773880454,-0.5669855048069838,-10.711136193789446,-2.3067097515450055,-0.29183708192785196,1.6101074352581288,0.015478761699064075,0.013782051282051282
z<-3,nonews,c1,2020-23,8650,713,81.31924764490215,-0.7532861798821436,-2.415388152721917,-0.20647078547453881,-5.504324413034236,0.4966473988439306,-0.3510485056506308,-5.504324413034233,-0.3508022422000134,3.1292246520874745,-3.1744071564173004,2.78668570634622,-5.961092862763521,-0.45807898958397913,-0.6216354389386105,-0.1971941422763518,-6.333846929651226,-0.662004151621113,0.3877214500710796,0.029915494159052154,-0.5188638834911858,0.6151378941992911,,
z<-3,nonews,c1,2024-26,6395,569,-34.139391446338784,1.7274362200163795,0.3204171176156268,1.4209488970962036,-13.96545223099215,0.5005473025801407,-0.6564698484998762,-13.965452230992147,-0.655892732037991,4.408163265306122,0.38781293783346776,3.8998169963978473,-3.51200405856438,-0.42899478913503775,-0.3331130712742343,-0.10387664922159068,-6.672882332567045,-1.0115973065096169,-4.287629934231315,-0.5265235923452811,-0.38885340760524356,1.295330556612754,0.012822517591868648,0.01197080291970803
z<-3,nonews,c1,2024H1-25H1,3617,294,-96.98507818672202,-10.842155704673402,-12.661322277119433,-12.252822254831123,-27.075864432829267,0.467238042576721,-0.6954444154248108,-27.776676418976056,-0.7099183611243343,3.692513368983957,-3.4749867474737752,3.2539040915468798,-6.728890839020654,-0.8319625474461145,-0.30744429972277565,-0.17315365923559245,-8.050183572536051,-1.2206016581098225,0.22108265592689458,0.02747232069489951,-0.17983162593923585,1.1471694051018828,0.010782416367155101,0.010455764075067025
z<-3,nonews,c1,2025H2-26,2778,275,47.68668808568649,18.09324399237165,27.509406377869798,19.437497723262922,0.0507702684264457,0.5439164866810655,0.003557905781994314,0.6964633019038132,0.04884562254943573,5.2660256410256405,5.018220252913303,4.6740843887512495,0.34413586416204983,0.04141347464332439,-0.18267162945846704,-0.013142200490110278,-5.021886615424714,-0.7601067481404172,-9.692304641664553,-1.1738680097956522,-0.32024047481897855,1.6101074352581288,0.015478761699064075,0.013782051282051282
z<-3,nonews,c2,2020-23,8650,713,-121.46205559891295,-24.156485046781146,-5.793325001870312,-27.718859802562875,-6.662303778638554,0.49086705202312136,-0.3125279803090332,-7.610868278309382,-0.6500206736466154,4.911530815109344,-2.6833654659192105,2.192507747651095,-4.875873213570306,-0.4099819480750742,-0.5380816899432024,-0.15566592346217767,-5.8974129178812555,-0.7623320754199878,0.49085771826811664,0.041455194671451694,-0.5457141978002022,0.6151378941992911,,
z<-3,nonews,c2,2024-26,6395,569,-33.64010011076799,11.424264411454496,8.438106245269516,10.789273918262497,-7.726645663906269,0.5114933541829554,-0.31348467070841735,-9.063322595053258,-0.8722807194510884,6.4533527696793005,-2.307370549005693,2.859743713255179,-5.16711426226087,-0.572581776808626,-0.44351290038627167,-0.1444283527916599,-8.323467964096285,-1.1030434881913258,-0.5523731642494869,-0.061462793436112835,-0.3317767437369006,1.295330556612754,0.012822517591868648,0.01197080291970803
z<-3,nonews,c2,2024H1-25H1,3617,294,-120.0039278824153,-3.1965431048527964,0.23682211215467555,-4.771530362918809,-31.518661884761332,0.5006911805363561,-0.7206613775559042,-29.84186568212806,-1.678193638788265,5.663101604278075,-7.540847966935891,2.5015890477175384,-10.042437014653425,-1.207447549759342,-0.3506135717648998,-0.24048020344797816,-11.564419079980144,-1.5974062064518435,5.039258919218349,0.6078279734105004,-0.16233063043518803,1.1471694051018828,0.010782416367155101,0.010455764075067025
z<-3,nonews,c2,2025H2-26,2778,275,78.80697154151721,30.46078737275164,20.921192412173856,32.11325842229465,17.70918258675332,0.5255579553635709,0.8796196674042833,14.01642721827738,1.4919525300154124,7.4006410256410255,3.966092766077301,3.289070139252223,0.6770226268250775,0.06904185485065632,-0.2184342907620579,-0.013150732597954073,-4.438481690568838,-0.5616654600510259,-7.255162905329525,-0.7438429717908724,-0.31774194692747915,1.6101074352581288,0.015478761699064075,0.013782051282051282
z<-3,nonews,c3,2020-23,8650,713,-157.19166082795903,-18.519163705416602,-2.124324997902615,-22.193337877297235,8.503754397539101,0.496878612716763,0.3829099609031265,4.648220390590136,0.48263559069740825,5.9483101391650095,-2.335530155262137,1.7718512870208407,-4.1073814422829775,-0.2568114342837005,-0.7390844346736783,-0.180170420591097,-5.923766982081902,-0.5457089892931865,0.5636788682412969,0.03527931532459453,-0.7277601566371643,0.6151378941992911,,
z<-3,nonews,c3,2024-26,6395,569,-8.146099643128004,-7.8044733002268725,-10.748119671418392,-9.339928891103284,0.1152902472610748,0.48803752931978106,0.004342284985502475,-5.183036046890534,-0.6120461636154305,7.438775510204081,4.779412484223007,2.202514205590629,2.5768982786323793,0.28692789337633445,-0.3191428565056137,0.040269442505480146,-2.5829737089153464,-0.3662567931684911,-6.981926689813639,-0.7774837730335938,-0.5022307054646489,1.295330556612754,0.012822517591868648,0.01197080291970803
z<-3,nonews,c3,2024H1-25H1,3617,294,-80.22533121021539,-29.955503214008097,-20.68042509026053,-32.43349773975178,-22.91416654890943,0.47083218136577276,-0.4930151914358816,-19.163252788723664,-1.3154935997328234,6.7486631016042775,-3.1169531576573326,1.9885978590995872,-5.10555101675692,-0.5598622520303894,-0.3191428565056137,-0.1435354213782224,-8.516009679539419,-1.1962673884769226,1.1283552985577439,0.1237164816480497,-0.23969924433478906,1.1471694051018828,0.010782416367155101,0.010455764075067025
z<-3,nonews,c3,2025H2-26,2778,275,85.70220150091629,21.036518491762575,9.53438665594491,22.37989016052242,24.735873149348823,0.5104391648668106,1.0666508624456468,10.6791329486509,1.47366174572299,8.26602564102564,14.244927708784697,2.458939569653609,11.785988139131089,1.3405637779909998,-0.1103775915255788,0.31329203959029317,4.529062999460946,0.651029027109705,-16.703867278438302,-1.9015361604334193,-0.4737024842600288,1.6101074352581288,0.015478761699064075,0.013782051282051282
z<-3,nonews,c5,2020-23,8650,713,-227.82251853232557,-18.1258803614756,-8.699667401007167,-30.34116256627885,-3.412591362884289,0.4932947976878613,-0.1568055020959153,-3.9629507519851765,-0.8115113908227264,7.354870775347911,-0.28508589275855467,1.3200937947980453,-1.6051796875566,-0.11938193375468027,-0.5859737156296915,-0.09483915141513066,-4.387492637571556,-0.5331209988827943,-1.0350079020394911,-0.07709241963753864,-0.6751221106784269,0.6151378941992911,,
z<-3,nonews,c5,2024-26,6395,569,33.189036058523776,3.9777131780075448,-5.232412681403231,3.5323316544356342,-1.2573584140697045,0.4946051602814699,-0.04189823715375548,-4.395663306334897,-0.5788170986822015,8.507288629737609,6.445982472151814,1.5155740134222515,4.930408458729563,0.5191692562818425,-0.3586854759399173,0.10032250044327817,0.08497111392857934,0.010848184910912998,-7.961556485574065,-0.8402906378749042,-0.5436786554990549,1.295330556612754,0.012822517591868648,0.01197080291970803
z<-3,nonews,c5,2024H1-25H1,3617,294,-3.5704557382841573,-10.95540647321303,-15.367837602631601,-14.215847495743699,-33.49224541641901,0.4813381255183854,-0.641711172875358,-14.886294715963773,-1.1176892790048347,7.967914438502674,-1.3897409235796223,1.4119136517060633,-2.801654575285687,-0.3050926715561453,-0.32860122252567103,-0.09277647467313799,-6.028605541366322,-0.8105296931743547,-0.022172728126439754,-0.0024216645369825388,-0.2641664885230548,1.1471694051018828,0.010782416367155101,0.010455764075067025
z<-3,nonews,c5,2025H2-26,2778,275,81.05047660173987,23.42087148559028,13.008771987227142,25.069369064436557,33.20466623571464,0.5118790496760259,1.268405866985264,7.82675487567716,1.4528736732582381,9.153846153846153,15.838804747804238,1.639833549582041,14.1989711982222,1.4425799716311523,-0.1676475215298434,0.38668998599282767,7.413425181493623,0.8964464372890314,-17.47863829738628,-1.7790801120575093,-0.5436786554990547,1.6101074352581288,0.015478761699064075,0.013782051282051282
z<-3,news,on,2020-23,5424,835,24.601347144495556,6.671538033835861,-3.241642477912023,4.334828846297103,4.0651233094362995,0.4810103244837758,0.8563771467758835,4.0651233094362995,0.8558641924640467,3.872763419483101,2.3108549901765034,3.384826197301891,-1.0739712071253884,-0.13011157645119814,-0.43422538130027344,-0.04645419791538796,-2.351887899756728,-0.3798097091399248,-5.695681187478395,-0.6893340293004724,-0.5685585586527712,0.6151378941992911,,
z<-3,news,on,2024-26,5832,646,0.9787343220421004,2.3801375028806757,1.6949930819327483,4.832761220886974,4.099160890550718,0.5063443072702332,1.0970949440210962,4.099160890550717,1.09624547045662,5.518950437317783,6.781666615154382,4.79952053279988,1.982146082354502,0.4488178394953012,-0.16115881830388468,0.044693033949428695,-2.9407758484413997,-0.9848703564201519,-11.58118714795426,-2.6078132981735807,-0.5720801165272742,1.295330556612754,0.03343621399176955,0.02846715328467153
z<-3,news,on,2024H1-25H1,3062,347,-7.791582088638839,5.222969775718507,3.6919661251751044,6.67437319996768,8.455303037087349,0.5186152841280209,1.6764787187279926,8.455303037087349,1.6740613004283342,5.414438502673797,10.95668643030822,4.7009688219284635,6.255717608379757,1.3865496590839514,-0.11435245462911214,0.16311078058520145,1.6371081000131287,0.627098582296285,-15.657655252236681,-3.4271492437006,-0.45827921483778666,1.1471694051018828,0.03886348791639451,0.03190348525469169
z<-3,news,on,2025H2-26,2770,299,10.673575061935617,-0.7623723958303126,-1.5055789017086973,2.444710287557796,-0.9562950453964775,0.4927797833935018,-0.17245803043305852,-0.9562950453964779,-0.1721693975438516,5.644230769230769,1.7769954264763819,4.917656237498308,-3.1406608110219256,-0.7330778237449702,-0.1611588183038849,-0.08147786802075663,-8.428367504601637,-2.513512317211121,-6.69465166397469,-1.5679300390169004,-0.21030881917181699,1.6101074352581288,0.027436823104693142,0.02435897435897436
z<-3,news,c1,2020-23,5424,835,32.88206343609704,8.939518076697532,2.2402002921385207,9.266493668617933,16.478196549595438,0.5038716814159292,1.7480099698626408,16.65236985598363,1.767241782877984,3.872763419483101,4.350173193181531,3.4301056747408087,0.9200675184407227,0.09873305589346469,-0.37349490590530743,-0.0045897803108814195,-0.8677275542939966,-0.13589356774144673,-7.780278867922339,-0.8379418216870744,-0.6808241215491018,0.6151378941992911,,
z<-3,news,c1,2024-26,5832,646,-2.8485384720176485,-0.26507416203618733,-1.0480381091085593,-0.6053910292524821,7.687546193579673,0.4977709190672154,0.9144674326600323,7.687546193579673,0.9137593664039148,5.518950437317783,3.9923925131587414,4.878843638570246,-0.8864511254115045,-0.11473863348799095,-0.3574966405931852,-0.040440429904864295,-4.681573171995514,-0.7278666753297977,-8.87123615172899,-1.1534635220620837,-0.5126798019186067,1.295330556612754,0.03343621399176955,0.02846715328467153
z<-3,news,c1,2024H1-25H1,3062,347,-16.629659860973195,-1.5405493813662419,-3.525584608846896,-2.324480911191909,10.247044922294773,0.4924885695623775,0.9067758301235339,10.671471580004274,0.9409127915359807,5.414438502673797,8.904933887391984,4.781605363720879,4.123328523671104,0.5512965074405991,-0.2672622183867578,0.09003054754509732,-0.009460881459326557,-0.0015411542833874494,-13.686539251112862,-1.8362595841272782,-0.4222290987875216,1.1471694051018828,0.03886348791639451,0.03190348525469169
z<-3,news,c1,2025H2-26,2770,299,12.385322066964976,1.1448554847467065,2.3472746006176832,1.5938788069360479,4.71715803684342,0.5036101083032491,0.375472936527755,4.24608558123664,0.33830302760102654,5.644230769230769,-1.8963590059541848,4.995404903934553,-6.891763909888734,-0.8607157210882028,-0.24934692139909032,-0.1764255766888958,-10.282118033086968,-1.5211133605521066,-3.0990458979803677,-0.3891758620642754,-0.21557293095045627,1.6101074352581288,0.027436823104693142,0.02435897435897436
z<-3,news,c2,2020-23,5424,835,-6.74333430653578,6.831390284111039,-12.982933666877738,2.090892510217078,20.950465091821957,0.48266961651917406,1.53812403085237,8.943516530044247,1.3350562485478428,5.783300198807156,1.9690732213986402,2.562708669343952,-0.5936354479453138,-0.05196426554301201,-0.5803337567674091,-0.05604920478014164,-1.0223830102234843,-0.13904765251162413,-4.531781890742593,-0.3981448550850412,-0.7266024782006304,0.6151378941992911,,
z<-3,news,c2,2024-26,5832,646,-0.7766090082047168,-0.5150555848604712,-1.4197396649196317,-0.2996731288523533,-2.2895920687959745,0.49794238683127573,-0.21563439523713357,4.077007323713918,0.7277640287402188,7.683673469387754,5.429731358412336,3.3955372240383497,2.034194134373986,0.23943061337718613,-0.347155370790593,0.02874209407712458,-2.86723276542038,-0.40338577560493927,-8.825268582450686,-1.0416155763305346,-0.5413696601093485,1.295330556612754,0.03343621399176955,0.02846715328467153
z<-3,news,c2,2024H1-25H1,3062,347,-21.674349075261784,-0.89458410673089,-0.16389618933564673,0.6383885756123449,3.1619398115353965,0.4993468321358589,0.22997704077339323,4.799895211905203,0.644485026418015,7.489304812834224,7.26419993655372,3.313294564211432,3.9509053723422864,0.4911137549762681,-0.3053060398216728,0.0821535668349409,-1.2672043756154148,-0.187747049733587,-10.577494500765154,-1.3213907582869913,-0.37179842827023557,1.1471694051018828,0.03886348791639451,0.03190348525469169
z<-3,news,c2,2025H2-26,2770,299,22.324069722960893,-0.09551900220082254,-4.749866816581962,-0.31930641061279336,-8.616286257675522,0.4963898916967509,-0.5237026194189425,3.229004224104915,0.3803072778330929,7.916666666666666,3.2307209474351675,3.4941229765231796,-0.26340202908801635,-0.029208251752213872,-0.2893267896782007,-0.031820613785600305,-4.785215514737864,-0.6359716044841516,-6.7248439239583435,-0.7461429962067259,-0.40813427029712757,1.6101074352581288,0.027436823104693142,0.02435897435897436
z<-3,news,c3,2020-23,5424,835,-7.750317624627534,6.0946965305796175,-6.5320040913458,1.2098385489876184,13.610000095844908,0.4911504424778761,0.926387643958637,1.961120892531798,0.3665760229259985,6.833996023856858,1.0048232103593413,2.0206612955504815,-1.0158380851911402,-0.07984202517953512,-0.6110717246338129,-0.0742416043168943,-2.4687500129590103,-0.289157770713222,-3.025484505909818,-0.23791377245330317,-0.7187134514411893,0.6151378941992911,,
z<-3,news,c3,2024-26,5832,646,14.18279432723213,-2.772081707535499,-8.233815576322435,-4.260325099043954,-8.371604286154517,0.48988340192043894,-0.664502585309461,2.220924232179372,0.5007494841325529,8.73469387755102,6.2548948671873354,2.5719890412366775,3.6829058259506566,0.39398395596629243,-0.2915481791084227,0.06732881629994769,-1.389400633845014,-0.17461537054899529,-8.826883908424016,-0.9450327509335791,-0.5607862877702914,1.295330556612754,0.03343621399176955,0.02846715328467153
z<-3,news,c3,2024H1-25H1,3062,347,-8.840058551572858,-7.96764605471496,-8.907248450650517,-8.825430354787068,-6.488887584194889,0.49118223383409537,-0.40700471061893034,2.7163794337687213,0.4431283366620573,8.56951871657754,4.141754565475213,2.5245113476712437,1.6172432178039686,0.19742381888025515,-0.2915481791084227,0.019570370806296644,-3.315718609754238,-0.4923626292858071,-6.666265913146457,-0.8140918692028746,-0.3116792936528948,1.1471694051018828,0.03886348791639451,0.03190348525469169
z<-3,news,c3,2025H2-26,2770,299,39.63260498243099,2.971173899346633,-7.9222243634579845,1.4232268660068712,-10.556563134248131,0.4884476534296029,-0.5291822988087849,1.6386854761715053,0.25495790062277973,8.932692307692307,8.787954075008921,2.6289014046772934,6.159052670331627,0.5821339724214697,-0.24441532308329839,0.12753486781599466,0.9197112988154034,0.09974508478816091,-11.416855479686216,-1.0803101380696838,-0.4737191413308831,1.6101074352581288,0.027436823104693142,0.02435897435897436
z<-3,news,c5,2020-23,5424,835,-15.016283154898373,17.74833526141902,-12.376497126985665,12.618769482633526,10.124994298749117,0.4898598820058997,0.5752272808613806,1.2449070300460605,0.2998835607859524,8.133200795228628,3.806339643504016,1.4443077021754287,2.3620319413285884,0.19161104742839916,-0.4996415020606114,0.011676063915562418,0.3387693887907483,0.04363916657283031,-5.250647345679447,-0.42613604120101806,-0.7267424739661554,0.6151378941992911,,
z<-3,news,c5,2024-26,5831,645,38.521573268085234,4.992002675683435,-12.949835469687233,1.9604032555195972,-3.403058377625045,0.4901389127079403,-0.20468808587434978,0.8584643223526869,0.2947302194913308,9.431486880466473,7.427335974573814,1.6744700068287532,5.752865967745063,0.5760440564669322,-0.2608252240398261,0.12036654898054566,0.28907161491761846,0.038103098311823236,-9.101805981402567,-0.9120884422997683,-0.5647818860997664,1.295330556612754,0.03343621399176955,0.02846715328467153
z<-3,news,c5,2024H1-25H1,3062,347,36.0287281808133,3.545774053192393,-17.99594088898351,0.4297584417945038,-3.399733618681205,0.484323971260614,-0.1634856237611488,-0.2442049711735809,-0.06827666252634167,9.339572192513367,4.857136843649961,1.6611771658780103,3.1959596777719512,0.32562623493986204,-0.2608252240398261,0.05156072048729898,-1.3124213119008374,-0.19815057051194296,-6.518314009527975,-0.6648508151627753,-0.31240025869453736,1.1471694051018828,0.03886348791639451,0.03190348525469169
z<-3,news,c5,2025H2-26,2769,298,41.27819719629999,6.591263073685456,-4.1898460586879684,3.587894338112648,-3.406929825120067,0.49656915854098954,-0.1276412681308555,2.160664249945614,0.4548657340454902,9.541666666666664,10.508279804591508,1.6904043738658612,8.817875430725646,0.8643517116728666,-0.2250608044143284,0.2088036924144987,2.2088099310397444,0.25654388023455355,-12.198684178457366,-1.19628110274352,-0.44744909424164847,1.6101074352581288,0.027436823104693142,0.02435897435897436
