part,etf,variant,period,n,mean_bp,med_abs_close_bp,med_abs_open_bp,alt_bp,sharpe,t,ann,maxdd,sel_score,sharpe_2020_23,sharpe_2024_25H1,uncond_sharpe_hold,corr
check official crosses,DIA,"panel minus official, mean bp",sample 2023-26,30.0,0.1918657785974773,0.0001987423101417348,0.8128059392866798,,,,,,,,,,
check official crosses,IWM,"panel minus official, mean bp",sample 2023-26,30.0,0.9393045389244149,0.0001684657669932149,1.6101841716132814,,,,,,,,,,
check official crosses,QQQ,"panel minus official, mean bp",sample 2023-26,30.0,1.2221570050201642,0.00046894693867379666,1.1220564398884203,,,,,,,,,,
check official crosses,SMH,"panel minus official, mean bp",sample 2023-26,30.0,-0.8729138771092874,0.000291542614534798,0.4874106525002906,,,,,,,,,,
check official crosses,SOXL,"panel minus official, mean bp",sample 2023-26,30.0,4.155407363459551,0.00021357528236052626,4.127620118065688,,,,,,,,,,
check official crosses,SPY,"panel minus official, mean bp",sample 2023-26,30.0,-0.10453525550181192,0.00023596954724594874,0.5488806673249389,,,,,,,,,,
check official crosses,TNA,"panel minus official, mean bp",sample 2023-26,30.0,0.5974563851791257,0.00018786666395838837,3.3014079697977756,,,,,,,,,,
check official crosses,TQQQ,"panel minus official, mean bp",sample 2023-26,30.0,2.287687928814346,6931.471610041486,6929.148230189703,,,,,,,,,,
check official crosses,UPRO,"panel minus official, mean bp",sample 2023-26,30.0,0.010452541334578225,0.0002084380845303375,0.6288344455087415,,,,,,,,,,
check official crosses,XLE,"panel minus official, mean bp",sample 2023-26,30.0,0.6257504771489527,6931.471788046492,6931.471912003312,,,,,,,,,,
check official crosses,XLK,"panel minus official, mean bp",sample 2023-26,30.0,0.14662066150564515,6931.4716611771155,6931.4717601767625,,,,,,,,,,
cost,SPY,round trip bp (quoted half-spread + 1 bp per side),2020-23,,2.2819147165682767,,,7.670652499966782,,,,,,,,,
cost,SPY,round trip bp (quoted half-spread + 1 bp per side),2024-25H1,,2.27431764394303,,,7.676228607402128,,,,,,,,,
cost,SPY,round trip bp (quoted half-spread + 1 bp per side),2025H2-26,,2.19294631792071,,,7.66302535193307,,,,,,,,,
cost,QQQ,round trip bp (quoted half-spread + 1 bp per side),2020-23,,2.442545316934478,,,7.711097222436257,,,,,,,,,
cost,QQQ,round trip bp (quoted half-spread + 1 bp per side),2024-25H1,,2.4531294061921893,,,7.715369658036666,,,,,,,,,
cost,QQQ,round trip bp (quoted half-spread + 1 bp per side),2025H2-26,,2.2880880227753804,,,7.6917220342726935,,,,,,,,,
cost,IWM,round trip bp (quoted half-spread + 1 bp per side),2020-23,,2.643458653919377,,,7.758594572662595,,,,,,,,,
cost,IWM,round trip bp (quoted half-spread + 1 bp per side),2024-25H1,,2.5458810772616416,,,7.742421586245777,,,,,,,,,
cost,IWM,round trip bp (quoted half-spread + 1 bp per side),2025H2-26,,2.5385533392016884,,,7.7245093784635035,,,,,,,,,
cost,DIA,round trip bp (quoted half-spread + 1 bp per side),2020-23,,3.0166199672408798,,,7.958228510843355,,,,,,,,,
cost,DIA,round trip bp (quoted half-spread + 1 bp per side),2024-25H1,,2.75168301241088,,,7.955176635222002,,,,,,,,,
cost,DIA,round trip bp (quoted half-spread + 1 bp per side),2025H2-26,,2.640143177203458,,,7.863452779679072,,,,,,,,,
cost,TQQQ,round trip bp (quoted half-spread + 1 bp per side),2020-23,,4.614378541885495,,,8.220294844796122,,,,,,,,,
cost,TQQQ,round trip bp (quoted half-spread + 1 bp per side),2024-25H1,,3.31950285482007,,,7.904590206350234,,,,,,,,,
cost,TQQQ,round trip bp (quoted half-spread + 1 bp per side),2025H2-26,,3.604820751741656,,,7.7956753458295545,,,,,,,,,
cost,SQQQ,round trip bp (quoted half-spread + 1 bp per side),2020-23,,7.9976659543937485,,,9.536579014529764,,,,,,,,,
cost,SQQQ,round trip bp (quoted half-spread + 1 bp per side),2024-25H1,,11.149153996457331,,,8.107261970081431,,,,,,,,,
cost,SQQQ,round trip bp (quoted half-spread + 1 bp per side),2025H2-26,,4.49984512424274,,,7.83198288357447,,,,,,,,,
cost,SOXL,round trip bp (quoted half-spread + 1 bp per side),2020-23,,11.853194215388841,,,8.22125800940436,,,,,,,,,
cost,SOXL,round trip bp (quoted half-spread + 1 bp per side),2024-25H1,,5.727621225889576,,,7.971568020907316,,,,,,,,,
cost,SOXL,round trip bp (quoted half-spread + 1 bp per side),2025H2-26,,5.931894082589994,,,7.888943110571967,,,,,,,,,
cost,SOXS,round trip bp (quoted half-spread + 1 bp per side),2020-23,,12.579450051469841,,,62.68741427548602,,,,,,,,,
cost,SOXS,round trip bp (quoted half-spread + 1 bp per side),2024-25H1,,7.550882767470056,,,25.649740588856254,,,,,,,,,
cost,SOXS,round trip bp (quoted half-spread + 1 bp per side),2025H2-26,,30.74997741050612,,,11.322641072954449,,,,,,,,,
cost,UPRO,round trip bp (quoted half-spread + 1 bp per side),2020-23,,4.220729512213275,,,8.067091546049175,,,,,,,,,
cost,UPRO,round trip bp (quoted half-spread + 1 bp per side),2024-25H1,,3.487509067069781,,,8.19697069229289,,,,,,,,,
cost,UPRO,round trip bp (quoted half-spread + 1 bp per side),2025H2-26,,3.976115689564425,,,8.237180449470639,,,,,,,,,
cost,TNA,round trip bp (quoted half-spread + 1 bp per side),2020-23,,5.304172333703574,,,8.150376166311458,,,,,,,,,
cost,TNA,round trip bp (quoted half-spread + 1 bp per side),2024-25H1,,5.545814544942636,,,8.012233097922994,,,,,,,,,
cost,TNA,round trip bp (quoted half-spread + 1 bp per side),2025H2-26,,5.1273750202510895,,,8.114978334638808,,,,,,,,,
cost,SMH,round trip bp (quoted half-spread + 1 bp per side),2020-23,,4.300576041893963,,,7.9865018288136485,,,,,,,,,
cost,SMH,round trip bp (quoted half-spread + 1 bp per side),2024-25H1,,4.694408521450632,,,8.015174986844395,,,,,,,,,
cost,SMH,round trip bp (quoted half-spread + 1 bp per side),2025H2-26,,5.671361049559576,,,7.963689035082619,,,,,,,,,
cost,XLK,round trip bp (quoted half-spread + 1 bp per side),2020-23,,3.199298013319474,,,7.8236079244443015,,,,,,,,,
cost,XLK,round trip bp (quoted half-spread + 1 bp per side),2024-25H1,,3.4876141619446246,,,7.8828611871137975,,,,,,,,,
cost,XLK,round trip bp (quoted half-spread + 1 bp per side),2025H2-26,,3.715423216830796,,,7.839901267157662,,,,,,,,,
cost,XLF,round trip bp (quoted half-spread + 1 bp per side),2020-23,,5.1483224343268725,,,7.914715782074521,,,,,,,,,
cost,XLF,round trip bp (quoted half-spread + 1 bp per side),2024-25H1,,4.073420813513195,,,7.822765088973836,,,,,,,,,
cost,XLF,round trip bp (quoted half-spread + 1 bp per side),2025H2-26,,3.8817766886295146,,,7.787485785711381,,,,,,,,,
cost,XLE,round trip bp (quoted half-spread + 1 bp per side),2020-23,,3.729755848388124,,,7.958266885332748,,,,,,,,,
cost,XLE,round trip bp (quoted half-spread + 1 bp per side),2024-25H1,,3.4960244750070713,,,7.826087022210187,,,,,,,,,
cost,XLE,round trip bp (quoted half-spread + 1 bp per side),2025H2-26,,3.9427678297458235,,,7.7979665392921085,,,,,,,,,
a unconditional,SPY,overnight gross,2020-23,1006.0,2.439066337098989,,,,0.4069403545001797,0.8130728867576277,0.051174168730580005,-0.29413565828198285,,,,,
a unconditional,SPY,overnight net,2020-23,1006.0,0.15715162053071072,,,,0.026219221293136953,0.05238639449147703,-0.0075659225434431265,-0.29826052555482263,,,,,
a unconditional,SPY,"overnight net, blend cost model",2020-23,1006.0,-5.231586162867793,,,,-0.8728490709812232,-1.7439654386650496,-0.13362515391189922,-0.4456700604996271,,,,,
a unconditional,SPY,day (open to close) gross,2020-23,1006.0,2.9032679890184876,,,,0.46065682465505564,0.9203991938497292,0.062410270459097195,-0.14349103524405904,,,,,
a unconditional,SPY,day net,2020-23,1006.0,0.6214067870227865,,,,0.09859639219607924,0.1969970594958972,0.003045894999945453,-0.21313848474626162,,,,,
a unconditional,SPY,"overnight net, less panel open bias vs official cross",2020-23,1006.0,0.26168687603252566,,,,0.04365991320379455,0.08723315658334649,-0.004947931098170599,-0.29807436926607567,,,,,
a unconditional,SPY,buy and hold (close to close),2020-23,1006.0,5.5216201776862635,,,,0.6151383136693497,1.2290555087972639,0.12009969953201893,-0.3371726437292427,,,,,
a unconditional,SPY,overnight gross,2024-25H1,374.0,5.103602986572679,,,,1.1527841171737003,1.4043763748761255,0.13015103639186365,-0.15913909037461027,,,,,
a unconditional,SPY,overnight net,2024-25H1,374.0,2.8292853426296487,,,,0.6391018878621534,0.778584280509391,0.06722202817510392,-0.16950749558794587,,,,,
a unconditional,SPY,"overnight net, blend cost model",2024-25H1,374.0,-2.5726256208294487,,,,-0.5810973938861178,-0.7079204504279131,-0.06860775663138652,-0.19583526064483436,,,,,
a unconditional,SPY,day (open to close) gross,2024-25H1,374.0,3.222523388569464,,,,0.5320844366129254,0.6482105375033297,0.0723205658058772,-0.13130314592792125,,,,,
a unconditional,SPY,day net,2024-25H1,374.0,0.9479758974978109,,,,0.1565212486104929,0.19068162064343167,0.012591530531908646,-0.17642460332656718,,,,,
a unconditional,SPY,"overnight net, less panel open bias vs official cross",2024-25H1,374.0,2.933820598131459,,,,0.6627151580165397,0.8073510879665334,0.07003643266575632,-0.16901954257955898,,,,,
a unconditional,SPY,buy and hold (close to close),2024-25H1,374.0,8.143585327220244,,,,1.147171826569487,1.3975392158486222,0.20843131270332105,-0.18755219563061998,,,,,
a unconditional,SPY,overnight gross,2025H2-26,315.0,6.852589823927825,,,,2.159541337194557,2.414440615093912,0.1846460057478767,-0.07091618592619131,,,,,
a unconditional,SPY,overnight net,2025H2-26,315.0,4.659643506007118,,,,1.468467685231704,1.6417967834699272,0.12099000032428986,-0.0756068720224875,,,,,
a unconditional,SPY,"overnight net, blend cost model",2025H2-26,315.0,-0.8104355280052462,,,,-0.255404014742602,-0.28555036934540823,-0.0233342156115508,-0.10715438708247749,,,,,
a unconditional,SPY,day (open to close) gross,2025H2-26,315.0,0.7263586296931601,,,,0.1871412694885199,0.20923029998596887,0.01361285069722773,-0.07964377061332928,,,,,
a unconditional,SPY,day net,2025H2-26,315.0,-1.4666358961667962,,,,-0.3778670218188606,-0.4224681736211843,-0.04088723081711565,-0.10418733191298768,,,,,
a unconditional,SPY,"overnight net, less panel open bias vs official cross",2025H2-26,315.0,4.764178761508929,,,,1.5014115455235808,1.6786291389968733,0.1239455846029287,-0.07520016521541262,,,,,
a unconditional,SPY,buy and hold (close to close),2025H2-26,315.0,7.411183747760486,,,,1.524875668990863,1.7048628265495187,0.19628466144361312,-0.08884940949991738,,,,,
a unconditional,QQQ,overnight gross,2020-23,1006.0,2.9365358233800705,,,,0.44130126956243676,0.8817265066121085,0.061654205115744265,-0.27431790239800546,,,,,
a unconditional,QQQ,overnight net,2020-23,1006.0,0.49399050644559517,,,,0.07423218730973137,0.14831701540238762,-0.001720531649362922,-0.3203673706897917,,,,,
a unconditional,QQQ,"overnight net, blend cost model",2020-23,1006.0,-4.774561399056187,,,,-0.7175189023435131,-1.4336134491949164,-0.12587445030142408,-0.4791129740035265,,,,,
a unconditional,QQQ,day (open to close) gross,2020-23,1006.0,5.055591753604791,,,,0.6191838286817278,1.237138508021009,0.1120528999360011,-0.24018603654184645,,,,,
a unconditional,QQQ,day net,2020-23,1006.0,2.613143685947307,,,,0.32003351180162076,0.6394317211900158,0.045682327161847835,-0.298585547077449,,,,,
a unconditional,QQQ,"overnight net, less panel open bias vs official cross",2020-23,1006.0,-0.7281664985745745,,,,-0.10942192453006615,-0.21862663426808626,-0.032000987300704775,-0.3482100819634867,,,,,
a unconditional,QQQ,buy and hold (close to close),2020-23,1006.0,8.24072346158669,,,,0.7624992737364837,1.5234849008990177,0.1857758939799854,-0.35118729716254504,,,,,
a unconditional,QQQ,overnight gross,2024-25H1,374.0,7.597507037814566,,,,1.3405405192587554,1.6331101433170578,0.19862020717862672,-0.17569564554996242,,,,,
a unconditional,QQQ,overnight net,2024-25H1,374.0,5.1443776316223735,,,,0.9077457944156341,1.1058590494775082,0.12680666289686937,-0.1874816503607848,,,,,
a unconditional,QQQ,"overnight net, blend cost model",2024-25H1,374.0,-0.11786262022209819,,,,-0.020796207089932465,-0.02533492740664803,-0.013112717258455309,-0.2138014263142669,,,,,
a unconditional,QQQ,day (open to close) gross,2024-25H1,374.0,1.8438055701870808,,,,0.2466717577756156,0.30050725353378765,0.02948338956504104,-0.2041495153845415,,,,,
a unconditional,QQQ,day net,2024-25H1,374.0,-0.6095586677156196,,,,-0.08154718106465499,-0.09934464989483455,-0.03224184863617241,-0.25214283775159574,,,,,
a unconditional,QQQ,"overnight net, less panel open bias vs official cross",2024-25H1,374.0,3.922220626602211,,,,0.6920913536134746,0.8431385649671896,0.09264434730062687,-0.1935379507125552,,,,,
a unconditional,QQQ,buy and hold (close to close),2024-25H1,374.0,9.209112896524603,,,,1.0221580003713164,1.2452414339568836,0.2293468149095479,-0.22768304994847155,,,,,
a unconditional,QQQ,overnight gross,2025H2-26,315.0,9.412275725698228,,,,1.9331833593721948,2.1613647022638163,0.25808088869001233,-0.09034220464774168,,,,,
a unconditional,QQQ,overnight net,2025H2-26,315.0,7.124187702922846,,,,1.4632807979971238,1.6359976672458534,0.1876449987588369,-0.09646538657347292,,,,,
a unconditional,QQQ,"overnight net, blend cost model",2025H2-26,315.0,1.7205536914255342,,,,0.3533830723048531,0.39509428588568746,0.036502760711385696,-0.11578311865387625,,,,,
a unconditional,QQQ,day (open to close) gross,2025H2-26,315.0,1.0143996705053189,,,,0.1809523329919517,0.20231085862859097,0.015697151334086,-0.12656490834475165,,,,,
a unconditional,QQQ,day net,2025H2-26,315.0,-1.2738419690061078,,,,-0.22722627027624587,-0.25404669330571283,-0.04122067197275914,-0.14324140064791469,,,,,
a unconditional,QQQ,"overnight net, less panel open bias vs official cross",2025H2-26,315.0,5.902030697902685,,,,1.212254442129217,1.355341669313507,0.15164598741073188,-0.09978355372454573,,,,,
a unconditional,QQQ,buy and hold (close to close),2025H2-26,315.0,10.180446776846248,,,,1.3892204677370332,1.5531957007970298,0.270525316905863,-0.11964444396432339,,,,,
a unconditional,IWM,overnight gross,2020-23,1006.0,7.070818480178518,,,,0.9721150990442966,1.9423004405926383,0.17503404773394315,-0.28821311217912293,,,,,
a unconditional,IWM,overnight net,2020-23,1006.0,4.42735982625914,,,,0.6087105844780281,1.216212810177946,0.09934268632262122,-0.2954197335637919,,,,,
a unconditional,IWM,"overnight net, blend cost model",2020-23,1006.0,-0.6877760924840783,,,,-0.09455760637717721,-0.18892750530090027,-0.033605613608264195,-0.3938663632120575,,,,,
a unconditional,IWM,day (open to close) gross,2020-23,1006.0,-3.2048260133691717,,,,-0.3807728891237745,-0.7607899013583149,-0.0981237902771731,-0.4416938459320877,,,,,
a unconditional,IWM,day net,2020-23,1006.0,-5.848413992937363,,,,-0.6948551745611448,-1.388330983671603,-0.15628384540917006,-0.5519482277869817,,,,,
a unconditional,IWM,"overnight net, less panel open bias vs official cross",2020-23,1006.0,3.4880552873347264,,,,0.47956711357684945,0.9581822326489862,0.07363293532515591,-0.2978228000878378,,,,,
a unconditional,IWM,buy and hold (close to close),2020-23,1006.0,4.087505760097366,,,,0.35792194419718043,0.7151333731935783,0.06318815216015938,-0.41072377469863797,,,,,
a unconditional,IWM,overnight gross,2024-25H1,374.0,5.895707878823512,,,,0.914618664006645,1.1142319057108894,0.14492807087656678,-0.192147766314407,,,,,
a unconditional,IWM,overnight net,2024-25H1,374.0,3.349826801561872,,,,0.5196835794187609,0.6331032241631745,0.07380596681292184,-0.20358815679350517,,,,,
a unconditional,IWM,"overnight net, blend cost model",2024-25H1,374.0,-1.8467137074222655,,,,-0.28648805636405755,-0.3490133599587394,-0.05799813781317231,-0.22715685243346972,,,,,
a unconditional,IWM,day (open to close) gross,2024-25H1,374.0,-2.2867717746304757,,,,-0.3120883395256168,-0.38020084105483404,-0.07182002049191127,-0.2733663538803749,,,,,
a unconditional,IWM,day net,2024-25H1,374.0,-4.832892021744736,,,,-0.6595614057446528,-0.8035090371290282,-0.12953154092093955,-0.32217736973250777,,,,,
a unconditional,IWM,"overnight net, less panel open bias vs official cross",2024-25H1,374.0,2.410522262637454,,,,0.3739622708648582,0.4555786035508842,0.048691476712903636,-0.20785831091762264,,,,,
a unconditional,IWM,buy and hold (close to close),2024-25H1,374.0,3.4010922672591364,,,,0.3776740446926837,0.4601004627568054,0.06190358443693156,-0.2750310787375154,,,,,
a unconditional,IWM,overnight gross,2025H2-26,315.0,7.331034190497841,,,,1.6303106889742516,1.8227427624954717,0.1951606879421801,-0.11764143619458767,,,,,
a unconditional,IWM,overnight net,2025H2-26,315.0,4.792480851296155,,,,1.0657636173973901,1.191559948223321,0.12113824600629552,-0.12174208534775233,,,,,
a unconditional,IWM,"overnight net, blend cost model",2025H2-26,315.0,-0.3934751879656614,,,,-0.08750305480365647,-0.09783138938993269,-0.016186923541184894,-0.15017166666721216,,,,,
a unconditional,IWM,day (open to close) gross,2025H2-26,315.0,1.9659647817510872,,,,0.31518338848675426,0.35238574101755354,0.037930127686785164,-0.1323770305832077,,,,,
a unconditional,IWM,day net,2025H2-26,315.0,-0.5722035328069465,,,,-0.09173540406579911,-0.1025632997172687,-0.026380993134050068,-0.15028212594667134,,,,,
a unconditional,IWM,"overnight net, less panel open bias vs official cross",2025H2-26,315.0,3.8531763123717346,,,,0.8568787758500044,0.9580195956387075,0.094921873256953,-0.12323660461760255,,,,,
a unconditional,IWM,buy and hold (close to close),2025H2-26,315.0,9.122376645459164,,,,1.239690113496555,1.3860156824063634,0.23699754105098725,-0.1102851535243633,,,,,
a unconditional,DIA,overnight gross,2020-23,1006.0,2.5317898059800683,,,,0.4247612721459644,0.8486793455290241,0.05376958558528444,-0.2875071317025535,,,,,
a unconditional,DIA,overnight net,2020-23,1006.0,-0.4848301612608115,,,,-0.08133177275708957,-0.1625020928237605,-0.02336954560570681,-0.29461100783323835,,,,,
a unconditional,DIA,"overnight net, blend cost model",2020-23,1006.0,-5.426438704863289,,,,-0.9103949894124325,-1.8189827426685439,-0.13775970367028245,-0.45067092594944014,,,,,
a unconditional,DIA,day (open to close) gross,2020-23,1006.0,1.8113328514341813,,,,0.3043143059133874,0.6080245138001728,0.034999736414475624,-0.13813097550112374,,,,,
a unconditional,DIA,day net,2020-23,1006.0,-1.2054971960696428,,,,-0.20252323502763553,-0.40464443872041794,-0.04077401640876177,-0.2656960300080141,,,,,
a unconditional,DIA,"overnight net, less panel open bias vs official cross",2020-23,1006.0,-0.6766959398582859,,,,-0.11351785594995707,-0.226810366224634,-0.028080876374284802,-0.2951031006591598,,,,,
a unconditional,DIA,buy and hold (close to close),2020-23,1006.0,4.546850811367668,,,,0.5115655676613698,1.0221156202979886,0.09344039776990254,-0.3669600984116812,,,,,
a unconditional,DIA,overnight gross,2024-25H1,374.0,1.5537062244716442,,,,0.4122145197148669,0.5021793102838519,0.03526050216603771,-0.14863043084606198,,,,,
a unconditional,DIA,overnight net,2024-25H1,374.0,-1.1979767879392353,,,,-0.3178339360629182,-0.38720039970276104,-0.03409579899563853,-0.16262961558575062,,,,,
a unconditional,DIA,"overnight net, blend cost model",2024-25H1,374.0,-6.401470410750357,,,,-1.6983067581012214,-2.0689579712611876,-0.15284668307747973,-0.22674375731214302,,,,,
a unconditional,DIA,day (open to close) gross,2024-25H1,374.0,3.935689979381437,,,,0.7415144401385536,0.903348116829727,0.0945833704919612,-0.0855046495518792,,,,,
a unconditional,DIA,day net,2024-25H1,374.0,1.1838712205054382,,,,0.2230507859736024,0.2717310635636373,0.02126385810024134,-0.13883433929871647,,,,,
a unconditional,DIA,"overnight net, less panel open bias vs official cross",2024-25H1,374.0,-1.3898425665367158,,,,-0.36873763989203345,-0.44921370990221887,-0.03875545829911364,-0.16359594093968255,,,,,
a unconditional,DIA,buy and hold (close to close),2024-25H1,374.0,5.3050663068793655,,,,0.8732343602595641,1.0638155809131555,0.1297763690453082,-0.1595436860465682,,,,,
a unconditional,DIA,overnight gross,2025H2-26,315.0,5.792465805773549,,,,1.8336410693026934,2.0500730386481125,0.15347028327384238,-0.08789966152777817,,,,,
a unconditional,DIA,overnight net,2025H2-26,315.0,3.1523226285700914,,,,0.997871509664965,1.1156542642106,0.07925548073303457,-0.10036317307161124,,,,,
a unconditional,DIA,"overnight net, blend cost model",2025H2-26,315.0,-2.070986973905523,,,,-0.6556331640552161,-0.7330201615653675,-0.05384757570694876,-0.1469003880732368,,,,,
a unconditional,DIA,day (open to close) gross,2025H2-26,315.0,-0.26364361193105995,,,,-0.06950590009986395,-0.0777099587303026,-0.011138850599533567,-0.10990697836625307,,,,,
a unconditional,DIA,day net,2025H2-26,315.0,-2.9038015166115705,,,,-0.7655920216257535,-0.855957901693337,-0.07480035303950461,-0.1417282027256671,,,,,
a unconditional,DIA,"overnight net, less panel open bias vs official cross",2025H2-26,315.0,2.9604568499726125,,,,0.9371361672837963,1.0477500871100915,0.07405131302530488,-0.10129662862125532,,,,,
a unconditional,DIA,buy and hold (close to close),2025H2-26,315.0,5.431704062687652,,,,1.1229258040872079,1.255469215813804,0.13820116470632304,-0.09757558645577746,,,,,
a unconditional,TQQQ,overnight gross,2020-23,1006.0,6.6756177638449055,,,,0.3386914514440637,0.676710562372192,0.041849921614425245,-0.6770379640479809,,,,,
a unconditional,TQQQ,overnight net,2020-23,1006.0,2.0612392219594127,,,,0.10454524701900572,0.20888295999775247,-0.07265313891113057,-0.7373410805676421,,,,,
a unconditional,TQQQ,"overnight net, blend cost model",2020-23,1006.0,-1.5446770809512171,,,,-0.07837114744847828,-0.15658671937981464,-0.1532252645341584,-0.7552158769384979,,,,,
a unconditional,TQQQ,day (open to close) gross,2020-23,1006.0,14.042777467270893,,,,0.5766751221010963,1.1522054794097318,0.17925909457935596,-0.6169728139455741,,,,,
a unconditional,TQQQ,day net,2020-23,1006.0,9.42814238444065,,,,0.38713459926833765,0.7735006929393278,0.049699872733609984,-0.705139140584445,,,,,
a unconditional,TQQQ,"overnight net, less panel open bias vs official cross",2020-23,1006.0,-0.22644870685493865,,,,-0.011485389829123937,-0.02294797987133117,-0.12465010125877107,-0.7572490231357258,,,,,
a unconditional,TQQQ,buy and hold (close to close),2020-23,1005.0,25.24366686106556,,,,0.8091460753258694,1.6158821833419044,0.38403027801426126,-0.8165985083867586,,,,,
a unconditional,TQQQ,overnight gross,2024-25H1,374.0,18.117280369716767,,,,1.0668201753598245,1.2996510172171232,0.43813765355248124,-0.47690883321867983,,,,,
a unconditional,TQQQ,overnight net,2024-25H1,374.0,14.797777514896696,,,,0.8713589996183456,1.0615309274904863,0.3228307322274522,-0.48741264116723115,,,,,
a unconditional,TQQQ,"overnight net, blend cost model",2024-25H1,374.0,10.21269016336653,,,,0.6013710254119686,0.7326187514572972,0.1785536246066255,-0.5018101624100841,,,,,
a unconditional,TQQQ,day (open to close) gross,2024-25H1,374.0,5.727650489447576,,,,0.2569307097082226,0.31300519613249905,-0.006929020498274596,-0.5226856762446563,,,,,
a unconditional,TQQQ,day net,2024-25H1,374.0,2.4081099446462044,,,,0.10802260134927164,0.13159826460787394,-0.08668195904835341,-0.5611432720788885,,,,,
a unconditional,TQQQ,"overnight net, less panel open bias vs official cross",2024-25H1,374.0,12.510089586082351,,,,0.7366497527004277,0.8974217234942511,0.2487710072239131,-0.49460018496744684,,,,,
a unconditional,TQQQ,buy and hold (close to close),2024-25H1,374.0,22.577708471748164,,,,0.8439677368201854,1.0281615899200907,0.412545230660573,-0.580400790575872,,,,,
a unconditional,TQQQ,overnight gross,2025H2-26,315.0,25.404170805834102,,,,1.7465700747476807,1.9527247073013514,0.7729419970166802,-0.2566813764969931,,,,,
a unconditional,TQQQ,overnight net,2025H2-26,315.0,21.79935005409246,,,,1.4986614629775115,1.6755544532385,0.6192401264169152,-0.26523990328678126,,,,,
a unconditional,TQQQ,"overnight net, blend cost model",2025H2-26,315.0,17.608495460004548,,,,1.210608681932985,1.353501653476788,0.45718569667768216,-0.27404702939641146,,,,,
a unconditional,TQQQ,day (open to close) gross,2025H2-26,315.0,1.7996801005069663,,,,0.10807301037217559,0.12082929886261223,-0.04266657508680538,-0.35344009992912795,,,,,
a unconditional,TQQQ,day net,2025H2-26,315.0,-1.8042581781584952,,,,-0.10835237828401931,-0.1211416416834196,-0.1258302243993944,-0.36493609229456236,,,,,
a unconditional,TQQQ,"overnight net, less panel open bias vs official cross",2025H2-26,315.0,19.5116621252781,,,,1.341387519959688,1.4997168393998594,0.5286661098410073,-0.2703185798280193,,,,,
a unconditional,TQQQ,buy and hold (close to close),2025H2-26,315.0,26.312654508073603,,,,1.2078856617575788,1.3504572243686321,0.6683616815903048,-0.369669823979497,,,,,
a unconditional,SQQQ,overnight gross,2020-23,1006.0,-3.9540777264734013,,,,-0.19946296843820846,-0.3985299805139579,-0.19907257241783305,-0.8788068598043759,,,,,
a unconditional,SQQQ,overnight net,2020-23,1006.0,-11.951743680867155,,,,-0.6025324500346878,-1.2038688055810238,-0.34560384569814695,-0.9251167697094977,,,,,
a unconditional,SQQQ,"overnight net, blend cost model",2020-23,1006.0,-13.490656741003166,,,,-0.6806355076149752,-1.3599198774129115,-0.37046011032154635,-0.922844923998297,,,,,
a unconditional,SQQQ,day (open to close) gross,2020-23,1006.0,-19.53814514390413,,,,-0.7989623482440915,-1.5963386666219403,-0.49497213519778205,-0.9382767057857038,,,,,
a unconditional,SQQQ,day net,2020-23,1006.0,-27.53426704868478,,,,-1.1256726927304903,-2.2491107989198147,-0.5874864976243568,-0.9711915212536343,,,,,
a unconditional,SQQQ,buy and hold (close to close),2020-23,1006.0,-23.440778541181274,,,,-0.7323800742250441,-1.463306291865088,-0.6006725214719473,-0.9825319271323295,,,,,
a unconditional,SQQQ,overnight gross,2024-25H1,374.0,-12.678703902972837,,,,-0.7476004374939541,-0.9107623679250996,-0.33626596817536136,-0.6021202138950068,,,,,
a unconditional,SQQQ,overnight net,2024-25H1,374.0,-23.827857899430175,,,,-1.4037017939417173,-1.7100562086300377,-0.4992678269401435,-0.7166556287457524,,,,,
a unconditional,SQQQ,"overnight net, blend cost model",2024-25H1,374.0,-20.785965873054263,,,,-1.2256070115418427,-1.4930926842675643,-0.4591811634468894,-0.6767902508724248,,,,,
a unconditional,SQQQ,day (open to close) gross,2024-25H1,373.0,1.918418414493868,,,,0.10085377115892526,0.12270048733995226,-0.06213870162850499,-0.331594890654313,,,,,
a unconditional,SQQQ,day net,2024-25H1,373.0,-9.25533525728149,,,,-0.4865121161377809,-0.5918992721930986,-0.29254621980659956,-0.4334873196950759,,,,,
a unconditional,SQQQ,buy and hold (close to close),2024-25H1,373.0,-11.249359460028987,,,,-0.4638498481106799,-0.5643279548372792,-0.37327783092018907,-0.6142190605149169,,,,,
a unconditional,SQQQ,overnight gross,2025H2-26,315.0,-21.53864723832773,,,,-1.478526212995327,-1.653042559386442,-0.4571398040999949,-0.5451015067343854,,,,,
a unconditional,SQQQ,overnight net,2025H2-26,315.0,-26.038492362570466,,,,-1.787069179186251,-1.9980040825776046,-0.5155068189291896,-0.6002058840318487,,,,,
a unconditional,SQQQ,"overnight net, blend cost model",2025H2-26,315.0,-29.370630121902202,,,,-2.016156245132434,-2.2541312086884258,-0.5546431074473086,-0.6385059615658768,,,,,
a unconditional,SQQQ,day (open to close) gross,2025H2-26,315.0,-3.650192259746164,,,,-0.21579020813402947,-0.24126078713325896,-0.16609449290168177,-0.4735823393546549,,,,,
a unconditional,SQQQ,day net,2025H2-26,315.0,-8.15388134661954,,,,-0.4821174277211654,-0.5390236707609337,-0.25564931938329927,-0.48781078465433614,,,,,
a unconditional,SQQQ,buy and hold (close to close),2025H2-26,315.0,-24.668840864430848,,,,-1.125934661604243,-1.2588332207851547,-0.539271671376298,-0.6418458276842225,,,,,
a unconditional,SOXL,overnight gross,2020-23,1006.0,13.10851713838707,,,,0.5108693817713515,1.020724630525022,0.12353638082358875,-0.7937026564590794,,,,,
a unconditional,SOXL,overnight net,2020-23,1006.0,1.2553229229982372,,,,0.04893131729688208,0.09776550044119989,-0.16689557548164702,-0.8622119607017125,,,,,
a unconditional,SOXL,"overnight net, blend cost model",2020-23,1006.0,4.887259128982712,,,,0.1904778477035688,0.3805775755170333,-0.08684940765257054,-0.8497044809216683,,,,,
a unconditional,SOXL,day (open to close) gross,2020-23,1006.0,14.45400329465051,,,,0.42753479667589306,0.854220888831634,0.001328265117638061,-0.7844489580641412,,,,,
a unconditional,SOXL,day net,2020-23,1006.0,2.588298020237862,,,,0.07653393656969994,0.15291594469189862,-0.2581422842271638,-0.9084311980088974,,,,,
a unconditional,SOXL,"overnight net, less panel open bias vs official cross",2020-23,1006.0,-2.900084440461309,,,,-0.11304258796217515,-0.22586077370932797,-0.24986535223226658,-0.889120241002242,,,,,
a unconditional,SOXL,buy and hold (close to close),2020-23,1005.0,34.136886820802424,,,,0.7871672215394523,1.5719899377675255,0.2992583929931385,-0.9046051199219836,,,,,
a unconditional,SOXL,overnight gross,2024-25H1,374.0,34.66132281936786,,,,1.2291045323021406,1.4973535302084708,0.8562049278380279,-0.6106980479601489,,,,,
a unconditional,SOXL,overnight net,2024-25H1,374.0,28.933701593478308,,,,1.0258509735418062,1.249740389308908,0.6068435528238951,-0.6279653079314353,,,,,
a unconditional,SOXL,"overnight net, blend cost model",2024-25H1,374.0,26.68975479846054,,,,0.946424769823723,1.152979614775295,0.5186920035887472,-0.6298671457474869,,,,,
a unconditional,SOXL,day (open to close) gross,2024-25H1,373.0,-26.85984735348714,,,,-0.827415322057691,-1.0066481608212787,-0.6410805364449849,-0.912321897257727,,,,,
a unconditional,SOXL,day net,2024-25H1,373.0,-32.57918396897554,,,,-1.003646360232577,-1.221053968556616,-0.6895090306023537,-0.9247462326284069,,,,,
a unconditional,SOXL,"overnight net, less panel open bias vs official cross",2024-25H1,374.0,24.77829423001874,,,,0.8785200599531823,1.0702548713785782,0.44718950780814115,-0.6374454201471507,,,,,
a unconditional,SOXL,buy and hold (close to close),2024-25H1,373.0,6.824467120131528,,,,0.1589289036582593,0.1933557239078708,-0.3536447985313822,-0.9173273095804628,,,,,
a unconditional,SOXL,overnight gross,2025H2-26,315.0,69.51315284058752,,,,1.9460978230128145,2.175803511560504,2.8306860390156525,-0.43251698363107904,,,,,
a unconditional,SOXL,overnight net,2025H2-26,315.0,63.5812587579975,,,,1.7799629626994675,1.9900590910139662,2.300536243822731,-0.4400375366575022,,,,,
a unconditional,SOXL,"overnight net, blend cost model",2025H2-26,315.0,61.62420973001556,,,,1.7252326810387981,1.9288687759034824,2.142116658730325,-0.44444227390269153,,,,,
a unconditional,SOXL,day (open to close) gross,2025H2-26,315.0,19.956113836491962,,,,0.5691158370879604,0.6362908494001878,0.10903708649256894,-0.7103535988400892,,,,,
a unconditional,SOXL,day net,2025H2-26,315.0,14.02128435579755,,,,0.39984626999397,0.44704172012812565,-0.04524914824157411,-0.7192482374295732,,,,,
a unconditional,SOXL,"overnight net, less panel open bias vs official cross",2025H2-26,315.0,59.42585139453795,,,,1.663631966013179,1.8599970827735444,1.9733007275939984,-0.44622098349968276,,,,,
a unconditional,SOXL,buy and hold (close to close),2025H2-26,315.0,87.73814999461624,,,,1.7738880087239404,1.9832670859892354,3.1336266518206157,-0.6941517042489946,,,,,
a unconditional,SOXS,overnight gross,2020-23,1006.0,-8.401032007811816,,,,-0.324177386384837,-0.6477112443006581,-0.344494179079209,-0.9626630397941139,,,,,
a unconditional,SOXS,overnight net,2020-23,1006.0,-20.980482059281655,,,,-0.8092705491044074,-1.6169346054077822,-0.5231441738685589,-0.9812272236899678,,,,,
a unconditional,SOXS,"overnight net, blend cost model",2020-23,1006.0,-71.08844628329781,,,,-2.7413239735177872,-5.477206111504023,-0.8662025860511667,-0.9997914823068135,,,,,
a unconditional,SOXS,day (open to close) gross,2020-23,1006.0,-26.870128262954783,,,,-0.7742651088530299,-1.5469932146298455,-0.6554982487761526,-0.9892302207701524,,,,,
a unconditional,SOXS,day net,2020-23,1006.0,-39.45528304257479,,,,-1.136947788220225,-2.2716386075702157,-0.7496303648315894,-0.9967764304423233,,,,,
a unconditional,SOXS,buy and hold (close to close),2020-23,1006.0,-33.765294908525085,,,,-0.7487093570816947,-1.495932442120562,-0.7788711249234538,-0.9986788448948113,,,,,
a unconditional,SOXS,overnight gross,2024-25H1,374.0,-24.535754916427546,,,,-0.8694961181629811,-1.0592614768048514,-0.5818218837175908,-0.8138164737226674,,,,,
a unconditional,SOXS,overnight net,2024-25H1,374.0,-32.0866376838976,,,,-1.137223279381612,-1.3854194230558086,-0.6545844231883133,-0.844245861630977,,,,,
a unconditional,SOXS,"overnight net, blend cost model",2024-25H1,374.0,-50.185495505283804,,,,-1.7781075692926507,-2.1661751104146645,-0.7817458581755475,-0.9071965750072626,,,,,
a unconditional,SOXS,day (open to close) gross,2024-25H1,373.0,16.848847311132406,,,,0.5131105069435159,0.6242593463561099,0.09685127505419855,-0.5003156500447871,,,,,
a unconditional,SOXS,day net,2024-25H1,373.0,9.303991053675913,,,,0.2833303194718204,0.34470469351705696,-0.09332204013085643,-0.52295111340214,,,,,
a unconditional,SOXS,buy and hold (close to close),2024-25H1,373.0,-6.66026094979867,,,,-0.1535342504637885,-0.18679249311951948,-0.5298500243324558,-0.7481316165068099,,,,,
a unconditional,SOXS,overnight gross,2025H2-26,314.0,-56.79225109871202,,,,-1.5838603807493927,-1.7679966956535929,-0.842537596814581,-0.9160799370585165,,,,,
a unconditional,SOXS,overnight net,2025H2-26,314.0,-87.49502335288749,,,,-2.4371666952364968,-2.7205066281766483,-0.9280809028211396,-0.9658761364568466,,,,,
a unconditional,SOXS,"overnight net, blend cost model",2025H2-26,314.0,-68.12176302970012,,,,-1.9000873047576547,-2.120987504388122,-0.8819406965784222,-0.9373695528265706,,,,,
a unconditional,SOXS,day (open to close) gross,2025H2-26,315.0,-29.072429589139183,,,,-0.8090390264539817,-0.9045331298006769,-0.6796437307368057,-0.8538827454761453,,,,,
a unconditional,SOXS,day net,2025H2-26,315.0,-59.76537385943769,,,,-1.661406394793741,-1.8575088185058288,-0.8532525559980679,-0.9207170916545047,,,,,
a unconditional,SOXS,buy and hold (close to close),2025H2-26,314.0,-82.71912234384983,,,,-1.6583405727691796,-1.8511357999478262,-0.944534270395333,-0.974120074003055,,,,,
a unconditional,UPRO,overnight gross,2020-23,1006.0,5.315223554692068,,,,0.29431816998375687,0.5880520853918155,0.025844261912798094,-0.6980145144189224,,,,,
a unconditional,UPRO,overnight net,2020-23,1006.0,1.0944940424787908,,,,0.060596812373088005,0.12107333327758046,-0.07774254588849228,-0.7015738034495236,,,,,
a unconditional,UPRO,"overnight net, blend cost model",2020-23,1006.0,-2.751867991357107,,,,-0.15237538652916296,-0.3044482908269083,-0.16300402421757632,-0.7066369381123319,,,,,
a unconditional,UPRO,day (open to close) gross,2020-23,1006.0,7.82068231616919,,,,0.4112627006692458,0.8217089987538558,0.08526641873460972,-0.41003193894927437,,,,,
a unconditional,UPRO,day net,2020-23,1006.0,3.599742537304922,,,,0.18929241992433266,0.37820907316565056,-0.024290019395861173,-0.5015702622098386,,,,,
a unconditional,UPRO,"overnight net, less panel open bias vs official cross",2020-23,1006.0,1.0840415011442242,,,,0.060018105992340434,0.119917069313154,-0.0779856294785859,-0.7015854841680664,,,,,
a unconditional,UPRO,buy and hold (close to close),2020-23,1005.0,17.653591986318382,,,,0.6719570310246763,1.341912699714708,0.25127432612848355,-0.6477103096151109,,,,,
a unconditional,UPRO,overnight gross,2024-25H1,374.0,12.283443778789385,,,,0.9259224223692077,1.1280026811363972,0.28783127263394515,-0.42700834290426715,,,,,
a unconditional,UPRO,overnight net,2024-25H1,374.0,8.795934711719607,,,,0.6629379900783858,0.8076225525699744,0.17952078404101335,-0.43946810379215806,,,,,
a unconditional,UPRO,"overnight net, blend cost model",2024-25H1,374.0,4.086473086496494,,,,0.30803581305576677,0.37526386079284796,0.04756722636679611,-0.45349857596621523,,,,,
a unconditional,UPRO,day (open to close) gross,2024-25H1,374.0,8.112446129371966,,,,0.4628009367845216,0.5638060866801378,0.1177932894197169,-0.3727260286129507,,,,,
a unconditional,UPRO,day net,2024-25H1,374.0,4.626288173835559,,,,0.26393722072021736,0.3215408606935959,0.02378178421493171,-0.42686228906768464,,,,,
a unconditional,UPRO,"overnight net, less panel open bias vs official cross",2024-25H1,374.0,8.78548217038503,,,,0.6621501958335828,0.8066628241965672,0.1792102669992044,-0.43950127194227473,,,,,
a unconditional,UPRO,buy and hold (close to close),2024-25H1,374.0,19.343884307717595,,,,0.9450262031839282,1.1512758144553936,0.4273778296776065,-0.4886913746732796,,,,,
a unconditional,UPRO,overnight gross,2025H2-26,315.0,18.123086735767632,,,,1.9042230948671643,2.1289861422240053,0.5337530748490922,-0.20547949473349592,,,,,
a unconditional,UPRO,overnight net,2025H2-26,315.0,14.146971046203207,,,,1.4864844494293097,1.6619401382101426,0.3877169101301674,-0.2146082018023142,,,,,
a unconditional,UPRO,"overnight net, blend cost model",2025H2-26,315.0,9.88590628629699,,,,1.0387401411956592,1.161346783335612,0.24655607131759782,-0.22922835847896683,,,,,
a unconditional,UPRO,day (open to close) gross,2025H2-26,315.0,0.6082423122353896,,,,0.052459219972893954,0.05865119095300278,-0.027254246418240258,-0.24376971740490194,,,,,
a unconditional,UPRO,day net,2025H2-26,315.0,-3.366779668785414,,,,-0.29037351201080563,-0.32464745586075655,-0.12001624553308277,-0.28006214313676037,,,,,
a unconditional,UPRO,"overnight net, less panel open bias vs official cross",2025H2-26,315.0,14.136518504868631,,,,1.4853861549534024,1.6607122076564218,0.38735186124179344,-0.21464452580498494,,,,,
a unconditional,UPRO,buy and hold (close to close),2025H2-26,315.0,18.07870407764656,,,,1.2450384718701977,1.391995328852111,0.4746848707855449,-0.2678527676796404,,,,,
a unconditional,TNA,overnight gross,2020-23,1006.0,16.53531852573196,,,,0.785212090481763,1.5688654469010561,0.3160844511155163,-0.6629304287513467,,,,,
a unconditional,TNA,overnight net,2020-23,1006.0,11.231146192028376,,,,0.5333519513008023,1.0656451391619493,0.1514587202265203,-0.6703222233645919,,,,,
a unconditional,TNA,"overnight net, blend cost model",2020-23,1006.0,8.384942359420501,,,,0.39816182755158613,0.7955332592209602,0.07173666572935433,-0.6866135162616007,,,,,
a unconditional,TNA,day (open to close) gross,2020-23,1006.0,-8.852810902435976,,,,-0.347955931334592,-0.6952211311216389,-0.3497122294992291,-0.8836769436092249,,,,,
a unconditional,TNA,day net,2020-23,1006.0,-14.157128608790831,,,,-0.556425896670148,-1.1117472255313006,-0.4312988804201813,-0.927395260771003,,,,,
a unconditional,TNA,"overnight net, less panel open bias vs official cross",2020-23,1006.0,10.633689806849262,,,,0.5049795551620557,1.008956669272804,0.1342515989875548,-0.6710558345755915,,,,,
a unconditional,TNA,buy and hold (close to close),2020-23,1005.0,12.804402910359526,,,,0.387782294618571,0.7744096152690771,-0.029349498093815818,-0.8024761169967642,,,,,
a unconditional,TNA,overnight gross,2024-25H1,374.0,12.652274777346527,,,,0.6566843019703712,0.8000040126335708,0.22115887587653793,-0.5021352905031182,,,,,
a unconditional,TNA,overnight net,2024-25H1,374.0,7.106460232403883,,,,0.3688319294100143,0.44932857787227337,0.06188231814036538,-0.5182665142112154,,,,,
a unconditional,TNA,"overnight net, blend cost model",2024-25H1,374.0,4.640041679423536,,,,0.24082867284773088,0.29338892989723847,-0.0021246222088250333,-0.524707462126715,,,,,
a unconditional,TNA,day (open to close) gross,2024-25H1,374.0,-5.711519306972679,,,,-0.25965928012748757,-0.3163292702387562,-0.25512417728096926,-0.6370325717092176,,,,,
a unconditional,TNA,day net,2024-25H1,374.0,-11.257365462393016,,,,-0.5117943069361629,-0.6234921376427559,-0.352460040570702,-0.6890997644058436,,,,,
a unconditional,TNA,"overnight net, less panel open bias vs official cross",2024-25H1,374.0,6.50900384722477,,,,0.3378233844977178,0.41155249539042843,0.0460101936054631,-0.5199267265905952,,,,,
a unconditional,TNA,buy and hold (close to close),2024-25H1,374.0,5.268243578422621,,,,0.1953338784506955,0.2379650101197108,-0.09291177745268975,-0.657827412226491,,,,,
a unconditional,TNA,overnight gross,2025H2-26,315.0,19.508137394169896,,,,1.4581031704804832,1.6302089037011627,0.544256318724522,-0.32221267387500496,,,,,
a unconditional,TNA,overnight net,2025H2-26,315.0,14.380762373918815,,,,1.074923992206281,1.2018015586093493,0.35730398969922494,-0.3280953164981657,,,,,
a unconditional,TNA,"overnight net, blend cost model",2025H2-26,315.0,11.39315905953109,,,,0.8515703305269949,0.9520845733401625,0.25893955645011824,-0.3322074185572068,,,,,
a unconditional,TNA,day (open to close) gross,2025H2-26,315.0,4.792900365982439,,,,0.2580175549916149,0.28847239617477055,0.011668928038236492,-0.36878311393681174,,,,,
a unconditional,TNA,day net,2025H2-26,315.0,-0.3358559598127905,,,,-0.018080396128454083,-0.020214497401673675,-0.11106071872567169,-0.39268439999794147,,,,,
a unconditional,TNA,"overnight net, less panel open bias vs official cross",2025H2-26,315.0,13.783305988739679,,,,1.0302657059466713,1.1518720766917834,0.3370408779982432,-0.3288339315360944,,,,,
a unconditional,TNA,buy and hold (close to close),2025H2-26,315.0,23.40776364945189,,,,1.0683588295910333,1.1944614836638323,0.5498097246239992,-0.3253236039479388,,,,,
a unconditional,SMH,overnight gross,2020-23,1006.0,6.9550970924,,,,0.7839490297430426,1.566341832740836,0.16191674439756465,-0.35893971222638843,,,,,
a unconditional,SMH,overnight net,2020-23,1006.0,2.654521050506043,,,,0.29910338063246256,0.5976130075094198,0.04259048247148356,-0.4380951525508029,,,,,
a unconditional,SMH,"overnight net, blend cost model",2020-23,1006.0,-1.031404736413646,,,,-0.11625850905671474,-0.23228623193436354,-0.049881384799102646,-0.5015812521102523,,,,,
a unconditional,SMH,day (open to close) gross,2020-23,1006.0,4.544239228127517,,,,0.41424435337231535,0.8276663852449819,0.07934777179177677,-0.3309860191004973,,,,,
a unconditional,SMH,day net,2020-23,1006.0,0.24375389439692272,,,,0.02221807146317758,0.04439203756270647,-0.03152379770851188,-0.4733310766376413,,,,,
a unconditional,SMH,"overnight net, less panel open bias vs official cross",2020-23,1006.0,3.5274349276153245,,,,0.3974606686994015,0.7941323333955486,0.06577636145235322,-0.42174445761665924,,,,,
a unconditional,SMH,buy and hold (close to close),2020-23,1006.0,12.007606443862764,,,,0.8195502657585826,1.6374736323256864,0.263954087780355,-0.4530263537864041,,,,,
a unconditional,SMH,overnight gross,2024-25H1,374.0,19.473847441870674,,,,1.9830158012610655,2.4158040528220295,0.5834782623101957,-0.24953955263273053,,,,,
a unconditional,SMH,overnight net,2024-25H1,374.0,14.779438920420054,,,,1.5047279769429833,1.8331311040395413,0.4070383555918684,-0.2731243563171628,,,,,
a unconditional,SMH,"overnight net, blend cost model",2024-25H1,374.0,11.458672455026283,,,,1.1668154271954156,1.4214699833059252,0.29421331103836845,-0.2858194878659175,,,,,
a unconditional,SMH,day (open to close) gross,2024-25H1,374.0,-3.581562492659342,,,,-0.29225606114641806,-0.35604021739530745,-0.1283981233695317,-0.4716368186223292,,,,,
a unconditional,SMH,day net,2024-25H1,374.0,-8.274196069928637,,,,-0.6752446349772294,-0.8226150920163879,-0.22568964591853924,-0.5343055550594586,,,,,
a unconditional,SMH,"overnight net, less panel open bias vs official cross",2024-25H1,374.0,15.65235279752933,,,,1.5936013055869618,1.9414008149462176,0.43829217076427196,-0.2692225281703844,,,,,
a unconditional,SMH,buy and hold (close to close),2024-25H1,374.0,15.643224328483548,,,,1.0041973735679708,1.2233609451603982,0.3736414264195411,-0.35738851243694414,,,,,
a unconditional,SMH,overnight gross,2025H2-26,315.0,24.96290211477271,,,,2.3551593841820115,2.6331482404387603,0.809105232101355,-0.1215145281351302,,,,,
a unconditional,SMH,overnight net,2025H2-26,315.0,19.291541065213135,,,,1.8201439062645812,2.0349827516198045,0.5686108085021575,-0.130206432616629,,,,,
a unconditional,SMH,"overnight net, blend cost model",2025H2-26,315.0,16.99921307969009,,,,1.6038084033552946,1.7931123063939203,0.4806937624094907,-0.13449404544049715,,,,,
a unconditional,SMH,day (open to close) gross,2025H2-26,315.0,3.0514041639743894,,,,0.29560958990260017,0.3305015689115247,0.043871809662568984,-0.27619543748776765,,,,,
a unconditional,SMH,day net,2025H2-26,315.0,-2.6171317621942496,,,,-0.25354576797224315,-0.28347278629666234,-0.09511246339968427,-0.30145252139399104,,,,,
a unconditional,SMH,"overnight net, less panel open bias vs official cross",2025H2-26,315.0,20.16445494232242,,,,1.9025027426449084,2.1270627299669016,0.6034390065693158,-0.12882797645787314,,,,,
a unconditional,SMH,buy and hold (close to close),2025H2-26,315.0,27.597125579128498,,,,1.8947068927620354,2.1183467048266578,0.8725742297559547,-0.2462064829884716,,,,,
a unconditional,XLK,overnight gross,2020-23,1006.0,1.5324573553588106,,,,0.20558036448178205,0.41075262888388225,0.02082678451688036,-0.35727483215803946,,,,,
a unconditional,XLK,overnight net,2020-23,1006.0,-1.6668406579606618,,,,-0.22357698386873298,-0.4467101423499497,-0.05826056052245754,-0.38751517038055494,,,,,
a unconditional,XLK,"overnight net, blend cost model",2020-23,1006.0,-6.291150569085489,,,,-0.8439502401849248,-1.6862251444926362,-0.16190021255332976,-0.5284658560265556,,,,,
a unconditional,XLK,day (open to close) gross,2020-23,1006.0,7.640619887414105,,,,0.890720468680764,1.77967275733539,0.18430636134588485,-0.18594457011779597,,,,,
a unconditional,XLK,day net,2020-23,1006.0,4.441633079741328,,,,0.5177719277479039,1.0345160201502313,0.09261535677318844,-0.27335878558617765,,,,,
a unconditional,XLK,"overnight net, less panel open bias vs official cross",2020-23,1006.0,-1.8134613194663074,,,,-0.24324353394699744,-0.4860042021989365,-0.061734822557791835,-0.3916992379392532,,,,,
a unconditional,XLK,buy and hold (close to close),2020-23,1006.0,9.457237598711409,,,,0.8153282011113798,1.6290378843031172,0.21587140764852286,-0.335590190367714,,,,,
a unconditional,XLK,overnight gross,2024-25H1,374.0,7.076187659034053,,,,1.0414355335684347,1.2687262406822732,0.17769593392725969,-0.2238218550815373,,,,,
a unconditional,XLK,overnight net,2024-25H1,374.0,3.5885734970894276,,,,0.5280348872002621,0.6432771840338346,0.07864103226337149,-0.242421148610663,,,,,
a unconditional,XLK,"overnight net, blend cost model",2024-25H1,374.0,-0.8066735280797441,,,,-0.1187211535780336,-0.14463174917069752,-0.03444236655869315,-0.2606506308810771,,,,,
a unconditional,XLK,day (open to close) gross,2024-25H1,374.0,2.3416406241492456,,,,0.26832414150896483,0.3268852160003593,0.03587274599650114,-0.23567319941273257,,,,,
a unconditional,XLK,day net,2024-25H1,374.0,-1.1441786427948093,,,,-0.13112563589278975,-0.15974347880496984,-0.051244668002740856,-0.3077233073578176,,,,,
a unconditional,XLK,"overnight net, less panel open bias vs official cross",2024-25H1,374.0,3.4419528355837854,,,,0.5064606253042321,0.6169943933006851,0.07466390927876665,-0.24310158885317357,,,,,
a unconditional,XLK,buy and hold (close to close),2024-25H1,374.0,9.044133497691492,,,,0.8441262465345526,1.0283546939841817,0.21134160227701893,-0.25656287985372883,,,,,
a unconditional,XLK,overnight gross,2025H2-26,315.0,14.956738868022397,,,,2.256623931426107,2.5229822551608,0.437285587623061,-0.08541813550271227,,,,,
a unconditional,XLK,overnight net,2025H2-26,315.0,11.2413156511916,,,,1.6960939851526684,1.8962907235149427,0.3089702201613185,-0.09142062888649327,,,,,
a unconditional,XLK,"overnight net, blend cost model",2025H2-26,315.0,7.116837600864734,,,,1.0737599919389438,1.2005001667475523,0.1798492187166305,-0.10479222095362828,,,,,
a unconditional,XLK,day (open to close) gross,2025H2-26,315.0,0.5988663797184467,,,,0.08179070645187994,0.09144478977706709,-0.001957648003296786,-0.17884473179842875,,,,,
a unconditional,XLK,day net,2025H2-26,315.0,-3.1179304370597416,,,,-0.4258027030529634,-0.4760618945147917,-0.09121774212329659,-0.23192957340083298,,,,,
a unconditional,XLK,"overnight net, less panel open bias vs official cross",2025H2-26,315.0,11.094694989685959,,,,1.6739718039244895,1.8715573729965538,0.3041475525999402,-0.09180817419960619,,,,,
a unconditional,XLK,buy and hold (close to close),2025H2-26,315.0,15.226627961506663,,,,1.5698475501044356,1.7551429181725124,0.42428437494065285,-0.15922749668352032,,,,,
a unconditional,XLF,overnight gross,2020-23,1006.0,3.4118993379179554,,,,0.41570192600986067,0.8305786370749179,0.06626596478849667,-0.42068022567420305,,,,,
a unconditional,XLF,overnight net,2020-23,1006.0,-1.7364230964089171,,,,-0.21155646757031887,-0.4226929718260951,-0.06348556802237404,-0.43815256723925167,,,,,
a unconditional,XLF,"overnight net, blend cost model",2020-23,1006.0,-4.502816444156565,,,,-0.5486259772829665,-1.0961628704716952,-0.12657556152133664,-0.44572824854787496,,,,,
a unconditional,XLF,day (open to close) gross,2020-23,1006.0,0.922614807731856,,,,0.12190909932406299,0.2435761954136561,0.005129166896084669,-0.3225795746861254,,,,,
a unconditional,XLF,day net,2020-23,1006.0,-4.226563429828182,,,,-0.5584408958800433,-1.115773223951674,-0.11722623968401058,-0.5045679312584811,,,,,
a unconditional,XLF,buy and hold (close to close),2020-23,1006.0,4.439911534333177,,,,0.3911113893009423,0.7814463786303186,0.07340904208064569,-0.4286251296501713,,,,,
a unconditional,XLF,overnight gross,2024-25H1,374.0,4.534816264101858,,,,1.036907457339105,1.2632099231121632,0.11428066981251694,-0.13911983915023884,,,,,
a unconditional,XLF,overnight net,2024-25H1,374.0,0.46139545058866416,,,,0.10551039941677066,0.1285377808708388,0.005596390741928525,-0.14837277731283105,,,,,
a unconditional,XLF,"overnight net, blend cost model",2024-25H1,374.0,-3.2879488248719766,,,,-0.7518118119625139,-0.9158928643652328,-0.08508277619075999,-0.16760055307300192,,,,,
a unconditional,XLF,day (open to close) gross,2024-25H1,374.0,5.610893162636642,,,,0.9487368555934438,1.1557963074962565,0.13929440372362767,-0.12307196598160997,,,,,
a unconditional,XLF,day net,2024-25H1,374.0,1.5372450336351877,,,,0.2599199177564508,0.31664679138002333,0.02816969056934604,-0.2006161889281307,,,,,
a unconditional,XLF,buy and hold (close to close),2024-25H1,374.0,10.102265801263234,,,,1.423005628591028,1.7335730570339458,0.2693415387913356,-0.15540272104475306,,,,,
a unconditional,XLF,overnight gross,2025H2-26,315.0,1.749875664605571,,,,0.5486513565414896,0.6134108645871222,0.04172070614925594,-0.13207301791397819,,,,,
a unconditional,XLF,overnight net,2025H2-26,315.0,-2.1319010240239447,,,,-0.6684749269072248,-0.747377688909379,-0.05535947885344228,-0.1476008356495222,,,,,
a unconditional,XLF,"overnight net, blend cost model",2025H2-26,315.0,-6.037610121105809,,,,-1.8930286273066792,-2.116470347005425,-0.1439425935964762,-0.20522186606191894,,,,,
a unconditional,XLF,day (open to close) gross,2025H2-26,315.0,-0.1174736560356493,,,,-0.024240686032440256,-0.027101910894883046,-0.010356015708978927,-0.08494897539967061,,,,,
a unconditional,XLF,day net,2025H2-26,315.0,-3.9994574421737608,,,,-0.8252858237862207,-0.9226976014264513,-0.10260752675074947,-0.13775435157799654,,,,,
a unconditional,XLF,buy and hold (close to close),2025H2-26,315.0,1.62510486672847,,,,0.28618840488449226,0.3199683638469788,0.031202848809368966,-0.14794788437749995,,,,,
a unconditional,XLE,overnight gross,2020-23,1006.0,9.244387069899432,,,,0.8861170443201196,1.7704750469277388,0.21870231240224092,-0.37681366475154887,,,,,
a unconditional,XLE,overnight net,2020-23,1006.0,5.5146312215113085,,,,0.5286464176336423,1.0562434128396923,0.10942545096197054,-0.3910789104345852,,,,,
a unconditional,XLE,"overnight net, blend cost model",2020-23,1006.0,1.2861201845666848,,,,0.12328757554498618,0.2463304114256055,-0.0027057683639887253,-0.401519196264453,,,,,
a unconditional,XLE,day (open to close) gross,2020-23,1006.0,-1.1014876039432757,,,,-0.09910851634274087,-0.19802029116535372,-0.06477504798627842,-0.5333738285472687,,,,,
a unconditional,XLE,day net,2020-23,1006.0,-4.831718380732363,,,,-0.43465155842496805,-0.8684402847595554,-0.14874682843090103,-0.5759678452943381,,,,,
a unconditional,XLE,"overnight net, less panel open bias vs official cross",2020-23,1006.0,4.8888807443623525,,,,0.4686604031950049,0.9363904629286111,0.09207233926931058,-0.39300178990393053,,,,,
a unconditional,XLE,buy and hold (close to close),2020-23,1006.0,8.34641230576032,,,,0.5296752471712197,1.0582990295728298,0.1396545206304265,-0.6060457086842153,,,,,
a unconditional,XLE,overnight gross,2024-25H1,374.0,6.404062589735174,,,,1.2693508747882514,1.5463835365389198,0.1656049412909406,-0.13870527245526953,,,,,
a unconditional,XLE,overnight net,2024-25H1,374.0,2.9080381147281025,,,,0.5763611770949898,0.7021505661376444,0.06734512536554083,-0.14853923530272517,,,,,
a unconditional,XLE,"overnight net, blend cost model",2024-25H1,374.0,-1.4220244324750135,,,,-0.2818645109493046,-0.3433807372916563,-0.042989116677701444,-0.17233803230006883,,,,,
a unconditional,XLE,day (open to close) gross,2024-25H1,374.0,-3.8372577408876656,,,,-0.48470999130175324,-0.590496737688853,-0.10997495382588096,-0.24922874114937066,,,,,
a unconditional,XLE,day net,2024-25H1,374.0,-7.332222405247497,,,,-0.9262068874217468,-1.128349229976993,-0.18506032345491297,-0.3121375985017223,,,,,
a unconditional,XLE,"overnight net, less panel open bias vs official cross",2024-25H1,374.0,2.282287637579148,,,,0.45234000978266103,0.551062088457179,0.050649492530562945,-0.1504639834331778,,,,,
a unconditional,XLE,buy and hold (close to close),2024-25H1,374.0,2.6431759260441945,,,,0.2924179937574232,0.35623749139468835,0.041255840812309374,-0.20137298836524187,,,,,
a unconditional,XLE,overnight gross,2025H2-26,315.0,4.764595575521663,,,,0.7879314420833562,0.8809341330539115,0.1144854364350476,-0.18414629552660045,,,,,
a unconditional,XLE,overnight net,2025H2-26,315.0,0.8218277457758377,,,,0.13591340064003385,0.15195580144213958,0.00909551937811015,-0.20609193281293903,,,,,
a unconditional,XLE,"overnight net, blend cost model",2025H2-26,315.0,-3.033370963770446,,,,-0.5016429390917343,-0.5608538561209523,-0.0843460758448813,-0.22578485396078707,,,,,
a unconditional,XLE,day (open to close) gross,2025H2-26,315.0,8.996781038528107,,,,1.3532600350053805,1.5129907147528878,0.23695289172495038,-0.0804364455097345,,,,,
a unconditional,XLE,day net,2025H2-26,315.0,5.05346120348744,,,,0.7601535205608095,0.8498774726548771,0.12001176458768748,-0.09363753814862152,,,,,
a unconditional,XLE,"overnight net, less panel open bias vs official cross",2025H2-26,315.0,0.19607726862688285,,,,0.032427146082943295,0.03625465147888862,-0.006692673099545909,-0.2094253141641087,,,,,
a unconditional,XLE,buy and hold (close to close),2025H2-26,315.0,13.836854649055196,,,,1.6689936583246443,1.8659916370149812,0.38639131768165313,-0.14976290773863798,,,,,
b filter,SPY,day ret < 0,2020-23,452.0,1.7665111048205813,,,,0.18232793810219766,,0.014051454997786372,-0.1837094630328715,,,,,
b filter,SPY,day ret < 0,2024-25H1,160.0,3.614707889050385,,,,0.4492930184631662,,0.03582961736602308,-0.0756636100591116,,,,,
b filter,SPY,day ret < 0,2025H2-26,142.0,7.8360901206350935,,,,1.3768729837922016,,0.09081287140456862,-0.06507693963823635,,,,,
b filter,SPY,day ret > 0,2020-23,554.0,-1.1558997998646345,,,,-0.1545168550807112,,-0.021317830998306087,-0.25038543976923144,,,,,
b filter,SPY,day ret > 0,2024-25H1,214.0,2.242053532221622,,,,0.4603061468776256,,0.030306539109113517,-0.12499821532913502,,,,,
b filter,SPY,day ret > 0,2025H2-26,170.0,1.7267525213286412,,,,0.49791787745537136,,0.022625413822526363,-0.0569157525778512,,,,,
b filter,SPY,day ret bottom tercile,2020-23,335.0,4.8859883725523465,,,,0.39118584416344754,,0.036114048258416576,-0.17276858666668693,,,,,
b filter,SPY,day ret bottom tercile,2024-25H1,103.0,4.695943819336563,,,,0.4350908805931962,,0.030219712393034115,-0.07557700144656065,,,,,
b filter,SPY,day ret bottom tercile,2025H2-26,95.0,9.648707832791805,,,,1.4116883524436465,,0.07462895449160789,-0.04323221600749505,,,,,
b filter,SPY,day ret top tercile,2020-23,335.0,-4.342215714201059,,,,-0.393426807357627,,-0.04003243651867683,-0.21795075008917297,,,,,
b filter,SPY,day ret top tercile,2024-25H1,111.0,3.5247958377711304,,,,0.4425453833658637,,0.024887116943428156,-0.09441600948429185,,,,,
b filter,SPY,day ret top tercile,2025H2-26,89.0,2.208638964623585,,,,0.5002785425296115,,0.015348415455304298,-0.019889213040287346,,,,,
b filter,SPY,5d ret < 0,2020-23,406.0,-1.3468984670647135,,,,-0.10804617714492203,,-0.02164731464857983,-0.2855311719553959,,,,,
b filter,SPY,5d ret < 0,2024-25H1,150.0,5.079754483961113,,,,0.5513449604534759,,0.04811192767037831,-0.13738699348239114,,,,,
b filter,SPY,5d ret < 0,2025H2-26,128.0,7.746523441458125,,,,1.3037121274930028,,0.08054669708205942,-0.05888705272144645,,,,,
b filter,SPY,5d ret > 0,2020-23,600.0,1.1748921798036165,,,,0.2151139632409072,,0.014392961061969967,-0.18374770929816686,,,,,
b filter,SPY,5d ret > 0,2024-25H1,224.0,1.3222747569166136,,,,0.3244952209299929,,0.018232881432045822,-0.08582524443815609,,,,,
b filter,SPY,5d ret > 0,2025H2-26,187.0,2.546698951259902,,,,0.7310428456389982,,0.03742855662919764,-0.05068096649453735,,,,,
b filter,SPY,VIX > 20,2020-23,579.0,2.5028651763715954,,,,0.2539488040367399,,0.02627649920326358,-0.2743056671572046,,,,,
b filter,SPY,VIX > 20,2024-25H1,75.0,1.1384632265491557,,,,0.0702576782439397,,0.0024064418395843834,-0.1306004931878907,,,,,
b filter,SPY,VIX > 20,2025H2-26,50.0,10.127337307645561,,,,0.8967547116720094,,0.040284717381295465,-0.036192845171269195,,,,,
b filter,SPY,VIX <= 20,2020-23,427.0,-3.0235700394970904,,,,-0.6641838118805575,,-0.03297592975477859,-0.16454027140342298,,,,,
b filter,SPY,VIX <= 20,2024-25H1,299.0,3.2534046025160612,,,,0.8649009368375089,,0.06465998584024857,-0.07119468869131473,,,,,
b filter,SPY,VIX <= 20,2025H2-26,265.0,3.6280031660753354,,,,1.1623928836139912,,0.07757999477888444,-0.06396003495925318,,,,,
b filter,SPY,VIX up yesterday,2020-23,438.0,-4.751854919639549,,,,-0.4557606658391002,,-0.05713232841296878,-0.25217366219785975,,,,,
b filter,SPY,VIX up yesterday,2024-25H1,160.0,5.91912596215032,,,,0.7522308511499021,,0.06205185176086947,-0.085049520432952,,,,,
b filter,SPY,VIX up yesterday,2025H2-26,146.0,11.506319240885595,,,,2.274753266333858,,0.14182107725170878,-0.052338328549726976,,,,,
b filter,SPY,VIX down yesterday,2020-23,568.0,3.942617931436653,,,,0.5694361685111043,,0.052569843428926344,-0.2108887924502192,,,,,
b filter,SPY,VIX down yesterday,2024-25H1,214.0,0.5191241317730722,,,,0.10327822847016944,,0.004868101689821325,-0.108408312944825,,,,,
b filter,SPY,VIX down yesterday,2025H2-26,169.0,-1.2552361229411555,,,,-0.31593616354304843,,-0.018243731301195165,-0.07875906847562009,,,,,
b filter,SPY,pre-holiday,2020-23,37.0,-4.599052695005162,,,,-0.17446708013952503,,-0.0045501935672356275,-0.058791585057528684,,,,,
b filter,SPY,pre-holiday,2024-25H1,16.0,0.6472621770278704,,,,0.04064915854373282,,0.0005510780950310767,-0.015100169055449753,,,,,
b filter,SPY,pre-holiday,2025H2-26,12.0,-13.200908992207712,,,,-0.6491840471812725,,-0.0127819774149327,-0.025845861849821072,,,,,
b filter,SPY,not pre-holiday,2020-23,969.0,0.33876107323951116,,,,0.05516710981496359,,-0.00302951385064254,-0.29582411255385976,,,,,
b filter,SPY,not pre-holiday,2024-25H1,358.0,2.9268059310364327,,,,0.6404645653631704,,0.06663422941586239,-0.1709289175000478,,,,,
b filter,SPY,not pre-holiday,2025H2-26,303.0,5.366992119797803,,,,1.6795490039577994,,0.13550398663603724,-0.07356603781570381,,,,,
b filter,SPY,month end,2020-23,48.0,14.126912483424913,,,,0.5921419692662332,,0.01670810795730926,-0.057868726626913114,,,,,
b filter,SPY,month end,2024-25H1,18.0,2.916106982096645,,,,0.19074113739964993,,0.0033703771988593534,-0.015971510653774335,,,,,
b filter,SPY,month end,2025H2-26,15.0,-22.956842021795147,,,,-1.2661223096526177,,-0.027404274084670388,-0.036615920426729676,,,,,
b filter,SPY,not month end,2020-23,958.0,-0.5427946439984351,,,,-0.08784121542960166,,-0.023875122378556934,-0.3026889597380681,,,,,
b filter,SPY,not month end,2024-25H1,356.0,2.824895484454352,,,,0.6159182651830475,,0.06363716971045474,-0.15602798760041814,,,,,
b filter,SPY,not month end,2025H2-26,300.0,6.040467782397231,,,,1.8891474239326322,,0.15257549509515145,-0.0644277930278172,,,,,
b filter,SPY,only Mon,2020-23,185.0,17.68635939780391,,,,1.3630344509066545,,0.0834688193380424,-0.05379956921796425,,,,,
b filter,SPY,only Mon,2024-25H1,71.0,1.1247005634591118,,,,0.13697970582662658,,0.00463012533371443,-0.02624194489952958,,,,,
b filter,SPY,only Mon,2025H2-26,60.0,-6.781467783944691,,,,-1.0233619390608517,,-0.03251931351832382,-0.05581710083227209,,,,,
b filter,SPY,skip Mon,2020-23,821.0,-3.7927916666745762,,,,-0.5637047585710818,,-0.08402156135614869,-0.3741393334235047,,,,,
b filter,SPY,skip Mon,2024-25H1,303.0,3.228709498804922,,,,0.6312160074949787,,0.06230343015106987,-0.18232041742114813,,,,,
b filter,SPY,skip Mon,2025H2-26,255.0,7.351669691878131,,,,2.0516574212460026,,0.15866912485960016,-0.06207259116292485,,,,,
b filter,SPY,only Tue,2020-23,207.0,3.513709720530087,,,,0.29959468962691305,,0.016476523223989625,-0.13011602822604262,,,,,
b filter,SPY,only Tue,2024-25H1,78.0,3.8220489969221676,,,,0.4255033683122207,,0.01916152194642562,-0.029259709400146217,,,,,
b filter,SPY,only Tue,2025H2-26,66.0,15.29983318596656,,,,2.4914282219920927,,0.08355922938827498,-0.013973911872181222,,,,,
b filter,SPY,skip Tue,2020-23,799.0,-0.7124447833489762,,,,-0.10314089806447131,,-0.023652730995868287,-0.2703842870540005,,,,,
b filter,SPY,skip Tue,2024-25H1,296.0,2.5676787039985123,,,,0.5064385605204845,,0.04715690809921025,-0.1541006268984756,,,,,
b filter,SPY,skip Tue,2025H2-26,249.0,1.8393522655359396,,,,0.5001691350568159,,0.03454427771073032,-0.09193733284631178,,,,,
b filter,SPY,only Wed,2020-23,208.0,-10.163476592427285,,,,-0.8262355709086993,,-0.05355563441000022,-0.24370603082167253,,,,,
b filter,SPY,only Wed,2024-25H1,75.0,9.994007405012205,,,,0.9500074062463301,,0.050300458421782546,-0.08583853645766759,,,,,
b filter,SPY,only Wed,2025H2-26,66.0,4.056377483159875,,,,0.5536743987719202,,0.020886990645004433,-0.05151868303002349,,,,,
b filter,SPY,skip Wed,2020-23,798.0,2.847240177291694,,,,0.4164052223924955,,0.04859209219116534,-0.20724714314360204,,,,,
b filter,SPY,skip Wed,2024-25H1,299.0,1.032114256747737,,,,0.21191744394176154,,0.01611117049187083,-0.1200015869957839,,,,,
b filter,SPY,skip Wed,2025H2-26,249.0,4.819545343388313,,,,1.369537707562815,,0.09805493712486091,-0.07619936509377734,,,,,
b filter,SPY,only Thu,2020-23,205.0,1.8289226633078954,,,,0.15417239334608465,,0.007578336180021239,-0.10184180522616582,,,,,
b filter,SPY,only Thu,2024-25H1,74.0,0.016434434304939276,,,,0.002074670202650551,,-0.0006994462983788141,-0.048829720340780924,,,,,
b filter,SPY,only Thu,2025H2-26,62.0,0.6898797245256384,,,,0.10411443054940855,,0.0028862263146245404,-0.029977052014856342,,,,,
b filter,SPY,skip Thu,2020-23,801.0,-0.27070488854459734,,,,-0.03929942962497024,,-0.01503035365059513,-0.2954308548251634,,,,,
b filter,SPY,skip Thu,2024-25H1,300.0,3.5231219000164113,,,,0.6825778093259279,,0.06796901514953513,-0.14442716004425826,,,,,
b filter,SPY,skip Thu,2025H2-26,253.0,5.6324709939591,,,,1.5634188318285216,,0.11776388079799371,-0.056518584597187504,,,,,
b filter,SPY,only Fri,2020-23,201.0,-10.458437240013911,,,,-0.6028245651015839,,-0.05503877776534849,-0.2165257997288399,,,,,
b filter,SPY,only Fri,2024-25H1,76.0,-0.928783514954189,,,,-0.07256397100221838,,-0.006893368217916307,-0.09543835651645594,,,,,
b filter,SPY,only Fri,2025H2-26,61.0,9.088415153212932,,,,1.054358199160814,,0.04442544172912921,-0.04817690567964683,,,,,
b filter,SPY,skip Fri,2020-23,805.0,2.8077520689399904,,,,0.4598443908058818,,0.050237887126883374,-0.15540319074140274,,,,,
b filter,SPY,skip Fri,2024-25H1,298.0,3.7877190110067356,,,,0.8426256358541216,,0.07462984741127365,-0.13000705972451698,,,,,
b filter,SPY,skip Fri,2025H2-26,254.0,3.596040866323831,,,,1.0715246137429986,,0.0733078260410831,-0.06703759931729913,,,,,
b selected rule,SPY,skip Fri,2025H2-26,254.0,3.596040866323831,,,,1.0715246137429986,,,,0.4598443908058818,0.4598443908058818,0.8426256358541216,1.468467685231704,
b filter,QQQ,day ret < 0,2020-23,452.0,2.7884045574805265,,,,0.254106335539482,,0.024117331663784825,-0.16785802913374837,,,,,
b filter,QQQ,day ret < 0,2024-25H1,167.0,8.088761969177282,,,,0.810750788743105,,0.08837543904028156,-0.1139203417048833,,,,,
b filter,QQQ,day ret < 0,2025H2-26,143.0,9.361938051293814,,,,1.0835875604707763,,0.10762397254883149,-0.07975727864895088,,,,,
b filter,QQQ,day ret > 0,2020-23,554.0,-1.377986300535977,,,,-0.1698187018284076,,-0.02522939756440956,-0.3288902964345517,,,,,
b filter,QQQ,day ret > 0,2024-25H1,207.0,2.7689564510829068,,,,0.4367157176480318,,0.03531063131163337,-0.13031928660938963,,,,,
b filter,QQQ,day ret > 0,2025H2-26,169.0,4.705797613373632,,,,0.8725765395995515,,0.06286218469278215,-0.07525132998767692,,,,,
b filter,QQQ,day ret bottom tercile,2020-23,335.0,1.3480388739872193,,,,0.0958056422294294,,0.004328278501017024,-0.17569072664730556,,,,,
b filter,QQQ,day ret bottom tercile,2024-25H1,104.0,4.8861556325692135,,,,0.3799109695135604,,0.030591494187785617,-0.10844331706511456,,,,,
b filter,QQQ,day ret bottom tercile,2025H2-26,94.0,15.461905540960267,,,,1.4492078990275126,,0.1196769571913967,-0.06581871300357733,,,,,
b filter,QQQ,day ret top tercile,2020-23,335.0,-1.5736722590275218,,,,-0.13100001018710078,,-0.018205373699903382,-0.2539166606035651,,,,,
b filter,QQQ,day ret top tercile,2024-25H1,113.0,7.7882898490306705,,,,0.865895070784404,,0.05859636255593914,-0.10656911434727634,,,,,
b filter,QQQ,day ret top tercile,2025H2-26,89.0,3.6705625021282184,,,,0.5183836553630314,,0.025175969158308886,-0.044990910930454264,,,,,
b filter,QQQ,5d ret < 0,2020-23,419.0,1.384353426352482,,,,0.108632381426901,,0.005522061911299669,-0.21183129086151975,,,,,
b filter,QQQ,5d ret < 0,2024-25H1,151.0,11.36205311801828,,,,0.9890327435682451,,0.11485648893049483,-0.13628403764327257,,,,,
b filter,QQQ,5d ret < 0,2025H2-26,129.0,10.720928059669358,,,,1.2443810922835132,,0.11257988594197021,-0.07296222868100177,,,,,
b filter,QQQ,5d ret > 0,2020-23,587.0,-0.14154963570259538,,,,-0.020576062182349416,,-0.00720281914739429,-0.27383019168355494,,,,,
b filter,QQQ,5d ret > 0,2024-25H1,223.0,0.9342027506995867,,,,0.17089218905319323,,0.010719024452950254,-0.11986761105352162,,,,,
b filter,QQQ,5d ret > 0,2025H2-26,186.0,4.629674229695429,,,,0.8114107585236827,,0.06746941389589467,-0.08615210677264151,,,,,
b filter,QQQ,VIX > 20,2020-23,579.0,3.1598741711594496,,,,0.2975886718373867,,0.034443598561609834,-0.25143442827513895,,,,,
b filter,QQQ,VIX > 20,2024-25H1,75.0,3.2902609843581714,,,,0.17422096774199936,,0.012151623456033045,-0.1386798830991205,,,,,
b filter,QQQ,VIX > 20,2025H2-26,50.0,13.431324954811657,,,,0.9477764447171925,,0.05351227756009114,-0.04278373893753962,,,,,
b filter,QQQ,VIX <= 20,2020-23,427.0,-3.120872823459141,,,,-0.5036563905647512,,-0.03495998260442479,-0.23168601958081747,,,,,
b filter,QQQ,VIX <= 20,2024-25H1,299.0,5.609457058193662,,,,1.0630116071158098,,0.1132785215018901,-0.08877723184621011,,,,,
b filter,QQQ,VIX <= 20,2025H2-26,265.0,5.934161806340053,,,,1.1535691559830767,,0.12731956148569257,-0.0749065733719061,,,,,
b filter,QQQ,VIX up yesterday,2020-23,438.0,-3.126850294914294,,,,-0.2790224432613038,,-0.04110616167968628,-0.25398211869710774,,,,,
b filter,QQQ,VIX up yesterday,2024-25H1,160.0,8.450810137151619,,,,0.8720243993472208,,0.08938965795415421,-0.09407761219950594,,,,,
b filter,QQQ,VIX up yesterday,2025H2-26,146.0,18.15237693033061,,,,2.439424967373778,,0.2314406617939484,-0.06492817925856609,,,,,
b filter,QQQ,VIX down yesterday,2020-23,568.0,3.2861177441139544,,,,0.41020153048844227,,0.0410740255660782,-0.2778205600079823,,,,,
b filter,QQQ,VIX down yesterday,2024-25H1,214.0,2.672278562067797,,,,0.3951604351345691,,0.03434675982970381,-0.13653444543511173,,,,,
b filter,QQQ,VIX down yesterday,2025H2-26,169.0,-2.4031237006365216,,,,-0.3765756307822237,,-0.03556457439964156,-0.13372477170645414,,,,,
b filter,QQQ,pre-holiday,2020-23,37.0,-11.45113903506715,,,,-0.3396146732690918,,-0.011045421566713176,-0.05882891361083975,,,,,
b filter,QQQ,pre-holiday,2024-25H1,16.0,1.5635862208732012,,,,0.08192906516152983,,0.0014755477297019315,-0.0168430576428219,,,,,
b filter,QQQ,pre-holiday,2025H2-26,12.0,-2.7489720036934897,,,,-0.09439754442258814,,-0.0030257722368005613,-0.03188315882713588,,,,,
b filter,QQQ,not pre-holiday,2020-23,969.0,0.9500996839852971,,,,0.13997784943179775,,0.009429037612751712,-0.29528611529371507,,,,,
b filter,QQQ,not pre-holiday,2024-25H1,358.0,5.304413001935186,,,,0.9053486653859957,,0.12514645559872806,-0.1877634122134373,,,,,
b filter,QQQ,not pre-holiday,2025H2-26,303.0,7.515203928927454,,,,1.5251101428200664,,0.19124944826650303,-0.09091476540066878,,,,,
b filter,QQQ,month end,2020-23,48.0,17.21634398263829,,,,0.702733406870796,,0.020471676494492108,-0.0535557325323055,,,,,
b filter,QQQ,month end,2024-25H1,18.0,7.410039485479938,,,,0.37484690660248215,,0.008738294587518736,-0.017122653812298716,,,,,
b filter,QQQ,month end,2025H2-26,15.0,-37.05095042360389,,,,-1.4085565741952066,,-0.043968681421349576,-0.05793326531877252,,,,,
b filter,QQQ,not month end,2020-23,958.0,-0.3438727157436019,,,,-0.04998681628548828,,-0.021747010382580867,-0.33050350688536123,,,,,
b filter,QQQ,not month end,2024-25H1,356.0,5.029821695191374,,,,0.8567927562870559,,0.11704558946840504,-0.17550611145840334,,,,,
b filter,QQQ,not month end,2025H2-26,300.0,9.332944609249184,,,,1.894614910342709,,0.2422657874059293,-0.07863453370490403,,,,,
b filter,QQQ,only Mon,2020-23,185.0,21.658187749728313,,,,1.4051389615003724,,0.1027798453620723,-0.059829006045282074,,,,,
b filter,QQQ,only Mon,2024-25H1,71.0,0.3400952769584195,,,,0.035889250661801105,,0.0006090527618820563,-0.04156798686791052,,,,,
b filter,QQQ,only Mon,2025H2-26,60.0,-9.835558111812961,,,,-0.8722022498073956,,-0.047520110988189646,-0.09160277837878972,,,,,
b filter,QQQ,skip Mon,2020-23,821.0,-4.2750429771199405,,,,-0.5803536768153464,,-0.09476086949805007,-0.41943181641558824,,,,,
b filter,QQQ,skip Mon,2024-25H1,303.0,6.27013356291327,,,,0.9451983261269776,,0.12612079591590253,-0.1981972200119153,,,,,
b filter,QQQ,skip Mon,2025H2-26,255.0,11.114716129919508,,,,2.066602705622736,,0.24689771664471505,-0.0861121555500709,,,,,
b filter,QQQ,only Tue,2020-23,207.0,7.006813979121941,,,,0.5403264602343375,,0.03464383891752254,-0.11105203093175575,,,,,
b filter,QQQ,only Tue,2024-25H1,78.0,4.590921394098438,,,,0.39028757659121455,,0.022476403861440897,-0.03753494325039919,,,,,
b filter,QQQ,only Tue,2025H2-26,66.0,20.005600728123493,,,,2.316568381912184,,0.11024708405309869,-0.018901043627574388,,,,,
b filter,QQQ,skip Tue,2020-23,799.0,-1.1933116948610425,,,,-0.15548940235869524,,-0.03514675214702956,-0.3451647402672472,,,,,
b filter,QQQ,skip Tue,2024-25H1,296.0,5.290220829348275,,,,0.8190645381093011,,0.10203683785896511,-0.17854921419116454,,,,,
b filter,QQQ,skip Tue,2025H2-26,249.0,3.7098372625082185,,,,0.6472550399243221,,0.06971233324314419,-0.1256912657762066,,,,,
b filter,QQQ,only Wed,2020-23,208.0,-8.556310123804813,,,,-0.5632532732290862,,-0.0466224363761365,-0.2652216684072771,,,,,
b filter,QQQ,only Wed,2024-25H1,75.0,19.662661548420466,,,,1.4593531155111878,,0.10188273217575095,-0.09637111877755,,,,,
b filter,QQQ,only Wed,2025H2-26,66.0,8.547742065889748,,,,0.7309653278182872,,0.04418352256249469,-0.07534057716469988,,,,,
b filter,QQQ,skip Wed,2020-23,798.0,2.85296610931788,,,,0.38592176900046266,,0.04709771494527093,-0.19624733228514957,,,,,
b filter,QQQ,skip Wed,2024-25H1,299.0,1.502667619047601,,,,0.2409682581938328,,0.02261940403758156,-0.13128965481435206,,,,,
b filter,QQQ,skip Wed,2025H2-26,249.0,6.746860040449693,,,,1.2649290299930573,,0.13739105540018204,-0.09552685016962636,,,,,
b filter,QQQ,only Thu,2020-23,205.0,-2.552137295981523,,,,-0.19550066617640854,,-0.015231129725026937,-0.14853015329073593,,,,,
b filter,QQQ,only Thu,2024-25H1,74.0,1.3209223369482492,,,,0.12486198456340877,,0.005207299732675974,-0.062392197650006365,,,,,
b filter,QQQ,only Thu,2025H2-26,62.0,-1.3249502452710866,,,,-0.13156980402892138,,-0.007789188558092741,-0.06356226624885308,,,,,
b filter,QQQ,skip Thu,2020-23,801.0,1.2735862611241937,,,,0.16625284574137494,,0.01371956251205586,-0.2649053193810852,,,,,
b filter,QQQ,skip Thu,2024-25H1,300.0,6.087496604308661,,,,0.9270196339268075,,0.12096943903663582,-0.16501671509268134,,,,,
b filter,QQQ,skip Thu,2025H2-26,253.0,9.194727437262863,,,,1.6613437405166414,,0.19696841141341692,-0.06664501249026167,,,,,
b filter,QQQ,only Fri,2020-23,201.0,-13.220498141622379,,,,-0.7600852086497801,,-0.06809164789196076,-0.2503396151601982,,,,,
b filter,QQQ,only Fri,2024-25H1,76.0,-0.4038061610876846,,,,-0.024497019951504256,,-0.0056468055936251815,-0.12122931654342228,,,,,
b filter,QQQ,only Fri,2025H2-26,61.0,16.91604760543293,,,,1.343337821528302,,0.08400278459407828,-0.06475025542379154,,,,,
b filter,QQQ,skip Fri,2020-23,805.0,3.9183535104973486,,,,0.5530545359260399,,0.07122064749442547,-0.21357934574200754,,,,,
b filter,QQQ,skip Fri,2024-25H1,298.0,6.559350679427625,,,,1.1434050830164484,,0.13320565492784264,-0.1446022737006275,,,,,
b filter,QQQ,skip Fri,2025H2-26,254.0,4.772599301138931,,,,0.9106850521909963,,0.0956106530700187,-0.07953393659992569,,,,,
b selected rule,QQQ,skip Fri,2025H2-26,254.0,4.772599301138931,,,,0.9106850521909963,,,,0.5530545359260399,0.5530545359260399,1.1434050830164484,1.4632807979971238,
b filter,IWM,day ret < 0,2020-23,484.0,3.591783545405902,,,,0.3200747594760726,,0.034898480930968034,-0.20616713639906792,,,,,
b filter,IWM,day ret < 0,2024-25H1,187.0,-1.6582089972765173,,,,-0.17874668062710772,,-0.02737203132931121,-0.1476762584008694,,,,,
b filter,IWM,day ret < 0,2025H2-26,143.0,9.098041324043628,,,,1.3133482799394476,,0.10620047097505925,-0.06474330024306696,,,,,
b filter,IWM,day ret > 0,2020-23,522.0,5.202108715019608,,,,0.55341613736307,,0.06227104066640532,-0.244920264012374,,,,,
b filter,IWM,day ret > 0,2024-25H1,187.0,8.357862600400264,,,,0.9342750103011797,,0.1040253842180936,-0.11644604949987514,,,,,
b filter,IWM,day ret > 0,2025H2-26,169.0,1.0982466556227848,,,,0.18334776269992342,,0.011648076567037258,-0.10108250794875462,,,,,
b filter,IWM,day ret bottom tercile,2020-23,335.0,7.14264868998119,,,,0.4730758917075017,,0.053285183576311956,-0.18429857814870143,,,,,
b filter,IWM,day ret bottom tercile,2024-25H1,115.0,-2.01980639819288,,,,-0.15658671233567498,,-0.020480936022100882,-0.12572682581447558,,,,,
b filter,IWM,day ret bottom tercile,2025H2-26,97.0,16.48977634257909,,,,1.8152966239005712,,0.1336640026136069,-0.041087351242160786,,,,,
b filter,IWM,day ret top tercile,2020-23,335.0,7.468960956214006,,,,0.5624244309862094,,0.05802432703991789,-0.18121804076529247,,,,,
b filter,IWM,day ret top tercile,2024-25H1,108.0,12.55397172981907,,,,0.9360431445700474,,0.09046246036932448,-0.10225682694955573,,,,,
b filter,IWM,day ret top tercile,2025H2-26,93.0,2.217228073304431,,,,0.27966132320744985,,0.014863753483198794,-0.07402275182891005,,,,,
b filter,IWM,5d ret < 0,2020-23,471.0,2.236953156048897,,,,0.18377783940072753,,0.016133096331702124,-0.28033618069575705,,,,,
b filter,IWM,5d ret < 0,2024-25H1,177.0,-8.85168955707799,,,,-0.8831633259869834,,-0.10667266186320601,-0.19812729917830263,,,,,
b filter,IWM,5d ret < 0,2025H2-26,144.0,2.535804584788002,,,,0.3576954980943763,,0.026222796151421646,-0.09592074834810993,,,,,
b filter,IWM,5d ret > 0,2020-23,535.0,6.355736539659187,,,,0.7473864503281404,,0.08188847532996468,-0.1304743884869951,,,,,
b filter,IWM,5d ret > 0,2024-25H1,197.0,14.31261053495911,,,,1.73879861338616,,0.20202967151162032,-0.054731294638129424,,,,,
b filter,IWM,5d ret > 0,2025H2-26,171.0,6.69283981256618,,,,1.1634847214646529,,0.09249010079568398,-0.06312835127078098,,,,,
b filter,IWM,VIX > 20,2020-23,579.0,8.79951264993913,,,,0.7484444080106393,,0.11965769671362203,-0.2689827486104337,,,,,
b filter,IWM,VIX > 20,2024-25H1,75.0,-1.8110409720613527,,,,-0.08670190714696543,,-0.014592236080110843,-0.16358874425710146,,,,,
b filter,IWM,VIX > 20,2025H2-26,50.0,4.131802775669219,,,,0.2557584787461736,,0.014558524209124402,-0.06611420785844635,,,,,
b filter,IWM,VIX <= 20,2020-23,427.0,-1.5011565318455748,,,,-0.23934428582496595,,-0.018143947431995988,-0.1600840888921362,,,,,
b filter,IWM,VIX <= 20,2024-25H1,299.0,4.644358851801813,,,,0.7580267622453956,,0.08970723200047481,-0.09002669212402947,,,,,
b filter,IWM,VIX <= 20,2025H2-26,265.0,4.917137091980482,,,,1.1189594631491893,,0.10505034382344025,-0.07973380393757956,,,,,
b filter,IWM,VIX up yesterday,2020-23,438.0,0.38807784706000525,,,,0.03296301679499473,,-0.004164489233786983,-0.2197222152890066,,,,,
b filter,IWM,VIX up yesterday,2024-25H1,160.0,10.93752402953892,,,,0.9889649650387058,,0.11716676035825557,-0.09909069666484294,,,,,
b filter,IWM,VIX up yesterday,2025H2-26,146.0,13.599907341429622,,,,1.9304547179328075,,0.16816335031878538,-0.0695683226558681,,,,,
b filter,IWM,VIX down yesterday,2020-23,568.0,7.542158253881007,,,,0.8251617880742217,,0.10394003270356067,-0.20561686356274322,,,,,
b filter,IWM,VIX down yesterday,2024-25H1,214.0,-2.3232178548695646,,,,-0.30405576970753023,,-0.03881317909192894,-0.1373374972314143,,,,,
b filter,IWM,VIX down yesterday,2025H2-26,169.0,-2.8163017969848285,,,,-0.490661147564188,,-0.04025558951122421,-0.09465352243440694,,,,,
b filter,IWM,pre-holiday,2020-23,37.0,5.405199692357656,,,,0.14726029504958804,,0.004444751064291541,-0.07167573630069735,,,,,
b filter,IWM,pre-holiday,2024-25H1,16.0,-5.883880454876238,,,,-0.22582291009246983,,-0.006714690208224461,-0.0321835496861419,,,,,
b filter,IWM,pre-holiday,2025H2-26,12.0,-17.347318938758168,,,,-0.6771402464997027,,-0.016814307611914714,-0.03446959854299059,,,,,
b filter,IWM,not pre-holiday,2020-23,969.0,4.390022287512346,,,,0.5916199711847732,,0.09447800404927897,-0.2935390970358144,,,,,
b filter,IWM,not pre-holiday,2024-25H1,358.0,3.7625064554808945,,,,0.5673312619790556,,0.0810649832705419,-0.2040237242835775,,,,,
b filter,IWM,not pre-holiday,2025H2-26,303.0,5.669304605357711,,,,1.243263038757923,,0.14031179937447225,-0.11957377308768458,,,,,
b filter,IWM,month end,2020-23,48.0,23.98880376105972,,,,0.7334300303746053,,0.02845769088924799,-0.07389176307607259,,,,,
b filter,IWM,month end,2024-25H1,18.0,3.152864901321371,,,,0.1518392268427629,,0.0035115339699689496,-0.022324481838009835,,,,,
b filter,IWM,month end,2025H2-26,15.0,-42.78186541297129,,,,-1.7659938286030692,,-0.05045052921002868,-0.06266033539620053,,,,,
b filter,IWM,not month end,2020-23,958.0,3.447245725141784,,,,0.46196801566432577,,0.06892358923591924,-0.2963422785065607,,,,,
b filter,IWM,not month end,2024-25H1,356.0,3.359785549326842,,,,0.5021913293329994,,0.07004845531257708,-0.19029974489515133,,,,,
b filter,IWM,not month end,2025H2-26,300.0,7.1711981645095255,,,,1.576024287842716,,0.18070546137377352,-0.10924621881658048,,,,,
b filter,IWM,only Mon,2020-23,185.0,22.553632436097033,,,,1.3986178101668638,,0.10710049898972618,-0.07132984936666797,,,,,
b filter,IWM,only Mon,2024-25H1,71.0,-11.115707562644772,,,,-0.9158309779454045,,-0.05338771470302717,-0.10935456060870907,,,,,
b filter,IWM,only Mon,2025H2-26,60.0,-4.531911464555035,,,,-0.4697011682560784,,-0.022571367805970244,-0.0716648942904421,,,,,
b filter,IWM,skip Mon,2020-23,821.0,0.34287696046131866,,,,0.042129033645273914,,-0.007007324695620931,-0.365406582211252,,,,,
b filter,IWM,skip Mon,2024-25H1,303.0,6.739440464461778,,,,0.9081292065112283,,0.13436724146892254,-0.2053323295659344,,,,,
b filter,IWM,skip Mon,2025H2-26,255.0,6.986455513849375,,,,1.3796686707009451,,0.1470282423481708,-0.09669279052027802,,,,,
b filter,IWM,only Tue,2020-23,207.0,4.458607997147532,,,,0.3185065092103502,,0.020674381563800637,-0.13601034096130704,,,,,
b filter,IWM,only Tue,2024-25H1,78.0,6.610319364260359,,,,0.42728876005693733,,0.03198611954077424,-0.04375761230341513,,,,,
b filter,IWM,only Tue,2025H2-26,66.0,22.009139665996752,,,,2.5500728743602754,,0.12205133817635128,-0.018549019123267008,,,,,
b filter,IWM,skip Tue,2020-23,799.0,4.419264242562146,,,,0.5253921989489307,,0.07707483030806572,-0.26011843502782617,,,,,
b filter,IWM,skip Tue,2024-25H1,296.0,2.490642950580515,,,,0.3531213193914515,,0.04052365286730408,-0.1786868999525154,,,,,
b filter,IWM,skip Tue,2025H2-26,249.0,0.2290291172791292,,,,0.04396436354574692,,-0.0008137704033591708,-0.151879235143911,,,,,
b filter,IWM,only Wed,2020-23,208.0,-11.973504098046048,,,,-0.7977550008181921,,-0.06339304339611707,-0.27493060435463557,,,,,
b filter,IWM,only Wed,2024-25H1,75.0,15.003386222960673,,,,1.0625092342297526,,0.0759980777937086,-0.0993600163174998,,,,,
b filter,IWM,only Wed,2025H2-26,66.0,-2.9177663976891264,,,,-0.2900534983713269,,-0.016673299844888523,-0.07849398359204807,,,,,
b filter,IWM,skip Wed,2020-23,798.0,8.70227172632866,,,,1.051041486348019,,0.17375028935169756,-0.20184298208680618,,,,,
b filter,IWM,skip Wed,2024-25H1,299.0,0.42669316743173735,,,,0.05890314590952933,,-0.002037281502660915,-0.14465490390996583,,,,,
b filter,IWM,skip Wed,2025H2-26,249.0,6.836160845003097,,,,1.3615405793250646,,0.14014828014885117,-0.10178369923471697,,,,,
b filter,IWM,only Thu,2020-23,205.0,9.960465970448796,,,,0.6574449352943891,,0.04932115261956649,-0.10766287084670711,,,,,
b filter,IWM,only Thu,2024-25H1,74.0,0.9520846479342439,,,,0.07100854601684937,,0.002500774572358866,-0.07486505757269923,,,,,
b filter,IWM,only Thu,2025H2-26,62.0,-2.7119639887816334,,,,-0.2597115151295195,,-0.014684277413449687,-0.05592093690371969,,,,,
b filter,IWM,skip Thu,2020-23,801.0,3.011271487234323,,,,0.363911097048769,,0.0476703758217194,-0.28165056572685987,,,,,
b filter,IWM,skip Thu,2024-25H1,300.0,3.941269866123353,,,,0.5381131763650302,,0.07112731885018153,-0.17293325668895,,,,,
b filter,IWM,skip Thu,2025H2-26,253.0,6.631514764674899,,,,1.3326508058951803,,0.13784670264186594,-0.08460775025541023,,,,,
b filter,IWM,only Fri,2020-23,201.0,-0.9593857831802153,,,,-0.047026757196424594,,-0.01009612599716303,-0.19562641593316255,,,,,
b filter,IWM,only Fri,2024-25H1,76.0,4.351806837505614,,,,0.2696637718694201,,0.019022112212989883,-0.08758591442992503,,,,,
b filter,IWM,only Fri,2025H2-26,61.0,11.305857174225384,,,,0.9902097738879706,,0.05508667632293407,-0.060788624148850334,,,,,
b filter,IWM,skip Fri,2020-23,805.0,5.772373326255799,,,,0.7668671667232743,,0.11055498942260944,-0.1544314758476728,,,,,
b filter,IWM,skip Fri,2024-25H1,298.0,3.0942882689050797,,,,0.4441608412537954,,0.053761202964437205,-0.16615005120603898,,,,,
b filter,IWM,skip Fri,2025H2-26,254.0,3.228244805238345,,,,0.6638138494411373,,0.06260297960880035,-0.1157269972437126,,,,,
b selected rule,IWM,5d ret > 0,2025H2-26,171.0,6.69283981256618,,,,1.1634847214646529,,,,0.7473864503281404,0.7473864503281404,1.73879861338616,1.0657636173973901,
b filter,DIA,day ret < 0,2020-23,469.0,-0.3536672964713275,,,,-0.038734860263181056,,-0.009874973089280759,-0.17396516119662775,,,,,
b filter,DIA,day ret < 0,2024-25H1,172.0,-3.7627734504470056,,,,-0.5835848259987404,,-0.04533922058461737,-0.11291032501828646,,,,,
b filter,DIA,day ret < 0,2025H2-26,146.0,4.698672184129389,,,,0.9063014383998829,,0.05448262989184971,-0.08672030209186687,,,,,
b filter,DIA,day ret > 0,2020-23,537.0,-0.5993839481998597,,,,-0.07666553191519912,,-0.013629160105699256,-0.220509264398557,,,,,
b filter,DIA,day ret > 0,2024-25H1,202.0,0.9859094791465879,,,,0.22900640910842493,,0.011777399712454617,-0.09978817415680963,,,,,
b filter,DIA,day ret > 0,2025H2-26,166.0,1.694988120876278,,,,0.43505791284786083,,0.021400756822112843,-0.05181027137876948,,,,,
b filter,DIA,day ret bottom tercile,2020-23,335.0,-1.49224575201986,,,,-0.12312391583181784,,-0.01755671009595927,-0.1614123855208729,,,,,
b filter,DIA,day ret bottom tercile,2024-25H1,117.0,-2.803400546030579,,,,-0.31771010101358194,,-0.024218699316608805,-0.0899248751898245,,,,,
b filter,DIA,day ret bottom tercile,2025H2-26,100.0,4.423763444885401,,,,0.770105325549615,,0.03493133937440529,-0.052652002311281865,,,,,
b filter,DIA,day ret top tercile,2020-23,335.0,-3.8175829609654004,,,,-0.34501907194857084,,-0.03583929737663816,-0.22050926439855711,,,,,
b filter,DIA,day ret top tercile,2024-25H1,117.0,5.137938329535755,,,,0.7829240873445162,,0.039946424961068594,-0.07629299563241254,,,,,
b filter,DIA,day ret top tercile,2025H2-26,102.0,3.072411125333966,,,,0.600907597336954,,0.024498164294113778,-0.04678340934114311,,,,,
b filter,DIA,5d ret < 0,2020-23,416.0,-2.7845300689405352,,,,-0.2434864820422205,,-0.03560348853620354,-0.21523172432111848,,,,,
b filter,DIA,5d ret < 0,2024-25H1,156.0,-1.6870922399392705,,,,-0.21914536029158557,,-0.020781235583446578,-0.14060544572570555,,,,,
b filter,DIA,5d ret < 0,2025H2-26,139.0,4.817834349330736,,,,0.9574168847350123,,0.05338374605312546,-0.054437915365899925,,,,,
b filter,DIA,5d ret > 0,2020-23,590.0,1.1366531634760786,,,,0.18372400012291373,,0.012685594343272433,-0.15993664760792448,,,,,
b filter,DIA,5d ret > 0,2024-25H1,218.0,-0.8479675654070986,,,,-0.2503431837264021,,-0.01359712854371753,-0.0761719067493235,,,,,
b filter,DIA,5d ret > 0,2025H2-26,176.0,1.8369468945602616,,,,0.45599092715547007,,0.024560597955728403,-0.07325060024183194,,,,,
b filter,DIA,VIX > 20,2020-23,579.0,1.7280905498384591,,,,0.1749251048307063,,0.014764042644190178,-0.2669213362256705,,,,,
b filter,DIA,VIX > 20,2024-25H1,75.0,-4.542656095355255,,,,-0.3159334355605021,,-0.025261680143939258,-0.1278871682094076,,,,,
b filter,DIA,VIX > 20,2025H2-26,50.0,8.094066068657366,,,,0.7071513043913995,,0.031831475857799774,-0.042348489853503035,,,,,
b filter,DIA,VIX <= 20,2020-23,427.0,-3.485488455702212,,,,-0.8277118058300538,,-0.03757877363345663,-0.17984186150661452,,,,,
b filter,DIA,VIX <= 20,2024-25H1,299.0,-0.3590104064803676,,,,-0.11821363830756304,,-0.009063067155299365,-0.07485303934799836,,,,,
b filter,DIA,VIX <= 20,2025H2-26,265.0,2.219918205912113,,,,0.7216153088702508,,0.0459609984622833,-0.09151168155709388,,,,,
b filter,DIA,VIX up yesterday,2020-23,438.0,-7.095824960401959,,,,-0.6857740674096504,,-0.0810014078261646,-0.2929655681941492,,,,,
b filter,DIA,VIX up yesterday,2024-25H1,160.0,1.1778874554960017,,,,0.17604491571286998,,0.010158775301229106,-0.07701480287978335,,,,,
b filter,DIA,VIX up yesterday,2025H2-26,146.0,5.280420238596187,,,,1.10936906639191,,0.0619765610879528,-0.06131832592688413,,,,,
b filter,DIA,VIX down yesterday,2020-23,568.0,4.613084842302258,,,,0.6685960458230304,,0.06271158923555387,-0.17897549353360231,,,,,
b filter,DIA,VIX down yesterday,2024-25H1,214.0,-2.9743238858347385,,,,-0.6944041874651035,,-0.04380952319467879,-0.11003689325037846,,,,,
b filter,DIA,VIX down yesterday,2025H2-26,169.0,1.313847770204348,,,,0.31133115369510056,,0.01627052825665043,-0.05627210620261591,,,,,
b filter,DIA,pre-holiday,2020-23,37.0,-5.984975386059372,,,,-0.22249389697063152,,-0.005840328637310099,-0.07169763622672909,,,,,
b filter,DIA,pre-holiday,2024-25H1,16.0,-3.5992667919049746,,,,-0.26555932787581793,,-0.003978698306387307,-0.019706962571338082,,,,,
b filter,DIA,pre-holiday,2025H2-26,12.0,-22.647471473732953,,,,-1.2261404721703613,,-0.02166236407181754,-0.027004232636288927,,,,,
b filter,DIA,not pre-holiday,2020-23,969.0,-0.27481429612402436,,,,-0.045029588973492435,,-0.01763219478051259,-0.2910408812235421,,,,,
b filter,DIA,not pre-holiday,2024-25H1,358.0,-1.0906565642983095,,,,-0.2803056405066613,,-0.03023740620611426,-0.15576790132256868,,,,,
b filter,DIA,not pre-holiday,2025H2-26,303.0,4.174096652423677,,,,1.3056310653817675,,0.10315236897649149,-0.08817502159726098,,,,,
b filter,DIA,month end,2020-23,48.0,12.046732674593148,,,,0.514646466348175,,0.014183619894793775,-0.05632898481563697,,,,,
b filter,DIA,month end,2024-25H1,18.0,-2.773325663663759,,,,-0.22057243204511678,,-0.003473985065480023,-0.014720959753492302,,,,,
b filter,DIA,month end,2025H2-26,15.0,-16.055360595364736,,,,-0.9432356115577181,,-0.019287238601120804,-0.03478746762450191,,,,,
b filter,DIA,not month end,2020-23,958.0,-1.1127163993829308,,,,-0.1809726174576875,,-0.03702797478073683,-0.2989016815018207,,,,,
b filter,DIA,not month end,2024-25H1,356.0,-1.1183243166947376,,,,-0.28612165900028,,-0.030728564504330036,-0.1501998034931631,,,,,
b filter,DIA,not month end,2025H2-26,300.0,4.112706789766832,,,,1.284477219231216,,0.1004807148564022,-0.09188375478032651,,,,,
b filter,DIA,only Mon,2020-23,185.0,16.59475574013778,,,,1.3064071017354701,,0.07808689568404259,-0.046618105561486045,,,,,
b filter,DIA,only Mon,2024-25H1,71.0,-2.743685928261038,,,,-0.33602332580199334,,-0.013780919783518475,-0.0499664352821938,,,,,
b filter,DIA,only Mon,2025H2-26,60.0,-0.8503405823971936,,,,-0.11986056774394596,,-0.004650021438338259,-0.0479206564504725,,,,,
b filter,DIA,skip Mon,2020-23,821.0,-4.333457922233699,,,,-0.6457608713846469,,-0.09410785132062605,-0.3753047373153511,,,,,
b filter,DIA,skip Mon,2024-25H1,303.0,-0.8357809167747242,,,,-0.19705878669040702,,-0.02059874891860869,-0.1805012097494333,,,,,
b filter,DIA,skip Mon,2025H2-26,255.0,4.0941257370329796,,,,1.1609998146741596,,0.08429748729449082,-0.07547628865134792,,,,,
b filter,DIA,only Tue,2020-23,207.0,1.6965847017769327,,,,0.1462211948687642,,0.006980669874314227,-0.12340507010161383,,,,,
b filter,DIA,only Tue,2024-25H1,78.0,2.8728905562347764,,,,0.36071105599719894,,0.014332834623323354,-0.028031574174171348,,,,,
b filter,DIA,only Tue,2025H2-26,66.0,11.450150059798235,,,,1.6940724288150117,,0.0616459306990802,-0.029895305275200568,,,,,
b filter,DIA,skip Tue,2020-23,799.0,-1.0499776914846066,,,,-0.15267968193152492,,-0.030139819351059915,-0.2650456435596249,,,,,
b filter,DIA,skip Tue,2024-25H1,296.0,-2.2707053448499543,,,,-0.5313541791423162,,-0.047744322145448215,-0.147787772776644,,,,,
b filter,DIA,skip Tue,2025H2-26,249.0,0.952898490172269,,,,0.2665042414550346,,0.01658702729860151,-0.11525793125131112,,,,,
b filter,DIA,only Wed,2020-23,208.0,-11.673596189348427,,,,-1.0146534224148005,,-0.060734817144021847,-0.25427615374797385,,,,,
b filter,DIA,only Wed,2024-25H1,75.0,-0.5457066469343489,,,,-0.06737063807902488,,-0.0035922043341316545,-0.07968489843307958,,,,,
b filter,DIA,only Wed,2025H2-26,66.0,-0.49329765395379327,,,,-0.07204788644947259,,-0.003251144952550855,-0.049046299931982285,,,,,
b filter,DIA,skip Wed,2020-23,798.0,2.4315399312733037,,,,0.3530931367150194,,0.039781386790789686,-0.2061750773368618,,,,,
b filter,DIA,skip Wed,2024-25H1,299.0,-1.361589699562535,,,,-0.3200318520718699,,-0.030613564841815766,-0.11622183828172461,,,,,
b filter,DIA,skip Wed,2025H2-26,249.0,4.11863161911859,,,,1.1569351622998583,,0.08277574162014778,-0.09415470972096263,,,,,
b filter,DIA,only Thu,2020-23,205.0,2.4713884478410804,,,,0.2076823550661455,,0.010901892324292728,-0.08854561684496698,,,,,
b filter,DIA,only Thu,2024-25H1,74.0,-4.508044852255326,,,,-0.6098286156751112,,-0.02289393969982212,-0.05671173665687557,,,,,
b filter,DIA,only Thu,2025H2-26,62.0,3.6618173410638493,,,,0.5493928691582547,,0.017772729199463155,-0.03133874130455705,,,,,
b filter,DIA,skip Thu,2020-23,801.0,-1.2414154482344546,,,,-0.18152310535052926,,-0.033901843680598676,-0.2992734207990251,,,,,
b filter,DIA,skip Thu,2024-25H1,300.0,-0.3814933320745994,,,,-0.08808251315914112,,-0.011464322810949001,-0.12215853657776277,,,,,
b filter,DIA,skip Thu,2025H2-26,253.0,3.027466216812726,,,,0.845417109632019,,0.06040911666196047,-0.07719202595962327,,,,,
b filter,DIA,only Fri,2020-23,201.0,-9.888003044003186,,,,-0.5529957388167372,,-0.05254601166090844,-0.22350446503057453,,,,,
b filter,DIA,only Fri,2024-25H1,76.0,-1.3526810997642436,,,,-0.13307127119960163,,-0.008251969419699523,-0.0691920860208689,,,,,
b filter,DIA,only Fri,2025H2-26,61.0,1.537985721503577,,,,0.1929317585767206,,0.006774475610899389,-0.04626548077702841,,,,,
b filter,DIA,skip Fri,2020-23,805.0,1.8630428193990856,,,,0.312569235525958,,0.03079459943627283,-0.16300316281650284,,,,,
b filter,DIA,skip Fri,2024-25H1,298.0,-1.1585219970039986,,,,-0.2927605030228581,,-0.026058866545786707,-0.13264621167847823,,,,,
b filter,DIA,skip Fri,2025H2-26,254.0,3.5400177125506302,,,,1.0352091394012697,,0.07199328834608698,-0.07239491363394523,,,,,
b selected rule,DIA,only Tue,2025H2-26,66.0,11.450150059798235,,,,1.6940724288150117,,,,0.1462211948687642,0.1462211948687642,0.36071105599719894,0.997871509664965,
b filter,TQQQ,day ret < 0,2020-23,453.0,5.200801946825489,,,,0.16167165372474349,,-0.00853442358881884,-0.4533407675844554,,,,,
b filter,TQQQ,day ret < 0,2024-25H1,167.0,19.93295868642878,,,,0.6667503651194563,,0.18139528557825213,-0.33387596027224553,,,,,
b filter,TQQQ,day ret < 0,2025H2-26,145.0,25.52301571206221,,,,1.0015725986775237,,0.287242276103594,-0.2396725528500553,,,,,
b filter,TQQQ,day ret > 0,2020-23,553.0,-0.510590641267229,,,,-0.020984777387423374,,-0.06467064197468486,-0.6997354772014373,,,,,
b filter,TQQQ,day ret > 0,2024-25H1,206.0,11.601508519001046,,,,0.6086264181555693,,0.13384537738290514,-0.34151480393727784,,,,,
b filter,TQQQ,day ret > 0,2025H2-26,167.0,17.009028159832823,,,,1.0444777410510835,,0.2257648209767642,-0.18708126995380103,,,,,
b filter,TQQQ,day ret bottom tercile,2020-23,335.0,0.544312175892654,,,,0.013204573557844745,,-0.05470031937784503,-0.4684391376403192,,,,,
b filter,TQQQ,day ret bottom tercile,2024-25H1,104.0,13.479688426981095,,,,0.35183454255858027,,0.05851344056223495,-0.33035760039839934,,,,,
b filter,TQQQ,day ret bottom tercile,2025H2-26,94.0,50.091735241030946,,,,1.669486213046934,,0.4208458006721407,-0.19032550437479445,,,,,
b filter,TQQQ,day ret top tercile,2020-23,335.0,2.00768882288137,,,,0.0559876694627079,,-0.030806744011478204,-0.5692700398266537,,,,,
b filter,TQQQ,day ret top tercile,2024-25H1,113.0,25.97511026336472,,,,0.9625554688634997,,0.1928701946187683,-0.2888500064122267,,,,,
b filter,TQQQ,day ret top tercile,2025H2-26,91.0,15.369080910448396,,,,0.7382999648001091,,0.10557107306722746,-0.10322252080664518,,,,,
b filter,TQQQ,5d ret < 0,2020-23,441.0,-4.206974254319644,,,,-0.11225276250386632,,-0.1271384330338552,-0.6602767581978399,,,,,
b filter,TQQQ,5d ret < 0,2024-25H1,155.0,30.312814574787748,,,,0.893527980863068,,0.28726489150960055,-0.3785676454659702,,,,,
b filter,TQQQ,5d ret < 0,2025H2-26,133.0,33.57384592909535,,,,1.3373127528612316,,0.3792596632337579,-0.20863235342810538,,,,,
b filter,TQQQ,5d ret > 0,2020-23,565.0,6.953773988400234,,,,0.3583765315111972,,0.06242146084184008,-0.5746020414794093,,,,,
b filter,TQQQ,5d ret > 0,2024-25H1,219.0,3.816815212234084,,,,0.23435572088313567,,0.027628999246722907,-0.3203449140431426,,,,,
b filter,TQQQ,5d ret > 0,2025H2-26,182.0,13.194910760821104,,,,0.7620627314304608,,0.17399222900531086,-0.24262397133720603,,,,,
b filter,TQQQ,VIX > 20,2020-23,579.0,10.056116037742306,,,,0.32011108133020577,,0.03901301497302234,-0.6367357544775389,,,,,
b filter,TQQQ,VIX > 20,2024-25H1,75.0,9.12261339438805,,,,0.16040321445788003,,0.004604205882206003,-0.3819037515839503,,,,,
b filter,TQQQ,VIX > 20,2025H2-26,50.0,41.60990644166366,,,,0.9781202997874047,,0.1644430018719345,-0.12241329621141872,,,,,
b filter,TQQQ,VIX <= 20,2020-23,427.0,-8.7795890598633,,,,-0.4745924819805763,,-0.10747329655639848,-0.540126147366128,,,,,
b filter,TQQQ,VIX <= 20,2024-25H1,299.0,16.22131366552595,,,,1.0300256530882181,,0.3167680609756074,-0.2521385682299976,,,,,
b filter,TQQQ,VIX <= 20,2025H2-26,265.0,18.061509226248834,,,,1.1765494085680204,,0.3905705335631353,-0.21703896489454433,,,,,
b filter,TQQQ,VIX up yesterday,2020-23,438.0,-8.240560513567539,,,,-0.24720382462022894,,-0.14855449382806696,-0.6197023138974393,,,,,
b filter,TQQQ,VIX up yesterday,2024-25H1,160.0,24.624966692527632,,,,0.8481464400772072,,0.2405424169915329,-0.2664625089640619,,,,,
b filter,TQQQ,VIX up yesterday,2025H2-26,146.0,54.96278723724852,,,,2.4733979530015167,,0.8368473050939063,-0.1834440762185653,,,,,
b filter,TQQQ,VIX down yesterday,2020-23,568.0,10.005232679989005,,,,0.42350900237150757,,0.08914411358888508,-0.6610167571203196,,,,,
b filter,TQQQ,VIX down yesterday,2024-25H1,214.0,7.450346354051133,,,,0.3676109180308879,,0.06633252850432791,-0.3736390610848145,,,,,
b filter,TQQQ,VIX down yesterday,2025H2-26,169.0,-6.850719938456575,,,,-0.35910447818088703,,-0.11846775617849559,-0.358336602051076,,,,,
b filter,TQQQ,pre-holiday,2020-23,37.0,-33.28153379543552,,,,-0.3310149766059713,,-0.03471578666528752,-0.17381342951347312,,,,,
b filter,TQQQ,pre-holiday,2024-25H1,16.0,4.892016161301426,,,,0.0855357257188663,,0.0033804935592027796,-0.05006761338877519,,,,,
b filter,TQQQ,pre-holiday,2025H2-26,12.0,-2.3353673771296193,,,,-0.027012022120565953,,-0.005705042706195762,-0.0920414830130778,,,,,
b filter,TQQQ,not pre-holiday,2020-23,969.0,3.410756870714429,,,,0.1696474532645683,,-0.03930174317756996,-0.7020870561222379,,,,,
b filter,TQQQ,not pre-holiday,2024-25H1,358.0,15.240493106118832,,,,0.8680551184279258,,0.3183739774879333,-0.48682176129676924,,,,,
b filter,TQQQ,not pre-holiday,2025H2-26,303.0,22.755180447408186,,,,1.5449614740746007,,0.6285309651212938,-0.25214790431129874,,,,,
b filter,TQQQ,month end,2020-23,48.0,47.73091773271355,,,,0.6703696775233369,,0.05514546258507913,-0.15145642870687825,,,,,
b filter,TQQQ,month end,2024-25H1,18.0,17.818169035430667,,,,0.30833102265402895,,0.01934012191565726,-0.05098153305123965,,,,,
b filter,TQQQ,month end,2025H2-26,15.0,-108.34184151089352,,,,-1.3874397434842722,,-0.12584605653225234,-0.16354266513332294,,,,,
b filter,TQQQ,not month end,2020-23,958.0,-0.22701189340196098,,,,-0.011131123896106222,,-0.1211194153108579,-0.7440971319010179,,,,,
b filter,TQQQ,not month end,2024-25H1,356.0,14.645061089701159,,,,0.8319563291324574,,0.297732428839788,-0.4639844810768602,,,,,
b filter,TQQQ,not month end,2025H2-26,300.0,28.306409632341754,,,,1.9224290575210663,,0.8523512231649146,-0.22062033091899702,,,,,
b filter,TQQQ,only Mon,2020-23,185.0,62.5263671793488,,,,1.3979587966001932,,0.30846413691116825,-0.18011188493274743,,,,,
b filter,TQQQ,only Mon,2024-25H1,71.0,0.9847508558991062,,,,0.03495620280867932,,-0.004180359069864359,-0.1181786639475747,,,,,
b filter,TQQQ,only Mon,2025H2-26,60.0,-27.755133142361533,,,,-0.8230504745499293,,-0.13638078021061995,-0.24998129329588936,,,,,
b filter,TQQQ,skip Mon,2020-23,821.0,-11.56366780863382,,,,-0.527375192146623,,-0.29127070820755196,-0.8296563859303825,,,,,
b filter,TQQQ,skip Mon,2024-25H1,303.0,18.03449333268161,,,,0.9064334819441215,,0.32838385371860723,-0.5032701692767038,,,,,
b filter,TQQQ,skip Mon,2025H2-26,255.0,33.4592284532581,,,,2.0824091196319072,,0.8749468392005157,-0.24012414223633605,,,,,
b filter,TQQQ,only Tue,2020-23,207.0,22.325040701976015,,,,0.581589955611419,,0.10034184135239022,-0.29206492455467425,,,,,
b filter,TQQQ,only Tue,2024-25H1,78.0,15.560152759570027,,,,0.4414021247031921,,0.06695810940435165,-0.10920802691921139,,,,,
b filter,TQQQ,only Tue,2025H2-26,66.0,60.749489378989786,,,,2.350602820314522,,0.36555847754506265,-0.056220611107764884,,,,,
b filter,TQQQ,skip Tue,2020-23,799.0,-3.188581687131248,,,,-0.14020733677793693,,-0.1572193056395087,-0.744986980859411,,,,,
b filter,TQQQ,skip Tue,2024-25H1,296.0,14.596881335557104,,,,0.7541719188163123,,0.23981505981143525,-0.46818720457228613,,,,,
b filter,TQQQ,skip Tue,2025H2-26,249.0,11.47521673905943,,,,0.6702098308064937,,0.18577135512197707,-0.3352927433105908,,,,,
b filter,TQQQ,only Wed,2020-23,208.0,-24.790966331948837,,,,-0.5470045344816842,,-0.1460856684976798,-0.6054151838619266,,,,,
b filter,TQQQ,only Wed,2024-25H1,75.0,57.72591240870687,,,,1.443387717103179,,0.31099874328457,-0.2654537633817553,,,,,
b filter,TQQQ,only Wed,2025H2-26,66.0,26.49582974267506,,,,0.7598729314054202,,0.1310446654605255,-0.2044833163703883,,,,,
b filter,TQQQ,skip Wed,2020-23,798.0,9.060310343780106,,,,0.41450755732105327,,0.0859951951589295,-0.5392818854995965,,,,,
b filter,TQQQ,skip Wed,2024-25H1,299.0,4.029850702068058,,,,0.2150793002055157,,0.009025171842070634,-0.36651455897721763,,,,,
b filter,TQQQ,skip Wed,2025H2-26,249.0,20.554500016154897,,,,1.2888395735003924,,0.4316323447382271,-0.26908564088646536,,,,,
b filter,TQQQ,only Thu,2020-23,205.0,-6.155578513224663,,,,-0.15701320668279825,,-0.0504993571586595,-0.39838505891631226,,,,,
b filter,TQQQ,only Thu,2024-25H1,74.0,0.5632765784023739,,,,0.017614463797311106,,-0.009980445651934677,-0.18024553979028013,,,,,
b filter,TQQQ,only Thu,2025H2-26,62.0,-6.360677318148317,,,,-0.2099958953589311,,-0.0420218493852228,-0.18973529011954238,,,,,
b filter,TQQQ,skip Thu,2020-23,801.0,4.164170102999032,,,,0.18395239613625763,,-0.023332034495707754,-0.6531782307528071,,,,,
b filter,TQQQ,skip Thu,2024-25H1,300.0,18.308954412565292,,,,0.9318657960209535,,0.33616626703757,-0.43560507565671813,,,,,
b filter,TQQQ,skip Thu,2025H2-26,253.0,28.7002263271317,,,,1.7384932000101234,,0.6902683274955463,-0.18569850120596954,,,,,
b filter,TQQQ,only Fri,2020-23,201.0,-38.291741810651686,,,,-0.7426720453574311,,-0.20559276784006464,-0.6081034068969149,,,,,
b filter,TQQQ,only Fri,2024-25H1,76.0,-1.5837675381411156,,,,-0.03191479394848941,,-0.040753614228745794,-0.33951559121995223,,,,,
b filter,TQQQ,only Fri,2025H2-26,61.0,51.93892110288738,,,,1.3856565989910636,,0.26719454940046394,-0.18162766521852036,,,,,
b filter,TQQQ,skip Fri,2020-23,805.0,12.136952498425039,,,,0.5783231090489033,,0.16734443437464752,-0.5710721343412148,,,,,
b filter,TQQQ,skip Fri,2024-25H1,298.0,18.975621219698287,,,,1.1066249320418824,,0.37903123936596095,-0.39042364091322734,,,,,
b filter,TQQQ,skip Fri,2025H2-26,254.0,14.561106613240126,,,,0.9287140515953038,,0.2778149394526763,-0.22418086491467448,,,,,
b selected rule,TQQQ,skip Fri,2025H2-26,254.0,14.561106613240126,,,,0.9287140515953038,,,,0.5783231090489033,0.5783231090489033,1.1066249320418824,1.4986614629775115,
b filter,SQQQ,day ret < 0,2020-23,548.0,-8.343440296081896,,,,-0.3373047695933659,,-0.1565092197952206,-0.8498511609083248,,,,,
b filter,SQQQ,day ret < 0,2024-25H1,203.0,-19.374831565108195,,,,-1.0057031078858485,,-0.2588461472537924,-0.5057769003184112,,,,,
b filter,SQQQ,day ret < 0,2025H2-26,166.0,-21.245468747215572,,,,-1.2999884022861654,,-0.2635072768483383,-0.33871540307838854,,,,,
b filter,SQQQ,day ret > 0,2020-23,458.0,-16.26910231593772,,,,-0.50849489602635,,-0.2241810228880261,-0.7698443966095883,,,,,
b filter,SQQQ,day ret > 0,2024-25H1,171.0,-29.114199103332865,,,,-0.9923967296894162,,-0.3243883557988845,-0.48816204758749493,,,,,
b filter,SQQQ,day ret > 0,2025H2-26,146.0,-29.657740785511375,,,,-1.1657108375261842,,-0.32362111339100363,-0.4152076337049867,,,,,
b filter,SQQQ,day ret bottom tercile,2020-23,335.0,-11.902728125828396,,,,-0.32821268322791536,,-0.13438295418957136,-0.7657972442217992,,,,,
b filter,SQQQ,day ret bottom tercile,2024-25H1,113.0,-36.15276267955912,,,,-1.3537119908258515,,-0.2561684344098617,-0.36912715620038183,,,,,
b filter,SQQQ,day ret bottom tercile,2025H2-26,87.0,-15.85194969050494,,,,-0.7345437995390517,,-0.11446676738600003,-0.18890180630098707,,,,,
b filter,SQQQ,day ret top tercile,2020-23,335.0,-12.703465661916681,,,,-0.30664185524432125,,-0.1535910388154902,-0.6891277883505518,,,,,
b filter,SQQQ,day ret top tercile,2024-25H1,104.0,-19.61125850117668,,,,-0.5049566953931646,,-0.15898704982172684,-0.3511474778635726,,,,,
b filter,SQQQ,day ret top tercile,2025H2-26,96.0,-46.41696674634902,,,,-1.475853699843759,,-0.3201865996924176,-0.41593471184442177,,,,,
b filter,SQQQ,5d ret < 0,2020-23,599.0,-17.842571658349748,,,,-0.8433627196305741,,-0.2723524491349336,-0.8574171518539662,,,,,
b filter,SQQQ,5d ret < 0,2024-25H1,227.0,-10.497355280144934,,,,-0.6241416979664737,,-0.17585924777255524,-0.44618965667460764,,,,,
b filter,SQQQ,5d ret < 0,2025H2-26,186.0,-15.873681574543522,,,,-0.9368229959272758,,-0.23522678284900944,-0.43371340350706156,,,,,
b filter,SQQQ,5d ret > 0,2020-23,407.0,-3.281950171009467,,,,-0.086636447025365,,-0.1006687873492158,-0.5569162218588017,,,,,
b filter,SQQQ,5d ret > 0,2024-25H1,147.0,-44.41305582172778,,,,-1.2840221736064452,,-0.3924191083786307,-0.5434058509101583,,,,,
b filter,SQQQ,5d ret > 0,2025H2-26,129.0,-40.69473117321396,,,,-1.5647069372816236,,-0.3664877767612039,-0.4373706019364022,,,,,
b filter,SQQQ,VIX > 20,2020-23,579.0,-19.566022020789767,,,,-0.6183107025913953,,-0.3210174968646763,-0.9148168453606876,,,,,
b filter,SQQQ,VIX > 20,2024-25H1,75.0,-17.23678074467897,,,,-0.3044288073513134,,-0.12017173597018749,-0.2959611633162593,,,,,
b filter,SQQQ,VIX > 20,2025H2-26,50.0,-46.57623010139117,,,,-1.0898749871034308,,-0.1823360007510998,-0.24211650117944095,,,,,
b filter,SQQQ,VIX <= 20,2020-23,427.0,-1.6269962363350745,,,,-0.08783380671918575,,-0.036210577916129916,-0.35386227249040536,,,,,
b filter,SQQQ,VIX <= 20,2024-25H1,299.0,-25.481138122193844,,,,-1.611541793145065,,-0.43087509968548887,-0.6431118471531354,,,,,
b filter,SQQQ,VIX <= 20,2025H2-26,265.0,-22.1634475061892,,,,-1.441177764479914,,-0.40746665926852343,-0.4858168954483001,,,,,
b filter,SQQQ,VIX up yesterday,2020-23,438.0,-2.3442001659488265,,,,-0.06977371806233032,,-0.08736376254629197,-0.5830684782426299,,,,,
b filter,SQQQ,VIX up yesterday,2024-25H1,160.0,-32.811931740319736,,,,-1.1304354929731206,,-0.331260282182962,-0.5465851502378806,,,,,
b filter,SQQQ,VIX up yesterday,2025H2-26,146.0,-59.557335551236356,,,,-2.6701619490434094,,-0.518586921942661,-0.6137993407942997,,,,,
b filter,SQQQ,VIX down yesterday,2020-23,568.0,-19.360377588497826,,,,-0.815715412118146,,-0.28296058446282557,-0.8719831303122854,,,,,
b filter,SQQQ,VIX down yesterday,2024-25H1,214.0,-17.110793345494038,,,,-0.8424895645446638,,-0.2512300978706742,-0.4427903642509081,,,,,
b filter,SQQQ,VIX down yesterday,2025H2-26,169.0,2.918614770833211,,,,0.15275453757844062,,0.006398045989738588,-0.24035568834166987,,,,,
b filter,SQQQ,pre-holiday,2020-23,37.0,22.75468073239339,,,,0.22705933438036233,,0.017033825812407866,-0.1325688354699105,,,,,
b filter,SQQQ,pre-holiday,2024-25H1,16.0,-13.409875754885785,,,,-0.23330197555366095,,-0.0162394822560471,-0.05750592488351247,,,,,
b filter,SQQQ,pre-holiday,2025H2-26,12.0,-0.29021949717687473,,,,-0.0033597882390917744,,-0.0036624809065197717,-0.08902370578789764,,,,,
b filter,SQQQ,not pre-holiday,2020-23,969.0,-13.276963188907029,,,,-0.6562244924678087,,-0.3565640220676821,-0.9180622448368543,,,,,
b filter,SQQQ,not pre-holiday,2024-25H1,358.0,-24.293466039968468,,,,-1.3842488546004827,,-0.4910019623391878,-0.7157208694173917,,,,,
b filter,SQQQ,not pre-holiday,2025H2-26,303.0,-27.05822594139794,,,,-1.8336765683648257,,-0.5137258491363166,-0.6005201583519529,,,,,
b filter,SQQQ,month end,2020-23,48.0,-59.08526482251587,,,,-0.8064232285655578,,-0.07216186555046977,-0.35940699665058196,,,,,
b filter,SQQQ,month end,2024-25H1,18.0,-27.07428789012149,,,,-0.47279959351633605,,-0.0346321042445652,-0.07098389466979171,,,,,
b filter,SQQQ,month end,2025H2-26,15.0,101.50878706171045,,,,1.3151572614257103,,0.12476299787332357,-0.029655743261428946,,,,,
b filter,SQQQ,not month end,2020-23,958.0,-9.590147632016274,,,,-0.46760304507506484,,-0.2947087104906564,-0.9066212880700253,,,,,
b filter,SQQQ,not month end,2024-25H1,356.0,-23.66371256282218,,,,-1.3442225274944077,,-0.4813043035080258,-0.697725578801093,,,,,
b filter,SQQQ,not month end,2025H2-26,300.0,-32.41585633378451,,,,-2.19619956340017,,-0.5692486488381289,-0.6580068806525899,,,,,
b filter,SQQQ,only Mon,2020-23,185.0,-73.30760740146673,,,,-1.6259582639886194,,-0.3041965711107676,-0.7867083266722155,,,,,
b filter,SQQQ,only Mon,2024-25H1,71.0,-11.808419792964036,,,,-0.4155924255555064,,-0.06380696615775916,-0.21645710113859806,,,,,
b filter,SQQQ,only Mon,2025H2-26,60.0,23.024672284362,,,,0.6860411559103123,,0.10274831304091592,-0.09739014198369467,,,,,
b filter,SQQQ,skip Mon,2020-23,821.0,1.8738772549561415,,,,0.08488726282443337,,-0.05951001801396838,-0.8430845505683539,,,,,
b filter,SQQQ,skip Mon,2024-25H1,303.0,-26.644293891374385,,,,-1.340157919824868,,-0.46514003527157655,-0.6939604619414794,,,,,
b filter,SQQQ,skip Mon,2025H2-26,255.0,-37.582766397142805,,,,-2.3308860815504615,,-0.5606493563932263,-0.6504025459009006,,,,,
b filter,SQQQ,only Tue,2020-23,207.0,-32.85848394059923,,,,-0.847949691201925,,-0.17339793499086276,-0.6142229330684258,,,,,
b filter,SQQQ,only Tue,2024-25H1,78.0,-24.71160927553444,,,,-0.6997056270157777,,-0.13698932791380924,-0.27080625143600934,,,,,
b filter,SQQQ,only Tue,2025H2-26,66.0,-65.98105899689999,,,,-2.542945257000096,,-0.30115290672330974,-0.36382651595040594,,,,,
b filter,SQQQ,skip Tue,2020-23,799.0,-6.535354151750081,,,,-0.28566289384895127,,-0.20832988205198932,-0.8765596764553842,,,,,
b filter,SQQQ,skip Tue,2024-25H1,296.0,-23.594977469240536,,,,-1.2190337146986454,,-0.41978449484359637,-0.6336171482008235,,,,,
b filter,SQQQ,skip Tue,2025H2-26,249.0,-15.451306025760227,,,,-0.9002026219069115,,-0.30672505368926506,-0.38255757344144603,,,,,
b filter,SQQQ,only Wed,2020-23,208.0,15.96564757227391,,,,0.35268930813705096,,0.05748729950960563,-0.36401966875361746,,,,,
b filter,SQQQ,only Wed,2024-25H1,75.0,-66.70061097109057,,,,-1.671318991108526,,-0.3004825840481804,-0.4712603280752331,,,,,
b filter,SQQQ,only Wed,2025H2-26,66.0,-30.99131632793841,,,,-0.8838091372364342,,-0.165570658299386,-0.23985741210442557,,,,,
b filter,SQQQ,skip Wed,2020-23,798.0,-19.228457190457807,,,,-0.8727174352435872,,-0.38117823769106274,-0.9041331320418453,,,,,
b filter,SQQQ,skip Wed,2024-25H1,299.0,-13.07382284801034,,,,-0.6964741355383098,,-0.28417483018843825,-0.4877794595221916,,,,,
b filter,SQQQ,skip Wed,2025H2-26,249.0,-24.725695648858476,,,,-1.5484175594792586,,-0.41937183071320794,-0.5108926402010847,,,,,
b filter,SQQQ,only Thu,2020-23,205.0,-3.6965790530664044,,,,-0.09458470946614381,,-0.038549259917092016,-0.4324431618691513,,,,,
b filter,SQQQ,only Thu,2024-25H1,74.0,-7.81440225200297,,,,-0.24497494706815678,,-0.05017098202525061,-0.22476107877157758,,,,,
b filter,SQQQ,only Thu,2025H2-26,62.0,4.831237978312613,,,,0.15961943405498266,,0.012921108690109984,-0.11880568404257996,,,,,
b filter,SQQQ,skip Thu,2020-23,801.0,-14.064488685485314,,,,-0.6163603048547995,,-0.31936590506402507,-0.8927170363631766,,,,,
b filter,SQQQ,skip Thu,2024-25H1,300.0,-27.777843625795548,,,,-1.4132090592859485,,-0.47281861936843006,-0.6568699076964408,,,,,
b filter,SQQQ,skip Thu,2025H2-26,253.0,-33.603406517253276,,,,-2.0309150253127624,,-0.5216871512359462,-0.628659801605236,,,,,
b filter,SQQQ,only Fri,2020-23,201.0,28.741808024222237,,,,0.548540030580275,,0.11906545554826753,-0.44085446187312105,,,,,
b filter,SQQQ,only Fri,2024-25H1,76.0,-7.432946527825498,,,,-0.14932080981493812,,-0.06721842288492486,-0.1947578393584618,,,,,
b filter,SQQQ,only Fri,2025H2-26,61.0,-57.09779368012235,,,,-1.5101111801845541,,-0.2561867422074259,-0.35369611541009016,,,,,
b filter,SQQQ,skip Fri,2020-23,805.0,-22.11249385816276,,,,-1.051721214440331,,-0.4152297785108169,-0.8998017230475706,,,,,
b filter,SQQQ,skip Fri,2024-25H1,298.0,-28.00911046400049,,,,-1.6359606726929605,,-0.46318389498157675,-0.6895866983820402,,,,,
b filter,SQQQ,skip Fri,2025H2-26,254.0,-18.579368817804063,,,,-1.184363614393813,,-0.34863599701268055,-0.41890756473020474,,,,,
b filter,SOXL,day ret < 0,2020-23,480.0,-2.3359026947381962,,,,-0.05927259362042093,,-0.13238029576798027,-0.658961186172239,,,,,
b filter,SOXL,day ret < 0,2024-25H1,180.0,-1.8064149305403703,,,,-0.04364731776513095,,-0.1397842823755071,-0.6162225082383386,,,,,
b filter,SOXL,day ret < 0,2025H2-26,124.0,62.876032863442894,,,,1.060023538456222,,0.5725705671771171,-0.3540264458867838,,,,,
b filter,SOXL,day ret > 0,2020-23,526.0,4.532486984810954,,,,0.13579469096473487,,-0.03978157658857928,-0.6528376090917158,,,,,
b filter,SOXL,day ret > 0,2024-25H1,194.0,57.45545919308326,,,,1.49288553203372,,0.8679541885856663,-0.4049060884601805,,,,,
b filter,SOXL,day ret > 0,2025H2-26,188.0,62.059200276673174,,,,1.3650956475210894,,1.0078755464899407,-0.45804768517787464,,,,,
b filter,SOXL,day ret bottom tercile,2020-23,335.0,10.054965213425485,,,,0.19482575475240674,,-0.0107153621555246,-0.5360868499517156,,,,,
b filter,SOXL,day ret bottom tercile,2024-25H1,123.0,-1.4464977700482298,,,,-0.02794100160551587,,-0.10122543020134045,-0.4536362627754781,,,,,
b filter,SOXL,day ret bottom tercile,2025H2-26,91.0,88.25037705716483,,,,1.2062235280172053,,0.6535277654446141,-0.28231964364891426,,,,,
b filter,SOXL,day ret top tercile,2020-23,335.0,4.260016269585627,,,,0.09192260890312706,,-0.04241113883751413,-0.5655324557218337,,,,,
b filter,SOXL,day ret top tercile,2024-25H1,133.0,47.27740951880546,,,,1.0750518180491646,,0.41555892026493324,-0.4179888846149086,,,,,
b filter,SOXL,day ret top tercile,2025H2-26,118.0,23.91689167601078,,,,0.3947471583847224,,0.06005605127177227,-0.5649975069780814,,,,,
b filter,SOXL,5d ret < 0,2020-23,461.0,1.2172581740131605,,,,0.02781357351305249,,-0.11221379252052077,-0.6865420051456006,,,,,
b filter,SOXL,5d ret < 0,2024-25H1,173.0,64.0882350314961,,,,1.36210818530925,,0.8118363960164503,-0.4836720433796756,,,,,
b filter,SOXL,5d ret < 0,2025H2-26,126.0,82.41706530023112,,,,1.3072703104039745,,0.8812077292282929,-0.42543599467994386,,,,,
b filter,SOXL,5d ret > 0,2020-23,545.0,1.2875208115892796,,,,0.04359826132735299,,-0.06159341348225367,-0.689298831149076,,,,,
b filter,SOXL,5d ret > 0,2024-25H1,201.0,-1.323682907900191,,,,-0.039665610757405614,,-0.11314092356421146,-0.564593086711188,,,,,
b filter,SOXL,5d ret > 0,2025H2-26,189.0,51.024054396508426,,,,1.2026089894695002,,0.7544772927212446,-0.6135025862705363,,,,,
b filter,SOXL,VIX > 20,2020-23,579.0,14.452735507718797,,,,0.3666869442302381,,0.042107381554309375,-0.7921235931467006,,,,,
b filter,SOXL,VIX > 20,2024-25H1,75.0,24.64354092947157,,,,0.2802667251383536,,0.02637885967473652,-0.515061093108518,,,,,
b filter,SOXL,VIX > 20,2025H2-26,50.0,78.30678493744115,,,,0.9487476805178167,,0.2968788210927882,-0.19329354937982168,,,,,
b filter,SOXL,VIX <= 20,2020-23,427.0,-16.63999765440973,,,,-0.5904208990814207,,-0.20055798542010772,-0.7159695356793851,,,,,
b filter,SOXL,VIX <= 20,2024-25H1,299.0,30.009828850336174,,,,1.0888212596505062,,0.5655462285467479,-0.37153751313244376,,,,,
b filter,SOXL,VIX <= 20,2025H2-26,265.0,60.80285759206473,,,,1.5357445859876737,,1.5449843039626505,-0.4400375366575022,,,,,
b filter,SOXL,VIX up yesterday,2020-23,438.0,-11.07296231368882,,,,-0.2562876794224974,,-0.21265495693716396,-0.7213601301799738,,,,,
b filter,SOXL,VIX up yesterday,2024-25H1,160.0,57.70618307345892,,,,1.2321928958065564,,0.6378580075767233,-0.3533131215784928,,,,,
b filter,SOXL,VIX up yesterday,2025H2-26,146.0,140.95905677927604,,,,2.7289856162710078,,3.3253950960340415,-0.2933712765275702,,,,,
b filter,SOXL,VIX down yesterday,2020-23,568.0,10.761993580866076,,,,0.34845610110412956,,0.058118587090495666,-0.7840631278387813,,,,,
b filter,SOXL,VIX down yesterday,2024-25H1,214.0,7.421565907511493,,,,0.21368766744849782,,-0.018935985054475246,-0.5369453611549164,,,,,
b filter,SOXL,VIX down yesterday,2025H2-26,169.0,-3.2658330236987383,,,,-0.06613533153152541,,-0.23693993946379666,-0.6804963997008733,,,,,
b filter,SOXL,pre-holiday,2020-23,37.0,-26.940577226711635,,,,-0.1972404960256071,,-0.032548807417155046,-0.23683410116120662,,,,,
b filter,SOXL,pre-holiday,2024-25H1,16.0,35.734435511172165,,,,0.3527286490147634,,0.03309481621938937,-0.07281766974715143,,,,,
b filter,SOXL,pre-holiday,2025H2-26,12.0,205.2315254698377,,,,1.0276208686433037,,0.19622395173688245,-0.10695890478459602,,,,,
b filter,SOXL,not pre-holiday,2020-23,969.0,2.3319465613256525,,,,0.08928364749635458,,-0.13886671399496686,-0.8387840671443252,,,,,
b filter,SOXL,not pre-holiday,2024-25H1,358.0,28.629758178162387,,,,0.9831169454779904,,0.5553689047672705,-0.6216648388347515,,,,,
b filter,SOXL,not pre-holiday,2025H2-26,303.0,57.97134720505334,,,,1.5954781737596249,,1.7591290402022524,-0.4844930962018267,,,,,
b filter,SOXL,month end,2020-23,48.0,69.4427402398197,,,,0.7140382199587036,,0.07956496968203752,-0.1847901901965695,,,,,
b filter,SOXL,month end,2024-25H1,18.0,-38.437628741621964,,,,-0.3638591558938069,,-0.05351267150102901,-0.13528303955597043,,,,,
b filter,SOXL,month end,2025H2-26,15.0,-296.54590854691986,,,,-1.80645241203534,,-0.31353883428461293,-0.37779321067767657,,,,,
b filter,SOXL,not month end,2020-23,958.0,-2.161165627322673,,,,-0.08156963231874104,,-0.22829616751669324,-0.8872276299238323,,,,,
b filter,SOXL,not month end,2024-25H1,356.0,32.34011717221933,,,,1.1099449031671764,,0.6976915637868939,-0.6052646988984963,,,,,
b filter,SOXL,not month end,2025H2-26,300.0,81.58761712324338,,,,2.237384771306259,,3.808045099511376,-0.37158288067641676,,,,,
b filter,SOXL,only Mon,2020-23,185.0,72.93203841782649,,,,1.2219034494262446,,0.3510259257291306,-0.23336940735029,,,,,
b filter,SOXL,only Mon,2024-25H1,71.0,-10.847525261444618,,,,-0.24954527063297458,,-0.07056996467704513,-0.19115559092969459,,,,,
b filter,SOXL,only Mon,2025H2-26,60.0,-20.088531843789674,,,,-0.2150982461477921,,-0.18213723949400684,-0.4758693622154836,,,,,
b filter,SOXL,skip Mon,2020-23,821.0,-14.895946707383283,,,,-0.524893426445129,,-0.383354228329306,-0.9093841413399494,,,,,
b filter,SOXL,skip Mon,2024-25H1,303.0,38.25537521294871,,,,1.1495514300032956,,0.728848317523499,-0.647206668439654,,,,,
b filter,SOXL,skip Mon,2025H2-26,255.0,83.26826831135918,,,,2.1784619222569583,,3.0355624478864467,-0.3902363033060672,,,,,
b filter,SOXL,only Tue,2020-23,207.0,8.78284976572555,,,,0.17341615067621236,,0.010097189896498326,-0.50848058081524,,,,,
b filter,SOXL,only Tue,2024-25H1,78.0,43.30488863899694,,,,0.6688129872231424,,0.1855443416731386,-0.17193385436530817,,,,,
b filter,SOXL,only Tue,2025H2-26,66.0,154.5277746808692,,,,2.4018526666579323,,1.1366135113636613,-0.213445622759471,,,,,
b filter,SOXL,skip Tue,2020-23,799.0,-0.6948623791851911,,,,-0.023541843648270264,,-0.17522350042007429,-0.850300248408429,,,,,
b filter,SOXL,skip Tue,2024-25H1,296.0,25.14669960175381,,,,0.8028102854733948,,0.3553635206559931,-0.6189565306622251,,,,,
b filter,SOXL,skip Tue,2025H2-26,249.0,39.47495333265801,,,,0.9398593276798599,,0.5447511804398424,-0.48133970855210184,,,,,
b filter,SOXL,only Wed,2020-23,208.0,-21.247980262002223,,,,-0.3589100645252663,,-0.1471537293394214,-0.6519910811654139,,,,,
b filter,SOXL,only Wed,2024-25H1,75.0,110.87690418908693,,,,1.543319053570844,,0.638820690204561,-0.4040346782945612,,,,,
b filter,SOXL,only Wed,2025H2-26,66.0,59.41410242468319,,,,0.7050181154916688,,0.24311675753530615,-0.40373416446249777,,,,,
b filter,SOXL,skip Wed,2020-23,798.0,7.120845557685078,,,,0.25057838383985537,,-0.023148188391483915,-0.7671388460860024,,,,,
b filter,SOXL,skip Wed,2024-25H1,299.0,8.37938656113501,,,,0.27600032619318854,,-0.019512285615988723,-0.41076064380485033,,,,,
b filter,SOXL,skip Wed,2025H2-26,249.0,64.68580621983986,,,,1.6424053932825573,,1.6550492733817044,-0.5140238423293843,,,,,
b filter,SOXL,only Thu,2020-23,205.0,2.3566735179654135,,,,0.04473536425067165,,-0.02390591344369264,-0.4998048796447011,,,,,
b filter,SOXL,only Thu,2024-25H1,74.0,-9.76382511505994,,,,-0.1746695183665081,,-0.08452693675875622,-0.30720087202595214,,,,,
b filter,SOXL,only Thu,2025H2-26,62.0,3.3908523320272526,,,,0.04529866181131677,,-0.051337107269341486,-0.3137053083120853,,,,,
b filter,SOXL,skip Thu,2020-23,801.0,0.973454168980415,,,,0.033264278564920376,,-0.146491679447036,-0.7972842189632512,,,,,
b filter,SOXL,skip Thu,2024-25H1,300.0,38.479091514917734,,,,1.1900494402320152,,0.7552057153214835,-0.5522002098894436,,,,,
b filter,SOXL,skip Thu,2025H2-26,253.0,78.33147693353172,,,,1.9330973902002537,,2.479145510079322,-0.3107069896902823,,,,,
b filter,SOXL,only Fri,2020-23,201.0,-50.304280223648355,,,,-0.7876836924860803,,-0.2666519211745637,-0.7181446880937684,,,,,
b filter,SOXL,only Fri,2024-25H1,76.0,8.162534473876466,,,,0.11281982281343904,,-0.028009363976703283,-0.49515536582398856,,,,,
b filter,SOXL,only Fri,2025H2-26,61.0,113.16412599744999,,,,1.3636031036358816,,0.6016007646534631,-0.30281770649584516,,,,,
b filter,SOXL,skip Fri,2020-23,805.0,14.12921141054602,,,,0.5084586149586441,,0.1360286452958197,-0.7475834996579332,,,,,
b filter,SOXL,skip Fri,2024-25H1,298.0,34.23104622800764,,,,1.1328213469893857,,0.653147153143339,-0.5389083717647171,,,,,
b filter,SOXL,skip Fri,2025H2-26,254.0,51.673562294979384,,,,1.3014855990189365,,1.0607733941341304,-0.43476328237499307,,,,,
b selected rule,SOXL,skip Fri,2025H2-26,254.0,51.673562294979384,,,,1.3014855990189365,,,,0.5084586149586441,0.5084586149586441,1.1328213469893857,1.7799629626994675,
b filter,SOXS,day ret < 0,2020-23,534.0,-21.012739477525155,,,,-0.6237469968757388,,-0.31611649737280323,-0.9103846327807236,,,,,
b filter,SOXS,day ret < 0,2024-25H1,190.0,-45.154768314563064,,,,-1.1517448836724251,,-0.5067965686039566,-0.6631426036062673,,,,,
b filter,SOXS,day ret < 0,2025H2-26,185.0,-73.09925838297593,,,,-1.5856749433186565,,-0.7339009404128432,-0.8210358261465908,,,,,
b filter,SOXS,day ret > 0,2020-23,472.0,-20.94398743779429,,,,-0.522856178098392,,-0.30272360087711003,-0.8596647058567843,,,,,
b filter,SOXS,day ret > 0,2024-25H1,184.0,-18.592372358753913,,,,-0.45675142419523845,,-0.29964887747442037,-0.7263930268285705,,,,,
b filter,SOXS,day ret > 0,2025H2-26,126.0,-105.15331317945943,,,,-1.7745724757299985,,-0.7126201537643677,-0.8093257281141392,,,,,
b filter,SOXS,day ret bottom tercile,2020-23,335.0,-21.756101933214794,,,,-0.4592089325155956,,-0.22808155321277734,-0.8043017708618593,,,,,
b filter,SOXS,day ret bottom tercile,2024-25H1,134.0,-51.36094889957197,,,,-1.1437235568496147,,-0.4226779695851316,-0.5836396633346135,,,,,
b filter,SOXS,day ret bottom tercile,2025H2-26,119.0,-38.430376817586534,,,,-0.6427088743722266,,-0.4106211813350257,-0.7207796674512088,,,,,
b filter,SOXS,day ret top tercile,2020-23,335.0,-39.27451099026332,,,,-0.7532197255138902,,-0.34714172485471206,-0.883152630929724,,,,,
b filter,SOXS,day ret top tercile,2024-25H1,122.0,-13.460635779403876,,,,-0.26128570635307186,,-0.17971844908744095,-0.5370490210871802,,,,,
b filter,SOXS,day ret top tercile,2025H2-26,90.0,-132.18889558480052,,,,-1.7315913926905364,,-0.6706999713889344,-0.7677166882849845,,,,,
b filter,SOXS,5d ret < 0,2020-23,597.0,-19.372542010330317,,,,-0.6513166439164308,,-0.322596370240818,-0.883627698739665,,,,,
b filter,SOXS,5d ret < 0,2024-25H1,213.0,6.069225469125688,,,,0.18535035887870674,,-0.023200363455990303,-0.40806973550067027,,,,,
b filter,SOXS,5d ret < 0,2025H2-26,210.0,-70.52422967391001,,,,-1.6928251598631456,,-0.7629484183461291,-0.8885214606056719,,,,,
b filter,SOXS,5d ret > 0,2020-23,409.0,-23.327524135623822,,,,-0.49886982339448344,,-0.2960536300920562,-0.8564299032210279,,,,,
b filter,SOXS,5d ret > 0,2024-25H1,161.0,-82.56613365653091,,,,-1.68051449431238,,-0.6463803180416889,-0.8267814377900835,,,,,
b filter,SOXS,5d ret > 0,2025H2-26,104.0,-121.7629721277458,,,,-1.7528306581718653,,-0.6954589718063003,-0.7839717357436676,,,,,
b filter,SOXS,VIX > 20,2020-23,579.0,-36.43019330349434,,,,-0.91111009808642,,-0.5009315947244508,-0.9764645690583358,,,,,
b filter,SOXS,VIX > 20,2024-25H1,75.0,-24.92934495142856,,,,-0.2852961281569543,,-0.2012518880923082,-0.4081123530623033,,,,,
b filter,SOXS,VIX > 20,2025H2-26,50.0,-107.69579262971436,,,,-1.2888322988300105,,-0.3868297540058424,-0.48410444690207155,,,,,
b filter,SOXS,VIX <= 20,2020-23,427.0,-0.03110779605179685,,,,-0.0011060008196934574,,-0.04450808528310701,-0.38812495802357694,,,,,
b filter,SOXS,VIX <= 20,2024-25H1,299.0,-33.88194522548683,,,,-1.223551010347641,,-0.5675538111924763,-0.7801090477317653,,,,,
b filter,SOXS,VIX <= 20,2025H2-26,264.0,-83.66912008076119,,,,-2.1001570271569596,,-0.8825265704824414,-0.9380658657635091,,,,,
b filter,SOXS,VIX up yesterday,2020-23,438.0,-10.13935579518333,,,,-0.22980330671464075,,-0.20200621573901556,-0.7840094716990105,,,,,
b filter,SOXS,VIX up yesterday,2024-25H1,160.0,-58.1033279346352,,,,-1.243689449140174,,-0.5295960190283299,-0.7436926870790406,,,,,
b filter,SOXS,VIX up yesterday,2025H2-26,146.0,-168.00949708078812,,,,-3.2195826919092005,,-0.8851092986806895,-0.9388075180752091,,,,,
b filter,SOXS,VIX down yesterday,2020-23,568.0,-29.340364636174375,,,,-0.9506424159291234,,-0.4024316535584882,-0.943993975040561,,,,,
b filter,SOXS,VIX down yesterday,2024-25H1,214.0,-12.634906655308745,,,,-0.36236473556533033,,-0.2657043928535777,-0.5175341612117775,,,,,
b filter,SOXS,VIX down yesterday,2025H2-26,168.0,-17.524111660783344,,,,-0.35240112858724815,,-0.36969308784943367,-0.6493818153484155,,,,,
b filter,SOXS,pre-holiday,2020-23,37.0,9.929139546880435,,,,0.07346074818194209,,0.001407464251654389,-0.23426745687376593,,,,,
b filter,SOXS,pre-holiday,2024-25H1,16.0,-36.908250665477546,,,,-0.3622725878033734,,-0.044778108300862485,-0.08905197121966957,,,,,
b filter,SOXS,pre-holiday,2025H2-26,11.0,-148.5962462725437,,,,-0.7663592274108371,,-0.13601223600506807,-0.2470595114461127,,,,,
b filter,SOXS,not pre-holiday,2020-23,969.0,-22.160725608742947,,,,-0.8389643226850204,,-0.5238143880944681,-0.9785833046021689,,,,,
b filter,SOXS,not pre-holiday,2024-25H1,358.0,-31.871146600921968,,,,-1.0941277981016975,,-0.6383923151119729,-0.8438120409599622,,,,,
b filter,SOXS,not pre-holiday,2025H2-26,303.0,-85.2768271412828,,,,-2.3273622180431577,,-0.9160995794475539,-0.9554232517356381,,,,,
b filter,SOXS,month end,2020-23,48.0,-86.93577962524282,,,,-0.8802453446048628,,-0.10556618386657479,-0.45597294433927327,,,,,
b filter,SOXS,month end,2024-25H1,18.0,32.0198086852159,,,,0.2962880855233895,,0.03088571011444241,-0.06855912802577235,,,,,
b filter,SOXS,month end,2025H2-26,15.0,278.23431607488436,,,,1.7361541011481234,,0.3713199808971248,-0.0729796175907883,,,,,
b filter,SOXS,not month end,2020-23,958.0,-17.67583249439007,,,,-0.6599880087934475,,-0.46686292766427884,-0.9746636927694057,,,,,
b filter,SOXS,not month end,2024-25H1,356.0,-35.327974859864014,,,,-1.2129492343136734,,-0.6649331992647947,-0.8447291650369322,,,,,
b filter,SOXS,not month end,2025H2-26,299.0,-105.84264907668876,,,,-2.885810759962034,,-0.9476075539108487,-0.9755547107296115,,,,,
b filter,SOXS,only Mon,2020-23,185.0,-95.36106212402248,,,,-1.5933562514021145,,-0.3826675107439139,-0.8847198136464862,,,,,
b filter,SOXS,only Mon,2024-25H1,71.0,10.659991136441102,,,,0.25625508525422586,,0.031513433209645614,-0.19597291061271405,,,,,
b filter,SOXS,only Mon,2025H2-26,60.0,-11.850198451920557,,,,-0.12436039604878112,,-0.14745984139922985,-0.33479278341975316,,,,,
b filter,SOXS,skip Mon,2020-23,821.0,-4.219937221307168,,,,-0.1466539237099857,,-0.22755430107676,-0.9513103778590202,,,,,
b filter,SOXS,skip Mon,2024-25H1,303.0,-42.10317447018159,,,,-1.2597510672047805,,-0.6651371027356421,-0.8506270642782754,,,,,
b filter,SOXS,skip Mon,2025H2-26,254.0,-105.36387962870644,,,,-2.7509767561663043,,-0.9155985253032963,-0.9646536627703589,,,,,
b filter,SOXS,only Tue,2020-23,207.0,-29.288372673411846,,,,-0.5640516273173253,,-0.1709515142330118,-0.709175897248703,,,,,
b filter,SOXS,only Tue,2024-25H1,78.0,-46.31942086136298,,,,-0.716384337750576,,-0.26082394804749287,-0.43148009819691124,,,,,
b filter,SOXS,only Tue,2025H2-26,66.0,-178.1709344656482,,,,-2.716496306682427,,-0.6341397449493497,-0.7313897739529548,,,,,
b filter,SOXS,skip Tue,2020-23,799.0,-18.828124916446924,,,,-0.6326685159582935,,-0.4248155152345754,-0.9581866998252604,,,,,
b filter,SOXS,skip Tue,2024-25H1,296.0,-28.336106981727674,,,,-0.9036101497584407,,-0.5327018835373739,-0.7702191974014244,,,,,
b filter,SOXS,skip Tue,2025H2-26,248.0,-63.3635308793302,,,,-1.4991919682411452,,-0.8027941881163837,-0.8757500043068895,,,,,
b filter,SOXS,only Wed,2020-23,208.0,3.557061107551981,,,,0.06020294800625331,,-0.028348936522289536,-0.49949050549512,,,,,
b filter,SOXS,only Wed,2024-25H1,75.0,-114.94877603285741,,,,-1.589452617964651,,-0.47739119565417854,-0.6903280247533817,,,,,
b filter,SOXS,only Wed,2025H2-26,66.0,-87.57726597402723,,,,-1.0368792127562647,,-0.43296033123699107,-0.5280564649938226,,,,,
b filter,SOXS,skip Wed,2020-23,798.0,-27.376232659158095,,,,-0.949798293803953,,-0.5092314061544995,-0.9732640010637426,,,,,
b filter,SOXS,skip Wed,2024-25H1,299.0,-11.301820372285608,,,,-0.372800614490235,,-0.3390551901549713,-0.542004447150751,,,,,
b filter,SOXS,skip Wed,2025H2-26,248.0,-87.4731362037132,,,,-2.201540957457079,,-0.8729380677811776,-0.9305080135331778,,,,,
b filter,SOXS,only Thu,2020-23,205.0,-22.236219025920477,,,,-0.4154827308743258,,-0.14170080857123435,-0.6426265657383561,,,,,
b filter,SOXS,only Thu,2024-25H1,74.0,6.834018120999857,,,,0.12113464439433129,,-0.004704317306273964,-0.3050195628949538,,,,,
b filter,SOXS,only Thu,2025H2-26,62.0,-25.258329754976913,,,,-0.33459205076514026,,-0.1774144086976105,-0.3608034726935394,,,,,
b filter,SOXS,skip Thu,2020-23,801.0,-20.659101187669968,,,,-0.6990084458260798,,-0.4444177148324655,-0.9612156603754962,,,,,
b filter,SOXS,skip Thu,2024-25H1,300.0,-41.68706611577231,,,,-1.2907803445712716,,-0.6529517983270722,-0.8222859439865874,,,,,
b filter,SOXS,skip Thu,2025H2-26,252.0,-102.8072257460242,,,,-2.521588676974404,,-0.9125150691580014,-0.9537206737271416,,,,,
b filter,SOXS,only Fri,2020-23,201.0,31.923785445999798,,,,0.490958383676782,,0.11722075504626805,-0.5773805232772883,,,,,
b filter,SOXS,only Fri,2024-25H1,76.0,-13.538239154847261,,,,-0.18611145454827246,,-0.1290558624006971,-0.33065419153824716,,,,,
b filter,SOXS,only Fri,2025H2-26,60.0,-127.61712919773825,,,,-1.529136010525379,,-0.5026229156196209,-0.6336750098327949,,,,,
b filter,SOXS,skip Fri,2020-23,805.0,-34.19011903886125,,,,-1.2211567301231006,,-0.5731767209143077,-0.970471519885565,,,,,
b filter,SOXS,skip Fri,2024-25H1,298.0,-36.817101738286276,,,,-1.2199688263544504,,-0.6034009968035371,-0.842463591873482,,,,,
b filter,SOXS,skip Fri,2025H2-26,254.0,-78.01736055489127,,,,-1.9474695785490357,,-0.8545128560350276,-0.9150581001440727,,,,,
b filter,UPRO,day ret < 0,2020-23,455.0,6.666343321288665,,,,0.227863650832414,,0.019560274009039924,-0.4835741104845045,,,,,
b filter,UPRO,day ret < 0,2024-25H1,164.0,12.792690226248688,,,,0.5368261781302672,,0.11209936040760304,-0.23581288900451236,,,,,
b filter,UPRO,day ret < 0,2025H2-26,143.0,11.995187552034457,,,,0.7338711161879228,,0.1271670164608958,-0.2285099009293271,,,,,
b filter,UPRO,day ret > 0,2020-23,551.0,-3.506579318425916,,,,-0.1562444863784512,,-0.09543606432891438,-0.574771410992746,,,,,
b filter,UPRO,day ret > 0,2024-25H1,210.0,5.674658976563557,,,,0.3892968993222366,,0.06062535959799509,-0.31688780332904376,,,,,
b filter,UPRO,day ret > 0,2025H2-26,169.0,15.11168579580461,,,,1.3554515029376177,,0.21292245152408795,-0.09512739734920894,,,,,
b filter,UPRO,day ret bottom tercile,2020-23,335.0,11.590777345862971,,,,0.30739373011134224,,0.047292077428521706,-0.46219124508510445,,,,,
b filter,UPRO,day ret bottom tercile,2024-25H1,103.0,10.201075285874703,,,,0.3085188360672895,,0.0448384242485127,-0.2450025114214599,,,,,
b filter,UPRO,day ret bottom tercile,2025H2-26,95.0,27.888078007377505,,,,1.3519155388490727,,0.220939975185795,-0.12964061246932768,,,,,
b filter,UPRO,day ret top tercile,2020-23,335.0,-9.659083687425232,,,,-0.29151357493761115,,-0.11643446876276153,-0.5574533842252708,,,,,
b filter,UPRO,day ret top tercile,2024-25H1,111.0,11.806369497174009,,,,0.5100172135042121,,0.07592411889319228,-0.2390086825418264,,,,,
b filter,UPRO,day ret top tercile,2025H2-26,91.0,9.175361915420416,,,,0.7037894174831554,,0.06425875067725761,-0.05830566892225808,,,,,
b filter,UPRO,5d ret < 0,2020-23,429.0,-7.110207855196077,,,,-0.19865125164492162,,-0.14384149724057516,-0.683716402019293,,,,,
b filter,UPRO,5d ret < 0,2024-25H1,154.0,15.291007118233257,,,,0.5695408276119038,,0.1266666531887728,-0.36845060188163703,,,,,
b filter,UPRO,5d ret < 0,2025H2-26,134.0,20.40593821195054,,,,1.186888332959278,,0.22351388567596864,-0.16966771208431264,,,,,
b filter,UPRO,5d ret > 0,2020-23,577.0,7.194697013193732,,,,0.42753246565876973,,0.07720410547701606,-0.415800036057106,,,,,
b filter,UPRO,5d ret > 0,2024-25H1,220.0,4.249384027160051,,,,0.34030231652653725,,0.04691195102175816,-0.23797688088434932,,,,,
b filter,UPRO,5d ret > 0,2025H2-26,181.0,9.513260547804629,,,,0.8931133043606142,,0.13420609800719974,-0.14660344896332833,,,,,
b filter,UPRO,VIX > 20,2020-23,579.0,8.469556145728498,,,,0.2851698156712145,,0.025552403241592803,-0.669183432374049,,,,,
b filter,UPRO,VIX > 20,2024-25H1,75.0,5.064509428195852,,,,0.10473366599833503,,-0.004373230695106756,-0.3511869716931384,,,,,
b filter,UPRO,VIX > 20,2025H2-26,50.0,29.77074320781259,,,,0.8758984873112378,,0.11625453315433609,-0.1052179256282576,,,,,
b filter,UPRO,VIX <= 20,2020-23,427.0,-8.905882907829357,,,,-0.6493442348184276,,-0.10072127840916545,-0.42548035857387023,,,,,
b filter,UPRO,VIX <= 20,2024-25H1,299.0,9.731910953406164,,,,0.8588141231135907,,0.18470175813423406,-0.2056937586815366,,,,,
b filter,UPRO,VIX <= 20,2025H2-26,265.0,11.19908950627691,,,,1.198242875375086,,0.24319039153975797,-0.18410574685423564,,,,,
b filter,UPRO,VIX up yesterday,2020-23,438.0,-13.641882341065203,,,,-0.4365605369082978,,-0.19188944380577633,-0.6223116320944371,,,,,
b filter,UPRO,VIX up yesterday,2024-25H1,160.0,18.911295802054642,,,,0.8087759494017038,,0.18734757473576136,-0.23962219930293793,,,,,
b filter,UPRO,VIX up yesterday,2025H2-26,146.0,34.390522688567636,,,,2.274288210666923,,0.47103812470792183,-0.1505852146931541,,,,,
b filter,UPRO,VIX down yesterday,2020-23,568.0,12.458108225563777,,,,0.5927939926269473,,0.14125158623698164,-0.5295213315562208,,,,,
b filter,UPRO,VIX down yesterday,2024-25H1,214.0,1.2330479152074298,,,,0.08091881841193724,,-0.0065918277522816204,-0.30850896713407394,,,,,
b filter,UPRO,VIX down yesterday,2025H2-26,169.0,-3.3415410235317364,,,,-0.27921550402074696,,-0.05664109799621819,-0.2186439537846525,,,,,
b filter,UPRO,pre-holiday,2020-23,37.0,-12.240320052559673,,,,-0.15313652273325923,,-0.013981615719233065,-0.16917046555835857,,,,,
b filter,UPRO,pre-holiday,2024-25H1,16.0,1.186997853131692,,,,0.02500553249298052,,-2.509005034312395e-05,-0.04540693717576472,,,,,
b filter,UPRO,pre-holiday,2025H2-26,12.0,-40.37674402413628,,,,-0.6669900827396616,,-0.0396737669584859,-0.07706016929575443,,,,,
b filter,UPRO,not pre-holiday,2020-23,969.0,1.603666510503996,,,,0.08667825503017093,,-0.0646650520778761,-0.6984409136168225,,,,,
b filter,UPRO,not pre-holiday,2024-25H1,358.0,9.135998928863202,,,,0.6669625197745339,,0.17955037901940485,-0.44226466259568487,,,,,
b filter,UPRO,not pre-holiday,2025H2-26,303.0,16.30632609849388,,,,1.7006488288842248,,0.4450473832574955,-0.20971332505710516,,,,,
b filter,UPRO,month end,2020-23,48.0,41.95185440446759,,,,0.5930028262487234,,0.04781075117706601,-0.16562688059556363,,,,,
b filter,UPRO,month end,2024-25H1,18.0,10.241481951200923,,,,0.2225881163876547,,0.01091266000153901,-0.04600579449560627,,,,,
b filter,UPRO,month end,2025H2-26,15.0,-66.6665069906912,,,,-1.221370763966673,,-0.07889540353366276,-0.10737316623811421,,,,,
b filter,UPRO,not month end,2020-23,958.0,-0.9526388357836906,,,,-0.05112835453131332,,-0.1198244023784989,-0.7042314117403343,,,,,
b filter,UPRO,not month end,2024-25H1,356.0,8.722845244554817,,,,0.634630091714612,,0.1667880230515839,-0.4124367915720425,,,,,
b filter,UPRO,not month end,2025H2-26,300.0,18.18764494804793,,,,1.8969416652383662,,0.5065790741397989,-0.18378894810117263,,,,,
b filter,UPRO,only Mon,2020-23,185.0,54.67515658063165,,,,1.387887232917621,,0.2677967697306398,-0.1561490109008825,,,,,
b filter,UPRO,only Mon,2024-25H1,71.0,4.336358519931946,,,,0.17592308820830863,,0.014118658636414594,-0.07258729409283249,,,,,
b filter,UPRO,only Mon,2025H2-26,60.0,-19.21932440420958,,,,-0.9681231747014679,,-0.09231918957347696,-0.15764205440589318,,,,,
b filter,UPRO,skip Mon,2020-23,821.0,-10.979102266361984,,,,-0.5422553536924497,,-0.27255103015647086,-0.7900359923760096,,,,,
b filter,UPRO,skip Mon,2024-25H1,303.0,9.840917911775453,,,,0.6420469940106385,,0.16309938092155818,-0.464266836831304,,,,,
b filter,UPRO,skip Mon,2025H2-26,255.0,21.997864093359155,,,,2.0459700843835593,,0.5288600289765648,-0.18060932926422724,,,,,
b filter,UPRO,only Tue,2020-23,207.0,11.231988388759698,,,,0.3162869621281461,,0.04116685109896112,-0.3648322802785423,,,,,
b filter,UPRO,only Tue,2024-25H1,78.0,12.357431024954423,,,,0.45556013877817625,,0.05647835533097134,-0.08992735416206932,,,,,
b filter,UPRO,only Tue,2025H2-26,66.0,46.95964935079886,,,,2.558607550737887,,0.2754202263495682,-0.041333967123647675,,,,,
b filter,UPRO,skip Tue,2020-23,799.0,-1.5318655691359089,,,,-0.07366050397621102,,-0.11420782064079749,-0.6422085028904754,,,,,
b filter,UPRO,skip Tue,2024-25H1,296.0,7.857432304853678,,,,0.5179282718494465,,0.11646469432068551,-0.41796042710890147,,,,,
b filter,UPRO,skip Tue,2025H2-26,249.0,5.449634628117616,,,,0.49373658564461054,,0.08804681112985646,-0.25627490578123824,,,,,
b filter,UPRO,only Wed,2020-23,208.0,-33.52611244555928,,,,-0.8938177638335097,,-0.17703975210346823,-0.596177974139472,,,,,
b filter,UPRO,only Wed,2024-25H1,75.0,32.71404787645256,,,,1.0987719764333213,,0.1661321162061289,-0.21958351218346994,,,,,
b filter,UPRO,only Wed,2025H2-26,66.0,12.749354735035194,,,,0.5811285514297818,,0.0625161177856366,-0.14734500831867547,,,,,
b filter,UPRO,skip Wed,2020-23,798.0,10.118411523070172,,,,0.49245433443600306,,0.12065856943731745,-0.5518785002263102,,,,,
b filter,UPRO,skip Wed,2024-25H1,299.0,2.7964079981578305,,,,0.18860096698461234,,0.011481261555889244,-0.3430174228926669,,,,,
b filter,UPRO,skip Wed,2025H2-26,249.0,14.51742356241642,,,,1.3746663444471892,,0.30606669103737794,-0.21856652908852292,,,,,
b filter,UPRO,only Thu,2020-23,205.0,7.725517790408117,,,,0.2140438389750876,,0.02311017375838542,-0.2816125139712513,,,,,
b filter,UPRO,only Thu,2024-25H1,74.0,-3.4350689483605077,,,,-0.14080439498448338,,-0.024340786846683282,-0.15092028759357312,,,,,
b filter,UPRO,only Thu,2025H2-26,62.0,-2.0703915940479503,,,,-0.10466502010901352,,-0.014995805600340195,-0.0983810565246358,,,,,
b filter,UPRO,skip Thu,2020-23,801.0,-0.6025844448189693,,,,-0.029084624813927297,,-0.09857464252984316,-0.6953639905791154,,,,,
b filter,UPRO,skip Thu,2024-25H1,300.0,11.812915614539364,,,,0.7668307455835789,,0.20894751788262078,-0.3828456452526151,,,,,
b filter,UPRO,skip Thu,2025H2-26,253.0,18.12118639677859,,,,1.6764920804763668,,0.4088436557125048,-0.16071678254575505,,,,,
b filter,UPRO,only Fri,2020-23,201.0,-29.597832415491446,,,,-0.5761378504853614,,-0.1701856520132211,-0.545023587117462,,,,,
b filter,UPRO,only Fri,2024-25H1,76.0,-2.387368174128238,,,,-0.06097688228597841,,-0.03236779454441685,-0.2754239757803647,,,,,
b filter,UPRO,only Fri,2025H2-26,61.0,29.459432015942784,,,,1.1319825446258251,,0.14535685609026383,-0.13886054594249753,,,,,
b filter,UPRO,skip Fri,2020-23,805.0,8.758043878568259,,,,0.4719055686919852,,0.11140215440839962,-0.44665580161301155,,,,,
b filter,UPRO,skip Fri,2024-25H1,298.0,11.648052226231133,,,,0.8742174337471557,,0.21897636042991042,-0.3445043606360566,,,,,
b filter,UPRO,skip Fri,2025H2-26,254.0,10.469569002289369,,,,1.0426393498495805,,0.21160222052296618,-0.19492337705114549,,,,,
b selected rule,UPRO,skip Fri,2025H2-26,254.0,10.469569002289369,,,,1.0426393498495805,,,,0.4719055686919852,0.4719055686919852,0.8742174337471557,1.4864844494293097,
b filter,TNA,day ret < 0,2020-23,485.0,7.549434644819087,,,,0.2317229775880033,,0.013401854268661362,-0.5099808583165025,,,,,
b filter,TNA,day ret < 0,2024-25H1,187.0,-10.348310446869991,,,,-0.3739523415438107,,-0.17515714643742353,-0.40230878556734473,,,,,
b filter,TNA,day ret < 0,2025H2-26,142.0,26.5492994530171,,,,1.2789646703454496,,0.31482408288423724,-0.1898139974788442,,,,,
b filter,TNA,day ret > 0,2020-23,521.0,14.658459244612846,,,,0.5409555086344823,,0.1362311163891552,-0.6116305698597874,,,,,
b filter,TNA,day ret > 0,2024-25H1,187.0,24.56123091167776,,,,0.9171691889570471,,0.2873753025245853,-0.32568143335263955,,,,,
b filter,TNA,day ret > 0,2025H2-26,170.0,4.1374060219184345,,,,0.23355844286787222,,0.02772660726941578,-0.2873652345901687,,,,,
b filter,TNA,day ret bottom tercile,2020-23,335.0,14.815674368439096,,,,0.34045842548360983,,0.059113301019501296,-0.46953858673014337,,,,,
b filter,TNA,day ret bottom tercile,2024-25H1,116.0,-12.34985561263821,,,,-0.3239208648847895,,-0.13297647601788187,-0.36612875652805443,,,,,
b filter,TNA,day ret bottom tercile,2025H2-26,98.0,48.09224786529154,,,,1.7880658906995517,,0.4256924459565825,-0.12207772315126575,,,,,
b filter,TNA,day ret top tercile,2020-23,335.0,24.55041615628259,,,,0.6456582251023184,,0.16639400539604443,-0.4502136802543195,,,,,
b filter,TNA,day ret top tercile,2024-25H1,105.0,33.292468171739884,,,,0.8091824629255804,,0.2132712965025103,-0.2859748022944666,,,,,
b filter,TNA,day ret top tercile,2025H2-26,91.0,5.26610508791423,,,,0.219001785135736,,0.023123900815789522,-0.20779412420073584,,,,,
b filter,TNA,5d ret < 0,2020-23,486.0,0.5958110716984549,,,,0.017335871062905826,,-0.07865912551280252,-0.6550151279834849,,,,,
b filter,TNA,5d ret < 0,2024-25H1,186.0,-26.575505235980337,,,,-0.922181540910667,,-0.3303541188693697,-0.5016801885248008,,,,,
b filter,TNA,5d ret < 0,2025H2-26,148.0,6.49859932414469,,,,0.3120324492426315,,0.0476481901002368,-0.2786364535836162,,,,,
b filter,TNA,5d ret > 0,2020-23,520.0,21.171094016029045,,,,0.8448679523695743,,0.24976406899064707,-0.342410794127753,,,,,
b filter,TNA,5d ret > 0,2024-25H1,188.0,40.43010691920956,,,,1.5884630124291474,,0.585737100850203,-0.17607586760154126,,,,,
b filter,TNA,5d ret > 0,2025H2-26,167.0,21.36615238210186,,,,1.2395755355794493,,0.2955723138025588,-0.17462184483166054,,,,,
b filter,TNA,VIX > 20,2020-23,579.0,25.474054876550685,,,,0.7507975285763144,,0.2804639473752233,-0.6326433236322777,,,,,
b filter,TNA,VIX > 20,2024-25H1,75.0,-7.961423430995297,,,,-0.12758025715202942,,-0.08595153329405181,-0.4347400568887858,,,,,
b filter,TNA,VIX > 20,2025H2-26,50.0,11.589001027589447,,,,0.24118794872975552,,0.02852717702130647,-0.18726610215526573,,,,,
b filter,TNA,VIX <= 20,2020-23,427.0,-8.081837715087367,,,,-0.4367629079021021,,-0.10074881640607358,-0.5004969264613781,,,,,
b filter,TNA,VIX <= 20,2024-25H1,299.0,10.886029713189638,,,,0.5941975414830145,,0.1617352436104189,-0.259836209920027,,,,,
b filter,TNA,VIX <= 20,2025H2-26,265.0,14.90750979775454,,,,1.1401353825320817,,0.3196578758668107,-0.2372364656503757,,,,,
b filter,TNA,VIX up yesterday,2020-23,438.0,-0.3199264666521497,,,,-0.0094426654415604,,-0.07176263055084187,-0.5309351040806913,,,,,
b filter,TNA,VIX up yesterday,2024-25H1,160.0,30.2342670573504,,,,0.9147429467748147,,0.29962633359521984,-0.28532456352503976,,,,,
b filter,TNA,VIX up yesterday,2025H2-26,146.0,41.00607156927796,,,,1.9671220531761262,,0.567032602553952,-0.19868437465855426,,,,,
b filter,TNA,VIX down yesterday,2020-23,568.0,20.138487432348928,,,,0.7566678068633079,,0.24047873757746752,-0.5538483549520773,,,,,
b filter,TNA,VIX down yesterday,2024-25H1,214.0,-10.18535795447202,,,,-0.4460729027761897,,-0.18293259324560762,-0.4065682026409787,,,,,
b filter,TNA,VIX down yesterday,2025H2-26,169.0,-8.620984031539392,,,,-0.5018805370733876,,-0.13383806598082892,-0.267814440689768,,,,,
b filter,TNA,pre-holiday,2020-23,37.0,13.126940612911651,,,,0.11965485976277793,,0.00710554940969832,-0.205593634109134,,,,,
b filter,TNA,pre-holiday,2024-25H1,16.0,-20.621735699157252,,,,-0.2651926798043728,,-0.02542568347127616,-0.10042339843871684,,,,,
b filter,TNA,pre-holiday,2025H2-26,12.0,-48.91473368769325,,,,-0.6307156273523179,,-0.04855737958216799,-0.10041407289537985,,,,,
b filter,TNA,not pre-holiday,2020-23,969.0,11.158757756968848,,,,0.5200358541905443,,0.1433346990307358,-0.6676957201038365,,,,,
b filter,TNA,not pre-holiday,2024-25H1,358.0,8.345709212585398,,,,0.4209741849435624,,0.0895857813312968,-0.5188724005236156,,,,,
b filter,TNA,not pre-holiday,2025H2-26,303.0,16.887514693190575,,,,1.2458286094254873,,0.4265747198744967,-0.32338701585646745,,,,,
b filter,TNA,month end,2020-23,48.0,67.17855168494565,,,,0.7279776485013209,,0.07723936840569978,-0.2025265251850028,,,,,
b filter,TNA,month end,2024-25H1,18.0,7.575605586585444,,,,0.12042410929303968,,0.006240893200673003,-0.06927737472074669,,,,,
b filter,TNA,month end,2025H2-26,15.0,-129.811018576422,,,,-1.7746172093735708,,-0.14763935923208116,-0.18100880248696083,,,,,
b filter,TNA,not month end,2020-23,958.0,8.427935895932315,,,,0.3896562490978699,,0.06889773433611612,-0.6742099065958929,,,,,
b filter,TNA,not month end,2024-25H1,356.0,7.08273939988909,,,,0.3543009049746548,,0.05529632647179117,-0.4912909901666219,,,,,
b filter,TNA,not month end,2025H2-26,300.0,21.59035142143585,,,,1.596726354634629,,0.5924057550057529,-0.2981190199205962,,,,,
b filter,TNA,only Mon,2020-23,185.0,64.72530320643546,,,,1.3499316695708183,,0.31792553723037975,-0.2018285793117256,,,,,
b filter,TNA,only Mon,2024-25H1,71.0,-35.99146385136965,,,,-0.9975606056568667,,-0.17070473744315895,-0.31095801236542897,,,,,
b filter,TNA,only Mon,2025H2-26,60.0,-13.289858184607173,,,,-0.46170503205463354,,-0.07087020401311439,-0.20150306312828647,,,,,
b filter,TNA,skip Mon,2020-23,821.0,-0.8229573983069555,,,,-0.03512444550022773,,-0.12630972866167312,-0.7517548881429572,,,,,
b filter,TNA,skip Mon,2024-25H1,303.0,17.20531373058185,,,,0.7749132643960022,,0.28046350447779345,-0.5224870911947288,,,,,
b filter,TNA,skip Mon,2025H2-26,255.0,20.891496622983745,,,,1.3874532427391586,,0.46083356228776307,-0.26881304823354213,,,,,
b filter,TNA,only Tue,2020-23,207.0,12.724758321644845,,,,0.30728692966767246,,0.04316134193695209,-0.3646912725567888,,,,,
b filter,TNA,only Tue,2024-25H1,78.0,19.112113301375295,,,,0.41480920786343956,,0.07488969111679333,-0.12454796294394566,,,,,
b filter,TNA,only Tue,2025H2-26,66.0,65.88299390843171,,,,2.559663106538677,,0.40315384599813053,-0.05422758728092014,,,,,
b filter,TNA,skip Tue,2020-23,799.0,10.844190358698453,,,,0.4471551943446098,,0.10381651805508874,-0.6345730566648551,,,,,
b filter,TNA,skip Tue,2024-25H1,296.0,3.9428084101749197,,,,0.18682028983452714,,-0.012101123570097738,-0.4708600126292941,,,,,
b filter,TNA,skip Tue,2025H2-26,249.0,0.7295684732045461,,,,0.047093952914478016,,-0.03267628594660077,-0.4082670426422388,,,,,
b filter,TNA,only Wed,2020-23,208.0,-38.91610295311219,,,,-0.880642914804258,,-0.2058674517464626,-0.6646976981988213,,,,,
b filter,TNA,only Wed,2024-25H1,75.0,40.01037071166162,,,,0.9469313468432249,,0.1957073012622963,-0.2817173648887119,,,,,
b filter,TNA,only Wed,2025H2-26,66.0,-8.923003601428375,,,,-0.298675779647483,,-0.057831663784180365,-0.21782345566182748,,,,,
b filter,TNA,skip Wed,2020-23,798.0,24.302108375222915,,,,1.017832194358046,,0.44995784741327927,-0.5045531827560041,,,,,
b filter,TNA,skip Wed,2024-25H1,299.0,-1.1470290182460474,,,,-0.05299809915941608,,-0.11192118922469951,-0.39189447225372054,,,,,
b filter,TNA,skip Wed,2025H2-26,249.0,20.557664198709627,,,,1.3755805134858619,,0.4406172841158946,-0.29346424346790567,,,,,
b filter,TNA,only Thu,2020-23,205.0,23.841175476544382,,,,0.5366097161909801,,0.10170288586600407,-0.3176237484682394,,,,,
b filter,TNA,only Thu,2024-25H1,74.0,-1.7703037008828857,,,,-0.04390801867487143,,-0.029183904475261424,-0.2203871592792006,,,,,
b filter,TNA,only Thu,2025H2-26,62.0,-11.869494139472128,,,,-0.38242007278341145,,-0.06837806225046839,-0.17561923824276782,,,,,
b filter,TNA,skip Thu,2020-23,801.0,8.003860295242138,,,,0.33508772164293954,,0.045162661366187296,-0.6492158958418532,,,,,
b filter,TNA,skip Thu,2024-25H1,300.0,9.296062002614628,,,,0.4251802191900429,,0.09380378326587624,-0.4531096769769677,,,,,
b filter,TNA,skip Thu,2025H2-26,253.0,20.813631559018567,,,,1.4060781286247637,,0.45692574927764196,-0.23957142592122738,,,,,
b filter,TNA,only Fri,2020-23,201.0,-0.5102714180833517,,,,-0.009040208518661177,,-0.04269895706103277,-0.4619697973381591,,,,,
b filter,TNA,only Fri,2024-25H1,76.0,11.219603859864973,,,,0.23241681697032227,,0.026222323949161908,-0.2614100808430302,,,,,
b filter,TNA,only Fri,2025H2-26,61.0,37.768539594195204,,,,1.113732458059304,,0.1861161950938044,-0.17439804034628215,,,,,
b filter,TNA,skip Fri,2020-23,805.0,14.16285419157181,,,,0.6373054252287974,,0.2028177851885331,-0.4933547195914816,,,,,
b filter,TNA,skip Fri,2024-25H1,298.0,6.057470582447371,,,,0.2910012876375806,,0.034748799903294714,-0.44241396927427434,,,,,
b filter,TNA,skip Fri,2025H2-26,254.0,8.7640127265296,,,,0.6053832057554549,,0.1443263276511293,-0.3161562135438156,,,,,
b selected rule,TNA,5d ret > 0,2025H2-26,167.0,21.36615238210186,,,,1.2395755355794493,,,,0.8448679523695743,0.8448679523695743,1.5884630124291474,1.074923992206281,
b filter,SMH,day ret < 0,2020-23,474.0,4.442164794698924,,,,0.3214127023968728,,0.04003588384507828,-0.22734969644443126,,,,,
b filter,SMH,day ret < 0,2024-25H1,177.0,2.750824208993556,,,,0.17755827737159577,,0.015723639046872462,-0.22983254032689937,,,,,
b filter,SMH,day ret < 0,2025H2-26,126.0,28.108067973310927,,,,1.5689656360364994,,0.30605562244109663,-0.10561767697719249,,,,,
b filter,SMH,day ret > 0,2020-23,532.0,1.0617707972214108,,,,0.0931074943560663,,0.002456260083028017,-0.34067519597021834,,,,,
b filter,SMH,day ret > 0,2024-25H1,197.0,25.586874473326088,,,,2.058837962677823,,0.38525707338286863,-0.12552030402176473,,,,,
b filter,SMH,day ret > 0,2025H2-26,186.0,12.501856983251434,,,,0.9416627858310385,,0.18114003298871895,-0.1559201803208642,,,,,
b filter,SMH,day ret bottom tercile,2020-23,335.0,5.301625229980469,,,,0.29900978615183965,,0.03395980715855007,-0.23052852017126124,,,,,
b filter,SMH,day ret bottom tercile,2024-25H1,126.0,10.758141532542918,,,,0.5403406023330867,,0.07993859584520635,-0.17546089579124458,,,,,
b filter,SMH,day ret bottom tercile,2025H2-26,87.0,33.01995875693518,,,,1.4537746043150095,,0.24279813785094784,-0.0943722051118061,,,,,
b filter,SMH,day ret top tercile,2020-23,335.0,0.05372470726605627,,,,0.0033394863420594645,,-0.008769722806546754,-0.2738747949538787,,,,,
b filter,SMH,day ret top tercile,2024-25H1,139.0,26.334868719414633,,,,1.9804822555609942,,0.26977524325192004,-0.08900603970389476,,,,,
b filter,SMH,day ret top tercile,2025H2-26,122.0,7.553030028417426,,,,0.4599774030770863,,0.06275795580801358,-0.12290846183178472,,,,,
b filter,SMH,5d ret < 0,2020-23,440.0,3.0447549774893123,,,,0.19522424578536018,,0.0187473320302336,-0.30266297850001367,,,,,
b filter,SMH,5d ret < 0,2024-25H1,161.0,19.484884378294332,,,,1.0912870081506705,,0.21227418818372024,-0.18642384692697034,,,,,
b filter,SMH,5d ret < 0,2025H2-26,120.0,30.273554162706514,,,,1.558082845622174,,0.31421925597039535,-0.11181229023206385,,,,,
b filter,SMH,5d ret > 0,2020-23,566.0,2.3511589871268233,,,,0.23294665653005542,,0.023404380744471487,-0.3535897696261079,,,,,
b filter,SMH,5d ret > 0,2024-25H1,213.0,11.222740710477527,,,,1.039308956762434,,0.16066016195556565,-0.21074270775156256,,,,,
b filter,SMH,5d ret > 0,2025H2-26,195.0,12.533379159063376,,,,1.0164895023827207,,0.19356857797972626,-0.21674205095916532,,,,,
b filter,SMH,VIX > 20,2020-23,579.0,7.255496130254104,,,,0.5344160675838395,,0.08942027554963339,-0.365962176297307,,,,,
b filter,SMH,VIX > 20,2024-25H1,75.0,16.30217296466306,,,,0.5623131847685456,,0.07429382049243127,-0.1937478725979065,,,,,
b filter,SMH,VIX > 20,2025H2-26,50.0,22.156721925900204,,,,0.8710305316284477,,0.08708272674699424,-0.057079415054649196,,,,,
b filter,SMH,VIX <= 20,2020-23,427.0,-3.5842718562249334,,,,-0.3620557341086565,,-0.04298597532024406,-0.29485386771013333,,,,,
b filter,SMH,VIX <= 20,2024-25H1,299.0,14.397482220359096,,,,1.4504895007245937,,0.30973326733548,-0.1545995427004514,,,,,
b filter,SMH,VIX <= 20,2025H2-26,265.0,18.75094090281935,,,,1.6060138375326856,,0.44295440439578715,-0.12849774405482917,,,,,
b filter,SMH,VIX up yesterday,2020-23,438.0,-2.741814671265492,,,,-0.18263097244780716,,-0.042892102673290244,-0.28354266579912824,,,,,
b filter,SMH,VIX up yesterday,2024-25H1,160.0,27.686652230376136,,,,1.6710039981124751,,0.32627713292975113,-0.12569820535593335,,,,,
b filter,SMH,VIX up yesterday,2025H2-26,146.0,43.273465792962284,,,,2.8277600950264232,,0.6309242054926676,-0.08978220952098592,,,,,
b filter,SMH,VIX down yesterday,2020-23,568.0,6.815779934548175,,,,0.6413512760660174,,0.08931342577313806,-0.3759039112213848,,,,,
b filter,SMH,VIX down yesterday,2024-25H1,214.0,5.129185978396811,,,,0.4303711163124126,,0.06089317281955542,-0.22424291255114936,,,,,
b filter,SMH,VIX down yesterday,2025H2-26,169.0,-1.4265714214813823,,,,-0.09727546297149134,,-0.038207414409969775,-0.2655130852102,,,,,
b filter,SMH,pre-holiday,2020-23,37.0,-8.750132177417049,,,,-0.18822769850086432,,-0.009001232133942771,-0.08877262679798414,,,,,
b filter,SMH,pre-holiday,2024-25H1,16.0,19.207185404372062,,,,0.5589680651535764,,0.020222968236513372,-0.021559524712635558,,,,,
b filter,SMH,pre-holiday,2025H2-26,12.0,47.372203793623726,,,,0.8339304888264595,,0.044981407552961095,-0.03222318337306129,,,,,
b filter,SMH,not pre-holiday,2020-23,969.0,3.089992845586697,,,,0.34178485377985734,,0.05206032164552554,-0.4086036433693503,,,,,
b filter,SMH,not pre-holiday,2024-25H1,358.0,14.581550809405435,,,,1.4365626748051248,,0.37914789158685336,-0.26975356114475235,,,,,
b filter,SMH,not pre-holiday,2025H2-26,303.0,18.179435610622615,,,,1.6834161774578844,,0.5010896817536512,-0.1491909853974247,,,,,
b filter,SMH,month end,2020-23,48.0,27.972132092593046,,,,0.8478034858339202,,0.03338817288051099,-0.054545047027458216,,,,,
b filter,SMH,month end,2024-25H1,18.0,-2.7481850687532736,,,,-0.0753544986787739,,-0.004306358404039368,-0.039669842491495744,,,,,
b filter,SMH,month end,2025H2-26,15.0,-86.66927561410752,,,,-1.7064325382776337,,-0.10048231503587068,-0.1261584817154061,,,,,
b filter,SMH,not month end,2020-23,958.0,1.3859977415079476,,,,0.15110107082390428,,0.00890498830204467,-0.44915559682357775,,,,,
b filter,SMH,not month end,2024-25H1,356.0,15.665667099647916,,,,1.5431626968974386,,0.4131237730277939,-0.2548824395159378,,,,,
b filter,SMH,not month end,2025H2-26,300.0,24.589581899179173,,,,2.2776526528919105,,0.7438354294998786,-0.11856346046951871,,,,,
b filter,SMH,only Mon,2020-23,185.0,27.24007327771662,,,,1.349795930247313,,0.12962893388658592,-0.09173502639709308,,,,,
b filter,SMH,only Mon,2024-25H1,71.0,5.862797769293088,,,,0.40707594645593187,,0.026023933318740866,-0.05407727116524519,,,,,
b filter,SMH,only Mon,2025H2-26,60.0,-8.53651408019533,,,,-0.31407814116943367,,-0.04835494002988594,-0.17161861985910132,,,,,
b filter,SMH,skip Mon,2020-23,821.0,-2.885463312507305,,,,-0.2923117073674262,,-0.07705047985592817,-0.5228045846020959,,,,,
b filter,SMH,skip Mon,2024-25H1,303.0,16.86881687992505,,,,1.4476863090700882,,0.37135042361118376,-0.2931174335761131,,,,,
b filter,SMH,skip Mon,2025H2-26,255.0,25.839318746485716,,,,2.265309680752096,,0.6483149805363579,-0.11934398008280345,,,,,
b filter,SMH,only Tue,2020-23,207.0,5.212463131457933,,,,0.2984024118950687,,0.023156280667225415,-0.19023642258235263,,,,,
b filter,SMH,only Tue,2024-25H1,78.0,19.61196745926,,,,0.8860264977330251,,0.10113659643309103,-0.06211892139383479,,,,,
b filter,SMH,only Tue,2025H2-26,66.0,44.4028689460642,,,,2.3032415281959153,,0.2576498105275611,-0.06581823857085956,,,,,
b filter,SMH,skip Tue,2020-23,799.0,1.9918251672056142,,,,0.19493630308666066,,0.018994363003455028,-0.444589046600695,,,,,
b filter,SMH,skip Tue,2024-25H1,296.0,13.506002345996007,,,,1.2301198137724085,,0.27780546042124543,-0.27055111658834796,,,,,
b filter,SMH,skip Tue,2025H2-26,249.0,12.63552644619238,,,,1.015388520774276,,0.2472556313940486,-0.18460122831304826,,,,,
b filter,SMH,only Wed,2020-23,208.0,-3.030724173239691,,,,-0.14510940422732993,,-0.021477711669177557,-0.24848366852970583,,,,,
b filter,SMH,only Wed,2024-25H1,75.0,46.36132438105636,,,,1.8616888285910893,,0.25397737252714436,-0.1469536898823698,,,,,
b filter,SMH,only Wed,2025H2-26,66.0,22.661884508328768,,,,0.8950200972399436,,0.11717893491747344,-0.15482405884947437,,,,,
b filter,SMH,skip Wed,2020-23,798.0,4.136389479753048,,,,0.4232422942561246,,0.06547443518118423,-0.36211160384479457,,,,,
b filter,SMH,skip Wed,2024-25H1,299.0,6.85756129651462,,,,0.646381333735152,,0.12206040269790486,-0.16940743693697335,,,,,
b filter,SMH,skip Wed,2025H2-26,249.0,18.398197020049967,,,,1.5798438814495526,,0.40408197780602917,-0.1697420735583247,,,,,
b filter,SMH,only Thu,2020-23,205.0,1.6869028230450518,,,,0.09508831190523526,,0.004539132147314273,-0.2075937459400078,,,,,
b filter,SMH,only Thu,2024-25H1,74.0,4.246491414654065,,,,0.23000339082991114,,0.017060956108981173,-0.09165175643451595,,,,,
b filter,SMH,only Thu,2025H2-26,62.0,-1.1347755432671356,,,,-0.050246807668279846,,-0.011835810213095765,-0.10233207011317724,,,,,
b filter,SMH,skip Thu,2020-23,801.0,2.9021636680210228,,,,0.28508067957399175,,0.0378794106734599,-0.343350187547799,,,,,
b filter,SMH,skip Thu,2024-25H1,300.0,17.377565971842326,,,,1.5280040693766213,,0.3834356211793266,-0.23731177095334488,,,,,
b filter,SMH,skip Thu,2025H2-26,253.0,24.297199680730046,,,,2.0285886862754223,,0.5873989613410593,-0.08904528334888717,,,,,
b filter,SMH,only Fri,2020-23,201.0,-15.738157703834172,,,,-0.6989849360630358,,-0.08230494384085296,-0.2968533254169894,,,,,
b filter,SMH,only Fri,2024-25H1,76.0,-2.7608110587976165,,,,-0.10268190268229213,,-0.023503781406047586,-0.24312727681096724,,,,,
b filter,SMH,only Fri,2025H2-26,61.0,36.60833829584402,,,,1.506235920830735,,0.18721295316625275,-0.10116685025702521,,,,,
b filter,SMH,skip Fri,2020-23,805.0,7.246978727055586,,,,0.7589574702961759,,0.13609687169402873,-0.3012736379752239,,,,,
b filter,SMH,skip Fri,2024-25H1,298.0,19.25279126411315,,,,1.880440188354574,,0.4409050734654658,-0.20918081725965276,,,,,
b filter,SMH,skip Fri,2025H2-26,254.0,15.132782675179744,,,,1.2800383879734634,,0.3212547962172503,-0.1387664626201376,,,,,
b selected rule,SMH,skip Fri,2025H2-26,254.0,15.132782675179744,,,,1.2800383879734634,,,,0.7589574702961759,0.7589574702961759,1.880440188354574,1.8201439062645812,
b filter,XLK,day ret < 0,2020-23,474.0,0.7579281136243408,,,,0.06662605374056246,,-0.00016364347931419054,-0.18653192070052205,,,,,
b filter,XLK,day ret < 0,2024-25H1,172.0,7.244223381745111,,,,0.6312601071485611,,0.07794021078252511,-0.13226824243369006,,,,,
b filter,XLK,day ret < 0,2025H2-26,132.0,19.756834796176076,,,,1.8274819029504805,,0.22393927491317278,-0.060660574465490336,,,,,
b filter,XLK,day ret > 0,2020-23,532.0,-3.8272549394104587,,,,-0.3906209960262577,,-0.05810642578082792,-0.3240796553247465,,,,,
b filter,XLK,day ret > 0,2024-25H1,202.0,0.47584191213508714,,,,0.06001245470876491,,0.0006501487502148517,-0.1548011769357749,,,,,
b filter,XLK,day ret > 0,2025H2-26,180.0,4.216981657030022,,,,0.4973184730991623,,0.05472871871280027,-0.11754856933054192,,,,,
b filter,XLK,day ret bottom tercile,2020-23,335.0,-2.406525919849856,,,,-0.15792940040163075,,-0.028016157651506668,-0.20635025957332764,,,,,
b filter,XLK,day ret bottom tercile,2024-25H1,105.0,-6.510767782337648,,,,-0.4100348010801507,,-0.051107492092180684,-0.1636014576182171,,,,,
b filter,XLK,day ret bottom tercile,2025H2-26,95.0,15.983472310892042,,,,1.1803697418560648,,0.12320189039021012,-0.048445090134342506,,,,,
b filter,XLK,day ret top tercile,2020-23,335.0,-5.595959247735067,,,,-0.3950507768755892,,-0.05290430116865252,-0.2606402600641935,,,,,
b filter,XLK,day ret top tercile,2024-25H1,118.0,7.413315350457592,,,,0.6651821583919831,,0.056548665566722445,-0.15111546351070027,,,,,
b filter,XLK,day ret top tercile,2025H2-26,101.0,14.869654716211674,,,,1.4349838468057792,,0.12370349786900503,-0.039989929513292166,,,,,
b filter,XLK,5d ret < 0,2020-23,432.0,-3.4341935659375418,,,,-0.2344156999395428,,-0.048866577146915446,-0.3219421868526161,,,,,
b filter,XLK,5d ret < 0,2024-25H1,166.0,5.225096633707275,,,,0.422259668696458,,0.05000833789651393,-0.18408990598173813,,,,,
b filter,XLK,5d ret < 0,2025H2-26,124.0,20.11680551020738,,,,1.781618639897819,,0.21319345837802417,-0.05039744962184456,,,,,
b filter,XLK,5d ret > 0,2020-23,574.0,-0.3367074589257976,,,,-0.04801915839407575,,-0.009876619988143043,-0.30253017912907476,,,,,
b filter,XLK,5d ret > 0,2024-25H1,208.0,2.2825021476732643,,,,0.316904418487532,,0.027269016191069362,-0.14804131784991215,,,,,
b filter,XLK,5d ret > 0,2025H2-26,191.0,5.479217522825333,,,,0.6728565252781412,,0.07894599259655055,-0.13362176137734683,,,,,
b filter,XLK,VIX > 20,2020-23,579.0,0.9170450717063083,,,,0.0765958624062616,,-0.002133556912767176,-0.3270093523351074,,,,,
b filter,XLK,VIX > 20,2024-25H1,75.0,4.561972158536733,,,,0.20278518899694636,,0.01673034156064901,-0.17089669025241294,,,,,
b filter,XLK,VIX > 20,2025H2-26,50.0,14.375499885132358,,,,0.8426641024063162,,0.05674442586998785,-0.036761182109785406,,,,,
b filter,XLK,VIX <= 20,2020-23,427.0,-5.1705170923334425,,,,-0.7715736012383806,,-0.056247009806284276,-0.2569480916764667,,,,,
b filter,XLK,VIX <= 20,2024-25H1,299.0,3.344409953248133,,,,0.525841010006937,,0.06089194762073524,-0.12025600453401186,,,,,
b filter,XLK,VIX <= 20,2025H2-26,265.0,10.649960135353721,,,,1.4777817804757036,,0.23868192546526057,-0.08870664831291475,,,,,
b filter,XLK,VIX up yesterday,2020-23,438.0,-7.827099927799704,,,,-0.5927214938892524,,-0.0922187719596752,-0.35409782829285574,,,,,
b filter,XLK,VIX up yesterday,2024-25H1,160.0,8.507262657503608,,,,0.7266286975541124,,0.08730943882806175,-0.11491067399709054,,,,,
b filter,XLK,VIX up yesterday,2025H2-26,146.0,23.43378178924369,,,,2.4786853583327013,,0.3067133885633029,-0.05877957498841291,,,,,
b filter,XLK,VIX down yesterday,2020-23,568.0,3.08350011702085,,,,0.36720542662108313,,0.037407924275461246,-0.3111326038856751,,,,,
b filter,XLK,VIX down yesterday,2024-25H1,214.0,-0.08895110882771554,,,,-0.011080783268681537,,-0.007972345548690307,-0.18797491171146785,,,,,
b filter,XLK,VIX down yesterday,2025H2-26,169.0,0.7081792242353583,,,,0.07635764310012626,,0.0017271052839633594,-0.1807865964917753,,,,,
b filter,XLK,pre-holiday,2020-23,37.0,-18.4823612553845,,,,-0.519253146820174,,-0.017523926869936313,-0.08556104241726081,,,,,
b filter,XLK,pre-holiday,2024-25H1,16.0,-1.0426154607754952,,,,-0.0447011532733218,,-0.0014389381859836181,-0.024322534418843356,,,,,
b filter,XLK,pre-holiday,2025H2-26,12.0,10.697966274882734,,,,0.3146653843861456,,0.009785199393866684,-0.03227152243638154,,,,,
b filter,XLK,not pre-holiday,2020-23,969.0,-1.0247619560982457,,,,-0.13448109312445758,,-0.0414632323031926,-0.3570315940799881,,,,,
b filter,XLK,not pre-holiday,2024-25H1,358.0,3.7955540091727755,,,,0.5404628072473192,,0.0801953666247297,-0.24156128052633363,,,,,
b filter,XLK,not pre-holiday,2025H2-26,303.0,11.26283443837215,,,,1.666044304297846,,0.29628580508710156,-0.09871742164944908,,,,,
b filter,XLK,month end,2020-23,48.0,13.75114489783856,,,,0.5020888454332914,,0.016117526527531068,-0.061156578630380265,,,,,
b filter,XLK,month end,2024-25H1,18.0,-2.988317128479637,,,,-0.12056100574914672,,-0.004067316946381294,-0.030987085088880373,,,,,
b filter,XLK,month end,2025H2-26,15.0,-38.29541494570246,,,,-1.2017046103107045,,-0.04561938760482254,-0.06173041849100125,,,,,
b filter,XLK,not month end,2020-23,958.0,-2.4393493288149046,,,,-0.3165187756666361,,-0.07319831132542998,-0.3884784313481865,,,,,
b filter,XLK,not month end,2024-25H1,356.0,3.9211129107417966,,,,0.5578857575003142,,0.08304612411770962,-0.22523408488585073,,,,,
b filter,XLK,not month end,2025H2-26,300.0,13.718152181036306,,,,2.0296621841983398,,0.371538988911603,-0.08140408156137846,,,,,
b filter,XLK,only Mon,2020-23,185.0,21.44310164451766,,,,1.3585244673600005,,0.10154903234669477,-0.061567280485863685,,,,,
b filter,XLK,only Mon,2024-25H1,71.0,0.9138478464250231,,,,0.0815677491599343,,0.0029520733631078766,-0.041388311451162285,,,,,
b filter,XLK,only Mon,2025H2-26,60.0,-9.422969074516303,,,,-0.5852432441514721,,-0.04709058963421631,-0.11570481951016709,,,,,
b filter,XLK,skip Mon,2020-23,821.0,-6.874318521491102,,,,-0.8184916620070931,,-0.1450771487935495,-0.5157417531477236,,,,,
b filter,XLK,skip Mon,2024-25H1,303.0,4.2153243921296,,,,0.5290550066227568,,0.07546617720870974,-0.2529431474200754,,,,,
b filter,XLK,skip Mon,2025H2-26,255.0,16.103500292534637,,,,2.2247360703831864,,0.3736565154276912,-0.08256643477707715,,,,,
b filter,XLK,only Tue,2020-23,207.0,6.825618827986158,,,,0.4784397768118206,,0.03317090382483556,-0.1241333595369285,,,,,
b filter,XLK,only Tue,2024-25H1,78.0,8.180314653775461,,,,0.5692140247834684,,0.04097467096290064,-0.0432344642360335,,,,,
b filter,XLK,only Tue,2025H2-26,66.0,28.91861903288788,,,,2.3179986322142967,,0.16241935316756906,-0.03901102723715377,,,,,
b filter,XLK,skip Tue,2020-23,799.0,-3.867014767586434,,,,-0.44832994222708816,,-0.08849597294001421,-0.39351344695667523,,,,,
b filter,XLK,skip Tue,2024-25H1,296.0,2.378587651746486,,,,0.3085302532228554,,0.03618374428421878,-0.23792965438603442,,,,,
b filter,XLK,skip Tue,2025H2-26,249.0,6.555765357248006,,,,0.8480054240116737,,0.12607400814034908,-0.12078727601801476,,,,,
b filter,XLK,only Wed,2020-23,208.0,-10.445210059013956,,,,-0.657938638740413,,-0.056240888334621264,-0.28356642355550277,,,,,
b filter,XLK,only Wed,2024-25H1,75.0,16.333577785199665,,,,1.0115472669121957,,0.0824053047385509,-0.128303094844071,,,,,
b filter,XLK,only Wed,2025H2-26,66.0,10.633506997824608,,,,0.6627353007829027,,0.05399090755958169,-0.10726220995377123,,,,,
b filter,XLK,skip Wed,2020-23,798.0,0.6212556270256593,,,,0.07362759953122366,,-0.0021400293389187697,-0.2745004323655502,,,,,
b filter,XLK,skip Wed,2024-25H1,299.0,0.3916660669614429,,,,0.05239871502875136,,-0.003477692190438364,-0.15874250873661822,,,,,
b filter,XLK,skip Wed,2025H2-26,249.0,11.40242155931297,,,,1.5741437862270866,,0.24191794328863736,-0.11058944641761959,,,,,
b filter,XLK,only Thu,2020-23,205.0,-3.5777640916548368,,,,-0.2535466003714965,,-0.020771841736764163,-0.15126084153709463,,,,,
b filter,XLK,only Thu,2024-25H1,74.0,-0.6624971003689608,,,,-0.051678199869353146,,-0.005334905982178673,-0.07650989058390467,,,,,
b filter,XLK,only Thu,2025H2-26,62.0,0.7088729977941348,,,,0.050694323369213576,,0.0011078241158473112,-0.06125138252560913,,,,,
b filter,XLK,skip Thu,2020-23,801.0,-1.1777778565782602,,,,-0.13632639147673783,,-0.038283946871159324,-0.3540638499551946,,,,,
b filter,XLK,skip Thu,2024-25H1,300.0,4.637170911129164,,,,0.5899825065362874,,0.08442634485778466,-0.21194380840288007,,,,,
b filter,XLK,skip Thu,2025H2-26,253.0,13.822388554395722,,,,1.8409977995045232,,0.30752171607225987,-0.059795043967954764,,,,,
b filter,XLK,only Fri,2020-23,201.0,-20.65011578344868,,,,-0.9379592634993946,,-0.10461522087088027,-0.3566908848169811,,,,,
b filter,XLK,only Fri,2024-25H1,76.0,-7.0633526400248385,,,,-0.3616740850129326,,-0.04040096001521187,-0.17891238901254192,,,,,
b filter,XLK,only Fri,2025H2-26,61.0,23.80331361813232,,,,1.5320821820815516,,0.11994732943696151,-0.06396005885683398,,,,,
b filter,XLK,skip Fri,2020-23,805.0,3.073082696353735,,,,0.40898526950981506,,0.05177065930639291,-0.25385667953476154,,,,,
b filter,XLK,skip Fri,2024-25H1,298.0,6.305172109239376,,,,0.9114838257241102,,0.12405388846623921,-0.1859709767276021,,,,,
b filter,XLK,skip Fri,2025H2-26,254.0,8.22445787172946,,,,1.1190821025702764,,0.16877837533608586,-0.10635022252857029,,,,,
b selected rule,XLK,only Tue,2025H2-26,66.0,28.91861903288788,,,,2.3179986322142967,,,,0.4784397768118206,0.4784397768118206,0.5692140247834684,1.6960939851526684,
b filter,XLF,day ret < 0,2020-23,483.0,-0.9861331692767905,,,,-0.07876126338646199,,-0.023184146186965515,-0.2534055393492567,,,,,
b filter,XLF,day ret < 0,2024-25H1,161.0,-2.498478734095407,,,,-0.33985430501479325,,-0.02982854180894079,-0.09285959936721555,,,,,
b filter,XLF,day ret < 0,2025H2-26,141.0,-4.340237702348075,,,,-0.8764159920839906,,-0.049267396827586074,-0.10202172581442981,,,,,
b filter,XLF,day ret > 0,2020-23,523.0,-2.4293294727087575,,,,-0.22597183009194366,,-0.041257952231314565,-0.29397164927114006,,,,,
b filter,XLF,day ret > 0,2024-25H1,213.0,2.698671242767703,,,,0.5096512866793438,,0.036514094752820414,-0.08835017295507952,,,,,
b filter,XLF,day ret > 0,2025H2-26,171.0,-0.07371972301772788,,,,-0.017472685643041556,,-0.0026627670454455465,-0.06361166752049507,,,,,
b filter,XLF,day ret bottom tercile,2020-23,335.0,-1.3347204850885035,,,,-0.08112788837901738,,-0.020608811288973516,-0.2217034939280692,,,,,
b filter,XLF,day ret bottom tercile,2024-25H1,92.0,-7.734634732375176,,,,-0.6766640683892563,,-0.04921123747384515,-0.10805921757702919,,,,,
b filter,XLF,day ret bottom tercile,2025H2-26,84.0,-4.00190412872195,,,,-0.6236056792188348,,-0.027440376930385035,-0.08186528117058067,,,,,
b filter,XLF,day ret top tercile,2020-23,335.0,-2.0674205966237666,,,,-0.13147476813508147,,-0.026092625794459035,-0.2888125220148421,,,,,
b filter,XLF,day ret top tercile,2024-25H1,100.0,1.4323897260557896,,,,0.17795973929249773,,0.008206975167214026,-0.07579641322905828,,,,,
b filter,XLF,day ret top tercile,2025H2-26,89.0,-1.741566821743771,,,,-0.3194228349492894,,-0.013065670567482868,-0.06052796490914092,,,,,
b filter,XLF,5d ret < 0,2020-23,442.0,-7.270292828011886,,,,-0.47470630460763275,,-0.09096489239053585,-0.4175851463411704,,,,,
b filter,XLF,5d ret < 0,2024-25H1,139.0,2.832543110641857,,,,0.2861799649795196,,0.022497598397092533,-0.14061909261275174,,,,,
b filter,XLF,5d ret < 0,2025H2-26,148.0,-1.2960941065446951,,,,-0.27411807723203696,,-0.0167695829133514,-0.08850270825177864,,,,,
b filter,XLF,5d ret > 0,2020-23,564.0,2.6004038918331283,,,,0.3104532545624056,,0.03022911231715253,-0.1468762929516534,,,,,
b filter,XLF,5d ret > 0,2024-25H1,235.0,-0.941113165357695,,,,-0.2501984171712019,,-0.01652933726363537,-0.06071483271568656,,,,,
b filter,XLF,5d ret > 0,2025H2-26,167.0,-2.8726161365205254,,,,-0.6650948415266146,,-0.03924806969909933,-0.0936024477722267,,,,,
b filter,XLF,VIX > 20,2020-23,579.0,1.852725792688579,,,,0.13638044522386794,,0.007053747424883072,-0.40783209214167737,,,,,
b filter,XLF,VIX > 20,2024-25H1,75.0,1.247333264600366,,,,0.07062447605972084,,0.0023448696103398614,-0.1415761979328456,,,,,
b filter,XLF,VIX > 20,2025H2-26,50.0,1.2499986561564669,,,,0.10283481111407486,,0.0038325059754407143,-0.06052180238343641,,,,,
b filter,XLF,VIX <= 20,2020-23,427.0,-6.603208124014185,,,,-1.124569587081146,,-0.07004523405789609,-0.2629844005412394,,,,,
b filter,XLF,VIX <= 20,2024-25H1,299.0,0.26425385844525934,,,,0.08236162923174307,,0.003243914574884821,-0.056523013797474264,,,,,
b filter,XLF,VIX <= 20,2025H2-26,265.0,-2.769995303303268,,,,-0.9179425355786822,,-0.05896599729191565,-0.13713332151942903,,,,,
b filter,XLF,VIX up yesterday,2020-23,438.0,-9.110515984547368,,,,-0.6440947971565564,,-0.10640326048911586,-0.3662738151890409,,,,,
b filter,XLF,VIX up yesterday,2024-25H1,160.0,3.5254204298862666,,,,0.4621752809992805,,0.03526692712279633,-0.08418157031033391,,,,,
b filter,XLF,VIX up yesterday,2025H2-26,146.0,1.6875971094855082,,,,0.35028656628686083,,0.018298768693165934,-0.07028590047051542,,,,,
b filter,XLF,VIX down yesterday,2020-23,568.0,3.949937264514747,,,,0.4115014065300471,,0.04802803162669722,-0.23793791281320686,,,,,
b filter,XLF,VIX down yesterday,2024-25H1,214.0,-1.8294643470170218,,,,-0.3598667398285627,,-0.028659793531052857,-0.0945206143149665,,,,,
b filter,XLF,VIX down yesterday,2025H2-26,169.0,-5.431585802085365,,,,-1.2820372890431702,,-0.07233461319131129,-0.101136873122054,,,,,
b filter,XLF,pre-holiday,2020-23,37.0,2.2743613898944037,,,,0.06161006190757169,,0.0015271500561118145,-0.06935214736967477,,,,,
b filter,XLF,pre-holiday,2024-25H1,16.0,-13.645735569348979,,,,-0.8806908707078892,,-0.014741332580632371,-0.031490890808090755,,,,,
b filter,XLF,pre-holiday,2025H2-26,12.0,-14.10376596011487,,,,-0.7789100341993965,,-0.01359841061315703,-0.020464753563938842,,,,,
b filter,XLF,not pre-holiday,2020-23,969.0,-1.8895696660613628,,,,-0.2248475118698601,,-0.06491358529306368,-0.4331236626278836,,,,,
b filter,XLF,not pre-holiday,2024-25H1,358.0,1.0918817531557081,,,,0.24183155537513457,,0.02064201411780764,-0.14837277731283094,,,,,
b filter,XLF,not pre-holiday,2025H2-26,303.0,-1.6577677592282636,,,,-0.5119468377275793,,-0.0423367811747396,-0.13657855082631964,,,,,
b filter,XLF,month end,2020-23,48.0,11.565681590788273,,,,0.360760265599964,,0.01323801196107044,-0.07640023579699418,,,,,
b filter,XLF,month end,2024-25H1,18.0,-15.397367345462632,,,,-1.1210129402910383,,-0.018638442752347828,-0.030255377801854055,,,,,
b filter,XLF,month end,2025H2-26,15.0,-23.94191789630714,,,,-1.1933909472752975,,-0.028605434027713872,-0.04525196534794784,,,,,
b filter,XLF,not month end,2020-23,958.0,-2.402916859441762,,,,-0.28378316770953277,,-0.07572118206950229,-0.42014501756912515,,,,,
b filter,XLF,not month end,2024-25H1,356.0,1.2632430076923806,,,,0.27822068988337784,,0.02469511192413787,-0.14477181058619992,,,,,
b filter,XLF,not month end,2025H2-26,300.0,-1.0414001804097845,,,,-0.3257998453252662,,-0.02754189261801132,-0.13355410842026938,,,,,
b filter,XLF,only Mon,2020-23,185.0,19.985744971530277,,,,1.1736962479706443,,0.09367420028653917,-0.0725566869822506,,,,,
b filter,XLF,only Mon,2024-25H1,71.0,4.114161170079069,,,,0.4539964452321141,,0.01893357447875821,-0.025363114787421703,,,,,
b filter,XLF,only Mon,2025H2-26,60.0,-9.581714584590939,,,,-1.427122306784307,,-0.04545095736534943,-0.061986031834386224,,,,,
b filter,XLF,skip Mon,2020-23,821.0,-6.631186911961598,,,,-0.714268146379023,,-0.14369888973127254,-0.5049982320351903,,,,,
b filter,XLF,skip Mon,2024-25H1,303.0,-0.39453315034803477,,,,-0.0795087006499716,,-0.013089355450527362,-0.16915477104852028,,,,,
b filter,XLF,skip Mon,2025H2-26,255.0,-0.3790037156552401,,,,-0.1049892002369956,,-0.010380316825571168,-0.10936329251446752,,,,,
b filter,XLF,only Tue,2020-23,207.0,-0.6653840180939424,,,,-0.044272952167624405,,-0.006493613526397324,-0.15224237748421432,,,,,
b filter,XLF,only Tue,2024-25H1,78.0,5.670065669486436,,,,0.5257048391755936,,0.028626041182123307,-0.026631648796271223,,,,,
b filter,XLF,only Tue,2025H2-26,66.0,6.103751449224971,,,,0.9221426282869726,,0.03212646201505054,-0.026930516766189627,,,,,
b filter,XLF,skip Tue,2020-23,799.0,-2.0139013056845116,,,,-0.2103761198807507,,-0.05736445711060445,-0.3818356339139122,,,,,
b filter,XLF,skip Tue,2024-25H1,296.0,-0.9111595395262898,,,,-0.19234376186243476,,-0.022388749184035106,-0.15155456890002328,,,,,
b filter,XLF,skip Tue,2025H2-26,249.0,-4.314845053077876,,,,-1.1901611352211587,,-0.08476281162067145,-0.1738862028127547,,,,,
b filter,XLF,only Wed,2020-23,208.0,-19.72397981488968,,,,-1.2733391737290403,,-0.10068149058111853,-0.36929928208371343,,,,,
b filter,XLF,only Wed,2024-25H1,75.0,1.009429130456564,,,,0.11143679958596385,,0.0040498495776788435,-0.08010475473229672,,,,,
b filter,XLF,only Wed,2025H2-26,66.0,-2.4934207545284033,,,,-0.37260939327369824,,-0.013693802384288634,-0.06875333438518028,,,,,
b filter,XLF,skip Wed,2020-23,798.0,2.952062865300357,,,,0.31006834829877816,,0.041360121213094736,-0.335810289238727,,,,,
b filter,XLF,skip Wed,2024-25H1,299.0,0.32392880848133127,,,,0.06510206936891383,,0.0015403031681151536,-0.10483871103699749,,,,,
b filter,XLF,skip Wed,2025H2-26,249.0,-2.036076517143246,,,,-0.5616456634221817,,-0.042244159643196943,-0.13786571752041687,,,,,
b filter,XLF,only Thu,2020-23,205.0,4.1055218589939155,,,,0.24772547346818333,,0.017656531995674962,-0.10722141597959767,,,,,
b filter,XLF,only Thu,2024-25H1,74.0,-4.540818149325557,,,,-0.5090857512133466,,-0.02336073591251353,-0.06552966006981209,,,,,
b filter,XLF,only Thu,2025H2-26,62.0,-0.621248604010584,,,,-0.08533545771897261,,-0.0037259223304502154,-0.0394802803186608,,,,,
b filter,XLF,skip Thu,2020-23,801.0,-3.2315525793771833,,,,-0.3440011793395243,,-0.07973426934029082,-0.4053118238544752,,,,,
b filter,XLF,skip Thu,2024-25H1,300.0,1.6952748052341702,,,,0.3399758759799741,,0.029649767031943552,-0.11392878485464053,,,,,
b filter,XLF,skip Thu,2025H2-26,253.0,-2.502100431299946,,,,-0.7052505755932932,,-0.05182665862768698,-0.13009138376557072,,,,,
b filter,XLF,only Fri,2020-23,201.0,-10.176687276476224,,,,-0.3971643207620316,,-0.05823816331106735,-0.30582577176109627,,,,,
b filter,XLF,only Fri,2024-25H1,76.0,-3.967043533020353,,,,-0.3727912839644844,,-0.021567516864272718,-0.07346106279701159,,,,,
b filter,XLF,only Fri,2025H2-26,61.0,-4.8591862277607145,,,,-0.585068662528057,,-0.024235936613980713,-0.06657884715989448,,,,,
b filter,XLF,skip Fri,2020-23,805.0,0.37102174855199166,,,,0.046279852733137866,,-0.005571902053024047,-0.26924912935570333,,,,,
b filter,XLF,skip Fri,2024-25H1,298.0,1.590795996743983,,,,0.3335757405505221,,0.027762679668143164,-0.12505073484453844,,,,,
b filter,XLF,skip Fri,2025H2-26,254.0,-1.4769230813942458,,,,-0.43218418758811,,-0.03189658587287969,-0.09906418799166872,,,,,
b selected rule,XLF,only Mon,2025H2-26,60.0,-9.581714584590939,,,,-1.427122306784307,,,,0.4539964452321141,1.1736962479706443,0.4539964452321141,-0.6684749269072248,
b filter,XLE,day ret < 0,2020-23,476.0,-4.038822287077005,,,,-0.23407985883311627,,-0.06727943158839789,-0.28061240051799297,,,,,
b filter,XLE,day ret < 0,2024-25H1,156.0,-4.753062678106288,,,,-0.5924065237436537,,-0.05213017808245335,-0.12106469688727672,,,,,
b filter,XLE,day ret < 0,2025H2-26,135.0,6.9601657669558294,,,,0.9073636038056647,,0.0743775909003519,-0.052345629306941865,,,,,
b filter,XLE,day ret > 0,2020-23,530.0,14.094713995262317,,,,1.145041490212178,,0.18945104089565779,-0.18462374199181764,,,,,
b filter,XLE,day ret > 0,2024-25H1,218.0,8.39029372794904,,,,1.298737475853874,,0.12604610958738616,-0.08505035188456755,,,,,
b filter,XLE,day ret > 0,2025H2-26,177.0,-2.857703771990637,,,,-0.3190255109815757,,-0.04741104172710309,-0.20639050240627588,,,,,
b filter,XLE,day ret bottom tercile,2020-23,335.0,-4.672215008627664,,,,-0.20701128996669527,,-0.055879771421799895,-0.28034793510953393,,,,,
b filter,XLE,day ret bottom tercile,2024-25H1,88.0,-5.373144530228927,,,,-0.44834834665107026,,-0.033813287308642415,-0.09581284931207368,,,,,
b filter,XLE,day ret bottom tercile,2025H2-26,81.0,3.189559727323519,,,,0.2851573970535093,,0.018214757898963763,-0.03915168763575827,,,,,
b filter,XLE,day ret top tercile,2020-23,335.0,17.534261978548646,,,,1.030483762962578,,0.14647919838300094,-0.18390978625833942,,,,,
b filter,XLE,day ret top tercile,2024-25H1,101.0,11.050221788035294,,,,1.1854779249699299,,0.07593930053645548,-0.03701110987587197,,,,,
b filter,XLE,day ret top tercile,2025H2-26,97.0,5.556081169167515,,,,0.5118723472672118,,0.040373070262688326,-0.06621643591311022,,,,,
b filter,XLE,5d ret < 0,2020-23,455.0,-6.008050382539331,,,,-0.33229946860374754,,-0.0864369596971385,-0.40318559165498935,,,,,
b filter,XLE,5d ret < 0,2024-25H1,172.0,-3.0965372429673437,,,,-0.4050107272600962,,-0.03905012143433084,-0.1341868306393984,,,,,
b filter,XLE,5d ret < 0,2025H2-26,120.0,-12.264894307717842,,,,-1.0865098755323546,,-0.11636520071729961,-0.17270754775455288,,,,,
b filter,XLE,5d ret > 0,2020-23,551.0,15.029731275672907,,,,1.2737132167680798,,0.2143939739442362,-0.10916769461183584,,,,,
b filter,XLE,5d ret > 0,2024-25H1,202.0,8.020844854944025,,,,1.1994451848366807,,0.11071883057905119,-0.06270969873786314,,,,,
b filter,XLE,5d ret > 0,2025H2-26,195.0,8.87519516331041,,,,1.2998549826046033,,0.14198254776436592,-0.07806516142874531,,,,,
b filter,XLE,VIX > 20,2020-23,579.0,8.741681443062891,,,,0.5184580727514173,,0.10111727626239086,-0.34675954071201254,,,,,
b filter,XLE,VIX > 20,2024-25H1,75.0,-3.3423294911591115,,,,-0.17584668905048437,,-0.02129422949950155,-0.14042945695861986,,,,,
b filter,XLE,VIX > 20,2025H2-26,50.0,-10.344873527777054,,,,-0.563399929026707,,-0.04316957974261737,-0.0843806337805082,,,,,
b filter,XLE,VIX <= 20,2020-23,427.0,1.1388418110233278,,,,0.12622577422710876,,0.007545222365215043,-0.11871649006541096,,,,,
b filter,XLE,VIX <= 20,2024-25H1,299.0,4.475856076071047,,,,1.0833363742615756,,0.09056792913330303,-0.06327852790674315,,,,,
b filter,XLE,VIX <= 20,2025H2-26,265.0,2.9287525143707227,,,,0.4653294418354755,,0.05462315789110206,-0.1436007046080785,,,,,
b filter,XLE,VIX up yesterday,2020-23,438.0,-4.195341489384142,,,,-0.23075406536858617,,-0.06446996059182897,-0.34708905235586274,,,,,
b filter,XLE,VIX up yesterday,2024-25H1,160.0,4.275207752352472,,,,0.5328963433951693,,0.04326287059602629,-0.08597155913049381,,,,,
b filter,XLE,VIX up yesterday,2025H2-26,146.0,0.6141760616593178,,,,0.06655981649478694,,0.00133542830424771,-0.11218051031360554,,,,,
b filter,XLE,VIX down yesterday,2020-23,568.0,13.002251023222943,,,,1.0817919024264906,,0.18587902496835707,-0.1986557031173306,,,,,
b filter,XLE,VIX down yesterday,2024-25H1,214.0,1.8858552080930593,,,,0.2916044800935368,,0.023083592302824973,-0.0909108194238587,,,,,
b filter,XLE,VIX down yesterday,2025H2-26,169.0,1.00121914152147,,,,0.12566285374878128,,0.007749741849247815,-0.13922095718307337,,,,,
b filter,XLE,pre-holiday,2020-23,37.0,32.88743358226133,,,,0.6129636101196155,,0.029675639413215382,-0.06174405020624263,,,,,
b filter,XLE,pre-holiday,2024-25H1,16.0,3.3265739979364253,,,,0.1468871903346899,,0.0032930501275112434,-0.01892332044235756,,,,,
b filter,XLE,pre-holiday,2025H2-26,12.0,-2.1693338438250356,,,,-0.11540375947763076,,-0.0022422363648432198,-0.014660447958300349,,,,,
b filter,XLE,not pre-holiday,2020-23,969.0,4.4694364977262175,,,,0.4201987411318504,,0.07745139196864237,-0.3816573520979303,,,,,
b filter,XLE,not pre-holiday,2024-25H1,358.0,2.889332600394769,,,,0.55851410838546,,0.06384184085586053,-0.1514325822367576,,,,,
b filter,XLE,not pre-holiday,2025H2-26,303.0,0.9402895909085454,,,,0.15064194617626578,,0.011363234801248456,-0.19702882408554978,,,,,
b filter,XLE,month end,2020-23,48.0,45.64442195871092,,,,1.0722157342316245,,0.05504162170162541,-0.0678949625627614,,,,,
b filter,XLE,month end,2024-25H1,18.0,12.950509316254148,,,,0.5534377438844537,,0.015423241071169436,-0.028358916587840177,,,,,
b filter,XLE,month end,2025H2-26,15.0,-19.772383128111528,,,,-0.49591375795463216,,-0.02455964853679704,-0.03926966834359791,,,,,
b filter,XLE,not month end,2020-23,958.0,3.5039527712132044,,,,0.3260227038872338,,0.05154661971783803,-0.40304539018046004,,,,,
b filter,XLE,not month end,2024-25H1,356.0,2.400272716898133,,,,0.46443995536242655,,0.051133243946238416,-0.15161554722321335,,,,,
b filter,XLE,not month end,2025H2-26,300.0,1.8515382894702064,,,,0.3072208255236962,,0.0345025381248838,-0.19652271140706756,,,,,
b filter,XLE,only Mon,2020-23,185.0,27.604079906671636,,,,1.2361368122388556,,0.1304776986248093,-0.09058145586773192,,,,,
b filter,XLE,only Mon,2024-25H1,71.0,-3.389262404496273,,,,-0.30739530084482086,,-0.017448440619040495,-0.07873162531836375,,,,,
b filter,XLE,only Mon,2025H2-26,60.0,-5.5936949677136,,,,-0.5342549986782006,,-0.027722392984556588,-0.05438165657812999,,,,,
b filter,XLE,skip Mon,2020-23,821.0,0.5371062437346189,,,,0.045706440175981515,,-0.01862243517802087,-0.4747210892767494,,,,,
b filter,XLE,skip Mon,2024-25H1,303.0,4.38364318688959,,,,0.7739254200515512,,0.08629935515852605,-0.1714520197865872,,,,,
b filter,XLE,skip Mon,2025H2-26,255.0,2.331362501891,,,,0.3307005386800419,,0.0378676954987025,-0.2120884503889201,,,,,
b filter,XLE,only Tue,2020-23,207.0,4.7290725897830885,,,,0.2560606859925436,,0.02009190625884605,-0.18399824372797235,,,,,
b filter,XLE,only Tue,2024-25H1,78.0,4.228570379511052,,,,0.4451375263839876,,0.02120390578308129,-0.057960966886701826,,,,,
b filter,XLE,only Tue,2025H2-26,66.0,-8.210600211384564,,,,-0.4931265697609336,,-0.04617712551639952,-0.14787605104369284,,,,,
b filter,XLE,skip Tue,2020-23,799.0,5.718148914587329,,,,0.46740194623012826,,0.08757401578721691,-0.36704576586995286,,,,,
b filter,XLE,skip Tue,2024-25H1,296.0,2.560060017927189,,,,0.43649884023445906,,0.0451831601124526,-0.12285736487313248,,,,,
b filter,XLE,skip Tue,2025H2-26,249.0,3.215965276589438,,,,0.5150905760657363,,0.05794854199154664,-0.10169942819197741,,,,,
b filter,XLE,only Wed,2020-23,208.0,-12.150009182343226,,,,-0.6209533249765458,,-0.06627654944605454,-0.28259063642197424,,,,,
b filter,XLE,only Wed,2024-25H1,75.0,4.4048579498588705,,,,0.3658192007187604,,0.02059203720977476,-0.09167356843145813,,,,,
b filter,XLE,only Wed,2025H2-26,66.0,7.081482216484089,,,,0.5959648555097214,,0.03606955417393354,-0.03446024217740462,,,,,
b filter,XLE,skip Wed,2020-23,798.0,10.118948519759103,,,,0.8355257624178754,,0.18817349002403994,-0.2942737996946535,,,,,
b filter,XLE,skip Wed,2024-25H1,299.0,2.5325816343441288,,,,0.45685939437725465,,0.04580977163371469,-0.083879433853559,,,,,
b filter,XLE,skip Wed,2025H2-26,249.0,-0.8373577765805664,,,,-0.12013630830537533,,-0.02603496520784132,-0.2145746513101887,,,,,
b filter,XLE,only Thu,2020-23,205.0,15.84579885320893,,,,0.7913368310063543,,0.07910925465782515,-0.0997624684556162,,,,,
b filter,XLE,only Thu,2024-25H1,74.0,4.586470596998891,,,,0.4284540208294536,,0.021669430919184274,-0.061540201786791426,,,,,
b filter,XLE,only Thu,2025H2-26,62.0,-4.721340526869797,,,,-0.4493465909703406,,-0.024482920538878794,-0.07917897318068412,,,,,
b filter,XLE,skip Thu,2020-23,801.0,2.870574586682326,,,,0.23799866066446349,,0.028093722830463186,-0.37909982043922286,,,,,
b filter,XLE,skip Thu,2024-25H1,300.0,2.4940247691013075,,,,0.43670705100194396,,0.044706920912044534,-0.12008427478423545,,,,,
b filter,XLE,skip Thu,2025H2-26,253.0,2.1802326189142938,,,,0.3082442130033038,,0.03442117070419526,-0.1505049309637222,,,,,
b filter,XLE,only Fri,2020-23,201.0,-6.26438136795731,,,,-0.18775843064048453,,-0.0451983953693349,-0.3885474599610875,,,,,
b filter,XLE,only Fri,2024-25H1,76.0,4.324371389583551,,,,0.3356599532482855,,0.0201745375173914,-0.04473374353374526,,,,,
b filter,XLE,only Fri,2025H2-26,61.0,15.766267841173175,,,,0.9714863862381186,,0.07659032276665578,-0.06258199161683353,,,,,
b filter,XLE,skip Fri,2020-23,805.0,8.455726290434525,,,,0.8437207005285009,,0.16194342948461693,-0.15819305669321282,,,,,
b filter,XLE,skip Fri,2024-25H1,298.0,2.546825601677719,,,,0.4703075530346827,,0.0462377623763679,-0.1465412753047296,,,,,
b filter,XLE,skip Fri,2025H2-26,254.0,-2.7671913322526565,,,,-0.43237971008957166,,-0.06269311729934013,-0.18857942941454509,,,,,
b selected rule,XLE,5d ret > 0,2025H2-26,195.0,8.87519516331041,,,,1.2998549826046033,,,,1.1994451848366807,1.2737132167680798,1.1994451848366807,0.13591340064003385,
c blend + ETF leg,-,blend alone,2024-25H1,373.0,41.8305549621582,,,,2.7955907354718814,3.4011652881568937,1.6671104431152344,-0.16196876764297485,,,,,
c blend + ETF leg,-,blend alone,2025H2-26,312.0,48.991180419921875,,,,2.9131766793391862,3.2414837687993905,2.1344892978668213,-0.20631688833236694,,,,,
c blend + ETF leg,-,blend alone,2024-26,685.0,45.092037200927734,,,,2.849554567724488,4.698097151782149,1.8706576824188232,-0.20631670951843262,,,,,
c blend + ETF leg,SPY unconditional,w=0.25,2024-25H1,373.0,42.536644542537076,,,,2.7271068561347636,3.3178465855140997,1.6979399496314445,-0.1770272684043186,,,,,0.5478045891057189
c blend + ETF leg,SPY unconditional,w=0.25,2025H2-26,312.0,50.1180043473102,,,,2.9011057728185445,3.2280525039403605,2.2084535995127066,-0.2209441099154672,,,,,0.5595266658050847
c blend + ETF leg,SPY unconditional,w=0.25,2024-26,685.0,45.98976024923665,,,,2.808921217935657,4.63110442699895,1.919529535273052,-0.2209441099154671,,,,,0.5395959960235379
c blend + ETF leg,SPY unconditional,w=0.5,2024-25H1,373.0,43.2427370558817,,,,2.655672644433467,3.2309384561722383,1.7269586794128036,-0.20705982815458068,,,,,0.5478045891057189
c blend + ETF leg,SPY unconditional,w=0.5,2025H2-26,312.0,51.24482544166602,,,,2.8857655668911986,3.210983498522257,2.282835106445469,-0.23535402008201267,,,,,0.5595266658050847
c blend + ETF leg,SPY unconditional,w=0.5,2024-26,685.0,46.887483882691484,,,,2.7645968445249514,4.558026264245374,1.9674018769079784,-0.23535402008201267,,,,,0.5395959960235379
c blend + ETF leg,SPY unconditional,w=-0.25,2024-25H1,373.0,41.12445951584785,,,,2.8586720495107563,3.47791113400551,1.6345429327710863,-0.15503294471708218,,,,,0.5478045891057189
c blend + ETF leg,SPY unconditional,w=-0.25,2025H2-26,312.0,47.86436215859861,,,,2.9212930334470357,3.2505148139429996,2.060987862366868,-0.19146998549097827,,,,,0.5595266658050847
c blend + ETF leg,SPY unconditional,w=-0.25,2024-26,685.0,44.19431298232702,,,,2.885009150884468,4.756551577624059,1.820865132603164,-0.19146998549097793,,,,,0.5395959960235379
c blend + ETF leg,SPY unconditional,w=-0.5,2024-25H1,373.0,40.418367002503224,,,,2.9133836749111603,3.5444742681615145,1.60032314429498,-0.1480669913976953,,,,,0.5478045891057189
c blend + ETF leg,SPY unconditional,w=-0.5,2025H2-26,312.0,46.737541064242784,,,,2.9247086710634536,3.2543153846300585,1.9880001604750892,-0.17640111285003468,,,,,0.5595266658050847
c blend + ETF leg,SPY unconditional,w=-0.5,2024-26,685.0,43.296589348872196,,,,2.9135901805306905,4.803673487657578,1.770235596297094,-0.17640111285003446,,,,,0.5395959960235379
c blend + ETF leg,QQQ unconditional,w=0.25,2024-25H1,373.0,43.10507147744888,,,,2.731380903819896,3.323046467758003,1.731540910265179,-0.18059228803086713,,,,,0.5452467902680413
c blend + ETF leg,QQQ unconditional,w=0.25,2025H2-26,312.0,50.70114874814284,,,,2.8824082100477755,3.207247776692817,2.2444510498880357,-0.22440090329405682,,,,,0.6105149063839501
c blend + ETF leg,QQQ unconditional,w=0.25,2024-26,685.0,46.56489061388174,,,,2.801934262548273,4.6195849440675145,1.9542477743149647,-0.22440090329405693,,,,,0.5695162945370796
c blend + ETF leg,QQQ unconditional,w=0.5,2024-25H1,373.0,44.37959092570531,,,,2.6605685978239464,3.23689495993112,1.7938499246031494,-0.2139991400353597,,,,,0.5452467902680413
c blend + ETF leg,QQQ unconditional,w=0.5,2025H2-26,312.0,52.41111424333126,,,,2.846671912146836,3.16748409520229,2.3550732953031197,-0.24214773236649945,,,,,0.6105149063839501
c blend + ETF leg,QQQ unconditional,w=0.5,2024-26,685.0,48.03774461198165,,,,2.748324979117366,4.53119863111582,2.036776354748722,-0.24214773236649956,,,,,0.5695162945370796
c blend + ETF leg,QQQ unconditional,w=-0.25,2024-25H1,373.0,40.55603258093603,,,,2.848178727052488,3.4651447717302126,1.6007886281709287,-0.15557649020999376,,,,,0.5452467902680413
c blend + ETF leg,QQQ unconditional,w=-0.25,2025H2-26,312.0,47.281217757765965,,,,2.936700995850621,3.267659211807953,2.0253675149269905,-0.18789093954814806,,,,,0.6105149063839501
c blend + ETF leg,QQQ unconditional,w=-0.25,2024-26,685.0,43.619182617681936,,,,2.8876435112323593,4.760894881306458,1.7862332363686098,-0.18789093954814773,,,,,0.5695162945370796
c blend + ETF leg,QQQ unconditional,w=-0.5,2024-25H1,373.0,39.281513132679606,,,,2.8829984840205634,3.507507105829838,1.5328153011005416,-0.14917540653831707,,,,,0.5452467902680413
c blend + ETF leg,QQQ unconditional,w=-0.5,2025H2-26,312.0,45.571252262577545,,,,2.9502324012873946,3.2827155698391777,1.9172632318738803,-0.16911836771339062,,,,,0.6105149063839501
c blend + ETF leg,QQQ unconditional,w=-0.5,2024-26,685.0,42.14632861958203,,,,2.9119051925757784,4.800895426411999,1.7012012594019765,-0.16911836771339017,,,,,0.5695162945370796
c blend + ETF leg,IWM unconditional,w=0.25,2024-25H1,373.0,42.661723863422885,,,,2.677124048276854,3.257036614678994,1.6974129433101992,-0.1871218610578118,,,,,0.5684186847842481
c blend + ETF leg,IWM unconditional,w=0.25,2025H2-26,312.0,50.18238805594999,,,,2.864277422656496,3.1870736988687023,2.205051961060382,-0.23164202294219882,,,,,0.6021471462816954
c blend + ETF leg,IWM unconditional,w=0.25,2024-26,685.0,46.08719426936224,,,,2.765462950908356,4.559454224944601,1.9178088881010016,-0.23164202294219916,,,,,0.5665240604772367
c blend + ETF leg,IWM unconditional,w=0.5,2024-25H1,373.0,43.492895697653296,,,,2.557498851772182,3.111498478220704,1.723505568863616,-0.22653671473446546,,,,,0.5684186847842481
c blend + ETF leg,IWM unconditional,w=0.5,2025H2-26,312.0,51.37359285894557,,,,2.812549786840311,3.129516499167871,2.2745481865930226,-0.25629613559454656,,,,,0.6021471462816954
c blend + ETF leg,IWM unconditional,w=0.5,2024-26,685.0,47.082351922942635,,,,2.6782156657515475,4.415608507252924,1.96194338780718,-0.25629613559454656,,,,,0.5665240604772367
c blend + ETF leg,IWM unconditional,w=-0.25,2024-25H1,373.0,40.99938019496202,,,,2.906018990570215,3.535514262528062,1.6327561591151927,-0.15267196617562884,,,,,0.5684186847842481
c blend + ETF leg,IWM unconditional,w=-0.25,2025H2-26,312.0,47.79997844995881,,,,2.9574684533078637,3.2907671052441154,2.0629939943175484,-0.1803068646361876,,,,,0.6021471462816954
c blend + ETF leg,IWM unconditional,w=-0.25,2024-26,685.0,44.09687896220144,,,,2.926340885867878,4.824695739032006,1.8206648195902684,-0.18030686463618795,,,,,0.5665240604772367
c blend + ETF leg,IWM unconditional,w=-0.5,2024-25H1,373.0,40.16820836073162,,,,2.998874653947263,3.6484841100381225,1.5945345924633605,-0.14330351389481577,,,,,0.5684186847842481
c blend + ETF leg,IWM unconditional,w=-0.5,2025H2-26,312.0,46.60877364696322,,,,2.9949829272229564,3.332509358349892,1.9907056733754693,-0.16209381298518,,,,,0.6021471462816954
c blend + ETF leg,IWM unconditional,w=-0.5,2024-26,685.0,43.10172130862105,,,,2.9904992857245705,4.930474515491911,1.768016732395798,-0.16209381298518033,,,,,0.5665240604772367
c blend + ETF leg,TQQQ unconditional,w=0.25,2024-25H1,373.0,45.49265147819625,,,,2.5780868928367062,3.13654625425291,1.8423043489499658,-0.24961458876944775,,,,,0.5456267562191058
c blend + ETF leg,TQQQ unconditional,w=0.25,2025H2-26,312.0,54.232645577426425,,,,2.8146561994521773,3.1318602987527653,2.4761863596302947,-0.25941945710542647,,,,,0.6115738366589725
c blend + ETF leg,TQQQ unconditional,w=0.25,2024-26,685.0,49.47349550587481,,,,2.6901198198597434,4.435235038761935,2.1152566852115937,-0.25941945710542624,,,,,0.5700539377994934
c blend + ETF leg,TQQQ unconditional,w=0.5,2024-25H1,373.0,49.15475092720005,,,,2.3567748764927265,2.867294128650161,1.9929865726252185,-0.3478713881752832,,,,,0.5456267562191058
c blend + ETF leg,TQQQ unconditional,w=0.5,2025H2-26,312.0,59.47410790189847,,,,2.6968102491430606,3.000733430322529,2.8224634119367913,-0.3095870252903068,,,,,0.6115738366589725
c blend + ETF leg,TQQQ unconditional,w=0.5,2024-26,685.0,53.85495439596781,,,,2.516963460356631,4.149749928699922,2.345751816021971,-0.3478713881752832,,,,,0.5700539377994934
c blend + ETF leg,TQQQ unconditional,w=-0.25,2024-25H1,373.0,38.168452580188664,,,,2.905667592323544,3.535086745186653,1.4734445518502288,-0.15574928625515527,,,,,0.5456267562191058
c blend + ETF leg,TQQQ unconditional,w=-0.25,2025H2-26,312.0,43.74972092848236,,,,2.942657576544011,3.274287082946735,1.80242106264676,-0.15373218153954593,,,,,0.6115738366589725
c blend + ETF leg,TQQQ unconditional,w=-0.25,2024-26,685.0,40.710577725688864,,,,2.920018238583829,4.81427150938806,1.6182017539384193,-0.15574928625515527,,,,,0.5700539377994934
c blend + ETF leg,TQQQ unconditional,w=-0.5,2024-25H1,373.0,34.50635313118486,,,,2.7508237187089413,3.3467009413065134,1.26739025215335,-0.19718099856770333,,,,,0.5456267562191058
c blend + ETF leg,TQQQ unconditional,w=-0.5,2025H2-26,312.0,38.50825860401034,,,,2.8240968344628308,3.1423648676555804,1.4842715853027646,-0.12006981202112843,,,,,0.6115738366589725
c blend + ETF leg,TQQQ unconditional,w=-0.5,2024-26,685.0,36.32911883559587,,,,2.785239753646268,4.5920604931897255,1.3637210380498734,-0.19718099856770333,,,,,0.5700539377994934
c blend + ETF leg,UPRO unconditional,w=0.25,2024-25H1,373.0,44.02170215000039,,,,2.5861133533210663,3.1463113884836753,1.7588235672540766,-0.2407749853300687,,,,,0.5516695433563888
c blend + ETF leg,UPRO unconditional,w=0.25,2025H2-26,312.0,52.41200594480689,,,,2.8700259961973003,3.1934701210144723,2.360988661469634,-0.25023539035150844,,,,,0.5595748551174118
c blend + ETF leg,UPRO unconditional,w=0.25,2024-26,685.0,47.84327117770788,,,,2.7204263388409937,4.485201785185725,2.018406503712916,-0.2502353903515079,,,,,0.5419055879384299
c blend + ETF leg,UPRO unconditional,w=0.5,2024-25H1,373.0,46.21285227080832,,,,2.377902458870063,2.892998320216078,1.8331647839355165,-0.32676715921810684,,,,,0.5516695433563888
c blend + ETF leg,UPRO unconditional,w=0.5,2025H2-26,312.0,55.83282863665939,,,,2.807141603618926,3.1234988284048364,2.5907544624394054,-0.2921746329037046,,,,,0.5595748551174118
c blend + ETF leg,UPRO unconditional,w=0.5,2024-26,685.0,50.5945057396339,,,,2.577293549472546,4.249216920156268,2.156068897136412,-0.32676715921810684,,,,,0.5419055879384299
c blend + ETF leg,UPRO unconditional,w=-0.25,2024-25H1,373.0,39.639401908384535,,,,2.953810501370158,3.5936582624844444,1.5601355357896365,-0.1494372399214814,,,,,0.5516695433563888
c blend + ETF leg,UPRO unconditional,w=-0.25,2025H2-26,312.0,45.570360561101914,,,,2.9200190828019994,3.2490972925247408,1.9126153002867907,-0.16210739667887286,,,,,0.5595748551174118
c blend + ETF leg,UPRO unconditional,w=-0.25,2024-26,685.0,42.3408020538558,,,,2.9307629249306557,4.831986411532619,1.7150555115940964,-0.16210739667887286,,,,,0.5419055879384299
c blend + ETF leg,UPRO unconditional,w=-0.5,2024-25H1,373.0,37.44825178757659,,,,2.9759190743128836,3.6205559445769526,1.440197088731972,-0.1792197840338806,,,,,0.5516695433563888
c blend + ETF leg,UPRO unconditional,w=-0.5,2025H2-26,312.0,42.14953786924942,,,,2.8698397326428196,3.1932628660639404,1.6965869781764567,-0.147361548184204,,,,,0.5595748551174118
c blend + ETF leg,UPRO unconditional,w=-0.5,2024-26,685.0,39.58956749192977,,,,2.9168289032533554,4.809013211336187,1.5538049611605635,-0.1792197840338806,,,,,0.5419055879384299
c blend + ETF leg,SPY skip Fri,w=0.25,2024-25H1,373.0,42.58708035712811,,,,2.7769486164604835,3.378484955419078,1.7086851432808015,-0.16759719832969433,,,,,0.39109388667666073
c blend + ETF leg,SPY skip Fri,w=0.25,2025H2-26,312.0,49.673778927161166,,,,2.8970251000465117,3.223511950444193,2.177261197870493,-0.2177588169387622,,,,,0.469522900043273
c blend + ETF leg,SPY skip Fri,w=0.25,2024-26,685.0,45.81489050873441,,,,2.832419319277636,4.669846047965766,1.9128649619527165,-0.21775881693876198,,,,,0.4157300715798823
c blend + ETF leg,SPY skip Fri,w=0.5,2024-25H1,373.0,43.34360868506379,,,,2.751787061929565,3.3478729617603635,1.7495277927608575,-0.1887013633873521,,,,,0.39109388667666073
c blend + ETF leg,SPY skip Fri,w=0.5,2025H2-26,312.0,50.35637460136797,,,,2.8781594927896244,3.2025202405539384,2.2196657007853804,-0.229074283269186,,,,,0.469522900043273
c blend + ETF leg,SPY skip Fri,w=0.5,2024-26,685.0,46.53774440168701,,,,2.8106262630800134,4.633915556789932,1.9544871299375193,-0.22907428326918544,,,,,0.4157300715798823
c blend + ETF leg,SPY skip Fri,w=-0.25,2024-25H1,373.0,41.0740237012568,,,,2.8064336894135664,3.414357018298079,1.62485300143156,-0.1576369055012361,,,,,0.39109388667666073
c blend + ETF leg,SPY skip Fri,w=-0.25,2025H2-26,312.0,48.308587578747634,,,,2.9261786266185505,3.255951000178712,2.0913763766406848,-0.19474752684014918,,,,,0.469522900043273
c blend + ETF leg,SPY skip Fri,w=-0.25,2024-26,685.0,44.369182722829265,,,,2.8612145466801433,4.7173211085864395,1.8279064166822532,-0.19474752684014907,,,,,0.4157300715798823
c blend + ETF leg,SPY skip Fri,w=-0.5,2024-25H1,373.0,40.31749537332113,,,,2.808231742278721,3.4165445613148866,1.5819725602590569,-0.15388759947837283,,,,,0.39109388667666073
c blend + ETF leg,SPY skip Fri,w=-0.5,2025H2-26,312.0,47.62599190454084,,,,2.9355796022789193,3.2664114402303186,2.04795559841442,-0.18304985123045214,,,,,0.469522900043273
c blend + ETF leg,SPY skip Fri,w=-0.5,2024-26,685.0,43.64632882987667,,,,2.8665809557795257,4.726168776074779,1.7846572738717597,-0.1830498512304518,,,,,0.4157300715798823
c blend + ETF leg,QQQ skip Fri,w=0.25,2024-25H1,373.0,43.140663626021826,,,,2.796486387536912,3.4022549543498726,1.744177145834315,-0.1707945468389005,,,,,0.3732755743149007
c blend + ETF leg,QQQ skip Fri,w=0.25,2025H2-26,312.0,49.874322703326,,,,2.8708840397524713,3.194424863744886,2.185363940453446,-0.2198536063065325,,,,,0.5009336154459699
c blend + ETF leg,QQQ skip Fri,w=0.25,2024-26,685.0,46.20767330794724,,,,2.829465620211788,4.664976246444623,1.9369916333650776,-0.21985360630653228,,,,,0.4304436803547948
c blend + ETF leg,QQQ skip Fri,w=0.5,2024-25H1,373.0,44.45077522285122,,,,2.785284805160204,3.388626910491851,1.8211467779754371,-0.19498684516748588,,,,,0.3732755743149007
c blend + ETF leg,QQQ skip Fri,w=0.5,2025H2-26,312.0,50.757462153697595,,,,2.824053643697216,3.142316809408137,2.2347351438342447,-0.23321358687729143,,,,,0.5009336154459699
c blend + ETF leg,QQQ skip Fri,w=0.5,2024-26,685.0,47.32331000011263,,,,2.801050587269602,4.618128017305399,2.0025262031223954,-0.23321358687729188,,,,,0.4304436803547948
c blend + ETF leg,QQQ skip Fri,w=-0.25,2024-25H1,373.0,40.520440432363074,,,,2.7802033417363217,3.382444711935012,1.5900717990302384,-0.15807986961442955,,,,,0.3732755743149007
c blend + ETF leg,QQQ skip Fri,w=-0.25,2025H2-26,312.0,48.108043802582806,,,,2.9492750049301315,3.281650277516063,2.082204967952253,-0.1926018703536474,,,,,0.5009336154459699
c blend + ETF leg,QQQ skip Fri,w=-0.25,2024-26,685.0,43.97639992361644,,,,2.8592167069751437,4.714027244649217,1.8036433560077456,-0.1926018703536473,,,,,0.4304436803547948
c blend + ETF leg,QQQ skip Fri,w=-0.5,2024-25H1,373.0,39.2103288355337,,,,2.748198894396588,3.3435075334784607,1.513192546461255,-0.16858503076227438,,,,,0.3732755743149007
c blend + ETF leg,QQQ skip Fri,w=-0.5,2025H2-26,312.0,47.224904352211226,,,,2.9773458299323603,3.3128846081582313,2.0286127854030944,-0.17870707794157548,,,,,0.5009336154459699
c blend + ETF leg,QQQ skip Fri,w=-0.5,2024-26,685.0,42.860763231451045,,,,2.8563405772341057,4.709285332668455,1.7360711509666493,-0.1787070779415756,,,,,0.4304436803547948
c blend + ETF leg,IWM 5d ret > 0,w=0.25,2024-25H1,373.0,43.71182376396096,,,,2.8315046856401533,3.4448588371170583,1.783463391365311,-0.16196870296977683,,,,,0.40794914930818127
c blend + ETF leg,IWM 5d ret > 0,w=0.25,2025H2-26,312.0,49.908231015733904,,,,2.9097627013203233,3.237685044742018,2.1958748955548972,-0.21484681232635106,,,,,0.40786066970296975
c blend + ETF leg,IWM 5d ret > 0,w=0.25,2024-26,685.0,46.5341289647685,,,,2.867164055982394,4.727130140855552,1.9642574472344698,-0.21484681232635117,,,,,0.3978271253232366
c blend + ETF leg,IWM 5d ret > 0,w=0.5,2024-25H1,373.0,45.59309549872944,,,,2.8545546511823217,3.4729018341482396,1.9027670452249485,-0.16196870296977706,,,,,0.40794914930818127
c blend + ETF leg,IWM 5d ret > 0,w=0.5,2025H2-26,312.0,50.82527877851341,,,,2.9017087781082136,3.228723466286319,2.2571835460692795,-0.22334001333679443,,,,,0.40786066970296975
c blend + ETF leg,IWM 5d ret > 0,w=0.5,2024-26,685.0,47.97622131375513,,,,2.876060900290508,4.741798482138512,2.0591416912503124,-0.22334001333679432,,,,,0.3978271253232366
c blend + ETF leg,IWM 5d ret > 0,w=-0.25,2024-25H1,373.0,39.94928029442396,,,,2.7448929172825363,3.339485423066847,1.5537358827111283,-0.16196870296977717,,,,,0.40794914930818127
c blend + ETF leg,IWM 5d ret > 0,w=-0.25,2025H2-26,312.0,48.0741354901749,,,,2.9113422265367275,3.239442578154837,2.0730720815169716,-0.19775034870704455,,,,,0.40786066970296975
c blend + ETF leg,IWM 5d ret > 0,w=-0.25,2024-26,685.0,43.649944266795174,,,,2.822049779571237,4.652749654897277,1.7783992486171925,-0.1977503487070449,,,,,0.3978271253232366
c blend + ETF leg,IWM 5d ret > 0,w=-0.5,2024-25H1,373.0,38.06800855965548,,,,2.6777696798471826,3.2578221015022537,1.4433709636937064,-0.16196870296977695,,,,,0.40794914930818127
c blend + ETF leg,IWM 5d ret > 0,w=-0.5,2025H2-26,312.0,47.1570877273954,,,,2.903667727336031,3.230903183764805,2.011674482324668,-0.1891473931972638,,,,,0.40786066970296975
c blend + ETF leg,IWM 5d ret > 0,w=-0.5,2024-26,685.0,42.20785191780855,,,,2.783582007403864,4.589327345704842,1.6875402059871543,-0.1891473931972636,,,,,0.3978271253232366
c blend + ETF leg,DIA only Tue,w=0.25,2024-25H1,373.0,41.980743358539854,,,,2.789798421459295,3.394118256161923,1.6750790426450402,-0.1622029622901453,,,,,0.1908660551108486
c blend + ETF leg,DIA only Tue,w=0.25,2025H2-26,312.0,49.58143082812983,,,,2.9371318016100023,3.268138568204852,2.1791392631613817,-0.2060668289590315,,,,,0.16928369052076722
c blend + ETF leg,DIA only Tue,w=0.25,2024-26,685.0,45.442662322791044,,,,2.85821977122488,4.712383583895401,1.8939090298994459,-0.20606682895903117,,,,,0.1799607978206322
c blend + ETF leg,DIA only Tue,w=0.5,2024-25H1,373.0,42.13093468788724,,,,2.7820588607697174,3.384702169311667,1.6827926781323717,-0.16243722161051388,,,,,0.1908660551108486
c blend + ETF leg,DIA only Tue,w=0.5,2025H2-26,312.0,50.17167840330525,,,,2.959646589964193,3.2931907119782315,2.2241774166900816,-0.20581875249845516,,,,,0.16928369052076722
c blend + ETF leg,DIA only Tue,w=0.5,2024-26,685.0,45.79328802980026,,,,2.8651638484881334,4.723832373113815,1.9170808524574925,-0.20581875249845494,,,,,0.1799607978206322
c blend + ETF leg,DIA only Tue,w=-0.25,2024-25H1,373.0,41.68036069984506,,,,2.7993544553356524,3.40574429651909,1.6588826166769226,-0.1617344436494087,,,,,0.1908660551108486
c blend + ETF leg,DIA only Tue,w=-0.25,2025H2-26,312.0,48.40093567777897,,,,2.887781649554737,3.2132267882192966,2.090223930947799,-0.20656888180444688,,,,,0.16928369052076722
c blend + ETF leg,DIA only Tue,w=-0.25,2024-26,685.0,44.74141090877263,,,,2.839135959768405,4.680919859261271,1.8473276796377216,-0.20656888180444688,,,,,0.1799607978206322
c blend + ETF leg,DIA only Tue,w=-0.5,2024-25H1,373.0,41.53016937049767,,,,2.8010194867842,3.407770003320388,1.6504019169429642,-0.1615001843290399,,,,,0.1908660551108486
c blend + ETF leg,DIA only Tue,w=-0.5,2025H2-26,312.0,47.81068810260356,,,,2.860952556785444,3.183374129655861,2.0463464565508,-0.20682285151769064,,,,,0.16928369052076722
c blend + ETF leg,DIA only Tue,w=-0.5,2024-26,685.0,44.39078520176342,,,,2.826939079143493,4.660810705790915,1.823925038873854,-0.20682285151769042,,,,,0.1799607978206322
c blend + ETF leg,TQQQ skip Fri,w=0.25,2024-25H1,373.0,45.620588975217984,,,,2.7564617263235394,3.3535602413999865,1.887772515744432,-0.2208519331632537,,,,,0.37443390024763773
c blend + ETF leg,TQQQ skip Fri,w=0.25,2025H2-26,312.0,51.693964337621836,,,,2.7772860925079583,3.0902786823828783,2.2869782348885415,-0.24642929743496833,,,,,0.5021160856705792
c blend + ETF leg,TQQQ skip Fri,w=0.25,2024-26,685.0,48.38685629356836,,,,2.7636959774525867,4.55654099315257,2.0632049884318175,-0.24642929743496855,,,,,0.43169074233597865
c blend + ETF leg,TQQQ skip Fri,w=0.5,2024-25H1,373.0,49.41062592124351,,,,2.6512169427176406,3.2255175704116863,2.103682079339459,-0.2975072214948823,,,,,0.37443390024763773
c blend + ETF leg,TQQQ skip Fri,w=0.5,2025H2-26,312.0,54.39674542228929,,,,2.6226153234071634,2.918176938227192,2.4247079120081687,-0.2849745024348025,,,,,0.5021160856705792
c blend + ETF leg,TQQQ skip Fri,w=0.5,2024-26,685.0,51.68167597135486,,,,2.6355439522759796,4.3452551061242275,2.245989271434324,-0.2975072214948823,,,,,0.43169074233597865
c blend + ETF leg,TQQQ skip Fri,w=-0.25,2024-25H1,373.0,38.04051508316694,,,,2.708448677505356,3.2951467143600843,1.4452524171254182,-0.19006746599559654,,,,,0.37443390024763773
c blend + ETF leg,TQQQ skip Fri,w=-0.25,2025H2-26,312.0,46.28840216828696,,,,2.992234229841022,3.3294508902480175,1.969863394794404,-0.16855424232162985,,,,,0.5021160856705792
c blend + ETF leg,TQQQ skip Fri,w=-0.25,2024-26,685.0,41.79721693799532,,,,2.842893821487529,4.687115494059556,1.6716007707577099,-0.19006746599559654,,,,,0.43169074233597865
c blend + ETF leg,TQQQ skip Fri,w=-0.5,2024-25H1,373.0,34.25047813714141,,,,2.4588184242022115,2.9914421192505447,1.225462588749692,-0.254911498650784,,,,,0.37443390024763773
c blend + ETF leg,TQQQ skip Fri,w=-0.5,2025H2-26,312.0,43.5856210836195,,,,2.9661673156602624,3.30044630572732,1.7958053954987383,-0.14421477658569704,,,,,0.5021160856705792
c blend + ETF leg,TQQQ skip Fri,w=-0.5,2024-26,685.0,38.50239726020881,,,,2.6971058622139514,4.446753016363867,1.4691742053662815,-0.254911498650784,,,,,0.43169074233597865
c blend + ETF leg,SOXL skip Fri,w=0.25,2024-25H1,373.0,48.66758405060416,,,,2.7171552745580367,3.305739314806855,2.0717837452335734,-0.2597106755626596,,,,,0.3359183315261011
c blend + ETF leg,SOXL skip Fri,w=0.25,2025H2-26,312.0,59.05588360650972,,,,2.6693319174629906,2.970158365388659,2.777596568951148,-0.267757913502761,,,,,0.5259636722388806
c blend + ETF leg,SOXL skip Fri,w=0.25,2024-26,685.0,53.39918910380495,,,,2.6795830378484373,4.417862911161025,2.375231784206907,-0.267757913502761,,,,,0.4401224158805368
c blend + ETF leg,SOXL skip Fri,w=0.5,2024-25H1,373.0,55.50461607201587,,,,2.506450227573092,3.0493918163152003,2.4577911029141104,-0.3825582154249506,,,,,0.3359183315261011
c blend + ETF leg,SOXL skip Fri,w=0.5,2025H2-26,312.0,69.12058396006502,,,,2.4061993775688206,2.677371503829892,3.367849906265856,-0.3681243211460906,,,,,0.5259636722388806
c blend + ETF leg,SOXL skip Fri,w=0.5,2024-26,685.0,61.70634159182805,,,,2.435205061717916,4.014953808587174,2.8460530349224533,-0.3825582154249506,,,,,0.4401224158805368
c blend + ETF leg,SOXL skip Fri,w=-0.25,2024-25H1,373.0,34.99352000778075,,,,2.476705521369793,3.013203879017573,1.2634070200730636,-0.24485794746135148,,,,,0.3359183315261011
c blend + ETF leg,SOXL skip Fri,w=-0.25,2025H2-26,312.0,38.92648289939909,,,,2.7171762988285666,3.0233946784226973,1.495655382565249,-0.16482195814477674,,,,,0.5259636722388806
c blend + ETF leg,SOXL skip Fri,w=-0.25,2024-26,685.0,36.78488412775874,,,,2.5887987139760367,4.268185632388298,1.3663815784728466,-0.24485794746135148,,,,,0.4401224158805368
c blend + ETF leg,SOXL skip Fri,w=-0.5,2024-25H1,373.0,28.15648798636904,,,,1.787849393107413,2.1751292916854292,0.877312611095747,-0.3744971580022801,,,,,0.3359183315261011
c blend + ETF leg,SOXL skip Fri,w=-0.5,2025H2-26,312.0,28.861782545843777,,,,1.8012963841909886,2.0042975881149054,0.9064991208484332,-0.2575904774061195,,,,,0.5259636722388806
c blend + ETF leg,SOXL skip Fri,w=-0.5,2024-26,685.0,28.47773163973563,,,,1.7952805552175128,2.9599020698356253,0.8905504962407176,-0.3744971580022801,,,,,0.4401224158805368
c blend + ETF leg,UPRO skip Fri,w=0.25,2024-25H1,373.0,44.15703967223326,,,,2.7252189370801476,3.315549709696787,1.7936141393981524,-0.21194104441898198,,,,,0.39712956459091464
c blend + ETF leg,UPRO skip Fri,w=0.25,2025H2-26,312.0,50.97208178377123,,,,2.8535986200962045,3.175191424300566,2.2562779941105573,-0.24086300449902875,,,,,0.46995321968650483
c blend + ETF leg,UPRO skip Fri,w=0.25,2024-26,685.0,47.26111724712355,,,,2.785356612102879,4.592253159225458,1.9955774108571127,-0.24086300449902853,,,,,0.4198595350587193
c blend + ETF leg,UPRO skip Fri,w=0.5,2024-25H1,373.0,46.48352731527407,,,,2.6177392197163987,3.1847879786464826,1.9131996090624912,-0.2738803325077117,,,,,0.39712956459091464
c blend + ETF leg,UPRO skip Fri,w=0.5,2025H2-26,312.0,52.95298031458805,,,,2.7771165822378348,3.0900900687662904,2.3738535801433254,-0.27424328767878403,,,,,0.46995321968650483
c blend + ETF leg,UPRO skip Fri,w=0.5,2024-26,685.0,49.43019787846525,,,,2.6932826624809025,4.440449657944283,2.1146515462318725,-0.2742432876787838,,,,,0.4198595350587193
c blend + ETF leg,UPRO skip Fri,w=-0.25,2024-25H1,373.0,39.50406438615166,,,,2.7977633118850416,3.4038084831670035,1.5351237920379197,-0.17087148536812546,,,,,0.39712956459091464
c blend + ETF leg,UPRO skip Fri,w=-0.25,2025H2-26,312.0,47.01028472213758,,,,2.944916035214155,3.2768000637671904,2.0092709570015783,-0.17213674473252039,,,,,0.46995321968650483
c blend + ETF leg,UPRO skip Fri,w=-0.25,2024-26,685.0,42.92295598444014,,,,2.865684597326092,4.724690938399815,1.7410361650996298,-0.17213674473252039,,,,,0.4198595350587193
c blend + ETF leg,UPRO skip Fri,w=-0.5,2024-25H1,373.0,37.17757674311085,,,,2.7044478512208667,3.290279238119699,1.3990832863797888,-0.21917619766248053,,,,,0.39712956459091464
c blend + ETF leg,UPRO skip Fri,w=-0.5,2025H2-26,312.0,45.02938619132076,,,,2.9368207586664914,3.26779247156748,1.881405931689907,-0.15166995707129982,,,,,0.46995321968650483
c blend + ETF leg,UPRO skip Fri,w=-0.5,2024-26,685.0,40.75387535309843,,,,2.814108589862198,4.639656913604875,1.6078491855608021,-0.21917619766248053,,,,,0.4198595350587193
c blend + ETF leg,TNA 5d ret > 0,w=0.25,2024-25H1,373.0,46.91543721530179,,,,2.8416812308085806,3.4572398025212707,1.984376569357885,-0.16196870296977706,,,,,0.4008477150385921
c blend + ETF leg,TNA 5d ret > 0,w=0.25,2025H2-26,312.0,51.850275759213226,,,,2.901278609960796,3.2282448193585176,2.3286593029293896,-0.2316289976325232,,,,,0.4055040298259744
c blend + ETF leg,TNA 5d ret > 0,w=0.25,2024-26,685.0,49.163130099535906,,,,2.8697658448730237,4.731419743558744,2.1365359730886864,-0.23162899763252298,,,,,0.392597136242935
c blend + ETF leg,TNA 5d ret > 0,w=0.5,2024-25H1,373.0,52.00032240141111,,,,2.812812857737911,3.4221180276607064,2.3183932640556613,-0.16323322517774597,,,,,0.4008477150385921
c blend + ETF leg,TNA 5d ret > 0,w=0.5,2025H2-26,312.0,54.70936826547205,,,,2.857728287378624,3.179786493855201,2.5229724976274497,-0.25661703646519296,,,,,0.4055040298259744
c blend + ETF leg,TNA 5d ret > 0,w=0.5,2024-26,685.0,53.23422358328997,,,,2.835287509946145,4.6745748706958565,2.4100576167455317,-0.2566170364651926,,,,,0.392597136242935
c blend + ETF leg,TNA 5d ret > 0,w=-0.25,2024-25H1,373.0,36.74566684308312,,,,2.6264986437515834,3.1954448493374237,1.3683440164992775,-0.1675957438188872,,,,,0.4008477150385921
c blend + ETF leg,TNA 5d ret > 0,w=-0.25,2025H2-26,312.0,46.13209074669558,,,,2.878892377059097,3.2033357188875224,1.9417110753689535,-0.1806849055358124,,,,,0.4055040298259744
c blend + ETF leg,TNA 5d ret > 0,w=-0.25,2024-26,685.0,41.02094313202779,,,,2.7451972961758835,4.526041980148159,1.614147497029205,-0.1806849055358125,,,,,0.392597136242935
c blend + ETF leg,TNA 5d ret > 0,w=-0.5,2024-25H1,373.0,31.6607816569738,,,,2.308582904140514,2.8086629200642967,1.0893626375995153,-0.24466194377047235,,,,,0.4008477150385921
c blend + ETF leg,TNA 5d ret > 0,w=-0.5,2025H2-26,312.0,43.272998240436756,,,,2.7858602390639153,3.0998191119385434,1.751482412822995,-0.16200948811449423,,,,,0.4055040298259744
c blend + ETF leg,TNA 5d ret > 0,w=-0.5,2024-26,685.0,36.94984964827371,,,,2.5369627644254114,4.182723037742081,1.3684658308495092,-0.24466194377047235,,,,,0.392597136242935
c blend + ETF leg,SMH skip Fri,w=0.25,2024-25H1,373.0,45.67594867577805,,,,2.895516518449836,3.5227367686115074,1.9145471223202057,-0.17760744718995347,,,,,0.3399920130565712
c blend + ETF leg,SMH skip Fri,w=0.25,2025H2-26,312.0,51.90292470125205,,,,2.854455123996783,3.176144453861502,2.32107087931021,-0.22598861294746586,,,,,0.5232728097328769
c blend + ETF leg,SMH skip Fri,w=0.25,2024-26,685.0,48.51217717205234,,,,2.8700822665925703,4.731941432104807,2.0931408737606088,-0.22598861294746597,,,,,0.4356487815049948
c blend + ETF leg,SMH skip Fri,w=0.5,2024-25H1,373.0,49.52134532236367,,,,2.948265736729327,3.5869124034471738,2.1765449158825736,-0.20835918619544502,,,,,0.3399920130565712
c blend + ETF leg,SMH skip Fri,w=0.5,2025H2-26,312.0,54.81466614954969,,,,2.7760867216027103,3.0889441456382642,2.505896720929834,-0.24539520344887455,,,,,0.5232728097328769
c blend + ETF leg,SMH skip Fri,w=0.5,2024-26,685.0,51.93231772832285,,,,2.8555966882551886,4.7080588733710345,2.322533753343401,-0.24539520344887433,,,,,0.4356487815049948
c blend + ETF leg,SMH skip Fri,w=-0.25,2024-25H1,373.0,37.98515538260686,,,,2.638336321877242,3.209846778569232,1.4342329148626978,-0.1677473672202464,,,,,0.3399920130565712
c blend + ETF leg,SMH skip Fri,w=-0.25,2025H2-26,312.0,46.07944180465675,,,,2.935276710522784,3.2660744133969724,1.9475784145353376,-0.18638215119974666,,,,,0.5232728097328769
c blend + ETF leg,SMH skip Fri,w=-0.25,2024-26,685.0,41.67189605951134,,,,2.7790486848618765,4.581853198705217,1.6559110868868459,-0.18638215119974688,,,,,0.4356487815049948
c blend + ETF leg,SMH skip Fri,w=-0.5,2024-25H1,373.0,34.13975873602124,,,,2.419994588728281,2.9442083522003197,1.2158127652174517,-0.21214622857412757,,,,,0.3399920130565712
c blend + ETF leg,SMH skip Fri,w=-0.5,2025H2-26,312.0,43.16770035635912,,,,2.900426652173175,3.2272968482451065,1.7616865168090903,-0.17186608475584375,,,,,0.5232728097328769
c blend + ETF leg,SMH skip Fri,w=-0.5,2024-26,685.0,38.25175550324084,,,,2.645713430805252,4.362021655764875,1.4496003629025074,-0.21214622857412757,,,,,0.4356487815049948
c blend + ETF leg,XLK only Tue,w=0.25,2024-25H1,373.0,42.25820922959091,,,,2.7896067041498953,3.3938850094818585,1.6912765146882216,-0.16140140404360082,,,,,0.22355883670392995
c blend + ETF leg,XLK only Tue,w=0.25,2025H2-26,312.0,50.48341783296681,,,,2.979912093073943,3.31574008217699,2.2498021177491863,-0.2020722376127756,,,,,0.17056635988918512
c blend + ETF leg,XLK only Tue,w=0.25,2024-26,685.0,46.00458161536211,,,,2.8788622910345474,4.7464171709766445,1.9326554350465446,-0.20207223761277537,,,,,0.1985400666559223
c blend + ETF leg,XLK only Tue,w=0.5,2024-25H1,373.0,42.685866429989346,,,,2.77753023573167,3.379192563743495,1.7147277742550142,-0.1608341051174248,,,,,0.22355883670392995
c blend + ETF leg,XLK only Tue,w=0.5,2025H2-26,312.0,51.975652412979215,,,,3.0413519033480156,3.38410399198513,2.3684565249089755,-0.19781226557239595,,,,,0.17056635988918512
c blend + ETF leg,XLK only Tue,w=0.5,2024-26,685.0,46.917126614942404,,,,2.9022757042057123,4.7850191654703975,1.9950657793102442,-0.19781226557239584,,,,,0.1985400666559223
c blend + ETF leg,XLK only Tue,w=-0.25,2024-25H1,373.0,41.402894828794004,,,,2.7949677934917028,3.400407405891569,1.6422447432898548,-0.16253600189595296,,,,,0.22355883670392995
c blend + ETF leg,XLK only Tue,w=-0.25,2025H2-26,312.0,47.49894867294199,,,,2.8412265546496904,3.161425060723711,2.0224508808652786,-0.21054619841688582,,,,,0.17056635988918512
c blend + ETF leg,XLK only Tue,w=-0.25,2024-26,685.0,44.17949161620156,,,,2.8141851920619145,4.639783208633714,1.809095274635634,-0.21054619841688593,,,,,0.1985400666559223
c blend + ETF leg,XLK only Tue,w=-0.5,2024-25H1,373.0,40.97523762839557,,,,2.7873337205786854,3.3911196573418407,1.6167055810522002,-0.1631033008221291,,,,,0.22355883670392995
c blend + ETF leg,XLK only Tue,w=-0.5,2025H2-26,312.0,46.00671409292959,,,,2.7642161539765473,3.075735797322304,1.9136267499802866,-0.21476023954370949,,,,,0.17056635988918512
c blend + ETF leg,XLK only Tue,w=-0.5,2024-26,685.0,43.266946616621276,,,,2.772684270805284,4.571360107647861,1.7479952502027976,-0.2147602395437096,,,,,0.1985400666559223
c blend + ETF leg,XLF only Mon,w=0.25,2024-25H1,373.0,42.02633315725923,,,,2.789190430313575,3.393378563347059,1.6776951030199174,-0.1642446433123158,,,,,0.22917106289875377
c blend + ETF leg,XLF only Mon,w=0.25,2025H2-26,312.0,48.53654907677377,,,,2.881219744520142,3.205925374332218,2.097960199928793,-0.21026037130371955,,,,,0.07998412301087694
c blend + ETF leg,XLF only Mon,w=0.25,2024-26,685.0,44.99157018921329,,,,2.8311438957608086,4.6677432408605455,1.8615369427271204,-0.21026037130371955,,,,,0.1633384111453422
c blend + ETF leg,XLF only Mon,w=0.5,2024-25H1,373.0,42.22211428532599,,,,2.780770596971452,3.3831348447183154,1.6880332106779998,-0.1665205836548549,,,,,0.22917106289875377
c blend + ETF leg,XLF only Mon,w=0.5,2025H2-26,312.0,48.08191490059314,,,,2.8483480124149123,3.169349087412471,2.061649885762871,-0.21421115980921268,,,,,0.07998412301087694
c blend + ETF leg,XLF only Mon,w=0.5,2024-26,685.0,44.89110376264475,,,,2.8113034037534175,4.635031967300231,1.8521900075848534,-0.21421115980921268,,,,,0.1633384111453422
c blend + ETF leg,XLF only Mon,w=-0.25,2024-25H1,373.0,41.63477090112569,,,,2.799868355073762,3.4063695160580854,1.6562747129162325,-0.15969276262723797,,,,,0.22917106289875377
c blend + ETF leg,XLF only Mon,w=-0.25,2025H2-26,312.0,49.44581742913503,,,,2.944174187052446,3.275974611335092,2.171232058962557,-0.202380739487801,,,,,0.07998412301087694
c blend + ETF leg,XLF only Mon,w=-0.25,2024-26,685.0,45.19250304235038,,,,2.866465101839543,4.725977766198492,1.8795461315470523,-0.2023807394878011,,,,,0.1633384111453422
c blend + ETF leg,XLF only Mon,w=-0.5,2024-25H1,373.0,41.43898977305893,,,,2.801931332329808,3.4088793707891414,1.6451939926443275,-0.15741682228469922,,,,,0.22917106289875377
c blend + ETF leg,XLF only Mon,w=-0.5,2025H2-26,312.0,49.90045160531567,,,,2.974170088320976,3.3093509691035825,2.2081902497492196,-0.19845204434640595,,,,,0.07998412301087694
c blend + ETF leg,XLF only Mon,w=-0.5,2024-26,685.0,45.29296946891893,,,,2.881810244193171,4.751277499146873,1.888201339717015,-0.19845204434640584,,,,,0.1633384111453422
c blend + ETF leg,XLE 5d ret > 0,w=0.25,2024-25H1,373.0,42.91648410740874,,,,2.839031451733065,3.4540160342856083,1.7369514419022516,-0.16196870296977695,,,,,0.1404845542095751
c blend + ETF leg,XLE 5d ret > 0,w=0.25,2025H2-26,312.0,50.34472538931065,,,,3.018881169692096,3.359100867754711,2.247585665963614,-0.1875032284736392,,,,,-0.16337304044307965
c blend + ETF leg,XLE 5d ret > 0,w=0.25,2024-26,685.0,46.29985823872756,,,,2.923685746038924,4.820318175952751,1.9587338086429669,-0.18750322847363898,,,,,-0.018748873491081296
c blend + ETF leg,XLE 5d ret > 0,w=0.5,2024-25H1,373.0,44.002416185625016,,,,2.871837319490968,3.4939282350417074,1.8071881481684242,-0.16590077856386476,,,,,0.1404845542095751
c blend + ETF leg,XLE 5d ret > 0,w=0.5,2025H2-26,312.0,51.698267525666886,,,,3.1138063699403182,3.464723879924519,2.3624020341323155,-0.16950029663327748,,,,,-0.16337304044307965
c blend + ETF leg,XLE 5d ret > 0,w=0.5,2024-26,685.0,47.50767986167328,,,,2.986352645907552,4.923637897258852,2.047689733455608,-0.16950029663327737,,,,,-0.018748873491081296
c blend + ETF leg,XLE 5d ret > 0,w=-0.25,2024-25H1,373.0,40.74461995097618,,,,2.741343881062995,3.3351676026351385,1.5977225269353315,-0.16196870296977695,,,,,0.1404845542095751
c blend + ETF leg,XLE 5d ret > 0,w=-0.25,2025H2-26,312.0,47.63764111659815,,,,2.79847560579726,3.1138561961956044,2.023203074327687,-0.2247902397797511,,,,,-0.16337304044307965
c blend + ETF leg,XLE 5d ret > 0,w=-0.25,2024-26,685.0,43.88421499283612,,,,2.7647544505647508,4.558286111343961,1.783536622859311,-0.22479023977975132,,,,,-0.018748873491081296
c blend + ETF leg,XLE 5d ret > 0,w=-0.5,2024-25H1,373.0,39.65868787275989,,,,2.6764640345306585,3.2562336302454065,1.5288528114854576,-0.16196870296977683,,,,,0.1404845542095751
c blend + ETF leg,XLE 5d ret > 0,w=-0.5,2025H2-26,312.0,46.284098980241914,,,,2.676754230298517,2.9784171526959797,1.9138169889593453,-0.24292773642004784,,,,,-0.16337304044307965
c blend + ETF leg,XLE 5d ret > 0,w=-0.5,2024-26,685.0,42.67639336989039,,,,2.670435033894378,4.402780479749516,1.6974466668946957,-0.24292773642004784,,,,,-0.018748873491081296
